block_key,min_n,State,City,n,n_unsolved,expected_unsolved,smr,z,p_value,n_priority,white_share,black_share,q_value,flag
county,20,Louisiana,Orleans,7847,3912,2798.565847375031,1.3978588367571685,26.599244944820786,0.00019998000199980003,38,0.1167325092391997,0.8649165286096597,0.0024037596240375964,cold
county,20,Georgia,Fulton,6387,2884,1936.4698377507946,1.48930798909306,26.428859725866122,0.00019998000199980003,215,0.14983560356975106,0.8399874745576953,0.0024037596240375964,cold
county,20,Missouri,St. Louis city,5955,3264,2308.452807042771,1.4139340384356078,26.308309788379002,0.00019998000199980003,41,0.1346767422334173,0.8597816960537363,0.0024037596240375964,cold
county,20,Michigan,Wayne,19038,7070,5630.479111384572,1.2556657897379961,23.57761182362796,0.00019998000199980003,500,0.15831494904926988,0.830024162201912,0.0024037596240375964,cold
county,20,Virginia,Richmond,2892,1299,764.2989330122996,1.6995967727971375,22.93504167985856,0.00019998000199980003,131,0.13865836791147995,0.8437067773167358,0.0024037596240375964,cold
county,20,District of Columbia,District of Columbia,7115,4674,3894.0032663088205,1.2003071595855515,18.967811820442897,0.00019998000199980003,9,0.07069571328179902,0.9173576950105411,0.0024037596240375964,cold
county,20,Maryland,Baltimore city,9336,4381,3587.022694922014,1.2213471652136418,17.21095765668597,0.00019998000199980003,35,0.09715081405312767,0.8947086546700943,0.0024037596240375964,cold
county,20,New Jersey,Essex,4812,2314,1760.6847001474925,1.314261434660139,16.998286406079536,0.00019998000199980003,71,0.1872402327514547,0.8023690773067331,0.0024037596240375964,cold
county,20,Texas,Dallas,11148,4292,3529.546690633986,1.2160201794154648,16.094341246525605,0.00019998000199980003,163,0.5026910656620022,0.4839433082167205,0.0024037596240375964,cold
county,20,Indiana,Lake,3094,1494,1096.5141843722297,1.3624994745100691,15.259110985856674,0.00019998000199980003,20,0.2323852617970265,0.7485455720749838,0.0024037596240375964,cold
county,20,Illinois,Cook,22338,9102,8081.432105878019,1.126285524737586,14.870031463382608,0.00019998000199980003,362,0.2708836959441311,0.7213268869191513,0.0024037596240375964,cold
county,20,Pennsylvania,Allegheny,2542,959,650.6040095684041,1.4740148936926762,14.370771799491814,0.00019998000199980003,93,0.2769472856018883,0.7179386309992132,0.0024037596240375964,cold
county,20,Massachusetts,Suffolk,2673,1505,1152.5105161471067,1.3058449176075904,14.186710490118324,0.00019998000199980003,7,0.3337074448185559,0.6341189674523008,0.0024037596240375964,cold
county,20,Maryland,Prince George's,3642,1741,1366.2669747863401,1.2742751103035785,13.12223120229715,0.00019998000199980003,21,0.18094453596924767,0.799835255354201,0.0024037596240375964,cold
county,20,Michigan,Genesee,1875,750,524.6009518150905,1.4296580999425204,11.960406702942745,0.00019998000199980003,83,0.25066666666666665,0.7386666666666667,0.0024037596240375964,cold
county,20,Mississippi,Hinds,1987,497,310.6759019379025,1.5997378518895866,11.7310430825875,0.00019998000199980003,287,0.14141922496225465,0.8470055359838953,0.0024037596240375964,cold
county,20,Pennsylvania,Delaware,999,421,272.5948383504544,1.544416624128269,10.859014591939568,0.00019998000199980003,51,0.32232232232232233,0.6586586586586587,0.0024037596240375964,cold
county,20,Georgia,Richmond,878,251,137.57670555920276,1.8244367676909394,10.739807771063028,0.00019998000199980003,159,0.2528473804100228,0.7357630979498861,0.0024037596240375964,cold
county,20,New York,Erie,1853,973,763.8819260692562,1.2737570647950955,10.167030623974824,0.00019998000199980003,17,0.2984349703184026,0.6880733944954128,0.0024037596240375964,cold
county,20,Ohio,Mahoning,1119,510,355.54918436203775,1.4344007030000463,10.15334961165814,0.00019998000199980003,17,0.23145665773011617,0.7587131367292225,0.0024037596240375964,cold
county,20,Alabama,Jefferson,3506,983,753.4763854422949,1.3046195195924732,9.701848501632979,0.00019998000199980003,224,0.21192241871078152,0.7592698231602967,0.0024037596240375964,cold
county,20,New York,New York,38431,19210,18291.311592671158,1.0502253981445997,9.609822796139282,0.00019998000199980003,121,0.4230699175145065,0.5366501001795425,0.0024037596240375964,cold
county,20,Ohio,Franklin,3456,1217,980.1407425275547,1.2416584141392188,9.213770515081931,0.00019998000199980003,102,0.38310185185185186,0.6006944444444444,0.0024037596240375964,cold
county,20,Tennessee,Davidson,2889,619,445.46516652594545,1.3895587051786848,9.072150173651032,0.00019998000199980003,445,0.4132917964693666,0.5683627552786431,0.0024037596240375964,cold
county,20,Virginia,Portsmouth,661,246,153.30857763346285,1.6046068902168542,8.712575649626418,0.00019998000199980003,39,0.19062027231467474,0.8048411497730711,0.0024037596240375964,cold
county,20,Louisiana,Jefferson,1700,386,261.2726698669078,1.477383762322436,8.496164301120377,0.00019998000199980003,275,0.38588235294117645,0.6005882352941176,0.0024037596240375964,cold
county,20,Illinois,St. Clair,777,332,228.1438999590208,1.4552219018769899,8.466089678055805,0.00019998000199980003,29,0.15958815958815958,0.8391248391248392,0.0024037596240375964,cold
county,20,Pennsylvania,Lehigh,453,173,102.74584147554128,1.6837664426660301,8.03156959507275,0.00019998000199980003,34,0.7417218543046358,0.24724061810154527,0.0024037596240375964,cold
county,20,Florida,Palm Beach,2642,904,725.226383232086,1.2465073264036273,8.02202410426603,0.00019998000199980003,104,0.5162755488266465,0.47880393641180924,0.0024037596240375964,cold
county,20,North Carolina,Mecklenburg,2660,740,584.4697136625952,1.2661049541177594,7.422517568364372,0.00019998000199980003,172,0.2879699248120301,0.6951127819548872,0.0024037596240375964,cold
county,20,North Carolina,Cumberland,1138,309,220.5840228939184,1.4008267504877356,6.851277455168967,0.00019998000199980003,141,0.3453427065026362,0.6089630931458699,0.0024037596240375964,cold
county,20,North Carolina,Robeson,694,174,115.48733429312156,1.506658726387829,6.146185088705646,0.00019998000199980003,82,0.2132564841498559,0.33285302593659943,0.0024037596240375964,cold
county,20,Wisconsin,Milwaukee,3808,756,627.0417925325058,1.2056612637359558,5.814978459282634,0.00019998000199980003,410,0.27888655462184875,0.7085084033613446,0.0024037596240375964,cold
county,20,Florida,Duval,3295,1218,1071.21076565899,1.1370311418133552,5.583632376919264,0.00019998000199980003,42,0.3590288315629742,0.6218512898330805,0.0024037596240375964,cold
county,20,California,San Francisco,3016,1485,1349.4021476204134,1.1004873548027954,5.092245834885241,0.00019998000199980003,3,0.4366710875331565,0.4373342175066313,0.0024037596240375964,cold
county,20,Texas,Starr,183,65,38.20149858960153,1.7015039304686608,5.0171259411233855,0.00019998000199980003,18,0.994535519125683,0.0,0.0024037596240375964,cold
county,20,Tennessee,Knox,1044,210,153.98080898981513,1.3638063170189616,4.994270771601086,0.00019998000199980003,141,0.5718390804597702,0.41379310344827586,0.0024037596240375964,cold
county,20,South Carolina,Chester,118,23,9.017596162501503,2.550568863977575,4.9544620823883445,0.00019998000199980003,18,0.4406779661016949,0.5423728813559322,0.0024037596240375964,cold
county,20,Tennessee,Lauderdale,45,17,6.313304957908588,2.6927259356772146,4.746438855475065,0.00019998000199980003,14,0.3111111111111111,0.6888888888888889,0.0024037596240375964,cold
county,20,Wisconsin,Racine,279,65,39.77674606631729,1.6341205962807908,4.453829680737392,0.00039996000399960006,44,0.4659498207885305,0.5340501792114696,0.003984131973542977,cold
county,20,New Jersey,Atlantic,661,249,198.41454540710203,1.2549483178720995,4.4312004035859,0.00019998000199980003,23,0.4341906202723147,0.5219364599092284,0.0024037596240375964,cold
county,20,Pennsylvania,Philadelphia,12851,2852,2653.9362216038917,1.0746301952487802,4.364715735935512,0.00019998000199980003,813,0.20792156252431718,0.7757372967084274,0.0024037596240375964,cold
county,20,Virginia,Greensville,26,11,3.689818584922178,2.981176376787099,4.26023039781574,0.0007999200079992001,8,0.3076923076923077,0.5769230769230769,0.006900745332165349,cold
county,20,North Carolina,Guilford,1245,326,267.21905791880687,1.2199728662281768,4.156642955381589,0.00019998000199980003,71,0.321285140562249,0.642570281124498,0.0024037596240375964,cold
county,20,Missouri,Pulaski,59,23,11.175668687142403,2.058042399419149,4.055674189600738,0.000999900009999,10,0.7796610169491526,0.13559322033898305,0.008157555285195461,cold
county,20,Georgia,Clayton,588,188,146.86695973440578,1.2800700738953077,4.012152865922979,0.00019998000199980003,29,0.3622448979591837,0.5952380952380952,0.0024037596240375964,cold
county,20,Connecticut,Fairfield,1555,700,626.3233836583253,1.1176335073286472,3.9091432791205944,0.00039996000399960006,9,0.5009646302250804,0.4778135048231511,0.003984131973542977,cold
county,20,Michigan,Saginaw,818,275,226.95000433137574,1.2117206201876303,3.8601776092626134,0.0005999400059994001,22,0.31907090464547677,0.6687041564792175,0.005547137593932915,cold
county,20,Ohio,Cuyahoga,4823,1362,1247.3155499473592,1.0919450174877408,3.8523390404880753,0.0005999400059994001,149,0.2660170018660585,0.7221646278250052,0.005547137593932915,cold
county,20,Mississippi,Grenada,84,24,11.917677420833583,2.013815205137623,3.8474247401822312,0.0007999200079992001,15,0.21428571428571427,0.7857142857142857,0.006900745332165349,cold
county,20,South Carolina,Spartanburg,705,85,58.18305061355011,1.4609065544632092,3.7732648496442445,0.0007999200079992001,75,0.5234042553191489,0.47092198581560285,0.006900745332165349,cold
county,20,Arkansas,Pulaski,2130,472,407.27282524448384,1.15892829264182,3.677756667489923,0.0013998600139986002,191,0.2863849765258216,0.7089201877934272,0.010649567954596945,cold
county,20,North Carolina,Sampson,155,45,28.096994044032094,1.6015948157827284,3.6681937120549652,0.00039996000399960006,17,0.43870967741935485,0.5225806451612903,0.003984131973542977,cold
county,20,Virginia,Fairfax,547,130,98.39929854616258,1.3211476293096989,3.658221830073732,0.0005999400059994001,63,0.6910420475319927,0.2376599634369287,0.005547137593932915,cold
county,20,South Carolina,Jasper,124,23,11.747670486395172,1.9578349619727593,3.581120968034266,0.0015998400159984002,19,0.3548387096774194,0.6370967741935484,0.011725656702622421,cold
county,20,Mississippi,Coahoma,116,26,13.866739152518335,1.874990198779224,3.5424901330614067,0.0017998200179982,21,0.1206896551724138,0.8620689655172413,0.012980301969803019,cold
county,20,New York,Nassau,952,298,250.96604765051512,1.187411615195783,3.541707176111033,0.000999900009999,32,0.5483193277310925,0.42331932773109243,0.008157555285195461,cold
county,20,Alabama,Mobile,1658,393,337.37270208627086,1.1648838141608282,3.503043280171263,0.0007999200079992001,119,0.27563329312424606,0.6731001206272618,0.006900745332165349,cold
county,20,New Jersey,Camden,1619,679,614.2417566840325,1.105427940401778,3.4168394040943775,0.0005999400059994001,10,0.4126003705991353,0.567016676961087,0.005547137593932915,cold
county,20,South Carolina,Florence,407,51,33.145995729462655,1.5386473954881785,3.3255614210189735,0.0037996200379962005,34,0.3415233415233415,0.6437346437346437,0.02412223566375757,cold
county,20,North Carolina,Lenoir,217,58,39.91007093684465,1.4532672741118804,3.2650672086014008,0.0027997200279972004,23,0.2534562211981567,0.7419354838709677,0.018558438273819675,cold
county,20,Florida,Collier,377,103,78.39518161843068,1.3138562584283207,3.2548956740476815,0.0015998400159984002,39,0.8275862068965517,0.14854111405835543,0.011725656702622421,cold
county,20,North Carolina,Durham,904,234,194.73267736665474,1.2016473206467053,3.239144496252078,0.0023997600239976003,68,0.25995575221238937,0.7278761061946902,0.016266042568675462,cold
county,20,Ohio,Hamilton,2101,643,578.8152103262197,1.1108899498988734,3.2360906574774484,0.000999900009999,43,0.28986197049024276,0.6925273679200381,0.008157555285195461,cold
county,20,South Carolina,Clarendon,124,16,7.553213852021535,2.11830358751431,3.2082884544627426,0.0045995400459954,15,0.2661290322580645,0.7338709677419355,0.02820738334329832,cold
county,20,Mississippi,Harrison,439,79,57.250020859132945,1.379912160982162,3.1735191355443373,0.0021997800219978004,49,0.5170842824601367,0.4328018223234624,0.015254628383315516,cold
county,20,Indiana,St. Joseph,616,212,177.72074361502257,1.192882697245702,3.1260663023931636,0.0021997800219978004,12,0.4383116883116883,0.551948051948052,0.015254628383315516,cold
county,20,South Carolina,Aiken,382,46,30.119627145316088,1.5272433412959254,3.115736662525088,0.004399560043995601,33,0.46596858638743455,0.5340314136125655,0.02716577657302763,cold
county,20,South Carolina,Williamsburg,147,20,10.573920832994208,1.8914459750439248,3.092728006008723,0.008399160083991601,15,0.23809523809523808,0.7619047619047619,0.04440963528280603,cold
county,20,Pennsylvania,Berks,542,179,147.8997259002833,1.2102794573174873,3.0894704518932037,0.003999600039996,19,0.7638376383763837,0.22509225092250923,0.025214261790604153,cold
county,20,Texas,Hidalgo,1157,314,271.51833954673066,1.1564596355597478,3.0875635819164238,0.0027997200279972004,74,0.9878997407087294,0.003457216940363008,0.018558438273819675,cold
county,20,Illinois,Will,316,103,79.95274490258049,1.2882609612152998,3.0679280914950318,0.0035996400359964,21,0.5569620253164557,0.43037974683544306,0.02309662272206943,cold
county,20,Illinois,Jefferson,27,11,5.231541812446295,2.1026306191092727,2.931614450388504,0.012598740125987402,4,0.6296296296296297,0.37037037037037035,0.06073670707795531,
county,20,Arkansas,Jefferson,508,110,86.52943977424158,1.27124364016448,2.849984330155077,0.006999300069993001,49,0.20866141732283464,0.781496062992126,0.03919173300061298,cold
county,20,Alabama,Barbour,61,18,10.09011426752237,1.7839242968672449,2.8078158525716734,0.015398460153984602,10,0.4098360655737705,0.5901639344262295,0.07010965570109656,
county,20,Florida,Miami-Dade,9577,3634,3511.1023528025607,1.0350025817673307,2.7024577858251013,0.005599440055994401,38,0.48324109846507257,0.5050642163516759,0.03342976960582088,cold
county,20,Virginia,Dinwiddie,94,21,12.531191579117744,1.675818286506358,2.6430463916799147,0.0211978802119788,11,0.40425531914893614,0.574468085106383,0.08867697916983243,
county,20,Mississippi,Scott,22,6,2.365941077027352,2.5359887692294527,2.562872034555653,0.039196080391960805,4,0.3181818181818182,0.6818181818181818,0.14134106589341067,
county,20,Indiana,Newton,26,13,7.344143956629532,1.7701178077078605,2.5531446398503084,0.023997600239976002,1,0.8076923076923077,0.15384615384615385,0.09744971448801065,
county,20,Texas,Parker,106,33,22.872408420300864,1.4427864085668471,2.5350782437341937,0.019198080191980802,12,0.9716981132075472,0.02830188679245283,0.08241461568128902,
county,20,New Jersey,Mercer,843,291,259.32124518454907,1.1221602757340856,2.4437717722462513,0.017798220177982202,27,0.33570581257413995,0.641755634638197,0.07807832355450586,
county,20,Ohio,Lucas,1145,316,281.2900402593847,1.1233956229257474,2.4429104058905824,0.017198280171982803,40,0.4183406113537118,0.5755458515283843,0.07637561367016009,
county,20,North Carolina,Perquimans,26,8,3.7422692363580783,2.1377403641287667,2.419195100586869,0.047595240475952406,6,0.4230769230769231,0.5384615384615384,0.16160869788727342,
county,20,Virginia,Culpeper,41,11,5.794686775325759,1.898290697409027,2.4109471544027823,0.04079592040795921,7,0.5365853658536586,0.4634146341463415,0.14507898322593776,
county,20,Kentucky,Oldham,27,13,7.5861335609096905,1.7136529294695289,2.3948251849274795,0.032996700329967,1,0.9259259259259259,0.07407407407407407,0.12524852777880105,
county,20,West Virginia,Hancock,22,7,3.1610312521520068,2.2144671917540997,2.3936941004812433,0.059194080591940805,4,0.9545454545454546,0.045454545454545456,0.18691230701798472,
county,20,Tennessee,Madison,347,69,53.2040065627509,1.296894810330096,2.389315284582676,0.025597440255974404,37,0.28530259365994237,0.7060518731988472,0.10278883024837829,
county,20,Michigan,Clinton,36,13,7.506233340037065,1.7318939354922593,2.3773899760038617,0.0423957604239576,5,0.75,0.19444444444444445,0.14929600789921008,
county,20,Alabama,Cleburne,32,10,5.262240352955502,1.9003312903378817,2.3172157497067656,0.047995200479952004,6,0.875,0.125,0.16266042568675462,
county,20,Michigan,Ottawa,79,24,16.26267461478112,1.4757720097398024,2.257239313763773,0.043195680431956804,10,0.8734177215189873,0.06329113924050633,0.15035098806721645,
county,20,Georgia,Gwinnett,655,192,167.4632282860962,1.146520355334276,2.250439331653135,0.030996900309969003,19,0.5648854961832062,0.35877862595419846,0.1201879812018798,
county,20,Maryland,Repressed,23,8,3.972356923555174,2.0139177203744754,2.2441779306373526,0.06879312068793121,6,0.17391304347826086,0.782608695652174,0.21022711288193216,
county,20,Michigan,Osceola,24,10,5.5710691345843735,1.794987597249777,2.2355690174528373,0.0547945205479452,6,1.0,0.0,0.1780081451314328,
county,20,Kansas,Geary,59,22,14.90027579843682,1.4764827374744305,2.2283339609759785,0.043795620437956206,4,0.4745762711864407,0.5084745762711864,0.15156142735054712,
county,20,Virginia,Danville,206,56,43.23514836154893,1.2952424617976668,2.2274637611899415,0.0405959404059594,13,0.27184466019417475,0.7184466019417476,0.14493956544939565,
county,20,Michigan,Chippewa,26,10,5.637505159487536,1.773834296749278,2.155092991634672,0.062993700629937,3,0.8461538461538461,0.038461538461538464,0.19616173097716136,
county,20,South Carolina,Berkeley,323,33,23.25137620731796,1.4192708296386272,2.141279820883374,0.057394260573942604,26,0.4582043343653251,0.5325077399380805,0.18315372002622746,
county,20,South Carolina,Beaufort,221,24,15.97859785007528,1.502009139048889,2.1260955713118914,0.05679432056794321,20,0.4751131221719457,0.5203619909502263,0.18220669036299217,
county,20,South Carolina,Allendale,55,9,4.692891654270858,1.9177941156620084,2.1257340155993854,0.07579242075792421,7,0.12727272727272726,0.8727272727272727,0.2220653137279465,
county,20,Wisconsin,Ozaukee,22,6,2.8696661068234057,2.0908355803950087,2.078993889593473,0.09819018098190181,4,0.9090909090909091,0.045454545454545456,0.2620346532555016,
county,20,Mississippi,Attala,47,9,4.772572114885817,1.8857755908870797,2.0632366789821353,0.0877912208779122,9,0.2765957446808511,0.723404255319149,0.2420299254478222,
county,20,Texas,Bell,580,152,132.05846522453933,1.1510053501042439,2.031076450318538,0.05019498050194981,30,0.5982758620689655,0.3689655172413793,0.16821849413571655,
county,20,Kansas,Wyandotte,688,212,188.8907245426746,1.122342034069039,2.0258259415722617,0.05219478052194781,17,0.4011627906976744,0.5813953488372093,0.1711039805110398,
county,20,Arizona,Santa Cruz,42,18,12.262878452055233,1.4678446068250182,2.003740761555461,0.0761923807619238,1,0.9761904761904762,0.023809523809523808,0.22215391364089399,
county,20,Georgia,Coffee,104,25,17.557346483825313,1.423905373345068,2.0037300560376337,0.07379262073792621,14,0.4230769230769231,0.5769230769230769,0.2187027198919452,
county,20,North Carolina,New Hanover,350,90,75.0618840219787,1.1990106719629807,1.9961800259228555,0.067993200679932,23,0.36857142857142855,0.6171428571428571,0.2088445329231983,
county,20,Indiana,Cass,26,10,5.855079671041818,1.7079186897247907,1.995198753713558,0.08999100089991001,1,0.9615384615384616,0.038461538461538464,0.24696160520934207,
county,20,Tennessee,Haywood,45,12,7.213049824404345,1.6636513391879921,1.9835716018963598,0.08259174082591741,8,0.17777777777777778,0.8222222222222222,0.23340581302371335,
county,20,Illinois,Jackson,37,15,9.899159979374733,1.5152800875279373,1.9813272660674615,0.08239176082391761,1,0.35135135135135137,0.5135135135135135,0.2332061927245266,
county,20,Wisconsin,Rock,124,23,15.84318055197074,1.4517287058966843,1.9724585037027873,0.07599240075992401,19,0.7258064516129032,0.27419354838709675,0.2220653137279465,
county,20,Alabama,Talladega,111,24,16.812098179694487,1.4275434120999246,1.9428229206503764,0.0831916808319168,15,0.3063063063063063,0.6936936936936937,0.23436656334366562,
county,20,Alabama,Macon,120,28,20.353166018081826,1.3757073457330766,1.9270404094741351,0.074992500749925,16,0.08333333333333333,0.9166666666666666,0.22057337496266682,
county,20,New Jersey,Hudson,1413,462,430.160020610507,1.0740189182256035,1.9035750047959799,0.05959404059594041,43,0.5343241330502477,0.42179759377211606,0.187846250340001,
county,20,Texas,Presidio,22,7,3.7734373795894456,1.8550725229635607,1.8570014936659718,0.13338666133386662,6,1.0,0.0,0.3143740527907994,
county,20,Oklahoma,Beckham,44,13,8.377581038465644,1.551760578657554,1.8412863125007857,0.10898910108989102,4,0.9090909090909091,0.045454545454545456,0.2775527531992564,
county,20,Virginia,Essex,30,6,3.0061437492379683,1.9959125379552953,1.838828722226952,0.14078592140785923,6,0.3333333333333333,0.6666666666666666,0.32753163393338086,
county,20,North Carolina,Dare,42,12,7.533264979853223,1.59293480742978,1.8361515801203236,0.11098890110988902,6,0.9523809523809523,0.047619047619047616,0.27987830587570617,
county,20,Tennessee,Loudon,34,8,4.476668967256201,1.787043013123056,1.8196624126473837,0.12858714128587143,7,0.9117647058823529,0.08823529411764706,0.3079617767666204,
county,20,Alabama,Coosa,38,8,4.4974327403442445,1.778792582763041,1.797271119144473,0.13998600139986,7,0.2631578947368421,0.7368421052631579,0.32693621829526887,
county,20,Alabama,Conecuh,21,7,3.9327901831343657,1.7799068025594798,1.7659540695388225,0.1491850814918508,3,0.6190476190476191,0.38095238095238093,0.3404819011769709,
county,20,Alabama,St. Clair,78,17,11.595505244550697,1.4660853185322944,1.759826488974355,0.12058794120587941,11,0.717948717948718,0.28205128205128205,0.2955842627119402,
county,20,Georgia,Tift,122,30,22.67200073091,1.3232180236788424,1.753983012488984,0.11398860113988601,16,0.3770491803278688,0.5983606557377049,0.28544645535446456,
county,20,Texas,Fort Bend,474,132,116.70638308953696,1.1310435342575034,1.7194616930408713,0.10218978102189781,31,0.6962025316455697,0.25316455696202533,0.2678025802070956,
county,20,Kentucky,Taylor,25,10,6.403264755574406,1.5617033469207144,1.6891011945876746,0.1501849815018498,1,0.84,0.16,0.3414672404134113,
county,20,North Carolina,Warren,36,11,7.22850567455132,1.5217529729175705,1.6599532731853532,0.16098390160983903,5,0.19444444444444445,0.7222222222222222,0.36011659379967714,
county,20,Louisiana,St. Charles,114,25,18.714467116117433,1.3358649137527023,1.6476340722470997,0.12458754124587541,13,0.43859649122807015,0.543859649122807,0.3025643816315419,
county,20,Louisiana,St. John the Baptist,134,27,20.27704776068188,1.3315547864099935,1.6431785219839372,0.13858614138586142,16,0.2462686567164179,0.753731343283582,0.3249295356550171,
county,20,Texas,Rains,24,7,4.08881755634538,1.7119863881274906,1.636694546870672,0.1865813418658134,4,0.9166666666666666,0.08333333333333333,0.39438002272457395,
county,20,Texas,Bandera,25,8,4.929818747594533,1.6227777144755147,1.615023007651466,0.1865813418658134,3,1.0,0.0,0.39438002272457395,
county,20,Indiana,Bartholomew,42,12,8.000760352681331,1.49985744742103,1.6015032834966876,0.1743825617438256,7,0.9285714285714286,0.047619047619047616,0.38203129869273095,
county,20,Ohio,Wood,42,12,8.070034633821184,1.4869824659374438,1.5783447631920282,0.18018198180181982,2,0.9047619047619048,0.047619047619047616,0.3881339464619846,
county,20,Mississippi,Copiah,22,5,2.7139658814068284,1.8423223498329937,1.5706729390011631,0.23717628237176283,2,0.5,0.5,0.45932205920116903,
county,20,Virginia,Fauquier,64,10,6.3447242693132555,1.5761126213735979,1.548248586525161,0.20037996200379962,10,0.65625,0.34375,0.4114864140009689,
county,20,Oklahoma,Okfuskee,27,9,5.819515777035589,1.5465204228013147,1.5407242574442626,0.20457954204579543,3,0.5185185185185185,0.3333333333333333,0.41867981192800136,
county,20,Virginia,Loudoun,88,18,13.065994718077807,1.3776218641123141,1.5330361802585688,0.18318168183181682,9,0.6363636363636364,0.25,0.3912140072887635,
county,20,North Carolina,Chatham,113,24,18.33049203247406,1.3092938235090426,1.5034591652352045,0.16578342165783422,11,0.5132743362831859,0.48672566371681414,0.36901118766051877,
county,20,California,Madera,325,120,107.66667152467947,1.114551033301828,1.4923898171967869,0.1561843815618438,3,0.8307692307692308,0.11076923076923077,0.35112274308728725,
county,20,Kentucky,Jefferson,1935,585,556.1828850152589,1.0518123008836393,1.4767156396397885,0.1521847815218478,22,0.3757105943152455,0.6170542635658914,0.34384606652116745,
county,20,Alabama,Walker,64,16,11.59453064116024,1.3799609915385858,1.4573213508985463,0.201979802019798,6,0.640625,0.359375,0.41429986694163345,
county,20,South Carolina,Sumter,363,36,28.687493940004806,1.2549022258719462,1.4541097053825418,0.1815818418158184,28,0.25068870523415976,0.743801652892562,0.38928901402368676,
county,20,North Carolina,Davidson,217,41,33.505700348589734,1.223672377339986,1.4374195822129987,0.1907809219078092,23,0.7188940092165899,0.271889400921659,0.4009067624706061,
county,20,South Carolina,Edgefield,68,8,5.07444499273095,1.5765270904423745,1.4302014015962807,0.24757524247575244,4,0.3235294117647059,0.6764705882352942,0.4723578435807213,
county,20,Mississippi,Madison,122,18,13.196237652045651,1.3640251467591356,1.4201637643091447,0.21037896210378962,12,0.2786885245901639,0.7131147540983607,0.42571635092383014,
county,20,Virginia,Clarke,22,5,2.814136993355587,1.776743638211437,1.4127419854785357,0.28417158284171584,5,0.7727272727272727,0.22727272727272727,0.5118495143492644,
county,20,Mississippi,Pike,67,12,8.303851407665379,1.4451125641437497,1.3891212346111854,0.23257674232576742,6,0.2537313432835821,0.746268656716418,0.4550996687980173,
county,20,Indiana,Elkhart,230,68,59.042508893139,1.1517125758167417,1.3820643289104209,0.19218078192180782,6,0.6782608695652174,0.30869565217391304,0.40239270736499433,
county,20,Tennessee,Rutherford,174,33,26.637877183960573,1.2388374558566642,1.3773954810607105,0.21157884211578842,16,0.6206896551724138,0.3218390804597701,0.42718550093478896,
county,20,North Carolina,Franklin,124,21,15.977647535474874,1.314336165782484,1.37670805243635,0.23057694230576942,17,0.3548387096774194,0.5806451612903226,0.4523723906173039,
county,20,Louisiana,St. Tammany,303,50,41.88534447879741,1.1937349596184001,1.3731417383655782,0.20637936206379362,38,0.6732673267326733,0.31353135313531355,0.41991268742347865,
county,20,Tennessee,Jefferson,21,5,2.8851554473190726,1.7330088764007745,1.3633488320360485,0.31496850314968505,2,0.9523809523809523,0.047619047619047616,0.5449982832810769,
county,20,Arkansas,Sharp,25,6,3.7232457860044987,1.6114971572797343,1.3555155250358912,0.29717028297170284,2,0.96,0.04,0.5237517303988076,
county,20,North Carolina,Columbus,218,45,37.731007606119505,1.192653015518768,1.3538531303552797,0.19718028197180282,24,0.3348623853211009,0.6284403669724771,0.40811538112243817,
county,20,Oklahoma,Lincoln,49,12,8.516341908710674,1.4090556871285518,1.3486790570791591,0.25937406259374063,5,0.9183673469387755,0.08163265306122448,0.48599376822442364,
county,20,Mississippi,Hancock,51,9,5.9775561707967695,1.505632024667425,1.3441365702128096,0.2635736426357364,9,0.6862745098039216,0.27450980392156865,0.49029262022251385,
county,20,Minnesota,Hennepin,1898,451,427.27587164482054,1.055524147113321,1.3263747723570067,0.19818018198180182,81,0.36037934668071653,0.5252897787144363,0.40836442070078705,
county,20,Mississippi,Lowndes,124,20,15.269564100540396,1.309795084411885,1.3214448749442198,0.24437556244375563,10,0.28225806451612906,0.7096774193548387,0.4682350043422863,
county,20,Minnesota,Clay,23,6,3.7817992463607837,1.586546405331744,1.3028406709851321,0.30416958304169583,2,0.782608695652174,0.08695652173913043,0.5308981202557382,
county,20,Alabama,Henry,30,7,4.510550664574585,1.551916943307455,1.2953380589442194,0.291970802919708,5,0.43333333333333335,0.5333333333333333,0.5196676778521555,
county,20,Florida,Lee,993,253,236.21587679617153,1.0710541705810543,1.2780939526136712,0.20737926207379262,53,0.6646525679758308,0.3323262839879154,0.42106397468361273,
county,20,Illinois,Kankakee,128,37,31.00604931775778,1.1933155243615434,1.2733013932438286,0.24237576242375763,7,0.2578125,0.734375,0.46539243839194355,
county,20,Georgia,Monroe,32,8,5.4287575773866905,1.4736336787856827,1.2606808874658222,0.32016798320167983,6,0.5625,0.40625,0.5518765523065283,
county,20,North Carolina,Edgecombe,122,23,18.24725255114942,1.2604637292944794,1.2511152616363967,0.26017398260173985,11,0.3114754098360656,0.680327868852459,0.4866117122727562,
county,20,Hawaii,Kauai,54,15,11.33607857604319,1.3232088944496083,1.2498768117074017,0.2853714628537146,4,0.5,0.018518518518518517,0.5124748481327166,
county,20,Mississippi,Leflore,203,34,28.044405659802713,1.2123630078826633,1.2365492331735328,0.26217378262173785,23,0.07389162561576355,0.9211822660098522,0.48907072102707083,
county,20,Tennessee,Franklin,33,6,3.791171488397422,1.5826242675549027,1.2357693129289895,0.3351664833516648,6,0.9393939393939394,0.030303030303030304,0.570099216493445,
county,20,North Carolina,Pender,53,12,8.805950810004477,1.3627148571357848,1.2338189247142115,0.31416858314168583,5,0.5283018867924528,0.4716981132075472,0.5446595725042881,
county,20,Florida,Glades,25,8,5.508201434361079,1.4523797096625164,1.232931808130244,0.34196580341965804,3,0.76,0.24,0.5787288062938546,
county,20,Florida,Monroe,163,47,40.49079470529492,1.1607576571929787,1.2245998807830138,0.26117388261173885,12,0.8466257668711656,0.13496932515337423,0.48797565839271,
county,20,Louisiana,Lincoln,71,15,11.27816608400468,1.3300034676093158,1.2176041581683505,0.2923707629237076,11,0.29577464788732394,0.704225352112676,0.5197923779751563,
county,20,North Carolina,Stanly,94,21,16.596913561267463,1.265295497411525,1.2166846601816106,0.2823717628237176,10,0.6276595744680851,0.3617021276595745,0.5104978480107901,
county,20,Texas,Chambers,76,21,16.906852254836775,1.2420999298667346,1.216583548508351,0.28377162283771623,7,0.75,0.23684210526315788,0.5116402359764024,
county,20,Texas,Jackson,29,8,5.514853126799503,1.4506279344274633,1.2122049777041703,0.33296670332966705,0,0.7241379310344828,0.27586206896551724,0.5677689319914889,
county,20,Delaware,New Castle,826,190,176.51311210043724,1.07640728634306,1.1794895331610216,0.2555744425557444,45,0.39588377723970947,0.5883777239709443,0.4840343696722764,
county,20,South Carolina,Anderson,521,46,39.08126365296903,1.177034611993805,1.1766026056925587,0.2823717628237176,36,0.5681381957773513,0.42418426103646834,0.5104978480107901,
county,20,Virginia,Goochland,35,7,4.688911965055513,1.4928836480974805,1.1730325288713892,0.3467653234676532,6,0.6285714285714286,0.34285714285714286,0.5830181194368913,
county,20,Maryland,Harford,203,48,41.42102705531832,1.158831719355857,1.1727215507057973,0.27177282271772824,16,0.6305418719211823,0.3645320197044335,0.49682569736947274,
county,20,Texas,Rockwall,28,9,6.508541266315216,1.3827983309530913,1.1709949646154882,0.34196580341965804,3,0.9285714285714286,0.07142857142857142,0.5787288062938546,
county,20,Illinois,Stephenson,21,6,3.944385383870225,1.5211495368925663,1.1645372779842897,0.3575642435756424,0,0.7142857142857143,0.2857142857142857,0.5923314004687685,
county,20,California,Monterey,1057,457,438.9199267195127,1.041192190602094,1.1638981070281407,0.25417458254174585,2,0.8789025543992431,0.08420056764427625,0.48290492341703667,
county,20,Missouri,Christian,25,6,3.950630719278644,1.5187448350261286,1.1608853557680008,0.35976402359764026,2,1.0,0.0,0.5933664167829793,
county,20,North Carolina,Scotland,164,33,27.606891457818165,1.1953537054478667,1.1530730287208177,0.29057094290570945,16,0.3048780487804878,0.5548780487804879,0.5181992186538024,
county,20,South Carolina,Richland,1159,115,104.28238772305181,1.102774902943453,1.1320421559649143,0.28157184281571845,86,0.21138912855910266,0.7773943054357204,0.5102251583886838,
county,20,Virginia,Isle of Wight,50,8,5.530852051256984,1.4464317479224307,1.125661176303442,0.36276372362763726,7,0.38,0.58,0.5956857866125955,
county,20,Alabama,Montgomery,930,207,193.51568258946838,1.06968074747274,1.1240625925752035,0.28377162283771623,51,0.17311827956989248,0.8118279569892473,0.5116402359764024,
county,20,Texas,Maverick,49,14,10.84028331707598,1.2914791606919285,1.1183290513107338,0.3421657834216578,5,0.9795918367346939,0.02040816326530612,0.5787288062938546,
county,20,Louisiana,Acadia,98,16,12.392536740568724,1.291099662236363,1.1126065144152135,0.3331666833316668,12,0.46938775510204084,0.5102040816326531,0.5677689319914889,
county,20,Wisconsin,Waupaca,21,3,1.652921176562029,1.8149685795905943,1.1011426414470715,0.4443555644435556,3,1.0,0.0,0.6715616787022052,
county,20,Virginia,Halifax,121,21,16.903710651370723,1.2423307777276174,1.0919787662856189,0.34336566343365665,16,0.4380165289256198,0.5619834710743802,0.5796706846169316,
county,20,Missouri,Bates,23,5,3.2209539868224204,1.5523351219719437,1.086328533129628,0.41755824417558246,4,0.9130434782608695,0.08695652173913043,0.6521965450513773,
county,20,Virginia,King George,31,5,3.2139483342346566,1.555718847979135,1.0701185985538184,0.42995700429957007,4,0.5161290322580645,0.4838709677419355,0.6591942846531674,
county,20,Kentucky,Greenup,21,8,5.870140716677576,1.3628293402356284,1.058604467629817,0.40515948405159485,2,1.0,0.0,0.6402301049474369,
county,20,Alabama,Blount,31,6,4.105295823323989,1.4615268322227508,1.0274213870226179,0.42875712428757123,5,0.967741935483871,0.03225806451612903,0.6584745273343193,
county,20,Mississippi,Monroe,35,6,4.085090136533717,1.468755841233683,1.02235724908008,0.4393560643935606,6,0.34285714285714286,0.6571428571428571,0.667407501674075,
county,20,New York,Cattaraugus,43,11,8.435532805555178,1.3040077317648513,1.0211875047464638,0.40475952404759524,3,0.8372093023255814,0.11627906976744186,0.6401591419805387,
county,20,Georgia,Brooks,28,6,4.135808880550529,1.4507440196804555,1.0144129678857616,0.43875612438756123,5,0.25,0.75,0.667407501674075,
county,20,Alabama,Etowah,249,53,46.949373201130356,1.1288755607651855,1.011194441918947,0.34856514348565143,17,0.5542168674698795,0.43775100401606426,0.5851610369689287,
county,20,Washington,Kittitas,20,6,4.285128906046398,1.4001912501474312,1.0036599665617478,0.46835316468353166,3,0.95,0.0,0.6890712233833712,
county,20,New York,Wyoming,27,8,5.939743501802166,1.346859506235031,0.9975251502025265,0.43155684431556846,4,0.6296296296296297,0.37037037037037035,0.6605237608666977,
county,20,Texas,Guadalupe,133,31,26.54780431345757,1.167704855511743,0.9962942126469176,0.37716228377162286,10,0.8421052631578947,0.12030075187969924,0.6118562604171238,
county,20,North Carolina,Rowan,265,57,50.83102129094728,1.1213624781163187,0.9939164614517262,0.3655634436556344,23,0.4981132075471698,0.49433962264150944,0.5986474921990089,
county,20,Mississippi,Jackson,232,33,28.230965721844527,1.1689291937493054,0.9782983866090232,0.37736226377362264,24,0.40948275862068967,0.5517241379310345,0.6118562604171238,
county,20,Indiana,Morgan,28,10,7.8209050339591455,1.2786243991685116,0.9596653965460196,0.46335366463353667,1,1.0,0.0,0.6865208475050771,
county,20,Tennessee,Crockett,31,6,4.245713299355158,1.4131900995084348,0.9554461232630725,0.4627537246275372,5,0.45161290322580644,0.5483870967741935,0.6865208475050771,
county,20,South Carolina,Darlington,253,24,19.97962539343941,1.2012237230374068,0.9553717323035981,0.398960103989601,21,0.308300395256917,0.6877470355731226,0.6348853199410862,
county,20,Mississippi,Clay,34,5,3.409095823856672,1.4666645522282669,0.9454017667249243,0.48775122487751227,3,0.29411764705882354,0.7058823529411765,0.7086345354183358,
county,20,North Carolina,Wayne,393,92,84.59859292417013,1.0874885363928466,0.9402615721264758,0.38776122387761225,24,0.29770992366412213,0.6870229007633588,0.6259028528660115,
county,20,New York,Clinton,55,14,11.283864527841615,1.2407096846525087,0.926916476614351,0.43975602439756023,6,0.8,0.18181818181818182,0.667407501674075,
county,20,North Carolina,Martin,74,16,13.050218292145125,1.2260331315400552,0.9232199076381906,0.43795620437956206,6,0.2972972972972973,0.6621621621621622,0.667407501674075,
county,20,North Carolina,Cleveland,256,58,52.25350328626863,1.1099734247912418,0.9207341263839557,0.39736026397360263,16,0.3671875,0.62109375,0.6340181911012439,
county,20,Arkansas,Carroll,37,9,6.9393999492417935,1.2969421082270016,0.9115440179099371,0.46135386461353867,3,0.9459459459459459,0.0,0.6865208475050771,
county,20,Alabama,De Kalb,46,10,7.761339857107866,1.2884373296502356,0.9025071126779733,0.45755424457554245,4,0.8913043478260869,0.06521739130434782,0.6840549775868184,
county,20,North Carolina,Washington,31,6,4.332207112041285,1.3849753358566623,0.8995982326853001,0.5293470652934706,4,0.1935483870967742,0.8064516129032258,0.7438383688847289,
county,20,Alabama,Morgan,172,33,28.734076030618255,1.1484621939761033,0.8978629214003936,0.43615638436156384,16,0.6395348837209303,0.3488372093023256,0.6664321703422879,
county,20,Virginia,Hopewell,77,16,13.16268335022472,1.2155576165043005,0.8741783362823712,0.45915408459154083,9,0.44155844155844154,0.5584415584415584,0.6847434363263425,
county,20,Mississippi,Lincoln,47,6,4.309715293507699,1.392203333950761,0.8732310464305975,0.4961503849615039,5,0.2765957446808511,0.723404255319149,0.7139338739709429,
county,20,Georgia,Butts,30,7,5.261640231347328,1.3303836241588751,0.8651964915079712,0.5263473652634737,3,0.5666666666666667,0.43333333333333335,0.740830834949292,
county,20,Georgia,Crisp,83,22,18.833133542713014,1.168153985108459,0.8616799915085451,0.46135386461353867,3,0.25301204819277107,0.7228915662650602,0.6865208475050771,
county,20,Tennessee,Cheatham,29,5,3.528021677233812,1.417224852178434,0.8599019076609119,0.5351464853514648,4,0.9310344827586207,0.06896551724137931,0.746802719108894,
county,20,Pennsylvania,Northampton,227,57,51.686582737514954,1.1028007072835264,0.8581124133436465,0.43975602439756023,8,0.8061674008810573,0.16740088105726872,0.667407501674075,
county,20,Iowa,Linn,93,18,15.072285610863275,1.194244885263227,0.8385497300882222,0.48375162483751627,15,0.7204301075268817,0.23655913978494625,0.7056668119595808,
county,20,Arkansas,Ouachita,88,16,13.310715112055203,1.2020390989744176,0.8261674273436844,0.49275072492750727,10,0.2727272727272727,0.7272727272727273,0.7118826578880574,
county,20,Louisiana,Claiborne,44,9,7.070254182253726,1.272938676319434,0.8257261000720506,0.5249475052494751,4,0.18181818181818182,0.8181818181818182,0.7400159124040685,
county,20,Florida,Nassau,98,27,23.650341351736007,1.141632570898099,0.8227687275097707,0.49435056494350565,5,0.7653061224489796,0.23469387755102042,0.7127761664728095,
county,20,Mississippi,Yalobusha,26,4,2.7626019729432154,1.4479103537808915,0.8211462870767315,0.5817418258174183,4,0.5384615384615384,0.46153846153846156,0.7845030007096523,
county,20,Georgia,Fannin,25,5,3.5898109991395977,1.3928309878147889,0.8192618444394024,0.577942205779422,4,1.0,0.0,0.7817177772095257,
county,20,Arkansas,Independence,51,10,7.976951142663382,1.2536117899126498,0.818628276920785,0.5293470652934706,3,0.9411764705882353,0.058823529411764705,0.7438383688847289,
county,20,North Carolina,Pasquotank,75,17,14.273650272423247,1.1910057816705846,0.8171988276760965,0.48695130486951305,7,0.29333333333333333,0.6933333333333334,0.7080429053868806,
county,20,Illinois,Kane,233,71,65.65998231162908,1.0813283449122275,0.8108613436333861,0.46855314468553144,9,0.6909871244635193,0.2918454935622318,0.6890712233833712,
county,20,Arkansas,Clark,31,6,4.461152058119437,1.344944068669395,0.8083654070557224,0.5673432656734326,4,0.5806451612903226,0.41935483870967744,0.7748985888693494,
county,20,Alabama,Randolph,35,7,5.35109845732671,1.308142628251517,0.801806830354013,0.5393460653934606,4,0.2857142857142857,0.6857142857142857,0.7503402437534024,
county,20,Ohio,Washington,30,8,6.375461296022369,1.254811162447363,0.801764781553258,0.5555444455554445,3,0.9,0.06666666666666667,0.7640325212330026,
county,20,Pennsylvania,Lawrence,126,35,31.236273508341426,1.120492173647202,0.7966004236193038,0.49395060493950604,5,0.6746031746031746,0.3253968253968254,0.7127761664728095,
county,20,South Carolina,Barnwell,71,8,6.14536675711024,1.3017937441640783,0.796404000433553,0.5351464853514648,8,0.16901408450704225,0.8169014084507042,0.746802719108894,
county,20,Kentucky,Shelby,31,11,9.05537355762214,1.2147483403090553,0.7963958526796522,0.5505449455054494,0,0.6451612903225806,0.3548387096774194,0.7612212705109856,
county,20,North Carolina,Caswell,70,13,10.689397420100162,1.2161583566492737,0.79248338191593,0.5113488651134886,5,0.4,0.5714285714285714,0.7282424085926055,
county,20,Alabama,Lawrence,43,7,5.347271580585551,1.3090788254359558,0.7915101721163554,0.5529447055294471,6,0.6511627906976745,0.3488372093023256,0.7633685329782489,
county,20,Louisiana,Vermilion,73,15,12.494430731327984,1.2005348881073599,0.7913171896288757,0.503949605039496,9,0.4520547945205479,0.4931506849315068,0.7222743544405495,
county,20,Virginia,Southampton,53,8,6.182108466709252,1.2940568809298836,0.7897968968194533,0.5429457054294571,8,0.37735849056603776,0.5660377358490566,0.7536036234713711,
county,20,Georgia,Rabun,20,4,2.8074752472365967,1.4247676819010988,0.7895570568104867,0.5963403659634037,1,0.9,0.1,0.7986397802028545,
county,20,South Carolina,Oconee,133,11,8.851851664200213,1.242677850611483,0.7667377797661671,0.5455454454554545,6,0.8721804511278195,0.12781954887218044,0.7560479924336544,
county,20,California,Alameda,5551,2510,2482.438620959015,1.011102541995716,0.7635594624757107,0.44935506449355067,5,0.29958566024139793,0.6317780580075663,0.6762831229397929,
county,20,Ohio,Seneca,21,7,5.578833033335648,1.2547426958599297,0.7587746420349589,0.6061393860613938,1,0.9523809523809523,0.047619047619047616,0.807141294733156,
county,20,Arkansas,Arkansas,53,9,7.170073213518402,1.255217308385564,0.7557168663184273,0.5611438856114389,3,0.39622641509433965,0.6037735849056604,0.7699714046860155,
county,20,Virginia,Warren,36,7,5.413139236851448,1.2931498145005318,0.7555133098111578,0.587941205879412,5,0.7777777777777778,0.2222222222222222,0.7899090865876153,
county,20,Indiana,Wayne,82,25,22.09327263294645,1.1315661747060013,0.749134545831307,0.5331466853314668,2,0.7926829268292683,0.17073170731707318,0.7463225727116728,
county,20,Georgia,Douglas,133,27,23.846842934290827,1.1322253463235192,0.7304341616275181,0.5183481651834817,12,0.6616541353383458,0.3233082706766917,0.73358064507521,
county,20,South Carolina,Colleton,161,15,12.588756934651029,1.1915394091621496,0.7295895622382154,0.5449455054494551,11,0.32919254658385094,0.6645962732919255,0.7557974971733596,
county,20,Texas,San Saba,20,4,2.8847042849085622,1.3866239326249656,0.7291243115884241,0.6465353464653535,3,1.0,0.0,0.8416629817162689,
county,20,Texas,Fayette,25,7,5.565324961047164,1.2577881882898874,0.7180760864325357,0.6107389261073892,2,0.76,0.24,0.8120665809525242,
county,20,Indiana,Clay,24,7,5.554273337984629,1.2602908740785799,0.7148281115019955,0.632936706329367,2,0.9166666666666666,0.08333333333333333,0.8326370864007692,
county,20,Texas,Calhoun,37,10,8.276269277012046,1.2082738810560145,0.7130822361072201,0.5997400259974003,2,0.972972972972973,0.02702702702702703,0.8009861236098612,
county,20,Indiana,Hamilton,48,14,11.946762320780753,1.1718656171511632,0.7050539519060852,0.5721427857214278,1,0.8333333333333334,0.10416666666666667,0.7773726018505911,
county,20,Tennessee,Hamilton,801,129,122.16299363997256,1.0559662640568293,0.6842608982723513,0.5255474452554745,76,0.4107365792759051,0.5730337078651685,0.7402828467153285,
county,20,Kentucky,Kenton,116,34,30.828515913496815,1.1028750166048278,0.6838191769008842,0.5545445455454454,3,0.8189655172413793,0.1206896551724138,0.7640325212330026,
county,20,Virginia,Botetourt,39,5,3.776982387446573,1.323808132285268,0.6750398362885984,0.6457354264573543,5,0.8205128205128205,0.1794871794871795,0.8412290273862787,
county,20,Texas,Kendall,27,7,5.627012289522464,1.2439994156462122,0.6745519130882163,0.628937106289371,2,0.9629629629629629,0.0,0.8289280721050702,
county,20,New Hampshire,Cheshire,32,9,7.454738333642858,1.2072858358265177,0.6681605084782775,0.6245375462453755,1,1.0,0.0,0.8261490798829142,
county,20,Tennessee,Bradley,125,19,16.517338502637273,1.1503063884636335,0.667227768126234,0.5705429457054294,9,0.848,0.144,0.7769553860323937,
county,20,Georgia,Lowndes,243,56,51.9092370747064,1.0788060691280492,0.657239006740004,0.537946205379462,14,0.2839506172839506,0.7078189300411523,0.7489706627792818,
county,20,Tennessee,Cocke,85,14,11.96788547294702,1.169797290561186,0.6561119440342557,0.5971402859714029,8,0.7529411764705882,0.10588235294117647,0.7986397802028545,
county,20,Virginia,York,52,8,6.479691650071656,1.2346266507776695,0.6454067186299123,0.6359364063593641,5,0.5192307692307693,0.40384615384615385,0.8335420818383278,
county,20,South Carolina,Dorchester,153,15,12.836943964490079,1.168502413151715,0.6441653275826581,0.6035396460353964,14,0.45751633986928103,0.5228758169934641,0.8054017083498751,
county,20,Virginia,Cumberland,27,3,2.1077372668619647,1.4233273032489724,0.6433736603362632,0.6853314668533147,3,0.37037037037037035,0.6296296296296297,0.8782508548293502,
county,20,North Carolina,Chowan,36,8,6.569123192393359,1.2178185376799613,0.6361837315239856,0.6435356464353564,5,0.3888888888888889,0.5555555555555556,0.8404455716629641,
county,20,Wisconsin,Marathon,56,8,6.544865366843582,1.2223322485024917,0.6259942447861075,0.6361363863613638,6,0.8392857142857143,0.017857142857142856,0.8335420818383278,
county,20,Arkansas,Benton,106,17,14.89309989140974,1.1414682050044873,0.6089076061836544,0.6261373862613738,12,0.9339622641509434,0.018867924528301886,0.8276581432765814,
county,20,South Carolina,Greenville,1014,94,88.73852632164794,1.0592918757663492,0.6029485664478724,0.571942805719428,59,0.5118343195266272,0.480276134122288,0.7773726018505911,
county,20,Louisiana,St. Bernard,30,5,3.9072478142112894,1.279673119737682,0.5998955130977172,0.7019298070192981,4,0.6666666666666666,0.26666666666666666,0.8906259268513684,
county,20,Texas,Cameron,641,160,153.7799782501046,1.0404475395345634,0.5989117806006453,0.5763423657634237,35,0.9781591263650546,0.0031201248049922,0.7813122447153782,
county,20,Missouri,Platte,35,8,6.673711245282847,1.1987333143390955,0.5936710130507658,0.6795320467953204,5,0.8571428571428571,0.11428571428571428,0.873268909744806,
county,20,Florida,Martin,156,38,35.02447914500641,1.0849554633681917,0.5912801313045275,0.6205379462053795,18,0.6923076923076923,0.3076923076923077,0.821461025703597,
county,20,Missouri,Marion,27,7,5.790121315945804,1.2089556708807172,0.5819763818919937,0.7147285271472853,1,0.8518518518518519,0.1111111111111111,0.8987715862560085,
county,20,South Carolina,Cherokee,159,15,13.059659345540041,1.1485751353171856,0.5743626988705176,0.6437356264373563,8,0.5723270440251572,0.41509433962264153,0.8404455716629641,
county,20,Indiana,Steuben,31,8,6.767664803928399,1.1820916419141019,0.5683332827749942,0.7075292470752925,5,1.0,0.0,0.8935824904904467,
county,20,Oklahoma,Mayes,58,11,9.448128421592427,1.1642517448070433,0.566332328794799,0.6857314268573143,8,0.896551724137931,0.017241379310344827,0.8782508548293502,
county,20,Virginia,Chesterfield,282,53,49.49772499038866,1.07075628244109,0.5611689126903096,0.618938106189381,29,0.624113475177305,0.34397163120567376,0.8199451913735887,
county,20,South Carolina,Greenwood,172,18,15.944939160399667,1.128884834173856,0.5522641683006281,0.6457354264573543,15,0.3430232558139535,0.6569767441860465,0.8412290273862787,
county,20,New York,Montgomery,23,5,4.032874178806866,1.2398105614788262,0.5414221220815195,0.7343265673432656,2,0.9565217391304348,0.043478260869565216,0.9074645654008965,
county,20,North Carolina,Vance,195,44,41.044024255917684,1.072019637393527,0.5388346994331369,0.6325367463253675,11,0.26153846153846155,0.7282051282051282,0.8326370864007692,
county,20,Oregon,Clackamas,262,61,57.56353675748947,1.059698611935331,0.5362972586793988,0.6595340465953404,13,0.9580152671755725,0.026717557251908396,0.854881298354708,
county,20,Pennsylvania,Perry,47,13,11.459745072080148,1.134405688628488,0.5361483039443212,0.704929507049295,2,0.9574468085106383,0.02127659574468085,0.8925476834339037,
county,20,Mississippi,Tippah,21,2,1.404887759599435,1.4236012708732297,0.5321832071303643,0.8411158884111589,2,0.9047619047619048,0.09523809523809523,0.9834837527920359,
county,20,Pennsylvania,Clinton,39,11,9.614076453261891,1.1441556610742252,0.5311601152636505,0.7223277672232776,3,0.9743589743589743,0.02564102564102564,0.9011605063560035,
county,20,North Carolina,Rutherford,123,25,22.830741890296167,1.0950147883992258,0.5301056532331879,0.6859314068593141,5,0.7073170731707317,0.2845528455284553,0.8782508548293502,
county,20,Tennessee,Hickman,24,4,3.147574554793248,1.2708197789655675,0.5249640221648886,0.7705229477052294,2,0.9583333333333334,0.041666666666666664,0.9337371165502657,
county,20,Tennessee,Maury,170,27,24.682742086624387,1.0938817050894576,0.5142517742074542,0.692930706929307,12,0.5705882352941176,0.4294117647058823,0.8848116604770118,
county,20,Texas,Cooke,67,16,14.337010837997767,1.115992739406653,0.514082254904656,0.7005299470052995,7,0.9701492537313433,0.029850746268656716,0.8901025330870719,
county,20,Mississippi,Panola,48,7,5.8722085688686345,1.1920557517507677,0.5047752267550193,0.7263273672632736,6,0.2708333333333333,0.7291666666666666,0.9021548258397301,
county,20,South Carolina,Union,78,6,4.95194127280743,1.2116460332330212,0.49399449456853056,0.7465253474652535,6,0.5,0.5,0.9171078810486297,
county,20,New Jersey,Hunterdon,45,10,8.710799653847225,1.1480002292996585,0.4911586342495206,0.7265273472652735,2,0.8666666666666667,0.13333333333333333,0.9021548258397301,
county,20,Tennessee,Lawrence,64,9,7.792607414766389,1.1549407689839084,0.4769514232637761,0.7463253674632536,5,0.890625,0.078125,0.9171078810486297,
county,20,Kentucky,Boyd,35,10,8.80606903881442,1.1355804679617096,0.47388297204562924,0.7653234676532347,0,0.9428571428571428,0.05714285714285714,0.9317206024164634,
county,20,Ohio,Fairfield,34,10,8.875348660163645,1.1267162995955606,0.46801204121900314,0.7711228877112288,2,0.9411764705882353,0.058823529411764705,0.9337371165502657,
county,20,Iowa,Muscatine,33,7,6.019003512643835,1.1629832056577858,0.4620965619353041,0.7849215078492151,3,1.0,0.0,0.9453663852051669,
county,20,Georgia,Screven,23,5,4.1710034133588225,1.1987523155665807,0.46132662547009773,0.8061193880611939,0,0.13043478260869565,0.8695652173913043,0.9612653813983681,
county,20,Maryland,Charles,176,34,31.72476131439592,1.0717180710378311,0.4560788369380054,0.706929307069293,18,0.38636363636363635,0.6022727272727273,0.8935824904904467,
county,20,Ohio,Preble,45,13,11.766561221996085,1.1048257647015984,0.45179350078155195,0.7711228877112288,2,0.9777777777777777,0.022222222222222223,0.9337371165502657,
county,20,Arkansas,Mississippi,257,44,41.40323762690953,1.0627188239840146,0.4516746940403291,0.6997300269973002,21,0.30739299610894943,0.6926070038910506,0.8897131443414191,
county,20,Pennsylvania,Dauphin,546,139,134.69788865972805,1.031938966401618,0.4383856186042747,0.6841315868413159,20,0.4084249084249084,0.5842490842490843,0.8779282925799947,
county,20,Texas,Liberty,170,35,32.841153776313426,1.0657360042339206,0.4336975590182534,0.7273272672732727,14,0.7235294117647059,0.25882352941176473,0.9025265401883762,
county,20,Florida,Hardee,57,14,12.69602019402041,1.1027077608614502,0.4295814708153587,0.7615238476152385,3,0.7719298245614035,0.19298245614035087,0.9289766557850304,
county,20,Alabama,Houston,192,34,31.88462316263884,1.06634473384148,0.4211167350247566,0.7343265673432656,16,0.34375,0.640625,0.9074645654008965,
county,20,Alabama,Lee,194,36,33.86223812020964,1.0631311454429382,0.41671455679931024,0.7287271272872713,18,0.36597938144329895,0.6134020618556701,0.9026480593698872,
county,20,South Carolina,Georgetown,125,10,8.831366145250195,1.1323276416727819,0.41613755110544937,0.7687231276872313,6,0.36,0.64,0.9337371165502657,
county,20,Florida,Putnam,172,42,39.78342677802905,1.0557159953650619,0.41575067664042326,0.7473252674732527,10,0.5406976744186046,0.4476744186046512,0.9171078810486297,
county,20,North Carolina,Forsyth,813,172,167.3454636813923,1.0278139378039517,0.41437792085821307,0.7223277672232776,54,0.35670356703567035,0.6322263222632226,0.9011605063560035,
county,20,Texas,Galveston,797,204,199.09876190527217,1.0246171199048428,0.4127313018917102,0.7093290670932907,33,0.5796737766624843,0.4065244667503137,0.8944807825297135,
county,20,Texas,Red River,39,8,7.034324909474133,1.1372804217822317,0.41137645748936097,0.8073192680731927,3,0.5641025641025641,0.41025641025641024,0.9619798416197985,
county,20,Texas,Bee,43,9,7.979064639794272,1.1279517595476016,0.4112218026341115,0.8189181081891811,4,0.9534883720930233,0.046511627906976744,0.9688381555545234,
county,20,Tennessee,Grainger,31,4,3.3039758913247734,1.2106625870069974,0.408306457210208,0.8541145885411459,4,0.967741935483871,0.0,0.9933525022739506,
county,20,Florida,Washington,36,9,8.0606049491293,1.1165415073433382,0.3952335719722919,0.82991700829917,1,0.8333333333333334,0.1388888888888889,0.975450043000915,
county,20,Oklahoma,Atoka,31,6,5.216326025401009,1.1502348531864908,0.38592650591538147,0.8581141885811419,2,0.8387096774193549,0.12903225806451613,0.9956112496858422,
county,20,Georgia,Jeff Davis,27,4,3.3501913544174227,1.1939616507951902,0.3855815262973443,0.8809119088091191,2,0.7037037037037037,0.2962962962962963,1.0,
county,20,Mississippi,Lauderdale,293,44,41.79329183476386,1.052800534927009,0.3784495855437334,0.7477252274772522,26,0.310580204778157,0.6860068259385665,0.9171078810486297,
county,20,North Carolina,Cabarrus,269,55,52.608190487367935,1.045464584325636,0.377440200274093,0.7473252674732527,21,0.5539033457249071,0.4275092936802974,0.9171078810486297,
county,20,Alabama,Colbert,73,14,12.837688599750514,1.090538993154272,0.37114575212914375,0.8241175882411759,6,0.5068493150684932,0.4794520547945205,0.972037001662816,
county,20,Alabama,Baldwin,166,29,27.343153788200222,1.060594554111559,0.3620402932770851,0.803919608039196,18,0.6566265060240963,0.3313253012048193,0.959911955824285,
county,20,North Carolina,Hoke,100,20,18.649587756721683,1.072409763738161,0.36110944302084463,0.7875212478752125,11,0.35,0.46,0.9466005399460055,
county,20,Kentucky,Nelson,39,11,10.032949165613726,1.096387494686077,0.3586259381782566,0.8335166483351665,1,0.8974358974358975,0.07692307692307693,0.9777687162968803,
county,20,Missouri,Callaway,32,7,6.223907887664202,1.1246953082120663,0.3565487579039054,0.8603139686031397,3,0.84375,0.125,0.9968805176037666,
county,20,Wisconsin,La Crosse,49,7,6.201041695599569,1.1288425951025929,0.3526179104864432,0.8519148085191481,7,0.8979591836734694,0.04081632653061224,0.9931240877205105,
county,20,Kentucky,McCreary,27,8,7.207710035731824,1.1099225635243986,0.34777512043209513,0.8735126487351265,0,0.9629629629629629,0.037037037037037035,1.0,
county,20,Arkansas,Garland,247,43,41.03892609107862,1.0477857023979897,0.3444324380708242,0.7921207879212079,25,0.6639676113360324,0.32388663967611336,0.9508613719187335,
county,20,North Carolina,Anson,126,21,19.659658704173726,1.068177241324221,0.3397555357857187,0.8135186481351865,9,0.24603174603174602,0.746031746031746,0.9648226498849128,
county,20,New York,Suffolk,1057,382,376.93090574355017,1.013448338088516,0.33823581067763275,0.7601239876012399,8,0.6215704824976348,0.3519394512771996,0.9285254401389129,
county,20,Pennsylvania,Chester,294,71,68.61589487256137,1.0347456683595917,0.33695149783192097,0.7669233076692331,17,0.6496598639455783,0.3333333333333333,0.9330382751198564,
county,20,Virginia,Northampton,52,8,7.182938447977501,1.1137503206995403,0.3322598476430578,0.8487151284871512,7,0.3269230769230769,0.6538461538461539,0.9909090644333626,
county,20,Virginia,New Kent,24,5,4.4025764061677535,1.13569863160019,0.3311529616644691,0.9411058894110589,1,0.6666666666666666,0.3333333333333333,1.0,
county,20,Illinois,Williamson,21,5,4.421956302826719,1.130721259457894,0.32885510243931326,0.9267073292670733,2,0.9047619047619048,0.09523809523809523,1.0,
county,20,South Carolina,York,348,30,28.36357881057793,1.0576944538751851,0.32871287161686624,0.7975202479752025,25,0.5517241379310345,0.4454022988505747,0.9560698185500599,
county,20,Arkansas,Dallas,31,4,3.4650142619082196,1.154396402916148,0.31081246223732895,0.9281071892810719,3,0.3225806451612903,0.6774193548387096,1.0,
county,20,Kansas,Saline,61,12,11.103789821240694,1.0807120985886212,0.3080305518329098,0.8615138486151385,1,0.7377049180327869,0.2459016393442623,0.9976297167971064,
county,20,Mississippi,Marion,44,5,4.402314275471925,1.1357662554575352,0.3046123711101881,0.9189081091890811,5,0.3181818181818182,0.6818181818181818,1.0,
county,20,Connecticut,Hartford,1444,484,478.87502103398344,1.01070212214233,0.29490497674736504,0.7847215278472153,21,0.5152354570637119,0.4515235457063712,0.9453663852051669,
county,20,Alabama,Wilcox,43,5,4.4367521081116985,1.1269504985096006,0.2948303705956318,0.9401059894010599,2,0.20930232558139536,0.7906976744186046,1.0,
county,20,Kansas,Butler,39,9,8.270004015295536,1.0882703301418382,0.29374446242626995,0.9067093290670933,3,0.8717948717948718,0.1282051282051282,1.0,
county,20,Nebraska,Douglas,596,151,148.06444000740368,1.0198262323651077,0.28669526923769056,0.8021197880211979,17,0.43288590604026844,0.5453020134228188,0.959911955824285,
county,20,Wisconsin,Sawyer,22,2,1.6533926379966777,1.2096340300772639,0.28486578162350595,0.9985001499850015,2,0.5454545454545454,0.0,1.0,
county,20,Oklahoma,Osage,69,15,14.090359240193111,1.0645576698436556,0.28174113954424485,0.8785121487851215,3,0.8260869565217391,0.057971014492753624,1.0,
county,20,Oregon,Wasco,42,9,8.296732726211664,1.0847643641172773,0.2794002216720064,0.8931106889311069,4,0.8571428571428571,0.023809523809523808,1.0,
county,20,Virginia,Chesapeake,365,82,79.87111172684055,1.0266540458387539,0.2763536371224195,0.8351164883511649,23,0.4246575342465753,0.5671232876712329,0.9790084710644671,
county,20,North Carolina,Craven,146,27,25.778435429963444,1.0473870717777027,0.2729470409551343,0.8565143485651435,15,0.3904109589041096,0.5958904109589042,0.9943949584436277,
county,20,Pennsylvania,York,408,98,95.7328770858588,1.0236817589019904,0.27174752399638213,0.8243175682431757,17,0.6887254901960784,0.30637254901960786,0.972037001662816,
county,20,Florida,Manatee,517,123,120.50101482521214,1.020738291527359,0.26632967937880503,0.8327167283271673,27,0.6305609284332688,0.3539651837524178,0.977466315868413,
county,20,Virginia,Caroline,44,7,6.394531584225852,1.0946853429057615,0.2641664783452713,0.9277072292770723,6,0.3409090909090909,0.6363636363636364,1.0,
county,20,Mississippi,Bolivar,69,7,6.384481712477071,1.0964084972347925,0.2623857718080086,0.8933106689331067,6,0.10144927536231885,0.8985507246376812,1.0,
county,20,Ohio,Delaware,46,11,10.290460394879778,1.0689512011992455,0.2586047968700367,0.9135086491350864,3,0.8043478260869565,0.1956521739130435,1.0,
county,20,New Jersey,Union,841,274,270.6268584454423,1.0124641788103885,0.2561022897301506,0.8177182281771823,18,0.4221165279429251,0.5541022592152199,0.9680538183870386,
county,20,Florida,Marion,499,123,120.65227281300267,1.0194586237976309,0.2553314098695304,0.8327167283271673,25,0.6513026052104208,0.3466933867735471,0.977466315868413,
county,20,Florida,Broward,3171,948,941.7025031431092,1.0066873527848463,0.25180948626496863,0.8129187081291871,49,0.5231788079470199,0.4619993692841375,0.9648226498849128,
county,20,Virginia,Amherst,52,7,6.411431169159426,1.0917999141395662,0.25105209839181725,0.9297070292970703,7,0.6730769230769231,0.3269230769230769,1.0,
county,20,Mississippi,Itawamba,25,3,2.6432933192356196,1.1349478236745711,0.2505171754298503,1.0,1,0.72,0.28,1.0,
county,20,Virginia,Brunswick,52,7,6.42038569259979,1.0902771788411838,0.24951346260491805,0.9273072692730727,5,0.17307692307692307,0.8269230769230769,1.0,
county,20,Arkansas,Conway,49,7,6.423700615543996,1.0897145460144082,0.24939858855308322,0.9361063893610639,6,0.5306122448979592,0.46938775510204084,1.0,
county,20,Indiana,Huntington,20,4,3.596118172420064,1.1123104993260378,0.2433583702222288,1.0,1,0.95,0.05,1.0,
county,20,Wisconsin,Grant,20,2,1.711166373722269,1.1687934210917412,0.23468620724984082,1.0,2,0.9,0.1,1.0,
county,20,Kentucky,Grayson,20,6,5.561911946889215,1.0787657297156255,0.23358993353365806,0.9843015698430156,1,0.95,0.0,1.0,
county,20,New York,Madison,29,6,5.521681251384647,1.086625563273035,0.23122210610667165,0.9865013498650135,1,0.9310344827586207,0.034482758620689655,1.0,
county,20,Virginia,James City,57,10,9.39073397265123,1.0648794896248945,0.22274780642610023,0.9417058294170583,7,0.2982456140350877,0.631578947368421,1.0,
county,20,North Carolina,Caldwell,188,33,31.94595579317756,1.0329946054407158,0.21431910487888703,0.9107089291070893,19,0.8457446808510638,0.15425531914893617,1.0,
county,20,Oregon,Columbia,31,6,5.583015497576932,1.074688043155897,0.1989248757614885,1.0,2,1.0,0.0,1.0,
county,20,Louisiana,Sabine,39,5,4.608153220867093,1.0850333659389857,0.195513382082993,0.9869013098690131,4,0.5641025641025641,0.4358974358974359,1.0,
county,20,South Carolina,Fairfield,83,6,5.565410273563506,1.0780876350663413,0.19431676308624393,0.9471052894710529,5,0.24096385542168675,0.7590361445783133,1.0,
county,20,Virginia,Smyth,70,10,9.47565356716417,1.0553361759291031,0.1881626533818815,0.9669033096690332,6,0.9571428571428572,0.02857142857142857,1.0,
county,20,South Carolina,McCormick,26,2,1.7647981014114436,1.1332741112994442,0.18628382922494183,1.0,2,0.2692307692307692,0.7307692307692307,1.0,
county,20,New York,Tompkins,56,11,10.470362800514119,1.0505844171378547,0.18484246233967253,0.9555044495550445,4,0.8214285714285714,0.16071428571428573,1.0,
county,20,Pennsylvania,Columbia,41,9,8.538273476818507,1.0540772703562478,0.1810304071037849,0.9753024697530247,5,0.975609756097561,0.024390243902439025,1.0,
county,20,Nevada,Douglas,24,6,5.659312558472086,1.0601994390675418,0.17365713966430488,1.0,4,0.9166666666666666,0.0,1.0,
county,20,Ohio,Athens,22,4,3.70643633719654,1.079203751554385,0.16867156889868765,1.0,4,0.7272727272727273,0.09090909090909091,1.0,
county,20,Virginia,Prince George,35,6,5.647970955544632,1.062328409127136,0.16586525338356903,0.9923007699230078,2,0.5714285714285714,0.3142857142857143,1.0,
county,20,Indiana,Sullivan,21,5,4.690239052448399,1.066043744058184,0.16511155831653043,1.0,1,0.9047619047619048,0.09523809523809523,1.0,
county,20,West Virginia,Preston,23,4,3.712932456463903,1.077315584622698,0.16446012820168135,1.0,3,1.0,0.0,1.0,
county,20,Louisiana,St. James,39,7,6.628896564307268,1.0559826861216854,0.16325280898372865,0.9977002299770023,3,0.28205128205128205,0.6410256410256411,1.0,
county,20,Virginia,Accomack,80,12,11.511515209247936,1.0424344477571148,0.16011310826155836,0.9657034296570343,10,0.3625,0.6375,1.0,
county,20,Georgia,Pulaski,27,4,3.721584757321049,1.0748109369620715,0.15864037181151647,1.0,3,0.5555555555555556,0.4444444444444444,1.0,
county,20,Tennessee,White,32,4,3.7219648077219816,1.0747011878514212,0.15565346518170434,1.0,2,0.875,0.125,1.0,
county,20,Illinois,DuPage,105,26,25.35434253037107,1.0254653603758614,0.15264929999648436,0.9625037496250375,5,0.9428571428571428,0.047619047619047616,1.0,
county,20,Alabama,Cullman,51,8,7.62488591475796,1.0491960259386972,0.15127448606027358,0.9995000499950005,6,1.0,0.0,1.0,
county,20,Michigan,Midland,31,6,5.6923347418442365,1.0540490452703215,0.1479461033419264,1.0,3,0.9354838709677419,0.0,1.0,
county,20,Texas,Medina,71,15,14.52147066387555,1.0329532281681955,0.14709281927605938,0.9835016498350165,4,1.0,0.0,1.0,
county,20,Georgia,Fayette,39,6,5.685077652948492,1.0553945550573398,0.14625819954017677,1.0,4,0.6666666666666666,0.3333333333333333,1.0,
county,20,Wisconsin,Douglas,32,5,4.720296354603494,1.0592555264297596,0.1441643405169038,1.0,3,0.96875,0.03125,1.0,
county,20,Oregon,Lincoln,57,12,11.578531382626235,1.0364008701488847,0.14245404737729286,1.0,3,0.9824561403508771,0.0,1.0,
county,20,Oregon,Umatilla,95,21,20.455436860669746,1.0266219266319998,0.1398113824021203,0.9519048095190481,8,0.9368421052631579,0.0,1.0,
county,20,Louisiana,Concordia,36,5,4.721837183662201,1.058909870357296,0.13859590514553033,1.0,3,0.2777777777777778,0.7222222222222222,1.0,
county,20,Virginia,Lancaster,23,3,2.7973074108654643,1.0724598906602918,0.13172041264089498,1.0,3,0.43478260869565216,0.5652173913043478,1.0,
county,20,Oklahoma,Kiowa,22,5,4.770068340000179,1.0482030116993695,0.11996315048360348,1.0,1,0.7727272727272727,0.18181818181818182,1.0,
county,20,Ohio,Trumbull,214,52,51.28492393387493,1.0139432022371149,0.11818945188189622,0.9797020297970203,7,0.5654205607476636,0.411214953271028,1.0,
county,20,South Carolina,Calhoun,48,3,2.8184021033753903,1.0644329268726855,0.11263849186741795,1.0,3,0.3958333333333333,0.6041666666666666,1.0,
county,20,Louisiana,Vernon,102,13,12.63731375353377,1.02869963138842,0.11012317549042591,0.9841015898410159,12,0.6862745098039216,0.29411764705882354,1.0,
county,20,Georgia,Paulding,56,9,8.719779341337793,1.0321362098389082,0.10709994190154686,1.0,3,0.8392857142857143,0.14285714285714285,1.0,
county,20,South Carolina,Lee,53,5,4.782762430441071,1.045420940872218,0.10602272340823858,1.0,4,0.09433962264150944,0.8679245283018868,1.0,
county,20,Virginia,Mecklenburg,98,14,13.655495759832583,1.0252282484815214,0.10379984901674186,1.0,7,0.336734693877551,0.6632653061224489,1.0,
county,20,Wisconsin,Washington,40,5,4.794436717562228,1.0428753771396722,0.10152315423752505,1.0,3,0.975,0.025,1.0,
county,20,Wisconsin,Monroe,34,4,3.8330286888311393,1.0435611952645671,0.09289163109375198,1.0,3,0.9705882352941176,0.0,1.0,
county,20,Ohio,Fulton,25,5,4.8323706803722875,1.0346888371599006,0.0921105754850409,1.0,1,1.0,0.0,1.0,
county,20,Ohio,Lake,73,17,16.68534221170908,1.0188583359153465,0.0895327896732588,1.0,8,0.8493150684931506,0.1506849315068493,1.0,
county,20,Indiana,Warrick,23,5,4.8330057073734105,1.034552885458384,0.08737338991010442,1.0,0,1.0,0.0,1.0,
county,20,Utah,Summit,20,4,3.8494019202778675,1.0391224618372044,0.08678598197136375,1.0,1,0.9,0.0,1.0,
county,20,Kentucky,Bullitt,27,7,6.812117358081439,1.0275806525405304,0.08493689312840337,1.0,2,0.9629629629629629,0.037037037037037035,1.0,
county,20,North Carolina,Granville,109,17,16.722397867425975,1.0166006176132654,0.07593861708303251,1.0,8,0.3211009174311927,0.6605504587155964,1.0,
county,20,Ohio,Scioto,117,27,26.66808625002347,1.0124461030635912,0.0750561545564298,1.0,3,0.8888888888888888,0.1111111111111111,1.0,
county,20,New York,Chenango,30,5,4.855424338858212,1.029776112457307,0.07279014641219546,1.0,2,0.9333333333333333,0.06666666666666667,1.0,
county,20,Texas,Grimes,55,10,9.800585197600444,1.0203472342088695,0.07275855286761507,1.0,3,0.509090909090909,0.4727272727272727,1.0,
county,20,Georgia,Irwin,20,4,3.8853812820618776,1.0294999923089394,0.06651377065832763,1.0,1,0.3,0.7,1.0,
county,20,Indiana,Daviess,20,5,4.876777292965144,1.0252672409733796,0.06597614638055438,1.0,0,1.0,0.0,1.0,
county,20,Arkansas,Faulkner,105,16,15.770578129418674,1.014547461018779,0.06541074056084004,1.0,3,0.638095238095238,0.3238095238095238,1.0,
county,20,Georgia,Chatham,1170,359,358.0486163941248,1.002657135266871,0.061845680105282255,0.9695030496950305,18,0.24102564102564103,0.7401709401709402,1.0,
county,20,Texas,Hutchinson,27,5,4.882522383670699,1.0240608454192035,0.06079231503031552,1.0,1,0.8148148148148148,0.1111111111111111,1.0,
county,20,Virginia,Nottoway,39,5,4.883657914355973,1.023822734451164,0.057308858319909284,1.0,5,0.5897435897435898,0.41025641025641024,1.0,
county,20,South Carolina,Bamberg,65,5,4.894350116885941,1.0215860902042044,0.0507680420770538,1.0,3,0.15384615384615385,0.8461538461538461,1.0,
county,20,North Carolina,Yadkin,41,6,5.890640101424511,1.0185650280262484,0.04964325174277986,1.0,5,0.9024390243902439,0.0975609756097561,1.0,
county,20,Tennessee,Warren,58,7,6.889047793034539,1.0161055940238424,0.04563147049223425,1.0,6,0.8793103448275862,0.1206896551724138,1.0,
county,20,West Virginia,Putnam,47,7,6.915467680067539,1.01222365917147,0.035613996414064895,1.0,6,0.9148936170212766,0.02127659574468085,1.0,
county,20,New York,Chautauqua,68,14,13.896594782561255,1.0074410471814654,0.03180294131519043,1.0,4,0.8088235294117647,0.17647058823529413,1.0,
county,20,Kansas,Barton,24,5,4.939583462669232,1.0122310996033097,0.03115905208216123,1.0,0,0.9583333333333334,0.041666666666666664,1.0,
county,20,Tennessee,Tipton,55,7,6.957008167536767,1.0061796438106605,0.017885858877680436,1.0,7,0.509090909090909,0.45454545454545453,1.0,
county,20,Wisconsin,Jefferson,33,5,4.976515930202864,1.0047189781217436,0.01234927071077076,1.0,3,1.0,0.0,1.0,
county,20,Wisconsin,Oconto,26,3,2.9833250059707908,1.0055893990751381,0.01058481266735542,1.0,2,0.9615384615384616,0.038461538461538464,1.0,
county,20,New Mexico,McKinley,121,39,38.95857979691861,1.0010631856524879,0.008291872488922901,1.0,1,0.24793388429752067,0.008264462809917356,1.0,
county,20,Arkansas,Drew,49,6,5.983223963170497,1.002803845708061,0.007424754257484291,1.0,3,0.4897959183673469,0.5102040816326531,1.0,
county,20,Virginia,Pittsylvania,140,18,17.990090197620674,1.0005508478429217,0.0025566123766186215,1.0,10,0.5071428571428571,0.4857142857142857,1.0,
county,20,Ohio,Montgomery,1726,496,496.11633034706233,0.9997655180046564,-0.006401196263235395,1.0,59,0.34414831981460026,0.6477404403244496,1.0,
county,20,Pennsylvania,Elk,33,6,6.014064372286709,0.997661419729473,-0.006439942670217293,1.0,5,1.0,0.0,1.0,
county,20,Texas,Bosque,23,5,5.022675878806686,0.9954852992002994,-0.012026018847498174,1.0,4,0.9565217391304348,0.0,1.0,
county,20,Oklahoma,McClain,37,7,7.032222860069341,0.9954178272346416,-0.014004598215767532,1.0,2,0.972972972972973,0.02702702702702703,1.0,
county,20,Alabama,Choctaw,23,2,2.0209096059326637,0.9896533690219095,-0.01549115000672084,1.0,2,0.21739130434782608,0.782608695652174,1.0,
county,20,Texas,Wilson,50,10,10.048771153909676,0.995146555418301,-0.017949081772302825,1.0,4,0.98,0.02,1.0,
county,20,Texas,Dimmit,33,6,6.044700605735709,0.99260499259578,-0.02077730278815007,1.0,2,1.0,0.0,1.0,
county,20,Georgia,Toombs,89,17,17.0756413849097,0.9955702170592229,-0.020927061698734463,1.0,3,0.47191011235955055,0.5280898876404494,1.0,
county,20,Arkansas,Pike,22,2,2.0359134650715665,0.9823600237987993,-0.027010497036289743,1.0,2,1.0,0.0,1.0,
county,20,Georgia,Camden,52,10,10.087383020043138,0.9913373944590473,-0.03138486484738965,1.0,3,0.46153846153846156,0.5384615384615384,1.0,
county,20,Texas,San Jacinto,46,6,6.076444665379508,0.9874195076908951,-0.03355844171954772,1.0,6,0.8043478260869565,0.1956521739130435,1.0,
county,20,Arkansas,Cross,47,6,6.075966951754041,0.9874971420422044,-0.03385333274746737,1.0,5,0.5106382978723404,0.48936170212765956,1.0,
county,20,Louisiana,East Baton Rouge,2472,658,658.7675976365122,0.9988347975230323,-0.035532207628475664,0.9967003299670033,54,0.17030744336569578,0.8228155339805825,1.0,
county,20,Virginia,Frederick,66,9,9.106433978797027,0.9883122219910843,-0.039021482202546656,1.0,4,0.9393939393939394,0.045454545454545456,1.0,
county,20,West Virginia,Wood,78,13,13.130368825331965,0.9900711985271542,-0.04042274444062602,1.0,6,0.9487179487179487,0.05128205128205128,1.0,
county,20,South Carolina,Dillon,177,11,11.12989248208745,0.9883294036940158,-0.04083540237688888,1.0,10,0.327683615819209,0.6384180790960452,1.0,
county,20,Oklahoma,Wagoner,81,18,18.148445549105926,0.9918204813352051,-0.041168010884530634,1.0,3,0.7407407407407407,0.24691358024691357,1.0,
county,20,Arkansas,Hot Spring,70,9,9.117436060119754,0.9871196179117255,-0.04313164568595176,1.0,5,0.4857142857142857,0.5142857142857142,1.0,
county,20,Colorado,Garfield,34,7,7.1102962481109255,0.984487812566146,-0.047751776250644126,1.0,1,1.0,0.0,1.0,
county,20,Wisconsin,Dane,253,33,33.25092536637144,0.9924535824610399,-0.04814524674161492,1.0,22,0.7114624505928854,0.2490118577075099,1.0,
county,20,Virginia,Madison,20,2,2.0725582948862895,0.9649909510071125,-0.05395207964383018,1.0,0,0.5,0.5,1.0,
county,20,New Hampshire,Sullivan,23,7,7.132777295529309,0.981384909407934,-0.061478510086446066,1.0,0,1.0,0.0,1.0,
county,20,Maryland,Somerset,57,12,12.20381403068489,0.9832991530211435,-0.06669860230883035,1.0,1,0.5087719298245614,0.49122807017543857,1.0,
county,20,Ohio,Shelby,22,4,4.122614351124538,0.9702581079185609,-0.06769508928460863,1.0,2,0.9545454545454546,0.045454545454545456,1.0,
county,20,Tennessee,Sevier,62,7,7.174250444018981,0.9757116864850669,-0.070038238412402,1.0,5,0.967741935483871,0.03225806451612903,1.0,
county,20,Texas,Lee,24,4,4.128126341996835,0.9689625918922679,-0.07077825876923749,1.0,2,0.5416666666666666,0.4583333333333333,1.0,
county,20,Ohio,Gallia,37,9,9.1855171933665,0.979803293656619,-0.07287450843286919,1.0,1,0.8648648648648649,0.08108108108108109,1.0,
county,20,Texas,Hunt,178,38,38.39585386707141,0.9896901923722838,-0.07460137498365058,1.0,11,0.601123595505618,0.39325842696629215,1.0,
county,20,Vermont,Windsor,21,3,3.1225037745637874,0.9607674534898197,-0.07751712789573595,1.0,3,0.9047619047619048,0.047619047619047616,1.0,
county,20,Wisconsin,Vernon,22,3,3.115508207346362,0.962924762299135,-0.07821569976565503,1.0,0,1.0,0.0,1.0,
county,20,Oklahoma,Jefferson,20,4,4.136405249630794,0.9670232384404382,-0.07868957744662325,1.0,1,1.0,0.0,1.0,
county,20,Florida,Jefferson,34,8,8.196043641147586,0.976080698233064,-0.08251836763757876,1.0,2,0.29411764705882354,0.7058823529411765,1.0,
county,20,Minnesota,Ramsey,711,143,143.90818403858398,0.9936891425275682,-0.08650030612411705,0.9963003699630038,46,0.42756680731364277,0.4289732770745429,1.0,
county,20,Virginia,Russell,37,4,4.166281955777453,0.960088645573575,-0.08812134269312359,1.0,3,0.972972972972973,0.02702702702702703,1.0,
county,20,Missouri,Crawford,26,4,4.1659487830338655,0.9601654288910838,-0.0927147870112653,1.0,1,0.8461538461538461,0.11538461538461539,1.0,
county,20,Colorado,Fremont,44,8,8.230590903054347,0.971983675805248,-0.09291517900589338,1.0,4,0.9318181818181818,0.045454545454545456,1.0,
county,20,Tennessee,Robertson,120,17,17.353098236040434,0.9796521502248463,-0.09293398586294255,1.0,11,0.6083333333333333,0.39166666666666666,1.0,
county,20,Missouri,Randolph,22,4,4.173401027970221,0.9584509068723366,-0.09499712563596754,1.0,2,0.7272727272727273,0.22727272727272727,1.0,
county,20,Michigan,Isabella,35,8,8.249456191745152,0.9697608926034699,-0.10584904770193825,1.0,1,0.8285714285714286,0.11428571428571428,1.0,
county,20,Texas,Hamilton,22,4,4.2006695647127295,0.9522291478486115,-0.11255388489377749,1.0,0,1.0,0.0,1.0,
county,20,Kentucky,Scott,20,5,5.222023046078111,0.9574833270326417,-0.11373698255265303,1.0,0,1.0,0.0,1.0,
county,20,Georgia,Hall,191,32,32.57974138219461,0.9822054639601452,-0.11524948876355945,1.0,17,0.7696335078534031,0.19895287958115182,1.0,
county,20,Kentucky,Rockcastle,39,10,10.316044444989936,0.9693637957188692,-0.11599532359711201,1.0,0,1.0,0.0,1.0,
county,20,Wisconsin,Eau Claire,42,5,5.246264209731626,0.9530591293372501,-0.12024227800576526,1.0,5,0.8333333333333334,0.023809523809523808,1.0,
county,20,Ohio,Clark,235,61,61.820339618908605,0.9867302634704761,-0.12545780623178002,0.9823017698230176,6,0.5914893617021276,0.39574468085106385,1.0,
county,20,Maryland,Frederick,147,30,30.618869574357866,0.97978796791126,-0.12913178521608537,0.9889011098890111,13,0.7278911564625851,0.2653061224489796,1.0,
county,20,South Carolina,Orangeburg,410,30,30.683211041013198,0.9777333917203134,-0.13126484088544102,0.9941005899410059,24,0.21707317073170732,0.7707317073170732,1.0,
county,20,Mississippi,Washington,431,65,65.9663515356436,0.9853508415556157,-0.13323206477597188,0.956904309569043,31,0.1345707656612529,0.8584686774941995,1.0,
county,20,Arkansas,Columbia,95,11,11.41555717438774,0.9635972937597741,-0.13402679319685837,1.0,9,0.3368421052631579,0.6631578947368421,1.0,
county,20,Missouri,Newton,32,5,5.275300298592558,0.9478133408507553,-0.134940972370209,1.0,1,0.84375,0.03125,1.0,
county,20,South Carolina,Abbeville,59,4,4.262713982693671,0.9383693150044146,-0.13536290978607035,1.0,3,0.4067796610169492,0.5932203389830508,1.0,
county,20,New York,Orleans,39,9,9.373707885272216,0.9601323307866914,-0.14364601533837945,1.0,1,0.7435897435897436,0.2564102564102564,1.0,
county,20,South Carolina,Lexington,387,24,24.683031472348894,0.9723278936335653,-0.14424897989448823,0.9979002099790021,23,0.7002583979328165,0.2971576227390181,1.0,
county,20,Texas,Matagorda,126,24,24.637444312373542,0.9741270115401782,-0.1472023083838937,0.9793020697930207,6,0.746031746031746,0.21428571428571427,1.0,
county,20,Kentucky,Simpson,23,5,5.295584852233571,0.9441827748055253,-0.14862199854361935,1.0,2,0.7391304347826086,0.2608695652173913,1.0,
county,20,Pennsylvania,Mifflin,23,4,4.291772179320158,0.9320159208995161,-0.1579133528499493,1.0,0,0.9565217391304348,0.043478260869565216,1.0,
county,20,Virginia,Powhatan,26,3,3.2612582923007434,0.9198903402047215,-0.15972685107271425,1.0,1,0.6153846153846154,0.38461538461538464,1.0,
county,20,Michigan,Sanilac,29,5,5.322017620971225,0.9394933192813331,-0.16083820758963155,1.0,2,0.9655172413793104,0.0,1.0,
county,20,Alabama,Sumter,43,7,7.383412000398847,0.9480711627120177,-0.1635527605865093,1.0,4,0.16279069767441862,0.8372093023255814,1.0,
county,20,Texas,Comal,88,18,18.605486232921926,0.9674565756926828,-0.16444462827812006,0.9869013098690131,8,0.9886363636363636,0.0,1.0,
county,20,North Carolina,Rockingham,204,37,37.89426108925574,0.9764011472040738,-0.16721309142549756,0.9595040495950405,18,0.5,0.4950980392156863,1.0,
county,20,Arkansas,Bradley,36,4,4.326620745053462,0.9245090419753382,-0.17009105400893323,1.0,2,0.3333333333333333,0.6666666666666666,1.0,
county,20,Georgia,Ben Hill,44,9,9.466986554276627,0.9506721012436983,-0.17407084188509447,1.0,4,0.36363636363636365,0.6363636363636364,1.0,
county,20,Virginia,Fredericksburg,48,9,9.478469377299662,0.9495203963579218,-0.17572611954040437,1.0,3,0.4166666666666667,0.5833333333333334,1.0,
county,20,Iowa,Des Moines,33,6,6.395020465899034,0.938229991912387,-0.1773638028836002,1.0,2,0.7272727272727273,0.2727272727272727,1.0,
county,20,Texas,Scurry,31,5,5.366741616362823,0.9316640072172184,-0.17744256419273843,1.0,4,0.8064516129032258,0.16129032258064516,1.0,
county,20,Georgia,Harris,31,5,5.3675992676315065,0.9315151431202664,-0.177766333684754,1.0,3,0.41935483870967744,0.5806451612903226,1.0,
county,20,Kentucky,Warren,148,38,38.93926513915797,0.9758787143054369,-0.17861808649059635,0.940905909409059,5,0.6824324324324325,0.28378378378378377,1.0,
county,20,Arkansas,Hempstead,58,10,10.500274735363941,0.9523560337255689,-0.17902306769090828,1.0,2,0.3448275862068966,0.6551724137931034,1.0,
county,20,Tennessee,Greene,76,10,10.521489074277618,0.9504358108822708,-0.17908438752987466,1.0,6,0.9210526315789473,0.039473684210526314,1.0,
county,20,Pennsylvania,Northumberland,56,13,13.560010780800285,0.958701302686779,-0.18017882034323723,1.0,3,0.9107142857142857,0.07142857142857142,1.0,
county,20,Alabama,Elmore,116,15,15.654487647682666,0.9581916915831129,-0.18269957595669437,0.9971002899710029,10,0.4827586206896552,0.5172413793103449,1.0,
county,20,Alabama,Lowndes,50,6,6.419297307019397,0.9346817436604935,-0.18360310768375832,1.0,5,0.14,0.86,1.0,
county,20,Oklahoma,Adair,56,10,10.523752252934885,0.9502314155306326,-0.18627632839853783,1.0,3,0.5714285714285714,0.0,1.0,
county,20,Maine,Lincoln,23,4,4.343782750822342,0.9208563663186748,-0.189548579170097,1.0,0,0.9565217391304348,0.043478260869565216,1.0,
county,20,West Virginia,Berkeley,112,17,17.718054971189076,0.9594732620281013,-0.1898051287676138,0.9747025297470253,10,0.75,0.19642857142857142,1.0,
county,20,Michigan,Barry,37,7,7.463689329115722,0.9378739777784054,-0.2014555272633622,1.0,3,1.0,0.0,1.0,
county,20,Maryland,Wicomico,185,39,40.14221900390754,0.9715456934805633,-0.20677408965348826,0.9091090890910909,9,0.32972972972972975,0.6594594594594595,1.0,
county,20,Louisiana,Jefferson Davis,74,12,12.664965661960773,0.9474956600981559,-0.2095597843711504,0.9731026897310269,4,0.4864864864864865,0.4864864864864865,1.0,
county,20,Colorado,Summit,21,3,3.3514088249619722,0.8951459391213008,-0.2109811494057052,1.0,1,0.9523809523809523,0.047619047619047616,1.0,
county,20,Michigan,Mecosta,20,4,4.397568765119659,0.909593508059938,-0.2189939923559577,1.0,1,0.95,0.05,1.0,
county,20,Michigan,Clare,33,6,6.486872852684471,0.9249449058519796,-0.2216344793573919,1.0,2,1.0,0.0,1.0,
county,20,Tennessee,DeKalb,29,4,4.423754144470294,0.9042093817532811,-0.2286632770042103,1.0,4,0.896551724137931,0.034482758620689655,1.0,
county,20,Mississippi,Wayne,45,3,3.398028240063544,0.8828649405055854,-0.2287615219945588,1.0,2,0.4,0.5777777777777777,1.0,
county,20,Virginia,Fluvanna,25,3,3.375655375424907,0.8887163132351383,-0.23105650523772184,1.0,0,0.56,0.44,1.0,
county,20,Alabama,Perry,28,3,3.3930713432912243,0.8841547071892831,-0.23338642725565287,1.0,1,0.25,0.75,1.0,
county,20,North Carolina,Avery,23,3,3.3936690845163344,0.8839989772979177,-0.23575055530664632,1.0,2,0.9565217391304348,0.043478260869565216,1.0,
county,20,North Dakota,Ward,34,5,5.496057465700971,0.909743035112588,-0.23628849530649731,1.0,1,0.7058823529411765,0.029411764705882353,1.0,
county,20,North Carolina,Northampton,81,11,11.738245936252955,0.9371076445099075,-0.23965747387692204,0.9633036696330367,6,0.19753086419753085,0.8024691358024691,1.0,
county,20,Virginia,Suffolk,222,42,43.40073791994455,0.9677254814761838,-0.24275471539420151,0.8945105489451055,7,0.21621621621621623,0.7837837837837838,1.0,
county,20,Oklahoma,Jackson,64,12,12.748350152846399,0.9412982743747974,-0.24430714242568016,0.9585041495850415,5,0.625,0.34375,1.0,
county,20,Wisconsin,St. Croix,24,3,3.406172019574531,0.8807541083537916,-0.24761570144752584,1.0,2,0.9583333333333334,0.0,1.0,
county,20,Arkansas,Phillips,146,21,22.069417469081557,0.9515430132861562,-0.25487381912830614,0.9169083091690831,10,0.2191780821917808,0.7397260273972602,1.0,
county,20,Minnesota,Blue Earth,26,3,3.439371624150014,0.87225235532418,-0.25706017346692817,1.0,1,0.8461538461538461,0.11538461538461539,1.0,
county,20,Texas,Caldwell,35,7,7.603467799961102,0.920632556638934,-0.25740363939899863,0.9805019498050195,3,0.8571428571428571,0.14285714285714285,1.0,
county,20,Arkansas,Miller,129,17,18.00127184812802,0.9443777163871816,-0.26007285420067855,0.9215078492150784,8,0.5658914728682171,0.43410852713178294,1.0,
county,20,Pennsylvania,Lycoming,77,16,16.93624370814959,0.9447195184314054,-0.26223405630545565,0.9113088691130887,4,0.7142857142857143,0.2857142857142857,1.0,
county,20,Virginia,Prince Edward,64,7,7.684568396708254,0.9109164807484186,-0.2656063576630998,0.9851014898510149,7,0.40625,0.59375,1.0,
county,20,Tennessee,Anderson,84,10,10.805195005194681,0.9254807521004871,-0.26686303117507765,0.9463053694630537,8,0.8452380952380952,0.15476190476190477,1.0,
county,20,Utah,Iron,31,5,5.56064453772562,0.8991763393754114,-0.267333207958432,1.0,3,0.9032258064516129,0.03225806451612903,1.0,
county,20,Alaska,Fairbanks North Star,101,23,24.137660140493445,0.952867836655596,-0.27233692342412646,0.8965103489651035,5,0.5643564356435643,0.1485148514851485,1.0,
county,20,Alabama,Coffee,75,12,12.87001595775708,0.9323997763007669,-0.27333702786270814,0.9261073892610739,4,0.4,0.6,1.0,
county,20,Wisconsin,Chippewa,21,2,2.3800731177555865,0.8403103186535731,-0.2743949949680922,1.0,1,0.9047619047619048,0.047619047619047616,1.0,
county,20,Alabama,Greene,45,6,6.6387810204018995,0.9037803749756413,-0.2753087054987017,0.9797020297970203,1,0.2222222222222222,0.7777777777777778,1.0,
county,20,Mississippi,DeSoto,75,9,9.789082307428767,0.9193915953868376,-0.2757130128279257,0.9567043295670433,8,0.5066666666666667,0.49333333333333335,1.0,
county,20,Wisconsin,Columbia,24,2,2.392844484084694,0.8358253172332827,-0.2758669170363062,1.0,1,0.9583333333333334,0.0,1.0,
county,20,Louisiana,La Salle,23,2,2.4020874275081177,0.8326091619715791,-0.27660454375112564,1.0,2,0.6521739130434783,0.34782608695652173,1.0,
county,20,Kentucky,Madison,103,24,25.20051843859691,0.9523613594886126,-0.27900410803109493,0.8749125087491251,2,0.9320388349514563,0.06796116504854369,1.0,
county,20,North Carolina,Beaufort,120,18,19.09015349065566,0.9428944617344605,-0.28007926516682113,0.9017098290170983,12,0.39166666666666666,0.6083333333333333,1.0,
county,20,Louisiana,East Feliciana,32,5,5.603614640615593,0.8922812007377292,-0.28534360307123185,1.0,2,0.15625,0.8125,1.0,
county,20,Texas,Gray,57,11,11.826365969617832,0.9301251143638898,-0.28641460611419045,0.9355064493550644,4,0.7719298245614035,0.21052631578947367,1.0,
county,20,North Carolina,Greene,49,7,7.714733975819686,0.9073546828627042,-0.2890204615529629,0.9689031096890312,2,0.3877551020408163,0.5714285714285714,1.0,
county,20,North Carolina,Wilkes,121,16,17.104570665834085,0.9354224851699765,-0.29755548770758616,0.8883111688831117,8,0.859504132231405,0.14049586776859505,1.0,
county,20,Missouri,Franklin,96,14,15.027962506523039,0.9315966814478781,-0.2996045286054411,0.8909109089091091,4,0.9479166666666666,0.052083333333333336,1.0,
county,20,North Carolina,Richmond,206,31,32.54028266300789,0.9526653569989144,-0.3022780020205164,0.8565143485651435,18,0.47572815533980584,0.4854368932038835,0.9943949584436277,
county,20,Texas,Hood,38,8,8.765978067204614,0.9126192124447241,-0.30346618653597934,0.9417058294170583,1,0.9736842105263158,0.02631578947368421,1.0,
county,20,Wisconsin,Kenosha,156,22,23.286624976784125,0.9447483275027256,-0.3049768520124435,0.8909109089091091,10,0.782051282051282,0.20512820512820512,1.0,
county,20,Kansas,Leavenworth,60,11,11.940007261079035,0.9212724715718401,-0.3119395693241048,0.9057094290570943,5,0.6166666666666667,0.38333333333333336,1.0,
county,20,Michigan,St. Joseph,53,11,11.93253680517722,0.921849241246621,-0.31374434496764914,0.8941105889411058,5,0.7924528301886793,0.1509433962264151,1.0,
county,20,North Carolina,Buncombe,370,63,65.2633229619195,0.9653201391041623,-0.3183684340892323,0.8111188881111889,29,0.6702702702702703,0.3081081081081081,0.9640391267399299,
county,20,New Jersey,Sussex,54,11,11.929679329152522,0.9220700486994091,-0.3196443296733599,0.9217078292170783,1,0.9629629629629629,0.018518518518518517,1.0,
county,20,South Carolina,Horry,599,55,57.26568323183158,0.9604355854332638,-0.32251178437710243,0.8273172682731726,38,0.5409015025041736,0.4574290484140234,0.9732639260535786,
county,20,Virginia,Buckingham,38,4,4.650747285012865,0.8600768338649765,-0.325359507707711,0.9735026497350265,3,0.5263157894736842,0.47368421052631576,1.0,
county,20,Minnesota,Polk,21,2,2.479558110355334,0.8065953331149756,-0.3272402349282921,1.0,2,0.8095238095238095,0.047619047619047616,1.0,
county,20,Virginia,Orange,38,4,4.645019585460893,0.8611373808885906,-0.32811411936966645,0.9817018298170183,2,0.5526315789473685,0.4473684210526316,1.0,
county,20,Louisiana,St. Mary,138,20,21.394092190552243,0.9348375159770564,-0.33266971420477714,0.8545145485451455,15,0.4782608695652174,0.5,0.9933525022739506,
county,20,Georgia,Cherokee,81,12,13.063037793992834,0.9186224666301064,-0.33643737138118096,0.8743125687431257,7,0.8888888888888888,0.09876543209876543,1.0,
county,20,Arkansas,Greene,44,5,5.729515393300095,0.872674154230711,-0.33656425774397586,0.9551044895510449,5,1.0,0.0,1.0,
county,20,Indiana,Jackson,21,4,4.620431445670078,0.8657200192307799,-0.33923946437863295,0.9789021097890211,0,0.9523809523809523,0.0,1.0,
county,20,Florida,Sumter,69,13,14.111905903715073,0.9212079565083867,-0.3403244336885743,0.8643135686431357,6,0.6811594202898551,0.30434782608695654,0.9989470283740857,
county,20,South Carolina,Saluda,51,3,3.6078605086197726,0.8315177354646905,-0.3411165325176239,1.0,2,0.37254901960784315,0.6274509803921569,1.0,
county,20,Arkansas,St. Francis,129,18,19.354856044233678,0.9299991670753177,-0.34215548116351335,0.8545145485451455,10,0.13953488372093023,0.8449612403100775,0.9933525022739506,
county,20,Colorado,Park,23,4,4.634361498566057,0.8631178213520162,-0.34574425264931197,0.9789021097890211,1,0.9565217391304348,0.043478260869565216,1.0,
county,20,Indiana,Porter,80,16,17.246043389854087,0.9277490284764598,-0.3486426424605789,0.8521147885211479,4,0.8875,0.1,0.9931240877205105,
county,20,Idaho,Bingham,35,4,4.719129574690277,0.84761393742034,-0.3604521650093824,0.9655034496550345,4,0.9714285714285714,0.0,1.0,
county,20,Missouri,Camden,35,6,6.809234299724631,0.8811563438553793,-0.3605635974247574,0.9179082091790821,1,0.9428571428571428,0.05714285714285714,1.0,
county,20,Tennessee,Wilson,52,6,6.871173605997149,0.8732132738959193,-0.3616540471524799,0.9305069493050695,4,0.5961538461538461,0.34615384615384615,1.0,
county,20,Pennsylvania,Mercer,78,17,18.336267066724965,0.9271243671428683,-0.3665955171402443,0.8273172682731726,7,0.6410256410256411,0.358974358974359,0.9732639260535786,
county,20,Alabama,Marengo,41,4,4.750301562140626,0.8420518040116767,-0.370351753890226,0.9719028097190281,4,0.12195121951219512,0.8780487804878049,1.0,
county,20,Nevada,Churchill,23,5,5.730891939848407,0.8724645399843746,-0.37185006672995075,0.9371062893710629,0,0.8260869565217391,0.08695652173913043,1.0,
county,20,Texas,Lamar,115,25,26.626749733348987,0.9389054334592124,-0.37325195648170856,0.8035196480351965,3,0.5565217391304348,0.4434782608695652,0.959911955824285,
county,20,Kentucky,Boone,32,8,8.906822702544654,0.898187857462844,-0.374573142864044,0.9095090490950904,0,0.96875,0.0,1.0,
county,20,Texas,Freestone,39,8,8.92199274753008,0.8966606705900629,-0.3777887395240262,0.8907109289071092,2,0.6153846153846154,0.38461538461538464,1.0,
county,20,Missouri,Jasper,141,27,28.750344088720503,0.9391191951192261,-0.3797712559208362,0.7949205079492051,7,0.900709219858156,0.07092198581560284,0.9535872760029387,
county,20,Nebraska,Madison,37,6,6.876254460560328,0.8725680578596674,-0.3801668136335433,0.8921107889211078,2,0.8648648648648649,0.10810810810810811,1.0,
county,20,New York,Warren,26,4,4.737899890586508,0.8442559134580695,-0.38196165118452274,0.9459054094590541,2,0.9230769230769231,0.0,1.0,
county,20,Maine,Somerset,53,8,9.01508521599249,0.8874014841044697,-0.38222424829556123,0.8631136886311369,3,0.9811320754716981,0.0,0.9982001158447337,
county,20,Georgia,Tattnall,28,3,3.669318700022971,0.8175904698551312,-0.3882200007714923,0.9513048695130487,1,0.5357142857142857,0.42857142857142855,1.0,
county,20,Louisiana,Plaquemines,56,6,6.955051953162204,0.862682269004766,-0.3904024169277052,0.8877112288771123,6,0.5357142857142857,0.39285714285714285,1.0,
county,20,South Carolina,Marion,134,9,10.192940328499475,0.8829640623752096,-0.3961190542004531,0.8631136886311369,7,0.291044776119403,0.7089552238805971,0.9982001158447337,
county,20,Iowa,Clinton,29,4,4.782816366570842,0.8363273212740757,-0.3999789385494877,0.9417058294170583,1,0.896551724137931,0.10344827586206896,1.0,
county,20,Georgia,Cobb,593,154,158.20508794734923,0.9734200207976327,-0.4000768363279208,0.7243275672432756,23,0.5430016863406408,0.42833052276559863,0.9017831136141043,
county,20,Virginia,Giles,21,2,2.5931383031311377,0.7712662288721968,-0.40160934416816313,1.0,1,0.9523809523809523,0.047619047619047616,1.0,
county,20,North Carolina,Harnett,253,39,41.255536090026155,0.9453276746882112,-0.4022762794692091,0.7781221877812219,15,0.5098814229249012,0.4505928853754941,0.9403178985050556,
county,20,Georgia,Dodge,32,3,3.726632643720035,0.8050162940142421,-0.4038623537262255,0.9783021697830216,2,0.46875,0.53125,1.0,
county,20,Louisiana,Lafourche,161,19,20.695985309906035,0.9180524490856562,-0.40734178114631336,0.7989201079892011,11,0.5714285714285714,0.422360248447205,0.9571115978103186,
county,20,Kentucky,Jessamine,26,6,6.88680028866233,0.8712318854196687,-0.40825498833367674,0.8869113088691131,0,0.9615384615384616,0.038461538461538464,1.0,
county,20,Ohio,Columbiana,34,7,7.950787209218432,0.8804159658409604,-0.40926060298831557,0.8589141085891411,2,0.8235294117647058,0.14705882352941177,0.9958984808914607,
county,20,Indiana,Howard,111,24,25.800734526895493,0.9302060751402891,-0.4157581903135417,0.773922607739226,5,0.6936936936936937,0.2972972972972973,0.9364982964790769,
county,20,Virginia,Page,29,3,3.735819763624522,0.8030365996804343,-0.4175888862460837,0.9553044695530447,2,0.9310344827586207,0.034482758620689655,1.0,
county,20,Virginia,Nelson,20,2,2.6118648465689818,0.7657364057819667,-0.41926105854434714,1.0,1,0.65,0.35,1.0,
county,20,Arkansas,Lonoke,70,9,10.193060665563774,0.8829536382929213,-0.42270398286827404,0.8389161083891611,4,0.6428571428571429,0.34285714285714286,0.9815481787317699,
county,20,Louisiana,St. Martin,63,7,8.126614418909195,0.8613673098248931,-0.42807270841910106,0.8491150884911509,7,0.4603174603174603,0.5079365079365079,0.9909090644333626,
county,20,Mississippi,Oktibbeha,51,4,4.890334393798606,0.8179399766756988,-0.42971833926787695,0.8861113888611138,4,0.21568627450980393,0.7647058823529411,1.0,
county,20,North Carolina,Montgomery,81,10,11.30938356512945,0.884221491154769,-0.43077748818124634,0.8097190280971903,4,0.5432098765432098,0.43209876543209874,0.9630101633636109,
county,20,Tennessee,Montgomery,248,34,36.350832592258584,0.9353293329308989,-0.43133712870461977,0.7407259274072593,20,0.5201612903225806,0.45161290322580644,0.9134944234714696,
county,20,Texas,McLennan,667,157,161.6687842222609,0.9711213005978798,-0.4323883680441027,0.7067293270672933,31,0.5862068965517241,0.40929535232383807,0.8935824904904467,
county,20,Texas,Live Oak,20,3,3.6709210935602554,0.8172335834901969,-0.4333023364646718,0.9487051294870513,1,0.95,0.0,1.0,
county,20,Kansas,Shawnee,317,73,76.23910364286219,0.9575138808289826,-0.43374374985063524,0.7187281271872813,9,0.5772870662460567,0.3659305993690852,0.9007851813571242,
county,20,Louisiana,Bienville,23,3,3.7654404918464914,0.7967195356017601,-0.4358524582313437,0.9315068493150684,3,0.43478260869565216,0.5652173913043478,1.0,
county,20,South Carolina,Lancaster,175,14,15.611346593310108,0.8967836256994887,-0.4374292439141027,0.7869213078692131,12,0.3942857142857143,0.6057142857142858,0.9466005399460055,
county,20,Florida,Gadsden,148,31,33.14708807036908,0.9352254392358401,-0.4385592946897131,0.7693230676932307,8,0.24324324324324326,0.7567567567567568,0.9337371165502657,
county,20,Missouri,Greene,305,57,60.02845161856346,0.9495497295547946,-0.44546992224787957,0.720927907209279,19,0.8524590163934426,0.14098360655737704,0.9007851813571242,
county,20,Louisiana,Allen,56,6,7.112668328441584,0.8435652729662182,-0.449012086756066,0.8367163283671633,6,0.4642857142857143,0.48214285714285715,0.979610090938958,
county,20,Tennessee,Fayette,41,4,4.90551413601183,0.8154089233248014,-0.45052131572842663,0.8839116088391161,1,0.21951219512195122,0.7804878048780488,1.0,
county,20,Wisconsin,Polk,26,2,2.679029576741727,0.7465389771591949,-0.4529378681341035,0.9571042895710429,1,0.9615384615384616,0.0,1.0,
county,20,Tennessee,Hardin,43,4,4.945578563982053,0.8088032468296898,-0.45847509694205435,0.8709129087091291,4,0.8372093023255814,0.16279069767441862,1.0,
county,20,Arkansas,Johnson,27,3,3.781193344325019,0.7934003175221208,-0.45935715853010384,0.9183081691830817,1,0.8148148148148148,0.0,1.0,
county,20,Missouri,Cape Girardeau,72,13,14.543973985824426,0.8938409827101389,-0.46021821013024883,0.781921807819218,1,0.5416666666666666,0.4305555555555556,0.9436445913641567,
county,20,Delaware,Kent,169,26,28.181188556981606,0.9226012574816955,-0.4617279263307634,0.7417258274172582,11,0.5680473372781065,0.41420118343195267,0.9137242013503568,
county,20,North Carolina,Johnston,275,46,48.938009962470844,0.9399646621363656,-0.4768470526545156,0.7201279872012799,20,0.52,0.4618181818181818,0.9007851813571242,
county,20,Tennessee,Grundy,24,3,3.8316295642729377,0.7829566897522512,-0.47848672009296644,0.8981101889811018,2,1.0,0.0,1.0,
county,20,Ohio,Ashtabula,69,13,14.606672492681506,0.8900042091389049,-0.4841040784379533,0.7419258074192581,5,0.7971014492753623,0.2028985507246377,0.9137242013503568,
county,20,Kentucky,Whitley,66,16,17.71402835004111,0.9032389292728475,-0.4858533056982613,0.7555244475552445,3,1.0,0.0,0.9247865437488839,
county,20,West Virginia,Lincoln,40,5,6.1125871031328325,0.8179842537437859,-0.4914250991457801,0.813918608139186,5,1.0,0.0,0.9648226498849128,
county,20,Arkansas,Crawford,54,6,7.190763874687465,0.8344037023828405,-0.4931996491146803,0.815918408159184,4,0.9814814814814815,0.0,0.9665577463278638,
county,20,Virginia,Staunton,26,3,3.887859716997504,0.7716327795687093,-0.4938487141515393,0.8757124287571243,2,0.7307692307692307,0.2692307692307692,1.0,
county,20,Oklahoma,Haskell,23,4,4.951983438678184,0.8077571440884517,-0.49425682477241134,0.8195180481951805,1,0.9130434782608695,0.043478260869565216,0.9689121579645315,
county,20,Wisconsin,Outagamie,57,6,7.177878569545475,0.8359015747991315,-0.49470463150319116,0.8081191880811919,3,0.8947368421052632,0.05263157894736842,0.9619798416197985,
county,20,Idaho,Bannock,52,8,9.325726951391633,0.8578419721806457,-0.49590548326115175,0.7595240475952405,4,0.8461538461538461,0.0,0.9284215985181143,
county,20,Florida,Charlotte,86,16,17.814207144324914,0.8981595347114357,-0.4964778136007457,0.7173282671732827,7,0.813953488372093,0.18604651162790697,0.900029830002386,
county,20,Maine,Waldo,31,4,5.00390930143416,0.7993750004328752,-0.4995893949358556,0.8357164283571643,1,1.0,0.0,0.9790751918960151,
county,20,Missouri,Texas,20,2,2.750726420392864,0.727080666827767,-0.5011395940744487,0.9325067493250675,2,1.0,0.0,1.0,
county,20,North Carolina,Halifax,250,38,40.86081655890909,0.9299863096278399,-0.5027998726636969,0.6967303269673033,20,0.216,0.752,0.8886600731723149,
county,20,Tennessee,Williamson,70,9,10.479046126981066,0.8588567977410776,-0.5043036665455723,0.7553244675532447,2,0.7428571428571429,0.24285714285714285,0.9247865437488839,
county,20,Oklahoma,Latimer,31,5,6.093462519860525,0.8205515310389481,-0.5067247163973418,0.8275172482751725,0,0.8064516129032258,0.0,0.9732639260535786,
county,20,North Carolina,Brunswick,128,17,19.000702436745783,0.8947037645894296,-0.5117755698197118,0.7247275272472753,8,0.7109375,0.2890625,0.9017831136141043,
county,20,Louisiana,Beauregard,45,4,5.073204810615045,0.788456242024864,-0.5132250291459237,0.8205179482051795,3,0.7777777777777778,0.15555555555555556,0.9694586242555299,
county,20,Ohio,Huron,20,4,4.914658526136517,0.8138917442031232,-0.517433124381463,0.8465153484651535,1,0.85,0.15,0.9891556534560414,
county,20,Georgia,Baldwin,83,16,17.91436521708362,0.8931379820671497,-0.5228958187879332,0.7237276272372762,6,0.25301204819277107,0.7228915662650602,0.9017831136141043,
county,20,Wisconsin,Brown,129,13,14.853236762708327,0.8752301069244917,-0.5305250742060116,0.7205279472052795,8,0.7209302325581395,0.06976744186046512,0.9007851813571242,
county,20,Mississippi,Newton,38,2,2.8619605889997906,0.6988216426484642,-0.5331670688974011,0.8981101889811018,2,0.18421052631578946,0.7631578947368421,1.0,
county,20,Missouri,Vernon,35,5,6.177526180107508,0.8093854812142592,-0.5349593432037802,0.783921607839216,3,1.0,0.0,0.9453663852051669,
county,20,West Virginia,Summers,26,3,4.003099716298136,0.7494192532316553,-0.5519584711737456,0.8243175682431757,1,0.9615384615384616,0.038461538461538464,0.972037001662816,
county,20,Oklahoma,Pittsburg,87,15,16.97860535285402,0.8834647892607135,-0.5536902451769464,0.6841315868413159,2,0.8045977011494253,0.14942528735632185,0.8779282925799947,
county,20,Tennessee,Macon,24,2,2.853802253704015,0.7008194059010762,-0.5553738253690699,0.8813118688131187,1,0.9583333333333334,0.0,1.0,
county,20,Colorado,Montrose,28,4,5.100654643621215,0.7842130627295708,-0.5571297293048697,0.803919608039196,1,0.9285714285714286,0.03571428571428571,0.959911955824285,
county,20,Wyoming,Uinta,28,4,5.131477608748234,0.7795025731342429,-0.5618673857237317,0.7871212878712128,2,1.0,0.0,0.9466005399460055,
county,20,Alabama,Marion,21,2,2.8756873761850414,0.6954858920211452,-0.5673022029711561,0.8685131486851315,2,0.9523809523809523,0.047619047619047616,1.0,
county,20,Texas,Wood,75,12,13.865009834172096,0.8654880265879409,-0.5673649897293411,0.696930306969303,4,0.8266666666666667,0.17333333333333334,0.8886600731723149,
county,20,North Carolina,Jackson,30,3,4.025252503916607,0.7452948596593563,-0.5679662824933174,0.8061193880611939,2,0.8666666666666667,0.1,0.9612653813983681,
county,20,Missouri,Phelps,36,5,6.277146947892431,0.7965402182720548,-0.5697549166404433,0.7627237276272373,2,0.9444444444444444,0.027777777777777776,0.9291830276431816,
county,20,Oklahoma,Pawnee,29,4,5.129714699447516,0.7797704617823699,-0.5703455520116172,0.7771222877712228,4,0.8620689655172413,0.0,0.9397394264597685,
county,20,Louisiana,Evangeline,53,7,8.523390185564507,0.8212694535392067,-0.5747555109521647,0.7227277272272773,3,0.37735849056603776,0.6037735849056604,0.9011605063560035,
county,20,Tennessee,Coffee,45,4,5.218987265858412,0.7664322207044292,-0.5759501797952278,0.7609239076092391,3,0.8444444444444444,0.1111111111111111,0.9288732602704524,
county,20,Mississippi,Pearl River,38,3,4.083888346317707,0.7345940303938502,-0.5760850554130934,0.8131186881311869,3,0.47368421052631576,0.5263157894736842,0.9648226498849128,
county,20,Louisiana,De Soto,32,3,4.075734752100275,0.7360636014044005,-0.5767692856659964,0.8083191680831917,2,0.34375,0.65625,0.9619798416197985,
county,20,Oklahoma,McIntosh,49,9,10.625833658586116,0.8469923668273901,-0.5773099225132848,0.7205279472052795,1,0.7755102040816326,0.1836734693877551,0.9007851813571242,
county,20,Texas,Austin,43,7,8.474276551048014,0.8260292141556685,-0.5783702858857069,0.7135286471352865,5,0.627906976744186,0.37209302325581395,0.8983883734531576,
county,20,Ohio,Clermont,92,19,21.251627363605603,0.8940491791484345,-0.5786133881932415,0.6601339866013398,5,0.967391304347826,0.021739130434782608,0.8550442369556148,
county,20,Wisconsin,Barron,23,2,2.8991488536473584,0.6898576447648909,-0.5795475369669403,0.8529147085291471,1,0.9130434782608695,0.08695652173913043,0.9933525022739506,
county,20,Kentucky,Henderson,49,10,11.704967879521456,0.8543380983979973,-0.5856158005288622,0.6877312268773123,2,0.7755102040816326,0.22448979591836735,0.8794180156452439,
county,20,Washington,Klickitat,25,4,5.162375344649484,0.7748371113979107,-0.5856785931813671,0.7539246075392461,0,0.8,0.04,0.9240829825922914,
county,20,Georgia,Terrell,34,4,5.174023533633301,0.7730927341165612,-0.5866939184495698,0.7711228877112288,1,0.23529411764705882,0.7647058823529411,0.9337371165502657,
county,20,Alabama,Lauderdale,115,17,19.295358481169593,0.8810408998926016,-0.5901838033383021,0.6555344465553444,12,0.6347826086956522,0.3565217391304348,0.8509205234984061,
county,20,Tennessee,Dickson,42,4,5.2491913760681985,0.7620221313013205,-0.5918937325491952,0.7563243675632437,2,0.8571428571428571,0.11904761904761904,0.9251376083558537,
county,20,Georgia,Bacon,24,5,6.24699191049927,0.8003852208607056,-0.5965179071328588,0.7283271672832716,0,0.4583333333333333,0.5416666666666666,0.9026480593698872,
county,20,Kentucky,Montgomery,26,5,6.28364239884967,0.795716828334365,-0.597013519963367,0.7369263073692631,0,0.9230769230769231,0.038461538461538464,0.9100535151964255,
county,20,Georgia,Forsyth,58,8,9.676632692763665,0.8267338705521522,-0.5990479142885421,0.7077292270772922,6,0.9655172413793104,0.017241379310344827,0.8935824904904467,
county,20,Michigan,Marquette,35,6,7.402853326303316,0.8104982951210457,-0.6005029404276329,0.7297270272972702,1,1.0,0.0,0.9030184146993674,
county,20,Indiana,Knox,23,3,4.084165157221972,0.7345442420944075,-0.6005351196780547,0.7813218678132187,2,1.0,0.0,0.9435521283772493,
county,20,Tennessee,Claiborne,46,5,6.370628578201547,0.7848519088223974,-0.6024547979157122,0.7443255674432556,5,0.9130434782608695,0.021739130434782608,0.9160539236178771,
county,20,Kansas,Johnson,183,35,38.22696712710776,0.9155840138617893,-0.6051713532270432,0.634936506349365,11,0.8579234972677595,0.11475409836065574,0.8335420818383278,
county,20,Arkansas,Little River,23,2,2.960816604232413,0.6754893218111011,-0.6139362576438215,0.8251174882511749,1,0.4782608695652174,0.5217391304347826,0.9723443341940317,
county,20,Texas,Cass,68,10,11.903700558192854,0.8400748952910605,-0.6223960997928069,0.6717328267173283,4,0.6617647058823529,0.3382352941176471,0.8657142863269071,
county,20,Michigan,Kent,801,201,208.47371467673668,0.9641503261534646,-0.62330271950677,0.5677432256774323,38,0.4431960049937578,0.5093632958801498,0.7748985888693494,
county,20,Minnesota,Crow Wing,28,3,4.152853675139856,0.7223948240601009,-0.6245312009880993,0.7685231476852314,1,0.9642857142857143,0.0,0.9337371165502657,
county,20,Tennessee,Lincoln,58,6,7.571607123436804,0.792434142736735,-0.6263229472248697,0.7025297470252975,4,0.6896551724137931,0.29310344827586204,0.8907602910595017,
county,20,Oklahoma,Ottawa,48,6,7.561349050232863,0.7935091952692253,-0.6281785545414148,0.6987301269873013,4,0.8125,0.041666666666666664,0.8896966235579833,
county,20,West Virginia,Jefferson,40,5,6.448879913629631,0.7753284395066125,-0.6304141477395016,0.7265273472652735,3,0.7,0.3,0.9021548258397301,
county,20,New York,Putnam,42,9,10.743197672867177,0.8377394025551848,-0.6307563657906159,0.6625337466253375,1,1.0,0.0,0.8569213379953252,
county,20,North Carolina,Cherokee,47,6,7.549313335559417,0.7947742706264807,-0.6324351576091857,0.7047295270472953,5,0.9574468085106383,0.02127659574468085,0.8925476834339037,
county,20,California,San Mateo,953,371,380.3702867903971,0.9753653555080116,-0.6345581556975044,0.5541445855414459,6,0.6190975865687304,0.2528856243441763,0.7640325212330026,
county,20,Ohio,Warren,52,10,11.801446959054552,0.8473537215135803,-0.6351956158434212,0.660933906609339,0,0.9615384615384616,0.019230769230769232,0.855465781490767,
county,20,Texas,Trinity,41,6,7.541148424758075,0.7956347842593331,-0.6362235774728666,0.6759324067593241,3,0.7560975609756098,0.24390243902439024,0.8705043781336153,
county,20,Florida,Dixie,31,5,6.38003887850917,0.7836942838768962,-0.6369795792001602,0.7019298070192981,0,0.9032258064516129,0.06451612903225806,0.8906259268513684,
county,20,Nebraska,Scotts Bluff,28,4,5.2837697481783685,0.7570352590362287,-0.6377841788689044,0.7193280671932807,3,0.8928571428571429,0.03571428571428571,0.9007851813571242,
county,20,Georgia,Cook,42,6,7.543976502988925,0.7953365175014528,-0.6389155137294206,0.6985301469853015,3,0.42857142857142855,0.5238095238095238,0.8896966235579833,
county,20,Virginia,Alexandria,196,31,34.34170992842937,0.9026923838273128,-0.6410602577035247,0.5761423857614238,15,0.37244897959183676,0.6071428571428571,0.7813122447153782,
county,20,Florida,Clay,146,25,27.98130035676763,0.893453830995865,-0.6428185025306422,0.6057394260573943,12,0.8013698630136986,0.17123287671232876,0.807141294733156,
county,20,Oklahoma,Muskogee,226,44,47.90820727128698,0.9184230115488102,-0.6526896665758715,0.5637436256374363,11,0.5486725663716814,0.4026548672566372,0.7717765808840529,
county,20,Texas,Victoria,217,40,43.794501113190194,0.9133566768260925,-0.6551953315271424,0.5703429657034297,15,0.8571428571428571,0.14285714285714285,0.7769553860323937,
county,20,Arkansas,Pope,66,7,8.748984417212098,0.8000928640618816,-0.6569644689882745,0.6655334466553344,2,0.9242424242424242,0.07575757575757576,0.8595679114037019,
county,20,Florida,Jackson,85,15,17.38352804294216,0.8628858286388021,-0.6569742050298056,0.6127387261273872,8,0.5529411764705883,0.43529411764705883,0.8134577270749747,
county,20,Arkansas,Sevier,37,3,4.253293066614428,0.7053358310876907,-0.6603196133928384,0.7289271072892711,3,0.8108108108108109,0.13513513513513514,0.9026480593698872,
county,20,Tennessee,Weakley,41,4,5.418364259899471,0.738230175775265,-0.6667702185044772,0.6925307469253075,2,0.8048780487804879,0.1951219512195122,0.8848116604770118,
county,20,Utah,Tooele,45,7,8.739462201256408,0.8009646175932498,-0.6701586876457397,0.6407359264073592,3,0.8888888888888888,0.044444444444444446,0.8377424766587881,
county,20,West Virginia,Ritchie,28,3,4.256236350218179,0.7048480754237759,-0.6715757332524551,0.7153284671532847,2,1.0,0.0,0.8987715862560085,
county,20,Indiana,Perry,22,4,5.327372926393781,0.7508391200065077,-0.6856553186873664,0.6765323467653235,0,0.9545454545454546,0.0,0.8706551186423114,
county,20,California,Glenn,36,9,10.853186395402941,0.8292495560393314,-0.6915973446491038,0.6155384461553844,1,0.9722222222222222,0.0,0.8160410429545281,
county,20,Minnesota,Kandiyohi,25,2,3.1285352603738756,0.639276796823121,-0.6920527341501554,0.7623237676232377,1,0.96,0.04,0.9291830276431816,
county,20,Missouri,Warren,23,3,4.234433713522428,0.7084772611789074,-0.6932802942092746,0.7095290470952905,0,0.8695652173913043,0.13043478260869565,0.8944807825297135,
county,20,Virginia,Bristol,31,3,4.3234529315921115,0.6938898254398829,-0.7007165094150258,0.7099290070992901,3,0.8064516129032258,0.16129032258064516,0.8944807825297135,
county,20,Kentucky,Henry,23,4,5.419654102936585,0.7380544817117831,-0.7026294854700306,0.6633336666333367,0,0.782608695652174,0.17391304347826086,0.8573409325734094,
county,20,Arkansas,Boone,45,4,5.477173568905639,0.7303036775588647,-0.704622241386437,0.6773322667733227,3,0.9777777777777777,0.0,0.8710628223910848,
county,20,Georgia,De Kalb,2162,565,579.2651644324665,0.9753736884101382,-0.7068428931927421,0.5069493050694931,61,0.2183163737280296,0.744218316373728,0.724845041269069,
county,20,Georgia,Habersham,22,2,3.1391854660102534,0.6371079446101983,-0.7093015483356614,0.7393260673932607,1,0.7272727272727273,0.22727272727272727,0.9123921283436338,
county,20,Tennessee,Shelby,5615,878,897.367367835874,0.9784175706293164,-0.715300711169558,0.4737526247375263,581,0.1722172751558326,0.8133570792520035,0.6950170727434987,
county,20,Texas,Eastland,25,3,4.342768285083117,0.6908036079900087,-0.7181600198207878,0.6863313668633136,0,0.96,0.04,0.8782508548293502,
county,20,Tennessee,Giles,49,4,5.575812386160036,0.7173842523698559,-0.7196955537673274,0.6533346665333467,4,0.5714285714285714,0.42857142857142855,0.8486760834003055,
county,20,Arkansas,Scott,20,1,1.931807012117368,0.5176500518568593,-0.7217336017686309,0.8037196280371963,1,0.95,0.0,0.959911955824285,
county,20,North Carolina,Hertford,73,10,12.2742198767955,0.8147157294212295,-0.7272111061074729,0.5777422257774223,4,0.1643835616438356,0.821917808219178,0.7817177772095257,
county,20,West Virginia,Webster,28,2,3.2217279481739634,0.6207848807139584,-0.727632548204747,0.7173282671732827,2,0.8928571428571429,0.07142857142857142,0.900029830002386,
county,20,Mississippi,Claiborne,52,3,4.453934014833099,0.6735618421846823,-0.7288621738511915,0.6699330066993301,3,0.11538461538461539,0.8653846153846154,0.8646307881738671,
county,20,Missouri,Macon,20,3,4.301461728288318,0.6974373339813,-0.7288822825390245,0.6993300669933007,1,0.9,0.05,0.8897131443414191,
county,20,Arkansas,Desha,55,6,7.870323835186355,0.7623574487717291,-0.7344711809958329,0.6121387861213878,3,0.3090909090909091,0.6909090909090909,0.8133280997618734,
county,20,Tennessee,Hardeman,63,6,7.911527847759438,0.7583870164470461,-0.7350494387779334,0.5961403859614038,6,0.4444444444444444,0.5555555555555556,0.7986397802028545,
county,20,Florida,Polk,1017,236,245.71488950924262,0.9604627561290819,-0.7376958200531335,0.48095190480951905,42,0.6411012782694199,0.34611602753195675,0.7038606204314634,
county,20,Mississippi,Union,20,1,1.9719001454886256,0.5071250703479235,-0.7399484039637699,0.791920807919208,1,0.7,0.25,0.9508613719187335,
county,20,Michigan,Branch,35,7,8.783644532077718,0.7969357109609936,-0.7404367381316427,0.5833416658334166,1,0.9142857142857143,0.05714285714285714,0.7854854544418597,
county,20,Minnesota,Mille Lacs,20,2,3.1469405799996686,0.6355378975729534,-0.7445020124253762,0.714928507149285,1,0.6,0.05,0.8987715862560085,
county,20,North Carolina,Wilson,270,49,53.76241572669124,0.9114173784358641,-0.7481265992493575,0.5049495050494951,18,0.34444444444444444,0.6407407407407407,0.7225586965113012,
county,20,Pennsylvania,Huntingdon,47,7,8.972803444274827,0.7801352212241325,-0.7491537474098661,0.5967403259674032,3,0.8723404255319149,0.1276595744680851,0.7986397802028545,
county,20,Idaho,Cassia,36,4,5.6020967978022735,0.7140183656892928,-0.749863106597885,0.6393360663933607,1,0.9444444444444444,0.0,0.8365188154624307,
county,20,Ohio,Wayne,45,6,7.86040507061636,0.7633194404228738,-0.750007125689466,0.5875412458754125,3,0.8888888888888888,0.1111111111111111,0.7899090865876153,
county,20,Maine,Cumberland,159,28,31.705723317125944,0.8831213128285805,-0.7508257731937424,0.5171482851714828,14,0.9056603773584906,0.05660377358490566,0.73302394819434,
county,20,Rhode Island,Washington,49,10,12.21897160805726,0.8183994791677839,-0.7516654175700157,0.5647435256474352,0,0.9183673469387755,0.08163265306122448,0.7725588594403078,
county,20,Indiana,Franklin,21,3,4.403355341887277,0.6812986386681663,-0.7568112048091765,0.6575342465753424,0,1.0,0.0,0.8529023356657139,
county,20,New York,Dutchess,270,69,74.38984016258092,0.9275460176980984,-0.7578198867377938,0.48375162483751627,6,0.5037037037037037,0.4703703703703704,0.7056668119595808,
county,20,Arizona,La Paz,39,9,11.023022660643504,0.8164729654537966,-0.7614621783089813,0.5727427257274272,2,0.8461538461538461,0.10256410256410256,0.7776017578964995,
county,20,Indiana,Allen,829,262,272.0037970602658,0.9632218477521866,-0.7621033861080493,0.45315468453154684,14,0.4209891435464415,0.5621230398069964,0.6797320267973203,
county,20,Alabama,Chilton,44,7,8.951090284249346,0.7820276388360696,-0.7667388146714214,0.5871412858714129,2,0.5909090909090909,0.4090909090909091,0.7899090865876153,
county,20,Texas,Lavaca,33,4,5.649700001723909,0.7080021945907692,-0.7709970519413144,0.6275372462753724,3,0.6666666666666666,0.3333333333333333,0.8276881163383296,
county,20,Ohio,Tuscarawas,31,4,5.617728052414413,0.7120316189532994,-0.7712535534986831,0.6131386861313869,2,0.9354838709677419,0.06451612903225806,0.8134577270749747,
county,20,Georgia,Rockdale,90,13,15.682736884592106,0.828936944849988,-0.7713016598265705,0.5411458854114588,7,0.4111111111111111,0.5222222222222223,0.7516841536185364,
county,20,Louisiana,West Baton Rouge,66,8,10.25260271214129,0.7802896712779358,-0.7748174388174094,0.5673432656734326,8,0.25757575757575757,0.7424242424242424,0.7748985888693494,
county,20,New York,Rensselaer,131,26,29.597769331801572,0.8784445783238158,-0.7779728957360723,0.507949205079492,7,0.6870229007633588,0.2824427480916031,0.7256992208861522,
county,20,New York,Washington,42,5,6.847606918744823,0.7301821000140744,-0.7834858690245594,0.5951404859514049,3,0.9523809523809523,0.047619047619047616,0.7983915894124874,
county,20,North Carolina,Currituck,24,2,3.2863671635277543,0.6085747271930194,-0.7847096067373684,0.670932906709329,1,0.75,0.25,0.8653018818289845,
county,20,Texas,Aransas,42,6,7.93893957071771,0.7557684431974556,-0.7851949524155294,0.5975402459754025,1,0.9523809523809523,0.047619047619047616,0.7986397802028545,
county,20,Pennsylvania,Bedford,45,8,10.16481892051651,0.7870282847688439,-0.7893938401061218,0.5633436656334366,2,0.9555555555555556,0.044444444444444446,0.7717765808840529,
county,20,Georgia,Walker,62,7,9.149745152257742,0.7650486307012297,-0.7896525690485877,0.5829417058294171,3,0.9032258064516129,0.08064516129032258,0.7854854544418597,
county,20,Colorado,Delta,24,3,4.494489071361105,0.6674841016114617,-0.7935325631279521,0.6271372862713729,2,1.0,0.0,0.8276881163383296,
county,20,North Carolina,Carteret,76,10,12.5261716771618,0.7983285123125357,-0.7965295784564788,0.5489451054894511,8,0.7105263157894737,0.2894736842105263,0.7601751345602767,
county,20,Iowa,Johnson,53,7,9.160503259897224,0.764150156536109,-0.7998341976948402,0.5351464853514648,3,0.7924528301886793,0.11320754716981132,0.746802719108894,
county,20,Georgia,Peach,43,5,6.908716134759599,0.7237234679311345,-0.8036982783761005,0.5785421457854215,3,0.23255813953488372,0.7674418604651163,0.7819426453156784,
county,20,Virginia,Westmoreland,43,3,4.626470793160351,0.6484424379021518,-0.8069559545027662,0.6099390060993901,2,0.37209302325581395,0.627906976744186,0.8116014966769006,
county,20,Wisconsin,Sheboygan,37,3,4.566610916640161,0.6569423265442593,-0.8073243284327556,0.5935406459354065,2,0.8108108108108109,0.08108108108108109,0.7968382610733714,
county,20,Florida,Alachua,342,70,76.09484804810302,0.9199045900683028,-0.8108632348315274,0.45135486451354867,17,0.45321637426900585,0.5350877192982456,0.6775960205811227,
county,20,Georgia,Newton,141,21,24.557315468489612,0.8551423312921099,-0.8109049397507723,0.49655034496550343,7,0.3829787234042553,0.6099290780141844,0.7139396108236066,
county,20,Wyoming,Sheridan,23,3,4.496080845662171,0.6672477882363719,-0.8117921675667789,0.6331366863313669,1,0.9565217391304348,0.0,0.8326370864007692,
county,20,Missouri,Benton,21,2,3.350235751316756,0.5969729142834,-0.812087815799086,0.6517348265173483,1,0.9523809523809523,0.047619047619047616,0.8472082856602587,
county,20,Alabama,Tallapoosa,112,14,16.973139038175642,0.8248326940886704,-0.8130265239395557,0.513948605139486,6,0.30357142857142855,0.6875,0.7304968715726853,
county,20,Pennsylvania,Lancaster,358,71,77.18271252320386,0.9198951122462156,-0.8143342236467497,0.45655434456554345,14,0.7430167597765364,0.2346368715083799,0.6831265421175725,
county,20,Florida,St. Lucie,488,133,140.98037563701354,0.9433937127706281,-0.8170623328070521,0.46495350464953505,7,0.4344262295081967,0.5614754098360656,0.6871403023632063,
county,20,Florida,Hendry,118,23,26.595230353685327,0.864816724432427,-0.8170668168474122,0.4757524247575243,5,0.6949152542372882,0.288135593220339,0.6968169145717436,
county,20,Arkansas,Polk,30,2,3.38299913834841,0.5911914009462047,-0.8184159222178519,0.6453354664533547,2,0.9666666666666667,0.0,0.8412290273862787,
county,20,New York,Steuben,48,6,8.08962430431972,0.7416908096456474,-0.8195126714971842,0.551944805519448,1,0.9375,0.0625,0.762572018660203,
county,20,Washington,Grant,119,23,26.65267611338671,0.8629527444881192,-0.820231995663053,0.46655334466553344,3,0.9495798319327731,0.05042016806722689,0.6889399512137239,
county,20,Alabama,Marshall,97,12,14.868437603251936,0.807078747626814,-0.8229386214353666,0.49475052494750527,7,0.8762886597938144,0.1134020618556701,0.7127761664728095,
county,20,South Carolina,Kershaw,113,5,7.096534137311483,0.7045692873809307,-0.8270038923495815,0.5695430456954305,4,0.45132743362831856,0.5398230088495575,0.7767671039250084,
county,20,Ohio,Ashland,25,4,5.627580045995063,0.7107850918702879,-0.8271358628395072,0.5813418658134186,0,0.88,0.12,0.7845030007096523,
county,20,North Carolina,Randolph,203,27,31.14983993315024,0.8667781297735048,-0.8280616614580689,0.47095290470952905,17,0.7536945812807881,0.23645320197044334,0.6920359308812395,
county,20,Utah,Washington,46,7,9.173161942819034,0.7630956526914653,-0.8321085965422012,0.5501449855014499,1,0.8043478260869565,0.0,0.7612212705109856,
county,20,Michigan,Lapeer,58,11,13.589310174951887,0.8094597781920851,-0.8334233439236555,0.5113488651134886,5,0.8793103448275862,0.10344827586206896,0.7282424085926055,
county,20,Washington,King,2723,815,834.5101691725793,0.9766208131508767,-0.8343070612889222,0.42295770422957707,29,0.5648182152038194,0.2948953360264414,0.6540246489930768,
county,20,North Dakota,Grand Forks,31,3,4.636859313229547,0.6469896534148923,-0.8396400869853172,0.5805419458054195,2,0.7741935483870968,0.03225806451612903,0.7840577739978811,
county,20,Indiana,Lawrence,47,7,9.250981318476155,0.7566764820959618,-0.8408118606258952,0.5145485451454854,0,0.9574468085106383,0.0,0.7304968715726853,
county,20,Florida,Okaloosa,163,27,31.1180376728483,0.8676639665989785,-0.8415230161425813,0.45595440455954406,10,0.6993865030674846,0.26380368098159507,0.6827955078246328,
county,20,Maryland,Allegany,70,10,12.654754443518783,0.7902168346792037,-0.8453306408358766,0.48675132486751327,5,0.7857142857142857,0.21428571428571427,0.7080429053868806,
county,20,Idaho,Shoshone,27,3,4.6316702436763,0.6477145051714233,-0.8463779105605485,0.5773422657734226,1,0.9629629629629629,0.0,0.7817177772095257,
county,20,Florida,Highlands,158,32,36.36122863779043,0.8800582708237261,-0.8468961403650366,0.45915408459154083,12,0.6012658227848101,0.3987341772151899,0.6847434363263425,
county,20,Wisconsin,Waukesha,86,9,11.651869259132434,0.7724082548339642,-0.8601341507614532,0.5221477852214779,5,0.9418604651162791,0.03488372093023256,0.7366451148312398,
county,20,New York,Oneida,281,80,86.51126970046917,0.9247350117156602,-0.8646116649093287,0.42975702429757023,9,0.5658362989323843,0.3914590747330961,0.6591942846531674,
county,20,New York,Allegany,26,4,5.781634978490021,0.691845821274015,-0.8652921630657558,0.5597440255974403,2,1.0,0.0,0.7686355507632786,
county,20,Virginia,Henrico,478,101,108.62036855162945,0.9298440186381126,-0.8668037215440968,0.42675732426757323,35,0.35355648535564854,0.6108786610878661,0.6570823703282959,
county,20,Virginia,Hanover,93,10,12.805072852128694,0.7809405003375375,-0.8692340018125492,0.48275172482751727,2,0.6989247311827957,0.2903225806451613,0.7056668119595808,
county,20,Texas,Ector,424,91,98.29311985715987,0.9258023362392173,-0.8710432671769672,0.42495750424957507,28,0.8419811320754716,0.15566037735849056,0.655991763837315,
county,20,Kentucky,Knox,63,15,18.051959355805604,0.8309347314797672,-0.8726312582140265,0.46395360463953605,1,1.0,0.0,0.6865208475050771,
county,20,Oklahoma,Texas,27,4,5.807792908030844,0.6887297917370501,-0.8731561466242423,0.537946205379462,0,0.9629629629629629,0.037037037037037035,0.7489706627792818,
county,20,Alabama,Limestone,71,8,10.548587098632165,0.7583954064366932,-0.8755578810825104,0.5117488251174882,5,0.6901408450704225,0.30985915492957744,0.7282424085926055,
county,20,Texas,Palo Pinto,62,10,12.662316040692854,0.7897449382769333,-0.875724825204371,0.49135086491350866,1,0.9032258064516129,0.0967741935483871,0.7104295183953938,
county,20,Texas,Hopkins,54,8,10.46820173505496,0.7642191278383879,-0.8768448764902688,0.49755024497550243,4,0.7962962962962963,0.2037037037037037,0.7148072443751641,
county,20,Missouri,Audrain,27,3,4.688636056169374,0.6398449280473705,-0.8780041051445677,0.5627437256274372,1,0.6296296296296297,0.37037037037037035,0.7715794200047676,
county,20,Alabama,Geneva,48,4,5.923676168310586,0.6752563587791105,-0.8787235955738326,0.5305469453054694,3,0.6666666666666666,0.3333333333333333,0.7438383688847289,
county,20,New York,Monroe,1639,616,632.9074740547969,0.9732860256073812,-0.8797036785771851,0.39116088391160886,4,0.3148261134838316,0.6607687614399024,0.6287413963230012,
county,20,West Virginia,Fayette,112,15,18.38041144141988,0.8160861930542973,-0.8811168069365993,0.45095490450954906,9,0.8571428571428571,0.13392857142857142,0.6775597440255975,
county,20,California,Trinity,44,8,10.436108307093205,0.7665692770323749,-0.8815610138818941,0.48895110488951105,3,0.9090909090909091,0.06818181818181818,0.7092347885082771,
county,20,Utah,Cache,22,2,3.4781372633682626,0.575020434375606,-0.8830037797777752,0.5711428857114289,0,0.8636363636363636,0.0,0.7771853758020425,
county,20,Louisiana,East Carroll,36,4,5.919796618861238,0.6756988892583713,-0.8832784467924221,0.531946805319468,2,0.027777777777777776,0.9444444444444444,0.7452215151445228,
county,20,Alabama,Escambia,68,7,9.455477125244236,0.7403116635237155,-0.8863015314488423,0.5111488851114888,5,0.39705882352941174,0.6029411764705882,0.7282424085926055,
county,20,Louisiana,Ascension,171,23,27.14920931074847,0.8471701601598473,-0.8875027140384137,0.43715628437156284,15,0.38596491228070173,0.5906432748538012,0.6668297637241352,
county,20,Virginia,Appomattox,25,1,2.257742939576265,0.44292022022120936,-0.8886311036310253,0.6505349465053495,1,0.72,0.28,0.8462586641768725,
county,20,North Carolina,Catawba,323,56,62.10570112746652,0.901688556499264,-0.889768369727485,0.43375662433756623,21,0.6253869969040248,0.32507739938080493,0.6633275603737336,
county,20,California,Merced,546,179,188.62987212050018,0.948948318671666,-0.8908689369013028,0.39776022397760225,3,0.8113553113553114,0.10805860805860806,0.6340952111685384,
county,20,Oklahoma,Rogers,59,9,11.63301508597926,0.7736601331195115,-0.8908994830824765,0.46695330466953305,5,0.9152542372881356,0.01694915254237288,0.6889662915868806,
county,20,Tennessee,Humphreys,20,1,2.241996092288457,0.44603110747587293,-0.8909154776534586,0.6337366263373663,1,0.9,0.1,0.8328186131824136,
county,20,Minnesota,Todd,20,1,2.257939449941472,0.4428816725027418,-0.892561606331077,0.6353364663533647,1,1.0,0.0,0.8335420818383278,
county,20,Mississippi,Simpson,44,2,3.617754987022237,0.5528290354583116,-0.8946528932244193,0.5555444455554445,2,0.5681818181818182,0.4318181818181818,0.7640325212330026,
county,20,Virginia,Roanoke,472,75,82.29741944732056,0.9113286966185894,-0.8985860642032761,0.40075992400759924,48,0.527542372881356,0.4661016949152542,0.6370174602258084,
county,20,Illinois,Vermilion,34,5,7.069745731314223,0.7072390139652915,-0.8991806737964066,0.5211478852114788,1,0.6764705882352942,0.3235294117647059,0.7363749138007107,
county,20,Iowa,Marshall,24,2,3.5423192195140825,0.5646018543394714,-0.9020040895305635,0.5547445255474452,1,1.0,0.0,0.7640325212330026,
county,20,Ohio,Ross,42,7,9.394896267433614,0.7450853953826758,-0.9030118824665145,0.48855114488551143,1,0.8809523809523809,0.09523809523809523,0.7092252127444261,
county,20,West Virginia,Morgan,21,1,2.2774351286455823,0.43909044320165197,-0.903750989726921,0.6375362463753624,0,1.0,0.0,0.834769682073187,
county,20,Arizona,Navajo,105,27,31.086915901156306,0.8685326034222556,-0.907996754403611,0.4273572642735726,1,0.6095238095238096,0.047619047619047616,0.6574446650898049,
county,20,Wyoming,Campbell,39,4,6.005067302489612,0.6661041081657252,-0.9083150521290682,0.5049495050494951,1,1.0,0.0,0.7225586965113012,
county,20,Oklahoma,Canadian,87,13,16.21227741062455,0.8018614332049723,-0.9096581715870483,0.46855314468553144,1,0.7701149425287356,0.09195402298850575,0.6890712233833712,
county,20,Michigan,Ingham,466,114,122.36048060401565,0.9316733592190445,-0.9119140443043448,0.39336066393360664,6,0.48497854077253216,0.4656652360515021,0.6304260240642603,
county,20,Wisconsin,Juneau,21,1,2.245641440739995,0.44530706543715853,-0.913490832982914,0.6275372462753724,0,0.9523809523809523,0.047619047619047616,0.8276881163383296,
county,20,Washington,Lewis,95,17,20.55969934201591,0.8268603405721362,-0.9157578142699522,0.4253574642535746,5,1.0,0.0,0.6560474833611591,
county,20,Pennsylvania,Pike,36,7,9.37087195814767,0.7469955870983517,-0.9256214561769764,0.47515248475152483,0,0.9166666666666666,0.08333333333333333,0.6965040081357717,
county,20,Texas,Andrews,24,3,4.734071899664307,0.6337039368186889,-0.9276179571576818,0.5303469653034697,2,0.9583333333333334,0.041666666666666664,0.7438383688847289,
county,20,Maine,Knox,22,2,3.577456111225325,0.5590564741589448,-0.9299353373217711,0.5571442855714429,2,1.0,0.0,0.7656487400040485,
county,20,New York,Wayne,54,8,10.628191348237385,0.752715089320136,-0.9300866770673853,0.45835416458354167,2,0.7777777777777778,0.18518518518518517,0.6846831472610817,
county,20,Ohio,Logan,32,3,4.839130841591153,0.6199460395275386,-0.9302445772233198,0.5029497050294971,2,0.875,0.03125,0.7214147320351498,
county,20,Wisconsin,Sauk,31,1,2.3469860464936954,0.4260783746430707,-0.9305144774158985,0.6039396060393961,1,0.8709677419354839,0.03225806451612903,0.8054017083498751,
county,20,Oklahoma,Pontotoc,63,9,11.816082667701352,0.7616737503539166,-0.9314323477259132,0.4637536246375362,3,0.8571428571428571,0.031746031746031744,0.6865208475050771,
county,20,Kentucky,Wayne,30,5,7.094430725830135,0.7047781835116783,-0.9317405236044453,0.48355164483551644,0,1.0,0.0,0.7056668119595808,
county,20,Missouri,Clay,64,10,12.922601363717497,0.7738380004568414,-0.9330959087401471,0.46315368463153683,3,0.90625,0.078125,0.6865208475050771,
county,20,Pennsylvania,Cumberland,114,20,24.00394507116345,0.8331963742087758,-0.9377751974937598,0.42115788421157885,6,0.8508771929824561,0.11403508771929824,0.6529214662368673,
county,20,Louisiana,Avoyelles,38,3,4.906266733099577,0.6114628827170845,-0.9394009866806058,0.5207479252074793,1,0.5526315789473685,0.39473684210526316,0.7363749138007107,
county,20,Texas,Titus,75,12,15.133366472365061,0.7929498054456765,-0.9472426952689019,0.43875612438756123,2,0.6133333333333333,0.37333333333333335,0.667407501674075,
county,20,Oklahoma,Okmulgee,115,19,22.97595333234073,0.8269515403853029,-0.9476734089249035,0.42055794420557946,5,0.6,0.25217391304347825,0.6529214662368673,
county,20,Oklahoma,Hughes,21,2,3.591108675498135,0.5569310707987898,-0.949237803011701,0.5303469653034697,1,0.6190476190476191,0.09523809523809523,0.7438383688847289,
county,20,Louisiana,Iberville,86,13,16.433010701253256,0.7910905820202844,-0.9506406746930418,0.42355764423557646,8,0.12790697674418605,0.8604651162790697,0.654391116158307,
county,20,Oklahoma,Love,21,2,3.639860119693795,0.5494716649078951,-0.9532987877016321,0.5375462453754625,0,0.8095238095238095,0.19047619047619047,0.7489706627792818,
county,20,Alabama,Autauga,63,8,10.740385950917945,0.7448521902805799,-0.9536311986708025,0.44515548445155484,3,0.49206349206349204,0.49206349206349204,0.6722071511441821,
county,20,California,Marin,170,49,54.69340314550439,0.8959032933028895,-0.9547037146502917,0.37376262373762625,1,0.8,0.11764705882352941,0.608757010477814,
county,20,Michigan,Oakland,1000,244,256.761924136955,0.95029666419641,-0.9549112843715948,0.3601639836016398,34,0.557,0.415,0.5933664167829793,
county,20,Minnesota,Carver,27,2,3.6719998834502157,0.5446623266558488,-0.9575365594393312,0.53994600539946,1,0.9629629629629629,0.0,0.7505957191482086,
county,20,Montana,Lake,26,2,3.673531581922759,0.5444352268105946,-0.9594789676306238,0.5215478452154785,2,0.4230769230769231,0.0,0.7363749138007107,
county,20,Colorado,La Plata,36,5,7.235244615128628,0.6910616386825659,-0.9605104291974488,0.46255374462553744,3,0.8333333333333334,0.0,0.6865208475050771,
county,20,Georgia,Grady,41,5,7.319735369099333,0.6830848040091416,-0.962109995609663,0.45035496450354967,3,0.2682926829268293,0.7317073170731707,0.6772226864052544,
county,20,New York,Genesee,29,4,6.06711190653395,0.6592922730982129,-0.962938801153273,0.48995100489951005,0,0.7931034482758621,0.13793103448275862,0.7101138760721998,
county,20,Kentucky,Clark,35,6,8.374967642378907,0.7164206784082214,-0.96410102421823,0.45415458454154584,1,0.8285714285714286,0.14285714285714285,0.6806655992754839,
county,20,Illinois,Rock Island,48,9,11.742857548616469,0.7664233311814611,-0.9642567475997428,0.41855814418558146,4,0.6458333333333334,0.3541666666666667,0.6522561227023366,
county,20,Vermont,Rutland,27,3,4.900482844877642,0.6121845734315402,-0.9663347915338382,0.49055094490550943,0,0.9629629629629629,0.0,0.7104123322607497,
county,20,Alabama,Russell,141,18,22.06473852730874,0.8157812510545748,-0.9695790867138501,0.41075892410758924,11,0.3829787234042553,0.6170212765957447,0.64681077743754,
county,20,Minnesota,Otter Tail,30,2,3.7058251801524014,0.5396908658054265,-0.9697969294341691,0.5145485451454854,0,1.0,0.0,0.7304968715726853,
county,20,New York,Livingston,28,2,3.6968269431164087,0.5410044967682498,-0.9704619847767544,0.5175482451754825,1,1.0,0.0,0.73302394819434,
county,20,Oklahoma,Craig,40,6,8.41780730235004,0.71277469113898,-0.9710178781382085,0.4423557644235576,0,0.775,0.075,0.6696620010543025,
county,20,West Virginia,Mason,40,4,6.17952549260375,0.6472988912801775,-0.9740070557949626,0.4727527247275273,2,0.975,0.025,0.6941149533255144,
county,20,Alabama,Calhoun,328,54,60.71007616293858,0.8894734352674911,-0.9759478974517343,0.35256474352564743,18,0.47560975609756095,0.5213414634146342,0.5874992907363606,
county,20,Minnesota,Rice,22,2,3.6792702560527095,0.5435860539762828,-0.9768002417369495,0.5169483051694831,1,0.8636363636363636,0.045454545454545456,0.73302394819434,
county,20,Texas,Brooks,25,3,4.900877282867995,0.6121353028950766,-0.9797899283095219,0.4911508849115088,0,1.0,0.0,0.7104295183953938,
county,20,Vermont,Caledonia,23,2,3.7185088930558696,0.537849997813613,-0.9803755194309145,0.48635136486351366,1,0.9565217391304348,0.0,0.7080429053868806,
county,20,Texas,Frio,34,4,6.153883769812518,0.6499960268378391,-0.9806726126829826,0.4637536246375362,1,0.9411764705882353,0.0,0.6865208475050771,
county,20,Oklahoma,Grady,91,13,16.53392474833712,0.7862621971415141,-0.9867431714088173,0.40335966403359663,5,0.8241758241758241,0.15384615384615385,0.6390663218388178,
county,20,Kansas,Ford,54,7,9.701801597348314,0.7215154762506412,-0.9879287894183173,0.4193580641935806,1,0.9074074074074074,0.018518518518518517,0.6523749695781069,
county,20,Pennsylvania,Indiana,76,13,16.4740134203265,0.7891216104000449,-0.9883119364420538,0.40275972402759724,6,0.8552631578947368,0.14473684210526316,0.6386770293946858,
county,20,Michigan,Newaygo,51,9,11.879627674057716,0.7575995011740866,-0.9887318294024278,0.42295770422957707,2,0.9215686274509803,0.0,0.6540246489930768,
county,20,Kansas,Finney,56,10,13.022109206153887,0.7679247533321467,-0.9888738510571653,0.417958204179582,3,0.8928571428571429,0.03571428571428571,0.6521965450513773,
county,20,Ohio,Crawford,26,4,6.041647031909987,0.662071117176048,-0.9915232253557456,0.46415358464153583,1,0.8461538461538461,0.15384615384615385,0.6865208475050771,
county,20,New York,Essex,22,2,3.7089643371703507,0.5392340875204649,-0.9936251501793093,0.49495050494950504,0,0.9545454545454546,0.045454545454545456,0.7127761664728095,
county,20,Wisconsin,Dodge,28,2,3.6279393720892426,0.5512771286605731,-0.9962719801074585,0.5097490250974902,1,0.9642857142857143,0.0,0.7276939764455858,
county,20,North Carolina,Lincoln,86,12,15.445951463932087,0.776902609594576,-1.0055182765614255,0.38976102389761025,3,0.8255813953488372,0.16279069767441862,0.6274456482923136,
county,20,Texas,Ellis,204,37,42.670977021037714,0.8670999021596857,-1.00569798444593,0.35976402359764026,16,0.696078431372549,0.29411764705882354,0.5933664167829793,
county,20,Missouri,Pettis,38,5,7.423334108703752,0.6735517931407091,-1.0068366319144701,0.4203579642035796,2,0.6052631578947368,0.39473684210526316,0.6529214662368673,
county,20,Indiana,De Kalb,36,5,7.396727311529759,0.6759746289695141,-1.0097568436682758,0.41815818418158185,3,0.9722222222222222,0.0,0.6521965450513773,
county,20,Missouri,Oregon,20,2,3.675783367203863,0.5441017057328335,-1.01430141055542,0.48475152484751527,1,1.0,0.0,0.706553758528755,
county,20,New York,Herkimer,27,3,5.030948959475342,0.5963089715608759,-1.0154974854982877,0.44555544445555445,0,0.9629629629629629,0.037037037037037035,0.6722480889986315,
county,20,Kentucky,Johnson,34,7,9.614460082262323,0.7280700049828353,-1.0160859439752117,0.41315868413158685,0,1.0,0.0,0.6488894664540514,
county,20,Virginia,Bedford,70,6,8.768468808133342,0.6842699827402703,-1.0170775200142317,0.411958804119588,5,0.7,0.3,0.6481341394656346,
county,20,Virginia,Tazewell,72,6,8.770610058843712,0.6841029255370886,-1.0176422259236368,0.413958604139586,5,0.9444444444444444,0.041666666666666664,0.6495799506211258,
county,20,Tennessee,Overton,22,1,2.485402221398259,0.4023493627672914,-1.020003005911699,0.5337466253374663,0,1.0,0.0,0.7465827505690084,
county,20,Louisiana,Ouachita,381,55,62.22687108104374,0.8838625346977269,-1.0202907136708932,0.35576442355764426,26,0.3228346456692913,0.6719160104986877,0.590104191052836,
county,20,Wyoming,Lincoln,21,2,3.7687791922842973,0.5306758231138977,-1.0225067900287075,0.5007499250074993,0,1.0,0.0,0.7188313015832175,
county,20,Kentucky,Pulaski,44,8,10.810805940918067,0.7400003333443085,-1.0238091108076566,0.412958704129587,2,0.9772727272727273,0.022727272727272728,0.6488894664540514,
county,20,Georgia,Decatur,71,8,11.05596558564694,0.7235912537920477,-1.0288089406287741,0.39636036396360363,5,0.30985915492957744,0.676056338028169,0.6329829373130003,
county,20,Texas,Montague,33,5,7.324206511368971,0.6826678073916634,-1.0319182083288312,0.41715828417158285,3,0.9393939393939394,0.0,0.6521965450513773,
county,20,Indiana,Starke,31,5,7.399547565125684,0.6757169889095879,-1.0320121065786394,0.42255774422557746,2,1.0,0.0,0.6540246489930768,
county,20,Illinois,Madison,167,35,40.521089883641366,0.8637477447053993,-1.0327096379976368,0.34956504349565043,8,0.7065868263473054,0.281437125748503,0.5852049892503786,
county,20,North Carolina,Iredell,212,32,37.499655851279314,0.8533411647005371,-1.0328390321399747,0.35256474352564743,17,0.6037735849056604,0.3915094339622642,0.5874992907363606,
county,20,Montana,Lewis and Clark,29,3,5.077836225661573,0.5908028275585316,-1.0343673600750334,0.44595540445955406,1,0.9310344827586207,0.0,0.6722889583951305,
county,20,Arkansas,Yell,34,2,3.880590397175571,0.5153854942937729,-1.0434861612710544,0.46855314468553144,2,0.8823529411764706,0.058823529411764705,0.6890712233833712,
county,20,Ohio,Sandusky,37,5,7.495642898344323,0.6670541897219285,-1.0436168054581492,0.416958304169583,0,0.7567567567567568,0.24324324324324326,0.6521965450513773,
county,20,Tennessee,Putnam,72,8,11.09904731975832,0.7207825833626772,-1.0484561496841078,0.3805619438056194,8,0.8888888888888888,0.05555555555555555,0.6159364314915007,
county,20,Georgia,Chattooga,28,2,3.8853954091409184,0.5147481245524533,-1.0541592648610507,0.44115588441155884,0,0.8214285714285714,0.14285714285714285,0.6689689315340964,
county,20,Virginia,Spotsylvania,84,8,11.185400184427928,0.7152180403109248,-1.0551112916634833,0.38036196380361964,4,0.6785714285714286,0.2857142857142857,0.6159364314915007,
county,20,New York,Schenectady,172,48,54.280275990139,0.884299114630885,-1.0626955079387979,0.32896710328967105,1,0.5058139534883721,0.45348837209302323,0.5636165728156529,
county,20,Michigan,Montcalm,62,9,12.144476820530425,0.741077621786503,-1.0633879493823784,0.3731626837316268,1,0.9354838709677419,0.016129032258064516,0.6083294021411602,
county,20,Kentucky,Lincoln,20,3,5.041783252014212,0.5950275626786392,-1.0645015030054352,0.44175582441755823,1,0.9,0.1,0.6693157574998803,
county,20,Connecticut,Tolland,21,4,6.146240874545646,0.6508043016286268,-1.0668189157232177,0.420957904209579,0,0.9047619047619048,0.09523809523809523,0.6529214662368673,
county,20,Minnesota,Stearns,62,6,8.911099241554698,0.673317605085183,-1.0715418608001739,0.36796320367963203,5,0.7903225806451613,0.14516129032258066,0.6009399060093991,
county,20,Oklahoma,Marshall,20,3,4.990103939399661,0.6011898823015134,-1.0722306438558993,0.43695630436956306,2,0.95,0.0,0.6668297637241352,
county,20,Oklahoma,Pushmataha,43,4,6.4613292204093,0.6190676660407989,-1.0725310546330877,0.39816018398160186,3,0.9069767441860465,0.023255813953488372,0.6341720951579755,
county,20,Michigan,Mason,21,2,3.8580696817176316,0.5183939547482694,-1.0741885362601322,0.44835516448355167,1,0.8571428571428571,0.09523809523809523,0.6753419896105628,
county,20,Georgia,Jones,31,3,5.189536779548363,0.5780862777238251,-1.0748052350596262,0.40635936406359363,2,0.6129032258064516,0.3870967741935484,0.6415638646292988,
county,20,Ohio,Morrow,21,3,5.040101068716835,0.5952261589793424,-1.080550317712505,0.42875712428757123,1,0.9523809523809523,0.0,0.6584745273343193,
county,20,Virginia,Lee,62,4,6.582491872818813,0.607672607469105,-1.0831018082580637,0.391960803919608,4,1.0,0.0,0.6287413963230012,
county,20,Minnesota,Beltrami,32,2,3.9653762380919555,0.504365759997178,-1.0833971409032581,0.418958104189581,1,0.59375,0.03125,0.6523155974557985,
county,20,West Virginia,Ohio,64,9,12.352475301044812,0.7285989067501921,-1.0861606188193196,0.35436456354364565,3,0.75,0.234375,0.5883234880931797,
county,20,Arkansas,White,97,10,13.612311916733468,0.7346290667720528,-1.091729604343469,0.33656634336566343,9,0.8350515463917526,0.15463917525773196,0.5714021818157167,
county,20,Georgia,Berrien,27,3,5.176322393050722,0.5795620466042721,-1.092332760398561,0.40475952404759524,0,0.5185185185185185,0.48148148148148145,0.6401591419805387,
county,20,Mississippi,Yazoo,39,2,4.061933299284593,0.49237637662643285,-1.0948205178121275,0.41075892410758924,2,0.15384615384615385,0.8461538461538461,0.64681077743754,
county,20,Kentucky,Marion,32,6,8.697574281207636,0.6898475144919274,-1.0978243528813927,0.38236176382361764,1,0.90625,0.09375,0.6180634624709572,
county,20,Iowa,Webster,32,3,5.265647559459223,0.5697304967953641,-1.0989495436856223,0.395960403959604,2,0.6875,0.28125,0.6329047946269203,
county,20,Minnesota,Sherburne,24,2,3.864968830387487,0.5174685974891776,-1.1003075926393118,0.4263573642635736,2,0.9166666666666666,0.0,0.6570276305702762,
county,20,Kentucky,Barren,39,7,9.86946491430097,0.7092583094202927,-1.1039890929442326,0.35176482351764826,1,0.8461538461538461,0.1282051282051282,0.5874992907363606,
county,20,Indiana,Johnson,39,6,8.726947163434172,0.6875256475872736,-1.104018364152638,0.3825617438256174,3,0.9743589743589743,0.0,0.6180634624709572,
county,20,Washington,Skamania,21,2,3.9505377410066025,0.506260193198508,-1.1046775376104385,0.4173582641735826,0,0.9523809523809523,0.0,0.6521965450513773,
county,20,Tennessee,Henderson,41,3,5.252692511496041,0.5711356591755945,-1.1057502014773848,0.3955604439556044,1,0.8536585365853658,0.14634146341463414,0.6329047946269203,
county,20,New Hampshire,Belknap,34,5,7.641776577359376,0.6542981137152998,-1.1090821386171497,0.36636336366363365,1,1.0,0.0,0.5994130169560177,
county,20,Nebraska,Sarpy,49,6,8.927343226764677,0.6720924520983648,-1.1116471165960862,0.36036396360363965,4,0.8571428571428571,0.14285714285714285,0.5933664167829793,
county,20,Florida,Levy,34,4,6.46932304674887,0.6183027143790852,-1.11391939220452,0.36536346365363465,1,0.7941176470588235,0.17647058823529413,0.5986474921990089,
county,20,Iowa,Dubuque,25,2,3.949907902338005,0.5063409196999689,-1.1143262773490914,0.4163583641635836,2,0.76,0.24,0.6521965450513773,
county,20,West Virginia,Mineral,25,1,2.724024801601522,0.36710385287684427,-1.1164405584038812,0.44395560443955606,1,0.96,0.04,0.6715200963125164,
county,20,Mississippi,Rankin,88,6,9.175120750944565,0.6539423472309407,-1.1241183044017553,0.35356464353564643,4,0.5795454545454546,0.42045454545454547,0.5880784615265411,
county,20,Texas,Reeves,40,5,7.763261971936048,0.6440591619959297,-1.1241304174177942,0.3635636436356364,3,0.925,0.075,0.5964560959736601,
county,20,Pennsylvania,Erie,273,55,62.579615827552956,0.8788804353091642,-1.1257072796636078,0.2983701629837016,16,0.6593406593406593,0.336996336996337,0.5248403940093795,
county,20,Wyoming,Park,24,2,4.027758259619977,0.4965541303833617,-1.1279353418959137,0.40115988401159886,0,1.0,0.0,0.6370174602258084,
county,20,Washington,Island,31,4,6.495195352721481,0.6158398297172083,-1.1314997746748798,0.37636236376362364,3,0.8064516129032258,0.06451612903225806,0.6118562604171238,
county,20,Nebraska,Dawson,24,2,4.036048470253361,0.49553418764429535,-1.1338091586177013,0.391960803919608,0,1.0,0.0,0.6287413963230012,
county,20,Virginia,Harrisonburg,38,4,6.572294277319385,0.6086154744780332,-1.1357268027313343,0.35976402359764026,4,0.8157894736842105,0.15789473684210525,0.5933664167829793,
county,20,Michigan,Monroe,130,27,32.24165439922642,0.8374260100203734,-1.1376199579171087,0.32296770322967705,9,0.8307692307692308,0.15384615384615385,0.556170743957123,
county,20,Texas,Brown,57,8,11.287603636909097,0.7087421083639904,-1.1384835588410442,0.3387661233876612,5,0.8421052631578947,0.15789473684210525,0.5745957859529193,
county,20,Virginia,Lunenburg,30,2,4.1181648990888435,0.4856532093803495,-1.1418654538407873,0.41035896410358963,1,0.23333333333333334,0.7666666666666667,0.64681077743754,
county,20,Utah,Box Elder,24,2,4.074011875913385,0.4909165856448575,-1.1449743162999333,0.40135986401359863,2,1.0,0.0,0.6370174602258084,
county,20,Pennsylvania,Blair,92,16,20.499737328075383,0.7804978056029638,-1.1454304804376154,0.3147685231476852,5,0.9347826086956522,0.06521739130434782,0.5449982832810769,
county,20,Georgia,Walton,88,13,17.091884504437616,0.760594889148986,-1.1456427557699977,0.30316968303169683,6,0.5568181818181818,0.42045454545454547,0.5296656380873541,
county,20,Illinois,McLean,47,7,10.17458604375357,0.6879886778585428,-1.145760156338204,0.3357664233576642,5,0.6808510638297872,0.2978723404255319,0.5705813961487923,
county,20,Hawaii,Maui,98,20,24.711347178564896,0.8093447862425076,-1.1462538541413219,0.2997700229977002,1,0.5510204081632653,0.02040816326530612,0.5249335396237291,
county,20,Texas,Val Verde,59,10,13.634382103365649,0.7334399112616551,-1.1497869378625405,0.30896910308969106,2,1.0,0.0,0.537195075092298,
county,20,Virginia,Gloucester,37,2,4.175513012167843,0.47898306008670294,-1.1499678020907336,0.39576042395760425,2,0.8108108108108109,0.1891891891891892,0.6329047946269203,
county,20,West Virginia,Upshur,20,1,2.7559969643724234,0.36284510212721266,-1.153778485217096,0.43095690430956907,1,0.95,0.0,0.6601659290315658,
county,20,Missouri,Ste. Genevieve,30,3,5.325293297474195,0.5633492527863039,-1.1544317399046964,0.36676332366763326,3,0.9666666666666667,0.03333333333333333,0.5995233658864395,
county,20,California,Napa,114,29,34.578557017030384,0.8386700458818199,-1.1565428142968177,0.285971402859714,0,0.9035087719298246,0.043859649122807015,0.5125312518449944,
county,20,West Virginia,Kanawha,502,86,96.02949359115334,0.8955581955492339,-1.1606078406614648,0.2643735626437356,31,0.7310756972111554,0.25697211155378485,0.49090168223136493,
county,20,Pennsylvania,Monroe,141,28,33.736865907082,0.8299526125846288,-1.161550718332862,0.287971202879712,4,0.7801418439716312,0.19148936170212766,0.5140713651407136,
county,20,Florida,Franklin,23,2,4.081681058842811,0.4899941889548361,-1.1621029835103076,0.3895610438956104,0,0.9565217391304348,0.043478260869565216,0.6274456482923136,
county,20,Florida,Indian River,152,29,34.875935715894045,0.8315189085173076,-1.1627934503779698,0.2853714628537146,3,0.5328947368421053,0.45394736842105265,0.5124748481327166,
county,20,West Virginia,Pocahontas,23,2,3.9692092583303458,0.503878699718972,-1.1648280489711642,0.39176082391760825,0,0.8695652173913043,0.043478260869565216,0.6287413963230012,
county,20,Colorado,Teller,31,4,6.619249790480316,0.6042980891509377,-1.1649450012636673,0.35336466353364665,1,0.967741935483871,0.0,0.5880784615265411,
county,20,West Virginia,Greenbrier,40,4,6.716393283170255,0.5955577393037845,-1.1698516789401374,0.3491650834916508,0,0.95,0.05,0.5852049892503786,
county,20,Florida,Hillsborough,2597,648,673.3468191686788,0.9623569630878003,-1.1711838274297983,0.257974202579742,88,0.5910666153253754,0.4012321909896034,0.4855192977570719,
county,20,Missouri,Stone,25,2,4.102278021501183,0.4875339968469817,-1.1721440257507458,0.36896310368963103,2,1.0,0.0,0.6020275800474251,
county,20,Tennessee,Rhea,36,2,4.188746410261656,0.47746982130509713,-1.1728369237826595,0.36176382361763826,1,0.9166666666666666,0.08333333333333333,0.5951278959695272,
county,20,Michigan,Jackson,264,57,64.89145132055594,0.8783899703279385,-1.1728976895990988,0.2595740425957404,12,0.5681818181818182,0.38636363636363635,0.48599376822442364,
county,20,Vermont,Addison,34,2,4.24368330531835,0.4712887027864501,-1.1814360263291726,0.36236376362363765,1,0.7941176470588235,0.20588235294117646,0.5955714364753132,
county,20,Georgia,Whitfield,120,17,21.815040450520808,0.7792788667322478,-1.1826371481989646,0.2863713628637136,8,0.85,0.125,0.512738398454097,
county,20,Ohio,Miami,54,9,12.51789014838658,0.7189710001697053,-1.1871158232772732,0.30756924307569244,2,0.8888888888888888,0.09259259259259259,0.5357945364883802,
county,20,Georgia,Coweta,104,15,19.644303709431377,0.7635801310075647,-1.1883215726045473,0.285971402859714,7,0.5,0.49038461538461536,0.5125312518449944,
county,20,Georgia,Calhoun,22,2,4.144668911798512,0.48254759126999425,-1.1890257506573025,0.35776422357764226,1,0.13636363636363635,0.8181818181818182,0.5923314004687685,
county,20,Ohio,Lawrence,21,3,5.300406929429075,0.5659942792964276,-1.1935403029442884,0.35056494350564943,1,0.9523809523809523,0.047619047619047616,0.5863345019857941,
county,20,Georgia,Gordon,52,6,9.215891204544766,0.6510493523449076,-1.1936403795854342,0.30716928307169283,2,0.8269230769230769,0.1346153846153846,0.5356152972710466,
county,20,Michigan,Van Buren,130,26,31.593420028125678,0.8229561717868404,-1.1938994827614293,0.26677332266773324,4,0.7692307692307693,0.2076923076923077,0.49281998029705226,
county,20,Arkansas,Craighead,137,14,18.691350124761833,0.7490095635977173,-1.1941150245081011,0.28257174282571745,9,0.7007299270072993,0.2846715328467153,0.5104978480107901,
county,20,Michigan,Lake,21,3,5.222414022550209,0.574446986976923,-1.194820574875994,0.3457654234576542,1,0.5714285714285714,0.3333333333333333,0.5820868893502806,
county,20,Ohio,Hocking,20,3,5.269509831204785,0.5693129145019737,-1.1959189169103839,0.35896410358964104,0,1.0,0.0,0.5933664167829793,
county,20,Kentucky,Boyle,23,4,6.4264056728666965,0.6224319166293274,-1.1973638188074454,0.35436456354364565,0,0.782608695652174,0.21739130434782608,0.5883234880931797,
county,20,Georgia,Lamar,29,3,5.386999850344784,0.5568962471398604,-1.1983749697836699,0.3441655834416558,0,0.4827586206896552,0.5172413793103449,0.5802720662513189,
county,20,Missouri,Ozark,29,2,4.259964298281973,0.46948750270198086,-1.201349284769143,0.37696230376962303,2,1.0,0.0,0.6118562604171238,
county,20,Oklahoma,Creek,121,19,24.122746486450826,0.787638340048545,-1.2035220357797,0.27317268273172685,7,0.8016528925619835,0.14049586776859505,0.498008439803138,
county,20,Illinois,Knox,31,4,6.6986226176988675,0.5971376846086746,-1.204612500603201,0.32556744325567444,1,0.7741935483870968,0.22580645161290322,0.5595787418398294,
county,20,West Virginia,Cabell,193,36,42.829502929557805,0.8405420921930761,-1.2065260277100216,0.26677332266773324,11,0.7564766839378239,0.24352331606217617,0.49281998029705226,
county,20,Mississippi,Alcorn,26,2,4.193576309932771,0.4769199013412165,-1.206770598396851,0.35196480351964804,0,0.34615384615384615,0.6153846153846154,0.5874992907363606,
county,20,Georgia,Wayne,31,3,5.529438233626262,0.5425505943363381,-1.2080666706731567,0.34696530346965304,1,0.5483870967741935,0.45161290322580644,0.5830181194368913,
county,20,Florida,Union,20,1,2.8724254977611303,0.34813783709253215,-1.2088202313862084,0.38936106389361064,1,0.75,0.25,0.6274456482923136,
county,20,Texas,Jones,36,4,6.70776798792471,0.5963235471472448,-1.211460318305524,0.31796820317968205,1,0.8055555555555556,0.19444444444444445,0.5486092539071452,
county,20,Wisconsin,Fond du Lac,38,2,4.313067658190495,0.46370707776911624,-1.216057358191685,0.34296570342965704,0,0.9473684210526315,0.05263157894736842,0.5795381099190924,
county,20,Texas,Deaf Smith,23,2,4.208948986767054,0.47517800911534086,-1.2176686204324205,0.33296670332966705,1,0.9130434782608695,0.08695652173913043,0.5677689319914889,
county,20,Arkansas,Sebastian,198,27,33.2237292814241,0.8126721648642893,-1.2179992831447501,0.2525747425257474,20,0.7828282828282829,0.1717171717171717,0.48037158309485506,
county,20,Illinois,La Salle,22,3,5.383788169198926,0.5572284617666117,-1.2180305667690596,0.34936506349365065,1,0.9545454545454546,0.045454545454545456,0.5852049892503786,
county,20,California,Mariposa,33,6,9.072795823043611,0.6613176486084756,-1.2231787869382302,0.31216878312168783,0,0.8787878787878788,0.0,0.5417134898637181,
county,20,Ohio,Marion,45,7,10.330339616546354,0.6776156699425381,-1.2241957403577903,0.2937706229377062,1,0.7555555555555555,0.2222222222222222,0.5197923779751563,
county,20,Pennsylvania,Lebanon,101,18,23.03962512613005,0.781262711587506,-1.225370828722961,0.26997300269973,4,0.8514851485148515,0.13861386138613863,0.495179373212221,
county,20,Texas,Waller,90,16,20.691099780057307,0.773279340879757,-1.226373958484687,0.2745725427457254,3,0.5777777777777777,0.4,0.5000548430005484,
county,20,New York,Franklin,35,5,7.947284745536106,0.6291456969386229,-1.227053985210849,0.29917008299170084,1,0.8857142857142857,0.0,0.5249335396237291,
county,20,Nebraska,Lincoln,26,2,4.234634126450401,0.4722958206725786,-1.2278051432581516,0.33156684331566844,1,0.9615384615384616,0.0,0.5666493066333177,
county,20,New Jersey,Gloucester,184,38,44.93849374114641,0.8456002156833883,-1.2309733419560294,0.2385761423857614,6,0.7336956521739131,0.2608695652173913,0.46104264171653575,
county,20,Georgia,Henry,118,21,26.38329321048886,0.7959582540534139,-1.2311513056410446,0.25517448255174485,8,0.5169491525423728,0.4576271186440678,0.4837850599798065,
county,20,California,San Benito,73,19,23.794969387976238,0.7984881043638086,-1.2317265144183223,0.270972902709729,1,0.9452054794520548,0.0,0.49600420668593037,
county,20,Virginia,Galax,21,1,2.9255203929502454,0.34181952804353843,-1.2328460261777279,0.37676232376762325,0,0.8571428571428571,0.14285714285714285,0.6118562604171238,
county,20,Kansas,Lyon,31,4,6.764588799043086,0.5913145822796853,-1.2330413473529966,0.2993700629937006,1,0.8064516129032258,0.1935483870967742,0.5249335396237291,
county,20,Virginia,Sussex,30,3,5.511756554978726,0.544291093061816,-1.2361285861531817,0.33156684331566844,0,0.23333333333333334,0.7333333333333333,0.5666493066333177,
county,20,Iowa,Woodbury,94,10,14.236254260896471,0.7024319611562129,-1.2375478777697764,0.26777322267773224,6,0.6914893617021277,0.09574468085106383,0.49315129774050176,
county,20,Nevada,Carson City city,27,3,5.570421490009047,0.5385588873985059,-1.2380747784489619,0.32636736326367366,1,1.0,0.0,0.5602292292178964,
county,20,Alabama,Monroe,58,5,8.208146034127582,0.6091509555521004,-1.2397646331959902,0.29457054294570545,5,0.20689655172413793,0.7931034482758621,0.5206967538540264,
county,20,Alabama,Pickens,30,2,4.301223892281668,0.46498393250090986,-1.2412476929881178,0.3291670832916708,0,0.2,0.8,0.5636165728156529,
county,20,California,Kern,2250,739,766.1157047135803,0.964606253929075,-1.2439332446928892,0.21937806219378062,24,0.7595555555555555,0.2071111111111111,0.43851291145829985,
county,20,Arkansas,Crittenden,323,47,55.097421592447176,0.8530344731493356,-1.2445207445352253,0.2415758424157584,14,0.28173374613003094,0.7120743034055728,0.46484657830908477,
county,20,Oklahoma,Custer,56,8,11.647799164287544,0.6868250291031982,-1.2450533381996451,0.2755724427557244,3,0.7142857142857143,0.08928571428571429,0.5003596317105449,
county,20,Virginia,Waynesboro,33,3,5.657678426639242,0.530252830538135,-1.2468502671437478,0.2977702229777022,1,0.7272727272727273,0.2727272727272727,0.5242965937781222,
county,20,Pennsylvania,Adams,67,10,14.091600658546762,0.7096425908106369,-1.2503324761432988,0.26877312268773124,3,0.9104477611940298,0.08955223880597014,0.49348059084111956,
county,20,Missouri,Mississippi,25,3,5.560771031662058,0.5394935311881256,-1.2524009961827967,0.30796920307969206,0,0.28,0.72,0.5359734296840587,
county,20,Nevada,White Pine,26,2,4.3566048386338405,0.459073079629404,-1.2528680113480175,0.32656734326567344,1,0.9615384615384616,0.038461538461538464,0.5602292292178964,
county,20,Texas,Erath,38,5,8.079685302682874,0.6188359834187775,-1.2546013764348805,0.2937706229377062,2,0.9736842105263158,0.02631578947368421,0.5197923779751563,
county,20,New Mexico,Chaves,232,83,92.18121118259928,0.900400406277886,-1.2561732546480695,0.22797720227977203,0,0.9439655172413793,0.05603448275862069,0.44922720842669833,
county,20,Texas,Moore,22,2,4.269886937045768,0.4683964773511666,-1.258999557569144,0.31696830316968305,0,0.9090909090909091,0.0,0.5474079028878721,
county,20,Texas,De Witt,21,2,4.218979677417472,0.47404826591253996,-1.2608366020232984,0.32496750324967505,0,0.8095238095238095,0.19047619047619047,0.5590805423274468,
county,20,Minnesota,Olmsted,64,7,10.522537068789749,0.6652388064055645,-1.2618914754883788,0.27317268273172685,3,0.75,0.15625,0.498008439803138,
county,20,Michigan,Shiawassee,30,4,6.708951403388555,0.5962183595456781,-1.2627519224600507,0.295970402959704,1,0.9666666666666667,0.03333333333333333,0.5221473938711804,
county,20,South Carolina,Charleston,1122,100,112.43160922254198,0.8894295891653083,-1.2642512627271687,0.22157784221577842,82,0.29590017825311943,0.6987522281639929,0.439983314443886,
county,20,Ohio,Portage,72,11,15.31015271532737,0.7184774838325179,-1.2684283775217704,0.26877312268773124,3,0.9027777777777778,0.08333333333333333,0.49348059084111956,
county,20,Kentucky,Bourbon,23,3,5.582173963206981,0.5374250282727642,-1.2690847205374312,0.30016998300169984,0,0.6956521739130435,0.30434782608695654,0.5249335396237291,
county,20,West Virginia,Wyoming,49,4,7.068155230474878,0.5659185274756986,-1.2696711811811965,0.278972102789721,3,0.9387755102040817,0.02040816326530612,0.5060228383600271,
county,20,Ohio,Jefferson,61,11,15.171506434710098,0.7250433598890137,-1.269838816745334,0.26777322267773224,2,0.5737704918032787,0.39344262295081966,0.49315129774050176,
county,20,Kentucky,Logan,26,4,6.79368340238014,0.5887822206431663,-1.2720636487495685,0.28517148285171484,0,0.7307692307692307,0.23076923076923078,0.5124748481327166,
county,20,Michigan,Iosco,22,3,5.488674018992113,0.5465801010625314,-1.2782482133293214,0.29917008299170084,2,0.8181818181818182,0.045454545454545456,0.5249335396237291,
county,20,Virginia,Shenandoah,28,2,4.398826575780477,0.4546667083925997,-1.2789850142021681,0.2999700029997,1,0.9642857142857143,0.0,0.5249335396237291,
county,20,West Virginia,Monongalia,71,7,10.806966974711244,0.6477303036439636,-1.281971701346559,0.26377362263773624,4,0.8732394366197183,0.1267605633802817,0.49029262022251385,
county,20,Georgia,Telfair,20,1,3.031376001020389,0.32988319484728745,-1.2820364533219162,0.33396660333966605,0,0.3,0.7,0.5685946986037941,
county,20,Washington,Douglas,32,4,6.9332597000047755,0.5769292040217742,-1.2821032724725814,0.28757124287571245,1,1.0,0.0,0.5140713651407136,
county,20,Florida,Sarasota,398,87,97.72588134437471,0.8902452329227102,-1.2838484938676327,0.22417758224177584,7,0.7110552763819096,0.2864321608040201,0.4436796715498593,
county,20,Arizona,Apache,27,3,5.6190985960709785,0.5338934615060286,-1.284264572690997,0.2933706629337066,0,0.8888888888888888,0.0,0.5197923779751563,
county,20,Texas,Terry,30,4,6.873633428936937,0.5819338551224766,-1.2848927670919816,0.29117088291170884,0,0.9333333333333333,0.06666666666666667,0.5187560295353864,
county,20,Tennessee,Carroll,22,1,3.040461747878762,0.3288974119466129,-1.2883521611804054,0.34436556344365565,0,0.5,0.5,0.5802720662513189,
county,20,Tennessee,McMinn,81,8,11.969656167908049,0.6683567086453888,-1.292750095083495,0.25737426257374263,1,0.8395061728395061,0.12345679012345678,0.4852731027837655,
county,20,Oklahoma,Caddo,77,12,16.50426898060503,0.7270846115088032,-1.294102410474778,0.24697530246975302,3,0.7012987012987013,0.07792207792207792,0.4717123626620389,
county,20,Texas,Atascosa,103,17,22.13287897169812,0.7680880567656082,-1.2967538222464323,0.23537646235376464,5,0.9611650485436893,0.009708737864077669,0.45720594786592383,
county,20,North Carolina,Watauga,39,4,6.946283384289273,0.575847511353623,-1.2972879006585833,0.2755724427557244,3,0.9743589743589743,0.0,0.5003596317105449,
county,20,Virginia,Patrick,30,1,3.1322707914103125,0.3192571991994816,-1.3009179323562239,0.3167683231676832,0,0.8666666666666667,0.1,0.5474079028878721,
county,20,Wyoming,Albany,27,2,4.449748992556714,0.44946355476353517,-1.3014120620588328,0.2937706229377062,2,0.9629629629629629,0.037037037037037035,0.5197923779751563,
county,20,Oregon,Benton,40,4,7.053571481135215,0.5670886033689464,-1.3036124917975507,0.26617338266173385,1,0.95,0.025,0.49272136441386666,
county,20,Alaska,Bethel,23,2,4.456440454718361,0.4487886734540462,-1.3070106826295558,0.292970702929707,0,0.08695652173913043,0.0,0.5197923779751563,
county,20,Virginia,Colonial Heights,21,1,3.0977018674055623,0.32281996228305093,-1.3111394084317314,0.31056894310568944,1,0.8571428571428571,0.14285714285714285,0.5394564589783796,
county,20,Texas,Colorado,47,7,10.568566313627104,0.6623414938480543,-1.312839817732453,0.2595740425957404,1,0.5531914893617021,0.44680851063829785,0.48599376822442364,
county,20,Texas,Marion,63,6,9.72379972389876,0.6170427374448534,-1.3130565745392415,0.25677432256774324,5,0.5714285714285714,0.42857142857142855,0.4852731027837655,
county,20,Texas,Randall,30,3,5.757013205951506,0.5211035466965143,-1.3142848443381847,0.2703729627037296,0,0.9666666666666667,0.03333333333333333,0.49540899568579727,
county,20,Oklahoma,Cherokee,73,9,13.214906042537727,0.6810491100753738,-1.3151521077130295,0.23537646235376464,3,0.6438356164383562,0.0410958904109589,0.45720594786592383,
county,20,Arkansas,Monroe,45,3,5.940448030340152,0.5050124139926563,-1.3176952335115124,0.26777322267773224,2,0.3111111111111111,0.6888888888888889,0.49315129774050176,
county,20,New Mexico,Lincoln,29,6,9.24215634885278,0.6491991450398666,-1.319160265467458,0.2625737426257374,0,0.9655172413793104,0.034482758620689655,0.48907072102707083,
county,20,Idaho,Bonneville,71,7,10.947122773855584,0.6394374252125606,-1.3223677452922178,0.2405759424057594,2,0.9577464788732394,0.0,0.4634171198264789,
county,20,Georgia,Catoosa,48,4,7.23291292211358,0.5530275344212401,-1.3235489276620276,0.2575742425757424,4,0.875,0.041666666666666664,0.4852731027837655,
county,20,South Carolina,Newberry,82,3,6.050292011419859,0.4958438360227132,-1.3254068653222688,0.25737426257374263,3,0.35365853658536583,0.6463414634146342,0.4852731027837655,
county,20,Mississippi,Chickasaw,53,2,4.647926299071074,0.430299422002392,-1.3275703153927711,0.27517248275172485,1,0.3018867924528302,0.6792452830188679,0.5003596317105449,
county,20,Florida,Baker,35,4,7.0980098618599445,0.5635382421054921,-1.3331860075680677,0.2595740425957404,2,0.7142857142857143,0.2857142857142857,0.48599376822442364,
county,20,Missouri,Pike,26,2,4.560372208921997,0.4385606938151151,-1.3387582107120446,0.271972802719728,1,1.0,0.0,0.49682569736947274,
county,20,Virginia,Rockbridge,23,1,3.1901378227697887,0.31346608063841114,-1.3397346676164608,0.295970402959704,1,0.9565217391304348,0.043478260869565216,0.5221473938711804,
county,20,New York,Saratoga,61,7,10.979302528602675,0.6375632679547708,-1.3415515939339844,0.22857714228577142,2,0.9508196721311475,0.04918032786885246,0.4494270311245866,
county,20,North Carolina,Person,80,8,12.230100540506209,0.6541238130875477,-1.3461415953131024,0.23177682231776822,4,0.5125,0.4875,0.4542321854771044,
county,20,Texas,Wise,34,4,7.001631151134634,0.5712954472547142,-1.3474650236987866,0.2545745425457454,0,0.9411764705882353,0.058823529411764705,0.4831556844315568,
county,20,New York,Ontario,47,5,8.462797609388788,0.590821171766285,-1.348115550423875,0.24217578242175783,3,0.7872340425531915,0.1276595744680851,0.46539243839194355,
county,20,Oklahoma,Logan,51,6,9.626585975115301,0.6232739223967857,-1.350296052451149,0.2283771622837716,0,0.7254901960784313,0.23529411764705882,0.4494270311245866,
county,20,California,Amador,29,5,8.222272075946716,0.6081044209941566,-1.3515283489695664,0.24977502249775022,0,0.896551724137931,0.0,0.47605112638841823,
county,20,Michigan,Eaton,42,6,9.416372370631661,0.6371880554249484,-1.3522798542785672,0.24377562243775622,3,0.8571428571428571,0.047619047619047616,0.4675823906971005,
county,20,Nevada,Humboldt,37,4,7.228230138059109,0.5533858114088854,-1.3529846982922533,0.24037596240375964,2,0.8108108108108109,0.05405405405405406,0.4634171198264789,
county,20,Oklahoma,Choctaw,73,9,13.331689493687684,0.675083229643275,-1.3564503161205301,0.22297770222977703,4,0.6438356164383562,0.273972602739726,0.4417898869453714,
county,20,Virginia,Wythe,32,2,4.639638986050176,0.4310680218899192,-1.3591132793115468,0.26477352264773524,0,0.90625,0.0625,0.491138540466941,
county,20,Wisconsin,Manitowoc,35,2,4.620352048762094,0.4328674479547179,-1.3593133875221337,0.2683731626837316,1,0.9714285714285714,0.02857142857142857,0.49348059084111956,
county,20,Tennessee,Obion,38,2,4.7280204758340805,0.4230100123767285,-1.3597500703634033,0.2623737626237376,0,0.5263157894736842,0.47368421052631576,0.48907072102707083,
county,20,Arkansas,Saline,65,5,8.591493566492446,0.5819709880829597,-1.363530586490999,0.23537646235376464,2,0.7846153846153846,0.2153846153846154,0.45720594786592383,
county,20,Oklahoma,Tillman,29,3,5.865839231451472,0.511435769312359,-1.3646529561963465,0.24477552244775522,2,0.4482758620689655,0.5517241379310345,0.46850346812452515,
county,20,Wisconsin,Marinette,27,1,3.1919033793258107,0.3132926912753915,-1.364711050803387,0.287971202879712,1,0.9259259259259259,0.0,0.5140713651407136,
county,20,Ohio,Muskingum,94,17,22.51356452642943,0.7551003298497281,-1.3689218895615474,0.2263773622637736,3,0.7446808510638298,0.2553191489361702,0.44656278354659057,
county,20,Colorado,Rio Grande,25,2,4.6199518677970195,0.43290494300185883,-1.37020360281206,0.2653734626537346,0,1.0,0.0,0.49174548115589267,
county,20,Kansas,Cowley,23,2,4.540218479964348,0.4405074356720616,-1.3741458859617561,0.2595740425957404,1,0.9130434782608695,0.08695652173913043,0.48599376822442364,
county,20,Texas,Montgomery,494,97,109.10614540555667,0.8890424974637577,-1.3771152597841725,0.18438156184381563,26,0.8502024291497976,0.12550607287449392,0.39202825000518815,
county,20,Texas,Rusk,141,21,27.27253358499145,0.7700054684892447,-1.3775853687084032,0.1977802219778022,7,0.6028368794326241,0.3971631205673759,0.40836442070078705,
county,20,North Carolina,Davie,43,3,6.095256508480438,0.4921860131441633,-1.3892627582205197,0.23277672232776722,2,0.6744186046511628,0.32558139534883723,0.4550996687980173,
county,20,Texas,Washington,55,9,13.190762231174027,0.6822956734623035,-1.3932418405539766,0.21337866213378662,2,0.43636363636363634,0.5636363636363636,0.42985667913655556,
county,20,North Carolina,Duplin,183,25,31.923162989642194,0.7831304187530388,-1.3945320312304308,0.1907809219078092,20,0.40437158469945356,0.48633879781420764,0.4009067624706061,
county,20,Alabama,Hale,22,1,3.317678003877364,0.3014156282892137,-1.395308172349171,0.256974302569743,1,0.3181818181818182,0.6818181818181818,0.4852731027837655,
county,20,Georgia,Ware,103,16,21.644998077721688,0.7392008048486799,-1.3986064936242395,0.1947805219478052,5,0.4368932038834951,0.5631067961165048,0.4058943586610197,
county,20,Oregon,Union,33,3,6.028819802755408,0.4976098304727704,-1.399163244190585,0.23777622237776222,0,0.9393939393939394,0.0,0.4599898379260786,
county,20,Maine,Aroostook,52,5,8.70758507218123,0.5742120184359579,-1.4030603816310157,0.2151784821517848,0,1.0,0.0,0.43203430213771493,
county,20,Florida,Columbia,118,20,26.20417215347202,0.7632372388207664,-1.403733468022809,0.18958104189581043,1,0.5423728813559322,0.4576271186440678,0.39931614315203995,
county,20,Georgia,Columbia,70,6,10.026395212987843,0.5984204564595468,-1.4050245821622476,0.20637936206379362,3,0.6285714285714286,0.2857142857142857,0.41991268742347865,
county,20,Minnesota,Mower,24,1,3.313753469977728,0.30177259988104094,-1.4060141435122238,0.24677532246775322,1,0.9166666666666666,0.0,0.4717123626620389,
county,20,Illinois,Lake,219,39,47.27698364675393,0.8249257247755434,-1.408736907522721,0.1785821417858214,8,0.5799086757990868,0.4155251141552511,0.3851478488514785,
county,20,California,Del Norte,59,12,16.779942054704723,0.7151395374834126,-1.4118450084535954,0.20617938206179381,0,0.8983050847457628,0.0,0.41991268742347865,
county,20,North Carolina,Onslow,230,34,41.962955950671514,0.8102384407801928,-1.412754255088053,0.17838216178382163,15,0.5391304347826087,0.43478260869565216,0.3851478488514785,
county,20,Washington,Pacific,21,2,4.648262742144013,0.43026827676214774,-1.415376587614459,0.250974902509749,0,0.9523809523809523,0.047619047619047616,0.47783289252912087,
county,20,Minnesota,Anoka,113,12,17.32747493114185,0.6925417608559322,-1.4172784608812334,0.1967803219678032,8,0.8672566371681416,0.08849557522123894,0.4078102534574129,
county,20,Oklahoma,Woodward,25,2,4.69821319052254,0.42569375183622904,-1.4206811780386857,0.23697630236976303,2,1.0,0.0,0.45932205920116903,
county,20,California,Nevada,105,25,31.552380025052393,0.7923332560063664,-1.4268733817549248,0.17718228177182282,0,0.9619047619047619,0.009523809523809525,0.38442798319446037,
county,20,Indiana,Pike,22,3,5.852868173590272,0.5125692072711997,-1.428384243896466,0.22137786221377861,0,1.0,0.0,0.439983314443886,
county,20,Vermont,Washington,123,21,27.417021779938736,0.7659475259039943,-1.4284401569112286,0.18298170182981702,5,0.983739837398374,0.008130081300813009,0.3912140072887635,
county,20,Iowa,Black Hawk,106,17,22.927983116298503,0.7414520463387572,-1.4295345446136443,0.17798220177982202,6,0.5849056603773585,0.41509433962264153,0.3847744721930685,
county,20,Tennessee,Roane,72,6,10.061205584573578,0.5963500049337573,-1.4325026963866594,0.20037996200379962,3,0.8194444444444444,0.16666666666666666,0.4114864140009689,
county,20,Pennsylvania,Butler,83,13,18.319790185790882,0.7096151139374405,-1.4354908413813041,0.18818118188181182,2,0.963855421686747,0.03614457831325301,0.3968311940735751,
county,20,Tennessee,Blount,85,7,11.433933039981339,0.612212785882418,-1.4392884528411107,0.192980701929807,4,0.8823529411764706,0.11764705882352941,0.4031798442403732,
county,20,Alabama,Chambers,99,10,14.976929191129003,0.6676936154524326,-1.4393013481736057,0.18238176182381763,7,0.36363636363636365,0.6363636363636364,0.3905395683709539,
county,20,Mississippi,Lee,122,7,11.596440344165792,0.6036335109956155,-1.4403538308899713,0.19418058194180582,3,0.48360655737704916,0.5163934426229508,0.4052171171771712,
county,20,Mississippi,Sunflower,76,5,8.973815072944655,0.5571766254772293,-1.4414894619844703,0.1917808219178082,3,0.10526315789473684,0.8947368421052632,0.40239270736499433,
county,20,Kentucky,Perry,128,25,32.01690706478054,0.78083744783395,-1.4462628977924967,0.1765823417658234,5,0.9921875,0.0,0.3840223206595003,
county,20,Kentucky,Marshall,32,5,8.529073714111213,0.5862301309141673,-1.4469962618332604,0.2081791820817918,0,1.0,0.0,0.42221267187117056,
county,20,Georgia,Seminole,27,2,4.80124189903651,0.416558890815593,-1.4479474594405626,0.2211778822117788,2,0.6296296296296297,0.37037037037037035,0.439983314443886,
county,20,Indiana,Kosciusko,21,2,4.701733225176955,0.42537504877783183,-1.4481789424926832,0.22237776222377761,0,0.9047619047619048,0.047619047619047616,0.44108592441085925,
county,20,Texas,Burnet,37,4,7.457461709236008,0.5363755331181964,-1.4485853953512071,0.20977902209779023,2,0.8918918918918919,0.08108108108108109,0.42497929982282673,
county,20,Georgia,Liberty,109,14,19.61496322196982,0.7137408233485364,-1.4498361687808712,0.17678232176782321,5,0.28440366972477066,0.7064220183486238,0.3840223206595003,
county,20,Alabama,Butler,60,5,8.930965266035422,0.5598498987578717,-1.4513708916998531,0.1957804219578042,3,0.3,0.7,0.4062049491253406,
county,20,Georgia,Haralson,30,2,4.80506771371335,0.4162272249134243,-1.4525640425514355,0.2151784821517848,2,0.8,0.2,0.43203430213771493,
county,20,Texas,Leon,37,3,6.134592048891025,0.4890300734084383,-1.454459358678143,0.21077892210778923,1,0.7837837837837838,0.1891891891891892,0.4260475297761704,
county,20,Alabama,Dallas,172,24,31.183903585435218,0.7696278284803786,-1.4548222812948828,0.15998400159984003,15,0.12790697674418605,0.8604651162790697,0.3583244160056044,
county,20,Georgia,Polk,60,11,15.802147553660307,0.696107915879575,-1.455409734142857,0.1847815218478152,0,0.65,0.31666666666666665,0.39241588208670297,
county,20,Iowa,Story,23,1,3.4425402220355266,0.290483171002346,-1.4560822003841598,0.23977602239776022,0,0.7391304347826086,0.17391304347826086,0.4628652766415007,
county,20,Colorado,Weld,234,44,52.99160502668295,0.8303201984134017,-1.4570498618675074,0.16498350164983502,15,0.9829059829059829,0.008547008547008548,0.3681500661815007,
county,20,Michigan,Ogemaw,26,3,5.907687927896658,0.5078128764780749,-1.4573017011629374,0.21497850214978503,0,0.9230769230769231,0.038461538461538464,0.43203430213771493,
county,20,Kentucky,Hardin,108,20,26.42621931084659,0.7568241133831444,-1.4592109202293932,0.18098190180981902,4,0.7870370370370371,0.19444444444444445,0.38889396774608254,
county,20,North Carolina,Lee,180,28,35.56973161692195,0.787186147524354,-1.4594900409737157,0.17618238176182383,8,0.4777777777777778,0.5222222222222223,0.3840223206595003,
county,20,Texas,Coryell,45,4,7.583766265511514,0.5274424158073925,-1.460578601644364,0.18598140185981402,0,0.8444444444444444,0.15555555555555556,0.39438002272457395,
county,20,Pennsylvania,McKean,22,2,4.71343752581037,0.4243187671520362,-1.461990333110764,0.22037796220377961,2,1.0,0.0,0.4390513434844361,
county,20,Georgia,McIntosh,23,1,3.4246520488572614,0.2920004677069836,-1.4631030090101884,0.23557644235576441,1,0.34782608695652173,0.6521739130434783,0.45720594786592383,
county,20,Georgia,Clinch,26,1,3.523233004959659,0.2838302203096698,-1.46383910176854,0.2263773622637736,1,0.2692307692307692,0.7307692307692307,0.44656278354659057,
county,20,Florida,Okeechobee,93,12,17.37844549759601,0.6905105523770799,-1.4640574924123593,0.17498250174982502,7,0.7634408602150538,0.21505376344086022,0.38288040128026035,
county,20,Virginia,Grayson,28,1,3.559431177199818,0.2809437660729526,-1.4659264342716283,0.22577742225777422,1,0.8928571428571429,0.03571428571428571,0.4463560222925076,
county,20,Georgia,Pike,21,1,3.4804846798321973,0.28731630562678195,-1.4661658531117505,0.23497650234976503,0,0.8095238095238095,0.19047619047619047,0.45720594786592383,
county,20,Louisiana,Jackson,26,1,3.539575405474964,0.28251976167910264,-1.471151698618173,0.21557844215578442,0,0.4230769230769231,0.5769230769230769,0.4323558745349047,
county,20,Florida,Flagler,56,8,12.384230240743562,0.6459828220635271,-1.471320358176224,0.1807819218078192,2,0.8928571428571429,0.10714285714285714,0.38889396774608254,
county,20,Indiana,Clark,96,19,25.176493669097823,0.7546722053405321,-1.4735571551504745,0.16418358164183583,4,0.8541666666666666,0.14583333333333334,0.366819080173767,
county,20,Iowa,Cerro Gordo,22,1,3.488602131177629,0.2866477638888661,-1.4747336957563568,0.22917708229177083,1,0.8636363636363636,0.045454545454545456,0.45011577273645187,
county,20,Virginia,Manassas,44,3,6.378210921037905,0.4703513316100591,-1.4761404565835994,0.19738026197380262,1,0.6136363636363636,0.38636363636363635,0.40811538112243817,
county,20,Colorado,Morgan,22,2,4.662409522322638,0.4289627477861865,-1.4778054984652513,0.21657834216578342,0,1.0,0.0,0.4333970598500638,
county,20,Montana,Gallatin,20,1,3.412469642240953,0.293042899963589,-1.4837353445915777,0.22037796220377961,1,0.95,0.0,0.4390513434844361,
county,20,Montana,Silver Bow,27,1,3.5802788454437833,0.27930785370882133,-1.4846912109676944,0.21977802219778023,1,0.9259259259259259,0.037037037037037035,0.43882588485337515,
county,20,Pennsylvania,Susquehanna,40,5,8.82941499790436,0.5662889332064172,-1.4850284639981652,0.197980201979802,2,0.95,0.05,0.40836442070078705,
county,20,Mississippi,Winston,23,0,1.9718101718167549,0.0,-1.4894689619785215,0.23297670232976703,0,0.2608695652173913,0.7391304347826086,0.4550996687980173,
county,20,Mississippi,Jefferson Davis,30,0,2.0580542569785267,0.0,-1.4938162907285781,0.23457654234576542,0,0.16666666666666666,0.8333333333333334,0.45720594786592383,
county,20,Missouri,Taney,40,3,6.413582799754295,0.46775727291069363,-1.494819285541293,0.18338166183381663,3,1.0,0.0,0.3912140072887635,
county,20,Texas,Ward,30,3,6.210825962065464,0.4830275422823673,-1.4961387885312847,0.19518048195180482,0,0.9,0.1,0.4058943586610197,
county,20,North Carolina,Orange,175,23,30.272082497136132,0.7597759421465602,-1.497208079351339,0.16598340165983402,8,0.5371428571428571,0.44571428571428573,0.36901118766051877,
county,20,New York,Columbia,32,3,6.278293765922456,0.477836831446707,-1.4978381324513055,0.18698130186981302,1,0.71875,0.28125,0.3947626314651907,
county,20,Tennessee,Dyer,63,5,9.141642213773796,0.5469476799766299,-1.4980964114047408,0.1775822417758224,4,0.36507936507936506,0.6190476190476191,0.3847744721930685,
county,20,Vermont,Windham,20,2,4.739437650521771,0.42199099291449005,-1.4994883905981145,0.21637836216378362,0,0.95,0.0,0.4333970598500638,
county,20,Ohio,Coshocton,21,2,4.622925573309647,0.43262647608842186,-1.5003516976273168,0.20637936206379362,0,0.9047619047619048,0.09523809523809523,0.41991268742347865,
county,20,Virginia,Winchester,24,2,4.847072058846338,0.4126202325277632,-1.5052461590739867,0.19938006199380062,0,0.7083333333333334,0.2916666666666667,0.4103678673228568,
county,20,Kentucky,Estill,20,2,4.885783845018468,0.40935089710102396,-1.5098545327598818,0.194980501949805,1,1.0,0.0,0.4058943586610197,
county,20,Pennsylvania,Crawford,66,10,15.02981906279027,0.6653440043571296,-1.5140869876881125,0.1725827417258274,0,0.8939393939393939,0.09090909090909091,0.3803993683761208,
county,20,Kansas,Reno,46,5,8.989154681522145,0.5562258273603702,-1.5167893201128744,0.1695830416958304,2,0.8043478260869565,0.17391304347826086,0.3756243540265138,
county,20,Florida,Calhoun,23,1,3.587792815076498,0.2787228949781701,-1.5170871703998896,0.20337966203379662,1,0.43478260869565216,0.5217391304347826,0.4166971939169719,
county,20,Missouri,Ripley,25,1,3.587185892088415,0.27877005264921256,-1.5171734855616485,0.20657934206579343,0,1.0,0.0,0.41991268742347865,
county,20,Tennessee,Sumner,108,9,14.249865626921787,0.6315849030180751,-1.5209928888353648,0.15878412158784122,7,0.6944444444444444,0.28703703703703703,0.35652275370221387,
county,20,Minnesota,Cass,44,2,5.144366879431298,0.38877476021327173,-1.522538642893767,0.1865813418658134,1,0.5227272727272727,0.022727272727272728,0.39438002272457395,
county,20,Texas,Willacy,40,4,7.738902546180747,0.5168691524580645,-1.5233290650550335,0.1743825617438256,1,1.0,0.0,0.38203129869273095,
county,20,Maine,Franklin,20,1,3.5571950211806946,0.28112037547721597,-1.5235477397416772,0.20577942205779423,0,1.0,0.0,0.41991268742347865,
county,20,Mississippi,Clarke,24,0,2.076777011556154,0.0,-1.5265361078175539,0.2121787821217878,0,0.041666666666666664,0.9583333333333334,0.4279176109234714,
county,20,Georgia,Bartow,72,9,13.989987048541899,0.643317250314254,-1.5290151947758621,0.15978402159784022,2,0.6944444444444444,0.2361111111111111,0.35832163052351484,
county,20,New Jersey,Warren,58,10,14.842130944586346,0.6737576994392096,-1.5307824795599472,0.1553844615538446,1,0.8448275862068966,0.1206896551724138,0.3506360252585505,
county,20,Massachusetts,Norfolk,232,60,70.46330810885664,0.8515069986113597,-1.532118992109154,0.144985501449855,2,0.7844827586206896,0.15948275862068967,0.33342966723735784,
county,20,Texas,Kleberg,73,10,15.032431244611795,0.6652283876957287,-1.5361058449827796,0.1503849615038496,3,0.9315068493150684,0.0547945205479452,0.34149129167687764,
county,20,North Carolina,Ashe,33,2,5.1001282614196946,0.3921470005233302,-1.5371466569954246,0.17798220177982202,1,0.9393939393939394,0.06060606060606061,0.3847744721930685,
county,20,Idaho,Repressed,30,2,5.136026153996302,0.389406116719989,-1.5376180895907512,0.1837816218378162,2,0.9666666666666667,0.03333333333333333,0.3912140072887635,
county,20,Maine,Washington,28,1,3.7377032319936845,0.2675439803353788,-1.5385889711643435,0.19198080191980801,0,0.9285714285714286,0.0,0.40239270736499433,
county,20,Oklahoma,Kay,61,8,12.738341253454559,0.6280252539026971,-1.540120334772524,0.16578342165783422,3,0.6557377049180327,0.11475409836065574,0.36901118766051877,
county,20,Tennessee,Morgan,26,1,3.704048272257356,0.2699748832891345,-1.5424963320068554,0.19238076192380762,1,0.9615384615384616,0.038461538461538464,0.40239270736499433,
county,20,Michigan,Bay,70,10,15.169885844222788,0.6592007416989457,-1.5445920602749559,0.14998500149985,3,0.8714285714285714,0.1,0.3414672404134113,
county,20,Texas,Wilbarger,31,3,6.399791426396083,0.46876527688487357,-1.546998194371834,0.1765823417658234,1,0.6129032258064516,0.3870967741935484,0.3840223206595003,
county,20,Texas,Panola,47,4,7.908672032496849,0.5057739129355651,-1.549944698491535,0.17178282171782822,2,0.7446808510638298,0.23404255319148937,0.3795642494574072,
county,20,Pennsylvania,Cambria,148,25,32.671099495240696,0.7652022853911553,-1.5560306955254017,0.14338566143385661,3,0.7364864864864865,0.25675675675675674,0.33101709035242444,
county,20,Arkansas,Lafayette,37,1,3.8475724194635594,0.25990413980029076,-1.5576815902649586,0.16878312168783122,1,0.3783783783783784,0.6216216216216216,0.374312384259729,
county,20,Wisconsin,Portage,28,1,3.670816596001825,0.2724189492575517,-1.5583586080896923,0.1835816418358164,0,0.9642857142857143,0.0,0.3912140072887635,
county,20,Texas,Hockley,29,2,5.159817280946965,0.38761062477641584,-1.5609851744958665,0.1755824417558244,1,0.8275862068965517,0.1724137931034483,0.38369940245684875,
county,20,Indiana,Montgomery,20,1,3.637817009847084,0.2748901325418881,-1.5620912140967322,0.19558044195580443,1,0.95,0.05,0.4062049491253406,
county,20,Michigan,Calhoun,324,74,86.01412311125188,0.860323831986142,-1.5659593767774362,0.1327867213278672,10,0.5246913580246914,0.4691358024691358,0.3133697101494039,
county,20,Alabama,Franklin,33,2,5.244826270670272,0.3813281692826036,-1.5667854562216,0.17298270172982702,0,0.9090909090909091,0.06060606060606061,0.3808153983136485,
county,20,Kentucky,Bell,66,11,16.442784672434996,0.6689864411130199,-1.5680209540771128,0.1451854814518548,2,0.9696969696969697,0.030303030303030304,0.3334642331945149,
county,20,Kentucky,Hart,25,4,7.494597505433234,0.5337177876597358,-1.568046608310278,0.1685831416858314,0,0.84,0.16,0.374312384259729,
county,20,Georgia,Greene,24,1,3.666033275706991,0.27277439259117225,-1.571650811224301,0.17098290170982902,1,0.20833333333333334,0.7916666666666666,0.37826033347585486,
county,20,Alabama,Tuscaloosa,332,52,62.94676851922307,0.8260948293814308,-1.574354615950515,0.13038696130386962,22,0.39759036144578314,0.5813253012048193,0.31014207286395373,
county,20,Texas,Hays,116,18,24.714207707964693,0.7283259982556151,-1.5746303945610567,0.1421857814218578,8,0.9396551724137931,0.0603448275862069,0.3303620668860949,
county,20,Colorado,Eagle,20,1,3.684951116003489,0.2713740205825442,-1.5749948853725717,0.17578242175782421,0,1.0,0.0,0.38369940245684875,
county,20,Georgia,Houston,205,28,36.464427518625406,0.7678716465711158,-1.576013968672949,0.14338566143385661,11,0.4926829268292683,0.4926829268292683,0.33101709035242444,
county,20,Washington,Kitsap,171,30,38.304906987032766,0.7831894751801852,-1.5761981481606526,0.1287871212878712,8,0.8128654970760234,0.09941520467836257,0.3079617767666204,
county,20,Georgia,Putnam,26,1,3.8089312987578094,0.2625408340460553,-1.5785354603044544,0.1733826617338266,1,0.4230769230769231,0.5384615384615384,0.38123041354401144,
county,20,Virginia,Stafford,86,7,11.903089076879821,0.5880826359265492,-1.5820783687184397,0.14038596140385962,4,0.7325581395348837,0.23255813953488372,0.32702311164232417,
county,20,Texas,Llano,20,1,3.6771520109195395,0.271949594966549,-1.583841712864573,0.18118188181181882,0,1.0,0.0,0.38889396774608254,
county,20,Virginia,Wise,66,5,9.455489506889956,0.5287933529360523,-1.5850579256179256,0.15078492150784922,4,0.9242424242424242,0.07575757575757576,0.341968821985726,
county,20,Maryland,Dorchester,71,9,14.209382514036626,0.63338431428033,-1.5866853223602744,0.142985701429857,0,0.352112676056338,0.6338028169014085,0.33101709035242444,
county,20,Mississippi,Montgomery,29,0,2.273917258561365,0.0,-1.5869061818862467,0.1743825617438256,0,0.20689655172413793,0.7931034482758621,0.38203129869273095,
county,20,Oklahoma,Washington,60,6,10.581971579780992,0.5670020898056671,-1.5895512360564463,0.1501849815018498,4,0.8333333333333334,0.11666666666666667,0.3414672404134113,
county,20,New Hampshire,Grafton,42,6,10.264079510453424,0.5845628917711828,-1.589571429406612,0.14438556144385561,1,0.9047619047619048,0.07142857142857142,0.3324740322902575,
county,20,Colorado,Mesa,149,26,33.78433763171863,0.7695873834622629,-1.5896903550490669,0.1341865813418658,5,0.9664429530201343,0.013422818791946308,0.3158464832367938,
county,20,Alabama,Shelby,112,11,16.788190583702168,0.6552224878051305,-1.5906250554795167,0.12958704129587043,8,0.5446428571428571,0.44642857142857145,0.3094641529224561,
county,20,North Carolina,Alexander,70,5,9.427543361438625,0.530360859484502,-1.591737765628165,0.14338566143385661,3,0.8857142857142857,0.08571428571428572,0.33101709035242444,
county,20,Georgia,Jackson,69,7,11.797534969149506,0.5933442891506543,-1.5921908019906719,0.13938606139386062,2,0.6521739130434783,0.34782608695652173,0.32638060869237756,
county,20,Virginia,Carroll,46,2,5.4307027386294395,0.36827646370214423,-1.5953584423574696,0.14538546145385461,0,1.0,0.0,0.3334987111975825,
county,20,Nebraska,Hall,41,4,7.951452798029738,0.5030527252819944,-1.5960428623692906,0.1521847815218478,1,0.8780487804878049,0.0975609756097561,0.34384606652116745,
county,20,North Carolina,Union,201,28,36.465542234306255,0.7678481734917959,-1.5997689966053281,0.13058694130586943,15,0.5373134328358209,0.4527363184079602,0.3102085048412155,
county,20,Mississippi,Tunica,30,0,2.349133770957776,0.0,-1.6037781933722404,0.1723827617238276,0,0.13333333333333333,0.8666666666666667,0.3803993683761208,
county,20,Michigan,Hillsdale,35,3,6.609602812499039,0.4538850646708865,-1.6076668861892371,0.15598440155984403,1,1.0,0.0,0.35111095632009837,
county,20,Mississippi,Jones,145,11,17.090718300888255,0.6436242062118769,-1.6105212854177737,0.1227877212278772,9,0.25517241379310346,0.7379310344827587,0.2995754551743743,
county,20,Maryland,Washington,146,23,30.789754011584066,0.747001745819297,-1.6130905618371474,0.1287871212878712,10,0.7534246575342466,0.2465753424657534,0.3079617767666204,
county,20,Kentucky,Graves,37,5,9.167567317542801,0.5454009582708097,-1.6145369159825211,0.14338566143385661,0,0.7027027027027027,0.2972972972972973,0.33101709035242444,
county,20,Georgia,Upson,50,5,9.234646934750462,0.5414392163911256,-1.6159421101767806,0.14038596140385962,1,0.5,0.5,0.32702311164232417,
county,20,Wyoming,Fremont,47,5,9.221693231635301,0.5421997755084008,-1.6175477116597907,0.143985601439856,3,0.5319148936170213,0.0,0.33197703247578053,
county,20,Mississippi,Forrest,191,19,26.485168123506035,0.7173826464456979,-1.6176200294422622,0.12358764123587641,9,0.31413612565445026,0.675392670157068,0.30111961776795293,
county,20,Iowa,Polk,459,78,91.62953566589107,0.8512539044660395,-1.6182295232422788,0.11738826117388261,26,0.6339869281045751,0.3202614379084967,0.29153035109712166,
county,20,South Carolina,Chesterfield,159,5,9.846803260637524,0.5077790088472103,-1.6193474474030303,0.12518748125187482,4,0.36477987421383645,0.6289308176100629,0.3025643816315419,
county,20,Florida,Suwannee,53,6,10.620830305311578,0.5649275835806682,-1.620949566083217,0.1311868813118688,2,0.7547169811320755,0.24528301886792453,0.3108146478387641,
county,20,Alaska,Juneau,674,112,128.14252116442094,0.8740268178139845,-1.6250087358362364,0.11038896110388961,41,0.5504451038575667,0.028189910979228485,0.2791462789204951,
county,20,Missouri,Laclede,39,3,6.7659831563426645,0.44339454158819436,-1.6278362824230437,0.13538646135386462,1,1.0,0.0,0.31825526704174434,
county,20,Rhode Island,Providence,1009,358,382.2844915363148,0.9364753421235559,-1.628059878902513,0.11018898110188981,5,0.643211100099108,0.30921704658077304,0.2790319282678474,
county,20,Oregon,Douglas,101,13,19.307289206716447,0.6733208303254543,-1.629965602932092,0.12098790120987901,5,0.9702970297029703,0.009900990099009901,0.2955842627119402,
county,20,Virginia,Alleghany,22,0,2.3382891306921167,0.0,-1.6382644573456002,0.15558444155584442,0,0.8181818181818182,0.13636363636363635,0.35064843515648436,
county,20,Louisiana,Union,46,3,6.810313588959573,0.44050834969822833,-1.645473733923511,0.1327867213278672,1,0.2826086956521739,0.717391304347826,0.3133697101494039,
county,20,Texas,Upshur,78,9,14.487873573874374,0.6212091756673994,-1.6474989610188826,0.12098790120987901,6,0.7051282051282052,0.2948717948717949,0.2955842627119402,
county,20,Ohio,Medina,27,2,5.293724902038994,0.3778058053658316,-1.648446424992332,0.14578542145785423,1,0.9629629629629629,0.037037037037037035,0.333991251446647,
county,20,Virginia,Charlottesville,112,14,20.67719590577468,0.6770743994397282,-1.6532308110590936,0.10978902109789021,7,0.39285714285714285,0.6071428571428571,0.2784101336701773,
county,20,Illinois,McHenry,25,2,5.264987712552281,0.37986793306882577,-1.653378690064717,0.1511848815118488,1,0.96,0.04,0.34244515246967766,
county,20,Nevada,Lyon,49,5,9.451609025287278,0.5290104559575799,-1.6551935942369365,0.12498750124987501,1,0.9183673469387755,0.04081632653061224,0.3025643816315419,
county,20,Michigan,Tuscola,30,3,6.649533947153401,0.45115943821660914,-1.6561585985655567,0.1257874212578742,1,0.8333333333333334,0.13333333333333333,0.3027966896234275,
county,20,New York,Fulton,23,2,5.255999175447416,0.3805175635001409,-1.6581404516601925,0.14858514148585142,2,0.8260869565217391,0.17391304347826086,0.3395424716083525,
county,20,Ohio,Allen,197,38,47.735322928025205,0.7960562046955455,-1.6613028569171446,0.11238876112388761,3,0.3096446700507614,0.6852791878172588,0.2826177633282697,
county,20,Virginia,Franklin,91,7,12.314609793352158,0.5684305160670894,-1.6627181585055963,0.11378862113788621,5,0.6263736263736264,0.37362637362637363,0.28534198040557557,
county,20,California,Inyo,28,4,7.888614317113012,0.5070599016766072,-1.6631513486203904,0.13958604139586042,0,0.6785714285714286,0.0,0.3264249450541327,
county,20,Texas,San Augustine,29,2,5.312006277611154,0.37650557914992033,-1.6649638196097134,0.12538746125387462,0,0.5862068965517241,0.3793103448275862,0.3026420249541311,
county,20,Tennessee,Hawkins,43,3,6.901708067950372,0.4346750066017965,-1.6656227404496933,0.1287871212878712,1,0.9534883720930233,0.046511627906976744,0.3079617767666204,
county,20,New Jersey,Morris,168,33,42.11864165590932,0.7835010509027193,-1.6671723583543505,0.11998800119988001,6,0.8452380952380952,0.09523809523809523,0.29514101795823144,
county,20,Colorado,Montezuma,37,3,6.900953630301473,0.4347225268732813,-1.6679419638201878,0.13038696130386962,2,0.7027027027027027,0.0,0.31014207286395373,
county,20,Colorado,Alamosa,24,1,4.002399784482279,0.2498501033997414,-1.669391936373544,0.13758624137586242,1,1.0,0.0,0.323005199480052,
county,20,Louisiana,St. Landry,153,14,21.063605133108815,0.664653553441054,-1.6753597950208763,0.1105889411058894,12,0.3790849673202614,0.6078431372549019,0.2792603092631913,
county,20,Georgia,Sumter,67,9,14.548563245060095,0.6186177870901385,-1.6807497908152023,0.11698830116988301,3,0.16417910447761194,0.8208955223880597,0.29093780277144704,
county,20,Missouri,Butler,62,6,10.96523545572759,0.5471838725420123,-1.6807545378060365,0.11818818118188182,1,0.7419354838709677,0.24193548387096775,0.2919086173574424,
county,20,Virginia,Louisa,51,2,5.733004656500324,0.3488572083632123,-1.68164929799859,0.12098790120987901,2,0.6862745098039216,0.29411764705882354,0.2955842627119402,
county,20,West Virginia,Hampshire,30,1,4.153117774141035,0.24078296219442613,-1.6835674365839026,0.12478752124787522,1,1.0,0.0,0.3025643816315419,
county,20,West Virginia,Hardy,28,1,4.1427433831490665,0.24138593861921992,-1.6868864175013687,0.13258674132586742,0,0.8571428571428571,0.14285714285714285,0.3133697101494039,
county,20,Arkansas,Calhoun,22,0,2.4035907942605257,0.0,-1.6876895004162125,0.1481851814818518,0,0.4090909090909091,0.5909090909090909,0.3390582261570797,
county,20,Arkansas,Cleburne,29,1,4.0826564356230515,0.24493856286180266,-1.6879318234882101,0.130986901309869,1,1.0,0.0,0.31074918823907083,
county,20,Ohio,Pickaway,27,2,5.398920244504007,0.37044444248569147,-1.689518445980165,0.12998700129987,0,0.9259259259259259,0.07407407407407407,0.3100086816715154,
county,20,Oregon,Polk,61,7,12.158377930817457,0.5757346942026963,-1.6900854397424803,0.12518748125187482,3,0.7704918032786885,0.21311475409836064,0.3025643816315419,
county,20,Mississippi,Marshall,41,1,4.213602916555082,0.23732658719952912,-1.6901455475331826,0.11818818118188182,0,0.2682926829268293,0.7317073170731707,0.2919086173574424,
county,20,Rhode Island,Kent,96,18,25.118325441792884,0.7166082803454276,-1.6935626817327103,0.11958804119588042,1,0.9583333333333334,0.03125,0.2945590686832956,
county,20,California,Sutter,156,39,48.48683378134233,0.8043420648144518,-1.6964290894367782,0.10238976102389762,0,0.8974358974358975,0.03205128205128205,0.2679372120843068,
county,20,Indiana,Marion,3849,1173,1221.039027621579,0.9606572545718276,-1.6989217175078066,0.10218978102189781,40,0.3411275656014549,0.6477007014809041,0.2678025802070956,
county,20,Illinois,Tazewell,25,2,5.387421786929123,0.3712350877839875,-1.6991548852919895,0.127987201279872,0,0.92,0.08,0.3076812318768123,
county,20,Kentucky,Breckinridge,21,2,5.308364215040687,0.37676389919388203,-1.6995614467842595,0.1255874412558744,0,0.9523809523809523,0.047619047619047616,0.30271946067425337,
county,20,Florida,Seminole,415,88,102.46680223893682,0.8588147387950834,-1.7005668617126437,0.09659034096590341,14,0.6313253012048192,0.35180722891566263,0.2603174660112464,
county,20,Florida,Wakulla,35,3,6.861357763210182,0.4372312454082569,-1.7033470706662572,0.12398760123987601,1,0.8571428571428571,0.14285714285714285,0.30168643054722866,
county,20,Texas,Grayson,199,36,45.72347663689429,0.7873417038229238,-1.7050115725994468,0.1055894410558944,2,0.7537688442211056,0.24623115577889448,0.2727475103492516,
county,20,Texas,Williamson,153,22,30.169364121408094,0.7292165625853833,-1.7063713425105806,0.1065893410658934,6,0.8562091503267973,0.1437908496732026,0.274543688488294,
county,20,North Carolina,Burke,169,19,26.85061581899678,0.7076187796988076,-1.7089091776783782,0.10718928107189281,12,0.8106508875739645,0.15976331360946747,0.2750324399378244,
county,20,Tennessee,Bedford,45,2,5.8030716763773,0.3446450623971175,-1.7090607637675315,0.11598840115988401,2,0.7777777777777778,0.2222222222222222,0.28884956808186585,
county,20,Georgia,Mitchell,56,5,9.704285751744866,0.5152362706447491,-1.7104900653049262,0.10818918108189181,3,0.30357142857142855,0.6785714285714286,0.2759053656161965,
county,20,New York,Chemung,81,10,16.001551374035838,0.6249394053270377,-1.7110556768379668,0.10738926107389261,2,0.7037037037037037,0.2839506172839506,0.2750324399378244,
county,20,California,Plumas,48,7,12.075798504652798,0.5796718119553671,-1.7164709482747167,0.11578842115788421,0,0.8541666666666666,0.020833333333333332,0.28875037807422577,
county,20,Texas,Kaufman,193,32,41.342495656217956,0.7740219716316803,-1.7164985924633476,0.10678932106789321,6,0.6373056994818653,0.35751295336787564,0.2746663992659222,
county,20,Wyoming,Sweetwater,76,8,13.62764030594554,0.5870422039617319,-1.7212916466346664,0.10438956104389562,3,0.9605263157894737,0.039473684210526314,0.2704229577042296,
county,20,West Virginia,Boone,35,2,5.680494564908935,0.3520820198218185,-1.7214707225809522,0.10358964103589641,2,1.0,0.0,0.26912409623590955,
county,20,North Carolina,Surry,110,11,17.456801153146326,0.630126900312284,-1.7217396695850258,0.10258974102589741,8,0.8636363636363636,0.11818181818181818,0.2680714537241928,
county,20,Louisiana,Pointe Coupee,29,1,4.249639428545805,0.23531408177427243,-1.7229424929126715,0.11498850114988501,1,0.13793103448275862,0.8620689655172413,0.28715272517069623,
county,20,New Mexico,Cibola,29,4,7.95440167960693,0.5028662319448849,-1.7237490427094555,0.11818818118188182,1,0.7931034482758621,0.0,0.2919086173574424,
county,20,Oregon,Washington,256,46,57.11886036956217,0.8053381965672541,-1.7264174869403748,0.10338966103389662,13,0.87890625,0.04296875,0.2689921484042072,
county,20,Texas,Morris,44,4,8.31667546734286,0.48096141489551014,-1.730734566861408,0.10738926107389261,4,0.5227272727272727,0.4772727272727273,0.2750324399378244,
county,20,Michigan,St. Clair,115,18,25.387496946570153,0.7090104250089058,-1.7355011943671246,0.0973902609739026,3,0.782608695652174,0.1826086956521739,0.2620346532555016,
county,20,Texas,Jim Wells,96,11,17.445453810199183,0.6305367644588896,-1.7369264357158434,0.09599040095990401,1,0.9791666666666666,0.020833333333333332,0.25947630124543763,
county,20,Florida,Taylor,60,7,12.371677830875461,0.565808461527377,-1.7391133440820437,0.10278972102789721,2,0.5,0.5,0.26820530682098215,
county,20,Texas,Madison,37,3,7.006573183265928,0.4281693663266113,-1.7419436738183198,0.10158984101589841,1,0.3783783783783784,0.6216216216216216,0.2673963260608246,
county,20,Indiana,Greene,33,3,7.07184122808752,0.42421766881371403,-1.7427134994902707,0.10918908109189081,0,1.0,0.0,0.27766983527317224,
county,20,Kentucky,Breathitt,42,6,10.907134036775853,0.5500986766798365,-1.744915732848464,0.10778922107789221,0,1.0,0.0,0.27527473881507036,
county,20,Arkansas,Jackson,51,2,5.866640741105946,0.3409105974372263,-1.7462633767522573,0.09979002099790021,2,0.5098039215686274,0.49019607843137253,0.26459030567531483,
county,20,South Carolina,Marlboro,161,6,11.607070190790864,0.5169263131328735,-1.7482361480333146,0.09379062093790622,4,0.32919254658385094,0.639751552795031,0.25544484826441827,
county,20,Mississippi,Humphreys,22,0,2.6135273285895466,0.0,-1.749492337884428,0.11778822117788221,0,0.09090909090909091,0.9090909090909091,0.2919086173574424,
county,20,Texas,Limestone,69,9,14.732259791775471,0.6109042419292932,-1.7527077538052926,0.10058994100589941,6,0.5652173913043478,0.43478260869565216,0.2659291255625171,
county,20,New York,Cayuga,44,4,8.515375042348458,0.4697385587959774,-1.7527410856855832,0.104989501049895,1,0.75,0.22727272727272727,0.27158690156809284,
county,20,Oklahoma,Johnston,24,1,4.005955955722737,0.24962830621526005,-1.754121511445424,0.12098790120987901,1,0.8333333333333334,0.08333333333333333,0.2955842627119402,
county,20,Michigan,Cass,56,7,12.229752274098892,0.5723746354883359,-1.7578604509561346,0.1065893410658934,2,0.7142857142857143,0.2857142857142857,0.274543688488294,
county,20,Pennsylvania,Centre,57,7,12.33842739596916,0.5673332407245699,-1.7582222574885786,0.09559044095590441,4,0.9122807017543859,0.07017543859649122,0.2591722782608957,
county,20,Oregon,Grant,20,1,4.142861520232493,0.24137905530182455,-1.7605271531639572,0.11258874112588742,0,0.95,0.0,0.2827263234679318,
county,20,Missouri,Stoddard,20,1,3.9176879812900407,0.2552525889697611,-1.7619755251650526,0.11938806119388061,0,1.0,0.0,0.2944687747367534,
county,20,West Virginia,Monroe,21,0,2.6732239451952986,0.0,-1.7624158837817467,0.11478852114788521,0,1.0,0.0,0.28705090655982946,
county,20,Tennessee,Marion,36,1,4.298643153255478,0.2326315454314167,-1.7628269883813628,0.10418958104189581,1,0.9722222222222222,0.027777777777777776,0.27029325844393975,
county,20,Arkansas,Baxter,37,2,5.763369265850988,0.3470192361003769,-1.763136762670264,0.10178982101789821,2,0.972972972972973,0.0,0.26753213891438843,
county,20,Texas,Shelby,110,13,20.011091523237717,0.6496397252945376,-1.7650516771135603,0.0847915208479152,4,0.4909090909090909,0.509090909090909,0.23758089307348337,
county,20,Florida,St. Johns,181,34,43.72735368217856,0.7775453380307571,-1.7665717302781598,0.09199080091990801,10,0.7569060773480663,0.23756906077348067,0.25168348112078015,
county,20,Alabama,Jackson,82,7,12.577359781640693,0.5565555984347347,-1.7674287600902931,0.10138986101389862,4,0.8902439024390244,0.10975609756097561,0.2672601160936538,
county,20,Indiana,Scott,35,3,7.013325457571479,0.42775713435075874,-1.769886569540992,0.10338966103389662,2,1.0,0.0,0.2689921484042072,
county,20,West Virginia,Marshall,40,2,5.969801380786605,0.3350195211580845,-1.77051252845046,0.0983901609839016,2,1.0,0.0,0.2620346532555016,
county,20,Oregon,Tillamook,30,2,5.750600011089022,0.3477897951767383,-1.7711296649747137,0.10018998100189981,2,0.9666666666666667,0.0,0.26526069859974355,
county,20,Texas,Johnson,135,22,30.223552919652995,0.7279091263189778,-1.771428338608648,0.0861913808619138,4,0.9259259259259259,0.07407407407407407,0.23981953656486202,
county,20,Kansas,Cherokee,23,2,5.415765275038474,0.3692922234311183,-1.7733091112002952,0.11138886111388861,1,0.9130434782608695,0.043478260869565216,0.28049457624069996,
county,20,Florida,Bradford,39,3,7.207864982781298,0.4162120138441315,-1.7744130360814812,0.0923907609239076,0,0.5641025641025641,0.4358974358974359,0.2523947605239476,
county,20,Kentucky,Leslie,50,7,12.360363060016855,0.5663264069195112,-1.7744647409696108,0.0913908609139086,2,1.0,0.0,0.2504220702549806,
county,20,Missouri,Johnson,32,2,5.719883648670338,0.3496574620822796,-1.7744755792452322,0.09779022097790221,2,0.90625,0.03125,0.2620346532555016,
county,20,Florida,Volusia,735,163,183.2892627184478,0.8893046847506049,-1.7751838584326323,0.0871912808719128,26,0.6925170068027211,0.29931972789115646,0.24185519909547504,
county,20,New Hampshire,Merrimack,76,12,18.469829322281434,0.6497082236446857,-1.7758763109494284,0.09599040095990401,3,0.9605263157894737,0.013157894736842105,0.25947630124543763,
county,20,Iowa,Pottawattamie,86,10,16.335692758609163,0.6121564691359566,-1.77748590939844,0.0841915808419158,6,0.9302325581395349,0.046511627906976744,0.23644457984108128,
county,20,Virginia,Floyd,20,0,2.7090177740331045,0.0,-1.7844752728167745,0.10938906109389061,0,1.0,0.0,0.2777865875384293,
county,20,Louisiana,Franklin,38,1,4.528163032419223,0.2208401051023418,-1.7861477800354721,0.09919008099190081,0,0.3684210526315789,0.631578947368421,0.2637753923722672,
county,20,West Virginia,Roane,29,1,4.4054100520472455,0.22699362560706202,-1.7866654427077218,0.0983901609839016,1,1.0,0.0,0.2620346532555016,
county,20,Arkansas,Lee,53,3,7.328112995137821,0.40938233375911237,-1.787976906957232,0.09419058094190581,3,0.33962264150943394,0.6415094339622641,0.25614723595513755,
county,20,Texas,Smith,485,84,99.4771383846312,0.8444151225501842,-1.7926664720815184,0.0745925407459254,27,0.5484536082474227,0.44536082474226807,0.21975547543284887,
county,20,Pennsylvania,Bradford,53,6,11.228961393675684,0.5343325878187887,-1.7932483215012578,0.08959104089591041,2,0.9811320754716981,0.018867924528301886,0.24623879075507082,
county,20,Pennsylvania,Tioga,31,3,7.098822525098054,0.42260529677892766,-1.7934843076331493,0.0993900609939006,0,1.0,0.0,0.2639179381030969,
county,20,Kentucky,Letcher,35,5,9.66255414384608,0.5174615247237105,-1.79433997593178,0.09819018098190181,0,0.9428571428571428,0.02857142857142857,0.2620346532555016,
county,20,Colorado,Denver,2365,660,698.9439738445169,0.9442816945250891,-1.7943414180203001,0.0785921407859214,26,0.6744186046511628,0.2930232558139535,0.22563953795703232,
county,20,Missouri,Buchanan,104,15,22.197312192116676,0.6757574912753272,-1.7951409487048615,0.0877912208779122,5,0.8365384615384616,0.15384615384615385,0.2420299254478222,
county,20,Pennsylvania,Jefferson,41,5,9.836816433711524,0.5082945314364733,-1.7962618818747678,0.09659034096590341,1,0.9512195121951219,0.04878048780487805,0.2603174660112464,
county,20,Florida,Holmes,28,1,4.4241797076009135,0.22603060139757908,-1.798909030130404,0.10078992100789921,1,0.8928571428571429,0.10714285714285714,0.2660676831291981,
county,20,California,Yolo,248,67,79.95623229284837,0.8379584439972764,-1.8019965444634987,0.0771922807719228,1,0.8467741935483871,0.10080645161290322,0.22304115742271927,
county,20,Vermont,Bennington,25,1,4.403791921842974,0.22707703219127184,-1.8061397439208364,0.1075892410758924,0,1.0,0.0,0.2751537612196227,
county,20,Colorado,Otero,26,2,5.709463089540488,0.3502956352697894,-1.8064568886905439,0.0933906609339066,0,0.9615384615384616,0.038461538461538464,0.25474033534619306,
county,20,New Jersey,Salem,80,13,19.756030111381406,0.6580269379378364,-1.8099035041819445,0.08499150084991501,5,0.4125,0.5875,0.23758089307348337,
county,20,Arizona,Coconino,156,31,40.62564436090594,0.7630648199596634,-1.813512537080624,0.07339266073392661,0,0.7243589743589743,0.02564102564102564,0.2187027198919452,
county,20,Kansas,Montgomery,52,6,11.269813198239277,0.5323956923205614,-1.8153046861158,0.0817918208179182,2,0.5,0.4807692307692308,0.2326035535247737,
county,20,Georgia,Appling,22,1,4.303389327746271,0.23237497791623474,-1.8172646576995486,0.09759024097590241,0,0.36363636363636365,0.6363636363636364,0.2620346532555016,
county,20,Michigan,Washtenaw,367,78,92.5214780666458,0.8430474915653037,-1.818458979491251,0.073992600739926,15,0.5258855585831063,0.4550408719346049,0.2187027198919452,
county,20,Arkansas,Poinsett,49,2,6.148138158473277,0.3253017333781982,-1.8200657575985237,0.08499150084991501,2,0.8163265306122449,0.16326530612244897,0.23758089307348337,
county,20,Tennessee,Hamblen,90,5,10.463270111346823,0.47786207818316606,-1.8219190706260637,0.08759124087591241,5,0.8555555555555555,0.13333333333333333,0.2420299254478222,
county,20,Florida,Osceola,253,44,55.60292419031141,0.7913252880262514,-1.8219442485835198,0.07939206079392061,11,0.766798418972332,0.22134387351778656,0.22757374501023667,
county,20,Louisiana,Morehouse,69,5,10.324626998954141,0.48427899627816945,-1.822274289803702,0.0827917208279172,4,0.21739130434782608,0.7681159420289855,0.23360480853323115,
county,20,Georgia,Taylor,25,1,4.421522910555742,0.22616641827471834,-1.8222997081881438,0.09459054094590541,1,0.36,0.6,0.2568475080202823,
county,20,Tennessee,Henry,41,2,6.0721420455806845,0.32937305896122826,-1.822319661901554,0.08339166083391661,1,0.6585365853658537,0.3170731707317073,0.23456343913190583,
county,20,Missouri,Morgan,20,0,2.780480458511616,0.0,-1.8272905689297083,0.097990200979902,0,0.95,0.05,0.2620346532555016,
county,20,Idaho,Bonner,33,2,5.9938033684889325,0.3336779465463529,-1.828383662930736,0.0851914808519148,1,0.7878787878787878,0.12121212121212122,0.2377712693126972,
county,20,Oklahoma,Delaware,60,6,11.366717257752274,0.5278568881360983,-1.8285902874594449,0.0861913808619138,3,0.7833333333333333,0.0,0.23981953656486202,
county,20,Oregon,Linn,102,14,21.215593834671477,0.6598919695153935,-1.8291222681872736,0.07799220077992201,2,0.9117647058823529,0.058823529411764705,0.22463248882779455,
county,20,Texas,Camp,28,2,5.74841589139684,0.34792193845842434,-1.8365619339533483,0.08819118088191182,1,0.5714285714285714,0.42857142857142855,0.24276137271769008,
county,20,Florida,De Soto,81,12,18.713099294244813,0.6412620278080062,-1.8388171056523481,0.08139186081391861,2,0.6419753086419753,0.345679012345679,0.23183179312400512,
county,20,Louisiana,Livingston,140,11,18.22420707989487,0.60359279017057,-1.839020323509288,0.0745925407459254,9,0.7428571428571429,0.25,0.21975547543284887,
county,20,New Hampshire,Rockingham,117,20,28.2815537902345,0.7071747241449624,-1.841491387049244,0.0801919808019198,5,0.9572649572649573,0.02564102564102564,0.2293460527364985,
county,20,Georgia,Laurens,87,11,17.8082597414632,0.6176909007222395,-1.845790183523092,0.07339266073392661,7,0.26436781609195403,0.7241379310344828,0.2187027198919452,
county,20,Montana,Flathead,46,3,7.547312859204566,0.397492465989568,-1.8508568683659867,0.07119288071192881,2,0.9565217391304348,0.0,0.21500965481341314,
county,20,Georgia,Wilkes,25,1,4.410013905171975,0.22675665462805464,-1.8544183521601227,0.08759124087591241,0,0.28,0.68,0.2420299254478222,
county,20,Pennsylvania,Venango,47,5,10.107513634593978,0.4946814994032755,-1.857365031390036,0.0771922807719228,3,0.9148936170212766,0.0851063829787234,0.22304115742271927,
county,20,Louisiana,Lafayette,464,79,94.68637633283423,0.8343333334703327,-1.8591860254039432,0.06359364063593641,16,0.4267241379310345,0.5517241379310345,0.19734825140549628,
county,20,Georgia,Colquitt,138,21,29.820878941881276,0.7042045957440581,-1.8605701251004512,0.07679232076792321,4,0.3188405797101449,0.644927536231884,0.22295741440348718,
county,20,Texas,Wharton,100,12,19.110501252782477,0.6279270146434703,-1.8655677277905645,0.07379262073792621,3,0.74,0.26,0.2187027198919452,
county,20,Washington,Adams,32,4,8.50793736317983,0.4701492064705335,-1.870228757570026,0.08039196080391961,0,0.96875,0.03125,0.2293460527364985,
county,20,Wyoming,Natrona,97,12,19.11717595168692,0.6277077759982173,-1.8705157692569299,0.07379262073792621,2,0.9072164948453608,0.061855670103092786,0.2187027198919452,
county,20,Ohio,Darke,31,2,6.052921821172901,0.3304189380084297,-1.875848111131548,0.073992600739926,1,0.7741935483870968,0.16129032258064516,0.2187027198919452,
county,20,Missouri,Cass,56,6,11.538328548718638,0.5200059934734929,-1.8759464340009258,0.07639236076392361,2,0.9285714285714286,0.05357142857142857,0.22215391364089399,
county,20,West Virginia,Harrison,114,11,18.24872466099088,0.6027818493811783,-1.8775311855662609,0.06879312068793121,7,0.9473684210526315,0.05263157894736842,0.21022711288193216,
county,20,Kentucky,Muhlenberg,24,2,5.9357645974847255,0.33694058569093155,-1.8791195895845847,0.08639136086391361,0,0.9166666666666666,0.08333333333333333,0.240005583417005,
county,20,Idaho,Latah,26,1,4.617329391111017,0.21657540870381375,-1.881880695855507,0.0781921807819218,0,0.8076923076923077,0.038461538461538464,0.2248492854063876,
county,20,Florida,Madison,51,5,10.200054313595615,0.49019346821864646,-1.8826803970889254,0.0735926407359264,1,0.35294117647058826,0.6470588235294118,0.2187027198919452,
county,20,Missouri,Dunklin,48,3,7.710478791968478,0.389080896393219,-1.8830587644779804,0.07639236076392361,1,0.7291666666666666,0.2708333333333333,0.22215391364089399,
county,20,North Carolina,Macon,23,0,2.935081535971401,0.0,-1.8862737271084156,0.0771922807719228,0,0.9130434782608695,0.08695652173913043,0.22304115742271927,
county,20,Michigan,Wexford,29,2,5.973622902694475,0.3348051982152867,-1.888779168139389,0.08039196080391961,1,0.9310344827586207,0.0,0.2293460527364985,
county,20,Ohio,Licking,55,7,12.595014480066002,0.5557754626704738,-1.8923465942069033,0.070992900709929,1,0.9090909090909091,0.07272727272727272,0.21500965481341314,
county,20,Arkansas,Howard,21,0,2.9576274157699984,0.0,-1.894711189302223,0.08199180081991801,0,0.47619047619047616,0.47619047619047616,0.23280506595009792,
county,20,Texas,Hill,81,10,16.505429880838328,0.605861227014106,-1.8954740750562964,0.0673932606739326,1,0.6419753086419753,0.35802469135802467,0.20735503241484723,
county,20,West Virginia,Randolph,35,1,4.802980818420267,0.20820403782684826,-1.8968678235729537,0.07279272072792721,0,1.0,0.0,0.2187027198919452,
county,20,Kentucky,Knott,26,3,7.283293256548241,0.4119015800033548,-1.8992657638640258,0.0775922407759224,0,1.0,0.0,0.22383809619038092,
county,20,West Virginia,Nicholas,35,2,6.240867261471206,0.3204682804819863,-1.9005399909844238,0.07219278072192781,2,1.0,0.0,0.21730147519471757,
county,20,Kentucky,Clay,85,16,23.74778381649173,0.6737470798807232,-1.9023773338141141,0.06419358064193581,0,1.0,0.0,0.1985266310418701,
county,20,Georgia,Bulloch,63,6,11.802968443676566,0.5083466950396277,-1.9050167869567678,0.06619338066193381,1,0.31746031746031744,0.6666666666666666,0.20401139373242164,
county,20,Mississippi,Covington,30,0,2.972154551185272,0.0,-1.9069740093212368,0.0821917808219178,0,0.3333333333333333,0.6666666666666666,0.23300594468855002,
county,20,Missouri,St. Francois,48,4,8.99710640215903,0.44458738412164633,-1.9084516061650156,0.07179282071792821,2,0.9375,0.020833333333333332,0.21645895611107788,
county,20,Colorado,Pueblo,290,59,72.74226176093674,0.8110828364658238,-1.9099420814506631,0.056394360563943605,7,0.9482758620689655,0.04482758620689655,0.18156970017283985,
county,20,West Virginia,Marion,73,6,11.997830431447554,0.5000904150364869,-1.910131096476361,0.0735926407359264,4,0.7808219178082192,0.2054794520547945,0.2187027198919452,
county,20,Ohio,Geauga,28,2,6.053026990633489,0.33041319708219025,-1.9128108886514026,0.07539246075392461,1,0.9285714285714286,0.07142857142857142,0.2213886103246353,
county,20,Connecticut,Middlesex,60,11,17.5258002546867,0.6276460897731851,-1.9162347526493517,0.072992700729927,1,0.8166666666666667,0.18333333333333332,0.2187027198919452,
county,20,Oregon,Curry,28,2,5.981901700966236,0.3343418364225121,-1.920137330163429,0.07599240075992401,0,0.9642857142857143,0.0,0.2220653137279465,
county,20,Oklahoma,Garvin,56,4,9.243186559941222,0.4327511918168442,-1.924524298797706,0.0705929407059294,1,0.9285714285714286,0.05357142857142857,0.2142745321427453,
county,20,North Dakota,Cass,40,3,7.665676346667382,0.39135489998925355,-1.9246243002375674,0.06419358064193581,1,0.775,0.125,0.1985266310418701,
county,20,Mississippi,Holmes,38,0,3.3236669531620837,0.0,-1.9304110282375244,0.0633936606339366,0,0.10526315789473684,0.8947368421052632,0.19706684503963395,
county,20,Texas,Van Zandt,86,12,19.139611031493875,0.6269719891514108,-1.93343058206604,0.060193980601939805,3,0.9302325581395349,0.05813953488372093,0.18874738613095213,
county,20,Maryland,Garrett,28,1,4.753711765662014,0.2103619338520701,-1.9365476702635267,0.07119288071192881,1,1.0,0.0,0.21500965481341314,
county,20,Virginia,Martinsville,90,13,20.59240785062964,0.6313006276049699,-1.9373334057528993,0.058394160583941604,3,0.28888888888888886,0.7,0.1847099500576258,
county,20,Oklahoma,Cleveland,176,24,33.9972733365275,0.7059389664115744,-1.9437906875003883,0.06179382061793821,5,0.8522727272727273,0.09659090909090909,0.19342753224677534,
county,20,Tennessee,Gibson,83,5,10.838440955637966,0.4613209612401946,-1.9465036651071619,0.0565943405659434,4,0.4819277108433735,0.5180722891566265,0.1818887629953582,
county,20,Texas,Lampasas,26,1,4.669514500261999,0.21415502616897142,-1.9465492137405374,0.06999300069993,1,0.9615384615384616,0.038461538461538464,0.2131712504425233,
county,20,Virginia,Rockingham,54,2,6.63829934102969,0.30128198462496164,-1.9466740208168518,0.058194180581941805,2,0.9074074074074074,0.09259259259259259,0.1847099500576258,
county,20,Pennsylvania,Lackawanna,121,19,27.646246219219357,0.6872542423785337,-1.9471599844093266,0.051994800519948,4,0.8429752066115702,0.14049586776859505,0.17075888039611337,
county,20,Maine,Hancock,32,2,6.293343938622158,0.3177960746314896,-1.9481248096853394,0.06619338066193381,1,0.96875,0.03125,0.20401139373242164,
county,20,Kentucky,Hopkins,83,13,20.559577808028905,0.6323087040689743,-1.9481520416902751,0.058194180581941805,1,0.7590361445783133,0.24096385542168675,0.1847099500576258,
county,20,Oklahoma,Sequoyah,92,10,17.040899261099675,0.5868234913416586,-1.9493982340914329,0.061993800619938005,2,0.8586956521739131,0.010869565217391304,0.1937171967378652,
county,20,Georgia,Lumpkin,27,0,3.22782776404011,0.0,-1.95012495278513,0.06259374062593741,0,1.0,0.0,0.19525348503211962,
county,20,Virginia,Campbell,80,5,10.778575245947994,0.46388320217736173,-1.9558195989242877,0.055394460553944605,3,0.6125,0.375,0.1796334755013707,
county,20,Arkansas,Ashley,76,4,9.428498436637767,0.424245708569732,-1.956149684948029,0.0575942405759424,4,0.34210526315789475,0.6578947368421053,0.18346716565092608,
county,20,California,Colusa,35,5,10.167847472132523,0.49174616492858736,-1.9562691139684532,0.0705929407059294,0,0.9714285714285714,0.0,0.2142745321427453,
county,20,North Carolina,Bladen,127,10,17.364010858950014,0.575903809392382,-1.9573489987194872,0.056394360563943605,8,0.3700787401574803,0.6141732283464567,0.18156970017283985,
county,20,Kentucky,Mercer,23,2,6.083048370433902,0.3287825245185977,-1.961166925860602,0.06879312068793121,1,0.9565217391304348,0.043478260869565216,0.21022711288193216,
county,20,Ohio,Richland,146,26,35.90315825807757,0.724170275303022,-1.961518978678426,0.058394160583941604,2,0.678082191780822,0.3219178082191781,0.1847099500576258,
county,20,New Mexico,Roosevelt,22,3,7.236140924276873,0.41458562393874304,-1.9620737282038987,0.0695930406959304,0,1.0,0.0,0.21231176374748312,
county,20,Illinois,Adams,27,1,4.79792704449788,0.2084233442329579,-1.9710565258516586,0.060193980601939805,0,0.8518518518518519,0.1111111111111111,0.18874738613095213,
county,20,West Virginia,Clay,23,0,3.2754121889326044,0.0,-1.9725617675847658,0.057394260573942604,0,1.0,0.0,0.18315372002622746,
county,20,Georgia,White,25,0,3.2906912284997505,0.0,-1.9753427122377596,0.055594440555944404,0,0.96,0.04,0.1799583057852204,
county,20,Oklahoma,Garfield,96,12,19.589337869284023,0.612578132046818,-1.9798993055482064,0.0537946205379462,2,0.7604166666666666,0.19791666666666666,0.17539186406856602,
county,20,Arizona,Pinal,427,98,115.31379849224166,0.8498549287368542,-1.9830510055063182,0.051794820517948204,7,0.8173302107728337,0.08665105386416862,0.17075888039611337,
county,20,Georgia,Worth,31,1,4.764911238510045,0.20986749803815719,-1.9832613312198892,0.05599440055994401,0,0.3870967741935484,0.6129032258064516,0.18092814374476532,
county,20,Georgia,Clarke,208,50,62.745840858015605,0.7968655661678433,-1.98401184654467,0.051994800519948,7,0.34134615384615385,0.6490384615384616,0.17075888039611337,
county,20,Kentucky,Christian,146,27,37.20335954977317,0.7257409096046171,-1.986107277365309,0.04999500049995,2,0.4657534246575342,0.5342465753424658,0.1678603089411729,
county,20,Arkansas,Union,144,16,24.690124564880698,0.648032372536445,-1.989604208133504,0.04739526047395261,4,0.3125,0.6666666666666666,0.16153809949817874,
county,20,Virginia,Charlotte,30,0,3.3716290540015788,0.0,-1.9963511690836369,0.050994900509949,0,0.3,0.7,0.1696380177480407,
county,20,Tennessee,Campbell,43,2,6.4931218599885225,0.3080182450177418,-1.9978428658146523,0.0547945205479452,0,0.9534883720930233,0.0,0.1780081451314328,
county,20,Maine,Oxford,38,2,6.630213563949841,0.3016494085310478,-1.9991145501948575,0.050594940505949405,1,1.0,0.0,0.16861862797084431,
county,20,Missouri,McDonald,27,0,3.383594777962239,0.0,-2.0006855638441827,0.05039496050394961,0,1.0,0.0,0.1685753502571821,
county,20,Idaho,Kootenai,96,9,16.141454095737856,0.5575705848196444,-2.0049189248334987,0.04559544045595441,4,0.9479166666666666,0.010416666666666666,0.15658776979444913,
county,20,Missouri,Howell,42,2,6.599273192536276,0.3030636771125014,-2.007286109620028,0.050594940505949405,1,0.9523809523809523,0.047619047619047616,0.16861862797084431,
county,20,Georgia,Thomas,96,9,16.154231410919426,0.5571295700219118,-2.007887340534311,0.051594840515948405,2,0.28125,0.7083333333333334,0.17075888039611337,
county,20,Missouri,Polk,21,0,3.2882098610948067,0.0,-2.0107584238463367,0.05299470052994701,0,0.9523809523809523,0.0,0.17341097106260336,
county,20,Louisiana,Grant,42,1,5.223226831551933,0.19145253159585232,-2.012975993240128,0.042195780421957804,0,0.6428571428571429,0.35714285714285715,0.14888256771191766,
county,20,New Mexico,Luna,47,7,12.98682687829914,0.5390077241806411,-2.013166066353104,0.05979402059794021,0,0.9787234042553191,0.02127659574468085,0.18814767737885899,
county,20,Michigan,Grand Traverse,22,1,4.728683960149957,0.21147532980154754,-2.01750011735884,0.057194280571942806,0,0.9090909090909091,0.09090909090909091,0.18315372002622746,
county,20,Alabama,Clarke,53,2,6.830090498173107,0.29282188874875875,-2.026758943807701,0.048595140485951406,2,0.20754716981132076,0.7924528301886793,0.16407685074189213,
county,20,Georgia,Stephens,45,4,9.396972696273362,0.4256690031233478,-2.0282715013076453,0.051994800519948,1,0.5333333333333333,0.4666666666666667,0.17075888039611337,
county,20,North Carolina,Stokes,62,4,9.459389141389876,0.4228602862417263,-2.0325228062171283,0.0433956604339566,3,0.8225806451612904,0.1774193548387097,0.15046610723543027,
county,20,North Carolina,Pitt,338,52,66.41632344506719,0.782940056039222,-2.0325649254301212,0.04839516048395161,23,0.28994082840236685,0.6893491124260355,0.16370820704045919,
county,20,Maryland,Worcester,85,9,16.288824023385274,0.552526074754017,-2.0330983123560578,0.0451954804519548,0,0.7058823529411765,0.2823529411764706,0.15580774618522852,
county,20,West Virginia,Lewis,22,0,3.402657608118549,0.0,-2.0339982644935044,0.047595240475952406,0,1.0,0.0,0.16160869788727342,
county,20,Minnesota,Washington,56,4,9.578061174273,0.41762105369969205,-2.039103091421225,0.04279572042795721,1,0.875,0.05357142857142857,0.14982657074098416,
county,20,Missouri,New Madrid,26,1,4.934228259174574,0.20266593831378318,-2.0420365273062333,0.05119488051194881,0,0.6923076923076923,0.23076923076923078,0.16998963087116706,
county,20,Wisconsin,Walworth,57,3,8.09860491780739,0.37043417112539156,-2.0420895058013944,0.049595040495950406,3,0.9473684210526315,0.03508771929824561,0.16713992152186652,
county,20,Minnesota,Dakota,94,8,15.16092540622243,0.527672274986367,-2.043553847746311,0.0461953804619538,2,0.776595744680851,0.13829787234042554,0.15834652276217245,
county,20,North Carolina,Bertie,74,3,8.525569010204256,0.3518826715740966,-2.043648696716671,0.0425957404259574,3,0.2972972972972973,0.6891891891891891,0.1494165758521424,
county,20,Virginia,Washington,66,3,8.496560803483641,0.3530840382816989,-2.043653168140192,0.0425957404259574,1,0.9696969696969697,0.030303030303030304,0.1494165758521424,
county,20,Michigan,Lenawee,53,7,13.227846279303911,0.5291866757593104,-2.0502934006649447,0.053394660533946606,1,0.9245283018867925,0.05660377358490566,0.17440321185272775,
county,20,Minnesota,Itasca,20,0,3.245432449746006,0.0,-2.0519502125834257,0.0433956604339566,0,0.75,0.0,0.15046610723543027,
county,20,Indiana,Grant,77,10,17.48879533435418,0.5717946724641727,-2.0617063742558432,0.04999500049995,0,0.7272727272727273,0.2727272727272727,0.1678603089411729,
county,20,Indiana,Delaware,135,30,40.84158271581011,0.7345454804910573,-2.0695293604377225,0.04079592040795921,2,0.6296296296296297,0.35555555555555557,0.14507898322593776,
county,20,Indiana,Jennings,29,3,7.834366885496834,0.3829281987742585,-2.077396539263587,0.051794820517948204,0,0.9310344827586207,0.0,0.17075888039611337,
county,20,California,Imperial,248,63,77.87067390692468,0.8090337072888449,-2.0828193603322123,0.044195580441955803,2,0.8709677419354839,0.06451612903225806,0.15265255083687032,
county,20,Idaho,Elmore,21,0,3.453718760155556,0.0,-2.082866777678347,0.046995300469953004,0,0.9523809523809523,0.047619047619047616,0.16078278320175574,
county,20,Virginia,Henry,225,21,31.65983806110408,0.6633009290657017,-2.0839964159801916,0.0387961203879612,16,0.5111111111111111,0.48,0.1404606527299077,
county,20,Missouri,St. Charles,150,19,28.756947856178734,0.6607098950495072,-2.0877208703615846,0.041195880411958805,8,0.8666666666666667,0.12666666666666668,0.14592568248086785,
county,20,New Mexico,Valencia,97,16,24.838243897950814,0.6441679236960879,-2.087835116421854,0.041195880411958805,1,0.8969072164948454,0.0,0.14592568248086785,
county,20,Maryland,Queen Anne's,40,2,6.91159995303318,0.28936859968613965,-2.0882022570225676,0.040195980401959805,1,0.675,0.3,0.14379633465224906,
county,20,Virginia,Hampton,389,59,75.02378883962261,0.7864172272893807,-2.091930648842458,0.0337966203379662,23,0.2647814910025707,0.7223650385604113,0.12801534972553166,
county,20,Georgia,Franklin,37,1,5.360631213384745,0.18654519592825936,-2.092996142938793,0.037196280371962806,0,0.7027027027027027,0.2972972972972973,0.13714702149416963,
county,20,Louisiana,Madison,63,4,9.991301823277011,0.40034822996549757,-2.096507922933555,0.037396260373962605,1,0.1746031746031746,0.8095238095238095,0.1373227239394187,
county,20,Ohio,Belmont,35,3,7.916588962605065,0.37895108792067533,-2.0965729446672046,0.0453954604539546,1,0.7428571428571429,0.14285714285714285,0.15619850228717583,
county,20,Pennsylvania,Bucks,337,58,73.58216195979969,0.7882345184650495,-2.0966936226096946,0.040195980401959805,23,0.7833827893175074,0.19881305637982197,0.14379633465224906,
county,20,Missouri,Barry,23,0,3.575077929700055,0.0,-2.096998612585727,0.037396260373962605,0,1.0,0.0,0.1373227239394187,
county,20,Texas,Young,26,1,5.1876970798205,0.1927637609932693,-2.097697560443807,0.04739526047395261,0,1.0,0.0,0.16153809949817874,
county,20,South Carolina,Hampton,49,0,3.8543595216107507,0.0,-2.1003361320833247,0.024997500249975,0,0.30612244897959184,0.673469387755102,0.10082884329016761,
county,20,Louisiana,Natchitoches,122,11,19.357550627474804,0.5682537120366531,-2.1005737262510453,0.038196180381961806,7,0.29508196721311475,0.6885245901639344,0.13912669339126693,
county,20,Texas,Burleson,44,3,8.378290678429671,0.35806826417751897,-2.105220282019253,0.042995700429957005,0,0.5909090909090909,0.4090909090909091,0.14994438660582685,
county,20,Washington,Yakima,528,112,132.55618320419353,0.8449247503413088,-2.112215932166226,0.035996400359964,10,0.8977272727272727,0.02462121212121212,0.13409402861366757,
county,20,Florida,Hamilton,23,1,5.098687038789759,0.19612892346445396,-2.1146876993138934,0.0385961403859614,0,0.4782608695652174,0.5217391304347826,0.1403000828949363,
county,20,Oklahoma,Payne,76,9,16.384271173082354,0.5493073146144004,-2.117965393820045,0.0387961203879612,0,0.7631578947368421,0.09210526315789473,0.1404606527299077,
county,20,Georgia,Meriwether,44,2,7.004415275936397,0.28553418396978564,-2.1259558449843836,0.039996000399960006,0,0.29545454545454547,0.7045454545454546,0.14365097354806353,
county,20,New Hampshire,Carroll,24,2,6.560229945930335,0.30486736234614886,-2.129045634648004,0.037196280371962806,1,1.0,0.0,0.13714702149416963,
county,20,Texas,Howard,105,14,22.778731780452233,0.6146084046704576,-2.131978973406234,0.038196180381961806,6,0.8952380952380953,0.10476190476190476,0.13912669339126693,
county,20,New Mexico,Grant,37,7,13.016300209429401,0.5377872273512091,-2.1334233928462707,0.039196080391960805,0,1.0,0.0,0.14134106589341067,
county,20,Texas,Anderson,138,15,24.289232510658415,0.6175575944368689,-2.136205929974826,0.0357964203579642,4,0.5797101449275363,0.42028985507246375,0.13390237739711505,
county,20,Tennessee,Cumberland,55,2,7.213504338118303,0.2772577524396021,-2.1373760152415113,0.0301969803019698,2,1.0,0.0,0.11861689648028662,
county,20,Virginia,Buchanan,79,4,10.259338680805294,0.38988867844706193,-2.137495824359226,0.030796920307969204,3,1.0,0.0,0.11992839592930557,
county,20,South Carolina,Pickens,155,5,11.982792069923065,0.4172650222772415,-2.1382404369016257,0.032396760323967606,5,0.8,0.2,0.1234912449558427,
county,20,New Mexico,Taos,33,5,10.58209605764882,0.47249618343673616,-2.1393383157740953,0.042995700429957005,0,0.9696969696969697,0.0,0.14994438660582685,
county,20,Oregon,Jefferson,23,0,3.760599641318572,0.0,-2.1424382711311596,0.0365963403659634,0,0.7391304347826086,0.0,0.13548912049246822,
county,20,Texas,Zavala,38,3,8.091602994136053,0.3707547196981965,-2.145068386527555,0.0347965203479652,1,1.0,0.0,0.13125131001544196,
county,20,Virginia,Pulaski,66,4,10.087060518615068,0.3965476357178822,-2.146137985080081,0.036196380361963806,1,0.8636363636363636,0.10606060606060606,0.13456097689200153,
county,20,Maine,Kennebec,74,6,12.933196097995792,0.4639224484448819,-2.149951206627652,0.036396360363963605,2,0.9864864864864865,0.013513513513513514,0.13502600357248226,
county,20,Missouri,Scott,70,7,14.045800114572808,0.498369615322758,-2.1508932166685986,0.031596840315968405,1,0.37142857142857144,0.6142857142857143,0.12172885275575007,
county,20,Pennsylvania,Greene,40,2,7.144849456204415,0.27992192309429953,-2.1513792439829174,0.034996500349965,0,0.9,0.075,0.13173004202711253,
county,20,Indiana,Vigo,111,20,29.8353008040095,0.6703468529237099,-2.156191617875483,0.031796820317968204,1,0.8018018018018018,0.1891891891891892,0.121978014964461,
county,20,Kentucky,Adair,58,7,13.976195288046313,0.5008516163184284,-2.1567622383702014,0.035996400359964,1,0.9137931034482759,0.06896551724137931,0.13409402861366757,
county,20,Michigan,Oceana,29,3,7.922911743937041,0.37864867071070574,-2.1587501202697736,0.0413958604139586,0,0.9655172413793104,0.0,0.14634654181640658,
county,20,Connecticut,Litchfield,49,5,11.165532491825111,0.44780667681194514,-2.1660146868050862,0.03799620037996201,1,0.9795918367346939,0.02040816326530612,0.13895973485815719,
county,20,California,Siskiyou,95,18,27.298245435112857,0.6593830377408497,-2.173212243156702,0.0377962203779622,1,0.8526315789473684,0.031578947368421054,0.13850931979972733,
county,20,North Carolina,Polk,25,0,3.850187166082441,0.0,-2.177659428417185,0.030996900309969003,0,0.84,0.16,0.1201879812018798,
county,20,Rhode Island,Newport,49,9,15.889506950117509,0.5664115336148577,-2.178275159552778,0.0395960403959604,0,0.8775510204081632,0.12244897959183673,0.1424983250177976,
county,20,Texas,Navarro,106,15,24.09175298096435,0.622619699440384,-2.182886580574311,0.031196880311968805,1,0.7075471698113207,0.29245283018867924,0.12070380944738146,
county,20,New Hampshire,Strafford,58,8,15.087048562228384,0.5302561310784557,-2.184413842165027,0.035396460353964605,0,0.9482758620689655,0.0,0.13268153434136837,
county,20,South Dakota,Pennington,102,9,17.09268161932239,0.5265411361682397,-2.187586262173706,0.0313968603139686,6,0.5784313725490197,0.0196078431372549,0.1212174285783413,
county,20,Montana,Missoula,56,3,8.856489336370942,0.33873467082265896,-2.1897569615110695,0.032396760323967606,1,0.8571428571428571,0.0,0.1234912449558427,
county,20,Maryland,Caroline,46,3,8.698664590409427,0.3448805237654067,-2.190795010000499,0.032596740325967405,0,0.5869565217391305,0.41304347826086957,0.12399139832852157,
county,20,Texas,Pecos,41,3,8.443128918385549,0.3553185115375029,-2.201292813909053,0.0321967803219678,1,0.926829268292683,0.024390243902439025,0.12325009537262833,
county,20,Washington,Whatcom,132,21,31.439584481707666,0.6679477590493705,-2.2046297760052296,0.031796820317968204,2,0.803030303030303,0.045454545454545456,0.121978014964461,
county,20,New York,Greene,42,3,8.726169703466159,0.3437934514164167,-2.2050305373103387,0.027597240275972403,2,0.8809523809523809,0.09523809523809523,0.1093578554232489,
county,20,Florida,Escambia,679,125,148.11701364268146,0.8439273580113551,-2.206909007366159,0.026797320267973202,30,0.4963181148748159,0.49189985272459497,0.10665688398047612,
county,20,Oklahoma,Stephens,67,7,14.21325332626348,0.4924980818476855,-2.2086046898652407,0.030396960303969604,1,0.8805970149253731,0.08955223880597014,0.11888442392203297,
county,20,Louisiana,Terrebonne,254,28,40.72240192542597,0.6875822317965374,-2.2089737677797627,0.030796920307969204,14,0.5,0.47244094488188976,0.11992839592930557,
county,20,Illinois,Sangamon,141,27,38.42390466281961,0.7026875648618345,-2.209843895361176,0.034596540345965404,1,0.5106382978723404,0.48226950354609927,0.13077057074166798,
county,20,Texas,San Patricio,117,16,25.600890242236606,0.6249782663261858,-2.20997755755417,0.03519648035196481,5,0.9487179487179487,0.042735042735042736,0.13220677932206779,
county,20,Oregon,Klamath,138,17,27.084322990593513,0.627669371905813,-2.2116715413410457,0.030396960303969604,6,0.8405797101449275,0.021739130434782608,0.11888442392203297,
county,20,Virginia,Scott,45,0,4.3698394880435165,0.0,-2.2285095955786667,0.017198280171982803,0,0.9777777777777777,0.0,0.07637561367016009,
county,20,Texas,Angelina,210,29,41.520474474974016,0.6984505925499337,-2.2369415312485796,0.024997500249975,9,0.6571428571428571,0.32857142857142857,0.10082884329016761,
county,20,Texas,Kerr,85,11,19.252532023173902,0.5713534192156913,-2.2435257420757657,0.0263973602639736,3,0.9764705882352941,0.023529411764705882,0.10529743485828408,
county,20,Kentucky,McCracken,125,25,36.08165515152153,0.692872871131184,-2.245894470471496,0.028997100289971003,2,0.6,0.4,0.11440212652695343,
county,20,Kentucky,Rowan,55,7,14.197171390767302,0.49305596215822517,-2.2479271245219428,0.028197180281971802,0,0.9818181818181818,0.0,0.11149016677279641,
county,20,Pennsylvania,Wyoming,26,1,5.6798812702508625,0.1760600182327109,-2.250404686498012,0.025597440255974404,0,0.9230769230769231,0.07692307692307693,0.10278883024837829,
county,20,Utah,Uintah,34,1,5.796863423530669,0.17250708304439136,-2.252827498739243,0.025997400259974,0,0.9411764705882353,0.029411764705882353,0.10416291704162915,
county,20,Idaho,Twin Falls,64,6,12.97695957223429,0.462357917245708,-2.257964781223428,0.029797020297970205,2,0.859375,0.015625,0.11730137029965126,
county,20,Arizona,Graham,23,1,5.490415453441628,0.1821355794438392,-2.2587660460229575,0.027597240275972403,0,0.9130434782608695,0.0,0.1093578554232489,
county,20,Maryland,Carroll,70,6,13.259018798758982,0.45252217310089254,-2.265776474481297,0.023797620237976203,3,0.9,0.08571428571428572,0.09685577717623271,
county,20,Minnesota,Scott,23,0,4.1493620458107126,0.0,-2.279678161830996,0.021597840215978402,0,0.8695652173913043,0.043478260869565216,0.09014098590140986,
county,20,Oklahoma,Carter,132,15,25.06923766204168,0.5983428855003473,-2.2802112813713973,0.0245975402459754,7,0.696969696969697,0.22727272727272727,0.09966149452470484,
county,20,Maine,Penobscot,117,12,21.32214004591737,0.5627952904426067,-2.28060253454555,0.0173982601739826,2,0.9487179487179487,0.02564102564102564,0.07688495856296723,
county,20,Texas,Falls,45,3,8.911937624432156,0.3366271316549022,-2.281149752341617,0.022397760223977603,0,0.5111111111111111,0.4888888888888889,0.09219899927815438,
county,20,Missouri,Lafayette,37,1,5.971043200808189,0.16747492295226546,-2.283917017855676,0.0217978202179782,0,0.7567567567567568,0.1891891891891892,0.09055638214980344,
county,20,Montana,Cascade,67,4,10.703771536139561,0.3737000539010613,-2.285775768201503,0.0221977802219778,3,0.7761194029850746,0.05970149253731343,0.09158489185406402,
county,20,West Virginia,Jackson,28,0,4.306221982895162,0.0,-2.287098985326568,0.015198480151984802,0,1.0,0.0,0.06972737840719745,
county,20,Virginia,Augusta,85,4,10.904403214197192,0.3668242930334899,-2.2950393467238794,0.022797720227977204,3,0.8705882352941177,0.12941176470588237,0.09363163911399293,
county,20,Mississippi,Adams,126,7,15.29171812152672,0.457764127246489,-2.2958390156235278,0.018598140185981403,6,0.20634920634920634,0.7936507936507936,0.08080107651885415,
county,20,Georgia,Burke,61,5,11.957301991872345,0.41815453046168904,-2.302771276923974,0.019198080191980802,1,0.14754098360655737,0.8360655737704918,0.08241461568128902,
county,20,Texas,Gonzales,66,8,15.651338515891384,0.511138391893914,-2.306279543746497,0.0231976802319768,2,0.8181818181818182,0.18181818181818182,0.09505776695057766,
county,20,Kentucky,Campbell,87,15,24.41078372221828,0.6144825242274895,-2.3097432510227587,0.0221977802219778,4,0.8390804597701149,0.16091954022988506,0.09158489185406402,
county,20,Connecticut,New London,178,37,50.47436906068528,0.7330453196059755,-2.3104566448904227,0.0235976402359764,4,0.6179775280898876,0.3539325842696629,0.09625915236530645,
county,20,Georgia,Murray,36,1,5.845427023501024,0.17107390032919548,-2.3128739854034435,0.0197980201979802,0,0.9444444444444444,0.0,0.08399018921637247,
county,20,North Carolina,Transylvania,32,0,4.3375119285821295,0.0,-2.3134748550415942,0.014998500149985002,0,0.875,0.09375,0.06898544839393611,
county,20,Alabama,Crenshaw,42,1,5.957140096835623,0.16786578521649853,-2.31553103879683,0.019598040195980403,0,0.4523809523809524,0.5476190476190477,0.08353490892045548,
county,20,Indiana,Floyd,60,7,14.54871262410783,0.48114222755357094,-2.3161938587602036,0.026197380261973803,1,0.7333333333333333,0.26666666666666666,0.10473143373024117,
county,20,West Virginia,Mingo,99,7,15.269913570017666,0.4584177878874465,-2.321137864091153,0.0183981601839816,3,0.9595959595959596,0.04040404040404041,0.0803193288419342,
county,20,Florida,Leon,380,86,105.83570589537422,0.8125802088476345,-2.324155473514134,0.020997900209979003,10,0.31842105263157894,0.6736842105263158,0.08804468390370265,
county,20,Oregon,Multnomah,1514,376,415.50749863710826,0.9049174833987462,-2.326178766161145,0.023397660233976603,26,0.6505944517833554,0.27542932628797884,0.09565982177292474,
county,20,Washington,Clark,274,46,61.784251849169785,0.7445262930802669,-2.3263338887515808,0.0217978202179782,7,0.8576642335766423,0.05474452554744526,0.09055638214980344,
county,20,Wisconsin,Winnebago,57,1,6.356073195904941,0.15732984331336447,-2.3345886443114723,0.016798320167983202,1,0.9298245614035088,0.017543859649122806,0.07552960414681724,
county,20,Virginia,Salem,23,0,4.313161334567608,0.0,-2.3383479674791867,0.016198380161983803,0,0.8260869565217391,0.17391304347826086,0.07356594315379546,
county,20,Tennessee,Monroe,51,1,6.390211399106251,0.15648934558563465,-2.3391435721387293,0.014198580141985802,1,0.9607843137254902,0.0392156862745098,0.06597948452577423,
county,20,Connecticut,Windham,20,1,5.582168909397821,0.17914183827659838,-2.33940488545572,0.0221977802219778,0,1.0,0.0,0.09158489185406402,
county,20,Pennsylvania,Fayette,201,32,45.62766952371378,0.7013288281876602,-2.340450747643043,0.0201979802019798,10,0.8059701492537313,0.19402985074626866,0.08508635117796631,
county,20,Vermont,Chittenden,72,7,14.92159926109301,0.4691186164107753,-2.345011753497082,0.019198080191980802,2,0.8194444444444444,0.08333333333333333,0.08241461568128902,
county,20,Alabama,Dale,76,6,13.556107675090077,0.44260492346377966,-2.345420446182304,0.019598040195980403,2,0.5131578947368421,0.4868421052631579,0.08353490892045548,
county,20,New York,Tioga,25,0,4.3468324503180895,0.0,-2.3476748889656966,0.013998600139986002,0,0.96,0.04,0.06555708065557081,
county,20,Virginia,Petersburg,255,36,50.74131124547988,0.7094810740273674,-2.3479392222542415,0.0193980601939806,7,0.1450980392156863,0.8431372549019608,0.0830753029210143,
county,20,Louisiana,Iberia,103,8,16.649460371134115,0.48049605342584817,-2.3516196260027566,0.017798220177982202,6,0.2912621359223301,0.6893203883495146,0.07807832355450586,
county,20,Kentucky,Lee,27,2,7.378724940491548,0.2710495398771114,-2.3534194644819353,0.020997900209979003,0,1.0,0.0,0.08804468390370265,
county,20,New York,Jefferson,66,5,12.136467329321952,0.41198149876116735,-2.3542127502090375,0.0163983601639836,1,0.8181818181818182,0.13636363636363635,0.0742870436574433,
county,20,Colorado,Douglas,75,8,16.170264781561045,0.4947352506634524,-2.3551877992204613,0.018598140185981403,1,0.9466666666666667,0.02666666666666667,0.08080107651885415,
county,20,Indiana,Madison,119,21,32.137767609391204,0.653436799196452,-2.355797799053113,0.0187981201879812,2,0.6302521008403361,0.36134453781512604,0.0812782031149403,
county,20,Texas,Hale,54,4,10.716774226539405,0.3732466426412396,-2.3578368418293256,0.0187981201879812,2,0.7592592592592593,0.24074074074074073,0.0812782031149403,
county,20,Missouri,Cole,77,8,16.220903088778762,0.4931907894532834,-2.3596760019610614,0.013598640135986401,4,0.6623376623376623,0.33766233766233766,0.06418415750048032,
county,20,Georgia,Barrow,60,3,9.59139397666847,0.312780395352088,-2.3645650489616963,0.016998300169983,2,0.6833333333333333,0.3,0.0760494670135964,
county,20,North Carolina,Haywood,50,2,7.9177218051442635,0.25259791253344743,-2.368855022285134,0.017798220177982202,0,0.92,0.04,0.07807832355450586,
county,20,Missouri,Boone,163,19,30.46478804682819,0.6236708415891364,-2.3693390841514015,0.0173982601739826,8,0.5644171779141104,0.4171779141104294,0.07688495856296723,
county,20,Pennsylvania,Schuylkill,114,16,26.426507786954204,0.6054526814132669,-2.3748151838663283,0.0201979802019798,2,0.9736842105263158,0.02631578947368421,0.08508635117796631,
county,20,Alabama,Covington,50,2,7.860320020479179,0.2544425665608048,-2.381032663290461,0.017198280171982803,0,0.7,0.26,0.07637561367016009,
county,20,California,Tehama,105,19,29.723839220320677,0.639217560664595,-2.3812745853654276,0.0197980201979802,1,0.9714285714285714,0.009523809523809525,0.08399018921637247,
county,20,Tennessee,Carter,54,1,6.566937384273919,0.15227798614232807,-2.3819117375518664,0.011998800119988001,1,0.9629629629629629,0.0,0.058155474775103126,
county,20,Michigan,Berrien,298,58,75.17090294902782,0.7715751404413602,-2.3867238598288525,0.0165983401659834,8,0.28523489932885904,0.6778523489932886,0.07481701829817018,
county,20,Oklahoma,McCurtain,187,22,34.28268559661095,0.6417233544321519,-2.38893710427814,0.018198180181981802,11,0.6256684491978609,0.24598930481283424,0.07963912346629415,
county,20,Texas,Dawson,29,1,6.127617064900962,0.16319557658522882,-2.3992890990848106,0.0165983401659834,0,0.8620689655172413,0.13793103448275862,0.07481701829817018,
county,20,Florida,Orange,2177,479,525.842962289702,0.9109183432146138,-2.4033448621008646,0.019998000199980003,88,0.487827285254938,0.5002296738631143,0.0846394233816055,
county,20,New Mexico,Santa Fe,609,169,195.53789431766728,0.8642826015373045,-2.4054743236861564,0.014998500149985002,6,0.9293924466338259,0.013136288998357963,0.06898544839393611,
county,20,Virginia,Montgomery,120,5,13.01833376091712,0.3840737295436923,-2.406853009160571,0.013398660133986601,4,0.8,0.14166666666666666,0.06357311637257326,
county,20,Iowa,Wapello,26,0,4.47017931320898,0.0,-2.4081463660997113,0.013398660133986601,0,1.0,0.0,0.06357311637257326,
county,20,Alaska,Anchorage,676,142,168.51263242275786,0.842666795707968,-2.411470754796543,0.016998300169983,25,0.5547337278106509,0.17307692307692307,0.0760494670135964,
county,20,Hawaii,Honolulu,976,219,251.2244337494046,0.8717304950459224,-2.4157118373977537,0.013398660133986601,27,0.39036885245901637,0.03381147540983607,0.06357311637257326,
county,20,Texas,Walker,110,12,21.86911085188283,0.5487191537541114,-2.426436215031662,0.0143985601439856,6,0.509090909090909,0.4818181818181818,0.06656565112719497,
county,20,Missouri,Pemiscot,46,2,8.278092632267755,0.24160154867125555,-2.4291549858838235,0.013998600139986002,2,0.5217391304347826,0.4782608695652174,0.06555708065557081,
county,20,New Jersey,Monmouth,413,93,114.40848132202427,0.8128767983400981,-2.431729159169477,0.015398460153984602,13,0.5786924939467313,0.387409200968523,0.07010965570109656,
county,20,Maryland,Calvert,64,3,9.960663175963685,0.301184765211153,-2.432405475028096,0.011398860113988602,2,0.59375,0.40625,0.056307245987729994,
county,20,Indiana,Ripley,23,0,4.6121349527678905,0.0,-2.4356851466271006,0.009799020097990201,0,1.0,0.0,0.0501921398769214,
county,20,Oklahoma,Oklahoma,2788,537,588.3983410721755,0.9126470326573018,-2.4357598475382614,0.012398760123987601,118,0.5624103299856528,0.3794835007173601,0.05993288070656742,
county,20,Virginia,Dickenson,54,1,6.853623062805103,0.1459082285144979,-2.447475065617017,0.0091990800919908,1,0.9814814814814815,0.018518518518518517,0.04766075116626268,warm
county,20,Louisiana,Assumption,43,0,5.1691555684236725,0.0,-2.4493791999130363,0.007799220077992201,0,0.27906976744186046,0.6976744186046512,0.04287193231896323,warm
county,20,Montana,Yellowstone,123,13,23.4767167199518,0.5537401228235586,-2.4496493239574604,0.012798720127987202,6,0.7967479674796748,0.04878048780487805,0.06153624637536247,
county,20,Georgia,Emanuel,52,3,9.510227955326972,0.31544985189546454,-2.450879330709808,0.011398860113988602,2,0.28846153846153844,0.6923076923076923,0.056307245987729994,
county,20,Georgia,McDuffie,37,1,6.642243442299323,0.15055154311746113,-2.4542940478971413,0.012998700129987,1,0.40540540540540543,0.5945945945945946,0.06233153280416638,
county,20,Maryland,Baltimore,1113,301,337.42716846428453,0.8920443524744208,-2.455133227360115,0.013998600139986002,10,0.5256064690026954,0.4582210242587601,0.06555708065557081,
county,20,Texas,Hardin,63,5,12.468734769802138,0.40100299607859435,-2.458111232464022,0.010798920107989201,0,0.6190476190476191,0.38095238095238093,0.054235244999176965,
county,20,Wyoming,Carbon,29,0,4.79438486804586,0.0,-2.4594859387425614,0.007999200079992,0,0.9655172413793104,0.0,0.04318131061145382,warm
county,20,Indiana,La Porte,183,30,43.8798662328136,0.6836848553919666,-2.4608129669015146,0.010998900109989001,5,0.5792349726775956,0.4098360655737705,0.054933564815263625,
county,20,North Carolina,Moore,170,17,28.87221650291066,0.5888013481156252,-2.479492543384352,0.0117988201179882,7,0.5588235294117647,0.4294117647058823,0.05765114545456024,
county,20,Michigan,Allegan,60,6,13.745482663228362,0.4365070435868417,-2.4807913360209985,0.0143985601439856,2,0.8833333333333333,0.08333333333333333,0.06656565112719497,
county,20,Georgia,Glynn,201,29,42.99086892453555,0.6745618482591138,-2.485494328029671,0.015398460153984602,5,0.44776119402985076,0.5323383084577115,0.07010965570109656,
county,20,Delaware,Sussex,184,17,29.093535886881014,0.5843222379740276,-2.4884103612881505,0.013598640135986401,12,0.5543478260869565,0.44021739130434784,0.06418415750048032,
county,20,Texas,Brazoria,387,58,77.04432819364527,0.7528133654981227,-2.497938666263033,0.013398660133986601,21,0.7545219638242894,0.21963824289405684,0.06357311637257326,
county,20,Arizona,Gila,64,7,15.3553588854408,0.45586690954107606,-2.4987140620233004,0.011998800119988001,1,0.859375,0.0625,0.058155474775103126,
county,20,Maryland,Howard,184,35,49.633915327460784,0.705162987225303,-2.500629630609173,0.010998900109989001,2,0.5380434782608695,0.4076086956521739,0.054933564815263625,
county,20,Oklahoma,Bryan,73,5,13.094769433171608,0.38183184709873724,-2.5123120061230333,0.009799020097990201,2,0.9315068493150684,0.0547945205479452,0.0501921398769214,
county,20,Oregon,Malheur,36,3,9.250450843025803,0.3243085175963928,-2.515585251189774,0.014198580141985802,0,0.8333333333333334,0.027777777777777776,0.06597948452577423,
county,20,Washington,Skagit,103,12,22.318262196376214,0.537676271315982,-2.5279000815584234,0.009999000099990002,4,0.8932038834951457,0.04854368932038835,0.0507836540289633,
county,20,Texas,Lamb,35,1,6.802247393287466,0.14701023679127154,-2.53038051824175,0.0091990800919908,0,0.7714285714285715,0.22857142857142856,0.04766075116626268,warm
county,20,Pennsylvania,Montgomery,531,98,121.96807775447593,0.8034889276297023,-2.5327327031418765,0.009599040095990401,23,0.6045197740112994,0.3747645951035782,0.04944876940877341,warm
county,20,Texas,Webb,533,154,180.5107490692873,0.8531347900001711,-2.5338629830943096,0.011398860113988602,12,0.9924953095684803,0.00375234521575985,0.056307245987729994,
county,20,Kentucky,Franklin,406,80,101.91166638012965,0.7849935423644304,-2.534615960868012,0.0117988201179882,3,0.9334975369458128,0.059113300492610835,0.05765114545456024,
county,20,Pennsylvania,Wayne,56,5,12.792262811969097,0.39086126305361263,-2.534753271392002,0.014198580141985802,2,0.9285714285714286,0.03571428571428571,0.06597948452577423,
county,20,Texas,Fannin,48,2,8.500594991482792,0.23527764844742147,-2.536738034757366,0.008599140085991401,1,0.875,0.125,0.04520189380478862,warm
county,20,Indiana,Decatur,30,0,5.118620658294564,0.0,-2.5399095408336736,0.006399360063993601,0,0.9666666666666667,0.0,0.036862767397381674,warm
county,20,Texas,Robertson,50,2,8.65333985465963,0.23112463321581492,-2.54457757188897,0.006199380061993801,0,0.46,0.54,0.0362905267914767,warm
county,20,Alabama,Madison,543,86,108.93359250229992,0.7894718059370371,-2.5460814862233287,0.011398860113988602,26,0.49171270718232046,0.49355432780847147,0.056307245987729994,
county,20,Oklahoma,Comanche,299,45,62.573463483412546,0.7191546942567586,-2.5478079485874154,0.011998800119988001,11,0.4983277591973244,0.451505016722408,0.058155474775103126,
county,20,Alabama,Pike,55,3,10.107951029143717,0.29679605603057035,-2.548901491072086,0.010798920107989201,1,0.21818181818181817,0.7818181818181819,0.054235244999176965,
county,20,Kentucky,Floyd,62,8,16.788941809842296,0.47650412340521103,-2.553572707746434,0.008999100089991,2,1.0,0.0,0.04703007960073558,warm
county,20,Nevada,Elko,76,8,17.159166574045567,0.4662231096993112,-2.558073840809644,0.0105989401059894,2,0.9473684210526315,0.0,0.05352910087142546,
county,20,Oregon,Clatsop,36,1,6.839253425582448,0.14621478950603992,-2.560173511087212,0.0093990600939906,0,0.9722222222222222,0.0,0.04855732191823797,warm
county,20,California,Modoc,25,1,6.514725157029468,0.1534984171851038,-2.5651132950731155,0.0105989401059894,0,0.8,0.0,0.05352910087142546,
county,20,Oklahoma,Le Flore,100,9,18.782857092945257,0.4791603298403603,-2.5661375645525473,0.0091990800919908,3,0.88,0.07,0.04766075116626268,warm
county,20,Maine,Androscoggin,85,7,15.982451251323111,0.4379803754709093,-2.567546909003697,0.0115988401159884,1,0.9294117647058824,0.07058823529411765,0.05698285757255337,
county,20,Nevada,Nye,51,3,10.131793808116637,0.29609761675140717,-2.5680111148016724,0.008999100089991,0,0.9019607843137255,0.058823529411764705,0.04703007960073558,warm
county,20,Minnesota,St. Louis,134,10,20.57458726254394,0.48603648143187844,-2.5694929542364564,0.009999000099990002,7,0.7164179104477612,0.1044776119402985,0.0507836540289633,
county,20,Ohio,Stark,476,89,112.18437977812917,0.7933368279614176,-2.56996255206938,0.0115988401159884,19,0.5882352941176471,0.40756302521008403,0.05698285757255337,
county,20,Texas,Newton,58,2,8.723033560583408,0.22927803568673158,-2.5790183714236887,0.0065993400659934,0,0.6724137931034483,0.3275862068965517,0.03765382955375348,warm
county,20,New York,Delaware,32,0,5.435725242537272,0.0,-2.581700480657982,0.0065993400659934,0,0.96875,0.03125,0.03765382955375348,warm
county,20,Texas,Duval,42,2,8.4977106405327,0.23535750799283806,-2.5852630664618443,0.007999200079992,0,1.0,0.0,0.04318131061145382,warm
county,20,Florida,Lake,245,40,56.605622134253764,0.706643589308681,-2.5861575788110085,0.007999200079992,8,0.6530612244897959,0.33877551020408164,0.04318131061145382,warm
county,20,Indiana,Harrison,34,1,6.942885213837927,0.14403233946701163,-2.5949844114607603,0.006999300069993001,1,0.9411764705882353,0.0,0.03919173300061298,warm
county,20,Kansas,Crawford,47,3,10.235402834300245,0.2931003350397296,-2.595964285402445,0.0081991800819918,0,0.7659574468085106,0.23404255319148937,0.04399738597568815,warm
county,20,Texas,Milam,51,3,10.057304173613666,0.2982906699660926,-2.596092664708486,0.008399160083991601,1,0.7450980392156863,0.2549019607843137,0.04440963528280603,warm
county,20,Oklahoma,Pottawatomie,142,15,26.915436095469026,0.5573010203808333,-2.5980921967200925,0.007999200079992,5,0.7676056338028169,0.09154929577464789,0.04318131061145382,warm
county,20,Maryland,Cecil,111,11,21.625823780266394,0.5086511437329625,-2.6038278136010944,0.008399160083991601,3,0.7927927927927928,0.2072072072072072,0.04440963528280603,warm
county,20,Texas,Polk,86,7,16.14649136565692,0.43353071831374956,-2.6069954974731764,0.006799320067993201,3,0.6046511627906976,0.36046511627906974,0.038550861894942584,warm
county,20,New York,Westchester,1005,325,363.74561931402485,0.8934815506861805,-2.618146318061543,0.009999000099990002,7,0.4417910447761194,0.46567164179104475,0.0507836540289633,
county,20,North Dakota,Burleigh,45,1,7.293915261102596,0.13710057824949745,-2.6202485871525827,0.0065993400659934,0,0.7777777777777778,0.0,0.03765382955375348,warm
county,20,Virginia,Emporia,27,0,5.258678482090149,0.0,-2.620730338264598,0.0031996800319968005,0,0.2222222222222222,0.7777777777777778,0.020826798186607334,warm
county,20,Pennsylvania,Clarion,37,1,7.175878910209564,0.13935575175010806,-2.6261886030082793,0.0057994200579942,0,0.918918918918919,0.08108108108108109,0.03439590251501166,warm
county,20,South Dakota,Minnehaha,100,10,20.105737073017956,0.4973704750879326,-2.6320147000368403,0.008399160083991601,5,0.74,0.07,0.04440963528280603,warm
county,20,Kentucky,Harlan,90,14,25.063470881084303,0.5585818527060418,-2.6328389868226845,0.008399160083991601,1,0.9444444444444444,0.05555555555555555,0.04440963528280603,warm
county,20,Idaho,Nez Perce,38,1,7.3022567189886285,0.1369439665685297,-2.634922338462516,0.006399360063993601,0,0.9473684210526315,0.0,0.036862767397381674,warm
county,20,Michigan,Ionia,48,5,12.744861749192665,0.3923149657011171,-2.6391666840571237,0.007999200079992,1,0.8958333333333334,0.0625,0.04318131061145382,warm
county,20,Massachusetts,Hampshire,52,6,14.336379039437054,0.41851572028717804,-2.646111072800685,0.006999300069993001,0,0.9038461538461539,0.038461538461538464,0.03919173300061298,warm
county,20,Arkansas,Chicot,74,2,9.415344933631863,0.21241919590815486,-2.6470268089164564,0.0033996600339966003,1,0.3108108108108108,0.6891891891891891,0.022048874249265722,warm
county,20,Washington,Cowlitz,108,15,26.420691528839583,0.567736843058279,-2.6476218856341167,0.0071992800719928,4,0.9629629629629629,0.018518518518518517,0.03993939067631698,warm
county,20,New Mexico,Rio Arriba,29,2,8.297750223460538,0.24102918817022542,-2.658075038471749,0.0053994600539946005,0,0.896551724137931,0.0,0.03245075492450755,warm
county,20,Kansas,Seward,50,2,9.118752471312405,0.21932824761852018,-2.6668172919438344,0.004199580041995801,0,0.78,0.22,0.02620014815127484,warm
county,20,New Jersey,Burlington,276,51,69.71087168291224,0.7315932044571075,-2.672035787437557,0.006799320067993201,7,0.5978260869565217,0.358695652173913,0.038550861894942584,warm
county,20,Kansas,Sumner,24,0,5.14813764264396,0.0,-2.67381109736497,0.006199380061993801,0,0.875,0.08333333333333333,0.0362905267914767,warm
county,20,Wyoming,Laramie,89,7,16.594998575369033,0.42181383554860213,-2.679952543598313,0.008599140085991401,0,0.9438202247191011,0.033707865168539325,0.04520189380478862,warm
county,20,Hawaii,Hawaii,210,36,52.08460820436882,0.6911830815496149,-2.6859819955355744,0.0059994000599940004,5,0.49047619047619045,0.009523809523809525,0.035349406235847,warm
county,20,New Jersey,Bergen,421,93,117.10662339682221,0.7941480789251724,-2.6897216960211145,0.006999300069993001,11,0.6912114014251781,0.23990498812351543,0.03919173300061298,warm
county,20,Indiana,Monroe,74,6,15.077950742003413,0.3979320600435108,-2.696108123937687,0.007399260073992601,4,0.8513513513513513,0.12162162162162163,0.040797755086876636,warm
county,20,Kentucky,Daviess,71,8,17.58665641295623,0.45489033345226076,-2.700442010458637,0.0081991800819918,2,0.8450704225352113,0.14084507042253522,0.04399738597568815,warm
county,20,Pennsylvania,Warren,31,1,7.288074520205255,0.1372104521197784,-2.702712755790547,0.0059994000599940004,0,0.967741935483871,0.03225806451612903,0.035349406235847,warm
county,20,Ohio,Greene,87,11,21.619655725668856,0.5087962611236118,-2.7074546584289974,0.0071992800719928,1,0.6551724137931034,0.27586206896551724,0.03993939067631698,warm
county,20,New York,Albany,327,79,101.00802463282488,0.7821160772836966,-2.7103736018454896,0.007999200079992,6,0.44648318042813456,0.5076452599388379,0.04318131061145382,warm
county,20,Florida,Citrus,118,11,22.308946399112596,0.4930757285981716,-2.7152311651439147,0.007399260073992601,3,0.9067796610169492,0.0847457627118644,0.040797755086876636,warm
county,20,Maryland,St. Mary's,98,8,18.30763691003858,0.4369761121717124,-2.7220240938425166,0.0051994800519948,4,0.5816326530612245,0.40816326530612246,0.031458599106532294,warm
county,20,New York,Otsego,28,0,5.709288642893396,0.0,-2.7241326906714773,0.0035996400359964,0,0.8571428571428571,0.10714285714285714,0.02309662272206943,warm
county,20,California,Santa Cruz,375,95,119.06501381074551,0.7978834164585327,-2.726625350999118,0.0071992800719928,4,0.9226666666666666,0.02666666666666667,0.03993939067631698,warm
county,20,Kansas,Douglas,60,5,13.595095929689968,0.36777967774987397,-2.729152809725293,0.004199580041995801,1,0.75,0.16666666666666666,0.02620014815127484,warm
county,20,Illinois,Champaign,86,10,20.46210880978544,0.4887081821800192,-2.7307872228163994,0.0047995200479952005,4,0.5232558139534884,0.46511627906976744,0.029334015750967276,warm
county,20,Oregon,Lane,293,44,62.78603370306771,0.7007927942715415,-2.735766218495075,0.0053994600539946005,12,0.962457337883959,0.017064846416382253,0.03245075492450755,warm
county,20,Virginia,Newport News,742,128,158.00789646147012,0.8100860961161679,-2.7408242824011566,0.006399360063993601,34,0.21159029649595687,0.77088948787062,0.036862767397381674,warm
county,20,Texas,Harrison,200,24,38.88402579207768,0.6172200411637885,-2.742278812773327,0.006399360063993601,10,0.37,0.63,0.036862767397381674,warm
county,20,Washington,Okanogan,64,5,13.695702034636739,0.36507803596740696,-2.743292750865774,0.004999500049995001,2,0.796875,0.0,0.03045303577750333,warm
county,20,Pennsylvania,Beaver,169,24,38.76796680083463,0.6190678021186117,-2.7530634558746647,0.0051994800519948,3,0.5680473372781065,0.4319526627218935,0.031458599106532294,warm
county,20,Ohio,Lorain,220,36,53.0297123645831,0.6788647042340604,-2.76004382590018,0.006399360063993601,8,0.6227272727272727,0.37272727272727274,0.036862767397381674,warm
county,20,Louisiana,Webster,125,7,17.665358201339014,0.39625576341097957,-2.769898016024568,0.0029997000299970002,6,0.32,0.672,0.01981120569261755,warm
county,20,New York,Oswego,50,2,9.524018299871154,0.20999539658875468,-2.784248343118352,0.0027997200279972004,0,0.88,0.04,0.018558438273819675,warm
county,20,South Carolina,Laurens,206,4,13.898192157929415,0.28780721654635183,-2.794580950342647,0.0027997200279972004,3,0.48058252427184467,0.5194174757281553,0.018558438273819675,warm
county,20,Texas,Gregg,460,80,104.61236062196134,0.7647279874421029,-2.805345938001442,0.005599440055994401,13,0.5413043478260869,0.4543478260869565,0.03342976960582088,warm
county,20,Alaska,North Slope,30,0,5.846329670527478,0.0,-2.812264142786248,0.0015998400159984002,0,0.06666666666666667,0.0,0.011725656702622421,warm
county,20,Texas,Denton,290,46,65.35424665166937,0.7038563269679279,-2.8143466396969177,0.0057994200579942,13,0.8310344827586207,0.15172413793103448,0.03439590251501166,warm
county,20,Kentucky,Fayette,552,138,167.59752063923477,0.823401202318825,-2.815980947794002,0.0037996200379962005,9,0.605072463768116,0.3695652173913043,0.02412223566375757,warm
county,20,Washington,Stevens,52,1,8.28942913536998,0.1206355689480621,-2.822634220595939,0.0023997600239976003,0,0.9423076923076923,0.0,0.016266042568675462,warm
county,20,Georgia,Elbert,52,1,8.404066407004263,0.11899001644805693,-2.832112563929889,0.0025997400259974,0,0.34615384615384615,0.6538461538461539,0.017555547816004914,warm
county,20,Texas,Orange,187,25,40.38624443790211,0.6190226486258211,-2.8405770908810197,0.004399560043995601,9,0.7379679144385026,0.25668449197860965,0.02716577657302763,warm
county,20,Illinois,Macon,81,12,23.156560788728086,0.5182116683683545,-2.8410707924934986,0.0045995400459954,1,0.49382716049382713,0.5061728395061729,0.02820738334329832,warm
county,20,Texas,Tyler,43,0,6.598463964673384,0.0,-2.84239812368585,0.001999800019998,0,0.7674418604651163,0.23255813953488372,0.014251539272950175,warm
county,20,Georgia,Washington,46,2,9.476381319398314,0.21105102597612507,-2.866713770123995,0.0011998800119988001,0,0.06521739130434782,0.9347826086956522,0.009406015920147117,warm
county,20,Arkansas,Washington,171,11,23.556103677718866,0.46697026598692665,-2.8684772675240198,0.004399560043995601,7,0.8888888888888888,0.08771929824561403,0.02716577657302763,warm
county,20,Virginia,Albemarle,86,3,12.190044455493567,0.24610246590594012,-2.8744746227595845,0.0021997800219978004,1,0.686046511627907,0.3023255813953488,0.015254628383315516,warm
county,20,Oregon,Yamhill,70,5,14.290783802513214,0.3498758408982919,-2.876334791257246,0.003999600039996,0,0.9714285714285714,0.0,0.025214261790604153,warm
county,20,Pennsylvania,Armstrong,31,0,6.480168837672231,0.0,-2.880651753642059,0.0005999400059994001,0,0.9354838709677419,0.06451612903225806,0.005547137593932915,warm
county,20,New Hampshire,Hillsborough,231,36,54.127198484586835,0.6651000053189765,-2.8862650243958017,0.0031996800319968005,5,0.9437229437229437,0.030303030303030304,0.020826798186607334,warm
county,20,Texas,Collin,303,51,71.52101628947841,0.7130771155932624,-2.9065394213149838,0.0031996800319968005,15,0.8283828382838284,0.1419141914191419,0.020826798186607334,warm
county,20,New Jersey,Middlesex,520,118,146.99312680478153,0.8027586225627632,-2.9100584367680664,0.0035996400359964,16,0.6192307692307693,0.3,0.02309662272206943,warm
county,20,New Mexico,Sandoval,67,9,19.4181060300888,0.463484955023641,-2.9102994243122353,0.0031996800319968005,1,0.7910447761194029,0.029850746268656716,0.020826798186607334,warm
county,20,Utah,Carbon,40,0,6.705087338915314,0.0,-2.915776511575155,0.0007999200079992001,0,0.95,0.0,0.006900745332165349,warm
county,20,Texas,Nolan,33,0,6.561751672894935,0.0,-2.9365130501536254,0.0011998800119988001,0,0.8181818181818182,0.18181818181818182,0.009406015920147117,warm
county,20,Washington,Snohomish,419,73,97.71571258708384,0.7470651143739314,-2.9470180503241803,0.0037996200379962005,7,0.8806682577565632,0.057279236276849645,0.02412223566375757,warm
county,20,Pennsylvania,Potter,27,0,6.41020486380107,0.0,-2.9564693532852675,0.000999900009999,0,1.0,0.0,0.008157555285195461,warm
county,20,Pennsylvania,Carbon,46,1,8.814237060595108,0.1134528142510026,-2.960130788645206,0.0015998400159984002,0,0.9130434782608695,0.06521739130434782,0.011725656702622421,warm
county,20,Georgia,Jefferson,45,0,7.164356236791656,0.0,-2.9623092183461393,0.0005999400059994001,0,0.1111111111111111,0.8888888888888888,0.005547137593932915,warm
county,20,Massachusetts,Franklin,28,2,9.106216361698307,0.21963018673839205,-2.964923740595113,0.0023997600239976003,0,0.8928571428571429,0.03571428571428571,0.016266042568675462,warm
county,20,Colorado,Las Animas,38,2,9.666895951444957,0.2068916444374319,-2.965430626189952,0.0021997800219978004,0,1.0,0.0,0.015254628383315516,warm
county,20,Texas,Jasper,64,3,11.97912772135146,0.25043559679665445,-2.9727420279354626,0.0007999200079992001,1,0.65625,0.328125,0.006900745332165349,warm
county,20,California,San Diego,5456,1984,2087.75982843294,0.9503008789517606,-2.975532622942355,0.004199580041995801,20,0.7175586510263929,0.19849706744868034,0.02620014815127484,warm
county,20,Texas,Houston,74,4,13.694075117662933,0.29209712708824764,-2.983190975323424,0.0023997600239976003,1,0.3783783783783784,0.6216216216216216,0.016266042568675462,warm
county,20,Indiana,Tippecanoe,89,8,19.342002721555986,0.4136076349055767,-2.987851884203191,0.001999800019998,1,0.8426966292134831,0.12359550561797752,0.014251539272950175,warm
county,20,Georgia,Carroll,143,10,22.77355403117562,0.43910581485483574,-2.993515384593884,0.0027997200279972004,5,0.6223776223776224,0.3706293706293706,0.018558438273819675,warm
county,20,West Virginia,Logan,105,5,15.926542840270224,0.3139413273894892,-3.0043523186303958,0.0011998800119988001,4,0.9333333333333333,0.06666666666666667,0.009406015920147117,warm
county,20,Maryland,Talbot,52,2,10.583982039964736,0.18896479533393687,-3.004740262910959,0.0011998800119988001,1,0.5961538461538461,0.38461538461538464,0.009406015920147117,warm
county,20,Washington,Mason,74,6,16.582593818553825,0.3618251804061412,-3.0056694188747537,0.0023997600239976003,0,0.9594594594594594,0.013513513513513514,0.016266042568675462,warm
county,20,Kansas,Riley,47,2,10.297862242569034,0.19421506647588005,-3.0253984744292604,0.0013998600139986002,1,0.6382978723404256,0.3191489361702128,0.010649567954596945,warm
county,20,Texas,Bastrop,112,9,21.18665970861384,0.4247956083582576,-3.0324195487201724,0.0015998400159984002,3,0.8125,0.17857142857142858,0.011725656702622421,warm
county,20,Oregon,Coos,87,6,16.904112913920287,0.3549432040920106,-3.0355937509558815,0.0011998800119988001,4,0.9770114942528736,0.0,0.009406015920147117,warm
county,20,Massachusetts,Berkshire,46,3,11.780836011788766,0.2546508581392679,-3.041182053351315,0.0017998200179982,0,0.8695652173913043,0.13043478260869565,0.012980301969803019,warm
county,20,Missouri,Saline,43,0,7.393840867582396,0.0,-3.049037524053125,0.00039996000399960006,0,0.7674418604651163,0.18604651162790697,0.003984131973542977,warm
county,20,Texas,Brazos,229,31,49.55072333240472,0.6256215432424759,-3.0511352063042825,0.0023997600239976003,8,0.6419213973799127,0.34934497816593885,0.016266042568675462,warm
county,20,Ohio,Erie,67,5,15.184523333073912,0.3292826445930861,-3.0519339167574615,0.0013998600139986002,1,0.6865671641791045,0.29850746268656714,0.010649567954596945,warm
county,20,Florida,Walton,66,3,12.457771602668343,0.24081353356626212,-3.059722667143268,0.0013998600139986002,1,0.8333333333333334,0.16666666666666666,0.010649567954596945,warm
county,20,South Dakota,Hughes,72,2,11.375385162749126,0.1758182225380273,-3.0597362653189073,0.000999900009999,0,0.8194444444444444,0.0,0.008157555285195461,warm
county,20,West Virginia,Wayne,85,4,14.63625551257367,0.2732939443810401,-3.0871425685103344,0.0011998800119988001,3,0.9882352941176471,0.011764705882352941,0.009406015920147117,warm
county,20,Oklahoma,Seminole,95,7,18.666190013818138,0.37500957585977995,-3.0880673281144255,0.0013998600139986002,4,0.5894736842105263,0.2,0.010649567954596945,warm
county,20,Florida,Santa Rosa,111,8,20.373641384301788,0.3926642198661711,-3.1025294967282755,0.0015998400159984002,4,0.9369369369369369,0.06306306306306306,0.011725656702622421,warm
county,20,North Carolina,McDowell,85,2,11.669962623730639,0.17138015471729443,-3.1138500617628395,0.00039996000399960006,2,0.9058823529411765,0.08235294117647059,0.003984131973542977,warm
county,20,California,Lassen,53,7,17.16259308015519,0.4078637748566083,-3.114299753138828,0.001999800019998,0,0.8490566037735849,0.018867924528301886,0.014251539272950175,warm
county,20,Colorado,Boulder,163,20,36.20746691371271,0.5523722509410202,-3.1143413235150708,0.0007999200079992001,4,0.9570552147239264,0.018404907975460124,0.006900745332165349,warm
county,20,Missouri,Jefferson,143,11,24.88735939970684,0.44199144727783274,-3.1340902199155236,0.000999900009999,5,0.9440559440559441,0.03496503496503497,0.008157555285195461,warm
county,20,Nevada,Clark,4511,1589,1687.789931453017,0.9414678748747074,-3.136426074806212,0.0021997800219978004,18,0.6510751496342274,0.3025936599423631,0.015254628383315516,warm
county,20,California,Tuolumne,55,5,15.339983186386815,0.3259455984565327,-3.1375641234756193,0.0015998400159984002,0,0.9818181818181818,0.01818181818181818,0.011725656702622421,warm
county,20,New York,Sullivan,107,11,24.293909277750004,0.4527883871730162,-3.141982421479819,0.000999900009999,1,0.7570093457943925,0.21495327102803738,0.008157555285195461,warm
county,20,North Carolina,Alamance,276,30,49.541749212427106,0.6055498741347382,-3.1434702733000037,0.0017998200179982,6,0.5,0.4963768115942029,0.012980301969803019,warm
county,20,Virginia,Greene,33,0,6.66310179860792,0.0,-3.148202186680161,0.0007999200079992001,0,0.6060606060606061,0.3333333333333333,0.006900745332165349,warm
county,20,Texas,Tom Green,187,25,42.503705658495825,0.5881840091983342,-3.1511713594061534,0.0015998400159984002,3,0.9090909090909091,0.0855614973262032,0.011725656702622421,warm
county,20,Idaho,Canyon,140,12,26.330789056717833,0.4557402352869639,-3.1681505521895583,0.0013998600139986002,6,0.9571428571428572,0.007142857142857143,0.010649567954596945,warm
county,20,New Mexico,San Miguel,50,7,17.549552919523745,0.39887055995669,-3.170961981123068,0.0011998800119988001,0,1.0,0.0,0.009406015920147117,warm
county,20,Arizona,Pima,2429,702,772.975098750158,0.9081793205694214,-3.1789372737468233,0.0017998200179982,14,0.8509674763277069,0.09798270893371758,0.012980301969803019,warm
county,20,Utah,Utah,154,14,29.005410300968514,0.48266857302592714,-3.1852302983550134,0.0011998800119988001,4,0.8831168831168831,0.032467532467532464,0.009406015920147117,warm
county,20,Texas,Nacogdoches,131,10,23.71155453760136,0.42173531828721644,-3.1858754947893027,0.000999900009999,4,0.6183206106870229,0.37404580152671757,0.008157555285195461,warm
county,20,Texas,Uvalde,58,2,11.514786185792632,0.17368972100130473,-3.1905857085453286,0.0005999400059994001,1,1.0,0.0,0.005547137593932915,warm
county,20,Texas,Bowie,258,36,56.56345176616447,0.6364533789208164,-3.194803403786853,0.0021997800219978004,11,0.45348837209302323,0.5387596899224806,0.015254628383315516,warm
county,20,Washington,Walla Walla,46,3,12.483173197860252,0.24032351009230823,-3.2106673068901563,0.0013998600139986002,0,0.9782608695652174,0.0,0.010649567954596945,warm
county,20,Louisiana,Calcasieu,438,50,74.85459277088384,0.6679616861057653,-3.212571240722727,0.000999900009999,27,0.3995433789954338,0.589041095890411,0.008157555285195461,warm
county,20,Indiana,Henry,64,5,15.856393536410172,0.31533021607459305,-3.217454749158703,0.0021997800219978004,1,0.984375,0.0,0.015254628383315516,warm
county,20,Illinois,Winnebago,419,106,135.54664120395216,0.782018639919713,-3.2311632152954033,0.00039996000399960006,12,0.4510739856801909,0.5417661097852029,0.003984131973542977,warm
county,20,Pennsylvania,Washington,184,25,43.333872573833496,0.5769158977749861,-3.2533401228227863,0.0007999200079992001,5,0.7771739130434783,0.21739130434782608,0.006900745332165349,warm
county,20,Texas,Henderson,173,16,31.93034550668414,0.5010907256437498,-3.2544301196029046,0.0005999400059994001,10,0.8323699421965318,0.1676300578034682,0.005547137593932915,warm
county,20,New York,St. Lawrence,48,1,9.88826135155077,0.10113001309812372,-3.2567182135907293,0.00019998000199980003,0,0.9166666666666666,0.041666666666666664,0.0024037596240375964,warm
county,20,Pennsylvania,Somerset,66,4,14.898949471196303,0.2684753047678349,-3.27738183115025,0.0005999400059994001,0,0.8939393939393939,0.10606060606060606,0.005547137593932915,warm
county,20,Maine,York,111,9,22.480757234850476,0.4003423864231707,-3.2842122663457105,0.000999900009999,1,0.963963963963964,0.009009009009009009,0.008157555285195461,warm
county,20,Washington,Spokane,614,141,176.7069373322281,0.7979313213657525,-3.291443163487206,0.0011998800119988001,7,0.8403908794788274,0.09120521172638436,0.009406015920147117,warm
county,20,California,Mendocino,219,42,63.64075408494753,0.6599544679174998,-3.296918178490842,0.0005999400059994001,3,0.863013698630137,0.0136986301369863,0.005547137593932915,warm
county,20,New York,Rockland,161,35,54.32043953098794,0.6443246833456439,-3.3188206552695543,0.0015998400159984002,1,0.577639751552795,0.36024844720496896,0.011725656702622421,warm
county,20,Kentucky,Laurel,105,14,28.927970930881333,0.48396066331270576,-3.3237873620254126,0.0007999200079992001,0,0.9809523809523809,0.01904761904761905,0.006900745332165349,warm
county,20,Pennsylvania,Clearfield,57,2,12.062638269940546,0.1658012082633609,-3.342617575007331,0.00019998000199980003,1,1.0,0.0,0.0024037596240375964,warm
county,20,New Mexico,Dona Ana,244,51,74.17289429362177,0.687582714490158,-3.3631178797580636,0.0005999400059994001,1,0.9016393442622951,0.05737704918032787,0.005547137593932915,warm
county,20,Colorado,Adams,464,81,111.07085965988495,0.7292641854761341,-3.3916718202229785,0.000999900009999,10,0.9224137931034483,0.04525862068965517,0.008157555285195461,warm
county,20,Oklahoma,Tulsa,1900,368,429.19025917517615,0.8574285928744692,-3.427642243640026,0.00039996000399960006,87,0.5531578947368421,0.4126315789473684,0.003984131973542977,warm
county,20,Georgia,Spalding,185,23,42.121242718625815,0.5460427688148315,-3.4377386194995463,0.00039996000399960006,6,0.2972972972972973,0.6972972972972973,0.003984131973542977,warm
county,20,Utah,Davis,109,5,18.0542422417504,0.2769432210473785,-3.4481423386775423,0.00039996000399960006,3,0.8165137614678899,0.06422018348623854,0.003984131973542977,warm
county,20,Arizona,Yavapai,240,37,59.612411754960625,0.620676112754674,-3.452546571866372,0.00039996000399960006,4,0.9666666666666667,0.016666666666666666,0.003984131973542977,warm
county,20,Michigan,Livingston,74,6,18.40609085819,0.3259790493389981,-3.454290875765959,0.00039996000399960006,1,0.9054054054054054,0.05405405405405406,0.003984131973542977,warm
county,20,California,Fresno,2844,1007,1094.2794516935255,0.9202402534759743,-3.4571758406024755,0.0007999200079992001,10,0.7419127988748242,0.17721518987341772,0.006900745332165349,warm
county,20,New Mexico,Otero,67,12,25.482315375122653,0.470914821645882,-3.4622612550669714,0.00039996000399960006,0,0.7313432835820896,0.22388059701492538,0.003984131973542977,warm
county,20,North Carolina,Henderson,132,9,23.90250870690061,0.3765295145526594,-3.4671696143281396,0.00019998000199980003,4,0.8257575757575758,0.16666666666666666,0.0024037596240375964,warm
county,20,California,Contra Costa,2569,1012,1096.7638481358326,0.9227145859339678,-3.471469132272633,0.00019998000199980003,6,0.4511483067341378,0.4947450369793694,0.0024037596240375964,warm
county,20,Mississippi,Warren,218,8,23.712080016065933,0.3373807778389607,-3.4822876413135475,0.00019998000199980003,7,0.21100917431192662,0.7889908256880734,0.0024037596240375964,warm
county,20,Tennessee,Washington,161,7,21.897469291912152,0.3196716436353426,-3.483953546404444,0.00019998000199980003,5,0.84472049689441,0.14285714285714285,0.0024037596240375964,warm
county,20,Kentucky,Pike,123,16,32.96313173026823,0.48539077327134184,-3.502441096480788,0.00039996000399960006,0,1.0,0.0,0.003984131973542977,warm
county,20,New York,Orange,353,70,98.7456126792942,0.7088922545586492,-3.5068269132705243,0.0007999200079992001,5,0.6147308781869688,0.36827195467422097,0.006900745332165349,warm
county,20,California,Tulare,1201,343,399.01458794646453,0.859617694092979,-3.5163857315402844,0.00039996000399960006,8,0.9175686927560366,0.04079933388842631,0.003984131973542977,warm
county,20,West Virginia,Raleigh,200,15,33.104684106637094,0.4531080843931895,-3.520682403354142,0.00019998000199980003,7,0.705,0.28,0.0024037596240375964,warm
county,20,New Jersey,Cape May,90,9,23.150790408249033,0.38875562524176893,-3.5261608743889368,0.000999900009999,1,0.7333333333333333,0.25555555555555554,0.008157555285195461,warm
county,20,Texas,Bexar,5522,1753,1870.8105838531276,0.9370269845221398,-3.5268155810898034,0.0005999400059994001,119,0.8134733792104311,0.1680550525172039,0.005547137593932915,warm
county,20,Washington,Benton,143,15,32.34702926404438,0.46372110024562224,-3.526895960260633,0.0007999200079992001,6,0.9370629370629371,0.03496503496503497,0.006900745332165349,warm
county,20,Missouri,Jackson,4287,1429,1536.6990572469663,0.9299153228870253,-3.5499201482586873,0.00039996000399960006,42,0.34406344763237695,0.6466060181945417,0.003984131973542977,warm
county,20,Virginia,Arlington,180,18,36.61279879192344,0.4916313582661889,-3.5611033925387496,0.0005999400059994001,6,0.6055555555555555,0.3388888888888889,0.005547137593932915,warm
county,20,Colorado,Arapahoe,790,158,200.24332946336392,0.7890400165809635,-3.5627864029609166,0.0007999200079992001,20,0.6468354430379747,0.30632911392405066,0.006900745332165349,warm
county,20,Virginia,Prince William,269,25,46.557701851295704,0.5369680848906473,-3.5647551065533354,0.00019998000199980003,13,0.5613382899628253,0.41263940520446096,0.0024037596240375964,warm
county,20,Louisiana,Washington,159,12,29.23890293601723,0.4104121151966373,-3.567401706341974,0.00019998000199980003,6,0.2893081761006289,0.6981132075471698,0.0024037596240375964,warm
county,20,California,Lake,145,23,42.186258343984335,0.5452012314640307,-3.582092610629091,0.00039996000399960006,1,0.9103448275862069,0.05517241379310345,0.003984131973542977,warm
county,20,Virginia,Lynchburg,196,19,38.67892517903135,0.4912235774922798,-3.5905639301085346,0.00019998000199980003,6,0.30612244897959184,0.6887755102040817,0.0024037596240375964,warm
county,20,Tennessee,Sullivan,202,11,28.144817573713496,0.3908357185542288,-3.591035700880981,0.00019998000199980003,5,0.9207920792079208,0.07920792079207921,0.0024037596240375964,warm
county,20,Texas,Taylor,252,38,61.812404670702314,0.6147633343572402,-3.6076715818108163,0.00019998000199980003,5,0.7857142857142857,0.21031746031746032,0.0024037596240375964,warm
county,20,Michigan,Muskegon,238,36,59.38601907400069,0.6062032875977178,-3.617656157490472,0.00039996000399960006,6,0.42436974789915966,0.5462184873949579,0.003984131973542977,warm
county,20,Pennsylvania,Westmoreland,263,35,59.01276793580359,0.5930919905006723,-3.6271060982835492,0.00039996000399960006,10,0.8403041825095057,0.1596958174904943,0.003984131973542977,warm
county,20,Pennsylvania,Franklin,112,10,26.022243911861217,0.3842866139396185,-3.650480161816915,0.00019998000199980003,4,0.8303571428571429,0.16071428571428573,0.0024037596240375964,warm
county,20,Florida,Pasco,483,72,104.12322864655546,0.6914883540963063,-3.654027705552423,0.0005999400059994001,28,0.8737060041407867,0.12422360248447205,0.005547137593932915,warm
county,20,New York,Niagara,181,32,53.938668830946426,0.5932664022594589,-3.66197447567091,0.00019998000199980003,2,0.6629834254143646,0.281767955801105,0.0024037596240375964,warm
county,20,Maryland,Montgomery,716,157,199.974543806351,0.7850999282790405,-3.689478930801331,0.00019998000199980003,16,0.5502793296089385,0.39385474860335196,0.0024037596240375964,warm
county,20,Washington,Chelan,91,7,21.585860040391402,0.32428636092801577,-3.698200765786371,0.00019998000199980003,1,0.989010989010989,0.0,0.0024037596240375964,warm
county,20,Utah,Weber,221,23,44.6296870748527,0.5153520337578104,-3.6990481152487282,0.00019998000199980003,8,0.8506787330316742,0.049773755656108594,0.0024037596240375964,warm
county,20,New Mexico,Bernalillo,1888,600,675.4818601398592,0.8882547932164594,-3.7069054248306017,0.00039996000399960006,4,0.8204449152542372,0.09851694915254237,0.003984131973542977,warm
county,20,Massachusetts,Essex,464,117,153.8195564838091,0.7606315001455313,-3.727645835431527,0.00039996000399960006,5,0.8081896551724138,0.11637931034482758,0.003984131973542977,warm
county,20,New Jersey,Ocean,261,42,67.63594085471004,0.6209716235074033,-3.744556305694594,0.00039996000399960006,3,0.7586206896551724,0.2260536398467433,0.003984131973542977,warm
county,20,Pennsylvania,Luzerne,369,57,87.01162919226334,0.6550848493372213,-3.7592838322386024,0.00019998000199980003,12,0.8021680216802168,0.19241192411924118,0.0024037596240375964,warm
county,20,New Jersey,Cumberland,289,47,74.31881181461002,0.6324105411862959,-3.7673829230129576,0.00019998000199980003,4,0.5259515570934256,0.45674740484429066,0.0024037596240375964,warm
county,20,Washington,Grays Harbor,107,8,23.683314816491936,0.3377905526311367,-3.785922767183446,0.00039996000399960006,4,0.9158878504672897,0.018691588785046728,0.003984131973542977,warm
county,20,New York,Broome,164,17,36.7283224195706,0.46285805830711146,-3.799375105494046,0.00019998000199980003,3,0.6524390243902439,0.27439024390243905,0.0024037596240375964,warm
county,20,California,Calaveras,99,12,28.684275271210986,0.4183476795749418,-3.8045812386978617,0.00019998000199980003,1,0.9393939393939394,0.04040404040404041,0.0024037596240375964,warm
county,20,California,San Luis Obispo,233,42,68.17219836063003,0.6160869241420168,-3.8512029596925803,0.00019998000199980003,2,0.9656652360515021,0.012875536480686695,0.0024037596240375964,warm
county,20,New Jersey,Somerset,128,13,31.382170253297044,0.41424795975141987,-3.87516295051717,0.00019998000199980003,1,0.7109375,0.2265625,0.0024037596240375964,warm
county,20,California,Ventura,1037,353,412.4879926801357,0.855782486434058,-3.884906284523145,0.00039996000399960006,1,0.9132111861137898,0.05689488910318226,0.003984131973542977,warm
county,20,Oregon,Josephine,128,8,24.985354550040157,0.3201875716423301,-3.885143919999766,0.00019998000199980003,2,0.9921875,0.0078125,0.0024037596240375964,warm
county,20,Florida,Hernando,172,18,38.75166778501183,0.46449613729817185,-3.8946415514606945,0.00019998000199980003,7,0.8313953488372093,0.1686046511627907,0.0024037596240375964,warm
county,20,Washington,Clallam,63,2,14.5662512582035,0.13730368675836407,-3.8990968491336138,0.00019998000199980003,0,0.9523809523809523,0.015873015873015872,0.0024037596240375964,warm
county,20,Arizona,Cochise,176,25,47.25556130424607,0.52903826152952,-3.904945982713901,0.00039996000399960006,2,0.8806818181818182,0.07386363636363637,0.003984131973542977,warm
county,20,Iowa,Scott,179,13,32.94141348890712,0.39464001762941026,-3.9112605476591074,0.00019998000199980003,6,0.6536312849162011,0.3407821229050279,0.0024037596240375964,warm
county,20,Nebraska,Lancaster,200,17,38.17308852764167,0.4453399149950904,-3.9173450247446318,0.00019998000199980003,5,0.765,0.15,0.0024037596240375964,warm
county,20,Virginia,Virginia Beach,634,74,110.79469948053705,0.6679019876126777,-3.924330615680931,0.00039996000399960006,32,0.5362776025236593,0.43217665615141954,0.003984131973542977,warm
county,20,New York,Ulster,156,19,39.848494497848336,0.4768059681909922,-3.9248345698226417,0.00039996000399960006,1,0.8205128205128205,0.16666666666666666,0.003984131973542977,warm
county,20,West Virginia,Mercer,186,12,32.05089232031041,0.37440455261196237,-3.929798721273778,0.00019998000199980003,6,0.8225806451612904,0.1774193548387097,0.0024037596240375964,warm
county,20,Idaho,Ada,211,20,42.455049130262694,0.47108648817329135,-3.954932180085328,0.00039996000399960006,6,0.909952606635071,0.02843601895734597,0.003984131973542977,warm
county,20,Michigan,Kalamazoo,296,49,77.7416582172124,0.6302927043708356,-3.9604459252051365,0.00019998000199980003,9,0.47635135135135137,0.47297297297297297,0.0024037596240375964,warm
county,20,Oregon,Jackson,182,17,38.26242884577495,0.44430007484684786,-3.961556224432432,0.00019998000199980003,5,0.945054945054945,0.038461538461538464,0.0024037596240375964,warm
county,20,Massachusetts,Barnstable,107,15,33.66084767673304,0.4456215762613803,-3.972735256015247,0.00019998000199980003,1,0.794392523364486,0.17757009345794392,0.0024037596240375964,warm
county,20,Utah,Salt Lake,1157,199,253.72972636235994,0.7842991156495452,-3.9774885407344054,0.00019998000199980003,67,0.8219533275713051,0.056179775280898875,0.0024037596240375964,warm
county,20,California,Yuba,154,22,44.024626187216384,0.499720313500089,-3.9897477372133925,0.00019998000199980003,2,0.8376623376623377,0.07142857142857142,0.0024037596240375964,warm
county,20,Oregon,Deschutes,93,4,19.21355587432964,0.2081863464609494,-3.999183803293612,0.00019998000199980003,1,1.0,0.0,0.0024037596240375964,warm
county,20,Washington,Thurston,156,16,36.813489756921726,0.4346232890619031,-4.013471813398852,0.00039996000399960006,1,0.8205128205128205,0.08333333333333333,0.003984131973542977,warm
county,20,Washington,Franklin,129,20,40.93213355321343,0.4886136700887871,-4.0215967139275905,0.00019998000199980003,0,0.8604651162790697,0.09302325581395349,0.0024037596240375964,warm
county,20,Texas,Cherokee,104,6,22.25205568660516,0.2696380093822863,-4.03130699532485,0.00019998000199980003,1,0.625,0.375,0.0024037596240375964,warm
county,20,New Mexico,San Juan,203,32,57.23403183941794,0.5591079113521602,-4.051251584337136,0.00019998000199980003,2,0.5665024630541872,0.029556650246305417,0.0024037596240375964,warm
county,20,Georgia,Troup,154,13,33.22543721658906,0.3912664840271615,-4.056498297595044,0.00039996000399960006,0,0.24025974025974026,0.7402597402597403,0.003984131973542977,warm
county,20,Colorado,Larimer,159,12,32.08713814620512,0.37398162295814513,-4.063403706244224,0.00019998000199980003,5,0.9622641509433962,0.006289308176100629,0.0024037596240375964,warm
county,20,Illinois,Peoria,139,11,30.353418827807374,0.3623973978813444,-4.070604657030663,0.00019998000199980003,1,0.45323741007194246,0.5467625899280576,0.0024037596240375964,warm
county,20,Texas,Wichita,370,59,91.68459574237399,0.6435104994713076,-4.082176446276213,0.00039996000399960006,13,0.6216216216216216,0.37567567567567567,0.003984131973542977,warm
county,20,New Jersey,Passaic,955,225,281.0075389220259,0.8006902621300601,-4.0969983696622805,0.00039996000399960006,24,0.543455497382199,0.44293193717277485,0.003984131973542977,warm
county,20,North Carolina,Wake,964,134,182.87645818814343,0.7327351006663783,-4.122008737745261,0.00019998000199980003,48,0.3682572614107884,0.6109958506224067,0.0024037596240375964,warm
county,20,West Virginia,McDowell,120,4,20.959447218046307,0.19084472783976655,-4.147452253885392,0.00019998000199980003,3,0.875,0.11666666666666667,0.0024037596240375964,warm
county,20,Connecticut,New Haven,1569,395,468.24405147101015,0.8435771874924826,-4.154457367873326,0.00019998000199980003,23,0.5270873167622689,0.4391332058636074,0.0024037596240375964,warm
county,20,Arizona,Yuma,208,32,57.72444124189262,0.554357899557744,-4.154965263993752,0.00019998000199980003,2,0.9134615384615384,0.04326923076923077,0.0024037596240375964,warm
county,20,Louisiana,Tangipahoa,253,14,37.24889369730873,0.3758500886970373,-4.175016875500374,0.00019998000199980003,9,0.3359683794466403,0.6521739130434783,0.0024037596240375964,warm
county,20,Ohio,Butler,349,51,83.37586290368738,0.6116878221567944,-4.197490004948093,0.00019998000199980003,11,0.7106017191977078,0.2693409742120344,0.0024037596240375964,warm
county,20,Virginia,Norfolk,1603,282,350.75962551884993,0.80396938382763,-4.224018819669713,0.00019998000199980003,53,0.2014971927635683,0.7822832189644416,0.0024037596240375964,warm
county,20,North Carolina,Gaston,510,68,105.64707055311075,0.6436524897849878,-4.252039455601258,0.00019998000199980003,22,0.611764705882353,0.37254901960784315,0.0024037596240375964,warm
county,20,Maryland,Anne Arundel,634,129,175.6103313922758,0.7345809268581225,-4.252104459825767,0.00019998000199980003,16,0.5252365930599369,0.44952681388012616,0.0024037596240375964,warm
county,20,California,El Dorado,219,36,64.2369939243455,0.5604247303726363,-4.276898981276917,0.00019998000199980003,1,0.91324200913242,0.0182648401826484,0.0024037596240375964,warm
county,20,Florida,Brevard,667,123,169.92570984331232,0.7238457330171973,-4.277929993676524,0.00019998000199980003,22,0.6596701649175413,0.32983508245877063,0.0024037596240375964,warm
county,20,Massachusetts,Plymouth,324,84,120.43164161991734,0.6974911150435388,-4.30876862111404,0.00019998000199980003,1,0.5,0.41358024691358025,0.0024037596240375964,warm
county,20,New Mexico,Eddy,89,10,28.50494326407663,0.3508163446374056,-4.3218543909106035,0.00019998000199980003,0,0.9438202247191011,0.0449438202247191,0.0024037596240375964,warm
county,20,California,Humboldt,274,48,79.85446456089241,0.6010935050901001,-4.324672610921953,0.00019998000199980003,3,0.7956204379562044,0.040145985401459854,0.0024037596240375964,warm
county,20,California,Placer,208,32,60.08157653958021,0.532609193084659,-4.378297758890931,0.00019998000199980003,1,0.9423076923076923,0.019230769230769232,0.0024037596240375964,warm
county,20,California,Butte,326,64,99.72666375527095,0.6417541466849416,-4.391976177015976,0.00019998000199980003,2,0.8588957055214724,0.0705521472392638,0.0024037596240375964,warm
county,20,Louisiana,Rapides,438,59,96.27651197545225,0.612818212764535,-4.401542669390091,0.00019998000199980003,25,0.3287671232876712,0.6643835616438356,0.0024037596240375964,warm
county,20,Indiana,Vanderburgh,269,35,65.40997046633774,0.5350866198298044,-4.4111775366604125,0.00019998000199980003,4,0.6654275092936803,0.32342007434944237,0.0024037596240375964,warm
county,20,Ohio,Summit,806,163,216.76728341052993,0.7519584940837153,-4.414535019946758,0.00019998000199980003,21,0.4441687344913151,0.5409429280397022,0.0024037596240375964,warm
county,20,Georgia,Bibb,745,132,183.61242084963266,0.7189056131888808,-4.4727548503040655,0.00019998000199980003,20,0.1959731543624161,0.7919463087248322,0.0024037596240375964,warm
county,20,Arizona,Mohave,348,58,94.12485873671059,0.6162027840300899,-4.487891050082948,0.00019998000199980003,4,0.9568965517241379,0.014367816091954023,0.0024037596240375964,warm
county,20,California,Sonoma,511,113,159.59324230015565,0.7080500300098846,-4.54015690386807,0.00019998000199980003,3,0.8943248532289628,0.03913894324853229,0.0024037596240375964,warm
county,20,Colorado,Jefferson,369,52,87.70815863373168,0.5928752901671489,-4.540681645044611,0.00019998000199980003,5,0.9186991869918699,0.051490514905149054,0.0024037596240375964,warm
county,20,Louisiana,Bossier,235,22,50.10883094195076,0.4390443677579745,-4.572051912840181,0.00019998000199980003,5,0.5106382978723404,0.4723404255319149,0.0024037596240375964,warm
county,20,New Mexico,Curry,88,11,31.21407063018129,0.3524051742666321,-4.588928526171461,0.00019998000199980003,0,0.7954545454545454,0.19318181818181818,0.0024037596240375964,warm
county,20,Georgia,Floyd,203,22,49.67107929510297,0.4429136695277922,-4.641182446148178,0.00019998000199980003,4,0.5665024630541872,0.41379310344827586,0.0024037596240375964,warm
county,20,Oregon,Marion,377,53,90.61138605048305,0.5849154538975012,-4.657001450472072,0.00019998000199980003,10,0.9230769230769231,0.029177718832891247,0.0024037596240375964,warm
county,20,Florida,Pinellas,1559,342,422.6422605249406,0.8091949905227668,-4.709490691429326,0.00019998000199980003,33,0.6330981398332264,0.3527902501603592,0.0024037596240375964,warm
county,20,Texas,Jefferson,925,172,233.4776392810594,0.7366872499209534,-4.775997874780665,0.00019998000199980003,20,0.3675675675675676,0.6108108108108108,0.0024037596240375964,warm
county,20,Missouri,St. Louis,1352,271,347.8434393584069,0.7790861328299199,-4.908984124374243,0.00019998000199980003,28,0.41050295857988167,0.5776627218934911,0.0024037596240375964,warm
county,20,Kansas,Sedgwick,755,122,178.13011089537565,0.6848926292515275,-4.924990259293941,0.00019998000199980003,29,0.5509933774834437,0.40397350993377484,0.0024037596240375964,warm
county,20,North Carolina,Nash,452,44,83.9242002862782,0.5242826246769027,-4.939107168678975,0.00019998000199980003,20,0.2676991150442478,0.7168141592920354,0.0024037596240375964,warm
county,20,Georgia,Muscogee,677,122,177.57854029599716,0.6870199507026246,-4.973252813962517,0.00019998000199980003,17,0.27031019202363366,0.7045790251107829,0.0024037596240375964,warm
county,20,California,Shasta,297,53,91.71220077170624,0.5778947572300633,-4.989048764810158,0.00019998000199980003,2,0.9057239057239057,0.026936026936026935,0.0024037596240375964,warm
county,20,Washington,Pierce,1310,277,355.4495024410735,0.779294943719667,-5.00861384142113,0.00019998000199980003,21,0.6145038167938931,0.2862595419847328,0.0024037596240375964,warm
county,20,Texas,Potter,577,87,136.80505794411803,0.6359413994440005,-5.0130965811800525,0.00019998000199980003,13,0.7417677642980935,0.23050259965337955,0.0024037596240375964,warm
county,20,Michigan,Macomb,589,92,142.89774312466258,0.6438170259955758,-5.032408757953877,0.00019998000199980003,16,0.8064516129032258,0.166383701188455,0.0024037596240375964,warm
county,20,California,San Joaquin,2196,714,829.9515953688843,0.8602911350301725,-5.242762262511304,0.00019998000199980003,4,0.6730418943533698,0.21174863387978143,0.0024037596240375964,warm
county,20,Georgia,Dougherty,437,73,121.28931622048904,0.6018666958868413,-5.289852044122635,0.00019998000199980003,3,0.19221967963386727,0.8009153318077803,0.0024037596240375964,warm
county,20,California,Kings,194,27,62.310107354199296,0.43331653798186526,-5.593436464256196,0.00019998000199980003,2,0.8350515463917526,0.11855670103092783,0.0024037596240375964,warm
county,20,Texas,Midland,228,15,49.85488381330603,0.3008732315207316,-5.7500596653107765,0.00019998000199980003,1,0.6622807017543859,0.32894736842105265,0.0024037596240375964,warm
county,20,Florida,Bay,295,28,69.01787842803598,0.40569198355169994,-5.7692197985162705,0.00019998000199980003,4,0.6915254237288135,0.288135593220339,0.0024037596240375964,warm
county,20,California,Riverside,3893,1195,1364.2454931987754,0.8759420543864566,-5.829139228891437,0.00019998000199980003,18,0.7980991523246853,0.1572052401746725,0.0024037596240375964,warm
county,20,Texas,Tarrant,4350,1037,1204.7454353327512,0.860762755007725,-5.884951721797971,0.00019998000199980003,110,0.5977011494252874,0.38114942528735635,0.0024037596240375964,warm
county,20,Massachusetts,Middlesex,606,118,182.89903325269847,0.64516470044414,-5.891535434934756,0.00019998000199980003,3,0.7458745874587459,0.15181518151815182,0.0024037596240375964,warm
county,20,Louisiana,Caddo,1616,357,463.6141287845029,0.7700369290642148,-5.961197594459213,0.00019998000199980003,22,0.19492574257425743,0.8001237623762376,0.0024037596240375964,warm
county,20,New York,Onondaga,617,129,196.8281067704636,0.6553942021625846,-6.030558353053279,0.00019998000199980003,5,0.4019448946515397,0.5429497568881686,0.0024037596240375964,warm
county,20,Massachusetts,Bristol,384,77,132.23401965503646,0.5823009857892288,-6.107230734403181,0.00019998000199980003,4,0.7421875,0.2265625,0.0024037596240375964,warm
county,20,Colorado,El Paso,831,125,199.69118280252025,0.6259665461725255,-6.252258041534369,0.00019998000199980003,29,0.753309265944645,0.21419975932611313,0.0024037596240375964,warm
county,20,California,Solano,854,256,343.1890266097413,0.7459445965651792,-6.257707820198527,0.00019998000199980003,4,0.5257611241217799,0.39344262295081966,0.0024037596240375964,warm
county,20,New Mexico,Lea,173,21,60.5294116429654,0.34693877620798874,-6.382728129525931,0.00019998000199980003,0,0.8034682080924855,0.18497109826589594,0.0024037596240375964,warm
county,20,Texas,El Paso,1161,187,278.57221729463527,0.6712801506771122,-6.552378795630185,0.00019998000199980003,27,0.9224806201550387,0.06718346253229975,0.0024037596240375964,warm
county,20,Texas,Lubbock,679,112,189.5153196401319,0.5909812473876798,-6.899780368261069,0.00019998000199980003,21,0.7039764359351989,0.29455081001472755,0.0024037596240375964,warm
county,20,Massachusetts,Worcester,468,93,162.70023468448386,0.5716033549696476,-6.9657418624258876,0.00019998000199980003,1,0.7777777777777778,0.1452991452991453,0.0024037596240375964,warm
county,20,California,Santa Barbara,445,70,140.41223644126296,0.49853204944344215,-7.341724142232342,0.00019998000199980003,0,0.9011235955056179,0.051685393258426963,0.0024037596240375964,warm
county,20,California,Orange,3812,1336,1594.1155043358215,0.8380823073147615,-8.684556660362425,0.00019998000199980003,19,0.8512591815320042,0.04354669464847849,0.0024037596240375964,warm
county,20,Nevada,Washoe,671,95,194.69886886457894,0.4879329836583509,-8.72182898042604,0.00019998000199980003,3,0.856929955290611,0.08643815201192251,0.0024037596240375964,warm
county,20,Texas,Travis,1511,214,354.3038720710797,0.6040013019024183,-8.791636743590157,0.00019998000199980003,65,0.7246856386499008,0.25810721376571805,0.0024037596240375964,warm
county,20,Texas,Nueces,965,154,274.4749540174358,0.5610712298005059,-8.917607177320543,0.00019998000199980003,23,0.8922279792746114,0.10362694300518134,0.0024037596240375964,warm
county,20,California,Stanislaus,1016,218,352.4972433938037,0.6184445526470521,-9.082938871125567,0.00019998000199980003,3,0.859251968503937,0.07775590551181102,0.0024037596240375964,warm
county,20,Massachusetts,Hampden,645,128,236.5043434217922,0.5412162759806876,-9.132176228288188,0.00019998000199980003,3,0.6108527131782946,0.35348837209302325,0.0024037596240375964,warm
county,20,California,Sacramento,3416,888,1135.6494200834895,0.7819314519922151,-9.21362316431434,0.00019998000199980003,22,0.599824355971897,0.30620608899297425,0.0024037596240375964,warm
county,20,California,San Bernardino,5717,1822,2232.0140479939237,0.816303105994143,-11.416002500007293,0.00019998000199980003,18,0.7278292810914816,0.2317649116669582,0.0024037596240375964,warm
county,20,California,Los Angeles,44511,17810,19003.085443739797,0.9372162248455902,-11.718794206600593,0.00019998000199980003,80,0.5995596594100335,0.3522275392599582,0.0024037596240375964,warm
county,20,Texas,Harris,16300,3261,3981.7043055832346,0.8189960252516374,-13.527451743889527,0.00019998000199980003,546,0.5630674846625767,0.4061963190184049,0.0024037596240375964,warm
county,20,California,Santa Clara,2076,488,787.8313686403758,0.6194218958838629,-13.930725408092552,0.00019998000199980003,4,0.7432562620423893,0.08574181117533719,0.0024037596240375964,warm
county,20,Arizona,Maricopa,8582,2593,3306.5657743006705,0.7841973143717101,-16.313101993371102,0.00019998000199980003,39,0.8170589606152412,0.14052668375670008,0.0024037596240375964,warm
county,50,Louisiana,Orleans,7847,3912,2798.565847375031,1.3978588367571685,26.599244944820786,0.00019998000199980003,38,0.1167325092391997,0.8649165286096597,0.0013693994838926704,cold
county,50,Georgia,Fulton,6387,2884,1936.4698377507946,1.48930798909306,26.428859725866122,0.00019998000199980003,215,0.14983560356975106,0.8399874745576953,0.0013693994838926704,cold
county,50,Missouri,St. Louis city,5955,3264,2308.452807042771,1.4139340384356078,26.308309788379002,0.00019998000199980003,41,0.1346767422334173,0.8597816960537363,0.0013693994838926704,cold
county,50,Michigan,Wayne,19038,7070,5630.479111384572,1.2556657897379961,23.57761182362796,0.00019998000199980003,500,0.15831494904926988,0.830024162201912,0.0013693994838926704,cold
county,50,Virginia,Richmond,2892,1299,764.2989330122996,1.6995967727971375,22.93504167985856,0.00019998000199980003,131,0.13865836791147995,0.8437067773167358,0.0013693994838926704,cold
county,50,District of Columbia,District of Columbia,7115,4674,3894.0032663088205,1.2003071595855515,18.967811820442897,0.00019998000199980003,9,0.07069571328179902,0.9173576950105411,0.0013693994838926704,cold
county,50,Maryland,Baltimore city,9336,4381,3587.022694922014,1.2213471652136418,17.21095765668597,0.00019998000199980003,35,0.09715081405312767,0.8947086546700943,0.0013693994838926704,cold
county,50,New Jersey,Essex,4812,2314,1760.6847001474925,1.314261434660139,16.998286406079536,0.00019998000199980003,71,0.1872402327514547,0.8023690773067331,0.0013693994838926704,cold
county,50,Texas,Dallas,11148,4292,3529.546690633986,1.2160201794154648,16.094341246525605,0.00019998000199980003,163,0.5026910656620022,0.4839433082167205,0.0013693994838926704,cold
county,50,Indiana,Lake,3094,1494,1096.5141843722297,1.3624994745100691,15.259110985856674,0.00019998000199980003,20,0.2323852617970265,0.7485455720749838,0.0013693994838926704,cold
county,50,Illinois,Cook,22338,9102,8081.432105878019,1.126285524737586,14.870031463382608,0.00019998000199980003,362,0.2708836959441311,0.7213268869191513,0.0013693994838926704,cold
county,50,Pennsylvania,Allegheny,2542,959,650.6040095684041,1.4740148936926762,14.370771799491814,0.00019998000199980003,93,0.2769472856018883,0.7179386309992132,0.0013693994838926704,cold
county,50,Massachusetts,Suffolk,2673,1505,1152.5105161471067,1.3058449176075904,14.186710490118324,0.00019998000199980003,7,0.3337074448185559,0.6341189674523008,0.0013693994838926704,cold
county,50,Maryland,Prince George's,3642,1741,1366.2669747863401,1.2742751103035785,13.12223120229715,0.00019998000199980003,21,0.18094453596924767,0.799835255354201,0.0013693994838926704,cold
county,50,Michigan,Genesee,1875,750,524.6009518150905,1.4296580999425204,11.960406702942745,0.00019998000199980003,83,0.25066666666666665,0.7386666666666667,0.0013693994838926704,cold
county,50,Mississippi,Hinds,1987,497,310.6759019379025,1.5997378518895866,11.7310430825875,0.00019998000199980003,287,0.14141922496225465,0.8470055359838953,0.0013693994838926704,cold
county,50,Pennsylvania,Delaware,999,421,272.5948383504544,1.544416624128269,10.859014591939568,0.00019998000199980003,51,0.32232232232232233,0.6586586586586587,0.0013693994838926704,cold
county,50,Georgia,Richmond,878,251,137.57670555920276,1.8244367676909394,10.739807771063028,0.00019998000199980003,159,0.2528473804100228,0.7357630979498861,0.0013693994838926704,cold
county,50,New York,Erie,1853,973,763.8819260692562,1.2737570647950955,10.167030623974824,0.00019998000199980003,17,0.2984349703184026,0.6880733944954128,0.0013693994838926704,cold
county,50,Ohio,Mahoning,1119,510,355.54918436203775,1.4344007030000463,10.15334961165814,0.00019998000199980003,17,0.23145665773011617,0.7587131367292225,0.0013693994838926704,cold
county,50,Alabama,Jefferson,3506,983,753.4763854422949,1.3046195195924732,9.701848501632979,0.00019998000199980003,224,0.21192241871078152,0.7592698231602967,0.0013693994838926704,cold
county,50,New York,New York,38431,19210,18291.311592671158,1.0502253981445997,9.609822796139282,0.00019998000199980003,121,0.4230699175145065,0.5366501001795425,0.0013693994838926704,cold
county,50,Ohio,Franklin,3456,1217,980.1407425275547,1.2416584141392188,9.213770515081931,0.00019998000199980003,102,0.38310185185185186,0.6006944444444444,0.0013693994838926704,cold
county,50,Tennessee,Davidson,2889,619,445.46516652594545,1.3895587051786848,9.072150173651032,0.00019998000199980003,445,0.4132917964693666,0.5683627552786431,0.0013693994838926704,cold
county,50,Virginia,Portsmouth,661,246,153.30857763346285,1.6046068902168542,8.712575649626418,0.00019998000199980003,39,0.19062027231467474,0.8048411497730711,0.0013693994838926704,cold
county,50,Louisiana,Jefferson,1700,386,261.2726698669078,1.477383762322436,8.496164301120377,0.00019998000199980003,275,0.38588235294117645,0.6005882352941176,0.0013693994838926704,cold
county,50,Illinois,St. Clair,777,332,228.1438999590208,1.4552219018769899,8.466089678055805,0.00019998000199980003,29,0.15958815958815958,0.8391248391248392,0.0013693994838926704,cold
county,50,Pennsylvania,Lehigh,453,173,102.74584147554128,1.6837664426660301,8.03156959507275,0.00019998000199980003,34,0.7417218543046358,0.24724061810154527,0.0013693994838926704,cold
county,50,Florida,Palm Beach,2642,904,725.226383232086,1.2465073264036273,8.02202410426603,0.00019998000199980003,104,0.5162755488266465,0.47880393641180924,0.0013693994838926704,cold
county,50,North Carolina,Mecklenburg,2660,740,584.4697136625952,1.2661049541177594,7.422517568364372,0.00019998000199980003,172,0.2879699248120301,0.6951127819548872,0.0013693994838926704,cold
county,50,North Carolina,Cumberland,1138,309,220.5840228939184,1.4008267504877356,6.851277455168967,0.00019998000199980003,141,0.3453427065026362,0.6089630931458699,0.0013693994838926704,cold
county,50,North Carolina,Robeson,694,174,115.48733429312156,1.506658726387829,6.146185088705646,0.00019998000199980003,82,0.2132564841498559,0.33285302593659943,0.0013693994838926704,cold
county,50,Wisconsin,Milwaukee,3808,756,627.0417925325058,1.2056612637359558,5.814978459282634,0.00019998000199980003,410,0.27888655462184875,0.7085084033613446,0.0013693994838926704,cold
county,50,Florida,Duval,3295,1218,1071.21076565899,1.1370311418133552,5.583632376919264,0.00019998000199980003,42,0.3590288315629742,0.6218512898330805,0.0013693994838926704,cold
county,50,California,San Francisco,3016,1485,1349.4021476204134,1.1004873548027954,5.092245834885241,0.00019998000199980003,3,0.4366710875331565,0.4373342175066313,0.0013693994838926704,cold
county,50,Texas,Starr,183,65,38.20149858960153,1.7015039304686608,5.0171259411233855,0.00019998000199980003,18,0.994535519125683,0.0,0.0013693994838926704,cold
county,50,Tennessee,Knox,1044,210,153.98080898981513,1.3638063170189616,4.994270771601086,0.00019998000199980003,141,0.5718390804597702,0.41379310344827586,0.0013693994838926704,cold
county,50,South Carolina,Chester,118,23,9.017596162501503,2.550568863977575,4.9544620823883445,0.0005999400059994001,18,0.4406779661016949,0.5423728813559322,0.003214186353385387,cold
county,50,Wisconsin,Racine,279,65,39.77674606631729,1.6341205962807908,4.453829680737392,0.00019998000199980003,44,0.4659498207885305,0.5340501792114696,0.0013693994838926704,cold
county,50,New Jersey,Atlantic,661,249,198.41454540710203,1.2549483178720995,4.4312004035859,0.00019998000199980003,23,0.4341906202723147,0.5219364599092284,0.0013693994838926704,cold
county,50,Pennsylvania,Philadelphia,12851,2852,2653.9362216038917,1.0746301952487802,4.364715735935512,0.00019998000199980003,813,0.20792156252431718,0.7757372967084274,0.0013693994838926704,cold
county,50,North Carolina,Guilford,1245,326,267.21905791880687,1.2199728662281768,4.156642955381589,0.00019998000199980003,71,0.321285140562249,0.642570281124498,0.0013693994838926704,cold
county,50,Missouri,Pulaski,59,23,11.175668687142403,2.058042399419149,4.055674189600738,0.00039996000399960006,10,0.7796610169491526,0.13559322033898305,0.0023767738168711866,cold
county,50,Georgia,Clayton,588,188,146.86695973440578,1.2800700738953077,4.012152865922979,0.00039996000399960006,29,0.3622448979591837,0.5952380952380952,0.0023767738168711866,cold
county,50,Connecticut,Fairfield,1555,700,626.3233836583253,1.1176335073286472,3.9091432791205944,0.00039996000399960006,9,0.5009646302250804,0.4778135048231511,0.0023767738168711866,cold
county,50,Michigan,Saginaw,818,275,226.95000433137574,1.2117206201876303,3.8601776092626134,0.0005999400059994001,22,0.31907090464547677,0.6687041564792175,0.003214186353385387,cold
county,50,Ohio,Cuyahoga,4823,1362,1247.3155499473592,1.0919450174877408,3.8523390404880753,0.0005999400059994001,149,0.2660170018660585,0.7221646278250052,0.003214186353385387,cold
county,50,Mississippi,Grenada,84,24,11.917677420833583,2.013815205137623,3.8474247401822312,0.0013998600139986002,15,0.21428571428571427,0.7857142857142857,0.006579342065793421,cold
county,50,South Carolina,Spartanburg,705,85,58.18305061355011,1.4609065544632092,3.7732648496442445,0.00019998000199980003,75,0.5234042553191489,0.47092198581560285,0.0013693994838926704,cold
county,50,Arkansas,Pulaski,2130,472,407.27282524448384,1.15892829264182,3.677756667489923,0.00039996000399960006,191,0.2863849765258216,0.7089201877934272,0.0023767738168711866,cold
county,50,North Carolina,Sampson,155,45,28.096994044032094,1.6015948157827284,3.6681937120549652,0.0005999400059994001,17,0.43870967741935485,0.5225806451612903,0.003214186353385387,cold
county,50,Virginia,Fairfax,547,130,98.39929854616258,1.3211476293096989,3.658221830073732,0.0005999400059994001,63,0.6910420475319927,0.2376599634369287,0.003214186353385387,cold
county,50,South Carolina,Jasper,124,23,11.747670486395172,1.9578349619727593,3.581120968034266,0.0025997400259974,19,0.3548387096774194,0.6370967741935484,0.010667187249529014,cold
county,50,Mississippi,Coahoma,116,26,13.866739152518335,1.874990198779224,3.5424901330614067,0.0023997600239976003,21,0.1206896551724138,0.8620689655172413,0.010005451067796446,cold
county,50,New York,Nassau,952,298,250.96604765051512,1.187411615195783,3.541707176111033,0.0013998600139986002,32,0.5483193277310925,0.42331932773109243,0.006579342065793421,cold
county,50,Alabama,Mobile,1658,393,337.37270208627086,1.1648838141608282,3.503043280171263,0.00039996000399960006,119,0.27563329312424606,0.6731001206272618,0.0023767738168711866,cold
county,50,New Jersey,Camden,1619,679,614.2417566840325,1.105427940401778,3.4168394040943775,0.00039996000399960006,10,0.4126003705991353,0.567016676961087,0.0023767738168711866,cold
county,50,South Carolina,Florence,407,51,33.145995729462655,1.5386473954881785,3.3255614210189735,0.0023997600239976003,34,0.3415233415233415,0.6437346437346437,0.010005451067796446,cold
county,50,North Carolina,Lenoir,217,58,39.91007093684465,1.4532672741118804,3.2650672086014008,0.0025997400259974,23,0.2534562211981567,0.7419354838709677,0.010667187249529014,cold
county,50,Florida,Collier,377,103,78.39518161843068,1.3138562584283207,3.2548956740476815,0.0017998200179982,39,0.8275862068965517,0.14854111405835543,0.008091364776565822,cold
county,50,North Carolina,Durham,904,234,194.73267736665474,1.2016473206467053,3.239144496252078,0.0021997800219978004,68,0.25995575221238937,0.7278761061946902,0.00943806034334326,cold
county,50,Ohio,Hamilton,2101,643,578.8152103262197,1.1108899498988734,3.2360906574774484,0.000999900009999,43,0.28986197049024276,0.6925273679200381,0.004946873733679264,cold
county,50,South Carolina,Clarendon,124,16,7.553213852021535,2.11830358751431,3.2082884544627426,0.006199380061993801,15,0.2661290322580645,0.7338709677419355,0.022570982338385878,cold
county,50,Mississippi,Harrison,439,79,57.250020859132945,1.379912160982162,3.1735191355443373,0.0031996800319968005,49,0.5170842824601367,0.4328018223234624,0.012873420829123313,cold
county,50,Indiana,St. Joseph,616,212,177.72074361502257,1.192882697245702,3.1260663023931636,0.0031996800319968005,12,0.4383116883116883,0.551948051948052,0.012873420829123313,cold
county,50,South Carolina,Aiken,382,46,30.119627145316088,1.5272433412959254,3.115736662525088,0.0035996400359964,33,0.46596858638743455,0.5340314136125655,0.01437076369583119,cold
county,50,South Carolina,Williamsburg,147,20,10.573920832994208,1.8914459750439248,3.092728006008723,0.0093990600939906,15,0.23809523809523808,0.7619047619047619,0.03155398745839701,cold
county,50,Pennsylvania,Berks,542,179,147.8997259002833,1.2102794573174873,3.0894704518932037,0.004399560043995601,19,0.7638376383763837,0.22509225092250923,0.01703799657487435,cold
county,50,Texas,Hidalgo,1157,314,271.51833954673066,1.1564596355597478,3.0875635819164238,0.0025997400259974,74,0.9878997407087294,0.003457216940363008,0.010667187249529014,cold
county,50,Illinois,Will,316,103,79.95274490258049,1.2882609612152998,3.0679280914950318,0.004199580041995801,21,0.5569620253164557,0.43037974683544306,0.016448355164483553,cold
county,50,Arkansas,Jefferson,508,110,86.52943977424158,1.27124364016448,2.849984330155077,0.0065993400659934,49,0.20866141732283464,0.781496062992126,0.02369346398693464,cold
county,50,Alabama,Barbour,61,18,10.09011426752237,1.7839242968672449,2.8078158525716734,0.012798720127987202,10,0.4098360655737705,0.5901639344262295,0.039981500339392045,cold
county,50,Florida,Miami-Dade,9577,3634,3511.1023528025607,1.0350025817673307,2.7024577858251013,0.008399160083991601,38,0.48324109846507257,0.5050642163516759,0.028662480286624804,cold
county,50,Virginia,Dinwiddie,94,21,12.531191579117744,1.675818286506358,2.6430463916799147,0.020597940205979402,11,0.40425531914893614,0.574468085106383,0.056795387127953866,
county,50,Texas,Parker,106,33,22.872408420300864,1.4427864085668471,2.5350782437341937,0.017998200179982,12,0.9716981132075472,0.02830188679245283,0.05155163154044706,
county,50,New Jersey,Mercer,843,291,259.32124518454907,1.1221602757340856,2.4437717722462513,0.017198280171982803,27,0.33570581257413995,0.641755634638197,0.05051994800519948,
county,50,Ohio,Lucas,1145,316,281.2900402593847,1.1233956229257474,2.4429104058905824,0.017198280171982803,40,0.4183406113537118,0.5755458515283843,0.05051994800519948,
county,50,Tennessee,Madison,347,69,53.2040065627509,1.296894810330096,2.389315284582676,0.026997300269973004,37,0.28530259365994237,0.7060518731988472,0.0715774576388515,
county,50,Michigan,Ottawa,79,24,16.26267461478112,1.4757720097398024,2.257239313763773,0.04179582041795821,10,0.8734177215189873,0.06329113924050633,0.10097401474805792,
county,50,Georgia,Gwinnett,655,192,167.4632282860962,1.146520355334276,2.250439331653135,0.0337966203379662,19,0.5648854961832062,0.35877862595419846,0.08461429886067084,
county,50,Kansas,Geary,59,22,14.90027579843682,1.4764827374744305,2.2283339609759785,0.04279572042795721,4,0.4745762711864407,0.5084745762711864,0.10196031088135427,
county,50,Virginia,Danville,206,56,43.23514836154893,1.2952424617976668,2.2274637611899415,0.033396660333966606,13,0.27184466019417475,0.7184466019417476,0.08422474825688164,
county,50,South Carolina,Berkeley,323,33,23.25137620731796,1.4192708296386272,2.141279820883374,0.051594840515948405,26,0.4582043343653251,0.5325077399380805,0.11908273458368449,
county,50,South Carolina,Beaufort,221,24,15.97859785007528,1.502009139048889,2.1260955713118914,0.0565943405659434,20,0.4751131221719457,0.5203619909502263,0.12946581448049885,
county,50,South Carolina,Allendale,55,9,4.692891654270858,1.9177941156620084,2.1257340155993854,0.07779222077792221,7,0.12727272727272726,0.8727272727272727,0.16217168605720075,
county,50,Texas,Bell,580,152,132.05846522453933,1.1510053501042439,2.031076450318538,0.0491950804919508,30,0.5982758620689655,0.3689655172413793,0.11503264088005614,
county,50,Kansas,Wyandotte,688,212,188.8907245426746,1.122342034069039,2.0258259415722617,0.046795320467953205,17,0.4011627906976744,0.5813953488372093,0.11047114466635528,
county,50,Georgia,Coffee,104,25,17.557346483825313,1.423905373345068,2.0037300560376337,0.072992700729927,14,0.4230769230769231,0.5769230769230769,0.15691154377285763,
county,50,North Carolina,New Hanover,350,90,75.0618840219787,1.1990106719629807,1.9961800259228555,0.054594540545945404,23,0.36857142857142855,0.6171428571428571,0.12544612205446123,
county,50,Wisconsin,Rock,124,23,15.84318055197074,1.4517287058966843,1.9724585037027873,0.0745925407459254,19,0.7258064516129032,0.27419354838709675,0.15805058838378455,
county,50,Alabama,Talladega,111,24,16.812098179694487,1.4275434120999246,1.9428229206503764,0.08499150084991501,15,0.3063063063063063,0.6936936936936937,0.174367483886532,
county,50,Alabama,Macon,120,28,20.353166018081826,1.3757073457330766,1.9270404094741351,0.07379262073792621,16,0.08333333333333333,0.9166666666666666,0.15764787157647872,
county,50,New Jersey,Hudson,1413,462,430.160020610507,1.0740189182256035,1.9035750047959799,0.06359364063593641,43,0.5343241330502477,0.42179759377211606,0.1405038983281159,
county,50,Alabama,St. Clair,78,17,11.595505244550697,1.4660853185322944,1.759826488974355,0.11638836116388361,11,0.717948717948718,0.28205128205128205,0.2216308755864745,
county,50,Georgia,Tift,122,30,22.67200073091,1.3232180236788424,1.753983012488984,0.1045895410458954,16,0.3770491803278688,0.5983606557377049,0.20289978506839748,
county,50,Texas,Fort Bend,474,132,116.70638308953696,1.1310435342575034,1.7194616930408713,0.0953904609539046,31,0.6962025316455697,0.25316455696202533,0.19152181869191723,
county,50,Louisiana,St. Charles,114,25,18.714467116117433,1.3358649137527023,1.6476340722470997,0.13658634136586342,13,0.43859649122807015,0.543859649122807,0.25174737428217964,
county,50,Louisiana,St. John the Baptist,134,27,20.27704776068188,1.3315547864099935,1.6431785219839372,0.14538546145385461,16,0.2462686567164179,0.753731343283582,0.26327244683587686,
county,50,Virginia,Fauquier,64,10,6.3447242693132555,1.5761126213735979,1.548248586525161,0.197980201979802,10,0.65625,0.34375,0.3306471285238626,
county,50,Virginia,Loudoun,88,18,13.065994718077807,1.3776218641123141,1.5330361802585688,0.17838216178382163,9,0.6363636363636364,0.25,0.31051709643850434,
county,50,North Carolina,Chatham,113,24,18.33049203247406,1.3092938235090426,1.5034591652352045,0.17898210178982102,11,0.5132743362831859,0.48672566371681414,0.3110348931606002,
county,50,California,Madera,325,120,107.66667152467947,1.114551033301828,1.4923898171967869,0.1491850814918508,3,0.8307692307692308,0.11076923076923077,0.26827369436969345,
county,50,Kentucky,Jefferson,1935,585,556.1828850152589,1.0518123008836393,1.4767156396397885,0.15698430156984303,22,0.3757105943152455,0.6170542635658914,0.2793834213824745,
county,50,Alabama,Walker,64,16,11.59453064116024,1.3799609915385858,1.4573213508985463,0.206979302069793,6,0.640625,0.359375,0.34187955006416293,
county,50,South Carolina,Sumter,363,36,28.687493940004806,1.2549022258719462,1.4541097053825418,0.1877812218778122,28,0.25068870523415976,0.743801652892562,0.319351617469832,
county,50,North Carolina,Davidson,217,41,33.505700348589734,1.223672377339986,1.4374195822129987,0.193980601939806,23,0.7188940092165899,0.271889400921659,0.3266709159702922,
county,50,South Carolina,Edgefield,68,8,5.07444499273095,1.5765270904423745,1.4302014015962807,0.2515748425157484,4,0.3235294117647059,0.6764705882352942,0.3977739630617091,
county,50,Mississippi,Madison,122,18,13.196237652045651,1.3640251467591356,1.4201637643091447,0.21837816218378162,12,0.2786885245901639,0.7131147540983607,0.35536131921399056,
county,50,Mississippi,Pike,67,12,8.303851407665379,1.4451125641437497,1.3891212346111854,0.23557644235576441,6,0.2537313432835821,0.746268656716418,0.37823919471406897,
county,50,Indiana,Elkhart,230,68,59.042508893139,1.1517125758167417,1.3820643289104209,0.19358064193580643,6,0.6782608695652174,0.30869565217391304,0.32652917416251853,
county,50,Tennessee,Rutherford,174,33,26.637877183960573,1.2388374558566642,1.3773954810607105,0.20837916208379162,16,0.6206896551724138,0.3218390804597701,0.3430956267430582,
county,50,North Carolina,Franklin,124,21,15.977647535474874,1.314336165782484,1.37670805243635,0.21957804219578042,17,0.3548387096774194,0.5806451612903226,0.35563454609155676,
county,50,Louisiana,St. Tammany,303,50,41.88534447879741,1.1937349596184001,1.3731417383655782,0.19618038196180382,38,0.6732673267326733,0.31353135313531355,0.32876906798785277,
county,50,North Carolina,Columbus,218,45,37.731007606119505,1.192653015518768,1.3538531303552797,0.206979302069793,24,0.3348623853211009,0.6284403669724771,0.34187955006416293,
county,50,Mississippi,Hancock,51,9,5.9775561707967695,1.505632024667425,1.3441365702128096,0.251974802519748,9,0.6862745098039216,0.27450980392156865,0.3977739630617091,
county,50,Minnesota,Hennepin,1898,451,427.27587164482054,1.055524147113321,1.3263747723570067,0.19118088191180882,81,0.36037934668071653,0.5252897787144363,0.3235368770815226,
county,50,Mississippi,Lowndes,124,20,15.269564100540396,1.309795084411885,1.3214448749442198,0.23997600239976002,10,0.28225806451612906,0.7096774193548387,0.3829246704959134,
county,50,Florida,Lee,993,253,236.21587679617153,1.0710541705810543,1.2780939526136712,0.21857814218578142,53,0.6646525679758308,0.3323262839879154,0.35536131921399056,
county,50,Illinois,Kankakee,128,37,31.00604931775778,1.1933155243615434,1.2733013932438286,0.23757624237576241,7,0.2578125,0.734375,0.3796813518029959,
county,50,North Carolina,Edgecombe,122,23,18.24725255114942,1.2604637292944794,1.2511152616363967,0.2763723627637236,11,0.3114754098360656,0.680327868852459,0.4202485633789563,
county,50,Hawaii,Kauai,54,15,11.33607857604319,1.3232088944496083,1.2498768117074017,0.28117188281171884,4,0.5,0.018518518518518517,0.4241086095472085,
county,50,Mississippi,Leflore,203,34,28.044405659802713,1.2123630078826633,1.2365492331735328,0.26377362263773624,23,0.07389162561576355,0.9211822660098522,0.4098384764222229,
county,50,North Carolina,Pender,53,12,8.805950810004477,1.3627148571357848,1.2338189247142115,0.2967703229677032,5,0.5283018867924528,0.4716981132075472,0.44055565749020503,
county,50,Florida,Monroe,163,47,40.49079470529492,1.1607576571929787,1.2245998807830138,0.25637436256374363,12,0.8466257668711656,0.13496932515337423,0.4022626568906083,
county,50,Louisiana,Lincoln,71,15,11.27816608400468,1.3300034676093158,1.2176041581683505,0.30016998300169984,11,0.29577464788732394,0.704225352112676,0.4424252731422014,
county,50,North Carolina,Stanly,94,21,16.596913561267463,1.265295497411525,1.2166846601816106,0.2813718628137186,10,0.6276595744680851,0.3617021276595745,0.4241086095472085,
county,50,Texas,Chambers,76,21,16.906852254836775,1.2420999298667346,1.216583548508351,0.294970502949705,7,0.75,0.23684210526315788,0.4388482015107842,
county,50,Delaware,New Castle,826,190,176.51311210043724,1.07640728634306,1.1794895331610216,0.26037396260373963,45,0.39588377723970947,0.5883777239709443,0.4063853041543507,
county,50,South Carolina,Anderson,521,46,39.08126365296903,1.177034611993805,1.1766026056925587,0.27917208279172084,36,0.5681381957773513,0.42418426103646834,0.42326089971648,
county,50,Maryland,Harford,203,48,41.42102705531832,1.158831719355857,1.1727215507057973,0.27577242275772423,16,0.6305418719211823,0.3645320197044335,0.41995388090056973,
county,50,California,Monterey,1057,457,438.9199267195127,1.041192190602094,1.1638981070281407,0.25617438256174385,2,0.8789025543992431,0.08420056764427625,0.4022626568906083,
county,50,North Carolina,Scotland,164,33,27.606891457818165,1.1953537054478667,1.1530730287208177,0.30016998300169984,16,0.3048780487804878,0.5548780487804879,0.4424252731422014,
county,50,South Carolina,Richland,1159,115,104.28238772305181,1.102774902943453,1.1320421559649143,0.28617138286171384,86,0.21138912855910266,0.7773943054357204,0.4288423331579886,
county,50,Virginia,Isle of Wight,50,8,5.530852051256984,1.4464317479224307,1.125661176303442,0.3581641835816418,7,0.38,0.58,0.5143635636436356,
county,50,Alabama,Montgomery,930,207,193.51568258946838,1.06968074747274,1.1240625925752035,0.28277172282771723,51,0.17311827956989248,0.8118279569892473,0.4255981970944099,
county,50,Louisiana,Acadia,98,16,12.392536740568724,1.291099662236363,1.1126065144152135,0.3371662833716628,12,0.46938775510204084,0.5102040816326531,0.4917206445787015,
county,50,Virginia,Halifax,121,21,16.903710651370723,1.2423307777276174,1.0919787662856189,0.34196580341965804,16,0.4380165289256198,0.5619834710743802,0.4980178038534175,
county,50,Alabama,Etowah,249,53,46.949373201130356,1.1288755607651855,1.011194441918947,0.3581641835816418,17,0.5542168674698795,0.43775100401606426,0.5143635636436356,
county,50,Texas,Guadalupe,133,31,26.54780431345757,1.167704855511743,0.9962942126469176,0.3665633436656334,10,0.8421052631578947,0.12030075187969924,0.5242413517984301,
county,50,North Carolina,Rowan,265,57,50.83102129094728,1.1213624781163187,0.9939164614517262,0.3501649835016498,23,0.4981132075471698,0.49433962264150944,0.506392437679309,
county,50,Mississippi,Jackson,232,33,28.230965721844527,1.1689291937493054,0.9782983866090232,0.38876112388761125,24,0.40948275862068967,0.5517241379310345,0.5489666585865288,
county,50,South Carolina,Darlington,253,24,19.97962539343941,1.2012237230374068,0.9553717323035981,0.37896210378962103,21,0.308300395256917,0.6877470355731226,0.538991492872721,
county,50,North Carolina,Wayne,393,92,84.59859292417013,1.0874885363928466,0.9402615721264758,0.38816118388161186,24,0.29770992366412213,0.6870229007633588,0.5489666585865288,
county,50,New York,Clinton,55,14,11.283864527841615,1.2407096846525087,0.926916476614351,0.43315668433156684,6,0.8,0.18181818181818182,0.5908760047478102,
county,50,North Carolina,Martin,74,16,13.050218292145125,1.2260331315400552,0.9232199076381906,0.45135486451354867,6,0.2972972972972973,0.6621621621621622,0.607683502483085,
county,50,North Carolina,Cleveland,256,58,52.25350328626863,1.1099734247912418,0.9207341263839557,0.388961103889611,16,0.3671875,0.62109375,0.5489666585865288,
county,50,Alabama,Morgan,172,33,28.734076030618255,1.1484621939761033,0.8978629214003936,0.42355764423557646,16,0.6395348837209303,0.3488372093023256,0.5808469550922892,
county,50,Virginia,Hopewell,77,16,13.16268335022472,1.2155576165043005,0.8741783362823712,0.4667533246675332,9,0.44155844155844154,0.5584415584415584,0.6211363419642592,
county,50,Georgia,Crisp,83,22,18.833133542713014,1.168153985108459,0.8616799915085451,0.47395260473952605,3,0.25301204819277107,0.7228915662650602,0.6266841346555881,
county,50,Pennsylvania,Northampton,227,57,51.686582737514954,1.1028007072835264,0.8581124133436465,0.44155584441555845,8,0.8061674008810573,0.16740088105726872,0.5983862950533256,
county,50,Iowa,Linn,93,18,15.072285610863275,1.194244885263227,0.8385497300882222,0.48755124487551244,15,0.7204301075268817,0.23655913978494625,0.6365048236664353,
county,50,Arkansas,Ouachita,88,16,13.310715112055203,1.2020390989744176,0.8261674273436844,0.47995200479952005,10,0.2727272727272727,0.7272727272727273,0.6324549710634032,
county,50,Florida,Nassau,98,27,23.650341351736007,1.141632570898099,0.8227687275097707,0.47355264473552644,5,0.7653061224489796,0.23469387755102042,0.6266841346555881,
county,50,Arkansas,Independence,51,10,7.976951142663382,1.2536117899126498,0.818628276920785,0.5129487051294871,3,0.9411764705882353,0.058823529411764705,0.6580508202281509,
county,50,North Carolina,Pasquotank,75,17,14.273650272423247,1.1910057816705846,0.8171988276760965,0.49135086491350866,7,0.29333333333333333,0.6933333333333334,0.6382623044228241,
county,50,Illinois,Kane,233,71,65.65998231162908,1.0813283449122275,0.8108613436333861,0.45355464453554645,9,0.6909871244635193,0.2918454935622318,0.6082691341760765,
county,50,Pennsylvania,Lawrence,126,35,31.236273508341426,1.120492173647202,0.7966004236193038,0.4881511848815118,5,0.6746031746031746,0.3253968253968254,0.6365048236664353,
county,50,South Carolina,Barnwell,71,8,6.14536675711024,1.3017937441640783,0.796404000433553,0.543945605439456,8,0.16901408450704225,0.8169014084507042,0.6867396288454182,
county,50,North Carolina,Caswell,70,13,10.689397420100162,1.2161583566492737,0.79248338191593,0.5311468853114688,5,0.4,0.5714285714285714,0.6763619204582004,
county,50,Louisiana,Vermilion,73,15,12.494430731327984,1.2005348881073599,0.7913171896288757,0.5321467853214679,9,0.4520547945205479,0.4931506849315068,0.6768016925244745,
county,50,Virginia,Southampton,53,8,6.182108466709252,1.2940568809298836,0.7897968968194533,0.53994600539946,8,0.37735849056603776,0.5660377358490566,0.6841181242952816,
county,50,South Carolina,Oconee,133,11,8.851851664200213,1.242677850611483,0.7667377797661671,0.5381461853814619,6,0.8721804511278195,0.12781954887218044,0.6827523382631062,
county,50,California,Alameda,5551,2510,2482.438620959015,1.011102541995716,0.7635594624757107,0.44155584441555845,5,0.29958566024139793,0.6317780580075663,0.5983862950533256,
county,50,Arkansas,Arkansas,53,9,7.170073213518402,1.255217308385564,0.7557168663184273,0.5503449655034497,3,0.39622641509433965,0.6037735849056604,0.693126302473285,
county,50,Indiana,Wayne,82,25,22.09327263294645,1.1315661747060013,0.749134545831307,0.5233476652334766,2,0.7926829268292683,0.17073170731707318,0.6680759084585368,
county,50,Georgia,Douglas,133,27,23.846842934290827,1.1322253463235192,0.7304341616275181,0.5195480451954805,12,0.6616541353383458,0.3233082706766917,0.6648671766486718,
county,50,South Carolina,Colleton,161,15,12.588756934651029,1.1915394091621496,0.7295895622382154,0.5349465053494651,11,0.32919254658385094,0.6645962732919255,0.6795266419304016,
county,50,Tennessee,Hamilton,801,129,122.16299363997256,1.0559662640568293,0.6842608982723513,0.5211478852114788,76,0.4107365792759051,0.5730337078651685,0.66609012769922,
county,50,Kentucky,Kenton,116,34,30.828515913496815,1.1028750166048278,0.6838191769008842,0.5629437056294371,3,0.8189655172413793,0.1206896551724138,0.7058067526580676,
county,50,Tennessee,Bradley,125,19,16.517338502637273,1.1503063884636335,0.667227768126234,0.5843415658434157,9,0.848,0.144,0.7253411513590539,
county,50,Georgia,Lowndes,243,56,51.9092370747064,1.0788060691280492,0.657239006740004,0.5657434256574343,14,0.2839506172839506,0.7078189300411523,0.7073503048727776,
county,50,Tennessee,Cocke,85,14,11.96788547294702,1.169797290561186,0.6561119440342557,0.591940805919408,8,0.7529411764705882,0.10588235294117647,0.732137312584531,
county,50,Virginia,York,52,8,6.479691650071656,1.2346266507776695,0.6454067186299123,0.6399360063993601,5,0.5192307692307693,0.40384615384615385,0.7802993285577103,
county,50,South Carolina,Dorchester,153,15,12.836943964490079,1.168502413151715,0.6441653275826581,0.6035396460353964,14,0.45751633986928103,0.5228758169934641,0.7440605164751701,
county,50,Wisconsin,Marathon,56,8,6.544865366843582,1.2223322485024917,0.6259942447861075,0.6595340465953404,6,0.8392857142857143,0.017857142857142856,0.7994820682058406,
county,50,Arkansas,Benton,106,17,14.89309989140974,1.1414682050044873,0.6089076061836544,0.6037396260373963,12,0.9339622641509434,0.018867924528301886,0.7440605164751701,
county,50,South Carolina,Greenville,1014,94,88.73852632164794,1.0592918757663492,0.6029485664478724,0.5805419458054195,59,0.5118343195266272,0.480276134122288,0.7214908316860622,
county,50,Texas,Cameron,641,160,153.7799782501046,1.0404475395345634,0.5989117806006453,0.5777422257774223,35,0.9781591263650546,0.0031201248049922,0.7188754048782847,
county,50,Florida,Martin,156,38,35.02447914500641,1.0849554633681917,0.5912801313045275,0.6125387461253875,18,0.6923076923076923,0.3076923076923077,0.7531094690768736,
county,50,South Carolina,Cherokee,159,15,13.059659345540041,1.1485751353171856,0.5743626988705176,0.658934106589341,8,0.5723270440251572,0.41509433962264153,0.7994820682058406,
county,50,Oklahoma,Mayes,58,11,9.448128421592427,1.1642517448070433,0.566332328794799,0.6777322267773223,8,0.896551724137931,0.017241379310344827,0.8158034021976149,
county,50,Virginia,Chesterfield,282,53,49.49772499038866,1.07075628244109,0.5611689126903096,0.6057394260573943,29,0.624113475177305,0.34397163120567376,0.7456363887420782,
county,50,South Carolina,Greenwood,172,18,15.944939160399667,1.128884834173856,0.5522641683006281,0.6499350064993501,15,0.3430232558139535,0.6569767441860465,0.790626819670974,
county,50,North Carolina,Vance,195,44,41.044024255917684,1.072019637393527,0.5388346994331369,0.6299370062993701,11,0.26153846153846155,0.7282051282051282,0.7690140076901402,
county,50,Oregon,Clackamas,262,61,57.56353675748947,1.059698611935331,0.5362972586793988,0.6273372662733727,13,0.9580152671755725,0.026717557251908396,0.7667455476674556,
county,50,North Carolina,Rutherford,123,25,22.830741890296167,1.0950147883992258,0.5301056532331879,0.6675332466753324,5,0.7073170731707317,0.2845528455284553,0.8054018402127114,
county,50,Tennessee,Maury,170,27,24.682742086624387,1.0938817050894576,0.5142517742074542,0.6801319868013199,12,0.5705882352941176,0.4294117647058823,0.8167903302584958,
county,50,Texas,Cooke,67,16,14.337010837997767,1.115992739406653,0.514082254904656,0.7037296270372962,7,0.9701492537313433,0.029850746268656716,0.8373491764747576,
county,50,South Carolina,Union,78,6,4.95194127280743,1.2116460332330212,0.49399449456853056,0.7617238276172382,6,0.5,0.5,0.8819960109252233,
county,50,Tennessee,Lawrence,64,9,7.792607414766389,1.1549407689839084,0.4769514232637761,0.7571242875712428,5,0.890625,0.078125,0.8786380621197138,
county,50,Maryland,Charles,176,34,31.72476131439592,1.0717180710378311,0.4560788369380054,0.714928507149285,18,0.38636363636363635,0.6022727272727273,0.8450775493879183,
county,50,Arkansas,Mississippi,257,44,41.40323762690953,1.0627188239840146,0.4516746940403291,0.7023297670232976,21,0.30739299610894943,0.6926070038910506,0.8373491764747576,
county,50,Pennsylvania,Dauphin,546,139,134.69788865972805,1.031938966401618,0.4383856186042747,0.6947305269473053,20,0.4084249084249084,0.5842490842490843,0.8302213658541767,
county,50,Texas,Liberty,170,35,32.841153776313426,1.0657360042339206,0.4336975590182534,0.7245275472452755,14,0.7235294117647059,0.25882352941176473,0.8522883775331226,
county,50,Florida,Hardee,57,14,12.69602019402041,1.1027077608614502,0.4295814708153587,0.7735226477352265,3,0.7719298245614035,0.19298245614035087,0.8871795747254543,
county,50,Alabama,Houston,192,34,31.88462316263884,1.06634473384148,0.4211167350247566,0.718928107189281,16,0.34375,0.640625,0.8485977886229641,
county,50,Alabama,Lee,194,36,33.86223812020964,1.0631311454429382,0.41671455679931024,0.7383261673832616,18,0.36597938144329895,0.6134020618556701,0.8616583036955898,
county,50,South Carolina,Georgetown,125,10,8.831366145250195,1.1323276416727819,0.41613755110544937,0.7705229477052294,6,0.36,0.64,0.886229953200453,
county,50,Florida,Putnam,172,42,39.78342677802905,1.0557159953650619,0.41575067664042326,0.7261273872612739,10,0.5406976744186046,0.4476744186046512,0.8531996800319969,
county,50,North Carolina,Forsyth,813,172,167.3454636813923,1.0278139378039517,0.41437792085821307,0.6953304669533047,54,0.35670356703567035,0.6322263222632226,0.8302213658541767,
county,50,Texas,Galveston,797,204,199.09876190527217,1.0246171199048428,0.4127313018917102,0.7067293270672933,33,0.5796737766624843,0.4065244667503137,0.8384996362749045,
county,50,Mississippi,Lauderdale,293,44,41.79329183476386,1.052800534927009,0.3784495855437334,0.7627237276272373,26,0.310580204778157,0.6860068259385665,0.8821659221102498,
county,50,North Carolina,Cabarrus,269,55,52.608190487367935,1.045464584325636,0.377440200274093,0.7637236276372362,21,0.5539033457249071,0.4275092936802974,0.8823354536054774,
county,50,Alabama,Colbert,73,14,12.837688599750514,1.090538993154272,0.37114575212914375,0.7971202879712029,6,0.5068493150684932,0.4794520547945205,0.9047446517697297,
county,50,Alabama,Baldwin,166,29,27.343153788200222,1.060594554111559,0.3620402932770851,0.7873212678732127,18,0.6566265060240963,0.3313253012048193,0.8999236941647999,
county,50,North Carolina,Hoke,100,20,18.649587756721683,1.072409763738161,0.36110944302084463,0.8055194480551945,11,0.35,0.46,0.909287237215143,
county,50,Arkansas,Garland,247,43,41.03892609107862,1.0477857023979897,0.3444324380708242,0.7967203279672033,25,0.6639676113360324,0.32388663967611336,0.9047446517697297,
county,50,North Carolina,Anson,126,21,19.659658704173726,1.068177241324221,0.3397555357857187,0.8289171082891711,9,0.24603174603174602,0.746031746031746,0.9286026976933942,
county,50,New York,Suffolk,1057,382,376.93090574355017,1.013448338088516,0.33823581067763275,0.7493250674932507,8,0.6215704824976348,0.3519394512771996,0.871543441831295,
county,50,Pennsylvania,Chester,294,71,68.61589487256137,1.0347456683595917,0.33695149783192097,0.7669233076692331,17,0.6496598639455783,0.3333333333333333,0.8850431921093606,
county,50,Virginia,Northampton,52,8,7.182938447977501,1.1137503206995403,0.3322598476430578,0.8665133486651335,7,0.3269230769230769,0.6538461538461539,0.9566578027362685,
county,50,South Carolina,York,348,30,28.36357881057793,1.0576944538751851,0.32871287161686624,0.7931206879312068,25,0.5517241379310345,0.4454022988505747,0.9031792855956694,
county,50,Kansas,Saline,61,12,11.103789821240694,1.0807120985886212,0.3080305518329098,0.8669133086691331,1,0.7377049180327869,0.2459016393442623,0.9566578027362685,
county,50,Connecticut,Hartford,1444,484,478.87502103398344,1.01070212214233,0.29490497674736504,0.8021197880211979,21,0.5152354570637119,0.4515235457063712,0.9074309199277009,
county,50,Nebraska,Douglas,596,151,148.06444000740368,1.0198262323651077,0.28669526923769056,0.7983201679832017,17,0.43288590604026844,0.5453020134228188,0.9051129974721827,
county,50,Oklahoma,Osage,69,15,14.090359240193111,1.0645576698436556,0.28174113954424485,0.8723127687231277,3,0.8260869565217391,0.057971014492753624,0.9595440455954404,
county,50,Virginia,Chesapeake,365,82,79.87111172684055,1.0266540458387539,0.2763536371224195,0.8147185281471853,23,0.4246575342465753,0.5671232876712329,0.9166691600698471,
county,50,North Carolina,Craven,146,27,25.778435429963444,1.0473870717777027,0.2729470409551343,0.8611138886111389,15,0.3904109589041096,0.5958904109589042,0.9533102364281772,
county,50,Pennsylvania,York,408,98,95.7328770858588,1.0236817589019904,0.27174752399638213,0.8407159284071593,17,0.6887254901960784,0.30637254901960786,0.9377564940377591,
county,50,Florida,Manatee,517,123,120.50101482521214,1.020738291527359,0.26632967937880503,0.8267173282671733,27,0.6305609284332688,0.3539651837524178,0.927142860551255,
county,50,Mississippi,Bolivar,69,7,6.384481712477071,1.0964084972347925,0.2623857718080086,0.9331066893310669,6,0.10144927536231885,0.8985507246376812,1.0,
county,50,New Jersey,Union,841,274,270.6268584454423,1.0124641788103885,0.2561022897301506,0.8325167483251675,18,0.4221165279429251,0.5541022592152199,0.9316258850305447,
county,50,Florida,Marion,499,123,120.65227281300267,1.0194586237976309,0.2553314098695304,0.8429157084291571,25,0.6513026052104208,0.3466933867735471,0.9381860522236258,
county,50,Florida,Broward,3171,948,941.7025031431092,1.0066873527848463,0.25180948626496863,0.8147185281471853,49,0.5231788079470199,0.4619993692841375,0.9166691600698471,
county,50,Virginia,Amherst,52,7,6.411431169159426,1.0917999141395662,0.25105209839181725,0.9313068693130687,7,0.6730769230769231,0.3269230769230769,1.0,
county,50,Virginia,Brunswick,52,7,6.42038569259979,1.0902771788411838,0.24951346260491805,0.934906509349065,5,0.17307692307692307,0.8269230769230769,1.0,
county,50,Virginia,James City,57,10,9.39073397265123,1.0648794896248945,0.22274780642610023,0.9417058294170583,7,0.2982456140350877,0.631578947368421,1.0,
county,50,North Carolina,Caldwell,188,33,31.94595579317756,1.0329946054407158,0.21431910487888703,0.8849115088491151,19,0.8457446808510638,0.15425531914893617,0.9692780721927807,
county,50,South Carolina,Fairfield,83,6,5.565410273563506,1.0780876350663413,0.19431676308624393,0.9859014098590141,5,0.24096385542168675,0.7590361445783133,1.0,
county,50,Virginia,Smyth,70,10,9.47565356716417,1.0553361759291031,0.1881626533818815,0.9799020097990201,6,0.9571428571428572,0.02857142857142857,1.0,
county,50,New York,Tompkins,56,11,10.470362800514119,1.0505844171378547,0.18484246233967253,0.9679032096790321,4,0.8214285714285714,0.16071428571428573,1.0,
county,50,Virginia,Accomack,80,12,11.511515209247936,1.0424344477571148,0.16011310826155836,0.9673032696730327,10,0.3625,0.6375,1.0,
county,50,Illinois,DuPage,105,26,25.35434253037107,1.0254653603758614,0.15264929999648436,0.9543045695430457,5,0.9428571428571428,0.047619047619047616,1.0,
county,50,Alabama,Cullman,51,8,7.62488591475796,1.0491960259386972,0.15127448606027358,1.0,6,1.0,0.0,1.0,
county,50,Texas,Medina,71,15,14.52147066387555,1.0329532281681955,0.14709281927605938,0.9857014298570143,4,1.0,0.0,1.0,
county,50,Oregon,Lincoln,57,12,11.578531382626235,1.0364008701488847,0.14245404737729286,1.0,3,0.9824561403508771,0.0,1.0,
county,50,Oregon,Umatilla,95,21,20.455436860669746,1.0266219266319998,0.1398113824021203,0.9647035296470353,8,0.9368421052631579,0.0,1.0,
county,50,Ohio,Trumbull,214,52,51.28492393387493,1.0139432022371149,0.11818945188189622,0.9685031496850315,7,0.5654205607476636,0.411214953271028,1.0,
county,50,Louisiana,Vernon,102,13,12.63731375353377,1.02869963138842,0.11012317549042591,0.9881011898810119,12,0.6862745098039216,0.29411764705882354,1.0,
county,50,Georgia,Paulding,56,9,8.719779341337793,1.0321362098389082,0.10709994190154686,1.0,3,0.8392857142857143,0.14285714285714285,1.0,
county,50,South Carolina,Lee,53,5,4.782762430441071,1.045420940872218,0.10602272340823858,1.0,4,0.09433962264150944,0.8679245283018868,1.0,
county,50,Virginia,Mecklenburg,98,14,13.655495759832583,1.0252282484815214,0.10379984901674186,1.0,7,0.336734693877551,0.6632653061224489,1.0,
county,50,Ohio,Lake,73,17,16.68534221170908,1.0188583359153465,0.0895327896732588,1.0,8,0.8493150684931506,0.1506849315068493,1.0,
county,50,North Carolina,Granville,109,17,16.722397867425975,1.0166006176132654,0.07593861708303251,1.0,8,0.3211009174311927,0.6605504587155964,1.0,
county,50,Ohio,Scioto,117,27,26.66808625002347,1.0124461030635912,0.0750561545564298,1.0,3,0.8888888888888888,0.1111111111111111,1.0,
county,50,Texas,Grimes,55,10,9.800585197600444,1.0203472342088695,0.07275855286761507,1.0,3,0.509090909090909,0.4727272727272727,1.0,
county,50,Arkansas,Faulkner,105,16,15.770578129418674,1.014547461018779,0.06541074056084004,1.0,3,0.638095238095238,0.3238095238095238,1.0,
county,50,Georgia,Chatham,1170,359,358.0486163941248,1.002657135266871,0.061845680105282255,0.9611038896110389,18,0.24102564102564103,0.7401709401709402,1.0,
county,50,South Carolina,Bamberg,65,5,4.894350116885941,1.0215860902042044,0.0507680420770538,1.0,3,0.15384615384615385,0.8461538461538461,1.0,
county,50,Tennessee,Warren,58,7,6.889047793034539,1.0161055940238424,0.04563147049223425,1.0,6,0.8793103448275862,0.1206896551724138,1.0,
county,50,New York,Chautauqua,68,14,13.896594782561255,1.0074410471814654,0.03180294131519043,1.0,4,0.8088235294117647,0.17647058823529413,1.0,
county,50,Tennessee,Tipton,55,7,6.957008167536767,1.0061796438106605,0.017885858877680436,1.0,7,0.509090909090909,0.45454545454545453,1.0,
county,50,New Mexico,McKinley,121,39,38.95857979691861,1.0010631856524879,0.008291872488922901,1.0,1,0.24793388429752067,0.008264462809917356,1.0,
county,50,Virginia,Pittsylvania,140,18,17.990090197620674,1.0005508478429217,0.0025566123766186215,1.0,10,0.5071428571428571,0.4857142857142857,1.0,
county,50,Ohio,Montgomery,1726,496,496.11633034706233,0.9997655180046564,-0.006401196263235395,1.0,59,0.34414831981460026,0.6477404403244496,1.0,
county,50,Texas,Wilson,50,10,10.048771153909676,0.995146555418301,-0.017949081772302825,1.0,4,0.98,0.02,1.0,
county,50,Georgia,Toombs,89,17,17.0756413849097,0.9955702170592229,-0.020927061698734463,1.0,3,0.47191011235955055,0.5280898876404494,1.0,
county,50,Georgia,Camden,52,10,10.087383020043138,0.9913373944590473,-0.03138486484738965,1.0,3,0.46153846153846156,0.5384615384615384,1.0,
county,50,Louisiana,East Baton Rouge,2472,658,658.7675976365122,0.9988347975230323,-0.035532207628475664,0.9863013698630136,54,0.17030744336569578,0.8228155339805825,1.0,
county,50,Virginia,Frederick,66,9,9.106433978797027,0.9883122219910843,-0.039021482202546656,1.0,4,0.9393939393939394,0.045454545454545456,1.0,
county,50,West Virginia,Wood,78,13,13.130368825331965,0.9900711985271542,-0.04042274444062602,1.0,6,0.9487179487179487,0.05128205128205128,1.0,
county,50,South Carolina,Dillon,177,11,11.12989248208745,0.9883294036940158,-0.04083540237688888,1.0,10,0.327683615819209,0.6384180790960452,1.0,
county,50,Oklahoma,Wagoner,81,18,18.148445549105926,0.9918204813352051,-0.041168010884530634,1.0,3,0.7407407407407407,0.24691358024691357,1.0,
county,50,Arkansas,Hot Spring,70,9,9.117436060119754,0.9871196179117255,-0.04313164568595176,1.0,5,0.4857142857142857,0.5142857142857142,1.0,
county,50,Wisconsin,Dane,253,33,33.25092536637144,0.9924535824610399,-0.04814524674161492,1.0,22,0.7114624505928854,0.2490118577075099,1.0,
county,50,Maryland,Somerset,57,12,12.20381403068489,0.9832991530211435,-0.06669860230883035,1.0,1,0.5087719298245614,0.49122807017543857,1.0,
county,50,Tennessee,Sevier,62,7,7.174250444018981,0.9757116864850669,-0.070038238412402,1.0,5,0.967741935483871,0.03225806451612903,1.0,
county,50,Texas,Hunt,178,38,38.39585386707141,0.9896901923722838,-0.07460137498365058,1.0,11,0.601123595505618,0.39325842696629215,1.0,
county,50,Minnesota,Ramsey,711,143,143.90818403858398,0.9936891425275682,-0.08650030612411705,0.9731026897310269,46,0.42756680731364277,0.4289732770745429,1.0,
county,50,Tennessee,Robertson,120,17,17.353098236040434,0.9796521502248463,-0.09293398586294255,1.0,11,0.6083333333333333,0.39166666666666666,1.0,
county,50,Georgia,Hall,191,32,32.57974138219461,0.9822054639601452,-0.11524948876355945,1.0,17,0.7696335078534031,0.19895287958115182,1.0,
county,50,Ohio,Clark,235,61,61.820339618908605,0.9867302634704761,-0.12545780623178002,0.9673032696730327,6,0.5914893617021276,0.39574468085106385,1.0,
county,50,Maryland,Frederick,147,30,30.618869574357866,0.97978796791126,-0.12913178521608537,0.9923007699230078,13,0.7278911564625851,0.2653061224489796,1.0,
county,50,South Carolina,Orangeburg,410,30,30.683211041013198,0.9777333917203134,-0.13126484088544102,0.9987001299870013,24,0.21707317073170732,0.7707317073170732,1.0,
county,50,Mississippi,Washington,431,65,65.9663515356436,0.9853508415556157,-0.13323206477597188,0.9587041295870413,31,0.1345707656612529,0.8584686774941995,1.0,
county,50,Arkansas,Columbia,95,11,11.41555717438774,0.9635972937597741,-0.13402679319685837,1.0,9,0.3368421052631579,0.6631578947368421,1.0,
county,50,South Carolina,Abbeville,59,4,4.262713982693671,0.9383693150044146,-0.13536290978607035,1.0,3,0.4067796610169492,0.5932203389830508,1.0,
county,50,South Carolina,Lexington,387,24,24.683031472348894,0.9723278936335653,-0.14424897989448823,0.9927007299270073,23,0.7002583979328165,0.2971576227390181,1.0,
county,50,Texas,Matagorda,126,24,24.637444312373542,0.9741270115401782,-0.1472023083838937,0.9903009699030098,6,0.746031746031746,0.21428571428571427,1.0,
county,50,Texas,Comal,88,18,18.605486232921926,0.9674565756926828,-0.16444462827812006,0.9965003499650035,8,0.9886363636363636,0.0,1.0,
county,50,North Carolina,Rockingham,204,37,37.89426108925574,0.9764011472040738,-0.16721309142549756,0.952904709529047,18,0.5,0.4950980392156863,1.0,
county,50,Kentucky,Warren,148,38,38.93926513915797,0.9758787143054369,-0.17861808649059635,0.9315068493150684,5,0.6824324324324325,0.28378378378378377,1.0,
county,50,Arkansas,Hempstead,58,10,10.500274735363941,0.9523560337255689,-0.17902306769090828,1.0,2,0.3448275862068966,0.6551724137931034,1.0,
county,50,Tennessee,Greene,76,10,10.521489074277618,0.9504358108822708,-0.17908438752987466,1.0,6,0.9210526315789473,0.039473684210526314,1.0,
county,50,Pennsylvania,Northumberland,56,13,13.560010780800285,0.958701302686779,-0.18017882034323723,1.0,3,0.9107142857142857,0.07142857142857142,1.0,
county,50,Alabama,Elmore,116,15,15.654487647682666,0.9581916915831129,-0.18269957595669437,0.9875012498750125,10,0.4827586206896552,0.5172413793103449,1.0,
county,50,Alabama,Lowndes,50,6,6.419297307019397,0.9346817436604935,-0.18360310768375832,1.0,5,0.14,0.86,1.0,
county,50,Oklahoma,Adair,56,10,10.523752252934885,0.9502314155306326,-0.18627632839853783,1.0,3,0.5714285714285714,0.0,1.0,
county,50,West Virginia,Berkeley,112,17,17.718054971189076,0.9594732620281013,-0.1898051287676138,0.9901009899010099,10,0.75,0.19642857142857142,1.0,
county,50,Maryland,Wicomico,185,39,40.14221900390754,0.9715456934805633,-0.20677408965348826,0.9171082891710829,9,0.32972972972972975,0.6594594594594595,0.9908986112882965,
county,50,Louisiana,Jefferson Davis,74,12,12.664965661960773,0.9474956600981559,-0.2095597843711504,0.9681031896810319,4,0.4864864864864865,0.4864864864864865,1.0,
county,50,North Carolina,Northampton,81,11,11.738245936252955,0.9371076445099075,-0.23965747387692204,0.9637036296370363,6,0.19753086419753085,0.8024691358024691,1.0,
county,50,Virginia,Suffolk,222,42,43.40073791994455,0.9677254814761838,-0.24275471539420151,0.9013098690130987,7,0.21621621621621623,0.7837837837837838,0.9768914093915556,
county,50,Oklahoma,Jackson,64,12,12.748350152846399,0.9412982743747974,-0.24430714242568016,0.9503049695030497,5,0.625,0.34375,1.0,
county,50,Arkansas,Phillips,146,21,22.069417469081557,0.9515430132861562,-0.25487381912830614,0.930906909309069,10,0.2191780821917808,0.7397260273972602,1.0,
county,50,Arkansas,Miller,129,17,18.00127184812802,0.9443777163871816,-0.26007285420067855,0.926907309269073,8,0.5658914728682171,0.43410852713178294,0.9993974533724937,
county,50,Pennsylvania,Lycoming,77,16,16.93624370814959,0.9447195184314054,-0.26223405630545565,0.9281071892810719,4,0.7142857142857143,0.2857142857142857,0.9996487851214879,
county,50,Virginia,Prince Edward,64,7,7.684568396708254,0.9109164807484186,-0.2656063576630998,0.9749025097490251,7,0.40625,0.59375,1.0,
county,50,Tennessee,Anderson,84,10,10.805195005194681,0.9254807521004871,-0.26686303117507765,0.9519048095190481,8,0.8452380952380952,0.15476190476190477,1.0,
county,50,Alaska,Fairbanks North Star,101,23,24.137660140493445,0.952867836655596,-0.27233692342412646,0.8911108889111089,5,0.5643564356435643,0.1485148514851485,0.9740049250888865,
county,50,Alabama,Coffee,75,12,12.87001595775708,0.9323997763007669,-0.27333702786270814,0.9411058894110589,4,0.4,0.6,1.0,
county,50,Mississippi,DeSoto,75,9,9.789082307428767,0.9193915953868376,-0.2757130128279257,0.940905909409059,8,0.5066666666666667,0.49333333333333335,1.0,
county,50,Kentucky,Madison,103,24,25.20051843859691,0.9523613594886126,-0.27900410803109493,0.8843115688431157,2,0.9320388349514563,0.06796116504854369,0.9692780721927807,
county,50,North Carolina,Beaufort,120,18,19.09015349065566,0.9428944617344605,-0.28007926516682113,0.8995100489951005,12,0.39166666666666666,0.6083333333333333,0.9761806610524677,
county,50,Texas,Gray,57,11,11.826365969617832,0.9301251143638898,-0.28641460611419045,0.9227077292270773,4,0.7719298245614035,0.21052631578947367,0.9959079248651336,
county,50,North Carolina,Wilkes,121,16,17.104570665834085,0.9354224851699765,-0.29755548770758616,0.8867113288671132,8,0.859504132231405,0.14049586776859505,0.9702217079879313,
county,50,Missouri,Franklin,96,14,15.027962506523039,0.9315966814478781,-0.2996045286054411,0.8997100289971003,4,0.9479166666666666,0.052083333333333336,0.9761806610524677,
county,50,North Carolina,Richmond,206,31,32.54028266300789,0.9526653569989144,-0.3022780020205164,0.8697130286971303,18,0.47572815533980584,0.4854368932038835,0.9577031647208016,
county,50,Wisconsin,Kenosha,156,22,23.286624976784125,0.9447483275027256,-0.3049768520124435,0.8689131086891311,10,0.782051282051282,0.20512820512820512,0.9577031647208016,
county,50,Kansas,Leavenworth,60,11,11.940007261079035,0.9212724715718401,-0.3119395693241048,0.9031096890310969,5,0.6166666666666667,0.38333333333333336,0.9778171921027793,
county,50,Michigan,St. Joseph,53,11,11.93253680517722,0.921849241246621,-0.31374434496764914,0.8935106489351065,5,0.7924528301886793,0.1509433962264151,0.9748479314344647,
county,50,North Carolina,Buncombe,370,63,65.2633229619195,0.9653201391041623,-0.3183684340892323,0.8173182681731826,29,0.6702702702702703,0.3081081081081081,0.9185946622729032,
county,50,New Jersey,Sussex,54,11,11.929679329152522,0.9220700486994091,-0.3196443296733599,0.9129087091290871,1,0.9629629629629629,0.018518518518518517,0.9873928925099121,
county,50,South Carolina,Horry,599,55,57.26568323183158,0.9604355854332638,-0.32251178437710243,0.7911208879112088,38,0.5409015025041736,0.4574290484140234,0.901895257001312,
county,50,Louisiana,St. Mary,138,20,21.394092190552243,0.9348375159770564,-0.33266971420477714,0.8643135686431357,15,0.4782608695652174,0.5,0.955829122970056,
county,50,Georgia,Cherokee,81,12,13.063037793992834,0.9186224666301064,-0.33643737138118096,0.8753124687531247,7,0.8888888888888888,0.09876543209876543,0.9618205023280881,
county,50,Florida,Sumter,69,13,14.111905903715073,0.9212079565083867,-0.3403244336885743,0.8947105289471053,6,0.6811594202898551,0.30434782608695654,0.9748479314344647,
county,50,South Carolina,Saluda,51,3,3.6078605086197726,0.8315177354646905,-0.3411165325176239,1.0,2,0.37254901960784315,0.6274509803921569,1.0,
county,50,Arkansas,St. Francis,129,18,19.354856044233678,0.9299991670753177,-0.34215548116351335,0.8501149885011499,10,0.13953488372093023,0.8449612403100775,0.9431533241525633,
county,50,Indiana,Porter,80,16,17.246043389854087,0.9277490284764598,-0.3486426424605789,0.8589141085891411,4,0.8875,0.1,0.9518940924771402,
county,50,Tennessee,Wilson,52,6,6.871173605997149,0.8732132738959193,-0.3616540471524799,0.8979102089791021,4,0.5961538461538461,0.34615384615384615,0.9761806610524677,
county,50,Pennsylvania,Mercer,78,17,18.336267066724965,0.9271243671428683,-0.3665955171402443,0.8459154084591541,7,0.6410256410256411,0.358974358974359,0.940512400372866,
county,50,Texas,Lamar,115,25,26.626749733348987,0.9389054334592124,-0.37325195648170856,0.8037196280371963,3,0.5565217391304348,0.4434782608695652,0.9082470987873891,
county,50,Missouri,Jasper,141,27,28.750344088720503,0.9391191951192261,-0.3797712559208362,0.8015198480151985,7,0.900709219858156,0.07092198581560284,0.9074309199277009,
county,50,Maine,Somerset,53,8,9.01508521599249,0.8874014841044697,-0.38222424829556123,0.8809119088091191,3,0.9811320754716981,0.0,0.9669457682681838,
county,50,Louisiana,Plaquemines,56,6,6.955051953162204,0.862682269004766,-0.3904024169277052,0.8945105489451055,6,0.5357142857142857,0.39285714285714285,0.9748479314344647,
county,50,South Carolina,Marion,134,9,10.192940328499475,0.8829640623752096,-0.3961190542004531,0.8487151284871512,7,0.291044776119403,0.7089552238805971,0.9426116464615621,
county,50,Georgia,Cobb,593,154,158.20508794734923,0.9734200207976327,-0.4000768363279208,0.7199280071992801,23,0.5430016863406408,0.42833052276559863,0.8488090757628912,
county,50,North Carolina,Harnett,253,39,41.255536090026155,0.9453276746882112,-0.4022762794692091,0.7591240875912408,15,0.5098814229249012,0.4505928853754941,0.8799711957055415,
county,50,Louisiana,Lafourche,161,19,20.695985309906035,0.9180524490856562,-0.40734178114631336,0.773922607739226,11,0.5714285714285714,0.422360248447205,0.8871795747254543,
county,50,Indiana,Howard,111,24,25.800734526895493,0.9302060751402891,-0.4157581903135417,0.7885211478852114,5,0.6936936936936937,0.2972972972972973,0.8999236941647999,
county,50,Arkansas,Lonoke,70,9,10.193060665563774,0.8829536382929213,-0.42270398286827404,0.8351164883511649,4,0.6428571428571429,0.34285714285714286,0.9329632911438878,
county,50,Louisiana,St. Martin,63,7,8.126614418909195,0.8613673098248931,-0.42807270841910106,0.8429157084291571,7,0.4603174603174603,0.5079365079365079,0.9381860522236258,
county,50,Mississippi,Oktibbeha,51,4,4.890334393798606,0.8179399766756988,-0.42971833926787695,0.8983101689831017,4,0.21568627450980393,0.7647058823529411,0.9761806610524677,
county,50,North Carolina,Montgomery,81,10,11.30938356512945,0.884221491154769,-0.43077748818124634,0.8229177082291771,4,0.5432098765432098,0.43209876543209874,0.9238837245482836,
county,50,Tennessee,Montgomery,248,34,36.350832592258584,0.9353293329308989,-0.43133712870461977,0.7519248075192481,20,0.5201612903225806,0.45161290322580644,0.8735845516571938,
county,50,Texas,McLennan,667,157,161.6687842222609,0.9711213005978798,-0.4323883680441027,0.7093290670932907,31,0.5862068965517241,0.40929535232383807,0.8401446224220648,
county,50,Kansas,Shawnee,317,73,76.23910364286219,0.9575138808289826,-0.43374374985063524,0.7227277272272773,9,0.5772870662460567,0.3659305993690852,0.8511394874180008,
county,50,South Carolina,Lancaster,175,14,15.611346593310108,0.8967836256994887,-0.4374292439141027,0.7883211678832117,12,0.3942857142857143,0.6057142857142858,0.8999236941647999,
county,50,Florida,Gadsden,148,31,33.14708807036908,0.9352254392358401,-0.4385592946897131,0.7441255874412559,8,0.24324324324324326,0.7567567567567568,0.8664705601511922,
county,50,Missouri,Greene,305,57,60.02845161856346,0.9495497295547946,-0.44546992224787957,0.7317268273172682,19,0.8524590163934426,0.14098360655737704,0.8568579155674466,
county,50,Louisiana,Allen,56,6,7.112668328441584,0.8435652729662182,-0.449012086756066,0.8355164483551645,6,0.4642857142857143,0.48214285714285715,0.9329632911438878,
county,50,Missouri,Cape Girardeau,72,13,14.543973985824426,0.8938409827101389,-0.46021821013024883,0.7875212478752125,1,0.5416666666666666,0.4305555555555556,0.8999236941647999,
county,50,Delaware,Kent,169,26,28.181188556981606,0.9226012574816955,-0.4617279263307634,0.7371262873712628,11,0.5680473372781065,0.41420118343195267,0.8616583036955898,
county,50,North Carolina,Johnston,275,46,48.938009962470844,0.9399646621363656,-0.4768470526545156,0.6891310868913109,20,0.52,0.4618181818181818,0.8256796568315359,
county,50,Ohio,Ashtabula,69,13,14.606672492681506,0.8900042091389049,-0.4841040784379533,0.7683231676832317,5,0.7971014492753623,0.2028985507246377,0.8856701843750965,
county,50,Kentucky,Whitley,66,16,17.71402835004111,0.9032389292728475,-0.4858533056982613,0.7427257274272573,3,1.0,0.0,0.8658155604958107,
county,50,Arkansas,Crawford,54,6,7.190763874687465,0.8344037023828405,-0.4931996491146803,0.8097190280971903,4,0.9814814814814815,0.0,0.9130310524018481,
county,50,Wisconsin,Outagamie,57,6,7.177878569545475,0.8359015747991315,-0.49470463150319116,0.7971202879712029,3,0.8947368421052632,0.05263157894736842,0.9047446517697297,
county,50,Idaho,Bannock,52,8,9.325726951391633,0.8578419721806457,-0.49590548326115175,0.7697230276972302,4,0.8461538461538461,0.0,0.886229953200453,
county,50,Florida,Charlotte,86,16,17.814207144324914,0.8981595347114357,-0.4964778136007457,0.7271272872712728,7,0.813953488372093,0.18604651162790697,0.8534047843796778,
county,50,North Carolina,Halifax,250,38,40.86081655890909,0.9299863096278399,-0.5027998726636969,0.6795320467953204,20,0.216,0.752,0.8167903302584958,
county,50,Tennessee,Williamson,70,9,10.479046126981066,0.8588567977410776,-0.5043036665455723,0.7725227477252274,2,0.7428571428571429,0.24285714285714285,0.8871795747254543,
county,50,North Carolina,Brunswick,128,17,19.000702436745783,0.8947037645894296,-0.5117755698197118,0.7299270072992701,8,0.7109375,0.2890625,0.8557194167204595,
county,50,Georgia,Baldwin,83,16,17.91436521708362,0.8931379820671497,-0.5228958187879332,0.7151284871512849,6,0.25301204819277107,0.7228915662650602,0.8450775493879183,
county,50,Wisconsin,Brown,129,13,14.853236762708327,0.8752301069244917,-0.5305250742060116,0.7031296870312969,8,0.7209302325581395,0.06976744186046512,0.8373491764747576,
county,50,Oklahoma,Pittsburg,87,15,16.97860535285402,0.8834647892607135,-0.5536902451769464,0.6915308469153084,2,0.8045977011494253,0.14942528735632185,0.8275959441092927,
county,50,Texas,Wood,75,12,13.865009834172096,0.8654880265879409,-0.5673649897293411,0.7071292870712929,4,0.8266666666666667,0.17333333333333334,0.8384996362749045,
county,50,Louisiana,Evangeline,53,7,8.523390185564507,0.8212694535392067,-0.5747555109521647,0.7375262473752625,3,0.37735849056603776,0.6037735849056604,0.8616583036955898,
county,50,Ohio,Clermont,92,19,21.251627363605603,0.8940491791484345,-0.5786133881932415,0.6673332666733327,5,0.967391304347826,0.021739130434782608,0.8054018402127114,
county,50,Alabama,Lauderdale,115,17,19.295358481169593,0.8810408998926016,-0.5901838033383021,0.6491350864913509,12,0.6347826086956522,0.3565217391304348,0.7905838391425876,
county,50,Georgia,Forsyth,58,8,9.676632692763665,0.8267338705521522,-0.5990479142885421,0.6883311668833116,6,0.9655172413793104,0.017241379310344827,0.8256779890456429,
county,50,Kansas,Johnson,183,35,38.22696712710776,0.9155840138617893,-0.6051713532270432,0.6165383461653835,11,0.8579234972677595,0.11475409836065574,0.7562285289857729,
county,50,Texas,Cass,68,10,11.903700558192854,0.8400748952910605,-0.6223960997928069,0.6625337466253375,4,0.6617647058823529,0.3382352941176471,0.8021778618391089,
county,50,Michigan,Kent,801,201,208.47371467673668,0.9641503261534646,-0.62330271950677,0.5693430656934306,38,0.4431960049937578,0.5093632958801498,0.7103830027129977,
county,50,Tennessee,Lincoln,58,6,7.571607123436804,0.792434142736735,-0.6263229472248697,0.7071292870712929,4,0.6896551724137931,0.29310344827586204,0.8384996362749045,
county,50,California,San Mateo,953,371,380.3702867903971,0.9753653555080116,-0.6345581556975044,0.5541445855414459,6,0.6190975865687304,0.2528856243441763,0.6970626538319404,
county,50,Ohio,Warren,52,10,11.801446959054552,0.8473537215135803,-0.6351956158434212,0.6573342665733427,0,0.9615384615384616,0.019230769230769232,0.7986881687859416,
county,50,Virginia,Alexandria,196,31,34.34170992842937,0.9026923838273128,-0.6410602577035247,0.5853414658534146,15,0.37244897959183676,0.6071428571428571,0.7257111219333702,
county,50,Florida,Clay,146,25,27.98130035676763,0.893453830995865,-0.6428185025306422,0.6181381861813818,12,0.8013698630136986,0.17123287671232876,0.7572925171937782,
county,50,Oklahoma,Muskogee,226,44,47.90820727128698,0.9184230115488102,-0.6526896665758715,0.5641435856414359,11,0.5486725663716814,0.4026548672566372,0.7062039558755988,
county,50,Texas,Victoria,217,40,43.794501113190194,0.9133566768260925,-0.6551953315271424,0.5917408259174083,15,0.8571428571428571,0.14285714285714285,0.732137312584531,
county,50,Arkansas,Pope,66,7,8.748984417212098,0.8000928640618816,-0.6569644689882745,0.6661333866613338,2,0.9242424242424242,0.07575757575757576,0.8054018402127114,
county,50,Florida,Jackson,85,15,17.38352804294216,0.8628858286388021,-0.6569742050298056,0.6263373662633737,8,0.5529411764705883,0.43529411764705883,0.7664293925637022,
county,50,Georgia,De Kalb,2162,565,579.2651644324665,0.9753736884101382,-0.7068428931927421,0.5011498850114988,61,0.2183163737280296,0.744218316373728,0.6469275669187139,
county,50,Tennessee,Shelby,5615,878,897.367367835874,0.9784175706293164,-0.715300711169558,0.47535246475352466,581,0.1722172751558326,0.8133570792520035,0.6277323736336455,
county,50,North Carolina,Hertford,73,10,12.2742198767955,0.8147157294212295,-0.7272111061074729,0.5777422257774223,4,0.1643835616438356,0.821917808219178,0.7188754048782847,
county,50,Mississippi,Claiborne,52,3,4.453934014833099,0.6735618421846823,-0.7288621738511915,0.6771322867713229,3,0.11538461538461539,0.8653846153846154,0.8158034021976149,
county,50,Arkansas,Desha,55,6,7.870323835186355,0.7623574487717291,-0.7344711809958329,0.6141385861413858,3,0.3090909090909091,0.6909090909090909,0.7541796889194691,
county,50,Tennessee,Hardeman,63,6,7.911527847759438,0.7583870164470461,-0.7350494387779334,0.6031396860313969,6,0.4444444444444444,0.5555555555555556,0.7440605164751701,
county,50,Florida,Polk,1017,236,245.71488950924262,0.9604627561290819,-0.7376958200531335,0.48175182481751827,42,0.6411012782694199,0.34611602753195675,0.633475153120012,
county,50,North Carolina,Wilson,270,49,53.76241572669124,0.9114173784358641,-0.7481265992493575,0.5055494450554945,18,0.34444444444444444,0.6407407407407407,0.6509814771947464,
county,50,Maine,Cumberland,159,28,31.705723317125944,0.8831213128285805,-0.7508257731937424,0.5251474852514748,14,0.9056603773584906,0.05660377358490566,0.6695468554254316,
county,50,New York,Dutchess,270,69,74.38984016258092,0.9275460176980984,-0.7578198867377938,0.5043495650434956,6,0.5037037037037037,0.4703703703703704,0.6502461973254045,
county,50,Indiana,Allen,829,262,272.0037970602658,0.9632218477521866,-0.7621033861080493,0.48735126487351266,14,0.4209891435464415,0.5621230398069964,0.6365048236664353,
county,50,Georgia,Rockdale,90,13,15.682736884592106,0.828936944849988,-0.7713016598265705,0.5551444855514449,7,0.4111111111111111,0.5222222222222223,0.6974719295992637,
county,50,Louisiana,West Baton Rouge,66,8,10.25260271214129,0.7802896712779358,-0.7748174388174094,0.5695430456954305,8,0.25757575757575757,0.7424242424242424,0.7103830027129977,
county,50,New York,Rensselaer,131,26,29.597769331801572,0.8784445783238158,-0.7779728957360723,0.5111488851114888,7,0.6870229007633588,0.2824427480916031,0.6573730686632829,
county,50,Georgia,Walker,62,7,9.149745152257742,0.7650486307012297,-0.7896525690485877,0.5631436856314369,3,0.9032258064516129,0.08064516129032258,0.7058067526580676,
county,50,North Carolina,Carteret,76,10,12.5261716771618,0.7983285123125357,-0.7965295784564788,0.5405459454054594,8,0.7105263157894737,0.2894736842105263,0.6841181242952816,
county,50,Iowa,Johnson,53,7,9.160503259897224,0.764150156536109,-0.7998341976948402,0.541945805419458,3,0.7924528301886793,0.11320754716981132,0.6850512992710509,
county,50,Florida,Alachua,342,70,76.09484804810302,0.9199045900683028,-0.8108632348315274,0.4717528247175283,17,0.45321637426900585,0.5350877192982456,0.6261776903182595,
county,50,Georgia,Newton,141,21,24.557315468489612,0.8551423312921099,-0.8109049397507723,0.49075092490750927,7,0.3829787234042553,0.6099290780141844,0.6382623044228241,
county,50,Alabama,Tallapoosa,112,14,16.973139038175642,0.8248326940886704,-0.8130265239395557,0.49695030496950304,6,0.30357142857142855,0.6875,0.643112159372298,
county,50,Pennsylvania,Lancaster,358,71,77.18271252320386,0.9198951122462156,-0.8143342236467497,0.46055394460553944,14,0.7430167597765364,0.2346368715083799,0.6160579284891692,
county,50,Florida,St. Lucie,488,133,140.98037563701354,0.9433937127706281,-0.8170623328070521,0.44475552444755523,7,0.4344262295081967,0.5614754098360656,0.6011466827173492,
county,50,Florida,Hendry,118,23,26.595230353685327,0.864816724432427,-0.8170668168474122,0.4871512848715128,5,0.6949152542372882,0.288135593220339,0.6365048236664353,
county,50,Washington,Grant,119,23,26.65267611338671,0.8629527444881192,-0.820231995663053,0.48555144485551444,3,0.9495798319327731,0.05042016806722689,0.6365048236664353,
county,50,Alabama,Marshall,97,12,14.868437603251936,0.807078747626814,-0.8229386214353666,0.5127487251274873,7,0.8762886597938144,0.1134020618556701,0.6580508202281509,
county,50,South Carolina,Kershaw,113,5,7.096534137311483,0.7045692873809307,-0.8270038923495815,0.5487451254874512,4,0.45132743362831856,0.5398230088495575,0.6919542192122251,
county,50,North Carolina,Randolph,203,27,31.14983993315024,0.8667781297735048,-0.8280616614580689,0.47295270472952705,17,0.7536945812807881,0.23645320197044334,0.6266841346555881,
county,50,Michigan,Lapeer,58,11,13.589310174951887,0.8094597781920851,-0.8334233439236555,0.49495050494950504,5,0.8793103448275862,0.10344827586206896,0.6421042106315683,
county,50,Washington,King,2723,815,834.5101691725793,0.9766208131508767,-0.8343070612889222,0.41075892410758924,29,0.5648182152038194,0.2948953360264414,0.5685739324327274,
county,50,Florida,Okaloosa,163,27,31.1180376728483,0.8676639665989785,-0.8415230161425813,0.45195480451954806,10,0.6993865030674846,0.26380368098159507,0.6076999582226433,
county,50,Maryland,Allegany,70,10,12.654754443518783,0.7902168346792037,-0.8453306408358766,0.5171482851714828,5,0.7857142857142857,0.21428571428571427,0.6626162662544154,
county,50,Florida,Highlands,158,32,36.36122863779043,0.8800582708237261,-0.8468961403650366,0.4527547245275472,12,0.6012658227848101,0.3987341772151899,0.6079849157941348,
county,50,Wisconsin,Waukesha,86,9,11.651869259132434,0.7724082548339642,-0.8601341507614532,0.49555044495550443,5,0.9418604651162791,0.03488372093023256,0.6421042106315683,
county,50,New York,Oneida,281,80,86.51126970046917,0.9247350117156602,-0.8646116649093287,0.42215778422157785,9,0.5658362989323843,0.3914590747330961,0.5796960808567218,
county,50,Virginia,Henrico,478,101,108.62036855162945,0.9298440186381126,-0.8668037215440968,0.43575642435756423,35,0.35355648535564854,0.6108786610878661,0.5928580826127914,
county,50,Virginia,Hanover,93,10,12.805072852128694,0.7809405003375375,-0.8692340018125492,0.4801519848015198,2,0.6989247311827957,0.2903225806451613,0.6324549710634032,
county,50,Texas,Ector,424,91,98.29311985715987,0.9258023362392173,-0.8710432671769672,0.41955804419558046,28,0.8419811320754716,0.15566037735849056,0.5776604762959124,
county,50,Kentucky,Knox,63,15,18.051959355805604,0.8309347314797672,-0.8726312582140265,0.46555344465553444,1,1.0,0.0,0.6203379662033797,
county,50,Alabama,Limestone,71,8,10.548587098632165,0.7583954064366932,-0.8755578810825104,0.49055094490550943,5,0.6901408450704225,0.30985915492957744,0.6382623044228241,
county,50,Texas,Palo Pinto,62,10,12.662316040692854,0.7897449382769333,-0.875724825204371,0.48775122487751227,1,0.9032258064516129,0.0967741935483871,0.6365048236664353,
county,50,Texas,Hopkins,54,8,10.46820173505496,0.7642191278383879,-0.8768448764902688,0.5009499050094991,4,0.7962962962962963,0.2037037037037037,0.6469275669187139,
county,50,New York,Monroe,1639,616,632.9074740547969,0.9732860256073812,-0.8797036785771851,0.39956004399560047,4,0.3148261134838316,0.6607687614399024,0.5590596556041284,
county,50,West Virginia,Fayette,112,15,18.38041144141988,0.8160861930542973,-0.8811168069365993,0.46435356464353567,9,0.8571428571428571,0.13392857142857142,0.6203379662033797,
county,50,Alabama,Escambia,68,7,9.455477125244236,0.7403116635237155,-0.8863015314488423,0.4821517848215178,5,0.39705882352941174,0.6029411764705882,0.633475153120012,
county,50,Louisiana,Ascension,171,23,27.14920931074847,0.8471701601598473,-0.8875027140384137,0.43975602439756023,15,0.38596491228070173,0.5906432748538012,0.5975134418227034,
county,50,North Carolina,Catawba,323,56,62.10570112746652,0.901688556499264,-0.889768369727485,0.42975702429757023,21,0.6253869969040248,0.32507739938080493,0.5872860534290032,
county,50,California,Merced,546,179,188.62987212050018,0.948948318671666,-0.8908689369013028,0.39856014398560147,3,0.8113553113553114,0.10805860805860806,0.5586964338796473,
county,50,Oklahoma,Rogers,59,9,11.63301508597926,0.7736601331195115,-0.8908994830824765,0.46835316468353166,5,0.9152542372881356,0.01694915254237288,0.6224642317259277,
county,50,Virginia,Roanoke,472,75,82.29741944732056,0.9113286966185894,-0.8985860642032761,0.40155984401559847,48,0.527542372881356,0.4661016949152542,0.5601434465717848,
county,50,Arizona,Navajo,105,27,31.086915901156306,0.8685326034222556,-0.907996754403611,0.42995700429957007,1,0.6095238095238096,0.047619047619047616,0.5872860534290032,
county,50,Oklahoma,Canadian,87,13,16.21227741062455,0.8018614332049723,-0.9096581715870483,0.44955504449555045,1,0.7701149425287356,0.09195402298850575,0.6060494341700119,
county,50,Michigan,Ingham,466,114,122.36048060401565,0.9316733592190445,-0.9119140443043448,0.38636136386361364,6,0.48497854077253216,0.4656652360515021,0.5487605085645282,
county,50,Washington,Lewis,95,17,20.55969934201591,0.8268603405721362,-0.9157578142699522,0.4423557644235576,5,1.0,0.0,0.5986856811701029,
county,50,New York,Wayne,54,8,10.628191348237385,0.752715089320136,-0.9300866770673853,0.46535346465353467,2,0.7777777777777778,0.18518518518518517,0.6203379662033797,
county,50,Oklahoma,Pontotoc,63,9,11.816082667701352,0.7616737503539166,-0.9314323477259132,0.4477552244775522,3,0.8571428571428571,0.031746031746031744,0.6044110993600378,
county,50,Missouri,Clay,64,10,12.922601363717497,0.7738380004568414,-0.9330959087401471,0.45655434456554345,3,0.90625,0.078125,0.6114989537315698,
county,50,Pennsylvania,Cumberland,114,20,24.00394507116345,0.8331963742087758,-0.9377751974937598,0.40775922407759224,6,0.8508771929824561,0.11403508771929824,0.5664920756246523,
county,50,Texas,Titus,75,12,15.133366472365061,0.7929498054456765,-0.9472426952689019,0.4203579642035796,2,0.6133333333333333,0.37333333333333335,0.577992200779922,
county,50,Oklahoma,Okmulgee,115,19,22.97595333234073,0.8269515403853029,-0.9476734089249035,0.40975902409759024,5,0.6,0.25217391304347825,0.5679501754918341,
county,50,Louisiana,Iberville,86,13,16.433010701253256,0.7910905820202844,-0.9506406746930418,0.41875812418758124,8,0.12790697674418605,0.8604651162790697,0.5776604762959124,
county,50,Alabama,Autauga,63,8,10.740385950917945,0.7448521902805799,-0.9536311986708025,0.43475652434756523,3,0.49206349206349204,0.49206349206349204,0.5922770041836396,
county,50,California,Marin,170,49,54.69340314550439,0.8959032933028895,-0.9547037146502917,0.39876012398760124,1,0.8,0.11764705882352941,0.5586964338796473,
county,50,Michigan,Oakland,1000,244,256.761924136955,0.95029666419641,-0.9549112843715948,0.35536446355364465,34,0.557,0.415,0.5124781803549073,
county,50,Alabama,Russell,141,18,22.06473852730874,0.8157812510545748,-0.9695790867138501,0.40255974402559747,11,0.3829787234042553,0.6170212765957447,0.5602244620759997,
county,50,Alabama,Calhoun,328,54,60.71007616293858,0.8894734352674911,-0.9759478974517343,0.3551644835516448,18,0.47560975609756095,0.5213414634146342,0.5124781803549073,
county,50,Oklahoma,Grady,91,13,16.53392474833712,0.7862621971415141,-0.9867431714088173,0.401959804019598,5,0.8241758241758241,0.15384615384615385,0.5601434465717848,
county,50,Kansas,Ford,54,7,9.701801597348314,0.7215154762506412,-0.9879287894183173,0.4253574642535746,1,0.9074074074074074,0.018518518518518517,0.582542540447942,
county,50,Pennsylvania,Indiana,76,13,16.4740134203265,0.7891216104000449,-0.9883119364420538,0.40035996400359963,6,0.8552631578947368,0.14473684210526316,0.5594218956482729,
county,50,Michigan,Newaygo,51,9,11.879627674057716,0.7575995011740866,-0.9887318294024278,0.41955804419558046,2,0.9215686274509803,0.0,0.5776604762959124,
county,50,Kansas,Finney,56,10,13.022109206153887,0.7679247533321467,-0.9888738510571653,0.39876012398760124,3,0.8928571428571429,0.03571428571428571,0.5586964338796473,
county,50,North Carolina,Lincoln,86,12,15.445951463932087,0.776902609594576,-1.0055182765614255,0.38916108389161086,3,0.8255813953488372,0.16279069767441862,0.5489666585865288,
county,50,Texas,Ellis,204,37,42.670977021037714,0.8670999021596857,-1.00569798444593,0.36436356364363565,16,0.696078431372549,0.29411764705882354,0.5218170703705253,
county,50,Virginia,Bedford,70,6,8.768468808133342,0.6842699827402703,-1.0170775200142317,0.41715828417158285,5,0.7,0.3,0.5766599810607175,
county,50,Virginia,Tazewell,72,6,8.770610058843712,0.6841029255370886,-1.0176422259236368,0.40815918408159185,5,0.9444444444444444,0.041666666666666664,0.5664920756246523,
county,50,Louisiana,Ouachita,381,55,62.22687108104374,0.8838625346977269,-1.0202907136708932,0.3451654834516548,26,0.3228346456692913,0.6719160104986877,0.5005625664642511,
county,50,Georgia,Decatur,71,8,11.05596558564694,0.7235912537920477,-1.0288089406287741,0.38836116388361164,5,0.30985915492957744,0.676056338028169,0.5489666585865288,
county,50,Illinois,Madison,167,35,40.521089883641366,0.8637477447053993,-1.0327096379976368,0.34696530346965304,8,0.7065868263473054,0.281437125748503,0.5024679604868645,
county,50,North Carolina,Iredell,212,32,37.499655851279314,0.8533411647005371,-1.0328390321399747,0.3451654834516548,17,0.6037735849056604,0.3915094339622642,0.5005625664642511,
county,50,Tennessee,Putnam,72,8,11.09904731975832,0.7207825833626772,-1.0484561496841078,0.393960603939606,8,0.8888888888888888,0.05555555555555555,0.5542248496238811,
county,50,Virginia,Spotsylvania,84,8,11.185400184427928,0.7152180403109248,-1.0551112916634833,0.3775622437756224,4,0.6785714285714286,0.2857142857142857,0.538481875950336,
county,50,New York,Schenectady,172,48,54.280275990139,0.884299114630885,-1.0626955079387979,0.3231676832316768,1,0.5058139534883721,0.45348837209302323,0.47263845044067027,
county,50,Michigan,Montcalm,62,9,12.144476820530425,0.741077621786503,-1.0633879493823784,0.36796320367963203,1,0.9354838709677419,0.016129032258064516,0.5255165091225684,
county,50,Minnesota,Stearns,62,6,8.911099241554698,0.673317605085183,-1.0715418608001739,0.391960803919608,5,0.7903225806451613,0.14516129032258066,0.5521627673744887,
county,50,Virginia,Lee,62,4,6.582491872818813,0.607672607469105,-1.0831018082580637,0.37836216378362164,4,1.0,0.0,0.5388794453887945,
county,50,West Virginia,Ohio,64,9,12.352475301044812,0.7285989067501921,-1.0861606188193196,0.3571642835716428,3,0.75,0.234375,0.5143563638065163,
county,50,Arkansas,White,97,10,13.612311916733468,0.7346290667720528,-1.091729604343469,0.34396560343965604,9,0.8350515463917526,0.15463917525773196,0.5002256455085855,
county,50,Mississippi,Rankin,88,6,9.175120750944565,0.6539423472309407,-1.1241183044017553,0.3591640835916408,4,0.5795454545454546,0.42045454545454547,0.5150841365239343,
county,50,Pennsylvania,Erie,273,55,62.579615827552956,0.8788804353091642,-1.1257072796636078,0.29257074292570745,16,0.6593406593406593,0.336996336996337,0.43653412436534134,
county,50,Michigan,Monroe,130,27,32.24165439922642,0.8374260100203734,-1.1376199579171087,0.3003699630036996,9,0.8307692307692308,0.15384615384615385,0.4424252731422014,
county,50,Texas,Brown,57,8,11.287603636909097,0.7087421083639904,-1.1384835588410442,0.3371662833716628,5,0.8421052631578947,0.15789473684210525,0.4917206445787015,
county,50,Pennsylvania,Blair,92,16,20.499737328075383,0.7804978056029638,-1.1454304804376154,0.29957004299570045,5,0.9347826086956522,0.06521739130434782,0.4424252731422014,
county,50,Georgia,Walton,88,13,17.091884504437616,0.760594889148986,-1.1456427557699977,0.32016798320167983,6,0.5568181818181818,0.42045454545454547,0.4689145816296557,
county,50,Hawaii,Maui,98,20,24.711347178564896,0.8093447862425076,-1.1462538541413219,0.2943705629437056,1,0.5510204081632653,0.02040816326530612,0.43858668888154406,
county,50,Texas,Val Verde,59,10,13.634382103365649,0.7334399112616551,-1.1497869378625405,0.3077692230776922,2,1.0,0.0,0.4526790564186824,
county,50,California,Napa,114,29,34.578557017030384,0.8386700458818199,-1.1565428142968177,0.290970902909709,0,0.9035087719298246,0.043859649122807015,0.4347744416309814,
county,50,West Virginia,Kanawha,502,86,96.02949359115334,0.8955581955492339,-1.1606078406614648,0.26777322267773224,31,0.7310756972111554,0.25697211155378485,0.41202010751305823,
county,50,Pennsylvania,Monroe,141,28,33.736865907082,0.8299526125846288,-1.161550718332862,0.296970302969703,4,0.7801418439716312,0.19148936170212766,0.44055565749020503,
county,50,Florida,Indian River,152,29,34.875935715894045,0.8315189085173076,-1.1627934503779698,0.27377262273772623,3,0.5328947368421053,0.45394736842105265,0.4181401653040014,
county,50,Florida,Hillsborough,2597,648,673.3468191686788,0.9623569630878003,-1.1711838274297983,0.251974802519748,88,0.5910666153253754,0.4012321909896034,0.3977739630617091,
county,50,Michigan,Jackson,264,57,64.89145132055594,0.8783899703279385,-1.1728976895990988,0.26417358264173585,12,0.5681818181818182,0.38636363636363635,0.4098384764222229,
county,50,Georgia,Whitfield,120,17,21.815040450520808,0.7792788667322478,-1.1826371481989646,0.28477152284771523,8,0.85,0.125,0.4279641702012673,
county,50,Ohio,Miami,54,9,12.51789014838658,0.7189710001697053,-1.1871158232772732,0.31256874312568744,2,0.8888888888888888,0.09259259259259259,0.45908534146585345,
county,50,Georgia,Coweta,104,15,19.644303709431377,0.7635801310075647,-1.1883215726045473,0.29817018298170184,7,0.5,0.49038461538461536,0.4417019616089967,
county,50,Georgia,Gordon,52,6,9.215891204544766,0.6510493523449076,-1.1936403795854342,0.32016798320167983,2,0.8269230769230769,0.1346153846153846,0.4689145816296557,
county,50,Michigan,Van Buren,130,26,31.593420028125678,0.8229561717868404,-1.1938994827614293,0.2643735626437356,4,0.7692307692307693,0.2076923076923077,0.4098384764222229,
county,50,Arkansas,Craighead,137,14,18.691350124761833,0.7490095635977173,-1.1941150245081011,0.27997200279972,9,0.7007299270072993,0.2846715328467153,0.42385219750352926,
county,50,Oklahoma,Creek,121,19,24.122746486450826,0.787638340048545,-1.2035220357797,0.28877112288771123,7,0.8016528925619835,0.14049586776859505,0.4321119262892813,
county,50,West Virginia,Cabell,193,36,42.829502929557805,0.8405420921930761,-1.2065260277100216,0.26817318268173185,11,0.7564766839378239,0.24352331606217617,0.41202239360016457,
county,50,Arkansas,Sebastian,198,27,33.2237292814241,0.8126721648642893,-1.2179992831447501,0.264973502649735,20,0.7828282828282829,0.1717171717171717,0.4098495979998413,
county,50,Pennsylvania,Lebanon,101,18,23.03962512613005,0.781262711587506,-1.225370828722961,0.265973402659734,4,0.8514851485148515,0.13861386138613863,0.4104723855972611,
county,50,Texas,Waller,90,16,20.691099780057307,0.773279340879757,-1.226373958484687,0.2783721627837216,3,0.5777777777777777,0.4,0.4226678653720531,
county,50,New Jersey,Gloucester,184,38,44.93849374114641,0.8456002156833883,-1.2309733419560294,0.2511748825117488,6,0.7336956521739131,0.2608695652173913,0.3977739630617091,
county,50,Georgia,Henry,118,21,26.38329321048886,0.7959582540534139,-1.2311513056410446,0.266973302669733,8,0.5169491525423728,0.4576271186440678,0.41140148280253935,
county,50,California,San Benito,73,19,23.794969387976238,0.7984881043638086,-1.2317265144183223,0.2605739426057394,1,0.9452054794520548,0.0,0.4063853041543507,
county,50,Iowa,Woodbury,94,10,14.236254260896471,0.7024319611562129,-1.2375478777697764,0.2693730626937306,6,0.6914893617021277,0.09574468085106383,0.413251849889195,
county,50,Alabama,Monroe,58,5,8.208146034127582,0.6091509555521004,-1.2397646331959902,0.28517148285171484,5,0.20689655172413793,0.7931034482758621,0.4279641702012673,
county,50,California,Kern,2250,739,766.1157047135803,0.964606253929075,-1.2439332446928892,0.22657734226577342,24,0.7595555555555555,0.2071111111111111,0.3654929358858186,
county,50,Arkansas,Crittenden,323,47,55.097421592447176,0.8530344731493356,-1.2445207445352253,0.23617638236176383,14,0.28173374613003094,0.7120743034055728,0.37861454164661057,
county,50,Oklahoma,Custer,56,8,11.647799164287544,0.6868250291031982,-1.2450533381996451,0.27477252274772523,3,0.7142857142857143,0.08928571428571429,0.4190483606506606,
county,50,Pennsylvania,Adams,67,10,14.091600658546762,0.7096425908106369,-1.2503324761432988,0.26517348265173485,3,0.9104477611940298,0.08955223880597014,0.4098495979998413,
county,50,New Mexico,Chaves,232,83,92.18121118259928,0.900400406277886,-1.2561732546480695,0.2313768623137686,0,0.9439655172413793,0.05603448275862069,0.3720741456180976,
county,50,Minnesota,Olmsted,64,7,10.522537068789749,0.6652388064055645,-1.2618914754883788,0.28057194280571945,3,0.75,0.15625,0.4241086095472085,
county,50,South Carolina,Charleston,1122,100,112.43160922254198,0.8894295891653083,-1.2642512627271687,0.21937806219378062,82,0.29590017825311943,0.6987522281639929,0.35563454609155676,
county,50,Ohio,Portage,72,11,15.31015271532737,0.7184774838325179,-1.2684283775217704,0.26017398260173985,3,0.9027777777777778,0.08333333333333333,0.4063853041543507,
county,50,Ohio,Jefferson,61,11,15.171506434710098,0.7250433598890137,-1.269838816745334,0.2643735626437356,2,0.5737704918032787,0.39344262295081966,0.4098384764222229,
county,50,West Virginia,Monongalia,71,7,10.806966974711244,0.6477303036439636,-1.281971701346559,0.27317268273172685,4,0.8732394366197183,0.1267605633802817,0.41784105613107336,
county,50,Florida,Sarasota,398,87,97.72588134437471,0.8902452329227102,-1.2838484938676327,0.21637836216378362,7,0.7110552763819096,0.2864321608040201,0.35354697968688936,
county,50,Tennessee,McMinn,81,8,11.969656167908049,0.6683567086453888,-1.292750095083495,0.252974702529747,1,0.8395061728395061,0.12345679012345678,0.3987436622191439,
county,50,Oklahoma,Caddo,77,12,16.50426898060503,0.7270846115088032,-1.294102410474778,0.2445755424457554,3,0.7012987012987013,0.07792207792207792,0.38966272864239,
county,50,Texas,Atascosa,103,17,22.13287897169812,0.7680880567656082,-1.2967538222464323,0.23677632236776322,5,0.9611650485436893,0.009708737864077669,0.37898872651434545,
county,50,Texas,Marion,63,6,9.72379972389876,0.6170427374448534,-1.3130565745392415,0.24997500249975002,5,0.5714285714285714,0.42857142857142855,0.39704170903954156,
county,50,Oklahoma,Cherokee,73,9,13.214906042537727,0.6810491100753738,-1.3151521077130295,0.2465753424657534,3,0.6438356164383562,0.0410958904109589,0.39224446786090617,
county,50,Idaho,Bonneville,71,7,10.947122773855584,0.6394374252125606,-1.3223677452922178,0.254974502549745,2,0.9577464788732394,0.0,0.40128407250599135,
county,50,South Carolina,Newberry,82,3,6.050292011419859,0.4958438360227132,-1.3254068653222688,0.25677432256774324,3,0.35365853658536583,0.6463414634146342,0.40227977202279774,
county,50,Mississippi,Chickasaw,53,2,4.647926299071074,0.430299422002392,-1.3275703153927711,0.27077292270772924,1,0.3018867924528302,0.6792452830188679,0.41478400308117336,
county,50,New York,Saratoga,61,7,10.979302528602675,0.6375632679547708,-1.3415515939339844,0.2151784821517848,2,0.9508196721311475,0.04918032786885246,0.35354697968688936,
county,50,North Carolina,Person,80,8,12.230100540506209,0.6541238130875477,-1.3461415953131024,0.21657834216578342,4,0.5125,0.4875,0.35354697968688936,
county,50,Oklahoma,Logan,51,6,9.626585975115301,0.6232739223967857,-1.350296052451149,0.23097690230976903,0,0.7254901960784313,0.23529411764705882,0.3720095280191607,
county,50,Oklahoma,Choctaw,73,9,13.331689493687684,0.675083229643275,-1.3564503161205301,0.21977802219778023,4,0.6438356164383562,0.273972602739726,0.35563454609155676,
county,50,Arkansas,Saline,65,5,8.591493566492446,0.5819709880829597,-1.363530586490999,0.22657734226577342,2,0.7846153846153846,0.2153846153846154,0.3654929358858186,
county,50,Ohio,Muskingum,94,17,22.51356452642943,0.7551003298497281,-1.3689218895615474,0.21597840215978403,3,0.7446808510638298,0.2553191489361702,0.35354697968688936,
county,50,Texas,Montgomery,494,97,109.10614540555667,0.8890424974637577,-1.3771152597841725,0.1825817418258174,26,0.8502024291497976,0.12550607287449392,0.31517449256743774,
county,50,Texas,Rusk,141,21,27.27253358499145,0.7700054684892447,-1.3775853687084032,0.19858014198580143,7,0.6028368794326241,0.3971631205673759,0.3306471285238626,
county,50,Texas,Washington,55,9,13.190762231174027,0.6822956734623035,-1.3932418405539766,0.21657834216578342,2,0.43636363636363634,0.5636363636363636,0.35354697968688936,
county,50,North Carolina,Duplin,183,25,31.923162989642194,0.7831304187530388,-1.3945320312304308,0.20057994200579943,20,0.40437158469945356,0.48633879781420764,0.3329047512584215,
county,50,Georgia,Ware,103,16,21.644998077721688,0.7392008048486799,-1.3986064936242395,0.18598140185981402,5,0.4368932038834951,0.5631067961165048,0.3182009071820091,
county,50,Maine,Aroostook,52,5,8.70758507218123,0.5742120184359579,-1.4030603816310157,0.21677832216778323,0,1.0,0.0,0.35354697968688936,
county,50,Florida,Columbia,118,20,26.20417215347202,0.7632372388207664,-1.403733468022809,0.18618138186181382,1,0.5423728813559322,0.4576271186440678,0.3182009071820091,
county,50,Georgia,Columbia,70,6,10.026395212987843,0.5984204564595468,-1.4050245821622476,0.20757924207579243,3,0.6285714285714286,0.2857142857142857,0.342323662370605,
county,50,Illinois,Lake,219,39,47.27698364675393,0.8249257247755434,-1.408736907522721,0.18518148185181482,8,0.5799086757990868,0.4155251141552511,0.31754171183213353,
county,50,California,Del Norte,59,12,16.779942054704723,0.7151395374834126,-1.4118450084535954,0.20477952204779523,0,0.8983050847457628,0.0,0.33933016954714784,
county,50,North Carolina,Onslow,230,34,41.962955950671514,0.8102384407801928,-1.412754255088053,0.17938206179382063,15,0.5391304347826087,0.43478260869565216,0.3110348931606002,
county,50,Minnesota,Anoka,113,12,17.32747493114185,0.6925417608559322,-1.4172784608812334,0.18918108189181082,8,0.8672566371681416,0.08849557522123894,0.32067744045267604,
county,50,California,Nevada,105,25,31.552380025052393,0.7923332560063664,-1.4268733817549248,0.1835816418358164,0,0.9619047619047619,0.009523809523809525,0.31566477903704643,
county,50,Vermont,Washington,123,21,27.417021779938736,0.7659475259039943,-1.4284401569112286,0.18338166183381663,5,0.983739837398374,0.008130081300813009,0.31566477903704643,
county,50,Iowa,Black Hawk,106,17,22.927983116298503,0.7414520463387572,-1.4295345446136443,0.1837816218378162,6,0.5849056603773585,0.41509433962264153,0.31566477903704643,
county,50,Tennessee,Roane,72,6,10.061205584573578,0.5963500049337573,-1.4325026963866594,0.1977802219778022,3,0.8194444444444444,0.16666666666666666,0.3306471285238626,
county,50,Pennsylvania,Butler,83,13,18.319790185790882,0.7096151139374405,-1.4354908413813041,0.18858114188581143,2,0.963855421686747,0.03614457831325301,0.3201853870442184,
county,50,Tennessee,Blount,85,7,11.433933039981339,0.612212785882418,-1.4392884528411107,0.19838016198380162,4,0.8823529411764706,0.11764705882352941,0.3306471285238626,
county,50,Alabama,Chambers,99,10,14.976929191129003,0.6676936154524326,-1.4393013481736057,0.192980701929807,7,0.36363636363636365,0.6363636363636364,0.3260490944369615,
county,50,Mississippi,Lee,122,7,11.596440344165792,0.6036335109956155,-1.4403538308899713,0.19438056194380562,3,0.48360655737704916,0.5163934426229508,0.32681219682909757,
county,50,Mississippi,Sunflower,76,5,8.973815072944655,0.5571766254772293,-1.4414894619844703,0.19538046195380462,3,0.10526315789473684,0.8947368421052632,0.3279600611367435,
county,50,Kentucky,Perry,128,25,32.01690706478054,0.78083744783395,-1.4462628977924967,0.1867813218678132,5,0.9921875,0.0,0.3186994831869948,
county,50,Georgia,Liberty,109,14,19.61496322196982,0.7137408233485364,-1.4498361687808712,0.1743825617438256,5,0.28440366972477066,0.7064220183486238,0.30458035277553325,
county,50,Alabama,Butler,60,5,8.930965266035422,0.5598498987578717,-1.4513708916998531,0.198980101989801,3,0.3,0.7,0.3307804267804731,
county,50,Alabama,Dallas,172,24,31.183903585435218,0.7696278284803786,-1.4548222812948828,0.1673832616738326,15,0.12790697674418605,0.8604651162790697,0.2928499028269762,
county,50,Georgia,Polk,60,11,15.802147553660307,0.696107915879575,-1.455409734142857,0.18738126187381263,0,0.65,0.31666666666666665,0.3191964164374337,
county,50,Colorado,Weld,234,44,52.99160502668295,0.8303201984134017,-1.4570498618675074,0.16718328167183283,15,0.9829059829059829,0.008547008547008548,0.2928499028269762,
county,50,Kentucky,Hardin,108,20,26.42621931084659,0.7568241133831444,-1.4592109202293932,0.16398360163983602,4,0.7870370370370371,0.19444444444444445,0.2878761359857223,
county,50,North Carolina,Lee,180,28,35.56973161692195,0.787186147524354,-1.4594900409737157,0.16198380161983802,8,0.4777777777777778,0.5222222222222223,0.2856865931805456,
county,50,Florida,Okeechobee,93,12,17.37844549759601,0.6905105523770799,-1.4640574924123593,0.1795820417958204,7,0.7634408602150538,0.21505376344086022,0.3110348931606002,
county,50,Florida,Flagler,56,8,12.384230240743562,0.6459828220635271,-1.471320358176224,0.18198180181981802,2,0.8928571428571429,0.10714285714285714,0.3146641857553375,
county,50,Indiana,Clark,96,19,25.176493669097823,0.7546722053405321,-1.4735571551504745,0.15978402159784022,4,0.8541666666666666,0.14583333333333334,0.282905271116724,
county,50,North Carolina,Orange,175,23,30.272082497136132,0.7597759421465602,-1.497208079351339,0.1511848815118488,8,0.5371428571428571,0.44571428571428573,0.27092749997097343,
county,50,Tennessee,Dyer,63,5,9.141642213773796,0.5469476799766299,-1.4980964114047408,0.17538246175382463,4,0.36507936507936506,0.6190476190476191,0.3058102284206655,
county,50,Pennsylvania,Crawford,66,10,15.02981906279027,0.6653440043571296,-1.5140869876881125,0.1635836416358364,0,0.8939393939393939,0.09090909090909091,0.28766239022356266,
county,50,Tennessee,Sumner,108,9,14.249865626921787,0.6315849030180751,-1.5209928888353648,0.16198380161983802,7,0.6944444444444444,0.28703703703703703,0.2856865931805456,
county,50,Georgia,Bartow,72,9,13.989987048541899,0.643317250314254,-1.5290151947758621,0.15958404159584041,2,0.6944444444444444,0.2361111111111111,0.282905271116724,
county,50,New Jersey,Warren,58,10,14.842130944586346,0.6737576994392096,-1.5307824795599472,0.15058494150584942,1,0.8448275862068966,0.1206896551724138,0.27032088457820885,
county,50,Massachusetts,Norfolk,232,60,70.46330810885664,0.8515069986113597,-1.532118992109154,0.13838616138386162,2,0.7844827586206896,0.15948275862068967,0.25415859834975646,
county,50,Texas,Kleberg,73,10,15.032431244611795,0.6652283876957287,-1.5361058449827796,0.15498450154984503,3,0.9315068493150684,0.0547945205479452,0.27629995621127545,
county,50,Oklahoma,Kay,61,8,12.738341253454559,0.6280252539026971,-1.540120334772524,0.15878412158784122,3,0.6557377049180327,0.11475409836065574,0.28210099952204093,
county,50,Michigan,Bay,70,10,15.169885844222788,0.6592007416989457,-1.5445920602749559,0.15258474152584742,3,0.8714285714285714,0.1,0.2724915764036723,
county,50,Pennsylvania,Cambria,148,25,32.671099495240696,0.7652022853911553,-1.5560306955254017,0.127987201279872,3,0.7364864864864865,0.25675675675675674,0.23844822724934717,
county,50,Michigan,Calhoun,324,74,86.01412311125188,0.860323831986142,-1.5659593767774362,0.1307869213078692,10,0.5246913580246914,0.4691358024691358,0.24192070953906397,
county,50,Kentucky,Bell,66,11,16.442784672434996,0.6689864411130199,-1.5680209540771128,0.1621837816218378,2,0.9696969696969697,0.030303030303030304,0.2856865931805456,
county,50,Alabama,Tuscaloosa,332,52,62.94676851922307,0.8260948293814308,-1.574354615950515,0.14038596140385962,22,0.39759036144578314,0.5813253012048193,0.25601249398869635,
county,50,Texas,Hays,116,18,24.714207707964693,0.7283259982556151,-1.5746303945610567,0.1401859814018598,8,0.9396551724137931,0.0603448275862069,0.25601249398869635,
county,50,Georgia,Houston,205,28,36.464427518625406,0.7678716465711158,-1.576013968672949,0.12938706129387062,11,0.4926829268292683,0.4926829268292683,0.24019070265325357,
county,50,Washington,Kitsap,171,30,38.304906987032766,0.7831894751801852,-1.5761981481606526,0.138986101389861,8,0.8128654970760234,0.09941520467836257,0.25480785254807853,
county,50,Virginia,Stafford,86,7,11.903089076879821,0.5880826359265492,-1.5820783687184397,0.14538546145385461,4,0.7325581395348837,0.23255813953488372,0.26327244683587686,
county,50,Virginia,Wise,66,5,9.455489506889956,0.5287933529360523,-1.5850579256179256,0.15198480151984803,4,0.9242424242424242,0.07575757575757576,0.271889766040697,
county,50,Maryland,Dorchester,71,9,14.209382514036626,0.63338431428033,-1.5866853223602744,0.141985801419858,0,0.352112676056338,0.6338028169014085,0.25801989221113036,
county,50,Oklahoma,Washington,60,6,10.581971579780992,0.5670020898056671,-1.5895512360564463,0.1377862213778622,4,0.8333333333333334,0.11666666666666667,0.25350703363827315,
county,50,Colorado,Mesa,149,26,33.78433763171863,0.7695873834622629,-1.5896903550490669,0.1341865813418658,5,0.9664429530201343,0.013422818791946308,0.24776593769194508,
county,50,Alabama,Shelby,112,11,16.788190583702168,0.6552224878051305,-1.5906250554795167,0.14578542145785423,8,0.5446428571428571,0.44642857142857145,0.2635351849430442,
county,50,North Carolina,Alexander,70,5,9.427543361438625,0.530360859484502,-1.591737765628165,0.14158584141585842,3,0.8857142857142857,0.08571428571428572,0.2577460563802775,
county,50,Georgia,Jackson,69,7,11.797534969149506,0.5933442891506543,-1.5921908019906719,0.14758524147585242,2,0.6521739130434783,0.34782608695652173,0.26632310590930436,
county,50,North Carolina,Union,201,28,36.465542234306255,0.7678481734917959,-1.5997689966053281,0.12138786121387861,15,0.5373134328358209,0.4527363184079602,0.2277950063432858,
county,50,Mississippi,Jones,145,11,17.090718300888255,0.6436242062118769,-1.6105212854177737,0.11998800119988001,9,0.25517241379310346,0.7379310344827587,0.22598833012873576,
county,50,Maryland,Washington,146,23,30.789754011584066,0.747001745819297,-1.6130905618371474,0.12478752124787522,10,0.7534246575342466,0.2465753424657534,0.2329066732315938,
county,50,Georgia,Upson,50,5,9.234646934750462,0.5414392163911256,-1.6159421101767806,0.1481851814818518,1,0.5,0.5,0.26693985653699437,
county,50,Mississippi,Forrest,191,19,26.485168123506035,0.7173826464456979,-1.6176200294422622,0.11738826117388261,9,0.31413612565445026,0.675392670157068,0.22271460927301767,
county,50,Iowa,Polk,459,78,91.62953566589107,0.8512539044660395,-1.6182295232422788,0.12138786121387861,26,0.6339869281045751,0.3202614379084967,0.2277950063432858,
county,50,South Carolina,Chesterfield,159,5,9.846803260637524,0.5077790088472103,-1.6193474474030303,0.12838716128387162,4,0.36477987421383645,0.6289308176100629,0.238763174042308,
county,50,Florida,Suwannee,53,6,10.620830305311578,0.5649275835806682,-1.620949566083217,0.13998600139986,2,0.7547169811320755,0.24528301886792453,0.25601249398869635,
county,50,Alaska,Juneau,674,112,128.14252116442094,0.8740268178139845,-1.6250087358362364,0.11038896110388961,41,0.5504451038575667,0.028189910979228485,0.21216019661974322,
county,50,Rhode Island,Providence,1009,358,382.2844915363148,0.9364753421235559,-1.628059878902513,0.11198880111988802,5,0.643211100099108,0.30921704658077304,0.21483565929121373,
county,50,Oregon,Douglas,101,13,19.307289206716447,0.6733208303254543,-1.629965602932092,0.11778822117788221,5,0.9702970297029703,0.009900990099009901,0.22303436932357953,
county,50,Texas,Upshur,78,9,14.487873573874374,0.6212091756673994,-1.6474989610188826,0.12378762123787622,6,0.7051282051282052,0.2948717948717949,0.23145822849903078,
county,50,Virginia,Charlottesville,112,14,20.67719590577468,0.6770743994397282,-1.6532308110590936,0.12358764123587641,7,0.39285714285714285,0.6071428571428571,0.23145822849903078,
county,50,Ohio,Allen,197,38,47.735322928025205,0.7960562046955455,-1.6613028569171446,0.1085891410858914,3,0.3096446700507614,0.6852791878172588,0.2090897055545842,
county,50,Virginia,Franklin,91,7,12.314609793352158,0.5684305160670894,-1.6627181585055963,0.1151884811518848,5,0.6263736263736264,0.37362637362637363,0.2201569122200534,
county,50,New Jersey,Morris,168,33,42.11864165590932,0.7835010509027193,-1.6671723583543505,0.11638836116388361,6,0.8452380952380952,0.09523809523809523,0.2216308755864745,
county,50,Louisiana,St. Landry,153,14,21.063605133108815,0.664653553441054,-1.6753597950208763,0.1085891410858914,12,0.3790849673202614,0.6078431372549019,0.2090897055545842,
county,50,Georgia,Sumter,67,9,14.548563245060095,0.6186177870901385,-1.6807497908152023,0.11678832116788321,3,0.16417910447761194,0.8208955223880597,0.2219836839845427,
county,50,Missouri,Butler,62,6,10.96523545572759,0.5471838725420123,-1.6807545378060365,0.11838816118388161,1,0.7419354838709677,0.24193548387096775,0.22338204135790798,
county,50,Virginia,Louisa,51,2,5.733004656500324,0.3488572083632123,-1.68164929799859,0.13018698130186981,2,0.6862745098039216,0.29411764705882354,0.24124254241242543,
county,50,Oregon,Polk,61,7,12.158377930817457,0.5757346942026963,-1.6900854397424803,0.11798820117988201,3,0.7704918032786885,0.21311475409836064,0.22303436932357953,
county,50,Rhode Island,Kent,96,18,25.118325441792884,0.7166082803454276,-1.6935626817327103,0.10318968103189681,1,0.9583333333333334,0.03125,0.20131722676788924,
county,50,California,Sutter,156,39,48.48683378134233,0.8043420648144518,-1.6964290894367782,0.10238976102389762,0,0.8974358974358975,0.03205128205128205,0.20013423988414014,
county,50,Indiana,Marion,3849,1173,1221.039027621579,0.9606572545718276,-1.6989217175078066,0.0857914208579142,40,0.3411275656014549,0.6477007014809041,0.17531290349225948,
county,50,Florida,Seminole,415,88,102.46680223893682,0.8588147387950834,-1.7005668617126437,0.09399060093990601,14,0.6313253012048192,0.35180722891566263,0.18944694224534664,
county,50,Texas,Grayson,199,36,45.72347663689429,0.7873417038229238,-1.7050115725994468,0.09599040095990401,2,0.7537688442211056,0.24623115577889448,0.19198080191980801,
county,50,Texas,Williamson,153,22,30.169364121408094,0.7292165625853833,-1.7063713425105806,0.0953904609539046,6,0.8562091503267973,0.1437908496732026,0.19152181869191723,
county,50,North Carolina,Burke,169,19,26.85061581899678,0.7076187796988076,-1.7089091776783782,0.10138986101389862,12,0.8106508875739645,0.15976331360946747,0.19931010701211246,
county,50,Georgia,Mitchell,56,5,9.704285751744866,0.5152362706447491,-1.7104900653049262,0.1141885811418858,3,0.30357142857142855,0.6785714285714286,0.21864998685316653,
county,50,New York,Chemung,81,10,16.001551374035838,0.6249394053270377,-1.7110556768379668,0.1065893410658934,2,0.7037037037037037,0.2839506172839506,0.2063920948729097,
county,50,Texas,Kaufman,193,32,41.342495656217956,0.7740219716316803,-1.7164985924633476,0.10118988101189881,6,0.6373056994818653,0.35751295336787564,0.19929587993581596,
county,50,Wyoming,Sweetwater,76,8,13.62764030594554,0.5870422039617319,-1.7212916466346664,0.10238976102389762,3,0.9605263157894737,0.039473684210526314,0.20013423988414014,
county,50,North Carolina,Surry,110,11,17.456801153146326,0.630126900312284,-1.7217396695850258,0.09919008099190081,8,0.8636363636363636,0.11818181818181818,0.19723566104927967,
county,50,Oregon,Washington,256,46,57.11886036956217,0.8053381965672541,-1.7264174869403748,0.09599040095990401,13,0.87890625,0.04296875,0.19198080191980801,
county,50,Michigan,St. Clair,115,18,25.387496946570153,0.7090104250089058,-1.7355011943671246,0.10078992100789921,3,0.782608695652174,0.1826086956521739,0.19888698153085455,
county,50,Texas,Jim Wells,96,11,17.445453810199183,0.6305367644588896,-1.7369264357158434,0.0933906609339066,1,0.9791666666666666,0.020833333333333332,0.18897444893475426,
county,50,Florida,Taylor,60,7,12.371677830875461,0.565808461527377,-1.7391133440820437,0.10438956104389562,2,0.5,0.5,0.20289249270561666,
county,50,Arkansas,Jackson,51,2,5.866640741105946,0.3409105974372263,-1.7462633767522573,0.1075892410758924,2,0.5098039215686274,0.49019607843137253,0.2079388322849958,
county,50,South Carolina,Marlboro,161,6,11.607070190790864,0.5169263131328735,-1.7482361480333146,0.09679032096790322,4,0.32919254658385094,0.639751552795031,0.19283466643701722,
county,50,Texas,Limestone,69,9,14.732259791775471,0.6109042419292932,-1.7527077538052926,0.10158984101589841,6,0.5652173913043478,0.43478260869565216,0.1993242800957096,
county,50,Michigan,Cass,56,7,12.229752274098892,0.5723746354883359,-1.7578604509561346,0.10018998100189981,2,0.7142857142857143,0.2857142857142857,0.19846061370874407,
county,50,Pennsylvania,Centre,57,7,12.33842739596916,0.5673332407245699,-1.7582222574885786,0.09959004099590041,4,0.9122807017543859,0.07017543859649122,0.19765086831048181,
county,50,Texas,Shelby,110,13,20.011091523237717,0.6496397252945376,-1.7650516771135603,0.09119088091190881,4,0.4909090909090909,0.509090909090909,0.18488504090767394,
county,50,Florida,St. Johns,181,34,43.72735368217856,0.7775453380307571,-1.7665717302781598,0.0801919808019198,10,0.7569060773480663,0.23756906077348067,0.16583701629837014,
county,50,Alabama,Jackson,82,7,12.577359781640693,0.5565555984347347,-1.7674287600902931,0.0963903609639036,4,0.8902439024390244,0.10975609756097561,0.19240855837196202,
county,50,Texas,Johnson,135,22,30.223552919652995,0.7279091263189778,-1.771428338608648,0.08959104089591041,4,0.9259259259259259,0.07407407407407407,0.18235656749285703,
county,50,Kentucky,Leslie,50,7,12.360363060016855,0.5663264069195112,-1.7744647409696108,0.103989601039896,2,1.0,0.0,0.20249575795716096,
county,50,Florida,Volusia,735,163,183.2892627184478,0.8893046847506049,-1.7751838584326323,0.0851914808519148,26,0.6925170068027211,0.29931972789115646,0.17443166574431665,
county,50,New Hampshire,Merrimack,76,12,18.469829322281434,0.6497082236446857,-1.7758763109494284,0.0903909609039096,3,0.9605263157894737,0.013157894736842105,0.18362328796589888,
county,50,Iowa,Pottawattamie,86,10,16.335692758609163,0.6121564691359566,-1.77748590939844,0.10078992100789921,6,0.9302325581395349,0.046511627906976744,0.19888698153085455,
county,50,Arkansas,Lee,53,3,7.328112995137821,0.40938233375911237,-1.787976906957232,0.09379062093790622,3,0.33962264150943394,0.6415094339622641,0.18941308994100592,
county,50,Texas,Smith,485,84,99.4771383846312,0.8444151225501842,-1.7926664720815184,0.0745925407459254,27,0.5484536082474227,0.44536082474226807,0.15805058838378455,
county,50,Pennsylvania,Bradford,53,6,11.228961393675684,0.5343325878187887,-1.7932483215012578,0.08819118088191182,2,0.9811320754716981,0.018867924528301886,0.17986130381044735,
county,50,Colorado,Denver,2365,660,698.9439738445169,0.9442816945250891,-1.7943414180203001,0.0751924807519248,26,0.6744186046511628,0.2930232558139535,0.15899596134456084,
county,50,Missouri,Buchanan,104,15,22.197312192116676,0.6757574912753272,-1.7951409487048615,0.08359164083591641,5,0.8365384615384616,0.15384615384615385,0.17217879805644937,
county,50,California,Yolo,248,67,79.95623229284837,0.8379584439972764,-1.8019965444634987,0.0741925807419258,1,0.8467741935483871,0.10080645161290322,0.15785005861553764,
county,50,New Jersey,Salem,80,13,19.756030111381406,0.6580269379378364,-1.8099035041819445,0.07939206079392061,5,0.4125,0.5875,0.1645118053324928,
county,50,Arizona,Coconino,156,31,40.62564436090594,0.7630648199596634,-1.813512537080624,0.07839216078392161,0,0.7243589743589743,0.02564102564102564,0.16309354979994958,
county,50,Kansas,Montgomery,52,6,11.269813198239277,0.5323956923205614,-1.8153046861158,0.08499150084991501,2,0.5,0.4807692307692308,0.174367483886532,
county,50,Michigan,Washtenaw,367,78,92.5214780666458,0.8430474915653037,-1.818458979491251,0.06999300069993,15,0.5258855585831063,0.4550408719346049,0.152043619167495,
county,50,Tennessee,Hamblen,90,5,10.463270111346823,0.47786207818316606,-1.8219190706260637,0.0765923407659234,5,0.8555555555555555,0.13333333333333333,0.1606419479755878,
county,50,Florida,Osceola,253,44,55.60292419031141,0.7913252880262514,-1.8219442485835198,0.07599240075992401,11,0.766798418972332,0.22134387351778656,0.16003287654941228,
county,50,Louisiana,Morehouse,69,5,10.324626998954141,0.48427899627816945,-1.822274289803702,0.08139186081391861,4,0.21739130434782608,0.7681159420289855,0.16798240335647074,
county,50,Oklahoma,Delaware,60,6,11.366717257752274,0.5278568881360983,-1.8285902874594449,0.0761923807619238,3,0.7833333333333333,0.0,0.1601278896500594,
county,50,Oregon,Linn,102,14,21.215593834671477,0.6598919695153935,-1.8291222681872736,0.07699230076992301,2,0.9117647058823529,0.058823529411764705,0.16115392509332066,
county,50,Florida,De Soto,81,12,18.713099294244813,0.6412620278080062,-1.8388171056523481,0.072992700729927,2,0.6419753086419753,0.345679012345679,0.15691154377285763,
county,50,Louisiana,Livingston,140,11,18.22420707989487,0.60359279017057,-1.839020323509288,0.0771922807719228,9,0.7428571428571429,0.25,0.16124609761246095,
county,50,New Hampshire,Rockingham,117,20,28.2815537902345,0.7071747241449624,-1.841491387049244,0.07879212078792121,5,0.9572649572649573,0.02564102564102564,0.16359649175644683,
county,50,Georgia,Laurens,87,11,17.8082597414632,0.6176909007222395,-1.845790183523092,0.073992600739926,7,0.26436781609195403,0.7241379310344828,0.15774917353625462,
county,50,Louisiana,Lafayette,464,79,94.68637633283423,0.8343333334703327,-1.8591860254039432,0.06179382061793821,16,0.4267241379310345,0.5517241379310345,0.13711332729388007,
county,50,Georgia,Colquitt,138,21,29.820878941881276,0.7042045957440581,-1.8605701251004512,0.06719328067193281,4,0.3188405797101449,0.644927536231884,0.1471988394380901,
county,50,Texas,Wharton,100,12,19.110501252782477,0.6279270146434703,-1.8655677277905645,0.07279272072792721,3,0.74,0.26,0.15691154377285763,
county,50,Wyoming,Natrona,97,12,19.11717595168692,0.6277077759982173,-1.8705157692569299,0.0735926407359264,2,0.9072164948453608,0.061855670103092786,0.15754615014689005,
county,50,Missouri,Cass,56,6,11.538328548718638,0.5200059934734929,-1.8759464340009258,0.06939306069393061,2,0.9285714285714286,0.05357142857142857,0.15105773633163,
county,50,West Virginia,Harrison,114,11,18.24872466099088,0.6027818493811783,-1.8775311855662609,0.0675932406759324,7,0.9473684210526315,0.05263157894736842,0.14745023387956563,
county,50,Florida,Madison,51,5,10.200054313595615,0.49019346821864646,-1.8826803970889254,0.07579242075792421,1,0.35294117647058826,0.6470588235294118,0.15993747564019106,
county,50,Ohio,Licking,55,7,12.595014480066002,0.5557754626704738,-1.8923465942069033,0.07219278072192781,1,0.9090909090909091,0.07272727272727272,0.1561659733608229,
county,50,Texas,Hill,81,10,16.505429880838328,0.605861227014106,-1.8954740750562964,0.0653934606539346,1,0.6419753086419753,0.35802469135802467,0.14386561343865614,
county,50,Kentucky,Clay,85,16,23.74778381649173,0.6737470798807232,-1.9023773338141141,0.0643935606439356,0,1.0,0.0,0.1419678927629625,
county,50,Georgia,Bulloch,63,6,11.802968443676566,0.5083466950396277,-1.9050167869567678,0.0735926407359264,1,0.31746031746031744,0.6666666666666666,0.15754615014689005,
county,50,Colorado,Pueblo,290,59,72.74226176093674,0.8110828364658238,-1.9099420814506631,0.0575942405759424,7,0.9482758620689655,0.04482758620689655,0.13019438796861055,
county,50,West Virginia,Marion,73,6,11.997830431447554,0.5000904150364869,-1.910131096476361,0.0675932406759324,4,0.7808219178082192,0.2054794520547945,0.14745023387956563,
county,50,Connecticut,Middlesex,60,11,17.5258002546867,0.6276460897731851,-1.9162347526493517,0.06579342065793421,1,0.8166666666666667,0.18333333333333332,0.1444382101068025,
county,50,Oklahoma,Garvin,56,4,9.243186559941222,0.4327511918168442,-1.924524298797706,0.05679432056794321,1,0.9285714285714286,0.05357142857142857,0.12963648447517281,
county,50,Texas,Van Zandt,86,12,19.139611031493875,0.6269719891514108,-1.93343058206604,0.06079392060793921,3,0.9302325581395349,0.05813953488372093,0.13547610756165762,
county,50,Virginia,Martinsville,90,13,20.59240785062964,0.6313006276049699,-1.9373334057528993,0.07039296070392961,3,0.28888888888888886,0.7,0.15259186869573002,
county,50,Oklahoma,Cleveland,176,24,33.9972733365275,0.7059389664115744,-1.9437906875003883,0.058194180581941805,5,0.8522727272727273,0.09659090909090909,0.13052664364799962,
county,50,Tennessee,Gibson,83,5,10.838440955637966,0.4613209612401946,-1.9465036651071619,0.0575942405759424,4,0.4819277108433735,0.5180722891566265,0.13019438796861055,
county,50,Virginia,Rockingham,54,2,6.63829934102969,0.30128198462496164,-1.9466740208168518,0.05779422057794221,2,0.9074074074074074,0.09259259259259259,0.13019438796861055,
county,50,Pennsylvania,Lackawanna,121,19,27.646246219219357,0.6872542423785337,-1.9471599844093266,0.0633936606339366,4,0.8429752066115702,0.14049586776859505,0.14036198093252772,
county,50,Kentucky,Hopkins,83,13,20.559577808028905,0.6323087040689743,-1.9481520416902751,0.06159384061593841,1,0.7590361445783133,0.24096385542168675,0.13696350795028026,
county,50,Oklahoma,Sequoyah,92,10,17.040899261099675,0.5868234913416586,-1.9493982340914329,0.056194380561943806,2,0.8586956521739131,0.010869565217391304,0.12883589689811506,
county,50,Virginia,Campbell,80,5,10.778575245947994,0.46388320217736173,-1.9558195989242877,0.058194180581941805,3,0.6125,0.375,0.13052664364799962,
county,50,Arkansas,Ashley,76,4,9.428498436637767,0.424245708569732,-1.956149684948029,0.06059394060593941,4,0.34210526315789475,0.6578947368421053,0.13532210493853422,
county,50,North Carolina,Bladen,127,10,17.364010858950014,0.575903809392382,-1.9573489987194872,0.05699430056994301,8,0.3700787401574803,0.6141732283464567,0.12980640261964993,
county,50,Ohio,Richland,146,26,35.90315825807757,0.724170275303022,-1.961518978678426,0.05779422057794221,2,0.678082191780822,0.3219178082191781,0.13019438796861055,
county,50,Oklahoma,Garfield,96,12,19.589337869284023,0.612578132046818,-1.9798993055482064,0.058994100589941006,2,0.7604166666666666,0.19791666666666666,0.13203441560605844,
county,50,Arizona,Pinal,427,98,115.31379849224166,0.8498549287368542,-1.9830510055063182,0.04739526047395261,7,0.8173302107728337,0.08665105386416862,0.11137886211378863,
county,50,Georgia,Clarke,208,50,62.745840858015605,0.7968655661678433,-1.98401184654467,0.057194280571942806,7,0.34134615384615385,0.6490384615384616,0.1299755738711843,
county,50,Kentucky,Christian,146,27,37.20335954977317,0.7257409096046171,-1.986107277365309,0.04939506049395061,2,0.4657534246575342,0.5342465753424658,0.11503264088005614,
county,50,Arkansas,Union,144,16,24.690124564880698,0.648032372536445,-1.989604208133504,0.04939506049395061,4,0.3125,0.6666666666666666,0.11503264088005614,
county,50,Idaho,Kootenai,96,9,16.141454095737856,0.5575705848196444,-2.0049189248334987,0.05119488051194881,4,0.9479166666666666,0.010416666666666666,0.11842395178826637,
county,50,Georgia,Thomas,96,9,16.154231410919426,0.5571295700219118,-2.007887340534311,0.05019498050194981,2,0.28125,0.7083333333333334,0.11663283109891259,
county,50,Alabama,Clarke,53,2,6.830090498173107,0.29282188874875875,-2.026758943807701,0.0435956404359564,2,0.20754716981132076,0.7924528301886793,0.10362733841558372,
county,50,North Carolina,Stokes,62,4,9.459389141389876,0.4228602862417263,-2.0325228062171283,0.0461953804619538,3,0.8225806451612904,0.1774193548387097,0.10930440136764355,
county,50,North Carolina,Pitt,338,52,66.41632344506719,0.782940056039222,-2.0325649254301212,0.0425957404259574,23,0.28994082840236685,0.6893491124260355,0.1017182346430484,
county,50,Maryland,Worcester,85,9,16.288824023385274,0.552526074754017,-2.0330983123560578,0.046995300469953004,0,0.7058823529411765,0.2823529411764706,0.11069052548048157,
county,50,Minnesota,Washington,56,4,9.578061174273,0.41762105369969205,-2.039103091421225,0.050594940505949405,1,0.875,0.05357142857142857,0.11729858404294101,
county,50,Wisconsin,Walworth,57,3,8.09860491780739,0.37043417112539156,-2.0420895058013944,0.04839516048395161,3,0.9473684210526315,0.03508771929824561,0.11347073909389108,
county,50,Minnesota,Dakota,94,8,15.16092540622243,0.527672274986367,-2.043553847746311,0.0423957604239576,2,0.776595744680851,0.13829787234042554,0.10147503768141704,
county,50,North Carolina,Bertie,74,3,8.525569010204256,0.3518826715740966,-2.043648696716671,0.042195780421957804,3,0.2972972972972973,0.6891891891891891,0.10123071219560179,
county,50,Virginia,Washington,66,3,8.496560803483641,0.3530840382816989,-2.043653168140192,0.04079592040795921,1,0.9696969696969697,0.030303030303030304,0.09925407459254075,
county,50,Michigan,Lenawee,53,7,13.227846279303911,0.5291866757593104,-2.0502934006649447,0.051994800519948,1,0.9245283018867925,0.05660377358490566,0.11973858293457959,
county,50,Indiana,Grant,77,10,17.48879533435418,0.5717946724641727,-2.0617063742558432,0.0443955604439556,0,0.7272727272727273,0.2727272727272727,0.10528671903451857,
county,50,Indiana,Delaware,135,30,40.84158271581011,0.7345454804910573,-2.0695293604377225,0.042195780421957804,2,0.6296296296296297,0.35555555555555557,0.10123071219560179,
county,50,California,Imperial,248,63,77.87067390692468,0.8090337072888449,-2.0828193603322123,0.041995800419958006,2,0.8709677419354839,0.06451612903225806,0.10122064716605263,
county,50,Virginia,Henry,225,21,31.65983806110408,0.6633009290657017,-2.0839964159801916,0.0405959404059594,16,0.5111111111111111,0.48,0.09900047731075949,
county,50,Missouri,St. Charles,150,19,28.756947856178734,0.6607098950495072,-2.0877208703615846,0.036996300369963,8,0.8666666666666667,0.12666666666666668,0.09086502276138181,
county,50,New Mexico,Valencia,97,16,24.838243897950814,0.6441679236960879,-2.087835116421854,0.0413958604139586,1,0.8969072164948454,0.0,0.10047727621604037,
county,50,Virginia,Hampton,389,59,75.02378883962261,0.7864172272893807,-2.091930648842458,0.04179582041795821,23,0.2647814910025707,0.7223650385604113,0.10097401474805792,
county,50,Louisiana,Madison,63,4,9.991301823277011,0.40034822996549757,-2.096507922933555,0.034596540345965404,1,0.1746031746031746,0.8095238095238095,0.08599236230223131,
county,50,Pennsylvania,Bucks,337,58,73.58216195979969,0.7882345184650495,-2.0966936226096946,0.0337966203379662,23,0.7833827893175074,0.19881305637982197,0.08461429886067084,
county,50,Louisiana,Natchitoches,122,11,19.357550627474804,0.5682537120366531,-2.1005737262510453,0.036196380361963806,7,0.29508196721311475,0.6885245901639344,0.08953841457959467,
county,50,Washington,Yakima,528,112,132.55618320419353,0.8449247503413088,-2.112215932166226,0.033596640335966405,10,0.8977272727272727,0.02462121212121212,0.08452293456785709,
county,50,Oklahoma,Payne,76,9,16.384271173082354,0.5493073146144004,-2.117965393820045,0.03799620037996201,0,0.7631578947368421,0.09210526315789473,0.0930996947698595,
county,50,Texas,Howard,105,14,22.778731780452233,0.6146084046704576,-2.131978973406234,0.033996600339966,6,0.8952380952380953,0.10476190476190476,0.08490938345778948,
county,50,Texas,Anderson,138,15,24.289232510658415,0.6175575944368689,-2.136205929974826,0.036996300369963,4,0.5797101449275363,0.42028985507246375,0.09086502276138181,
county,50,Tennessee,Cumberland,55,2,7.213504338118303,0.2772577524396021,-2.1373760152415113,0.028397160283971604,2,1.0,0.0,0.07452452724270721,
county,50,Virginia,Buchanan,79,4,10.259338680805294,0.38988867844706193,-2.137495824359226,0.034596540345965404,3,1.0,0.0,0.08599236230223131,
county,50,South Carolina,Pickens,155,5,11.982792069923065,0.4172650222772415,-2.1382404369016257,0.030796920307969204,5,0.8,0.2,0.07921396915034866,
county,50,Virginia,Pulaski,66,4,10.087060518615068,0.3965476357178822,-2.146137985080081,0.031996800319968,1,0.8636363636363636,0.10606060606060606,0.08128916838045926,
county,50,Maine,Kennebec,74,6,12.933196097995792,0.4639224484448819,-2.149951206627652,0.031996800319968,2,0.9864864864864865,0.013513513513513514,0.08128916838045926,
county,50,Missouri,Scott,70,7,14.045800114572808,0.498369615322758,-2.1508932166685986,0.030796920307969204,1,0.37142857142857144,0.6142857142857143,0.07921396915034866,
county,50,Indiana,Vigo,111,20,29.8353008040095,0.6703468529237099,-2.156191617875483,0.031996800319968,1,0.8018018018018018,0.1891891891891892,0.08128916838045926,
county,50,Kentucky,Adair,58,7,13.976195288046313,0.5008516163184284,-2.1567622383702014,0.036996300369963,1,0.9137931034482759,0.06896551724137931,0.09086502276138181,
county,50,California,Siskiyou,95,18,27.298245435112857,0.6593830377408497,-2.173212243156702,0.0385961403859614,1,0.8526315789473684,0.031578947368421054,0.0943461209434612,
county,50,Texas,Navarro,106,15,24.09175298096435,0.622619699440384,-2.182886580574311,0.029197080291970802,1,0.7075471698113207,0.29245283018867924,0.07566361158370379,
county,50,New Hampshire,Strafford,58,8,15.087048562228384,0.5302561310784557,-2.184413842165027,0.035596440355964404,0,0.9482758620689655,0.0,0.08826551397618032,
county,50,South Dakota,Pennington,102,9,17.09268161932239,0.5265411361682397,-2.187586262173706,0.029197080291970802,6,0.5784313725490197,0.0196078431372549,0.07566361158370379,
county,50,Montana,Missoula,56,3,8.856489336370942,0.33873467082265896,-2.1897569615110695,0.025397460253974602,1,0.8571428571428571,0.0,0.06803361114665735,
county,50,Washington,Whatcom,132,21,31.439584481707666,0.6679477590493705,-2.2046297760052296,0.028997100289971003,2,0.803030303030303,0.045454545454545456,0.07552393375272044,
county,50,Florida,Escambia,679,125,148.11701364268146,0.8439273580113551,-2.206909007366159,0.031996800319968,30,0.4963181148748159,0.49189985272459497,0.08128916838045926,
county,50,Oklahoma,Stephens,67,7,14.21325332626348,0.4924980818476855,-2.2086046898652407,0.029397060293970604,1,0.8805970149253731,0.08955223880597014,0.07599140085991402,
county,50,Louisiana,Terrebonne,254,28,40.72240192542597,0.6875822317965374,-2.2089737677797627,0.028197180281971802,14,0.5,0.47244094488188976,0.07418800104722352,
county,50,Illinois,Sangamon,141,27,38.42390466281961,0.7026875648618345,-2.209843895361176,0.030996900309969003,1,0.5106382978723404,0.48226950354609927,0.07953050848761277,
county,50,Texas,San Patricio,117,16,25.600890242236606,0.6249782663261858,-2.20997755755417,0.026797320267973202,5,0.9487179487179487,0.042735042735042736,0.07122989500535808,
county,50,Oregon,Klamath,138,17,27.084322990593513,0.627669371905813,-2.2116715413410457,0.0321967803219678,6,0.8405797101449275,0.021739130434782608,0.08139723924918021,
county,50,Texas,Angelina,210,29,41.520474474974016,0.6984505925499337,-2.2369415312485796,0.027997200279972004,9,0.6571428571428571,0.32857142857142857,0.07384975788135473,
county,50,Texas,Kerr,85,11,19.252532023173902,0.5713534192156913,-2.2435257420757657,0.0287971202879712,3,0.9764705882352941,0.023529411764705882,0.0751924807519248,
county,50,Kentucky,McCracken,125,25,36.08165515152153,0.692872871131184,-2.245894470471496,0.026197380261973803,2,0.6,0.4,0.06981466801773431,
county,50,Kentucky,Rowan,55,7,14.197171390767302,0.49305596215822517,-2.2479271245219428,0.0321967803219678,0,0.9818181818181818,0.0,0.08139723924918021,
county,50,Idaho,Twin Falls,64,6,12.97695957223429,0.462357917245708,-2.257964781223428,0.0287971202879712,2,0.859375,0.015625,0.0751924807519248,
county,50,Maryland,Carroll,70,6,13.259018798758982,0.45252217310089254,-2.265776474481297,0.0245975402459754,3,0.9,0.08571428571428572,0.06606196523204821,
county,50,Oklahoma,Carter,132,15,25.06923766204168,0.5983428855003473,-2.2802112813713973,0.022397760223977603,7,0.696969696969697,0.22727272727272727,0.06094548439892854,
county,50,Maine,Penobscot,117,12,21.32214004591737,0.5627952904426067,-2.28060253454555,0.0225977402259774,2,0.9487179487179487,0.02564102564102564,0.06116770521900689,
county,50,Montana,Cascade,67,4,10.703771536139561,0.3737000539010613,-2.285775768201503,0.023997600239976002,3,0.7761194029850746,0.05970149253731343,0.06461853814618539,
county,50,Virginia,Augusta,85,4,10.904403214197192,0.3668242930334899,-2.2950393467238794,0.0207979202079792,3,0.8705882352941177,0.12941176470588237,0.05704257160490847,
county,50,Mississippi,Adams,126,7,15.29171812152672,0.457764127246489,-2.2958390156235278,0.020597940205979402,6,0.20634920634920634,0.7936507936507936,0.056795387127953866,
county,50,Georgia,Burke,61,5,11.957301991872345,0.41815453046168904,-2.302771276923974,0.0231976802319768,1,0.14754098360655737,0.8360655737704918,0.06262767979076765,
county,50,Texas,Gonzales,66,8,15.651338515891384,0.511138391893914,-2.306279543746497,0.027197280271972803,2,0.8181818181818182,0.18181818181818182,0.07192324245836286,
county,50,Kentucky,Campbell,87,15,24.41078372221828,0.6144825242274895,-2.3097432510227587,0.017798220177982202,4,0.8390804597701149,0.16091954022988506,0.05140603258109944,
county,50,Connecticut,New London,178,37,50.47436906068528,0.7330453196059755,-2.3104566448904227,0.025997400259974,4,0.6179775280898876,0.3539325842696629,0.06946075418297963,
county,50,Indiana,Floyd,60,7,14.54871262410783,0.48114222755357094,-2.3161938587602036,0.0207979202079792,1,0.7333333333333333,0.26666666666666666,0.05704257160490847,
county,50,West Virginia,Mingo,99,7,15.269913570017666,0.4584177878874465,-2.321137864091153,0.018598140185981403,3,0.9595959595959596,0.04040404040404041,0.05268623822549252,
county,50,Florida,Leon,380,86,105.83570589537422,0.8125802088476345,-2.324155473514134,0.021397860213978603,10,0.31842105263157894,0.6736842105263158,0.05837833103233213,
county,50,Oregon,Multnomah,1514,376,415.50749863710826,0.9049174833987462,-2.326178766161145,0.020397960203979604,26,0.6505944517833554,0.27542932628797884,0.05654555187912844,
county,50,Washington,Clark,274,46,61.784251849169785,0.7445262930802669,-2.3263338887515808,0.0187981201879812,7,0.8576642335766423,0.05474452554744526,0.05296255115632851,
county,50,Wisconsin,Winnebago,57,1,6.356073195904941,0.15732984331336447,-2.3345886443114723,0.0173982601739826,1,0.9298245614035088,0.017543859649122806,0.05067549583069862,
county,50,Tennessee,Monroe,51,1,6.390211399106251,0.15648934558563465,-2.3391435721387293,0.0183981601839816,1,0.9607843137254902,0.0392156862745098,0.052262905577574105,
county,50,Pennsylvania,Fayette,201,32,45.62766952371378,0.7013288281876602,-2.340450747643043,0.0225977402259774,10,0.8059701492537313,0.19402985074626866,0.06116770521900689,
county,50,Vermont,Chittenden,72,7,14.92159926109301,0.4691186164107753,-2.345011753497082,0.0201979802019798,2,0.8194444444444444,0.08333333333333333,0.05614169765819117,
county,50,Alabama,Dale,76,6,13.556107675090077,0.44260492346377966,-2.345420446182304,0.021397860213978603,2,0.5131578947368421,0.4868421052631579,0.05837833103233213,
county,50,Virginia,Petersburg,255,36,50.74131124547988,0.7094810740273674,-2.3479392222542415,0.0173982601739826,7,0.1450980392156863,0.8431372549019608,0.05067549583069862,
county,50,Louisiana,Iberia,103,8,16.649460371134115,0.48049605342584817,-2.3516196260027566,0.015598440155984402,6,0.2912621359223301,0.6893203883495146,0.04702270297751566,warm
county,50,New York,Jefferson,66,5,12.136467329321952,0.41198149876116735,-2.3542127502090375,0.017998200179982,1,0.8181818181818182,0.13636363636363635,0.05155163154044706,
county,50,Colorado,Douglas,75,8,16.170264781561045,0.4947352506634524,-2.3551877992204613,0.018998100189981004,1,0.9466666666666667,0.02666666666666667,0.05338053151206619,
county,50,Indiana,Madison,119,21,32.137767609391204,0.653436799196452,-2.355797799053113,0.017798220177982202,2,0.6302521008403361,0.36134453781512604,0.05140603258109944,
county,50,Texas,Hale,54,4,10.716774226539405,0.3732466426412396,-2.3578368418293256,0.0187981201879812,2,0.7592592592592593,0.24074074074074073,0.05296255115632851,
county,50,Missouri,Cole,77,8,16.220903088778762,0.4931907894532834,-2.3596760019610614,0.0183981601839816,4,0.6623376623376623,0.33766233766233766,0.052262905577574105,
county,50,Georgia,Barrow,60,3,9.59139397666847,0.312780395352088,-2.3645650489616963,0.015798420157984203,2,0.6833333333333333,0.3,0.047487111753940894,warm
county,50,North Carolina,Haywood,50,2,7.9177218051442635,0.25259791253344743,-2.368855022285134,0.0183981601839816,0,0.92,0.04,0.052262905577574105,
county,50,Missouri,Boone,163,19,30.46478804682819,0.6236708415891364,-2.3693390841514015,0.0193980601939806,8,0.5644171779141104,0.4171779141104294,0.05435662395820038,
county,50,Pennsylvania,Schuylkill,114,16,26.426507786954204,0.6054526814132669,-2.3748151838663283,0.019598040195980403,2,0.9736842105263158,0.02631578947368421,0.05462095299903972,
county,50,Alabama,Covington,50,2,7.860320020479179,0.2544425665608048,-2.381032663290461,0.015598440155984402,0,0.7,0.26,0.04702270297751566,warm
county,50,California,Tehama,105,19,29.723839220320677,0.639217560664595,-2.3812745853654276,0.019598040195980403,1,0.9714285714285714,0.009523809523809525,0.05462095299903972,
county,50,Tennessee,Carter,54,1,6.566937384273919,0.15227798614232807,-2.3819117375518664,0.012998700129987,1,0.9629629629629629,0.0,0.04048390341688723,warm
county,50,Michigan,Berrien,298,58,75.17090294902782,0.7715751404413602,-2.3867238598288525,0.0173982601739826,8,0.28523489932885904,0.6778523489932886,0.05067549583069862,
county,50,Oklahoma,McCurtain,187,22,34.28268559661095,0.6417233544321519,-2.38893710427814,0.017598240175982403,11,0.6256684491978609,0.24598930481283424,0.05111398972462305,
county,50,Florida,Orange,2177,479,525.842962289702,0.9109183432146138,-2.4033448621008646,0.016998300169983,88,0.487827285254938,0.5002296738631143,0.05021783535932121,
county,50,New Mexico,Santa Fe,609,169,195.53789431766728,0.8642826015373045,-2.4054743236861564,0.017998200179982,6,0.9293924466338259,0.013136288998357963,0.05155163154044706,
county,50,Virginia,Montgomery,120,5,13.01833376091712,0.3840737295436923,-2.406853009160571,0.013798620137986202,4,0.8,0.14166666666666666,0.04246361078177897,warm
county,50,Alaska,Anchorage,676,142,168.51263242275786,0.842666795707968,-2.411470754796543,0.016998300169983,25,0.5547337278106509,0.17307692307692307,0.05021783535932121,
county,50,Hawaii,Honolulu,976,219,251.2244337494046,0.8717304950459224,-2.4157118373977537,0.014198580141985802,27,0.39036885245901637,0.03381147540983607,0.043435893097080826,warm
county,50,Texas,Walker,110,12,21.86911085188283,0.5487191537541114,-2.426436215031662,0.016998300169983,6,0.509090909090909,0.4818181818181818,0.05021783535932121,
county,50,New Jersey,Monmouth,413,93,114.40848132202427,0.8128767983400981,-2.431729159169477,0.015998400159984,13,0.5786924939467313,0.387409200968523,0.047948828305575245,warm
county,50,Maryland,Calvert,64,3,9.960663175963685,0.301184765211153,-2.432405475028096,0.0115988401159884,2,0.59375,0.40625,0.03724596484450934,warm
county,50,Oklahoma,Oklahoma,2788,537,588.3983410721755,0.9126470326573018,-2.4357598475382614,0.016798320167983202,118,0.5624103299856528,0.3794835007173601,0.05005608949191536,
county,50,Virginia,Dickenson,54,1,6.853623062805103,0.1459082285144979,-2.447475065617017,0.010798920107989201,1,0.9814814814814815,0.018518518518518517,0.03544788378305027,warm
county,50,Montana,Yellowstone,123,13,23.4767167199518,0.5537401228235586,-2.4496493239574604,0.013398660133986601,6,0.7967479674796748,0.04878048780487805,0.04147968436689265,warm
county,50,Georgia,Emanuel,52,3,9.510227955326972,0.31544985189546454,-2.450879330709808,0.013798620137986202,2,0.28846153846153844,0.6923076923076923,0.04246361078177897,warm
county,50,Maryland,Baltimore,1113,301,337.42716846428453,0.8920443524744208,-2.455133227360115,0.014198580141985802,10,0.5256064690026954,0.4582210242587601,0.043435893097080826,warm
county,50,Texas,Hardin,63,5,12.468734769802138,0.40100299607859435,-2.458111232464022,0.014598540145985401,0,0.6190476190476191,0.38095238095238093,0.04439673679690854,warm
county,50,Indiana,La Porte,183,30,43.8798662328136,0.6836848553919666,-2.4608129669015146,0.010998900109989001,5,0.5792349726775956,0.4098360655737705,0.03576371922556172,warm
county,50,North Carolina,Moore,170,17,28.87221650291066,0.5888013481156252,-2.479492543384352,0.012198780121987801,7,0.5588235294117647,0.4294117647058823,0.03833902324053309,warm
county,50,Michigan,Allegan,60,6,13.745482663228362,0.4365070435868417,-2.4807913360209985,0.015198480151984802,2,0.8833333333333333,0.08333333333333333,0.04608571400924424,warm
county,50,Georgia,Glynn,201,29,42.99086892453555,0.6745618482591138,-2.485494328029671,0.0143985601439856,5,0.44776119402985076,0.5323383084577115,0.04391773212059325,warm
county,50,Delaware,Sussex,184,17,29.093535886881014,0.5843222379740276,-2.4884103612881505,0.0131986801319868,12,0.5543478260869565,0.44021739130434784,0.04098328905848154,warm
county,50,Texas,Brazoria,387,58,77.04432819364527,0.7528133654981227,-2.497938666263033,0.011998800119988001,21,0.7545219638242894,0.21963824289405684,0.03782548574410852,warm
county,50,Arizona,Gila,64,7,15.3553588854408,0.45586690954107606,-2.4987140620233004,0.016198380161983803,1,0.859375,0.0625,0.048407875975408236,warm
county,50,Maryland,Howard,184,35,49.633915327460784,0.705162987225303,-2.500629630609173,0.0117988201179882,2,0.5380434782608695,0.4076086956521739,0.03765425926543148,warm
county,50,Oklahoma,Bryan,73,5,13.094769433171608,0.38183184709873724,-2.5123120061230333,0.011998800119988001,2,0.9315068493150684,0.0547945205479452,0.03782548574410852,warm
county,50,Washington,Skagit,103,12,22.318262196376214,0.537676271315982,-2.5279000815584234,0.010998900109989001,4,0.8932038834951457,0.04854368932038835,0.03576371922556172,warm
county,50,Pennsylvania,Montgomery,531,98,121.96807775447593,0.8034889276297023,-2.5327327031418765,0.012398760123987601,23,0.6045197740112994,0.3747645951035782,0.03884944838849448,warm
county,50,Texas,Webb,533,154,180.5107490692873,0.8531347900001711,-2.5338629830943096,0.0115988401159884,12,0.9924953095684803,0.00375234521575985,0.03724596484450934,warm
county,50,Kentucky,Franklin,406,80,101.91166638012965,0.7849935423644304,-2.534615960868012,0.0115988401159884,3,0.9334975369458128,0.059113300492610835,0.03724596484450934,warm
county,50,Pennsylvania,Wayne,56,5,12.792262811969097,0.39086126305361263,-2.534753271392002,0.0105989401059894,2,0.9285714285714286,0.03571428571428571,0.03490224225985045,warm
county,50,Texas,Robertson,50,2,8.65333985465963,0.23112463321581492,-2.54457757188897,0.007399260073992601,0,0.46,0.54,0.025760386924270535,warm
county,50,Alabama,Madison,543,86,108.93359250229992,0.7894718059370371,-2.5460814862233287,0.011398860113988602,26,0.49171270718232046,0.49355432780847147,0.03694802933499754,warm
county,50,Oklahoma,Comanche,299,45,62.573463483412546,0.7191546942567586,-2.5478079485874154,0.0117988201179882,11,0.4983277591973244,0.451505016722408,0.03765425926543148,warm
county,50,Alabama,Pike,55,3,10.107951029143717,0.29679605603057035,-2.548901491072086,0.0093990600939906,1,0.21818181818181817,0.7818181818181819,0.03155398745839701,warm
county,50,Kentucky,Floyd,62,8,16.788941809842296,0.47650412340521103,-2.553572707746434,0.011998800119988001,2,1.0,0.0,0.03782548574410852,warm
county,50,Nevada,Elko,76,8,17.159166574045567,0.4662231096993112,-2.558073840809644,0.011998800119988001,2,0.9473684210526315,0.0,0.03782548574410852,warm
county,50,Oklahoma,Le Flore,100,9,18.782857092945257,0.4791603298403603,-2.5661375645525473,0.0103989601039896,3,0.88,0.07,0.03457403455795899,warm
county,50,Maine,Androscoggin,85,7,15.982451251323111,0.4379803754709093,-2.567546909003697,0.0105989401059894,1,0.9294117647058824,0.07058823529411765,0.03490224225985045,warm
county,50,Nevada,Nye,51,3,10.131793808116637,0.29609761675140717,-2.5680111148016724,0.0071992800719928,0,0.9019607843137255,0.058823529411764705,0.025319916987893046,warm
county,50,Minnesota,St. Louis,134,10,20.57458726254394,0.48603648143187844,-2.5694929542364564,0.0081991800819918,7,0.7164179104477612,0.1044776119402985,0.02807268941979974,warm
county,50,Ohio,Stark,476,89,112.18437977812917,0.7933368279614176,-2.56996255206938,0.008999100089991,19,0.5882352941176471,0.40756302521008403,0.030508424567379327,warm
county,50,Texas,Newton,58,2,8.723033560583408,0.22927803568673158,-2.5790183714236887,0.0053994600539946005,0,0.6724137931034483,0.3275862068965517,0.02015538518350331,warm
county,50,Florida,Lake,245,40,56.605622134253764,0.706643589308681,-2.5861575788110085,0.009799020097990201,8,0.6530612244897959,0.33877551020408164,0.032790248483242294,warm
county,50,Texas,Milam,51,3,10.057304173613666,0.2982906699660926,-2.596092664708486,0.006799320067993201,1,0.7450980392156863,0.2549019607843137,0.0242430929320861,warm
county,50,Oklahoma,Pottawatomie,142,15,26.915436095469026,0.5573010203808333,-2.5980921967200925,0.0081991800819918,5,0.7676056338028169,0.09154929577464789,0.02807268941979974,warm
county,50,Maryland,Cecil,111,11,21.625823780266394,0.5086511437329625,-2.6038278136010944,0.0071992800719928,3,0.7927927927927928,0.2072072072072072,0.025319916987893046,warm
county,50,Texas,Polk,86,7,16.14649136565692,0.43353071831374956,-2.6069954974731764,0.009999000099990002,3,0.6046511627906976,0.36046511627906974,0.03335150355932149,warm
county,50,New York,Westchester,1005,325,363.74561931402485,0.8934815506861805,-2.618146318061543,0.0105989401059894,7,0.4417910447761194,0.46567164179104475,0.03490224225985045,warm
county,50,South Dakota,Minnehaha,100,10,20.105737073017956,0.4973704750879326,-2.6320147000368403,0.0091990800919908,5,0.74,0.07,0.0310844732520212,warm
county,50,Kentucky,Harlan,90,14,25.063470881084303,0.5585818527060418,-2.6328389868226845,0.010998900109989001,1,0.9444444444444444,0.05555555555555555,0.03576371922556172,warm
county,50,Massachusetts,Hampshire,52,6,14.336379039437054,0.41851572028717804,-2.646111072800685,0.007399260073992601,0,0.9038461538461539,0.038461538461538464,0.025760386924270535,warm
county,50,Arkansas,Chicot,74,2,9.415344933631863,0.21241919590815486,-2.6470268089164564,0.0051994800519948,1,0.3108108108108108,0.6891891891891891,0.01955004499550045,warm
county,50,Washington,Cowlitz,108,15,26.420691528839583,0.567736843058279,-2.6476218856341167,0.007599240075992401,4,0.9629629629629629,0.018518518518518517,0.026279646282863355,warm
county,50,Kansas,Seward,50,2,9.118752471312405,0.21932824761852018,-2.6668172919438344,0.006999300069993001,0,0.78,0.22,0.02487036519715726,warm
county,50,New Jersey,Burlington,276,51,69.71087168291224,0.7315932044571075,-2.672035787437557,0.0059994000599940004,7,0.5978260869565217,0.358695652173913,0.021997800219978002,warm
county,50,Wyoming,Laramie,89,7,16.594998575369033,0.42181383554860213,-2.679952543598313,0.006199380061993801,0,0.9438202247191011,0.033707865168539325,0.022570982338385878,warm
county,50,Hawaii,Hawaii,210,36,52.08460820436882,0.6911830815496149,-2.6859819955355744,0.008599140085991401,5,0.49047619047619045,0.009523809523809525,0.02924839095037865,warm
county,50,New Jersey,Bergen,421,93,117.10662339682221,0.7941480789251724,-2.6897216960211145,0.0065993400659934,11,0.6912114014251781,0.23990498812351543,0.02369346398693464,warm
county,50,Indiana,Monroe,74,6,15.077950742003413,0.3979320600435108,-2.696108123937687,0.006399360063993601,4,0.8513513513513513,0.12162162162162163,0.023217327390068012,warm
county,50,Kentucky,Daviess,71,8,17.58665641295623,0.45489033345226076,-2.700442010458637,0.007399260073992601,2,0.8450704225352113,0.14084507042253522,0.025760386924270535,warm
county,50,Ohio,Greene,87,11,21.619655725668856,0.5087962611236118,-2.7074546584289974,0.0081991800819918,1,0.6551724137931034,0.27586206896551724,0.02807268941979974,warm
county,50,New York,Albany,327,79,101.00802463282488,0.7821160772836966,-2.7103736018454896,0.0071992800719928,6,0.44648318042813456,0.5076452599388379,0.025319916987893046,warm
county,50,Florida,Citrus,118,11,22.308946399112596,0.4930757285981716,-2.7152311651439147,0.0051994800519948,3,0.9067796610169492,0.0847457627118644,0.01955004499550045,warm
county,50,Maryland,St. Mary's,98,8,18.30763691003858,0.4369761121717124,-2.7220240938425166,0.004199580041995801,4,0.5816326530612245,0.40816326530612246,0.016448355164483553,warm
county,50,California,Santa Cruz,375,95,119.06501381074551,0.7978834164585327,-2.726625350999118,0.006799320067993201,4,0.9226666666666666,0.02666666666666667,0.0242430929320861,warm
county,50,Kansas,Douglas,60,5,13.595095929689968,0.36777967774987397,-2.729152809725293,0.0057994200579942,1,0.75,0.16666666666666666,0.021416429785592866,warm
county,50,Illinois,Champaign,86,10,20.46210880978544,0.4887081821800192,-2.7307872228163994,0.007599240075992401,4,0.5232558139534884,0.46511627906976744,0.026279646282863355,warm
county,50,Oregon,Lane,293,44,62.78603370306771,0.7007927942715415,-2.735766218495075,0.004999500049995001,12,0.962457337883959,0.017064846416382253,0.01900545239593688,warm
county,50,Virginia,Newport News,742,128,158.00789646147012,0.8100860961161679,-2.7408242824011566,0.0059994000599940004,34,0.21159029649595687,0.77088948787062,0.021997800219978002,warm
county,50,Texas,Harrison,200,24,38.88402579207768,0.6172200411637885,-2.742278812773327,0.0045995400459954,10,0.37,0.63,0.01774598659537031,warm
county,50,Washington,Okanogan,64,5,13.695702034636739,0.36507803596740696,-2.743292750865774,0.0057994200579942,2,0.796875,0.0,0.021416429785592866,warm
county,50,Pennsylvania,Beaver,169,24,38.76796680083463,0.6190678021186117,-2.7530634558746647,0.004999500049995001,3,0.5680473372781065,0.4319526627218935,0.01900545239593688,warm
county,50,Ohio,Lorain,220,36,53.0297123645831,0.6788647042340604,-2.76004382590018,0.0065993400659934,8,0.6227272727272727,0.37272727272727274,0.02369346398693464,warm
county,50,Louisiana,Webster,125,7,17.665358201339014,0.39625576341097957,-2.769898016024568,0.004199580041995801,6,0.32,0.672,0.016448355164483553,warm
county,50,New York,Oswego,50,2,9.524018299871154,0.20999539658875468,-2.784248343118352,0.0029997000299970002,0,0.88,0.04,0.012259643600857306,warm
county,50,South Carolina,Laurens,206,4,13.898192157929415,0.28780721654635183,-2.794580950342647,0.0023997600239976003,3,0.48058252427184467,0.5194174757281553,0.010005451067796446,warm
county,50,Texas,Gregg,460,80,104.61236062196134,0.7647279874421029,-2.805345938001442,0.0053994600539946005,13,0.5413043478260869,0.4543478260869565,0.02015538518350331,warm
county,50,Texas,Denton,290,46,65.35424665166937,0.7038563269679279,-2.8143466396969177,0.0031996800319968005,13,0.8310344827586207,0.15172413793103448,0.012873420829123313,warm
county,50,Kentucky,Fayette,552,138,167.59752063923477,0.823401202318825,-2.815980947794002,0.004999500049995001,9,0.605072463768116,0.3695652173913043,0.01900545239593688,warm
county,50,Washington,Stevens,52,1,8.28942913536998,0.1206355689480621,-2.822634220595939,0.0023997600239976003,0,0.9423076923076923,0.0,0.010005451067796446,warm
county,50,Georgia,Elbert,52,1,8.404066407004263,0.11899001644805693,-2.832112563929889,0.001999800019998,0,0.34615384615384615,0.6538461538461539,0.008688206809571145,warm
county,50,Texas,Orange,187,25,40.38624443790211,0.6190226486258211,-2.8405770908810197,0.004399560043995601,9,0.7379679144385026,0.25668449197860965,0.01703799657487435,warm
county,50,Illinois,Macon,81,12,23.156560788728086,0.5182116683683545,-2.8410707924934986,0.004399560043995601,1,0.49382716049382713,0.5061728395061729,0.01703799657487435,warm
county,50,Arkansas,Washington,171,11,23.556103677718866,0.46697026598692665,-2.8684772675240198,0.0023997600239976003,7,0.8888888888888888,0.08771929824561403,0.010005451067796446,warm
county,50,Virginia,Albemarle,86,3,12.190044455493567,0.24610246590594012,-2.8744746227595845,0.0013998600139986002,1,0.686046511627907,0.3023255813953488,0.006579342065793421,warm
county,50,Oregon,Yamhill,70,5,14.290783802513214,0.3498758408982919,-2.876334791257246,0.0031996800319968005,0,0.9714285714285714,0.0,0.012873420829123313,warm
county,50,New Hampshire,Hillsborough,231,36,54.127198484586835,0.6651000053189765,-2.8862650243958017,0.0035996400359964,5,0.9437229437229437,0.030303030303030304,0.01437076369583119,warm
county,50,Texas,Collin,303,51,71.52101628947841,0.7130771155932624,-2.9065394213149838,0.004999500049995001,15,0.8283828382838284,0.1419141914191419,0.01900545239593688,warm
county,50,New Jersey,Middlesex,520,118,146.99312680478153,0.8027586225627632,-2.9100584367680664,0.0051994800519948,16,0.6192307692307693,0.3,0.01955004499550045,warm
county,50,New Mexico,Sandoval,67,9,19.4181060300888,0.463484955023641,-2.9102994243122353,0.005599440055994401,1,0.7910447761194029,0.029850746268656716,0.02082669430898637,warm
county,50,Washington,Snohomish,419,73,97.71571258708384,0.7470651143739314,-2.9470180503241803,0.003999600039996,7,0.8806682577565632,0.057279236276849645,0.015906101697522556,warm
county,50,Texas,Jasper,64,3,11.97912772135146,0.25043559679665445,-2.9727420279354626,0.0021997800219978004,1,0.65625,0.328125,0.00943806034334326,warm
county,50,California,San Diego,5456,1984,2087.75982843294,0.9503008789517606,-2.975532622942355,0.004199580041995801,20,0.7175586510263929,0.19849706744868034,0.016448355164483553,warm
county,50,Texas,Houston,74,4,13.694075117662933,0.29209712708824764,-2.983190975323424,0.0013998600139986002,1,0.3783783783783784,0.6216216216216216,0.006579342065793421,warm
county,50,Indiana,Tippecanoe,89,8,19.342002721555986,0.4136076349055767,-2.987851884203191,0.0023997600239976003,1,0.8426966292134831,0.12359550561797752,0.010005451067796446,warm
county,50,Georgia,Carroll,143,10,22.77355403117562,0.43910581485483574,-2.993515384593884,0.0021997800219978004,5,0.6223776223776224,0.3706293706293706,0.00943806034334326,warm
county,50,West Virginia,Logan,105,5,15.926542840270224,0.3139413273894892,-3.0043523186303958,0.0017998200179982,4,0.9333333333333333,0.06666666666666667,0.008091364776565822,warm
county,50,Maryland,Talbot,52,2,10.583982039964736,0.18896479533393687,-3.004740262910959,0.0007999200079992001,1,0.5961538461538461,0.38461538461538464,0.004135586441355864,warm
county,50,Washington,Mason,74,6,16.582593818553825,0.3618251804061412,-3.0056694188747537,0.000999900009999,0,0.9594594594594594,0.013513513513513514,0.004946873733679264,warm
county,50,Texas,Bastrop,112,9,21.18665970861384,0.4247956083582576,-3.0324195487201724,0.0015998400159984002,3,0.8125,0.17857142857142858,0.00728737698917333,warm
county,50,Oregon,Coos,87,6,16.904112913920287,0.3549432040920106,-3.0355937509558815,0.0023997600239976003,4,0.9770114942528736,0.0,0.010005451067796446,warm
county,50,Texas,Brazos,229,31,49.55072333240472,0.6256215432424759,-3.0511352063042825,0.001999800019998,8,0.6419213973799127,0.34934497816593885,0.008688206809571145,warm
county,50,Ohio,Erie,67,5,15.184523333073912,0.3292826445930861,-3.0519339167574615,0.0015998400159984002,1,0.6865671641791045,0.29850746268656714,0.00728737698917333,warm
county,50,Florida,Walton,66,3,12.457771602668343,0.24081353356626212,-3.059722667143268,0.000999900009999,1,0.8333333333333334,0.16666666666666666,0.004946873733679264,warm
county,50,South Dakota,Hughes,72,2,11.375385162749126,0.1758182225380273,-3.0597362653189073,0.0005999400059994001,0,0.8194444444444444,0.0,0.003214186353385387,warm
county,50,West Virginia,Wayne,85,4,14.63625551257367,0.2732939443810401,-3.0871425685103344,0.0013998600139986002,3,0.9882352941176471,0.011764705882352941,0.006579342065793421,warm
county,50,Oklahoma,Seminole,95,7,18.666190013818138,0.37500957585977995,-3.0880673281144255,0.000999900009999,4,0.5894736842105263,0.2,0.004946873733679264,warm
county,50,Florida,Santa Rosa,111,8,20.373641384301788,0.3926642198661711,-3.1025294967282755,0.0005999400059994001,4,0.9369369369369369,0.06306306306306306,0.003214186353385387,warm
county,50,North Carolina,McDowell,85,2,11.669962623730639,0.17138015471729443,-3.1138500617628395,0.0011998800119988001,2,0.9058823529411765,0.08235294117647059,0.005824769635712485,warm
county,50,California,Lassen,53,7,17.16259308015519,0.4078637748566083,-3.114299753138828,0.0025997400259974,0,0.8490566037735849,0.018867924528301886,0.010667187249529014,warm
county,50,Colorado,Boulder,163,20,36.20746691371271,0.5523722509410202,-3.1143413235150708,0.001999800019998,4,0.9570552147239264,0.018404907975460124,0.008688206809571145,warm
county,50,Missouri,Jefferson,143,11,24.88735939970684,0.44199144727783274,-3.1340902199155236,0.001999800019998,5,0.9440559440559441,0.03496503496503497,0.008688206809571145,warm
county,50,Nevada,Clark,4511,1589,1687.789931453017,0.9414678748747074,-3.136426074806212,0.0017998200179982,18,0.6510751496342274,0.3025936599423631,0.008091364776565822,warm
county,50,California,Tuolumne,55,5,15.339983186386815,0.3259455984565327,-3.1375641234756193,0.0015998400159984002,0,0.9818181818181818,0.01818181818181818,0.00728737698917333,warm
county,50,New York,Sullivan,107,11,24.293909277750004,0.4527883871730162,-3.141982421479819,0.0013998600139986002,1,0.7570093457943925,0.21495327102803738,0.006579342065793421,warm
county,50,North Carolina,Alamance,276,30,49.541749212427106,0.6055498741347382,-3.1434702733000037,0.0015998400159984002,6,0.5,0.4963768115942029,0.00728737698917333,warm
county,50,Texas,Tom Green,187,25,42.503705658495825,0.5881840091983342,-3.1511713594061534,0.001999800019998,3,0.9090909090909091,0.0855614973262032,0.008688206809571145,warm
county,50,Idaho,Canyon,140,12,26.330789056717833,0.4557402352869639,-3.1681505521895583,0.000999900009999,6,0.9571428571428572,0.007142857142857143,0.004946873733679264,warm
county,50,New Mexico,San Miguel,50,7,17.549552919523745,0.39887055995669,-3.170961981123068,0.001999800019998,0,1.0,0.0,0.008688206809571145,warm
county,50,Arizona,Pima,2429,702,772.975098750158,0.9081793205694214,-3.1789372737468233,0.001999800019998,14,0.8509674763277069,0.09798270893371758,0.008688206809571145,warm
county,50,Utah,Utah,154,14,29.005410300968514,0.48266857302592714,-3.1852302983550134,0.0013998600139986002,4,0.8831168831168831,0.032467532467532464,0.006579342065793421,warm
county,50,Texas,Nacogdoches,131,10,23.71155453760136,0.42173531828721644,-3.1858754947893027,0.001999800019998,4,0.6183206106870229,0.37404580152671757,0.008688206809571145,warm
county,50,Texas,Uvalde,58,2,11.514786185792632,0.17368972100130473,-3.1905857085453286,0.0007999200079992001,1,1.0,0.0,0.004135586441355864,warm
county,50,Texas,Bowie,258,36,56.56345176616447,0.6364533789208164,-3.194803403786853,0.00019998000199980003,11,0.45348837209302323,0.5387596899224806,0.0013693994838926704,warm
county,50,Louisiana,Calcasieu,438,50,74.85459277088384,0.6679616861057653,-3.212571240722727,0.0015998400159984002,27,0.3995433789954338,0.589041095890411,0.00728737698917333,warm
county,50,Indiana,Henry,64,5,15.856393536410172,0.31533021607459305,-3.217454749158703,0.0007999200079992001,1,0.984375,0.0,0.004135586441355864,warm
county,50,Illinois,Winnebago,419,106,135.54664120395216,0.782018639919713,-3.2311632152954033,0.0015998400159984002,12,0.4510739856801909,0.5417661097852029,0.00728737698917333,warm
county,50,Pennsylvania,Washington,184,25,43.333872573833496,0.5769158977749861,-3.2533401228227863,0.0015998400159984002,5,0.7771739130434783,0.21739130434782608,0.00728737698917333,warm
county,50,Texas,Henderson,173,16,31.93034550668414,0.5010907256437498,-3.2544301196029046,0.0005999400059994001,10,0.8323699421965318,0.1676300578034682,0.003214186353385387,warm
county,50,Pennsylvania,Somerset,66,4,14.898949471196303,0.2684753047678349,-3.27738183115025,0.000999900009999,0,0.8939393939393939,0.10606060606060606,0.004946873733679264,warm
county,50,Maine,York,111,9,22.480757234850476,0.4003423864231707,-3.2842122663457105,0.0007999200079992001,1,0.963963963963964,0.009009009009009009,0.004135586441355864,warm
county,50,Washington,Spokane,614,141,176.7069373322281,0.7979313213657525,-3.291443163487206,0.000999900009999,7,0.8403908794788274,0.09120521172638436,0.004946873733679264,warm
county,50,California,Mendocino,219,42,63.64075408494753,0.6599544679174998,-3.296918178490842,0.0011998800119988001,3,0.863013698630137,0.0136986301369863,0.005824769635712485,warm
county,50,New York,Rockland,161,35,54.32043953098794,0.6443246833456439,-3.3188206552695543,0.0005999400059994001,1,0.577639751552795,0.36024844720496896,0.003214186353385387,warm
county,50,Kentucky,Laurel,105,14,28.927970930881333,0.48396066331270576,-3.3237873620254126,0.0011998800119988001,0,0.9809523809523809,0.01904761904761905,0.005824769635712485,warm
county,50,Pennsylvania,Clearfield,57,2,12.062638269940546,0.1658012082633609,-3.342617575007331,0.00019998000199980003,1,1.0,0.0,0.0013693994838926704,warm
county,50,New Mexico,Dona Ana,244,51,74.17289429362177,0.687582714490158,-3.3631178797580636,0.0011998800119988001,1,0.9016393442622951,0.05737704918032787,0.005824769635712485,warm
county,50,Colorado,Adams,464,81,111.07085965988495,0.7292641854761341,-3.3916718202229785,0.000999900009999,10,0.9224137931034483,0.04525862068965517,0.004946873733679264,warm
county,50,Oklahoma,Tulsa,1900,368,429.19025917517615,0.8574285928744692,-3.427642243640026,0.0005999400059994001,87,0.5531578947368421,0.4126315789473684,0.003214186353385387,warm
county,50,Georgia,Spalding,185,23,42.121242718625815,0.5460427688148315,-3.4377386194995463,0.0007999200079992001,6,0.2972972972972973,0.6972972972972973,0.004135586441355864,warm
county,50,Utah,Davis,109,5,18.0542422417504,0.2769432210473785,-3.4481423386775423,0.00039996000399960006,3,0.8165137614678899,0.06422018348623854,0.0023767738168711866,warm
county,50,Arizona,Yavapai,240,37,59.612411754960625,0.620676112754674,-3.452546571866372,0.000999900009999,4,0.9666666666666667,0.016666666666666666,0.004946873733679264,warm
county,50,Michigan,Livingston,74,6,18.40609085819,0.3259790493389981,-3.454290875765959,0.00039996000399960006,1,0.9054054054054054,0.05405405405405406,0.0023767738168711866,warm
county,50,California,Fresno,2844,1007,1094.2794516935255,0.9202402534759743,-3.4571758406024755,0.0007999200079992001,10,0.7419127988748242,0.17721518987341772,0.004135586441355864,warm
county,50,New Mexico,Otero,67,12,25.482315375122653,0.470914821645882,-3.4622612550669714,0.0005999400059994001,0,0.7313432835820896,0.22388059701492538,0.003214186353385387,warm
county,50,North Carolina,Henderson,132,9,23.90250870690061,0.3765295145526594,-3.4671696143281396,0.00019998000199980003,4,0.8257575757575758,0.16666666666666666,0.0013693994838926704,warm
county,50,California,Contra Costa,2569,1012,1096.7638481358326,0.9227145859339678,-3.471469132272633,0.00019998000199980003,6,0.4511483067341378,0.4947450369793694,0.0013693994838926704,warm
county,50,Mississippi,Warren,218,8,23.712080016065933,0.3373807778389607,-3.4822876413135475,0.00039996000399960006,7,0.21100917431192662,0.7889908256880734,0.0023767738168711866,warm
county,50,Tennessee,Washington,161,7,21.897469291912152,0.3196716436353426,-3.483953546404444,0.0005999400059994001,5,0.84472049689441,0.14285714285714285,0.003214186353385387,warm
county,50,Kentucky,Pike,123,16,32.96313173026823,0.48539077327134184,-3.502441096480788,0.00019998000199980003,0,1.0,0.0,0.0013693994838926704,warm
county,50,New York,Orange,353,70,98.7456126792942,0.7088922545586492,-3.5068269132705243,0.00039996000399960006,5,0.6147308781869688,0.36827195467422097,0.0023767738168711866,warm
county,50,California,Tulare,1201,343,399.01458794646453,0.859617694092979,-3.5163857315402844,0.0007999200079992001,8,0.9175686927560366,0.04079933388842631,0.004135586441355864,warm
county,50,West Virginia,Raleigh,200,15,33.104684106637094,0.4531080843931895,-3.520682403354142,0.00019998000199980003,7,0.705,0.28,0.0013693994838926704,warm
county,50,New Jersey,Cape May,90,9,23.150790408249033,0.38875562524176893,-3.5261608743889368,0.0005999400059994001,1,0.7333333333333333,0.25555555555555554,0.003214186353385387,warm
county,50,Texas,Bexar,5522,1753,1870.8105838531276,0.9370269845221398,-3.5268155810898034,0.00039996000399960006,119,0.8134733792104311,0.1680550525172039,0.0023767738168711866,warm
county,50,Washington,Benton,143,15,32.34702926404438,0.46372110024562224,-3.526895960260633,0.00039996000399960006,6,0.9370629370629371,0.03496503496503497,0.0023767738168711866,warm
county,50,Missouri,Jackson,4287,1429,1536.6990572469663,0.9299153228870253,-3.5499201482586873,0.00039996000399960006,42,0.34406344763237695,0.6466060181945417,0.0023767738168711866,warm
county,50,Virginia,Arlington,180,18,36.61279879192344,0.4916313582661889,-3.5611033925387496,0.00039996000399960006,6,0.6055555555555555,0.3388888888888889,0.0023767738168711866,warm
county,50,Colorado,Arapahoe,790,158,200.24332946336392,0.7890400165809635,-3.5627864029609166,0.00019998000199980003,20,0.6468354430379747,0.30632911392405066,0.0013693994838926704,warm
county,50,Virginia,Prince William,269,25,46.557701851295704,0.5369680848906473,-3.5647551065533354,0.0005999400059994001,13,0.5613382899628253,0.41263940520446096,0.003214186353385387,warm
county,50,Louisiana,Washington,159,12,29.23890293601723,0.4104121151966373,-3.567401706341974,0.00039996000399960006,6,0.2893081761006289,0.6981132075471698,0.0023767738168711866,warm
county,50,California,Lake,145,23,42.186258343984335,0.5452012314640307,-3.582092610629091,0.0005999400059994001,1,0.9103448275862069,0.05517241379310345,0.003214186353385387,warm
county,50,Virginia,Lynchburg,196,19,38.67892517903135,0.4912235774922798,-3.5905639301085346,0.00019998000199980003,6,0.30612244897959184,0.6887755102040817,0.0013693994838926704,warm
county,50,Tennessee,Sullivan,202,11,28.144817573713496,0.3908357185542288,-3.591035700880981,0.00019998000199980003,5,0.9207920792079208,0.07920792079207921,0.0013693994838926704,warm
county,50,Texas,Taylor,252,38,61.812404670702314,0.6147633343572402,-3.6076715818108163,0.00019998000199980003,5,0.7857142857142857,0.21031746031746032,0.0013693994838926704,warm
county,50,Michigan,Muskegon,238,36,59.38601907400069,0.6062032875977178,-3.617656157490472,0.00019998000199980003,6,0.42436974789915966,0.5462184873949579,0.0013693994838926704,warm
county,50,Pennsylvania,Westmoreland,263,35,59.01276793580359,0.5930919905006723,-3.6271060982835492,0.00019998000199980003,10,0.8403041825095057,0.1596958174904943,0.0013693994838926704,warm
county,50,Pennsylvania,Franklin,112,10,26.022243911861217,0.3842866139396185,-3.650480161816915,0.00019998000199980003,4,0.8303571428571429,0.16071428571428573,0.0013693994838926704,warm
county,50,Florida,Pasco,483,72,104.12322864655546,0.6914883540963063,-3.654027705552423,0.00039996000399960006,28,0.8737060041407867,0.12422360248447205,0.0023767738168711866,warm
county,50,New York,Niagara,181,32,53.938668830946426,0.5932664022594589,-3.66197447567091,0.0005999400059994001,2,0.6629834254143646,0.281767955801105,0.003214186353385387,warm
county,50,Maryland,Montgomery,716,157,199.974543806351,0.7850999282790405,-3.689478930801331,0.00039996000399960006,16,0.5502793296089385,0.39385474860335196,0.0023767738168711866,warm
county,50,Washington,Chelan,91,7,21.585860040391402,0.32428636092801577,-3.698200765786371,0.00019998000199980003,1,0.989010989010989,0.0,0.0013693994838926704,warm
county,50,Utah,Weber,221,23,44.6296870748527,0.5153520337578104,-3.6990481152487282,0.00039996000399960006,8,0.8506787330316742,0.049773755656108594,0.0023767738168711866,warm
county,50,New Mexico,Bernalillo,1888,600,675.4818601398592,0.8882547932164594,-3.7069054248306017,0.0005999400059994001,4,0.8204449152542372,0.09851694915254237,0.003214186353385387,warm
county,50,Massachusetts,Essex,464,117,153.8195564838091,0.7606315001455313,-3.727645835431527,0.00039996000399960006,5,0.8081896551724138,0.11637931034482758,0.0023767738168711866,warm
county,50,New Jersey,Ocean,261,42,67.63594085471004,0.6209716235074033,-3.744556305694594,0.0005999400059994001,3,0.7586206896551724,0.2260536398467433,0.003214186353385387,warm
county,50,Pennsylvania,Luzerne,369,57,87.01162919226334,0.6550848493372213,-3.7592838322386024,0.00019998000199980003,12,0.8021680216802168,0.19241192411924118,0.0013693994838926704,warm
county,50,New Jersey,Cumberland,289,47,74.31881181461002,0.6324105411862959,-3.7673829230129576,0.00019998000199980003,4,0.5259515570934256,0.45674740484429066,0.0013693994838926704,warm
county,50,Washington,Grays Harbor,107,8,23.683314816491936,0.3377905526311367,-3.785922767183446,0.00019998000199980003,4,0.9158878504672897,0.018691588785046728,0.0013693994838926704,warm
county,50,New York,Broome,164,17,36.7283224195706,0.46285805830711146,-3.799375105494046,0.00019998000199980003,3,0.6524390243902439,0.27439024390243905,0.0013693994838926704,warm
county,50,California,Calaveras,99,12,28.684275271210986,0.4183476795749418,-3.8045812386978617,0.00019998000199980003,1,0.9393939393939394,0.04040404040404041,0.0013693994838926704,warm
county,50,California,San Luis Obispo,233,42,68.17219836063003,0.6160869241420168,-3.8512029596925803,0.0005999400059994001,2,0.9656652360515021,0.012875536480686695,0.003214186353385387,warm
county,50,New Jersey,Somerset,128,13,31.382170253297044,0.41424795975141987,-3.87516295051717,0.00019998000199980003,1,0.7109375,0.2265625,0.0013693994838926704,warm
county,50,California,Ventura,1037,353,412.4879926801357,0.855782486434058,-3.884906284523145,0.00019998000199980003,1,0.9132111861137898,0.05689488910318226,0.0013693994838926704,warm
county,50,Oregon,Josephine,128,8,24.985354550040157,0.3201875716423301,-3.885143919999766,0.00019998000199980003,2,0.9921875,0.0078125,0.0013693994838926704,warm
county,50,Florida,Hernando,172,18,38.75166778501183,0.46449613729817185,-3.8946415514606945,0.00019998000199980003,7,0.8313953488372093,0.1686046511627907,0.0013693994838926704,warm
county,50,Washington,Clallam,63,2,14.5662512582035,0.13730368675836407,-3.8990968491336138,0.00019998000199980003,0,0.9523809523809523,0.015873015873015872,0.0013693994838926704,warm
county,50,Arizona,Cochise,176,25,47.25556130424607,0.52903826152952,-3.904945982713901,0.00019998000199980003,2,0.8806818181818182,0.07386363636363637,0.0013693994838926704,warm
county,50,Iowa,Scott,179,13,32.94141348890712,0.39464001762941026,-3.9112605476591074,0.00019998000199980003,6,0.6536312849162011,0.3407821229050279,0.0013693994838926704,warm
county,50,Nebraska,Lancaster,200,17,38.17308852764167,0.4453399149950904,-3.9173450247446318,0.00019998000199980003,5,0.765,0.15,0.0013693994838926704,warm
county,50,Virginia,Virginia Beach,634,74,110.79469948053705,0.6679019876126777,-3.924330615680931,0.00019998000199980003,32,0.5362776025236593,0.43217665615141954,0.0013693994838926704,warm
county,50,New York,Ulster,156,19,39.848494497848336,0.4768059681909922,-3.9248345698226417,0.00019998000199980003,1,0.8205128205128205,0.16666666666666666,0.0013693994838926704,warm
county,50,West Virginia,Mercer,186,12,32.05089232031041,0.37440455261196237,-3.929798721273778,0.00019998000199980003,6,0.8225806451612904,0.1774193548387097,0.0013693994838926704,warm
county,50,Idaho,Ada,211,20,42.455049130262694,0.47108648817329135,-3.954932180085328,0.00019998000199980003,6,0.909952606635071,0.02843601895734597,0.0013693994838926704,warm
county,50,Michigan,Kalamazoo,296,49,77.7416582172124,0.6302927043708356,-3.9604459252051365,0.00019998000199980003,9,0.47635135135135137,0.47297297297297297,0.0013693994838926704,warm
county,50,Oregon,Jackson,182,17,38.26242884577495,0.44430007484684786,-3.961556224432432,0.00019998000199980003,5,0.945054945054945,0.038461538461538464,0.0013693994838926704,warm
county,50,Massachusetts,Barnstable,107,15,33.66084767673304,0.4456215762613803,-3.972735256015247,0.00019998000199980003,1,0.794392523364486,0.17757009345794392,0.0013693994838926704,warm
county,50,Utah,Salt Lake,1157,199,253.72972636235994,0.7842991156495452,-3.9774885407344054,0.00019998000199980003,67,0.8219533275713051,0.056179775280898875,0.0013693994838926704,warm
county,50,California,Yuba,154,22,44.024626187216384,0.499720313500089,-3.9897477372133925,0.00019998000199980003,2,0.8376623376623377,0.07142857142857142,0.0013693994838926704,warm
county,50,Oregon,Deschutes,93,4,19.21355587432964,0.2081863464609494,-3.999183803293612,0.00019998000199980003,1,1.0,0.0,0.0013693994838926704,warm
county,50,Washington,Thurston,156,16,36.813489756921726,0.4346232890619031,-4.013471813398852,0.00019998000199980003,1,0.8205128205128205,0.08333333333333333,0.0013693994838926704,warm
county,50,Washington,Franklin,129,20,40.93213355321343,0.4886136700887871,-4.0215967139275905,0.00019998000199980003,0,0.8604651162790697,0.09302325581395349,0.0013693994838926704,warm
county,50,Texas,Cherokee,104,6,22.25205568660516,0.2696380093822863,-4.03130699532485,0.00039996000399960006,1,0.625,0.375,0.0023767738168711866,warm
county,50,New Mexico,San Juan,203,32,57.23403183941794,0.5591079113521602,-4.051251584337136,0.00019998000199980003,2,0.5665024630541872,0.029556650246305417,0.0013693994838926704,warm
county,50,Georgia,Troup,154,13,33.22543721658906,0.3912664840271615,-4.056498297595044,0.00019998000199980003,0,0.24025974025974026,0.7402597402597403,0.0013693994838926704,warm
county,50,Colorado,Larimer,159,12,32.08713814620512,0.37398162295814513,-4.063403706244224,0.00019998000199980003,5,0.9622641509433962,0.006289308176100629,0.0013693994838926704,warm
county,50,Illinois,Peoria,139,11,30.353418827807374,0.3623973978813444,-4.070604657030663,0.00019998000199980003,1,0.45323741007194246,0.5467625899280576,0.0013693994838926704,warm
county,50,Texas,Wichita,370,59,91.68459574237399,0.6435104994713076,-4.082176446276213,0.00019998000199980003,13,0.6216216216216216,0.37567567567567567,0.0013693994838926704,warm
county,50,New Jersey,Passaic,955,225,281.0075389220259,0.8006902621300601,-4.0969983696622805,0.00039996000399960006,24,0.543455497382199,0.44293193717277485,0.0023767738168711866,warm
county,50,North Carolina,Wake,964,134,182.87645818814343,0.7327351006663783,-4.122008737745261,0.00019998000199980003,48,0.3682572614107884,0.6109958506224067,0.0013693994838926704,warm
county,50,West Virginia,McDowell,120,4,20.959447218046307,0.19084472783976655,-4.147452253885392,0.00019998000199980003,3,0.875,0.11666666666666667,0.0013693994838926704,warm
county,50,Connecticut,New Haven,1569,395,468.24405147101015,0.8435771874924826,-4.154457367873326,0.00019998000199980003,23,0.5270873167622689,0.4391332058636074,0.0013693994838926704,warm
county,50,Arizona,Yuma,208,32,57.72444124189262,0.554357899557744,-4.154965263993752,0.00019998000199980003,2,0.9134615384615384,0.04326923076923077,0.0013693994838926704,warm
county,50,Louisiana,Tangipahoa,253,14,37.24889369730873,0.3758500886970373,-4.175016875500374,0.00019998000199980003,9,0.3359683794466403,0.6521739130434783,0.0013693994838926704,warm
county,50,Ohio,Butler,349,51,83.37586290368738,0.6116878221567944,-4.197490004948093,0.00039996000399960006,11,0.7106017191977078,0.2693409742120344,0.0023767738168711866,warm
county,50,Virginia,Norfolk,1603,282,350.75962551884993,0.80396938382763,-4.224018819669713,0.00039996000399960006,53,0.2014971927635683,0.7822832189644416,0.0023767738168711866,warm
county,50,North Carolina,Gaston,510,68,105.64707055311075,0.6436524897849878,-4.252039455601258,0.00019998000199980003,22,0.611764705882353,0.37254901960784315,0.0013693994838926704,warm
county,50,Maryland,Anne Arundel,634,129,175.6103313922758,0.7345809268581225,-4.252104459825767,0.00019998000199980003,16,0.5252365930599369,0.44952681388012616,0.0013693994838926704,warm
county,50,California,El Dorado,219,36,64.2369939243455,0.5604247303726363,-4.276898981276917,0.00019998000199980003,1,0.91324200913242,0.0182648401826484,0.0013693994838926704,warm
county,50,Florida,Brevard,667,123,169.92570984331232,0.7238457330171973,-4.277929993676524,0.00019998000199980003,22,0.6596701649175413,0.32983508245877063,0.0013693994838926704,warm
county,50,Massachusetts,Plymouth,324,84,120.43164161991734,0.6974911150435388,-4.30876862111404,0.00019998000199980003,1,0.5,0.41358024691358025,0.0013693994838926704,warm
county,50,New Mexico,Eddy,89,10,28.50494326407663,0.3508163446374056,-4.3218543909106035,0.00019998000199980003,0,0.9438202247191011,0.0449438202247191,0.0013693994838926704,warm
county,50,California,Humboldt,274,48,79.85446456089241,0.6010935050901001,-4.324672610921953,0.00019998000199980003,3,0.7956204379562044,0.040145985401459854,0.0013693994838926704,warm
county,50,California,Placer,208,32,60.08157653958021,0.532609193084659,-4.378297758890931,0.00019998000199980003,1,0.9423076923076923,0.019230769230769232,0.0013693994838926704,warm
county,50,California,Butte,326,64,99.72666375527095,0.6417541466849416,-4.391976177015976,0.00019998000199980003,2,0.8588957055214724,0.0705521472392638,0.0013693994838926704,warm
county,50,Louisiana,Rapides,438,59,96.27651197545225,0.612818212764535,-4.401542669390091,0.00019998000199980003,25,0.3287671232876712,0.6643835616438356,0.0013693994838926704,warm
county,50,Indiana,Vanderburgh,269,35,65.40997046633774,0.5350866198298044,-4.4111775366604125,0.00019998000199980003,4,0.6654275092936803,0.32342007434944237,0.0013693994838926704,warm
county,50,Ohio,Summit,806,163,216.76728341052993,0.7519584940837153,-4.414535019946758,0.00019998000199980003,21,0.4441687344913151,0.5409429280397022,0.0013693994838926704,warm
county,50,Georgia,Bibb,745,132,183.61242084963266,0.7189056131888808,-4.4727548503040655,0.00019998000199980003,20,0.1959731543624161,0.7919463087248322,0.0013693994838926704,warm
county,50,Arizona,Mohave,348,58,94.12485873671059,0.6162027840300899,-4.487891050082948,0.00019998000199980003,4,0.9568965517241379,0.014367816091954023,0.0013693994838926704,warm
county,50,California,Sonoma,511,113,159.59324230015565,0.7080500300098846,-4.54015690386807,0.00019998000199980003,3,0.8943248532289628,0.03913894324853229,0.0013693994838926704,warm
county,50,Colorado,Jefferson,369,52,87.70815863373168,0.5928752901671489,-4.540681645044611,0.00019998000199980003,5,0.9186991869918699,0.051490514905149054,0.0013693994838926704,warm
county,50,Louisiana,Bossier,235,22,50.10883094195076,0.4390443677579745,-4.572051912840181,0.00019998000199980003,5,0.5106382978723404,0.4723404255319149,0.0013693994838926704,warm
county,50,New Mexico,Curry,88,11,31.21407063018129,0.3524051742666321,-4.588928526171461,0.00019998000199980003,0,0.7954545454545454,0.19318181818181818,0.0013693994838926704,warm
county,50,Georgia,Floyd,203,22,49.67107929510297,0.4429136695277922,-4.641182446148178,0.00019998000199980003,4,0.5665024630541872,0.41379310344827586,0.0013693994838926704,warm
county,50,Oregon,Marion,377,53,90.61138605048305,0.5849154538975012,-4.657001450472072,0.00019998000199980003,10,0.9230769230769231,0.029177718832891247,0.0013693994838926704,warm
county,50,Florida,Pinellas,1559,342,422.6422605249406,0.8091949905227668,-4.709490691429326,0.00019998000199980003,33,0.6330981398332264,0.3527902501603592,0.0013693994838926704,warm
county,50,Texas,Jefferson,925,172,233.4776392810594,0.7366872499209534,-4.775997874780665,0.00019998000199980003,20,0.3675675675675676,0.6108108108108108,0.0013693994838926704,warm
county,50,Missouri,St. Louis,1352,271,347.8434393584069,0.7790861328299199,-4.908984124374243,0.00019998000199980003,28,0.41050295857988167,0.5776627218934911,0.0013693994838926704,warm
county,50,Kansas,Sedgwick,755,122,178.13011089537565,0.6848926292515275,-4.924990259293941,0.00019998000199980003,29,0.5509933774834437,0.40397350993377484,0.0013693994838926704,warm
county,50,North Carolina,Nash,452,44,83.9242002862782,0.5242826246769027,-4.939107168678975,0.00019998000199980003,20,0.2676991150442478,0.7168141592920354,0.0013693994838926704,warm
county,50,Georgia,Muscogee,677,122,177.57854029599716,0.6870199507026246,-4.973252813962517,0.00019998000199980003,17,0.27031019202363366,0.7045790251107829,0.0013693994838926704,warm
county,50,California,Shasta,297,53,91.71220077170624,0.5778947572300633,-4.989048764810158,0.00019998000199980003,2,0.9057239057239057,0.026936026936026935,0.0013693994838926704,warm
county,50,Washington,Pierce,1310,277,355.4495024410735,0.779294943719667,-5.00861384142113,0.00019998000199980003,21,0.6145038167938931,0.2862595419847328,0.0013693994838926704,warm
county,50,Texas,Potter,577,87,136.80505794411803,0.6359413994440005,-5.0130965811800525,0.00019998000199980003,13,0.7417677642980935,0.23050259965337955,0.0013693994838926704,warm
county,50,Michigan,Macomb,589,92,142.89774312466258,0.6438170259955758,-5.032408757953877,0.00019998000199980003,16,0.8064516129032258,0.166383701188455,0.0013693994838926704,warm
county,50,California,San Joaquin,2196,714,829.9515953688843,0.8602911350301725,-5.242762262511304,0.00019998000199980003,4,0.6730418943533698,0.21174863387978143,0.0013693994838926704,warm
county,50,Georgia,Dougherty,437,73,121.28931622048904,0.6018666958868413,-5.289852044122635,0.00019998000199980003,3,0.19221967963386727,0.8009153318077803,0.0013693994838926704,warm
county,50,California,Kings,194,27,62.310107354199296,0.43331653798186526,-5.593436464256196,0.00019998000199980003,2,0.8350515463917526,0.11855670103092783,0.0013693994838926704,warm
county,50,Texas,Midland,228,15,49.85488381330603,0.3008732315207316,-5.7500596653107765,0.00019998000199980003,1,0.6622807017543859,0.32894736842105265,0.0013693994838926704,warm
county,50,Florida,Bay,295,28,69.01787842803598,0.40569198355169994,-5.7692197985162705,0.00019998000199980003,4,0.6915254237288135,0.288135593220339,0.0013693994838926704,warm
county,50,California,Riverside,3893,1195,1364.2454931987754,0.8759420543864566,-5.829139228891437,0.00019998000199980003,18,0.7980991523246853,0.1572052401746725,0.0013693994838926704,warm
county,50,Texas,Tarrant,4350,1037,1204.7454353327512,0.860762755007725,-5.884951721797971,0.00019998000199980003,110,0.5977011494252874,0.38114942528735635,0.0013693994838926704,warm
county,50,Massachusetts,Middlesex,606,118,182.89903325269847,0.64516470044414,-5.891535434934756,0.00019998000199980003,3,0.7458745874587459,0.15181518151815182,0.0013693994838926704,warm
county,50,Louisiana,Caddo,1616,357,463.6141287845029,0.7700369290642148,-5.961197594459213,0.00019998000199980003,22,0.19492574257425743,0.8001237623762376,0.0013693994838926704,warm
county,50,New York,Onondaga,617,129,196.8281067704636,0.6553942021625846,-6.030558353053279,0.00019998000199980003,5,0.4019448946515397,0.5429497568881686,0.0013693994838926704,warm
county,50,Massachusetts,Bristol,384,77,132.23401965503646,0.5823009857892288,-6.107230734403181,0.00019998000199980003,4,0.7421875,0.2265625,0.0013693994838926704,warm
county,50,Colorado,El Paso,831,125,199.69118280252025,0.6259665461725255,-6.252258041534369,0.00019998000199980003,29,0.753309265944645,0.21419975932611313,0.0013693994838926704,warm
county,50,California,Solano,854,256,343.1890266097413,0.7459445965651792,-6.257707820198527,0.00019998000199980003,4,0.5257611241217799,0.39344262295081966,0.0013693994838926704,warm
county,50,New Mexico,Lea,173,21,60.5294116429654,0.34693877620798874,-6.382728129525931,0.00019998000199980003,0,0.8034682080924855,0.18497109826589594,0.0013693994838926704,warm
county,50,Texas,El Paso,1161,187,278.57221729463527,0.6712801506771122,-6.552378795630185,0.00019998000199980003,27,0.9224806201550387,0.06718346253229975,0.0013693994838926704,warm
county,50,Texas,Lubbock,679,112,189.5153196401319,0.5909812473876798,-6.899780368261069,0.00019998000199980003,21,0.7039764359351989,0.29455081001472755,0.0013693994838926704,warm
county,50,Massachusetts,Worcester,468,93,162.70023468448386,0.5716033549696476,-6.9657418624258876,0.00019998000199980003,1,0.7777777777777778,0.1452991452991453,0.0013693994838926704,warm
county,50,California,Santa Barbara,445,70,140.41223644126296,0.49853204944344215,-7.341724142232342,0.00019998000199980003,0,0.9011235955056179,0.051685393258426963,0.0013693994838926704,warm
county,50,California,Orange,3812,1336,1594.1155043358215,0.8380823073147615,-8.684556660362425,0.00019998000199980003,19,0.8512591815320042,0.04354669464847849,0.0013693994838926704,warm
county,50,Nevada,Washoe,671,95,194.69886886457894,0.4879329836583509,-8.72182898042604,0.00019998000199980003,3,0.856929955290611,0.08643815201192251,0.0013693994838926704,warm
county,50,Texas,Travis,1511,214,354.3038720710797,0.6040013019024183,-8.791636743590157,0.00019998000199980003,65,0.7246856386499008,0.25810721376571805,0.0013693994838926704,warm
county,50,Texas,Nueces,965,154,274.4749540174358,0.5610712298005059,-8.917607177320543,0.00019998000199980003,23,0.8922279792746114,0.10362694300518134,0.0013693994838926704,warm
county,50,California,Stanislaus,1016,218,352.4972433938037,0.6184445526470521,-9.082938871125567,0.00019998000199980003,3,0.859251968503937,0.07775590551181102,0.0013693994838926704,warm
county,50,Massachusetts,Hampden,645,128,236.5043434217922,0.5412162759806876,-9.132176228288188,0.00019998000199980003,3,0.6108527131782946,0.35348837209302325,0.0013693994838926704,warm
county,50,California,Sacramento,3416,888,1135.6494200834895,0.7819314519922151,-9.21362316431434,0.00019998000199980003,22,0.599824355971897,0.30620608899297425,0.0013693994838926704,warm
county,50,California,San Bernardino,5717,1822,2232.0140479939237,0.816303105994143,-11.416002500007293,0.00019998000199980003,18,0.7278292810914816,0.2317649116669582,0.0013693994838926704,warm
county,50,California,Los Angeles,44511,17810,19003.085443739797,0.9372162248455902,-11.718794206600593,0.00019998000199980003,80,0.5995596594100335,0.3522275392599582,0.0013693994838926704,warm
county,50,Texas,Harris,16300,3261,3981.7043055832346,0.8189960252516374,-13.527451743889527,0.00019998000199980003,546,0.5630674846625767,0.4061963190184049,0.0013693994838926704,warm
county,50,California,Santa Clara,2076,488,787.8313686403758,0.6194218958838629,-13.930725408092552,0.00019998000199980003,4,0.7432562620423893,0.08574181117533719,0.0013693994838926704,warm
county,50,Arizona,Maricopa,8582,2593,3306.5657743006705,0.7841973143717101,-16.313101993371102,0.00019998000199980003,39,0.8170589606152412,0.14052668375670008,0.0013693994838926704,warm
county,100,Louisiana,Orleans,7847,3912,2798.565847375031,1.3978588367571685,26.599244944820786,0.00019998000199980003,38,0.1167325092391997,0.8649165286096597,0.0008922184704606463,cold
county,100,Georgia,Fulton,6387,2884,1936.4698377507946,1.48930798909306,26.428859725866122,0.00019998000199980003,215,0.14983560356975106,0.8399874745576953,0.0008922184704606463,cold
county,100,Missouri,St. Louis city,5955,3264,2308.452807042771,1.4139340384356078,26.308309788379002,0.00019998000199980003,41,0.1346767422334173,0.8597816960537363,0.0008922184704606463,cold
county,100,Michigan,Wayne,19038,7070,5630.479111384572,1.2556657897379961,23.57761182362796,0.00019998000199980003,500,0.15831494904926988,0.830024162201912,0.0008922184704606463,cold
county,100,Virginia,Richmond,2892,1299,764.2989330122996,1.6995967727971375,22.93504167985856,0.00019998000199980003,131,0.13865836791147995,0.8437067773167358,0.0008922184704606463,cold
county,100,District of Columbia,District of Columbia,7115,4674,3894.0032663088205,1.2003071595855515,18.967811820442897,0.00019998000199980003,9,0.07069571328179902,0.9173576950105411,0.0008922184704606463,cold
county,100,Maryland,Baltimore city,9336,4381,3587.022694922014,1.2213471652136418,17.21095765668597,0.00019998000199980003,35,0.09715081405312767,0.8947086546700943,0.0008922184704606463,cold
county,100,New Jersey,Essex,4812,2314,1760.6847001474925,1.314261434660139,16.998286406079536,0.00019998000199980003,71,0.1872402327514547,0.8023690773067331,0.0008922184704606463,cold
county,100,Texas,Dallas,11148,4292,3529.546690633986,1.2160201794154648,16.094341246525605,0.00019998000199980003,163,0.5026910656620022,0.4839433082167205,0.0008922184704606463,cold
county,100,Indiana,Lake,3094,1494,1096.5141843722297,1.3624994745100691,15.259110985856674,0.00019998000199980003,20,0.2323852617970265,0.7485455720749838,0.0008922184704606463,cold
county,100,Illinois,Cook,22338,9102,8081.432105878019,1.126285524737586,14.870031463382608,0.00019998000199980003,362,0.2708836959441311,0.7213268869191513,0.0008922184704606463,cold
county,100,Pennsylvania,Allegheny,2542,959,650.6040095684041,1.4740148936926762,14.370771799491814,0.00019998000199980003,93,0.2769472856018883,0.7179386309992132,0.0008922184704606463,cold
county,100,Massachusetts,Suffolk,2673,1505,1152.5105161471067,1.3058449176075904,14.186710490118324,0.00019998000199980003,7,0.3337074448185559,0.6341189674523008,0.0008922184704606463,cold
county,100,Maryland,Prince George's,3642,1741,1366.2669747863401,1.2742751103035785,13.12223120229715,0.00019998000199980003,21,0.18094453596924767,0.799835255354201,0.0008922184704606463,cold
county,100,Michigan,Genesee,1875,750,524.6009518150905,1.4296580999425204,11.960406702942745,0.00019998000199980003,83,0.25066666666666665,0.7386666666666667,0.0008922184704606463,cold
county,100,Mississippi,Hinds,1987,497,310.6759019379025,1.5997378518895866,11.7310430825875,0.00019998000199980003,287,0.14141922496225465,0.8470055359838953,0.0008922184704606463,cold
county,100,Pennsylvania,Delaware,999,421,272.5948383504544,1.544416624128269,10.859014591939568,0.00019998000199980003,51,0.32232232232232233,0.6586586586586587,0.0008922184704606463,cold
county,100,Georgia,Richmond,878,251,137.57670555920276,1.8244367676909394,10.739807771063028,0.00019998000199980003,159,0.2528473804100228,0.7357630979498861,0.0008922184704606463,cold
county,100,New York,Erie,1853,973,763.8819260692562,1.2737570647950955,10.167030623974824,0.00019998000199980003,17,0.2984349703184026,0.6880733944954128,0.0008922184704606463,cold
county,100,Ohio,Mahoning,1119,510,355.54918436203775,1.4344007030000463,10.15334961165814,0.00019998000199980003,17,0.23145665773011617,0.7587131367292225,0.0008922184704606463,cold
county,100,Alabama,Jefferson,3506,983,753.4763854422949,1.3046195195924732,9.701848501632979,0.00019998000199980003,224,0.21192241871078152,0.7592698231602967,0.0008922184704606463,cold
county,100,New York,New York,38431,19210,18291.311592671158,1.0502253981445997,9.609822796139282,0.00019998000199980003,121,0.4230699175145065,0.5366501001795425,0.0008922184704606463,cold
county,100,Ohio,Franklin,3456,1217,980.1407425275547,1.2416584141392188,9.213770515081931,0.00019998000199980003,102,0.38310185185185186,0.6006944444444444,0.0008922184704606463,cold
county,100,Tennessee,Davidson,2889,619,445.46516652594545,1.3895587051786848,9.072150173651032,0.00019998000199980003,445,0.4132917964693666,0.5683627552786431,0.0008922184704606463,cold
county,100,Virginia,Portsmouth,661,246,153.30857763346285,1.6046068902168542,8.712575649626418,0.00019998000199980003,39,0.19062027231467474,0.8048411497730711,0.0008922184704606463,cold
county,100,Louisiana,Jefferson,1700,386,261.2726698669078,1.477383762322436,8.496164301120377,0.00019998000199980003,275,0.38588235294117645,0.6005882352941176,0.0008922184704606463,cold
county,100,Illinois,St. Clair,777,332,228.1438999590208,1.4552219018769899,8.466089678055805,0.00019998000199980003,29,0.15958815958815958,0.8391248391248392,0.0008922184704606463,cold
county,100,Pennsylvania,Lehigh,453,173,102.74584147554128,1.6837664426660301,8.03156959507275,0.00019998000199980003,34,0.7417218543046358,0.24724061810154527,0.0008922184704606463,cold
county,100,Florida,Palm Beach,2642,904,725.226383232086,1.2465073264036273,8.02202410426603,0.00019998000199980003,104,0.5162755488266465,0.47880393641180924,0.0008922184704606463,cold
county,100,North Carolina,Mecklenburg,2660,740,584.4697136625952,1.2661049541177594,7.422517568364372,0.00019998000199980003,172,0.2879699248120301,0.6951127819548872,0.0008922184704606463,cold
county,100,North Carolina,Cumberland,1138,309,220.5840228939184,1.4008267504877356,6.851277455168967,0.00019998000199980003,141,0.3453427065026362,0.6089630931458699,0.0008922184704606463,cold
county,100,North Carolina,Robeson,694,174,115.48733429312156,1.506658726387829,6.146185088705646,0.00019998000199980003,82,0.2132564841498559,0.33285302593659943,0.0008922184704606463,cold
county,100,Wisconsin,Milwaukee,3808,756,627.0417925325058,1.2056612637359558,5.814978459282634,0.00019998000199980003,410,0.27888655462184875,0.7085084033613446,0.0008922184704606463,cold
county,100,Florida,Duval,3295,1218,1071.21076565899,1.1370311418133552,5.583632376919264,0.00019998000199980003,42,0.3590288315629742,0.6218512898330805,0.0008922184704606463,cold
county,100,California,San Francisco,3016,1485,1349.4021476204134,1.1004873548027954,5.092245834885241,0.00019998000199980003,3,0.4366710875331565,0.4373342175066313,0.0008922184704606463,cold
county,100,Texas,Starr,183,65,38.20149858960153,1.7015039304686608,5.0171259411233855,0.00019998000199980003,18,0.994535519125683,0.0,0.0008922184704606463,cold
county,100,Tennessee,Knox,1044,210,153.98080898981513,1.3638063170189616,4.994270771601086,0.00019998000199980003,141,0.5718390804597702,0.41379310344827586,0.0008922184704606463,cold
county,100,South Carolina,Chester,118,23,9.017596162501503,2.550568863977575,4.9544620823883445,0.00019998000199980003,18,0.4406779661016949,0.5423728813559322,0.0008922184704606463,cold
county,100,Wisconsin,Racine,279,65,39.77674606631729,1.6341205962807908,4.453829680737392,0.00019998000199980003,44,0.4659498207885305,0.5340501792114696,0.0008922184704606463,cold
county,100,New Jersey,Atlantic,661,249,198.41454540710203,1.2549483178720995,4.4312004035859,0.00019998000199980003,23,0.4341906202723147,0.5219364599092284,0.0008922184704606463,cold
county,100,Pennsylvania,Philadelphia,12851,2852,2653.9362216038917,1.0746301952487802,4.364715735935512,0.00019998000199980003,813,0.20792156252431718,0.7757372967084274,0.0008922184704606463,cold
county,100,North Carolina,Guilford,1245,326,267.21905791880687,1.2199728662281768,4.156642955381589,0.00019998000199980003,71,0.321285140562249,0.642570281124498,0.0008922184704606463,cold
county,100,Georgia,Clayton,588,188,146.86695973440578,1.2800700738953077,4.012152865922979,0.00039996000399960006,29,0.3622448979591837,0.5952380952380952,0.001555941966778932,cold
county,100,Connecticut,Fairfield,1555,700,626.3233836583253,1.1176335073286472,3.9091432791205944,0.00039996000399960006,9,0.5009646302250804,0.4778135048231511,0.001555941966778932,cold
county,100,Michigan,Saginaw,818,275,226.95000433137574,1.2117206201876303,3.8601776092626134,0.00019998000199980003,22,0.31907090464547677,0.6687041564792175,0.0008922184704606463,cold
county,100,Ohio,Cuyahoga,4823,1362,1247.3155499473592,1.0919450174877408,3.8523390404880753,0.00039996000399960006,149,0.2660170018660585,0.7221646278250052,0.001555941966778932,cold
county,100,South Carolina,Spartanburg,705,85,58.18305061355011,1.4609065544632092,3.7732648496442445,0.00039996000399960006,75,0.5234042553191489,0.47092198581560285,0.001555941966778932,cold
county,100,Arkansas,Pulaski,2130,472,407.27282524448384,1.15892829264182,3.677756667489923,0.0005999400059994001,191,0.2863849765258216,0.7089201877934272,0.0021503467630765013,cold
county,100,North Carolina,Sampson,155,45,28.096994044032094,1.6015948157827284,3.6681937120549652,0.0011998800119988001,17,0.43870967741935485,0.5225806451612903,0.003925761270026844,cold
county,100,Virginia,Fairfax,547,130,98.39929854616258,1.3211476293096989,3.658221830073732,0.00019998000199980003,63,0.6910420475319927,0.2376599634369287,0.0008922184704606463,cold
county,100,South Carolina,Jasper,124,23,11.747670486395172,1.9578349619727593,3.581120968034266,0.0021997800219978004,19,0.3548387096774194,0.6370967741935484,0.006683141209688556,cold
county,100,Mississippi,Coahoma,116,26,13.866739152518335,1.874990198779224,3.5424901330614067,0.001999800019998,21,0.1206896551724138,0.8620689655172413,0.006134001984416942,cold
county,100,New York,Nassau,952,298,250.96604765051512,1.187411615195783,3.541707176111033,0.0005999400059994001,32,0.5483193277310925,0.42331932773109243,0.0021503467630765013,cold
county,100,Alabama,Mobile,1658,393,337.37270208627086,1.1648838141608282,3.503043280171263,0.00039996000399960006,119,0.27563329312424606,0.6731001206272618,0.001555941966778932,cold
county,100,New Jersey,Camden,1619,679,614.2417566840325,1.105427940401778,3.4168394040943775,0.0005999400059994001,10,0.4126003705991353,0.567016676961087,0.0021503467630765013,cold
county,100,South Carolina,Florence,407,51,33.145995729462655,1.5386473954881785,3.3255614210189735,0.0025997400259974,34,0.3415233415233415,0.6437346437346437,0.007678861743455284,cold
county,100,North Carolina,Lenoir,217,58,39.91007093684465,1.4532672741118804,3.2650672086014008,0.0027997200279972004,23,0.2534562211981567,0.7419354838709677,0.00811918808119188,cold
county,100,Florida,Collier,377,103,78.39518161843068,1.3138562584283207,3.2548956740476815,0.0017998200179982,39,0.8275862068965517,0.14854111405835543,0.00554727135982054,cold
county,100,North Carolina,Durham,904,234,194.73267736665474,1.2016473206467053,3.239144496252078,0.0025997400259974,68,0.25995575221238937,0.7278761061946902,0.007678861743455284,cold
county,100,Ohio,Hamilton,2101,643,578.8152103262197,1.1108899498988734,3.2360906574774484,0.0005999400059994001,43,0.28986197049024276,0.6925273679200381,0.0021503467630765013,cold
county,100,South Carolina,Clarendon,124,16,7.553213852021535,2.11830358751431,3.2082884544627426,0.004399560043995601,15,0.2661290322580645,0.7338709677419355,0.012151165835797374,cold
county,100,Mississippi,Harrison,439,79,57.250020859132945,1.379912160982162,3.1735191355443373,0.0027997200279972004,49,0.5170842824601367,0.4328018223234624,0.00811918808119188,cold
county,100,Indiana,St. Joseph,616,212,177.72074361502257,1.192882697245702,3.1260663023931636,0.0035996400359964,12,0.4383116883116883,0.551948051948052,0.010206979302069792,cold
county,100,South Carolina,Aiken,382,46,30.119627145316088,1.5272433412959254,3.115736662525088,0.0037996200379962005,33,0.46596858638743455,0.5340314136125655,0.010726360992219361,cold
county,100,South Carolina,Williamsburg,147,20,10.573920832994208,1.8914459750439248,3.092728006008723,0.008399160083991601,15,0.23809523809523808,0.7619047619047619,0.021264540212645403,cold
county,100,Pennsylvania,Berks,542,179,147.8997259002833,1.2102794573174873,3.0894704518932037,0.0035996400359964,19,0.7638376383763837,0.22509225092250923,0.010206979302069792,cold
county,100,Texas,Hidalgo,1157,314,271.51833954673066,1.1564596355597478,3.0875635819164238,0.0027997200279972004,74,0.9878997407087294,0.003457216940363008,0.00811918808119188,cold
county,100,Illinois,Will,316,103,79.95274490258049,1.2882609612152998,3.0679280914950318,0.0035996400359964,21,0.5569620253164557,0.43037974683544306,0.010206979302069792,cold
county,100,Arkansas,Jefferson,508,110,86.52943977424158,1.27124364016448,2.849984330155077,0.007399260073992601,49,0.20866141732283464,0.781496062992126,0.019189950923606827,cold
county,100,Florida,Miami-Dade,9577,3634,3511.1023528025607,1.0350025817673307,2.7024577858251013,0.007599240075992401,38,0.48324109846507257,0.5050642163516759,0.019471145254952416,cold
county,100,Texas,Parker,106,33,22.872408420300864,1.4427864085668471,2.5350782437341937,0.022997700229977002,12,0.9716981132075472,0.02830188679245283,0.049569367387585564,cold
county,100,New Jersey,Mercer,843,291,259.32124518454907,1.1221602757340856,2.4437717722462513,0.015398460153984602,27,0.33570581257413995,0.641755634638197,0.03585480867971597,cold
county,100,Ohio,Lucas,1145,316,281.2900402593847,1.1233956229257474,2.4429104058905824,0.014798520147985201,40,0.4183406113537118,0.5755458515283843,0.03496835501635021,cold
county,100,Tennessee,Madison,347,69,53.2040065627509,1.296894810330096,2.389315284582676,0.026797320267973202,37,0.28530259365994237,0.7060518731988472,0.05642472056424721,
county,100,Georgia,Gwinnett,655,192,167.4632282860962,1.146520355334276,2.250439331653135,0.028397160283971604,19,0.5648854961832062,0.35877862595419846,0.05940127298745535,
county,100,Virginia,Danville,206,56,43.23514836154893,1.2952424617976668,2.2274637611899415,0.03899610038996101,13,0.27184466019417475,0.7184466019417476,0.07799220077992201,
county,100,South Carolina,Berkeley,323,33,23.25137620731796,1.4192708296386272,2.141279820883374,0.044995500449955005,26,0.4582043343653251,0.5325077399380805,0.08832962857560397,
county,100,South Carolina,Beaufort,221,24,15.97859785007528,1.502009139048889,2.1260955713118914,0.054594540545945404,20,0.4751131221719457,0.5203619909502263,0.1045985491540936,
county,100,Texas,Bell,580,152,132.05846522453933,1.1510053501042439,2.031076450318538,0.05219478052194781,30,0.5982758620689655,0.3689655172413793,0.10090990900909909,
county,100,Kansas,Wyandotte,688,212,188.8907245426746,1.122342034069039,2.0258259415722617,0.046795320467953205,17,0.4011627906976744,0.5813953488372093,0.09130096164695457,
county,100,Georgia,Coffee,104,25,17.557346483825313,1.423905373345068,2.0037300560376337,0.07379262073792621,14,0.4230769230769231,0.5769230769230769,0.13567634591007757,
county,100,North Carolina,New Hanover,350,90,75.0618840219787,1.1990106719629807,1.9961800259228555,0.057394260573942604,23,0.36857142857142855,0.6171428571428571,0.10833591197093308,
county,100,Wisconsin,Rock,124,23,15.84318055197074,1.4517287058966843,1.9724585037027873,0.0755924407559244,19,0.7258064516129032,0.27419354838709675,0.1381890464248704,
county,100,Alabama,Talladega,111,24,16.812098179694487,1.4275434120999246,1.9428229206503764,0.07639236076392361,15,0.3063063063063063,0.6936936936936937,0.13846115388461155,
county,100,Alabama,Macon,120,28,20.353166018081826,1.3757073457330766,1.9270404094741351,0.0785921407859214,16,0.08333333333333333,0.9166666666666666,0.1412444671025855,
county,100,New Jersey,Hudson,1413,462,430.160020610507,1.0740189182256035,1.9035750047959799,0.057394260573942604,43,0.5343241330502477,0.42179759377211606,0.10833591197093308,
county,100,Georgia,Tift,122,30,22.67200073091,1.3232180236788424,1.753983012488984,0.11358864113588642,16,0.3770491803278688,0.5983606557377049,0.1912125410150278,
county,100,Texas,Fort Bend,474,132,116.70638308953696,1.1310435342575034,1.7194616930408713,0.09479052094790522,31,0.6962025316455697,0.25316455696202533,0.16558453444273058,
county,100,Louisiana,St. Charles,114,25,18.714467116117433,1.3358649137527023,1.6476340722470997,0.13058694130586943,13,0.43859649122807015,0.543859649122807,0.2125369095743487,
county,100,Louisiana,St. John the Baptist,134,27,20.27704776068188,1.3315547864099935,1.6431785219839372,0.131986801319868,16,0.2462686567164179,0.753731343283582,0.2135067505907637,
county,100,North Carolina,Chatham,113,24,18.33049203247406,1.3092938235090426,1.5034591652352045,0.16598340165983402,11,0.5132743362831859,0.48672566371681414,0.2614750870591953,
county,100,California,Madera,325,120,107.66667152467947,1.114551033301828,1.4923898171967869,0.15598440155984403,3,0.8307692307692308,0.11076923076923077,0.2469430476307208,
county,100,Kentucky,Jefferson,1935,585,556.1828850152589,1.0518123008836393,1.4767156396397885,0.1471852814718528,22,0.3757105943152455,0.6170542635658914,0.23476052394760522,
county,100,South Carolina,Sumter,363,36,28.687493940004806,1.2549022258719462,1.4541097053825418,0.17718228177182282,28,0.25068870523415976,0.743801652892562,0.2743745042971431,
county,100,North Carolina,Davidson,217,41,33.505700348589734,1.223672377339986,1.4374195822129987,0.1855814418558144,23,0.7188940092165899,0.271889400921659,0.28530351784098695,
county,100,Mississippi,Madison,122,18,13.196237652045651,1.3640251467591356,1.4201637643091447,0.20317968203179682,12,0.2786885245901639,0.7131147540983607,0.30287064751468773,
county,100,Indiana,Elkhart,230,68,59.042508893139,1.1517125758167417,1.3820643289104209,0.18958104189581043,6,0.6782608695652174,0.30869565217391304,0.28798263030839777,
county,100,Tennessee,Rutherford,174,33,26.637877183960573,1.2388374558566642,1.3773954810607105,0.206979302069793,16,0.6206896551724138,0.3218390804597701,0.3070995226058789,
county,100,North Carolina,Franklin,124,21,15.977647535474874,1.314336165782484,1.37670805243635,0.20637936206379362,17,0.3548387096774194,0.5806451612903226,0.30692315383846236,
county,100,Louisiana,St. Tammany,303,50,41.88534447879741,1.1937349596184001,1.3731417383655782,0.20177982201779823,38,0.6732673267326733,0.31353135313531355,0.3023847498154166,
county,100,North Carolina,Columbus,218,45,37.731007606119505,1.192653015518768,1.3538531303552797,0.21857814218578142,24,0.3348623853211009,0.6284403669724771,0.3235565074583029,
county,100,Minnesota,Hennepin,1898,451,427.27587164482054,1.055524147113321,1.3263747723570067,0.192980701929807,81,0.36037934668071653,0.5252897787144363,0.29175755410240967,
county,100,Mississippi,Lowndes,124,20,15.269564100540396,1.309795084411885,1.3214448749442198,0.24077592240775922,10,0.28225806451612906,0.7096774193548387,0.3491250874912509,
county,100,Florida,Lee,993,253,236.21587679617153,1.0710541705810543,1.2780939526136712,0.21937806219378062,53,0.6646525679758308,0.3323262839879154,0.3239888974065557,
county,100,Illinois,Kankakee,128,37,31.00604931775778,1.1933155243615434,1.2733013932438286,0.24037596240375964,7,0.2578125,0.734375,0.3491250874912509,
county,100,North Carolina,Edgecombe,122,23,18.24725255114942,1.2604637292944794,1.2511152616363967,0.26277372262773724,11,0.3114754098360656,0.680327868852459,0.3711885448623279,
county,100,Mississippi,Leflore,203,34,28.044405659802713,1.2123630078826633,1.2365492331735328,0.25737426257374263,23,0.07389162561576355,0.9211822660098522,0.36874429149013355,
county,100,Florida,Monroe,163,47,40.49079470529492,1.1607576571929787,1.2245998807830138,0.25997400259974,12,0.8466257668711656,0.13496932515337423,0.36940626650029873,
county,100,Delaware,New Castle,826,190,176.51311210043724,1.07640728634306,1.1794895331610216,0.25837416258374163,45,0.39588377723970947,0.5883777239709443,0.3687756503991659,
county,100,South Carolina,Anderson,521,46,39.08126365296903,1.177034611993805,1.1766026056925587,0.276972302769723,36,0.5681381957773513,0.42418426103646834,0.3883699542133699,
county,100,Maryland,Harford,203,48,41.42102705531832,1.158831719355857,1.1727215507057973,0.28997100289971,16,0.6305418719211823,0.3645320197044335,0.398985101489851,
county,100,California,Monterey,1057,457,438.9199267195127,1.041192190602094,1.1638981070281407,0.25737426257374263,2,0.8789025543992431,0.08420056764427625,0.36874429149013355,
county,100,North Carolina,Scotland,164,33,27.606891457818165,1.1953537054478667,1.1530730287208177,0.28877112288771123,16,0.3048780487804878,0.5548780487804879,0.39877916970207744,
county,100,South Carolina,Richland,1159,115,104.28238772305181,1.102774902943453,1.1320421559649143,0.2783721627837216,86,0.21138912855910266,0.7773943054357204,0.38862459487092865,
county,100,Alabama,Montgomery,930,207,193.51568258946838,1.06968074747274,1.1240625925752035,0.28277172282771723,51,0.17311827956989248,0.8118279569892473,0.3930465341265438,
county,100,Virginia,Halifax,121,21,16.903710651370723,1.2423307777276174,1.0919787662856189,0.33156684331566844,16,0.4380165289256198,0.5619834710743802,0.45008435326680096,
county,100,Alabama,Etowah,249,53,46.949373201130356,1.1288755607651855,1.011194441918947,0.34536546345365465,17,0.5542168674698795,0.43775100401606426,0.46781988467819885,
county,100,Texas,Guadalupe,133,31,26.54780431345757,1.167704855511743,0.9962942126469176,0.3731626837316268,10,0.8421052631578947,0.12030075187969924,0.4970308814630019,
county,100,North Carolina,Rowan,265,57,50.83102129094728,1.1213624781163187,0.9939164614517262,0.35236476352364765,23,0.4981132075471698,0.49433962264150944,0.4738954675960975,
county,100,Mississippi,Jackson,232,33,28.230965721844527,1.1689291937493054,0.9782983866090232,0.38536146385361464,24,0.40948275862068967,0.5517241379310345,0.5090281862082943,
county,100,South Carolina,Darlington,253,24,19.97962539343941,1.2012237230374068,0.9553717323035981,0.39836016398360163,21,0.308300395256917,0.6877470355731226,0.5229242989458754,
county,100,North Carolina,Wayne,393,92,84.59859292417013,1.0874885363928466,0.9402615721264758,0.38436156384361564,24,0.29770992366412213,0.6870229007633588,0.5087607421830431,
county,100,North Carolina,Cleveland,256,58,52.25350328626863,1.1099734247912418,0.9207341263839557,0.38416158384161586,16,0.3671875,0.62109375,0.5087607421830431,
county,100,Alabama,Morgan,172,33,28.734076030618255,1.1484621939761033,0.8978629214003936,0.40915908409159085,16,0.6395348837209303,0.3488372093023256,0.5338312794487423,
county,100,Pennsylvania,Northampton,227,57,51.686582737514954,1.1028007072835264,0.8581124133436465,0.42655734426557346,8,0.8061674008810573,0.16740088105726872,0.5464730635370199,
county,100,Illinois,Kane,233,71,65.65998231162908,1.0813283449122275,0.8108613436333861,0.45855414458554145,9,0.6909871244635193,0.2918454935622318,0.5786812623085518,
county,100,Pennsylvania,Lawrence,126,35,31.236273508341426,1.120492173647202,0.7966004236193038,0.4951504849515049,5,0.6746031746031746,0.3253968253968254,0.6110367686635592,
county,100,South Carolina,Oconee,133,11,8.851851664200213,1.242677850611483,0.7667377797661671,0.5233476652334766,6,0.8721804511278195,0.12781954887218044,0.6384241116997287,
county,100,California,Alameda,5551,2510,2482.438620959015,1.011102541995716,0.7635594624757107,0.4547545245475452,5,0.29958566024139793,0.6317780580075663,0.5768059376964888,
county,100,Georgia,Douglas,133,27,23.846842934290827,1.1322253463235192,0.7304341616275181,0.5383461653834617,12,0.6616541353383458,0.3233082706766917,0.6542187685993306,
county,100,South Carolina,Colleton,161,15,12.588756934651029,1.1915394091621496,0.7295895622382154,0.5431456854314568,11,0.32919254658385094,0.6645962732919255,0.6577884906006553,
county,100,Tennessee,Hamilton,801,129,122.16299363997256,1.0559662640568293,0.6842608982723513,0.5281471852814719,76,0.4107365792759051,0.5730337078651685,0.6430494355144638,
county,100,Kentucky,Kenton,116,34,30.828515913496815,1.1028750166048278,0.6838191769008842,0.5715428457154285,3,0.8189655172413793,0.1206896551724138,0.6854216833955703,
county,100,Tennessee,Bradley,125,19,16.517338502637273,1.1503063884636335,0.667227768126234,0.5835416458354165,9,0.848,0.144,0.6958870468093378,
county,100,Georgia,Lowndes,243,56,51.9092370747064,1.0788060691280492,0.657239006740004,0.5521447855214479,14,0.2839506172839506,0.7078189300411523,0.6659137488897614,
county,100,South Carolina,Dorchester,153,15,12.836943964490079,1.168502413151715,0.6441653275826581,0.6007399260073992,14,0.45751633986928103,0.5228758169934641,0.7110799124169216,
county,100,Arkansas,Benton,106,17,14.89309989140974,1.1414682050044873,0.6089076061836544,0.628937106289371,12,0.9339622641509434,0.018867924528301886,0.7389721433013237,
county,100,South Carolina,Greenville,1014,94,88.73852632164794,1.0592918757663492,0.6029485664478724,0.5871412858714129,59,0.5118343195266272,0.480276134122288,0.6988733962424654,
county,100,Texas,Cameron,641,160,153.7799782501046,1.0404475395345634,0.5989117806006453,0.5743425657434257,35,0.9781591263650546,0.0031201248049922,0.6874869736290912,
county,100,Florida,Martin,156,38,35.02447914500641,1.0849554633681917,0.5912801313045275,0.6227377262273772,18,0.6923076923076923,0.3076923076923077,0.7343931041276648,
county,100,South Carolina,Cherokee,159,15,13.059659345540041,1.1485751353171856,0.5743626988705176,0.6483351664833517,8,0.5723270440251572,0.41509433962264153,0.7589685068190428,
county,100,Virginia,Chesterfield,282,53,49.49772499038866,1.07075628244109,0.5611689126903096,0.6247375262473752,29,0.624113475177305,0.34397163120567376,0.7353921434424823,
county,100,South Carolina,Greenwood,172,18,15.944939160399667,1.128884834173856,0.5522641683006281,0.6531346865313469,15,0.3430232558139535,0.6569767441860465,0.7617914625356477,
county,100,North Carolina,Vance,195,44,41.044024255917684,1.072019637393527,0.5388346994331369,0.6499350064993501,11,0.26153846153846155,0.7282051282051282,0.7594478647373358,
county,100,Oregon,Clackamas,262,61,57.56353675748947,1.059698611935331,0.5362972586793988,0.6359364063593641,13,0.9580152671755725,0.026717557251908396,0.7458224765758719,
county,100,North Carolina,Rutherford,123,25,22.830741890296167,1.0950147883992258,0.5301056532331879,0.6615338466153384,5,0.7073170731707317,0.2845528455284553,0.7673792620737926,
county,100,Tennessee,Maury,170,27,24.682742086624387,1.0938817050894576,0.5142517742074542,0.660933906609339,12,0.5705882352941176,0.4294117647058823,0.7673792620737926,
county,100,Maryland,Charles,176,34,31.72476131439592,1.0717180710378311,0.4560788369380054,0.7101289871012899,18,0.38636363636363635,0.6022727272727273,0.8126255474810942,
county,100,Arkansas,Mississippi,257,44,41.40323762690953,1.0627188239840146,0.4516746940403291,0.7033296670332967,21,0.30739299610894943,0.6926070038910506,0.8085123019229609,
county,100,Pennsylvania,Dauphin,546,139,134.69788865972805,1.031938966401618,0.4383856186042747,0.6911308869113089,20,0.4084249084249084,0.5842490842490843,0.7988070758141578,
county,100,Texas,Liberty,170,35,32.841153776313426,1.0657360042339206,0.4336975590182534,0.7381261873812619,14,0.7235294117647059,0.25882352941176473,0.8320220981435426,
county,100,Alabama,Houston,192,34,31.88462316263884,1.06634473384148,0.4211167350247566,0.7335266473352665,16,0.34375,0.640625,0.8306743793705735,
county,100,Alabama,Lee,194,36,33.86223812020964,1.0631311454429382,0.41671455679931024,0.7461253874612539,18,0.36597938144329895,0.6134020618556701,0.8351368371934736,
county,100,South Carolina,Georgetown,125,10,8.831366145250195,1.1323276416727819,0.41613755110544937,0.7623237676232377,6,0.36,0.64,0.8502842023489959,
county,100,Florida,Putnam,172,42,39.78342677802905,1.0557159953650619,0.41575067664042326,0.7331266873312668,10,0.5406976744186046,0.4476744186046512,0.8306743793705735,
county,100,North Carolina,Forsyth,813,172,167.3454636813923,1.0278139378039517,0.41437792085821307,0.714928507149285,54,0.35670356703567035,0.6322263222632226,0.8159649151363932,
county,100,Texas,Galveston,797,204,199.09876190527217,1.0246171199048428,0.4127313018917102,0.7107289271072893,33,0.5796737766624843,0.4065244667503137,0.8126255474810942,
county,100,Mississippi,Lauderdale,293,44,41.79329183476386,1.052800534927009,0.3784495855437334,0.7709229077092291,26,0.310580204778157,0.6860068259385665,0.8568794688475404,
county,100,North Carolina,Cabarrus,269,55,52.608190487367935,1.045464584325636,0.377440200274093,0.7617238276172382,21,0.5539033457249071,0.4275092936802974,0.8502842023489959,
county,100,Alabama,Baldwin,166,29,27.343153788200222,1.060594554111559,0.3620402932770851,0.7945205479452054,18,0.6566265060240963,0.3313253012048193,0.8686419029329944,
county,100,North Carolina,Hoke,100,20,18.649587756721683,1.072409763738161,0.36110944302084463,0.7999200079992,11,0.35,0.46,0.8722090248313054,
county,100,Arkansas,Garland,247,43,41.03892609107862,1.0477857023979897,0.3444324380708242,0.7765223477652234,25,0.6639676113360324,0.32388663967611336,0.8616021876073261,
county,100,North Carolina,Anson,126,21,19.659658704173726,1.068177241324221,0.3397555357857187,0.8235176482351765,9,0.24603174603174602,0.746031746031746,0.8864632864444647,
county,100,New York,Suffolk,1057,382,376.93090574355017,1.013448338088516,0.33823581067763275,0.7675232476752325,8,0.6215704824976348,0.3519394512771996,0.8545895846715503,
county,100,Pennsylvania,Chester,294,71,68.61589487256137,1.0347456683595917,0.33695149783192097,0.7867213278672133,17,0.6496598639455783,0.3333333333333333,0.8668880953010053,
county,100,South Carolina,York,348,30,28.36357881057793,1.0576944538751851,0.32871287161686624,0.7951204879512048,25,0.5517241379310345,0.4454022988505747,0.8686419029329944,
county,100,Connecticut,Hartford,1444,484,478.87502103398344,1.01070212214233,0.29490497674736504,0.7907209279072093,21,0.5152354570637119,0.4515235457063712,0.8686419029329944,
county,100,Nebraska,Douglas,596,151,148.06444000740368,1.0198262323651077,0.28669526923769056,0.8267173282671733,17,0.43288590604026844,0.5453020134228188,0.8864632864444647,
county,100,Virginia,Chesapeake,365,82,79.87111172684055,1.0266540458387539,0.2763536371224195,0.821917808219178,23,0.4246575342465753,0.5671232876712329,0.8864632864444647,
county,100,North Carolina,Craven,146,27,25.778435429963444,1.0473870717777027,0.2729470409551343,0.8635136486351365,15,0.3904109589041096,0.5958904109589042,0.9166750546243213,
county,100,Pennsylvania,York,408,98,95.7328770858588,1.0236817589019904,0.27174752399638213,0.821917808219178,17,0.6887254901960784,0.30637254901960786,0.8864632864444647,
county,100,Florida,Manatee,517,123,120.50101482521214,1.020738291527359,0.26632967937880503,0.8165183481651834,27,0.6305609284332688,0.3539651837524178,0.8859501804921548,
county,100,New Jersey,Union,841,274,270.6268584454423,1.0124641788103885,0.2561022897301506,0.8225177482251775,18,0.4221165279429251,0.5541022592152199,0.8864632864444647,
county,100,Florida,Marion,499,123,120.65227281300267,1.0194586237976309,0.2553314098695304,0.8435156484351565,25,0.6513026052104208,0.3466933867735471,0.9014177046402204,
county,100,Florida,Broward,3171,948,941.7025031431092,1.0066873527848463,0.25180948626496863,0.825917408259174,49,0.5231788079470199,0.4619993692841375,0.8864632864444647,
county,100,North Carolina,Caldwell,188,33,31.94595579317756,1.0329946054407158,0.21431910487888703,0.8847115288471152,19,0.8457446808510638,0.15425531914893617,0.9314289693142895,
county,100,Illinois,DuPage,105,26,25.35434253037107,1.0254653603758614,0.15264929999648436,0.9533046695330467,5,0.9428571428571428,0.047619047619047616,0.9889567140846891,
county,100,Ohio,Trumbull,214,52,51.28492393387493,1.0139432022371149,0.11818945188189622,0.9697030296970303,7,0.5654205607476636,0.411214953271028,1.0,
county,100,Louisiana,Vernon,102,13,12.63731375353377,1.02869963138842,0.11012317549042591,1.0,12,0.6862745098039216,0.29411764705882354,1.0,
county,100,North Carolina,Granville,109,17,16.722397867425975,1.0166006176132654,0.07593861708303251,1.0,8,0.3211009174311927,0.6605504587155964,1.0,
county,100,Ohio,Scioto,117,27,26.66808625002347,1.0124461030635912,0.0750561545564298,0.9933006699330067,3,0.8888888888888888,0.1111111111111111,1.0,
county,100,Arkansas,Faulkner,105,16,15.770578129418674,1.014547461018779,0.06541074056084004,1.0,3,0.638095238095238,0.3238095238095238,1.0,
county,100,Georgia,Chatham,1170,359,358.0486163941248,1.002657135266871,0.061845680105282255,0.9851014898510149,18,0.24102564102564103,0.7401709401709402,1.0,
county,100,New Mexico,McKinley,121,39,38.95857979691861,1.0010631856524879,0.008291872488922901,1.0,1,0.24793388429752067,0.008264462809917356,1.0,
county,100,Virginia,Pittsylvania,140,18,17.990090197620674,1.0005508478429217,0.0025566123766186215,1.0,10,0.5071428571428571,0.4857142857142857,1.0,
county,100,Ohio,Montgomery,1726,496,496.11633034706233,0.9997655180046564,-0.006401196263235395,1.0,59,0.34414831981460026,0.6477404403244496,1.0,
county,100,Louisiana,East Baton Rouge,2472,658,658.7675976365122,0.9988347975230323,-0.035532207628475664,0.9911008899110089,54,0.17030744336569578,0.8228155339805825,1.0,
county,100,South Carolina,Dillon,177,11,11.12989248208745,0.9883294036940158,-0.04083540237688888,1.0,10,0.327683615819209,0.6384180790960452,1.0,
county,100,Wisconsin,Dane,253,33,33.25092536637144,0.9924535824610399,-0.04814524674161492,1.0,22,0.7114624505928854,0.2490118577075099,1.0,
county,100,Texas,Hunt,178,38,38.39585386707141,0.9896901923722838,-0.07460137498365058,1.0,11,0.601123595505618,0.39325842696629215,1.0,
county,100,Minnesota,Ramsey,711,143,143.90818403858398,0.9936891425275682,-0.08650030612411705,0.9761023897610239,46,0.42756680731364277,0.4289732770745429,1.0,
county,100,Tennessee,Robertson,120,17,17.353098236040434,0.9796521502248463,-0.09293398586294255,1.0,11,0.6083333333333333,0.39166666666666666,1.0,
county,100,Georgia,Hall,191,32,32.57974138219461,0.9822054639601452,-0.11524948876355945,1.0,17,0.7696335078534031,0.19895287958115182,1.0,
county,100,Ohio,Clark,235,61,61.820339618908605,0.9867302634704761,-0.12545780623178002,0.9461053894610539,6,0.5914893617021276,0.39574468085106385,0.9830867076158833,
county,100,Maryland,Frederick,147,30,30.618869574357866,0.97978796791126,-0.12913178521608537,0.9831016898310169,13,0.7278911564625851,0.2653061224489796,1.0,
county,100,South Carolina,Orangeburg,410,30,30.683211041013198,0.9777333917203134,-0.13126484088544102,0.9817018298170183,24,0.21707317073170732,0.7707317073170732,1.0,
county,100,Mississippi,Washington,431,65,65.9663515356436,0.9853508415556157,-0.13323206477597188,0.9655034496550345,31,0.1345707656612529,0.8584686774941995,0.999985715714143,
county,100,South Carolina,Lexington,387,24,24.683031472348894,0.9723278936335653,-0.14424897989448823,1.0,23,0.7002583979328165,0.2971576227390181,1.0,
county,100,Texas,Matagorda,126,24,24.637444312373542,0.9741270115401782,-0.1472023083838937,1.0,6,0.746031746031746,0.21428571428571427,1.0,
county,100,North Carolina,Rockingham,204,37,37.89426108925574,0.9764011472040738,-0.16721309142549756,0.938906109389061,18,0.5,0.4950980392156863,0.9782382283794459,
county,100,Kentucky,Warren,148,38,38.93926513915797,0.9758787143054369,-0.17861808649059635,0.9399060093990601,5,0.6824324324324325,0.28378378378378377,0.9782382283794459,
county,100,Alabama,Elmore,116,15,15.654487647682666,0.9581916915831129,-0.18269957595669437,0.9993000699930007,10,0.4827586206896552,0.5172413793103449,1.0,
county,100,West Virginia,Berkeley,112,17,17.718054971189076,0.9594732620281013,-0.1898051287676138,0.9793020697930207,10,0.75,0.19642857142857142,1.0,
county,100,Maryland,Wicomico,185,39,40.14221900390754,0.9715456934805633,-0.20677408965348826,0.9091090890910909,9,0.32972972972972975,0.6594594594594595,0.9523999980954285,
county,100,Virginia,Suffolk,222,42,43.40073791994455,0.9677254814761838,-0.24275471539420151,0.8723127687231277,7,0.21621621621621623,0.7837837837837838,0.9244776519025837,
county,100,Arkansas,Phillips,146,21,22.069417469081557,0.9515430132861562,-0.25487381912830614,0.9293070692930707,10,0.2191780821917808,0.7397260273972602,0.9703730117986565,
county,100,Arkansas,Miller,129,17,18.00127184812802,0.9443777163871816,-0.26007285420067855,0.9279072092790721,8,0.5658914728682171,0.43410852713178294,0.9703730117986565,
county,100,Alaska,Fairbanks North Star,101,23,24.137660140493445,0.952867836655596,-0.27233692342412646,0.8911108889111089,5,0.5643564356435643,0.1485148514851485,0.9350801761929071,
county,100,Kentucky,Madison,103,24,25.20051843859691,0.9523613594886126,-0.27900410803109493,0.8805119488051195,2,0.9320388349514563,0.06796116504854369,0.9295943132959431,
county,100,North Carolina,Beaufort,120,18,19.09015349065566,0.9428944617344605,-0.28007926516682113,0.8897110288971103,12,0.39166666666666666,0.6083333333333333,0.9350801761929071,
county,100,North Carolina,Wilkes,121,16,17.104570665834085,0.9354224851699765,-0.29755548770758616,0.8815118488151185,8,0.859504132231405,0.14049586776859505,0.9295943132959431,
county,100,North Carolina,Richmond,206,31,32.54028266300789,0.9526653569989144,-0.3022780020205164,0.8463153684631537,18,0.47572815533980584,0.4854368932038835,0.9014177046402204,
county,100,Wisconsin,Kenosha,156,22,23.286624976784125,0.9447483275027256,-0.3049768520124435,0.8797120287971203,10,0.782051282051282,0.20512820512820512,0.9295943132959431,
county,100,North Carolina,Buncombe,370,63,65.2633229619195,0.9653201391041623,-0.3183684340892323,0.8011198880111989,29,0.6702702702702703,0.3081081081081081,0.8722090248313054,
county,100,South Carolina,Horry,599,55,57.26568323183158,0.9604355854332638,-0.32251178437710243,0.8241175882411759,38,0.5409015025041736,0.4574290484140234,0.8864632864444647,
county,100,Louisiana,St. Mary,138,20,21.394092190552243,0.9348375159770564,-0.33266971420477714,0.8601139886011399,15,0.4782608695652174,0.5,0.9145878745458788,
county,100,Arkansas,St. Francis,129,18,19.354856044233678,0.9299991670753177,-0.34215548116351335,0.8457154284571543,10,0.13953488372093023,0.8449612403100775,0.9014177046402204,
county,100,Texas,Lamar,115,25,26.626749733348987,0.9389054334592124,-0.37325195648170856,0.7933206679332067,3,0.5565217391304348,0.4434782608695652,0.8686419029329944,
county,100,Missouri,Jasper,141,27,28.750344088720503,0.9391191951192261,-0.3797712559208362,0.8071192880711929,7,0.900709219858156,0.07092198581560284,0.877243791804806,
county,100,South Carolina,Marion,134,9,10.192940328499475,0.8829640623752096,-0.3961190542004531,0.8437156284371563,7,0.291044776119403,0.7089552238805971,0.9014177046402204,
county,100,Georgia,Cobb,593,154,158.20508794734923,0.9734200207976327,-0.4000768363279208,0.7357264273572642,23,0.5430016863406408,0.42833052276559863,0.8307848861131586,
county,100,North Carolina,Harnett,253,39,41.255536090026155,0.9453276746882112,-0.4022762794692091,0.7863213678632137,15,0.5098814229249012,0.4505928853754941,0.8668880953010053,
county,100,Louisiana,Lafourche,161,19,20.695985309906035,0.9180524490856562,-0.40734178114631336,0.7937206279372063,11,0.5714285714285714,0.422360248447205,0.8686419029329944,
county,100,Indiana,Howard,111,24,25.800734526895493,0.9302060751402891,-0.4157581903135417,0.7833216678332167,5,0.6936936936936937,0.2972972972972973,0.8668880953010053,
county,100,Tennessee,Montgomery,248,34,36.350832592258584,0.9353293329308989,-0.43133712870461977,0.7445255474452555,20,0.5201612903225806,0.45161290322580644,0.8351368371934736,
county,100,Texas,McLennan,667,157,161.6687842222609,0.9711213005978798,-0.4323883680441027,0.6899310068993101,31,0.5862068965517241,0.40929535232383807,0.7988070758141578,
county,100,Kansas,Shawnee,317,73,76.23910364286219,0.9575138808289826,-0.43374374985063524,0.7419258074192581,9,0.5772870662460567,0.3659305993690852,0.8348300972371898,
county,100,South Carolina,Lancaster,175,14,15.611346593310108,0.8967836256994887,-0.4374292439141027,0.7857214278572143,12,0.3942857142857143,0.6057142857142858,0.8668880953010053,
county,100,Florida,Gadsden,148,31,33.14708807036908,0.9352254392358401,-0.4385592946897131,0.7453254674532547,8,0.24324324324324326,0.7567567567567568,0.8351368371934736,
county,100,Missouri,Greene,305,57,60.02845161856346,0.9495497295547946,-0.44546992224787957,0.7251274872512748,19,0.8524590163934426,0.14098360655737704,0.8246547894230184,
county,100,Delaware,Kent,169,26,28.181188556981606,0.9226012574816955,-0.4617279263307634,0.7343265673432656,11,0.5680473372781065,0.41420118343195267,0.8306743793705735,
county,100,North Carolina,Johnston,275,46,48.938009962470844,0.9399646621363656,-0.4768470526545156,0.6991300869913009,20,0.52,0.4618181818181818,0.8051353709394403,
county,100,North Carolina,Halifax,250,38,40.86081655890909,0.9299863096278399,-0.5027998726636969,0.692930706929307,20,0.216,0.752,0.7994390434374284,
county,100,North Carolina,Brunswick,128,17,19.000702436745783,0.8947037645894296,-0.5117755698197118,0.7085291470852915,8,0.7109375,0.2890625,0.8126255474810942,
county,100,Wisconsin,Brown,129,13,14.853236762708327,0.8752301069244917,-0.5305250742060116,0.7219278072192781,8,0.7209302325581395,0.06976744186046512,0.8224820375105346,
county,100,Alabama,Lauderdale,115,17,19.295358481169593,0.8810408998926016,-0.5901838033383021,0.658934106589341,12,0.6347826086956522,0.3565217391304348,0.7671532116861306,
county,100,Kansas,Johnson,183,35,38.22696712710776,0.9155840138617893,-0.6051713532270432,0.6165383461653835,11,0.8579234972677595,0.11475409836065574,0.7284286386176199,
county,100,Michigan,Kent,801,201,208.47371467673668,0.9641503261534646,-0.62330271950677,0.5605439456054394,38,0.4431960049937578,0.5093632958801498,0.6747679948986233,
county,100,California,San Mateo,953,371,380.3702867903971,0.9753653555080116,-0.6345581556975044,0.5475452454754525,6,0.6190975865687304,0.2528856243441763,0.6616171716161717,
county,100,Virginia,Alexandria,196,31,34.34170992842937,0.9026923838273128,-0.6410602577035247,0.5947405259474052,15,0.37244897959183676,0.6071428571428571,0.7052870921086329,
county,100,Florida,Clay,146,25,27.98130035676763,0.893453830995865,-0.6428185025306422,0.5901409859014098,12,0.8013698630136986,0.17123287671232876,0.7011358454471126,
county,100,Oklahoma,Muskogee,226,44,47.90820727128698,0.9184230115488102,-0.6526896665758715,0.5703429657034297,11,0.5486725663716814,0.4026548672566372,0.6852708326154202,
county,100,Texas,Victoria,217,40,43.794501113190194,0.9133566768260925,-0.6551953315271424,0.5823417658234177,15,0.8571428571428571,0.14285714285714285,0.695756641564308,
county,100,Georgia,De Kalb,2162,565,579.2651644324665,0.9753736884101382,-0.7068428931927421,0.48755124487551244,61,0.2183163737280296,0.744218316373728,0.604986491642098,
county,100,Tennessee,Shelby,5615,878,897.367367835874,0.9784175706293164,-0.715300711169558,0.49075092490750927,581,0.1722172751558326,0.8133570792520035,0.6067811823468816,
county,100,Florida,Polk,1017,236,245.71488950924262,0.9604627561290819,-0.7376958200531335,0.48435156484351566,42,0.6411012782694199,0.34611602753195675,0.6035474577542246,
county,100,North Carolina,Wilson,270,49,53.76241572669124,0.9114173784358641,-0.7481265992493575,0.5085491450854914,18,0.34444444444444444,0.6407407407407407,0.625152898968292,
county,100,Maine,Cumberland,159,28,31.705723317125944,0.8831213128285805,-0.7508257731937424,0.5223477652234777,14,0.9056603773584906,0.05660377358490566,0.6384241116997287,
county,100,New York,Dutchess,270,69,74.38984016258092,0.9275460176980984,-0.7578198867377938,0.5123487651234877,6,0.5037037037037037,0.4703703703703704,0.6286125233630484,
county,100,Indiana,Allen,829,262,272.0037970602658,0.9632218477521866,-0.7621033861080493,0.45595440455954406,14,0.4209891435464415,0.5621230398069964,0.5771803772003753,
county,100,New York,Rensselaer,131,26,29.597769331801572,0.8784445783238158,-0.7779728957360723,0.5049495050494951,7,0.6870229007633588,0.2824427480916031,0.6219262243659804,
county,100,Florida,Alachua,342,70,76.09484804810302,0.9199045900683028,-0.8108632348315274,0.44795520447955206,17,0.45321637426900585,0.5350877192982456,0.5693135865696299,
county,100,Georgia,Newton,141,21,24.557315468489612,0.8551423312921099,-0.8109049397507723,0.48575142485751427,7,0.3829787234042553,0.6099290780141844,0.6041119084972595,
county,100,Alabama,Tallapoosa,112,14,16.973139038175642,0.8248326940886704,-0.8130265239395557,0.5157484251574842,6,0.30357142857142855,0.6875,0.6315690887725046,
county,100,Pennsylvania,Lancaster,358,71,77.18271252320386,0.9198951122462156,-0.8143342236467497,0.45895410458954106,14,0.7430167597765364,0.2346368715083799,0.5786812623085518,
county,100,Florida,St. Lucie,488,133,140.98037563701354,0.9433937127706281,-0.8170623328070521,0.43915608439156084,7,0.4344262295081967,0.5614754098360656,0.5592446743349617,
county,100,Florida,Hendry,118,23,26.595230353685327,0.864816724432427,-0.8170668168474122,0.48835116488351166,5,0.6949152542372882,0.288135593220339,0.604986491642098,
county,100,Washington,Grant,119,23,26.65267611338671,0.8629527444881192,-0.820231995663053,0.4801519848015198,3,0.9495798319327731,0.05042016806722689,0.5994852569537567,
county,100,South Carolina,Kershaw,113,5,7.096534137311483,0.7045692873809307,-0.8270038923495815,0.5433456654334566,4,0.45132743362831856,0.5398230088495575,0.6577884906006553,
county,100,North Carolina,Randolph,203,27,31.14983993315024,0.8667781297735048,-0.8280616614580689,0.4757524247575243,17,0.7536945812807881,0.23645320197044334,0.5951569548927461,
county,100,Washington,King,2723,815,834.5101691725793,0.9766208131508767,-0.8343070612889222,0.41655834416558346,29,0.5648182152038194,0.2948953360264414,0.5401711861334193,
county,100,Florida,Okaloosa,163,27,31.1180376728483,0.8676639665989785,-0.8415230161425813,0.46095390460953906,10,0.6993865030674846,0.26380368098159507,0.5797824932634439,
county,100,Florida,Highlands,158,32,36.36122863779043,0.8800582708237261,-0.8468961403650366,0.46255374462553744,12,0.6012658227848101,0.3987341772151899,0.5797824932634439,
county,100,New York,Oneida,281,80,86.51126970046917,0.9247350117156602,-0.8646116649093287,0.42395760423957607,9,0.5658362989323843,0.3914590747330961,0.5442353148990936,
county,100,Virginia,Henrico,478,101,108.62036855162945,0.9298440186381126,-0.8668037215440968,0.42055794420557946,35,0.35355648535564854,0.6108786610878661,0.5431497336096349,
county,100,Texas,Ector,424,91,98.29311985715987,0.9258023362392173,-0.8710432671769672,0.42755724427557246,28,0.8419811320754716,0.15566037735849056,0.5466563564084473,
county,100,New York,Monroe,1639,616,632.9074740547969,0.9732860256073812,-0.8797036785771851,0.39916008399160086,4,0.3148261134838316,0.6607687614399024,0.5229242989458754,
county,100,West Virginia,Fayette,112,15,18.38041144141988,0.8160861930542973,-0.8811168069365993,0.46215378462153783,9,0.8571428571428571,0.13392857142857142,0.5797824932634439,
county,100,Louisiana,Ascension,171,23,27.14920931074847,0.8471701601598473,-0.8875027140384137,0.43495650434956507,15,0.38596491228070173,0.5906432748538012,0.555004499550045,
county,100,North Carolina,Catawba,323,56,62.10570112746652,0.901688556499264,-0.889768369727485,0.42355764423557646,21,0.6253869969040248,0.32507739938080493,0.5442353148990936,
county,100,California,Merced,546,179,188.62987212050018,0.948948318671666,-0.8908689369013028,0.39076092390760925,3,0.8113553113553114,0.10805860805860806,0.5150939451509395,
county,100,Virginia,Roanoke,472,75,82.29741944732056,0.9113286966185894,-0.8985860642032761,0.411958804119588,48,0.527542372881356,0.4661016949152542,0.5363871776087697,
county,100,Arizona,Navajo,105,27,31.086915901156306,0.8685326034222556,-0.907996754403611,0.41995800419958,1,0.6095238095238096,0.047619047619047616,0.5431497336096349,
county,100,Michigan,Ingham,466,114,122.36048060401565,0.9316733592190445,-0.9119140443043448,0.39176082391760825,6,0.48497854077253216,0.4656652360515021,0.5153472281637815,
county,100,Pennsylvania,Cumberland,114,20,24.00394507116345,0.8331963742087758,-0.9377751974937598,0.41535846415358463,6,0.8508771929824561,0.11403508771929824,0.5397122202240061,
county,100,Oklahoma,Okmulgee,115,19,22.97595333234073,0.8269515403853029,-0.9476734089249035,0.4223577642235776,5,0.6,0.25217391304347825,0.5442353148990936,
county,100,California,Marin,170,49,54.69340314550439,0.8959032933028895,-0.9547037146502917,0.37396260373962603,1,0.8,0.11764705882352941,0.49705862747058627,
county,100,Michigan,Oakland,1000,244,256.761924136955,0.95029666419641,-0.9549112843715948,0.35356464353564643,34,0.557,0.415,0.4738954675960975,
county,100,Alabama,Russell,141,18,22.06473852730874,0.8157812510545748,-0.9695790867138501,0.40335966403359663,11,0.3829787234042553,0.6170212765957447,0.527343167322612,
county,100,Alabama,Calhoun,328,54,60.71007616293858,0.8894734352674911,-0.9759478974517343,0.36736326367363265,18,0.47560975609756095,0.5213414634146342,0.4903300464932587,
county,100,Texas,Ellis,204,37,42.670977021037714,0.8670999021596857,-1.00569798444593,0.3635636436356364,16,0.696078431372549,0.29411764705882354,0.4862759007118156,
county,100,Louisiana,Ouachita,381,55,62.22687108104374,0.8838625346977269,-1.0202907136708932,0.35296470352964704,26,0.3228346456692913,0.6719160104986877,0.4738954675960975,
county,100,Illinois,Madison,167,35,40.521089883641366,0.8637477447053993,-1.0327096379976368,0.35056494350564943,8,0.7065868263473054,0.281437125748503,0.4728550400773876,
county,100,North Carolina,Iredell,212,32,37.499655851279314,0.8533411647005371,-1.0328390321399747,0.3481651834816518,17,0.6037735849056604,0.3915094339622642,0.47061310818070734,
county,100,New York,Schenectady,172,48,54.280275990139,0.884299114630885,-1.0626955079387979,0.32956704329567044,1,0.5058139534883721,0.45348837209302323,0.44832361113568814,
county,100,Pennsylvania,Erie,273,55,62.579615827552956,0.8788804353091642,-1.1257072796636078,0.29317068293170684,16,0.6593406593406593,0.336996336996337,0.40224278647404077,
county,100,Michigan,Monroe,130,27,32.24165439922642,0.8374260100203734,-1.1376199579171087,0.29017098290170984,9,0.8307692307692308,0.15384615384615385,0.398985101489851,
county,100,California,Napa,114,29,34.578557017030384,0.8386700458818199,-1.1565428142968177,0.30356964303569645,0,0.9035087719298246,0.043859649122807015,0.41384066721532975,
county,100,West Virginia,Kanawha,502,86,96.02949359115334,0.8955581955492339,-1.1606078406614648,0.2655734426557344,31,0.7310756972111554,0.25697211155378485,0.37403058811116674,
county,100,Pennsylvania,Monroe,141,28,33.736865907082,0.8299526125846288,-1.161550718332862,0.2823717628237176,4,0.7801418439716312,0.19148936170212766,0.3930465341265438,
county,100,Florida,Indian River,152,29,34.875935715894045,0.8315189085173076,-1.1627934503779698,0.28617138286171384,3,0.5328947368421053,0.45394736842105265,0.39604629558736104,
county,100,Florida,Hillsborough,2597,648,673.3468191686788,0.9623569630878003,-1.1711838274297983,0.26117388261173885,88,0.5910666153253754,0.4012321909896034,0.3702865269028653,
county,100,Michigan,Jackson,264,57,64.89145132055594,0.8783899703279385,-1.1728976895990988,0.25777422257774224,12,0.5681818181818182,0.38636363636363635,0.36874429149013355,
county,100,Georgia,Whitfield,120,17,21.815040450520808,0.7792788667322478,-1.1826371481989646,0.29717028297170284,8,0.85,0.125,0.4059842409763306,
county,100,Georgia,Coweta,104,15,19.644303709431377,0.7635801310075647,-1.1883215726045473,0.2967703229677032,7,0.5,0.49038461538461536,0.4059842409763306,
county,100,Michigan,Van Buren,130,26,31.593420028125678,0.8229561717868404,-1.1938994827614293,0.27277272272772723,4,0.7692307692307693,0.2076923076923077,0.383323782159229,
county,100,Arkansas,Craighead,137,14,18.691350124761833,0.7490095635977173,-1.1941150245081011,0.27777222277772223,9,0.7007299270072993,0.2846715328467153,0.38862459487092865,
county,100,Oklahoma,Creek,121,19,24.122746486450826,0.787638340048545,-1.2035220357797,0.28617138286171384,7,0.8016528925619835,0.14049586776859505,0.39604629558736104,
county,100,West Virginia,Cabell,193,36,42.829502929557805,0.8405420921930761,-1.2065260277100216,0.25997400259974,11,0.7564766839378239,0.24352331606217617,0.36940626650029873,
county,100,Arkansas,Sebastian,198,27,33.2237292814241,0.8126721648642893,-1.2179992831447501,0.256974302569743,20,0.7828282828282829,0.1717171717171717,0.36874429149013355,
county,100,Pennsylvania,Lebanon,101,18,23.03962512613005,0.781262711587506,-1.225370828722961,0.262973702629737,4,0.8514851485148515,0.13861386138613863,0.3711885448623279,
county,100,New Jersey,Gloucester,184,38,44.93849374114641,0.8456002156833883,-1.2309733419560294,0.253974602539746,6,0.7336956521739131,0.2608695652173913,0.3674281097967301,
county,100,Georgia,Henry,118,21,26.38329321048886,0.7959582540534139,-1.2311513056410446,0.25717428257174285,8,0.5169491525423728,0.4576271186440678,0.36874429149013355,
county,100,California,Kern,2250,739,766.1157047135803,0.964606253929075,-1.2439332446928892,0.22617738226177383,24,0.7595555555555555,0.2071111111111111,0.3324911748456491,
county,100,Arkansas,Crittenden,323,47,55.097421592447176,0.8530344731493356,-1.2445207445352253,0.23997600239976002,14,0.28173374613003094,0.7120743034055728,0.3491250874912509,
county,100,New Mexico,Chaves,232,83,92.18121118259928,0.900400406277886,-1.2561732546480695,0.23677632236776322,0,0.9439655172413793,0.05603448275862069,0.34568259421197467,
county,100,South Carolina,Charleston,1122,100,112.43160922254198,0.8894295891653083,-1.2642512627271687,0.2201779822017798,82,0.29590017825311943,0.6987522281639929,0.32441929017259935,
county,100,Florida,Sarasota,398,87,97.72588134437471,0.8902452329227102,-1.2838484938676327,0.2273772622737726,7,0.7110552763819096,0.2864321608040201,0.33348665133486655,
county,100,Texas,Atascosa,103,17,22.13287897169812,0.7680880567656082,-1.2967538222464323,0.2343765623437656,5,0.9611650485436893,0.009708737864077669,0.3429638687507396,
county,100,Texas,Montgomery,494,97,109.10614540555667,0.8890424974637577,-1.3771152597841725,0.17718228177182282,26,0.8502024291497976,0.12550607287449392,0.2743745042971431,
county,100,Texas,Rusk,141,21,27.27253358499145,0.7700054684892447,-1.3775853687084032,0.20237976202379762,7,0.6028368794326241,0.3971631205673759,0.3023847498154166,
county,100,North Carolina,Duplin,183,25,31.923162989642194,0.7831304187530388,-1.3945320312304308,0.194980501949805,20,0.40437158469945356,0.48633879781420764,0.2940840667706279,
county,100,Georgia,Ware,103,16,21.644998077721688,0.7392008048486799,-1.3986064936242395,0.20237976202379762,5,0.4368932038834951,0.5631067961165048,0.3023847498154166,
county,100,Florida,Columbia,118,20,26.20417215347202,0.7632372388207664,-1.403733468022809,0.1967803219678032,1,0.5423728813559322,0.4576271186440678,0.29609869201759065,
county,100,Illinois,Lake,219,39,47.27698364675393,0.8249257247755434,-1.408736907522721,0.19058094190580943,8,0.5799086757990868,0.4155251141552511,0.2888138739570224,
county,100,North Carolina,Onslow,230,34,41.962955950671514,0.8102384407801928,-1.412754255088053,0.18818118188181182,15,0.5391304347826087,0.43478260869565216,0.28791269554099747,
county,100,Minnesota,Anoka,113,12,17.32747493114185,0.6925417608559322,-1.4172784608812334,0.18918108189181082,8,0.8672566371681416,0.08849557522123894,0.28798263030839777,
county,100,California,Nevada,105,25,31.552380025052393,0.7923332560063664,-1.4268733817549248,0.1845815418458154,0,0.9619047619047619,0.009523809523809525,0.28445174806190876,
county,100,Vermont,Washington,123,21,27.417021779938736,0.7659475259039943,-1.4284401569112286,0.1825817418258174,5,0.983739837398374,0.008130081300813009,0.28205121376482206,
county,100,Iowa,Black Hawk,106,17,22.927983116298503,0.7414520463387572,-1.4295345446136443,0.17518248175182483,6,0.5849056603773585,0.41509433962264153,0.2735794880169685,
county,100,Mississippi,Lee,122,7,11.596440344165792,0.6036335109956155,-1.4403538308899713,0.1865813418658134,3,0.48360655737704916,0.5163934426229508,0.28615119257305033,
county,100,Kentucky,Perry,128,25,32.01690706478054,0.78083744783395,-1.4462628977924967,0.17538246175382463,5,0.9921875,0.0,0.2735794880169685,
county,100,Georgia,Liberty,109,14,19.61496322196982,0.7137408233485364,-1.4498361687808712,0.18918108189181082,5,0.28440366972477066,0.7064220183486238,0.28798263030839777,
county,100,Alabama,Dallas,172,24,31.183903585435218,0.7696278284803786,-1.4548222812948828,0.17678232176782321,15,0.12790697674418605,0.8604651162790697,0.2743745042971431,
county,100,Colorado,Weld,234,44,52.99160502668295,0.8303201984134017,-1.4570498618675074,0.1601839816018398,15,0.9829059829059829,0.008547008547008548,0.2529638125296381,
county,100,Kentucky,Hardin,108,20,26.42621931084659,0.7568241133831444,-1.4592109202293932,0.16778322167783222,4,0.7870370370370371,0.19444444444444445,0.26365934835087923,
county,100,North Carolina,Lee,180,28,35.56973161692195,0.787186147524354,-1.4594900409737157,0.1693830616938306,8,0.4777777777777778,0.5222222222222223,0.2655193940065453,
county,100,North Carolina,Orange,175,23,30.272082497136132,0.7597759421465602,-1.497208079351339,0.1531846815318468,8,0.5371428571428571,0.44571428571428573,0.24372026637735228,
county,100,Tennessee,Sumner,108,9,14.249865626921787,0.6315849030180751,-1.5209928888353648,0.15578442155784422,7,0.6944444444444444,0.28703703703703703,0.2469430476307208,
county,100,Massachusetts,Norfolk,232,60,70.46330810885664,0.8515069986113597,-1.532118992109154,0.13638636136386362,2,0.7844827586206896,0.15948275862068967,0.21862939334207285,
county,100,Pennsylvania,Cambria,148,25,32.671099495240696,0.7652022853911553,-1.5560306955254017,0.13438656134386562,3,0.7364864864864865,0.25675675675675674,0.2159663126886304,
county,100,Michigan,Calhoun,324,74,86.01412311125188,0.860323831986142,-1.5659593767774362,0.13138686131386862,10,0.5246913580246914,0.4691358024691358,0.21329470106424472,
county,100,Alabama,Tuscaloosa,332,52,62.94676851922307,0.8260948293814308,-1.574354615950515,0.13018698130186981,22,0.39759036144578314,0.5813253012048193,0.21242786207312772,
county,100,Texas,Hays,116,18,24.714207707964693,0.7283259982556151,-1.5746303945610567,0.1367863213678632,8,0.9396551724137931,0.0603448275862069,0.21872098504435267,
county,100,Georgia,Houston,205,28,36.464427518625406,0.7678716465711158,-1.576013968672949,0.1287871212878712,11,0.4926829268292683,0.4926829268292683,0.21100966826394282,
county,100,Washington,Kitsap,171,30,38.304906987032766,0.7831894751801852,-1.5761981481606526,0.12838716128387162,8,0.8128654970760234,0.09941520467836257,0.21100966826394282,
county,100,Colorado,Mesa,149,26,33.78433763171863,0.7695873834622629,-1.5896903550490669,0.1321867813218678,5,0.9664429530201343,0.013422818791946308,0.2135067505907637,
county,100,Alabama,Shelby,112,11,16.788190583702168,0.6552224878051305,-1.5906250554795167,0.13258674132586742,8,0.5446428571428571,0.44642857142857145,0.21361197213611977,
county,100,North Carolina,Union,201,28,36.465542234306255,0.7678481734917959,-1.5997689966053281,0.1287871212878712,15,0.5373134328358209,0.4527363184079602,0.21100966826394282,
county,100,Mississippi,Jones,145,11,17.090718300888255,0.6436242062118769,-1.6105212854177737,0.12298770122987701,9,0.25517241379310346,0.7379310344827587,0.2048724631453304,
county,100,Maryland,Washington,146,23,30.789754011584066,0.747001745819297,-1.6130905618371474,0.12338766123387661,10,0.7534246575342466,0.2465753424657534,0.20500345798753458,
county,100,Mississippi,Forrest,191,19,26.485168123506035,0.7173826464456979,-1.6176200294422622,0.12398760123987601,9,0.31413612565445026,0.675392670157068,0.20546516776893736,
county,100,Iowa,Polk,459,78,91.62953566589107,0.8512539044660395,-1.6182295232422788,0.11438856114388561,26,0.6339869281045751,0.3202614379084967,0.19205237370999742,
county,100,South Carolina,Chesterfield,159,5,9.846803260637524,0.5077790088472103,-1.6193474474030303,0.1277872212778722,4,0.36477987421383645,0.6289308176100629,0.21100966826394282,
county,100,Alaska,Juneau,674,112,128.14252116442094,0.8740268178139845,-1.6250087358362364,0.11038896110388961,41,0.5504451038575667,0.028189910979228485,0.18665540853322074,
county,100,Rhode Island,Providence,1009,358,382.2844915363148,0.9364753421235559,-1.628059878902513,0.1105889411058894,5,0.643211100099108,0.30921704658077304,0.18665540853322074,
county,100,Oregon,Douglas,101,13,19.307289206716447,0.6733208303254543,-1.629965602932092,0.128987101289871,5,0.9702970297029703,0.009900990099009901,0.21100966826394282,
county,100,Virginia,Charlottesville,112,14,20.67719590577468,0.6770743994397282,-1.6532308110590936,0.10578942105789421,7,0.39285714285714285,0.6071428571428571,0.1809481250266394,
county,100,Ohio,Allen,197,38,47.735322928025205,0.7960562046955455,-1.6613028569171446,0.11538846115388461,3,0.3096446700507614,0.6852791878172588,0.19322267248340783,
county,100,New Jersey,Morris,168,33,42.11864165590932,0.7835010509027193,-1.6671723583543505,0.11678832116788321,6,0.8452380952380952,0.09523809523809523,0.19505484006573165,
county,100,Louisiana,St. Landry,153,14,21.063605133108815,0.664653553441054,-1.6753597950208763,0.10798920107989202,12,0.3790849673202614,0.6078431372549019,0.18421687243040402,
county,100,California,Sutter,156,39,48.48683378134233,0.8043420648144518,-1.6964290894367782,0.1095890410958904,0,0.8974358974358975,0.03205128205128205,0.18595161760419704,
county,100,Indiana,Marion,3849,1173,1221.039027621579,0.9606572545718276,-1.6989217175078066,0.09499050094990501,40,0.3411275656014549,0.6477007014809041,0.16558453444273058,
county,100,Florida,Seminole,415,88,102.46680223893682,0.8588147387950834,-1.7005668617126437,0.0973902609739026,14,0.6313253012048192,0.35180722891566263,0.16793239594959422,
county,100,Texas,Grayson,199,36,45.72347663689429,0.7873417038229238,-1.7050115725994468,0.10358964103589641,2,0.7537688442211056,0.24623115577889448,0.1776618037121019,
county,100,Texas,Williamson,153,22,30.169364121408094,0.7292165625853833,-1.7063713425105806,0.09659034096590341,6,0.8562091503267973,0.1437908496732026,0.16700443776760535,
county,100,North Carolina,Burke,169,19,26.85061581899678,0.7076187796988076,-1.7089091776783782,0.10898910108989102,12,0.8106508875739645,0.15976331360946747,0.18542679065426793,
county,100,Texas,Kaufman,193,32,41.342495656217956,0.7740219716316803,-1.7164985924633476,0.09599040095990401,6,0.6373056994818653,0.35751295336787564,0.16641814079461617,
county,100,North Carolina,Surry,110,11,17.456801153146326,0.630126900312284,-1.7217396695850258,0.09579042095790422,8,0.8636363636363636,0.11818181818181818,0.16641814079461617,
county,100,Oregon,Washington,256,46,57.11886036956217,0.8053381965672541,-1.7264174869403748,0.09259074092590741,13,0.87890625,0.04296875,0.16298919558593591,
county,100,Michigan,St. Clair,115,18,25.387496946570153,0.7090104250089058,-1.7355011943671246,0.10338966103389662,3,0.782608695652174,0.1826086956521739,0.1776618037121019,
county,100,South Carolina,Marlboro,161,6,11.607070190790864,0.5169263131328735,-1.7482361480333146,0.09299070092990701,4,0.32919254658385094,0.639751552795031,0.16298919558593591,
county,100,Texas,Shelby,110,13,20.011091523237717,0.6496397252945376,-1.7650516771135603,0.09299070092990701,4,0.4909090909090909,0.509090909090909,0.16298919558593591,
county,100,Florida,St. Johns,181,34,43.72735368217856,0.7775453380307571,-1.7665717302781598,0.0841915808419158,10,0.7569060773480663,0.23756906077348067,0.14962180662156624,
county,100,Texas,Johnson,135,22,30.223552919652995,0.7279091263189778,-1.771428338608648,0.0851914808519148,4,0.9259259259259259,0.07407407407407407,0.15097823550978234,
county,100,Florida,Volusia,735,163,183.2892627184478,0.8893046847506049,-1.7751838584326323,0.08199180081991801,26,0.6925170068027211,0.29931972789115646,0.14652876449049773,
county,100,Texas,Smith,485,84,99.4771383846312,0.8444151225501842,-1.7926664720815184,0.07979202079792021,27,0.5484536082474227,0.44536082474226807,0.14299805974458732,
county,100,Colorado,Denver,2365,660,698.9439738445169,0.9442816945250891,-1.7943414180203001,0.0695930406959304,26,0.6744186046511628,0.2930232558139535,0.12982561392983508,
county,100,Missouri,Buchanan,104,15,22.197312192116676,0.6757574912753272,-1.7951409487048615,0.0913908609139086,5,0.8365384615384616,0.15384615384615385,0.16151625834646452,
county,100,California,Yolo,248,67,79.95623229284837,0.8379584439972764,-1.8019965444634987,0.0771922807719228,1,0.8467741935483871,0.10080645161290322,0.1395146604319738,
county,100,Arizona,Coconino,156,31,40.62564436090594,0.7630648199596634,-1.813512537080624,0.07799220077992201,0,0.7243589743589743,0.02564102564102564,0.1405622149649442,
county,100,Michigan,Washtenaw,367,78,92.5214780666458,0.8430474915653037,-1.818458979491251,0.0705929407059294,15,0.5258855585831063,0.4550408719346049,0.13130698591948387,
county,100,Florida,Osceola,253,44,55.60292419031141,0.7913252880262514,-1.8219442485835198,0.07639236076392361,11,0.766798418972332,0.22134387351778656,0.13846115388461155,
county,100,Oregon,Linn,102,14,21.215593834671477,0.6598919695153935,-1.8291222681872736,0.08239176082391761,2,0.9117647058823529,0.058823529411764705,0.1468322441498867,
county,100,Louisiana,Livingston,140,11,18.22420707989487,0.60359279017057,-1.839020323509288,0.07279272072792721,9,0.7428571428571429,0.25,0.13496222632072052,
county,100,New Hampshire,Rockingham,117,20,28.2815537902345,0.7071747241449624,-1.841491387049244,0.0731926807319268,5,0.9572649572649573,0.02564102564102564,0.13496222632072052,
county,100,Louisiana,Lafayette,464,79,94.68637633283423,0.8343333334703327,-1.8591860254039432,0.066993300669933,16,0.4267241379310345,0.5517241379310345,0.12534230447922948,
county,100,Georgia,Colquitt,138,21,29.820878941881276,0.7042045957440581,-1.8605701251004512,0.07599240075992401,4,0.3188405797101449,0.644927536231884,0.13846115388461155,
county,100,Texas,Wharton,100,12,19.110501252782477,0.6279270146434703,-1.8655677277905645,0.0731926807319268,3,0.74,0.26,0.13496222632072052,
county,100,West Virginia,Harrison,114,11,18.24872466099088,0.6027818493811783,-1.8775311855662609,0.0741925807419258,7,0.9473684210526315,0.05263157894736842,0.13601973136019732,
county,100,Colorado,Pueblo,290,59,72.74226176093674,0.8110828364658238,-1.9099420814506631,0.057194280571942806,7,0.9482758620689655,0.04482758620689655,0.10833591197093308,
county,100,Oklahoma,Cleveland,176,24,33.9972733365275,0.7059389664115744,-1.9437906875003883,0.05879412058794121,5,0.8522727272727273,0.09659090909090909,0.11032543804443085,
county,100,Pennsylvania,Lackawanna,121,19,27.646246219219357,0.6872542423785337,-1.9471599844093266,0.058194180581941805,4,0.8429752066115702,0.14049586776859505,0.1095217911837135,
county,100,North Carolina,Bladen,127,10,17.364010858950014,0.575903809392382,-1.9573489987194872,0.053594640535946404,8,0.3700787401574803,0.6141732283464567,0.10330326483967918,
county,100,Ohio,Richland,146,26,35.90315825807757,0.724170275303022,-1.961518978678426,0.05699430056994301,2,0.678082191780822,0.3219178082191781,0.10833591197093308,
county,100,Arizona,Pinal,427,98,115.31379849224166,0.8498549287368542,-1.9830510055063182,0.05219478052194781,7,0.8173302107728337,0.08665105386416862,0.10090990900909909,
county,100,Georgia,Clarke,208,50,62.745840858015605,0.7968655661678433,-1.98401184654467,0.057394260573942604,7,0.34134615384615385,0.6490384615384616,0.10833591197093308,
county,100,Kentucky,Christian,146,27,37.20335954977317,0.7257409096046171,-1.986107277365309,0.054394560543945605,2,0.4657534246575342,0.5342465753424658,0.10452930610553403,
county,100,Arkansas,Union,144,16,24.690124564880698,0.648032372536445,-1.989604208133504,0.04659534046595341,4,0.3125,0.6666666666666666,0.0911896540407309,
county,100,North Carolina,Pitt,338,52,66.41632344506719,0.782940056039222,-2.0325649254301212,0.0435956404359564,23,0.28994082840236685,0.6893491124260355,0.08584573641401291,
county,100,Indiana,Delaware,135,30,40.84158271581011,0.7345454804910573,-2.0695293604377225,0.048595140485951406,2,0.6296296296296297,0.35555555555555557,0.09452347448182012,
county,100,California,Imperial,248,63,77.87067390692468,0.8090337072888449,-2.0828193603322123,0.042995700429957005,2,0.8709677419354839,0.06451612903225806,0.08492649187093675,
county,100,Virginia,Henry,225,21,31.65983806110408,0.6633009290657017,-2.0839964159801916,0.04079592040795921,16,0.5111111111111111,0.48,0.08133686631336867,
county,100,Missouri,St. Charles,150,19,28.756947856178734,0.6607098950495072,-2.0877208703615846,0.0413958604139586,8,0.8666666666666667,0.12666666666666668,0.0822758845610766,
county,100,Virginia,Hampton,389,59,75.02378883962261,0.7864172272893807,-2.091930648842458,0.0337966203379662,23,0.2647814910025707,0.7223650385604113,0.06866956616440267,
county,100,Pennsylvania,Bucks,337,58,73.58216195979969,0.7882345184650495,-2.0966936226096946,0.034996500349965,23,0.7833827893175074,0.19881305637982197,0.07065749121290403,
county,100,Louisiana,Natchitoches,122,11,19.357550627474804,0.5682537120366531,-2.1005737262510453,0.0415958404159584,7,0.29508196721311475,0.6885245901639344,0.08241660306019087,
county,100,Washington,Yakima,528,112,132.55618320419353,0.8449247503413088,-2.112215932166226,0.035396460353964605,10,0.8977272727272727,0.02462121212121212,0.07123956374078681,
county,100,Texas,Howard,105,14,22.778731780452233,0.6146084046704576,-2.131978973406234,0.034396560343965606,6,0.8952380952380953,0.10476190476190476,0.06966668412523827,
county,100,Texas,Anderson,138,15,24.289232510658415,0.6175575944368689,-2.136205929974826,0.032996700329967,4,0.5797101449275363,0.42028985507246375,0.06790933809844822,
county,100,South Carolina,Pickens,155,5,11.982792069923065,0.4172650222772415,-2.1382404369016257,0.031996800319968,5,0.8,0.2,0.06606459095190804,
county,100,Indiana,Vigo,111,20,29.8353008040095,0.6703468529237099,-2.156191617875483,0.0365963403659634,1,0.8018018018018018,0.1891891891891892,0.07342284639460582,
county,100,Texas,Navarro,106,15,24.09175298096435,0.622619699440384,-2.182886580574311,0.024197580241975804,1,0.7075471698113207,0.29245283018867924,0.05163229496448349,
county,100,South Dakota,Pennington,102,9,17.09268161932239,0.5265411361682397,-2.187586262173706,0.033596640335966405,6,0.5784313725490197,0.0196078431372549,0.06866956616440267,
county,100,Washington,Whatcom,132,21,31.439584481707666,0.6679477590493705,-2.2046297760052296,0.033596640335966405,2,0.803030303030303,0.045454545454545456,0.06866956616440267,
county,100,Florida,Escambia,679,125,148.11701364268146,0.8439273580113551,-2.206909007366159,0.029997000299970003,30,0.4963181148748159,0.49189985272459497,0.062339042968667296,
county,100,Louisiana,Terrebonne,254,28,40.72240192542597,0.6875822317965374,-2.2089737677797627,0.025797420257974202,14,0.5,0.47244094488188976,0.05468024626108818,
county,100,Illinois,Sangamon,141,27,38.42390466281961,0.7026875648618345,-2.209843895361176,0.0337966203379662,1,0.5106382978723404,0.48226950354609927,0.06866956616440267,
county,100,Texas,San Patricio,117,16,25.600890242236606,0.6249782663261858,-2.20997755755417,0.030796920307969204,5,0.9487179487179487,0.042735042735042736,0.06379362063793621,
county,100,Oregon,Klamath,138,17,27.084322990593513,0.627669371905813,-2.2116715413410457,0.029997000299970003,6,0.8405797101449275,0.021739130434782608,0.062339042968667296,
county,100,Texas,Angelina,210,29,41.520474474974016,0.6984505925499337,-2.2369415312485796,0.026197380261973803,9,0.6571428571428571,0.32857142857142857,0.05534413446072612,
county,100,Kentucky,McCracken,125,25,36.08165515152153,0.692872871131184,-2.245894470471496,0.026997300269973004,2,0.6,0.4,0.05665880780343019,
county,100,Oklahoma,Carter,132,15,25.06923766204168,0.5983428855003473,-2.2802112813713973,0.021997800219978002,7,0.696969696969697,0.22727272727272727,0.0475749035265965,warm
county,100,Maine,Penobscot,117,12,21.32214004591737,0.5627952904426067,-2.28060253454555,0.023997600239976002,2,0.9487179487179487,0.02564102564102564,0.051377412594311035,
county,100,Mississippi,Adams,126,7,15.29171812152672,0.457764127246489,-2.2958390156235278,0.0211978802119788,6,0.20634920634920634,0.7936507936507936,0.046000842092661476,warm
county,100,Connecticut,New London,178,37,50.47436906068528,0.7330453196059755,-2.3104566448904227,0.025197480251974803,4,0.6179775280898876,0.3539325842696629,0.05358664133586642,
county,100,Florida,Leon,380,86,105.83570589537422,0.8125802088476345,-2.324155473514134,0.0197980201979802,10,0.31842105263157894,0.6736842105263158,0.04340596868148237,warm
county,100,Oregon,Multnomah,1514,376,415.50749863710826,0.9049174833987462,-2.326178766161145,0.020397960203979604,26,0.6505944517833554,0.27542932628797884,0.04456814592513352,warm
county,100,Washington,Clark,274,46,61.784251849169785,0.7445262930802669,-2.3263338887515808,0.018998100189981004,7,0.8576642335766423,0.05474452554744526,0.0419404426339373,warm
county,100,Pennsylvania,Fayette,201,32,45.62766952371378,0.7013288281876602,-2.340450747643043,0.0235976402359764,10,0.8059701492537313,0.19402985074626866,0.050691227173578934,
county,100,Virginia,Petersburg,255,36,50.74131124547988,0.7094810740273674,-2.3479392222542415,0.018998100189981004,7,0.1450980392156863,0.8431372549019608,0.0419404426339373,warm
county,100,Louisiana,Iberia,103,8,16.649460371134115,0.48049605342584817,-2.3516196260027566,0.017598240175982403,6,0.2912621359223301,0.6893203883495146,0.03967377113878719,warm
county,100,Indiana,Madison,119,21,32.137767609391204,0.653436799196452,-2.355797799053113,0.0187981201879812,2,0.6302521008403361,0.36134453781512604,0.04193426811165037,warm
county,100,Missouri,Boone,163,19,30.46478804682819,0.6236708415891364,-2.3693390841514015,0.017798220177982202,8,0.5644171779141104,0.4171779141104294,0.03998332561110086,warm
county,100,Pennsylvania,Schuylkill,114,16,26.426507786954204,0.6054526814132669,-2.3748151838663283,0.016798320167983202,2,0.9736842105263158,0.02631578947368421,0.03827617238276172,warm
county,100,California,Tehama,105,19,29.723839220320677,0.639217560664595,-2.3812745853654276,0.020997900209979003,1,0.9714285714285714,0.009523809523809525,0.045722390218316054,warm
county,100,Michigan,Berrien,298,58,75.17090294902782,0.7715751404413602,-2.3867238598288525,0.019598040195980403,8,0.28523489932885904,0.6778523489932886,0.04311568843115689,warm
county,100,Oklahoma,McCurtain,187,22,34.28268559661095,0.6417233544321519,-2.38893710427814,0.015598440155984402,11,0.6256684491978609,0.24598930481283424,0.03605726383883351,warm
county,100,Florida,Orange,2177,479,525.842962289702,0.9109183432146138,-2.4033448621008646,0.0173982601739826,88,0.487827285254938,0.5002296738631143,0.03936202124468404,warm
county,100,New Mexico,Santa Fe,609,169,195.53789431766728,0.8642826015373045,-2.4054743236861564,0.016798320167983202,6,0.9293924466338259,0.013136288998357963,0.03827617238276172,warm
county,100,Virginia,Montgomery,120,5,13.01833376091712,0.3840737295436923,-2.406853009160571,0.015598440155984402,4,0.8,0.14166666666666666,0.03605726383883351,warm
county,100,Alaska,Anchorage,676,142,168.51263242275786,0.842666795707968,-2.411470754796543,0.016998300169983,25,0.5547337278106509,0.17307692307692307,0.03859400536814646,warm
county,100,Hawaii,Honolulu,976,219,251.2244337494046,0.8717304950459224,-2.4157118373977537,0.018598140185981403,27,0.39036885245901637,0.03381147540983607,0.04163373136370574,warm
county,100,Texas,Walker,110,12,21.86911085188283,0.5487191537541114,-2.426436215031662,0.015398460153984602,6,0.509090909090909,0.4818181818181818,0.03585480867971597,warm
county,100,New Jersey,Monmouth,413,93,114.40848132202427,0.8128767983400981,-2.431729159169477,0.015398460153984602,13,0.5786924939467313,0.387409200968523,0.03585480867971597,warm
county,100,Oklahoma,Oklahoma,2788,537,588.3983410721755,0.9126470326573018,-2.4357598475382614,0.018998100189981004,118,0.5624103299856528,0.3794835007173601,0.0419404426339373,warm
county,100,Montana,Yellowstone,123,13,23.4767167199518,0.5537401228235586,-2.4496493239574604,0.012798720127987202,6,0.7967479674796748,0.04878048780487805,0.030468594931551626,warm
county,100,Maryland,Baltimore,1113,301,337.42716846428453,0.8920443524744208,-2.455133227360115,0.016198380161983803,10,0.5256064690026954,0.4582210242587601,0.03717469979620743,warm
county,100,Indiana,La Porte,183,30,43.8798662328136,0.6836848553919666,-2.4608129669015146,0.015998400159984,5,0.5792349726775956,0.4098360655737705,0.036848300729493834,warm
county,100,North Carolina,Moore,170,17,28.87221650291066,0.5888013481156252,-2.479492543384352,0.011198880111988802,7,0.5588235294117647,0.4294117647058823,0.02727055538720937,warm
county,100,Georgia,Glynn,201,29,42.99086892453555,0.6745618482591138,-2.485494328029671,0.013798620137986202,5,0.44776119402985076,0.5323383084577115,0.03272683884027954,warm
county,100,Delaware,Sussex,184,17,29.093535886881014,0.5843222379740276,-2.4884103612881505,0.008599140085991401,12,0.5543478260869565,0.44021739130434784,0.02159941486166344,warm
county,100,Texas,Brazoria,387,58,77.04432819364527,0.7528133654981227,-2.497938666263033,0.011398860113988602,21,0.7545219638242894,0.21963824289405684,0.027651987652945735,warm
county,100,Maryland,Howard,184,35,49.633915327460784,0.705162987225303,-2.500629630609173,0.014998500149985002,2,0.5380434782608695,0.4076086956521739,0.03531012212431893,warm
county,100,Washington,Skagit,103,12,22.318262196376214,0.537676271315982,-2.5279000815584234,0.012598740125987402,4,0.8932038834951457,0.04854368932038835,0.030104854683071024,warm
county,100,Pennsylvania,Montgomery,531,98,121.96807775447593,0.8034889276297023,-2.5327327031418765,0.0105989401059894,23,0.6045197740112994,0.3747645951035782,0.02610858605259165,warm
county,100,Texas,Webb,533,154,180.5107490692873,0.8531347900001711,-2.5338629830943096,0.0117988201179882,12,0.9924953095684803,0.00375234521575985,0.02829942569652809,warm
county,100,Kentucky,Franklin,406,80,101.91166638012965,0.7849935423644304,-2.534615960868012,0.0115988401159884,3,0.9334975369458128,0.059113300492610835,0.027924754694341886,warm
county,100,Alabama,Madison,543,86,108.93359250229992,0.7894718059370371,-2.5460814862233287,0.011198880111988802,26,0.49171270718232046,0.49355432780847147,0.02727055538720937,warm
county,100,Oklahoma,Comanche,299,45,62.573463483412546,0.7191546942567586,-2.5478079485874154,0.0115988401159884,11,0.4983277591973244,0.451505016722408,0.027924754694341886,warm
county,100,Oklahoma,Le Flore,100,9,18.782857092945257,0.4791603298403603,-2.5661375645525473,0.009999000099990002,3,0.88,0.07,0.024726209549587676,warm
county,100,Minnesota,St. Louis,134,10,20.57458726254394,0.48603648143187844,-2.5694929542364564,0.009999000099990002,7,0.7164179104477612,0.1044776119402985,0.024726209549587676,warm
county,100,Ohio,Stark,476,89,112.18437977812917,0.7933368279614176,-2.56996255206938,0.010998900109989001,19,0.5882352941176471,0.40756302521008403,0.02698960873143455,warm
county,100,Florida,Lake,245,40,56.605622134253764,0.706643589308681,-2.5861575788110085,0.009599040095990401,8,0.6530612244897959,0.33877551020408164,0.023922607739226078,warm
county,100,Oklahoma,Pottawatomie,142,15,26.915436095469026,0.5573010203808333,-2.5980921967200925,0.007599240075992401,5,0.7676056338028169,0.09154929577464789,0.019471145254952416,warm
county,100,Maryland,Cecil,111,11,21.625823780266394,0.5086511437329625,-2.6038278136010944,0.0065993400659934,3,0.7927927927927928,0.2072072072072072,0.017543245675432455,warm
county,100,New York,Westchester,1005,325,363.74561931402485,0.8934815506861805,-2.618146318061543,0.008399160083991601,7,0.4417910447761194,0.46567164179104475,0.021264540212645403,warm
county,100,South Dakota,Minnehaha,100,10,20.105737073017956,0.4973704750879326,-2.6320147000368403,0.008599140085991401,5,0.74,0.07,0.02159941486166344,warm
county,100,Washington,Cowlitz,108,15,26.420691528839583,0.567736843058279,-2.6476218856341167,0.007799220077992201,4,0.9629629629629629,0.018518518518518517,0.019903609639036098,warm
county,100,New Jersey,Burlington,276,51,69.71087168291224,0.7315932044571075,-2.672035787437557,0.0071992800719928,7,0.5978260869565217,0.358695652173913,0.018824347073489373,warm
county,100,Hawaii,Hawaii,210,36,52.08460820436882,0.6911830815496149,-2.6859819955355744,0.007399260073992601,5,0.49047619047619045,0.009523809523809525,0.019189950923606827,warm
county,100,New Jersey,Bergen,421,93,117.10662339682221,0.7941480789251724,-2.6897216960211145,0.0071992800719928,11,0.6912114014251781,0.23990498812351543,0.018824347073489373,warm
county,100,New York,Albany,327,79,101.00802463282488,0.7821160772836966,-2.7103736018454896,0.008999100089991,6,0.44648318042813456,0.5076452599388379,0.022515395519271602,warm
county,100,Florida,Citrus,118,11,22.308946399112596,0.4930757285981716,-2.7152311651439147,0.006999300069993001,3,0.9067796610169492,0.0847457627118644,0.018452700184527004,warm
county,100,California,Santa Cruz,375,95,119.06501381074551,0.7978834164585327,-2.726625350999118,0.007599240075992401,4,0.9226666666666666,0.02666666666666667,0.019471145254952416,warm
county,100,Oregon,Lane,293,44,62.78603370306771,0.7007927942715415,-2.735766218495075,0.006399360063993601,12,0.962457337883959,0.017064846416382253,0.017082810547397145,warm
county,100,Virginia,Newport News,742,128,158.00789646147012,0.8100860961161679,-2.7408242824011566,0.006399360063993601,34,0.21159029649595687,0.77088948787062,0.017082810547397145,warm
county,100,Texas,Harrison,200,24,38.88402579207768,0.6172200411637885,-2.742278812773327,0.0045995400459954,10,0.37,0.63,0.01264873512648735,warm
county,100,Pennsylvania,Beaver,169,24,38.76796680083463,0.6190678021186117,-2.7530634558746647,0.006799320067993201,3,0.5680473372781065,0.4319526627218935,0.017999859765060838,warm
county,100,Ohio,Lorain,220,36,53.0297123645831,0.6788647042340604,-2.76004382590018,0.0047995200479952005,8,0.6227272727272727,0.37272727272727274,0.013030186343067822,warm
county,100,Louisiana,Webster,125,7,17.665358201339014,0.39625576341097957,-2.769898016024568,0.0033996600339966003,6,0.32,0.672,0.009770194151755996,warm
county,100,South Carolina,Laurens,206,4,13.898192157929415,0.28780721654635183,-2.794580950342647,0.0031996800319968005,3,0.48058252427184467,0.5194174757281553,0.009237085341239633,warm
county,100,Texas,Gregg,460,80,104.61236062196134,0.7647279874421029,-2.805345938001442,0.0047995200479952005,13,0.5413043478260869,0.4543478260869565,0.013030186343067822,warm
county,100,Texas,Denton,290,46,65.35424665166937,0.7038563269679279,-2.8143466396969177,0.0057994200579942,13,0.8310344827586207,0.15172413793103448,0.01561194091561308,warm
county,100,Kentucky,Fayette,552,138,167.59752063923477,0.823401202318825,-2.815980947794002,0.004399560043995601,9,0.605072463768116,0.3695652173913043,0.012151165835797374,warm
county,100,Texas,Orange,187,25,40.38624443790211,0.6190226486258211,-2.8405770908810197,0.0057994200579942,9,0.7379679144385026,0.25668449197860965,0.01561194091561308,warm
county,100,Arkansas,Washington,171,11,23.556103677718866,0.46697026598692665,-2.8684772675240198,0.004199580041995801,7,0.8888888888888888,0.08771929824561403,0.011700140029665155,warm
county,100,New Hampshire,Hillsborough,231,36,54.127198484586835,0.6651000053189765,-2.8862650243958017,0.004199580041995801,5,0.9437229437229437,0.030303030303030304,0.011700140029665155,warm
county,100,Texas,Collin,303,51,71.52101628947841,0.7130771155932624,-2.9065394213149838,0.0047995200479952005,15,0.8283828382838284,0.1419141914191419,0.013030186343067822,warm
county,100,New Jersey,Middlesex,520,118,146.99312680478153,0.8027586225627632,-2.9100584367680664,0.004199580041995801,16,0.6192307692307693,0.3,0.011700140029665155,warm
county,100,Washington,Snohomish,419,73,97.71571258708384,0.7470651143739314,-2.9470180503241803,0.0027997200279972004,7,0.8806682577565632,0.057279236276849645,0.00811918808119188,warm
county,100,California,San Diego,5456,1984,2087.75982843294,0.9503008789517606,-2.975532622942355,0.0023997600239976003,20,0.7175586510263929,0.19849706744868034,0.007188013593006897,warm
county,100,Georgia,Carroll,143,10,22.77355403117562,0.43910581485483574,-2.993515384593884,0.0021997800219978004,5,0.6223776223776224,0.3706293706293706,0.006683141209688556,warm
county,100,West Virginia,Logan,105,5,15.926542840270224,0.3139413273894892,-3.0043523186303958,0.0023997600239976003,4,0.9333333333333333,0.06666666666666667,0.007188013593006897,warm
county,100,Texas,Bastrop,112,9,21.18665970861384,0.4247956083582576,-3.0324195487201724,0.0013998600139986002,3,0.8125,0.17857142857142858,0.0044213400442134005,warm
county,100,Texas,Brazos,229,31,49.55072333240472,0.6256215432424759,-3.0511352063042825,0.0017998200179982,8,0.6419213973799127,0.34934497816593885,0.00554727135982054,warm
county,100,Florida,Santa Rosa,111,8,20.373641384301788,0.3926642198661711,-3.1025294967282755,0.0015998400159984002,4,0.9369369369369369,0.06306306306306306,0.005003421226504801,warm
county,100,Colorado,Boulder,163,20,36.20746691371271,0.5523722509410202,-3.1143413235150708,0.0013998600139986002,4,0.9570552147239264,0.018404907975460124,0.0044213400442134005,warm
county,100,Missouri,Jefferson,143,11,24.88735939970684,0.44199144727783274,-3.1340902199155236,0.000999900009999,5,0.9440559440559441,0.03496503496503497,0.003339980138111843,warm
county,100,Nevada,Clark,4511,1589,1687.789931453017,0.9414678748747074,-3.136426074806212,0.0017998200179982,18,0.6510751496342274,0.3025936599423631,0.00554727135982054,warm
county,100,New York,Sullivan,107,11,24.293909277750004,0.4527883871730162,-3.141982421479819,0.0013998600139986002,1,0.7570093457943925,0.21495327102803738,0.0044213400442134005,warm
county,100,North Carolina,Alamance,276,30,49.541749212427106,0.6055498741347382,-3.1434702733000037,0.000999900009999,6,0.5,0.4963768115942029,0.003339980138111843,warm
county,100,Texas,Tom Green,187,25,42.503705658495825,0.5881840091983342,-3.1511713594061534,0.0025997400259974,3,0.9090909090909091,0.0855614973262032,0.007678861743455284,warm
county,100,Idaho,Canyon,140,12,26.330789056717833,0.4557402352869639,-3.1681505521895583,0.000999900009999,6,0.9571428571428572,0.007142857142857143,0.003339980138111843,warm
county,100,Arizona,Pima,2429,702,772.975098750158,0.9081793205694214,-3.1789372737468233,0.0015998400159984002,14,0.8509674763277069,0.09798270893371758,0.005003421226504801,warm
county,100,Utah,Utah,154,14,29.005410300968514,0.48266857302592714,-3.1852302983550134,0.0005999400059994001,4,0.8831168831168831,0.032467532467532464,0.0021503467630765013,warm
county,100,Texas,Nacogdoches,131,10,23.71155453760136,0.42173531828721644,-3.1858754947893027,0.0011998800119988001,4,0.6183206106870229,0.37404580152671757,0.003925761270026844,warm
county,100,Texas,Bowie,258,36,56.56345176616447,0.6364533789208164,-3.194803403786853,0.0011998800119988001,11,0.45348837209302323,0.5387596899224806,0.003925761270026844,warm
county,100,Louisiana,Calcasieu,438,50,74.85459277088384,0.6679616861057653,-3.212571240722727,0.0011998800119988001,27,0.3995433789954338,0.589041095890411,0.003925761270026844,warm
county,100,Illinois,Winnebago,419,106,135.54664120395216,0.782018639919713,-3.2311632152954033,0.0023997600239976003,12,0.4510739856801909,0.5417661097852029,0.007188013593006897,warm
county,100,Pennsylvania,Washington,184,25,43.333872573833496,0.5769158977749861,-3.2533401228227863,0.000999900009999,5,0.7771739130434783,0.21739130434782608,0.003339980138111843,warm
county,100,Texas,Henderson,173,16,31.93034550668414,0.5010907256437498,-3.2544301196029046,0.0013998600139986002,10,0.8323699421965318,0.1676300578034682,0.0044213400442134005,warm
county,100,Maine,York,111,9,22.480757234850476,0.4003423864231707,-3.2842122663457105,0.000999900009999,1,0.963963963963964,0.009009009009009009,0.003339980138111843,warm
county,100,Washington,Spokane,614,141,176.7069373322281,0.7979313213657525,-3.291443163487206,0.0007999200079992001,7,0.8403908794788274,0.09120521172638436,0.00277363567991027,warm
county,100,California,Mendocino,219,42,63.64075408494753,0.6599544679174998,-3.296918178490842,0.000999900009999,3,0.863013698630137,0.0136986301369863,0.003339980138111843,warm
county,100,New York,Rockland,161,35,54.32043953098794,0.6443246833456439,-3.3188206552695543,0.0005999400059994001,1,0.577639751552795,0.36024844720496896,0.0021503467630765013,warm
county,100,Kentucky,Laurel,105,14,28.927970930881333,0.48396066331270576,-3.3237873620254126,0.000999900009999,0,0.9809523809523809,0.01904761904761905,0.003339980138111843,warm
county,100,New Mexico,Dona Ana,244,51,74.17289429362177,0.687582714490158,-3.3631178797580636,0.0007999200079992001,1,0.9016393442622951,0.05737704918032787,0.00277363567991027,warm
county,100,Colorado,Adams,464,81,111.07085965988495,0.7292641854761341,-3.3916718202229785,0.0007999200079992001,10,0.9224137931034483,0.04525862068965517,0.00277363567991027,warm
county,100,Oklahoma,Tulsa,1900,368,429.19025917517615,0.8574285928744692,-3.427642243640026,0.0005999400059994001,87,0.5531578947368421,0.4126315789473684,0.0021503467630765013,warm
county,100,Georgia,Spalding,185,23,42.121242718625815,0.5460427688148315,-3.4377386194995463,0.0005999400059994001,6,0.2972972972972973,0.6972972972972973,0.0021503467630765013,warm
county,100,Utah,Davis,109,5,18.0542422417504,0.2769432210473785,-3.4481423386775423,0.00039996000399960006,3,0.8165137614678899,0.06422018348623854,0.001555941966778932,warm
county,100,Arizona,Yavapai,240,37,59.612411754960625,0.620676112754674,-3.452546571866372,0.0007999200079992001,4,0.9666666666666667,0.016666666666666666,0.00277363567991027,warm
county,100,California,Fresno,2844,1007,1094.2794516935255,0.9202402534759743,-3.4571758406024755,0.0013998600139986002,10,0.7419127988748242,0.17721518987341772,0.0044213400442134005,warm
county,100,North Carolina,Henderson,132,9,23.90250870690061,0.3765295145526594,-3.4671696143281396,0.00039996000399960006,4,0.8257575757575758,0.16666666666666666,0.001555941966778932,warm
county,100,California,Contra Costa,2569,1012,1096.7638481358326,0.9227145859339678,-3.471469132272633,0.00039996000399960006,6,0.4511483067341378,0.4947450369793694,0.001555941966778932,warm
county,100,Mississippi,Warren,218,8,23.712080016065933,0.3373807778389607,-3.4822876413135475,0.00039996000399960006,7,0.21100917431192662,0.7889908256880734,0.001555941966778932,warm
county,100,Tennessee,Washington,161,7,21.897469291912152,0.3196716436353426,-3.483953546404444,0.00019998000199980003,5,0.84472049689441,0.14285714285714285,0.0008922184704606463,warm
county,100,Kentucky,Pike,123,16,32.96313173026823,0.48539077327134184,-3.502441096480788,0.00039996000399960006,0,1.0,0.0,0.001555941966778932,warm
county,100,New York,Orange,353,70,98.7456126792942,0.7088922545586492,-3.5068269132705243,0.00039996000399960006,5,0.6147308781869688,0.36827195467422097,0.001555941966778932,warm
county,100,California,Tulare,1201,343,399.01458794646453,0.859617694092979,-3.5163857315402844,0.0013998600139986002,8,0.9175686927560366,0.04079933388842631,0.0044213400442134005,warm
county,100,West Virginia,Raleigh,200,15,33.104684106637094,0.4531080843931895,-3.520682403354142,0.00039996000399960006,7,0.705,0.28,0.001555941966778932,warm
county,100,Texas,Bexar,5522,1753,1870.8105838531276,0.9370269845221398,-3.5268155810898034,0.0007999200079992001,119,0.8134733792104311,0.1680550525172039,0.00277363567991027,warm
county,100,Washington,Benton,143,15,32.34702926404438,0.46372110024562224,-3.526895960260633,0.0005999400059994001,6,0.9370629370629371,0.03496503496503497,0.0021503467630765013,warm
county,100,Missouri,Jackson,4287,1429,1536.6990572469663,0.9299153228870253,-3.5499201482586873,0.0007999200079992001,42,0.34406344763237695,0.6466060181945417,0.00277363567991027,warm
county,100,Virginia,Arlington,180,18,36.61279879192344,0.4916313582661889,-3.5611033925387496,0.0005999400059994001,6,0.6055555555555555,0.3388888888888889,0.0021503467630765013,warm
county,100,Colorado,Arapahoe,790,158,200.24332946336392,0.7890400165809635,-3.5627864029609166,0.0005999400059994001,20,0.6468354430379747,0.30632911392405066,0.0021503467630765013,warm
county,100,Virginia,Prince William,269,25,46.557701851295704,0.5369680848906473,-3.5647551065533354,0.00019998000199980003,13,0.5613382899628253,0.41263940520446096,0.0008922184704606463,warm
county,100,Louisiana,Washington,159,12,29.23890293601723,0.4104121151966373,-3.567401706341974,0.00019998000199980003,6,0.2893081761006289,0.6981132075471698,0.0008922184704606463,warm
county,100,California,Lake,145,23,42.186258343984335,0.5452012314640307,-3.582092610629091,0.00039996000399960006,1,0.9103448275862069,0.05517241379310345,0.001555941966778932,warm
county,100,Virginia,Lynchburg,196,19,38.67892517903135,0.4912235774922798,-3.5905639301085346,0.00019998000199980003,6,0.30612244897959184,0.6887755102040817,0.0008922184704606463,warm
county,100,Tennessee,Sullivan,202,11,28.144817573713496,0.3908357185542288,-3.591035700880981,0.00019998000199980003,5,0.9207920792079208,0.07920792079207921,0.0008922184704606463,warm
county,100,Texas,Taylor,252,38,61.812404670702314,0.6147633343572402,-3.6076715818108163,0.00019998000199980003,5,0.7857142857142857,0.21031746031746032,0.0008922184704606463,warm
county,100,Michigan,Muskegon,238,36,59.38601907400069,0.6062032875977178,-3.617656157490472,0.00039996000399960006,6,0.42436974789915966,0.5462184873949579,0.001555941966778932,warm
county,100,Pennsylvania,Westmoreland,263,35,59.01276793580359,0.5930919905006723,-3.6271060982835492,0.00019998000199980003,10,0.8403041825095057,0.1596958174904943,0.0008922184704606463,warm
county,100,Pennsylvania,Franklin,112,10,26.022243911861217,0.3842866139396185,-3.650480161816915,0.0005999400059994001,4,0.8303571428571429,0.16071428571428573,0.0021503467630765013,warm
county,100,Florida,Pasco,483,72,104.12322864655546,0.6914883540963063,-3.654027705552423,0.00039996000399960006,28,0.8737060041407867,0.12422360248447205,0.001555941966778932,warm
county,100,New York,Niagara,181,32,53.938668830946426,0.5932664022594589,-3.66197447567091,0.00039996000399960006,2,0.6629834254143646,0.281767955801105,0.001555941966778932,warm
county,100,Maryland,Montgomery,716,157,199.974543806351,0.7850999282790405,-3.689478930801331,0.0013998600139986002,16,0.5502793296089385,0.39385474860335196,0.0044213400442134005,warm
county,100,Utah,Weber,221,23,44.6296870748527,0.5153520337578104,-3.6990481152487282,0.00019998000199980003,8,0.8506787330316742,0.049773755656108594,0.0008922184704606463,warm
county,100,New Mexico,Bernalillo,1888,600,675.4818601398592,0.8882547932164594,-3.7069054248306017,0.0005999400059994001,4,0.8204449152542372,0.09851694915254237,0.0021503467630765013,warm
county,100,Massachusetts,Essex,464,117,153.8195564838091,0.7606315001455313,-3.727645835431527,0.00019998000199980003,5,0.8081896551724138,0.11637931034482758,0.0008922184704606463,warm
county,100,New Jersey,Ocean,261,42,67.63594085471004,0.6209716235074033,-3.744556305694594,0.0005999400059994001,3,0.7586206896551724,0.2260536398467433,0.0021503467630765013,warm
county,100,Pennsylvania,Luzerne,369,57,87.01162919226334,0.6550848493372213,-3.7592838322386024,0.00019998000199980003,12,0.8021680216802168,0.19241192411924118,0.0008922184704606463,warm
county,100,New Jersey,Cumberland,289,47,74.31881181461002,0.6324105411862959,-3.7673829230129576,0.00019998000199980003,4,0.5259515570934256,0.45674740484429066,0.0008922184704606463,warm
county,100,Washington,Grays Harbor,107,8,23.683314816491936,0.3377905526311367,-3.785922767183446,0.00019998000199980003,4,0.9158878504672897,0.018691588785046728,0.0008922184704606463,warm
county,100,New York,Broome,164,17,36.7283224195706,0.46285805830711146,-3.799375105494046,0.00019998000199980003,3,0.6524390243902439,0.27439024390243905,0.0008922184704606463,warm
county,100,California,San Luis Obispo,233,42,68.17219836063003,0.6160869241420168,-3.8512029596925803,0.00019998000199980003,2,0.9656652360515021,0.012875536480686695,0.0008922184704606463,warm
county,100,New Jersey,Somerset,128,13,31.382170253297044,0.41424795975141987,-3.87516295051717,0.00019998000199980003,1,0.7109375,0.2265625,0.0008922184704606463,warm
county,100,California,Ventura,1037,353,412.4879926801357,0.855782486434058,-3.884906284523145,0.00019998000199980003,1,0.9132111861137898,0.05689488910318226,0.0008922184704606463,warm
county,100,Oregon,Josephine,128,8,24.985354550040157,0.3201875716423301,-3.885143919999766,0.00019998000199980003,2,0.9921875,0.0078125,0.0008922184704606463,warm
county,100,Florida,Hernando,172,18,38.75166778501183,0.46449613729817185,-3.8946415514606945,0.00019998000199980003,7,0.8313953488372093,0.1686046511627907,0.0008922184704606463,warm
county,100,Arizona,Cochise,176,25,47.25556130424607,0.52903826152952,-3.904945982713901,0.00019998000199980003,2,0.8806818181818182,0.07386363636363637,0.0008922184704606463,warm
county,100,Iowa,Scott,179,13,32.94141348890712,0.39464001762941026,-3.9112605476591074,0.00019998000199980003,6,0.6536312849162011,0.3407821229050279,0.0008922184704606463,warm
county,100,Nebraska,Lancaster,200,17,38.17308852764167,0.4453399149950904,-3.9173450247446318,0.00019998000199980003,5,0.765,0.15,0.0008922184704606463,warm
county,100,Virginia,Virginia Beach,634,74,110.79469948053705,0.6679019876126777,-3.924330615680931,0.00019998000199980003,32,0.5362776025236593,0.43217665615141954,0.0008922184704606463,warm
county,100,New York,Ulster,156,19,39.848494497848336,0.4768059681909922,-3.9248345698226417,0.00019998000199980003,1,0.8205128205128205,0.16666666666666666,0.0008922184704606463,warm
county,100,West Virginia,Mercer,186,12,32.05089232031041,0.37440455261196237,-3.929798721273778,0.00019998000199980003,6,0.8225806451612904,0.1774193548387097,0.0008922184704606463,warm
county,100,Idaho,Ada,211,20,42.455049130262694,0.47108648817329135,-3.954932180085328,0.00019998000199980003,6,0.909952606635071,0.02843601895734597,0.0008922184704606463,warm
county,100,Michigan,Kalamazoo,296,49,77.7416582172124,0.6302927043708356,-3.9604459252051365,0.00039996000399960006,9,0.47635135135135137,0.47297297297297297,0.001555941966778932,warm
county,100,Oregon,Jackson,182,17,38.26242884577495,0.44430007484684786,-3.961556224432432,0.00019998000199980003,5,0.945054945054945,0.038461538461538464,0.0008922184704606463,warm
county,100,Massachusetts,Barnstable,107,15,33.66084767673304,0.4456215762613803,-3.972735256015247,0.00019998000199980003,1,0.794392523364486,0.17757009345794392,0.0008922184704606463,warm
county,100,Utah,Salt Lake,1157,199,253.72972636235994,0.7842991156495452,-3.9774885407344054,0.00019998000199980003,67,0.8219533275713051,0.056179775280898875,0.0008922184704606463,warm
county,100,California,Yuba,154,22,44.024626187216384,0.499720313500089,-3.9897477372133925,0.00019998000199980003,2,0.8376623376623377,0.07142857142857142,0.0008922184704606463,warm
county,100,Washington,Thurston,156,16,36.813489756921726,0.4346232890619031,-4.013471813398852,0.00019998000199980003,1,0.8205128205128205,0.08333333333333333,0.0008922184704606463,warm
county,100,Washington,Franklin,129,20,40.93213355321343,0.4886136700887871,-4.0215967139275905,0.00039996000399960006,0,0.8604651162790697,0.09302325581395349,0.001555941966778932,warm
county,100,Texas,Cherokee,104,6,22.25205568660516,0.2696380093822863,-4.03130699532485,0.00019998000199980003,1,0.625,0.375,0.0008922184704606463,warm
county,100,New Mexico,San Juan,203,32,57.23403183941794,0.5591079113521602,-4.051251584337136,0.00019998000199980003,2,0.5665024630541872,0.029556650246305417,0.0008922184704606463,warm
county,100,Georgia,Troup,154,13,33.22543721658906,0.3912664840271615,-4.056498297595044,0.00019998000199980003,0,0.24025974025974026,0.7402597402597403,0.0008922184704606463,warm
county,100,Colorado,Larimer,159,12,32.08713814620512,0.37398162295814513,-4.063403706244224,0.00019998000199980003,5,0.9622641509433962,0.006289308176100629,0.0008922184704606463,warm
county,100,Illinois,Peoria,139,11,30.353418827807374,0.3623973978813444,-4.070604657030663,0.00019998000199980003,1,0.45323741007194246,0.5467625899280576,0.0008922184704606463,warm
county,100,Texas,Wichita,370,59,91.68459574237399,0.6435104994713076,-4.082176446276213,0.00039996000399960006,13,0.6216216216216216,0.37567567567567567,0.001555941966778932,warm
county,100,New Jersey,Passaic,955,225,281.0075389220259,0.8006902621300601,-4.0969983696622805,0.00019998000199980003,24,0.543455497382199,0.44293193717277485,0.0008922184704606463,warm
county,100,North Carolina,Wake,964,134,182.87645818814343,0.7327351006663783,-4.122008737745261,0.00019998000199980003,48,0.3682572614107884,0.6109958506224067,0.0008922184704606463,warm
county,100,West Virginia,McDowell,120,4,20.959447218046307,0.19084472783976655,-4.147452253885392,0.00039996000399960006,3,0.875,0.11666666666666667,0.001555941966778932,warm
county,100,Connecticut,New Haven,1569,395,468.24405147101015,0.8435771874924826,-4.154457367873326,0.00019998000199980003,23,0.5270873167622689,0.4391332058636074,0.0008922184704606463,warm
county,100,Arizona,Yuma,208,32,57.72444124189262,0.554357899557744,-4.154965263993752,0.00019998000199980003,2,0.9134615384615384,0.04326923076923077,0.0008922184704606463,warm
county,100,Louisiana,Tangipahoa,253,14,37.24889369730873,0.3758500886970373,-4.175016875500374,0.00019998000199980003,9,0.3359683794466403,0.6521739130434783,0.0008922184704606463,warm
county,100,Ohio,Butler,349,51,83.37586290368738,0.6116878221567944,-4.197490004948093,0.00019998000199980003,11,0.7106017191977078,0.2693409742120344,0.0008922184704606463,warm
county,100,Virginia,Norfolk,1603,282,350.75962551884993,0.80396938382763,-4.224018819669713,0.00019998000199980003,53,0.2014971927635683,0.7822832189644416,0.0008922184704606463,warm
county,100,North Carolina,Gaston,510,68,105.64707055311075,0.6436524897849878,-4.252039455601258,0.00019998000199980003,22,0.611764705882353,0.37254901960784315,0.0008922184704606463,warm
county,100,Maryland,Anne Arundel,634,129,175.6103313922758,0.7345809268581225,-4.252104459825767,0.00039996000399960006,16,0.5252365930599369,0.44952681388012616,0.001555941966778932,warm
county,100,California,El Dorado,219,36,64.2369939243455,0.5604247303726363,-4.276898981276917,0.00019998000199980003,1,0.91324200913242,0.0182648401826484,0.0008922184704606463,warm
county,100,Florida,Brevard,667,123,169.92570984331232,0.7238457330171973,-4.277929993676524,0.00019998000199980003,22,0.6596701649175413,0.32983508245877063,0.0008922184704606463,warm
county,100,Massachusetts,Plymouth,324,84,120.43164161991734,0.6974911150435388,-4.30876862111404,0.00019998000199980003,1,0.5,0.41358024691358025,0.0008922184704606463,warm
county,100,California,Humboldt,274,48,79.85446456089241,0.6010935050901001,-4.324672610921953,0.00019998000199980003,3,0.7956204379562044,0.040145985401459854,0.0008922184704606463,warm
county,100,California,Placer,208,32,60.08157653958021,0.532609193084659,-4.378297758890931,0.00019998000199980003,1,0.9423076923076923,0.019230769230769232,0.0008922184704606463,warm
county,100,California,Butte,326,64,99.72666375527095,0.6417541466849416,-4.391976177015976,0.00019998000199980003,2,0.8588957055214724,0.0705521472392638,0.0008922184704606463,warm
county,100,Louisiana,Rapides,438,59,96.27651197545225,0.612818212764535,-4.401542669390091,0.00019998000199980003,25,0.3287671232876712,0.6643835616438356,0.0008922184704606463,warm
county,100,Indiana,Vanderburgh,269,35,65.40997046633774,0.5350866198298044,-4.4111775366604125,0.00019998000199980003,4,0.6654275092936803,0.32342007434944237,0.0008922184704606463,warm
county,100,Ohio,Summit,806,163,216.76728341052993,0.7519584940837153,-4.414535019946758,0.00019998000199980003,21,0.4441687344913151,0.5409429280397022,0.0008922184704606463,warm
county,100,Georgia,Bibb,745,132,183.61242084963266,0.7189056131888808,-4.4727548503040655,0.00019998000199980003,20,0.1959731543624161,0.7919463087248322,0.0008922184704606463,warm
county,100,Arizona,Mohave,348,58,94.12485873671059,0.6162027840300899,-4.487891050082948,0.00019998000199980003,4,0.9568965517241379,0.014367816091954023,0.0008922184704606463,warm
county,100,California,Sonoma,511,113,159.59324230015565,0.7080500300098846,-4.54015690386807,0.00019998000199980003,3,0.8943248532289628,0.03913894324853229,0.0008922184704606463,warm
county,100,Colorado,Jefferson,369,52,87.70815863373168,0.5928752901671489,-4.540681645044611,0.00019998000199980003,5,0.9186991869918699,0.051490514905149054,0.0008922184704606463,warm
county,100,Louisiana,Bossier,235,22,50.10883094195076,0.4390443677579745,-4.572051912840181,0.00019998000199980003,5,0.5106382978723404,0.4723404255319149,0.0008922184704606463,warm
county,100,Georgia,Floyd,203,22,49.67107929510297,0.4429136695277922,-4.641182446148178,0.00019998000199980003,4,0.5665024630541872,0.41379310344827586,0.0008922184704606463,warm
county,100,Oregon,Marion,377,53,90.61138605048305,0.5849154538975012,-4.657001450472072,0.00019998000199980003,10,0.9230769230769231,0.029177718832891247,0.0008922184704606463,warm
county,100,Florida,Pinellas,1559,342,422.6422605249406,0.8091949905227668,-4.709490691429326,0.00019998000199980003,33,0.6330981398332264,0.3527902501603592,0.0008922184704606463,warm
county,100,Texas,Jefferson,925,172,233.4776392810594,0.7366872499209534,-4.775997874780665,0.00019998000199980003,20,0.3675675675675676,0.6108108108108108,0.0008922184704606463,warm
county,100,Missouri,St. Louis,1352,271,347.8434393584069,0.7790861328299199,-4.908984124374243,0.00019998000199980003,28,0.41050295857988167,0.5776627218934911,0.0008922184704606463,warm
county,100,Kansas,Sedgwick,755,122,178.13011089537565,0.6848926292515275,-4.924990259293941,0.00019998000199980003,29,0.5509933774834437,0.40397350993377484,0.0008922184704606463,warm
county,100,North Carolina,Nash,452,44,83.9242002862782,0.5242826246769027,-4.939107168678975,0.00019998000199980003,20,0.2676991150442478,0.7168141592920354,0.0008922184704606463,warm
county,100,Georgia,Muscogee,677,122,177.57854029599716,0.6870199507026246,-4.973252813962517,0.00019998000199980003,17,0.27031019202363366,0.7045790251107829,0.0008922184704606463,warm
county,100,California,Shasta,297,53,91.71220077170624,0.5778947572300633,-4.989048764810158,0.00019998000199980003,2,0.9057239057239057,0.026936026936026935,0.0008922184704606463,warm
county,100,Washington,Pierce,1310,277,355.4495024410735,0.779294943719667,-5.00861384142113,0.00019998000199980003,21,0.6145038167938931,0.2862595419847328,0.0008922184704606463,warm
county,100,Texas,Potter,577,87,136.80505794411803,0.6359413994440005,-5.0130965811800525,0.00019998000199980003,13,0.7417677642980935,0.23050259965337955,0.0008922184704606463,warm
county,100,Michigan,Macomb,589,92,142.89774312466258,0.6438170259955758,-5.032408757953877,0.00019998000199980003,16,0.8064516129032258,0.166383701188455,0.0008922184704606463,warm
county,100,California,San Joaquin,2196,714,829.9515953688843,0.8602911350301725,-5.242762262511304,0.00019998000199980003,4,0.6730418943533698,0.21174863387978143,0.0008922184704606463,warm
county,100,Georgia,Dougherty,437,73,121.28931622048904,0.6018666958868413,-5.289852044122635,0.00019998000199980003,3,0.19221967963386727,0.8009153318077803,0.0008922184704606463,warm
county,100,California,Kings,194,27,62.310107354199296,0.43331653798186526,-5.593436464256196,0.00019998000199980003,2,0.8350515463917526,0.11855670103092783,0.0008922184704606463,warm
county,100,Texas,Midland,228,15,49.85488381330603,0.3008732315207316,-5.7500596653107765,0.00019998000199980003,1,0.6622807017543859,0.32894736842105265,0.0008922184704606463,warm
county,100,Florida,Bay,295,28,69.01787842803598,0.40569198355169994,-5.7692197985162705,0.00019998000199980003,4,0.6915254237288135,0.288135593220339,0.0008922184704606463,warm
county,100,California,Riverside,3893,1195,1364.2454931987754,0.8759420543864566,-5.829139228891437,0.00019998000199980003,18,0.7980991523246853,0.1572052401746725,0.0008922184704606463,warm
county,100,Texas,Tarrant,4350,1037,1204.7454353327512,0.860762755007725,-5.884951721797971,0.00019998000199980003,110,0.5977011494252874,0.38114942528735635,0.0008922184704606463,warm
county,100,Massachusetts,Middlesex,606,118,182.89903325269847,0.64516470044414,-5.891535434934756,0.00019998000199980003,3,0.7458745874587459,0.15181518151815182,0.0008922184704606463,warm
county,100,Louisiana,Caddo,1616,357,463.6141287845029,0.7700369290642148,-5.961197594459213,0.00019998000199980003,22,0.19492574257425743,0.8001237623762376,0.0008922184704606463,warm
county,100,New York,Onondaga,617,129,196.8281067704636,0.6553942021625846,-6.030558353053279,0.00019998000199980003,5,0.4019448946515397,0.5429497568881686,0.0008922184704606463,warm
county,100,Massachusetts,Bristol,384,77,132.23401965503646,0.5823009857892288,-6.107230734403181,0.00019998000199980003,4,0.7421875,0.2265625,0.0008922184704606463,warm
county,100,Colorado,El Paso,831,125,199.69118280252025,0.6259665461725255,-6.252258041534369,0.00019998000199980003,29,0.753309265944645,0.21419975932611313,0.0008922184704606463,warm
county,100,California,Solano,854,256,343.1890266097413,0.7459445965651792,-6.257707820198527,0.00019998000199980003,4,0.5257611241217799,0.39344262295081966,0.0008922184704606463,warm
county,100,New Mexico,Lea,173,21,60.5294116429654,0.34693877620798874,-6.382728129525931,0.00019998000199980003,0,0.8034682080924855,0.18497109826589594,0.0008922184704606463,warm
county,100,Texas,El Paso,1161,187,278.57221729463527,0.6712801506771122,-6.552378795630185,0.00019998000199980003,27,0.9224806201550387,0.06718346253229975,0.0008922184704606463,warm
county,100,Texas,Lubbock,679,112,189.5153196401319,0.5909812473876798,-6.899780368261069,0.00019998000199980003,21,0.7039764359351989,0.29455081001472755,0.0008922184704606463,warm
county,100,Massachusetts,Worcester,468,93,162.70023468448386,0.5716033549696476,-6.9657418624258876,0.00019998000199980003,1,0.7777777777777778,0.1452991452991453,0.0008922184704606463,warm
county,100,California,Santa Barbara,445,70,140.41223644126296,0.49853204944344215,-7.341724142232342,0.00019998000199980003,0,0.9011235955056179,0.051685393258426963,0.0008922184704606463,warm
county,100,California,Orange,3812,1336,1594.1155043358215,0.8380823073147615,-8.684556660362425,0.00019998000199980003,19,0.8512591815320042,0.04354669464847849,0.0008922184704606463,warm
county,100,Nevada,Washoe,671,95,194.69886886457894,0.4879329836583509,-8.72182898042604,0.00019998000199980003,3,0.856929955290611,0.08643815201192251,0.0008922184704606463,warm
county,100,Texas,Travis,1511,214,354.3038720710797,0.6040013019024183,-8.791636743590157,0.00019998000199980003,65,0.7246856386499008,0.25810721376571805,0.0008922184704606463,warm
county,100,Texas,Nueces,965,154,274.4749540174358,0.5610712298005059,-8.917607177320543,0.00019998000199980003,23,0.8922279792746114,0.10362694300518134,0.0008922184704606463,warm
county,100,California,Stanislaus,1016,218,352.4972433938037,0.6184445526470521,-9.082938871125567,0.00019998000199980003,3,0.859251968503937,0.07775590551181102,0.0008922184704606463,warm
county,100,Massachusetts,Hampden,645,128,236.5043434217922,0.5412162759806876,-9.132176228288188,0.00019998000199980003,3,0.6108527131782946,0.35348837209302325,0.0008922184704606463,warm
county,100,California,Sacramento,3416,888,1135.6494200834895,0.7819314519922151,-9.21362316431434,0.00019998000199980003,22,0.599824355971897,0.30620608899297425,0.0008922184704606463,warm
county,100,California,San Bernardino,5717,1822,2232.0140479939237,0.816303105994143,-11.416002500007293,0.00019998000199980003,18,0.7278292810914816,0.2317649116669582,0.0008922184704606463,warm
county,100,California,Los Angeles,44511,17810,19003.085443739797,0.9372162248455902,-11.718794206600593,0.00019998000199980003,80,0.5995596594100335,0.3522275392599582,0.0008922184704606463,warm
county,100,Texas,Harris,16300,3261,3981.7043055832346,0.8189960252516374,-13.527451743889527,0.00019998000199980003,546,0.5630674846625767,0.4061963190184049,0.0008922184704606463,warm
county,100,California,Santa Clara,2076,488,787.8313686403758,0.6194218958838629,-13.930725408092552,0.00019998000199980003,4,0.7432562620423893,0.08574181117533719,0.0008922184704606463,warm
county,100,Arizona,Maricopa,8582,2593,3306.5657743006705,0.7841973143717101,-16.313101993371102,0.00019998000199980003,39,0.8170589606152412,0.14052668375670008,0.0008922184704606463,warm
