block_key,min_n,State,City,n,n_unsolved,expected_unsolved,smr,z,p_value,n_priority,white_share,black_share,q_value,flag
county,20,Georgia,Fulton,1884,850,548.6874954008188,1.5491513969697288,15.657319046283991,0.00019998000199980003,98,0.14861995753715498,0.8402335456475584,0.003786288037862881,cold
county,20,Maryland,Baltimore city,2807,1364,1013.6376984245653,1.3456484522230983,14.000650689258487,0.00019998000199980003,21,0.09583184894905593,0.8945493409333808,0.003786288037862881,cold
county,20,Missouri,St. Louis city,1828,991,721.3632151941994,1.3737878216221648,13.379800612525509,0.00019998000199980003,11,0.1422319474835886,0.8528446389496718,0.003786288037862881,cold
county,20,Louisiana,Orleans,2337,1147,854.0456147613647,1.3430196000953554,12.790712244880591,0.00019998000199980003,16,0.10997004706889174,0.8707744972186564,0.003786288037862881,cold
county,20,Virginia,Richmond,876,378,237.8904287168126,1.588966828295456,10.81137331401258,0.00019998000199980003,33,0.13013698630136986,0.8515981735159818,0.003786288037862881,cold
county,20,District of Columbia,District of Columbia,2112,1396,1168.1620823284102,1.1950396448560097,10.193902598603291,0.00019998000199980003,5,0.07102272727272728,0.9166666666666666,0.003786288037862881,cold
county,20,Michigan,Wayne,5724,2118,1773.2221245610685,1.1944358073720038,10.191698355755491,0.00019998000199980003,124,0.15496156533892383,0.83298392732355,0.003786288037862881,cold
county,20,Illinois,Cook,6719,2777,2397.379946229854,1.1583478890641181,10.109505926960596,0.00019998000199980003,114,0.27251079029617503,0.7200476261348415,0.003786288037862881,cold
county,20,Massachusetts,Suffolk,815,452,335.4741767685904,1.3473466254655688,8.567136114512524,0.00019998000199980003,5,0.31901840490797545,0.6503067484662577,0.003786288037862881,cold
county,20,New Jersey,Essex,1435,683,537.5741043531667,1.2705225093046777,8.147933718685138,0.00019998000199980003,9,0.20209059233449478,0.7888501742160279,0.003786288037862881,cold
county,20,Texas,Dallas,3358,1290,1093.139374122104,1.180087398311852,7.5450264005344065,0.00019998000199980003,39,0.4994044073853484,0.4857057772483621,0.003786288037862881,cold
county,20,Tennessee,Davidson,827,192,120.13376234729785,1.5982184878630719,7.195244747253032,0.00019998000199980003,148,0.3893591293833132,0.5876662636033857,0.003786288037862881,cold
county,20,Pennsylvania,Allegheny,766,294,209.03625566881587,1.4064545839636329,7.09097451368386,0.00019998000199980003,20,0.27284595300261094,0.7219321148825065,0.003786288037862881,cold
county,20,Mississippi,Hinds,581,149,91.67465326400048,1.625312937600283,6.677263949450296,0.00019998000199980003,72,0.13769363166953527,0.8537005163511188,0.003786288037862881,cold
county,20,Indiana,Lake,933,435,342.45245243965377,1.2702493350566815,6.420181636603734,0.00019998000199980003,2,0.22936763129689175,0.7502679528403001,0.003786288037862881,cold
county,20,Ohio,Mahoning,348,159,106.94678728939738,1.4867206769825347,6.177238641026636,0.00019998000199980003,7,0.21839080459770116,0.7672413793103449,0.003786288037862881,cold
county,20,New York,Erie,518,275,211.09923908528978,1.3027048377417059,5.886601019545116,0.00019998000199980003,4,0.3204633204633205,0.666023166023166,0.003786288037862881,cold
county,20,Georgia,Richmond,249,68,36.49627985407195,1.8632035997064267,5.725360025601178,0.00019998000199980003,47,0.24096385542168675,0.7469879518072289,0.003786288037862881,cold
county,20,Maryland,Prince George's,1104,494,405.6999777629244,1.2176485754916033,5.627998106885593,0.00019998000199980003,6,0.20018115942028986,0.7780797101449275,0.003786288037862881,cold
county,20,New York,New York,11631,5780,5495.179866853799,1.0518309027269879,5.420032997339801,0.00019998000199980003,37,0.4237812741810678,0.5339179778179004,0.003786288037862881,cold
county,20,Alabama,Jefferson,1061,292,224.83920382159403,1.298705897534208,5.212638593027617,0.00019998000199980003,66,0.21583411875589067,0.7464655984919887,0.003786288037862881,cold
county,20,Michigan,Genesee,567,218,164.11253561984287,1.3283567838168335,5.155968920517414,0.00019998000199980003,19,0.25925925925925924,0.7283950617283951,0.003786288037862881,cold
county,20,Illinois,St. Clair,218,98,65.62254202599028,1.4933892679924894,4.950515433297381,0.00019998000199980003,5,0.16972477064220184,0.8302752293577982,0.003786288037862881,cold
county,20,Tennessee,Madison,112,37,18.369274768675886,2.014233031294957,4.83108005382754,0.00019998000199980003,16,0.24107142857142858,0.7410714285714286,0.003786288037862881,cold
county,20,Ohio,Franklin,1047,361,293.93065235107434,1.2281808552883324,4.747741047879277,0.00019998000199980003,22,0.3648519579751671,0.6189111747851003,0.003786288037862881,cold
county,20,Pennsylvania,Delaware,312,128,93.44204421493808,1.3698330454497627,4.421351558827838,0.00019998000199980003,13,0.3557692307692308,0.6378205128205128,0.003786288037862881,cold
county,20,Virginia,Portsmouth,203,76,49.68268709418704,1.5297079213111269,4.416401552568646,0.00019998000199980003,10,0.16748768472906403,0.8226600985221675,0.003786288037862881,cold
county,20,North Carolina,Cumberland,345,97,68.08051758453666,1.424783527527586,4.081309864364505,0.00039996000399960006,50,0.3217391304347826,0.6376811594202898,0.006429545724672817,cold
county,20,California,San Francisco,906,453,395.7704233084368,1.1446029650552292,3.9329994729772233,0.00039996000399960006,1,0.45695364238410596,0.40618101545253865,0.006429545724672817,cold
county,20,Louisiana,Jefferson,503,111,79.55024419796648,1.3953445538616895,3.8981524461122072,0.00039996000399960006,77,0.37375745526838966,0.614314115308151,0.006429545724672817,cold
county,20,Alabama,St. Clair,21,10,3.9304935998996067,2.5442097145904072,3.5345787164742597,0.0031996800319968005,6,0.7619047619047619,0.23809523809523808,0.034076592340765925,cold
county,20,Pennsylvania,Lehigh,122,45,29.159129392754178,1.5432559523255918,3.419854145574249,0.0015998400159984002,4,0.6967213114754098,0.29508196721311475,0.019754546284501986,cold
county,20,Tennessee,Knox,293,62,42.314060833646025,1.4652339855479128,3.358358327841709,0.0027997200279972004,42,0.5460750853242321,0.43686006825938567,0.030978720309787204,cold
county,20,Georgia,Gwinnett,185,62,43.28660672717164,1.4323137036537839,3.3201621334960767,0.001999800019998,7,0.5567567567567567,0.3621621621621622,0.023997600239976002,cold
county,20,Florida,Palm Beach,779,255,216.32128852209888,1.1788021499971317,3.200671024273642,0.0013998600139986002,33,0.5147625160462131,0.4839537869062901,0.018635636436356365,cold
county,20,Arkansas,Pulaski,613,140,110.84057250960034,1.2630753958607897,3.151107129497331,0.0021997800219978004,80,0.2936378466557912,0.7014681892332789,0.0256741449142757,cold
county,20,North Carolina,Mecklenburg,765,210,176.2130762572165,1.1917390267534123,2.964086241355944,0.003999600039996,50,0.2849673202614379,0.7058823529411765,0.04056737183424514,cold
county,20,North Carolina,Lenoir,69,22,12.850209419467468,1.7120343553834247,2.9223354702930564,0.008399160083991601,12,0.2608695652173913,0.7246376811594203,0.06880850376500812,
county,20,New York,Nassau,297,94,73.15543349927773,1.2849353151728375,2.879511872035895,0.006799320067993201,17,0.569023569023569,0.40404040404040403,0.06034396560343966,
county,20,Georgia,Coffee,33,12,5.903103954472446,2.03282884606975,2.83847085457315,0.015598440155984402,6,0.48484848484848486,0.5151515151515151,0.10222977702229778,
county,20,Georgia,Tift,37,12,5.843693763157971,2.0534956974739074,2.8191134008803553,0.017598240175982403,8,0.3783783783783784,0.5945945945945946,0.11358864113588642,
county,20,Texas,Starr,43,17,9.545654846789231,1.780915010322011,2.8135260969828315,0.011398860113988602,5,1.0,0.0,0.08445068536624599,
county,20,Connecticut,Fairfield,463,214,185.75574912776958,1.1520504802938993,2.7544564907097615,0.0103989601039896,2,0.509719222462203,0.46220302375809935,0.07981904512251477,
county,20,Michigan,Saginaw,238,85,67.16341095993998,1.2655700296505006,2.6358295502523226,0.012198780121987801,6,0.25630252100840334,0.726890756302521,0.08733916524313955,
county,20,North Carolina,Robeson,209,50,36.18238877753265,1.381887755046382,2.6273920945015106,0.013998600139986002,23,0.18181818181818182,0.3444976076555024,0.09696591316478108,
county,20,Texas,Bell,170,53,39.08098993173067,1.356158073083205,2.605922450547249,0.013798620137986202,15,0.5411764705882353,0.4235294117647059,0.09636413407839545,
county,20,Virginia,Danville,59,20,12.185385705140831,1.6413103765408346,2.562285187150066,0.025397460253974602,6,0.2542372881355932,0.7457627118644068,0.14330222606878384,
county,20,New Jersey,Mercer,235,94,76.65534572682762,1.2262680326951045,2.515306694670403,0.015198480151984802,13,0.33617021276595743,0.6382978723404256,0.10116488351164883,
county,20,Illinois,Will,99,36,25.392643377505692,1.417733453929847,2.5005458114407015,0.020997900209979003,7,0.5959595959595959,0.3838383838383838,0.12778722127787223,
county,20,Alabama,Lee,57,16,9.561599139050527,1.6733602577684312,2.3784663834669986,0.041995800419958006,11,0.2807017543859649,0.6842105263157895,0.19878012198780123,
county,20,North Carolina,Buncombe,119,30,20.739114890818776,1.4465419646853408,2.3298004254973934,0.0313968603139686,12,0.6302521008403361,0.36134453781512604,0.1661498446428649,
county,20,Alabama,Mobile,509,122,101.67090687931127,1.1999499536757396,2.329578624201779,0.0263973602639736,36,0.27111984282907664,0.6817288801571709,0.1469970649993824,
county,20,Ohio,Lucas,327,96,78.4156169287626,1.224245931613496,2.329424783259157,0.028197180281971802,10,0.44648318042813456,0.5443425076452599,0.15499353290477405,
county,20,Florida,Duval,964,350,317.4207157352239,1.102637548999644,2.298042900606501,0.0221977802219778,11,0.3454356846473029,0.6410788381742739,0.1322553059379377,
county,20,Virginia,Fairfax,163,41,30.143668030347044,1.360152983330475,2.2712028755256344,0.034396560343965606,20,0.6687116564417178,0.27607361963190186,0.1786943256893823,
county,20,Mississippi,Harrison,135,26,17.572104249811225,1.4796179006438182,2.230635935949705,0.0397960203979602,14,0.5333333333333333,0.4148148148148148,0.19584248471704555,
county,20,Virginia,Mecklenburg,27,9,4.8248091613986555,1.865358752840497,2.209684082135023,0.06579342065793421,3,0.3333333333333333,0.6666666666666666,0.2680907264723764,
county,20,North Carolina,Guilford,358,96,79.30858926113697,1.2104615766635785,2.1896203121601694,0.033596640335966405,22,0.3324022346368715,0.6452513966480447,0.1756094329217385,
county,20,North Carolina,Montgomery,20,6,2.8501010194602063,2.105188538593052,2.0855296183628402,0.09159084091590841,3,0.55,0.4,0.32051548943466307,
county,20,Illinois,Kankakee,34,12,7.281305410549183,1.6480561277671932,2.003131960237655,0.0805919408059194,2,0.23529411764705882,0.7647058823529411,0.30713770728190337,
county,20,Louisiana,St. John the Baptist,46,12,7.175443511436595,1.6723704926216445,1.9955357099619129,0.0807919208079192,9,0.13043478260869565,0.8695652173913043,0.30713770728190337,
county,20,Arkansas,Lonoke,22,6,3.018377849772188,1.9878226976959992,1.9588744795174513,0.11638836116388361,3,0.8181818181818182,0.18181818181818182,0.3677014651476029,
county,20,Illinois,Kane,65,24,17.31476122710004,1.3861005465346308,1.9574210550807998,0.08359164083591641,4,0.676923076923077,0.3076923076923077,0.30965251300956864,
county,20,Michigan,Ottawa,24,9,5.259052333649857,1.711334938124465,1.945100110538662,0.09479052094790522,1,0.875,0.041666666666666664,0.32565130583715823,
county,20,North Carolina,Columbus,64,17,11.368382294574833,1.4953754685143428,1.9303536718238181,0.0887911208879112,7,0.390625,0.578125,0.3193789407670112,
county,20,Connecticut,Hartford,395,148,130.59333555907028,1.133289071501327,1.9138565898617954,0.06479352064793521,1,0.5088607594936709,0.46582278481012657,0.2666863748407768,
county,20,North Carolina,Chatham,29,8,4.500056925357318,1.7777552890322108,1.9086905104457372,0.10938906109389061,5,0.4482758620689655,0.5517241379310345,0.3612382947751736,
county,20,Arkansas,Jefferson,141,31,22.89376140224079,1.3540806796809626,1.9045269728522927,0.08599140085991401,19,0.2553191489361702,0.7375886524822695,0.3124896021036194,
county,20,Texas,Hidalgo,378,105,90.9157708684468,1.1549151373520528,1.7893703635513218,0.0781921807819218,25,0.9841269841269841,0.0026455026455026454,0.3041997170145999,
county,20,New York,Monroe,462,193,175.15001668707976,1.1019125413205684,1.756556645281891,0.09099090090990901,2,0.3008658008658009,0.6666666666666666,0.32051548943466307,
county,20,South Carolina,Sumter,125,16,10.660107582327294,1.5009229387633358,1.7474453153082286,0.11338866113388661,11,0.24,0.752,0.3631847341581631,
county,20,Georgia,Clayton,196,54,44.25398662889817,1.2202290485788148,1.6954789233032908,0.10578942105789421,8,0.3622448979591837,0.5918367346938775,0.35485270370600736,
county,20,Mississippi,Coahoma,38,8,4.6639103018311845,1.7152988548812724,1.6794187342997402,0.1665833416658334,7,0.05263157894736842,0.9473684210526315,0.4491424275293989,
county,20,Texas,Liberty,46,14,9.551796855392995,1.4656928127711935,1.6729832884376485,0.14478552144785523,5,0.7391304347826086,0.2391304347826087,0.41674751443774544,
county,20,North Carolina,Vance,53,15,10.396893390001663,1.442738656378355,1.6513637091180557,0.14038596140385962,4,0.2830188679245283,0.7169811320754716,0.4124442728140979,
county,20,New York,Chautauqua,21,7,4.090435781252792,1.7113091060082812,1.6453256730029624,0.18018198180181982,4,0.8095238095238095,0.14285714285714285,0.47102812654514364,
county,20,Ohio,Cuyahoga,1440,401,374.21057372646317,1.0715891750646231,1.6438529850334078,0.10278972102789721,37,0.26319444444444445,0.7284722222222222,0.34682697738131324,
county,20,New Jersey,Atlantic,207,73,62.51321476152277,1.1677530947413683,1.6433189900120995,0.11298870112988701,7,0.4396135265700483,0.5120772946859904,0.3631847341581631,
county,20,Oregon,Umatilla,37,13,8.878527143593415,1.4642068205401124,1.6384793867357537,0.1601839816018398,5,0.9459459459459459,0.0,0.4431063387167776,
county,20,Texas,Guadalupe,29,9,5.707567120712647,1.5768539921920812,1.6286295791736836,0.17678232176782321,4,0.8620689655172413,0.10344827586206896,0.46907901802412355,
county,20,Minnesota,Hennepin,574,132,117.00753595298977,1.12813246535705,1.5829803485543918,0.1337866213378662,41,0.36585365853658536,0.5174216027874564,0.39855315167783917,
county,20,Mississippi,Lowndes,27,6,3.386146933484522,1.7719254710030221,1.5578000233119058,0.2161783821617838,3,0.3333333333333333,0.6666666666666666,0.5261969529542773,
county,20,South Carolina,Florence,119,16,11.297838637206754,1.4162000816074494,1.5265687635282141,0.17378262173782622,9,0.3025210084033613,0.6722689075630253,0.465606269561723,
county,20,Georgia,Henry,40,12,8.368339799320488,1.4339761873644763,1.4722419793615897,0.20877912208779123,5,0.525,0.425,0.5170752489968394,
county,20,Florida,Indian River,40,13,9.233678810334585,1.4078895602747246,1.4533566526373936,0.20637936206379362,2,0.425,0.55,0.5166451096825802,
county,20,Georgia,Douglas,43,11,7.507374178001751,1.465226021667124,1.4488124969305585,0.21777822217778223,5,0.627906976744186,0.3488372093023256,0.5271222877712229,
county,20,Alabama,Macon,28,8,5.17840876835146,1.5448761111507985,1.4453622911126607,0.24477552244775522,5,0.14285714285714285,0.8571428571428571,0.5606149062513104,
county,20,North Carolina,Scotland,50,12,8.310435195798506,1.4439677005202833,1.4440932134687692,0.22517748225177484,6,0.34,0.5,0.5344044982688361,
county,20,Wisconsin,Rock,33,7,4.309065187753202,1.624482270515356,1.4410702186234425,0.2511748825117488,5,0.7272727272727273,0.2727272727272727,0.5635061493850615,
county,20,Florida,Lee,298,81,70.85486178819949,1.143181963181673,1.413093977046081,0.19638036196380362,17,0.6577181208053692,0.33557046979865773,0.5014853738506747,
county,20,South Carolina,Anderson,164,17,12.330032535755882,1.3787473756214084,1.4110012297238517,0.21937806219378062,14,0.5365853658536586,0.4573170731707317,0.5279946581613024,
county,20,South Carolina,Chester,36,5,2.7980019511411607,1.7869894615194095,1.3983441670681773,0.27677232276772323,5,0.4722222222222222,0.5,0.5778023664626202,
county,20,North Carolina,Harnett,65,16,11.88519461804267,1.3462127053191648,1.398225199939095,0.22277772222777723,6,0.5846153846153846,0.4,0.5301860875364978,
county,20,South Carolina,Greenwood,49,8,5.145296463186779,1.554818086234265,1.363778769683819,0.264973502649735,4,0.3673469387755102,0.6326530612244898,0.5736945292812491,
county,20,Indiana,Clark,30,10,6.944496086875785,1.4399892915050712,1.3575117537400259,0.25817418258174185,2,0.9666666666666667,0.03333333333333333,0.5698559677710986,
county,20,New Jersey,Hudson,447,151,138.2874577765573,1.0919283818492307,1.3490027604791406,0.196980301969803,11,0.5100671140939598,0.4429530201342282,0.5014853738506747,
county,20,West Virginia,Fayette,32,8,5.305755309261269,1.507796634729063,1.3389706998241968,0.27417258274172585,3,0.84375,0.15625,0.5778023664626202,
county,20,Georgia,Lowndes,76,20,15.513767937392682,1.2891774635737716,1.3222210997182322,0.23357664233576642,7,0.27631578947368424,0.7236842105263158,0.5436469976980504,
county,20,Washington,King,817,262,245.27985562705345,1.0681676215529474,1.3171271618918727,0.201979802019798,16,0.5630354957160343,0.2864137086903305,0.5106432976880354,
county,20,North Carolina,Franklin,33,7,4.470855547886742,1.5656958550827522,1.308992533405909,0.2913708629137086,5,0.2727272727272727,0.6060606060606061,0.5943022922588124,
county,20,South Carolina,Jasper,37,6,3.6956846296083192,1.6235151538446881,1.2999814156516136,0.3017698230176982,5,0.35135135135135137,0.6216216216216216,0.6062463521089752,
county,20,California,Alameda,1663,754,729.0006563675064,1.0342926215691786,1.269941178969282,0.2151784821517848,1,0.30066145520144316,0.6368009621166566,0.5261969529542773,
county,20,Maryland,Harford,55,14,10.425977463293963,1.3427997565972933,1.2652301904072758,0.264973502649735,5,0.7272727272727273,0.2727272727272727,0.5736945292812491,
county,20,New Mexico,McKinley,40,17,13.366008557483113,1.2718830701692432,1.2557738518122714,0.26917308269173085,0,0.2,0.0,0.5770759607456339,
county,20,North Carolina,New Hanover,103,29,23.912684061847504,1.2127455004630479,1.2300952665248175,0.26377362263773624,7,0.33980582524271846,0.6407766990291263,0.5736945292812491,
county,20,Maryland,Charles,59,14,10.522996059307848,1.3304195802313026,1.203678032352525,0.30396960303969606,7,0.3389830508474576,0.6610169491525424,0.6062463521089752,
county,20,Florida,Miami-Dade,2852,1099,1069.3526961018147,1.02772453280032,1.1937951730123408,0.23977602239776022,10,0.48281907433380084,0.5056100981767181,0.5521328948186263,
county,20,Kentucky,Jefferson,581,180,167.27543311694586,1.0760695497596358,1.1900034877970032,0.2655734426557344,8,0.3889845094664372,0.6075731497418244,0.5736945292812491,
county,20,Pennsylvania,Lycoming,23,8,5.5895421402758165,1.431244241340533,1.188156990250972,0.3581641835816418,0,0.7391304347826086,0.2608695652173913,0.6673952692067038,
county,20,Alabama,Baldwin,46,10,7.3342159743772655,1.3634722559215446,1.1471048459601734,0.33836616338366166,8,0.5652173913043478,0.43478260869565216,0.6463855856566809,
county,20,West Virginia,Monongalia,20,5,3.1812085811717705,1.5717296971952381,1.1452316589181932,0.384961503849615,2,0.85,0.15,0.6904993711155201,
county,20,Maryland,Frederick,41,11,8.166116761216417,1.3470294782267418,1.135462962263386,0.3501649835016498,3,0.7073170731707317,0.2926829268292683,0.6585884457911824,
county,20,Pennsylvania,Berks,162,54,47.650118666218205,1.1332605565635994,1.1348143405828237,0.28357164283571645,6,0.7716049382716049,0.21604938271604937,0.589275706575684,
county,20,New Jersey,Camden,471,196,184.36936936418718,1.06308331300325,1.1312763717451704,0.2695730426957304,2,0.4182590233545648,0.5626326963906582,0.5770759607456339,
county,20,Texas,Comal,27,8,5.684370681239181,1.4073677542534957,1.1304243683904291,0.36176382361763826,3,0.9629629629629629,0.0,0.6693352356738296,
county,20,Mississippi,Leflore,58,10,7.250129073818103,1.3792857890092356,1.11270605509955,0.35096490350964904,9,0.10344827586206896,0.896551724137931,0.6586389819167863,
county,20,Arkansas,Faulkner,32,6,4.015565165469419,1.4941856881305524,1.106117608285378,0.40375962403759624,2,0.59375,0.40625,0.7092849477938805,
county,20,Wisconsin,Milwaukee,1137,218,204.19092462216562,1.0676282523495433,1.1036450385337526,0.29157084291570845,114,0.26649076517150394,0.7203166226912929,0.5943022922588124,
county,20,Virginia,Hopewell,22,5,3.2271534811026683,1.5493530224944794,1.082657575376302,0.42695730426957307,5,0.36363636363636365,0.6363636363636364,0.7275352464753525,
county,20,New York,Suffolk,339,124,115.09638959794438,1.0773578600784768,1.061495861203349,0.30256974302569745,3,0.6371681415929203,0.3303834808259587,0.6062463521089752,
county,20,Alabama,Talladega,38,8,5.7075413105193515,1.4016543314816672,1.0519824531213036,0.3955604439556044,6,0.2894736842105263,0.7105263157894737,0.7021197880211979,
county,20,Georgia,Cobb,164,45,39.40721193684102,1.141922957455673,1.0447259596683862,0.35876412358764126,10,0.5182926829268293,0.4451219512195122,0.6673952692067038,
county,20,North Carolina,Sampson,39,10,7.541068731102191,1.3260719874831872,1.0361351756646824,0.41775822417758224,4,0.41025641025641024,0.5897435897435898,0.7204273512042736,
county,20,Georgia,Newton,37,8,5.794606625000448,1.3805941486147701,1.0201079348314253,0.42195780421957807,4,0.35135135135135137,0.6486486486486487,0.7238715006254886,
county,20,Louisiana,Vermilion,20,5,3.3438934071865694,1.4952629737700935,1.0138148035820385,0.46455354464553544,3,0.4,0.5,0.7640919305752822,
county,20,Florida,Manatee,160,42,36.87784970147153,1.13889503699355,0.9867226488141402,0.37516248375162486,14,0.6625,0.3125,0.6811693298755231,
county,20,Virginia,Alexandria,43,10,7.612543050205344,1.3136214710444567,0.9830834293482352,0.43275672432756723,5,0.27906976744186046,0.6976744186046512,0.7330193422009688,
county,20,North Carolina,Davidson,58,12,9.355478711875506,1.282670868008885,0.964061526054046,0.43555644435556445,8,0.7586206896551724,0.22413793103448276,0.7339830722810071,
county,20,Louisiana,St. Tammany,80,14,11.070748515139982,1.2645938059973156,0.958715560511444,0.40775922407759224,12,0.6625,0.325,0.7132391055372991,
county,20,Texas,Parker,38,11,8.708411509456013,1.263146555265064,0.9488279588040585,0.45755424457554245,3,0.9736842105263158,0.02631578947368421,0.7569635269482761,
county,20,Ohio,Clark,79,25,21.35912389342067,1.1704599928698782,0.9469249309917753,0.40935906409359063,3,0.569620253164557,0.4050632911392405,0.7132391055372991,
county,20,Oklahoma,Washington,20,5,3.465367190788622,1.4428485423682154,0.9424515694288137,0.5123487651234877,3,0.8,0.2,0.8251817540363167,
county,20,Florida,Marion,146,39,34.38965054967507,1.134062119755052,0.9356412179361145,0.39816018398160186,7,0.636986301369863,0.363013698630137,0.7030057324846027,
county,20,Indiana,St. Joseph,188,63,57.33780239444883,1.0987515630019917,0.9226793979587492,0.39176082391760825,2,0.40425531914893614,0.5851063829787234,0.6997488930352248,
county,20,South Carolina,Berkeley,107,11,8.536177935755985,1.2886329318328358,0.9058502901159565,0.45515448455154484,8,0.5046728971962616,0.4953271028037383,0.7544584062994478,
county,20,Delaware,New Castle,238,54,48.6240292710347,1.1105620165494545,0.8883899972057644,0.41555844415558446,12,0.3865546218487395,0.5966386554621849,0.7202395379123345,
county,20,North Carolina,Forsyth,225,54,48.92704371625937,1.1036840957152454,0.8481874146987276,0.44175582441755823,18,0.37777777777777777,0.6088888888888889,0.7365478716316235,
county,20,Alabama,Marshall,26,6,4.426243866560048,1.3555511582471913,0.8359902642462089,0.5651434856514349,3,0.8076923076923077,0.15384615384615385,0.872176566127171,
county,20,Florida,Monroe,47,14,11.68242740857313,1.1983810821478869,0.8148728958398477,0.5137486251374862,4,0.851063829787234,0.14893617021276595,0.825875148334223,
county,20,North Carolina,Granville,34,7,5.346459606689872,1.3092776369695378,0.8035050334263564,0.5545445455454454,3,0.2647058823529412,0.7352941176470589,0.8637512848349533,
county,20,Nebraska,Douglas,164,44,39.71253549068956,1.107962497391173,0.8030131559700682,0.46895310468953105,5,0.4451219512195122,0.5426829268292683,0.768361625375924,
county,20,South Carolina,Spartanburg,226,25,21.69423830062517,1.1523797080849605,0.7717255378303841,0.5193480651934806,14,0.5530973451327433,0.4469026548672566,0.8323784162937088,
county,20,Pennsylvania,Philadelphia,3895,866,846.7060098739285,1.0227871184343482,0.7579619084065453,0.46135386461353867,181,0.20410783055198972,0.7807445442875481,0.7616151344246619,
county,20,Tennessee,Lawrence,22,4,2.8575763618429173,1.3997876149214459,0.7564907919643691,0.6271372862713729,3,0.8636363636363636,0.09090909090909091,0.9165025178442706,
county,20,South Carolina,Darlington,76,8,6.241613886014462,1.2817197837125973,0.7535503772939719,0.5581441855814419,6,0.2894736842105263,0.7105263157894737,0.8674041686740417,
county,20,Missouri,Jasper,35,9,7.252401501332237,1.2409682500819537,0.7505363559483079,0.5783421657834217,4,0.9428571428571428,0.02857142857142857,0.8773360674589735,
county,20,Indiana,Wayne,24,9,7.415501984645955,1.2136737362669179,0.7370211013968525,0.6083391660833917,1,0.7916666666666666,0.16666666666666666,0.9045461945952002,
county,20,Alabama,Walker,22,5,3.7334504239970814,1.3392437108209767,0.7324005447505006,0.6287371262873712,3,0.6818181818181818,0.3181818181818182,0.9172671773918499,
county,20,Alabama,Montgomery,259,60,55.39301257429135,1.0831691076474657,0.7245870494404686,0.5101489851014899,14,0.1583011583011583,0.8262548262548263,0.8231949532319495,
county,20,Wisconsin,Racine,84,15,12.698142455317766,1.1812751394766605,0.7190693912564533,0.5597440255974403,11,0.4523809523809524,0.5476190476190477,0.8674041686740417,
county,20,Minnesota,Olmsted,20,5,3.8861561582557833,1.2866183952433197,0.7067030489397212,0.6599340065993401,2,0.7,0.2,0.9323265693232656,
county,20,Virginia,Fauquier,27,4,2.9074521643252496,1.3757749995272253,0.6903268036815752,0.656934306569343,4,0.5555555555555556,0.4444444444444444,0.9323265693232656,
county,20,Washington,Lewis,31,8,6.528679643528155,1.2253626210516175,0.6768101341406733,0.618938106189381,2,1.0,0.0,0.9132290923156818,
county,20,Florida,Collier,102,27,24.288424409384344,1.1116406542026653,0.6679351126450602,0.5797420257974203,9,0.8137254901960784,0.1568627450980392,0.8773360674589735,
county,20,Arkansas,Garland,75,14,11.948495689752882,1.1716956145371926,0.6654599963607482,0.595940405959404,8,0.5733333333333334,0.41333333333333333,0.891371915440035,
county,20,Wisconsin,Brown,38,7,5.624473478440021,1.2445609401186988,0.6651727807093504,0.6475352464753524,4,0.7105263157894737,0.10526315789473684,0.9287879292878791,
county,20,Florida,Highlands,39,12,10.255303454343538,1.1701262720721843,0.6579891589167293,0.6211378862113789,2,0.5384615384615384,0.46153846153846156,0.9140060087255524,
county,20,Oregon,Lincoln,20,6,4.795129595838329,1.251269622661997,0.6536235624868194,0.6697330266973303,1,1.0,0.0,0.9372457189632918,
county,20,South Carolina,Edgefield,25,3,2.150185447396848,1.3952284923293439,0.6480547058926124,0.7291270872912708,1,0.28,0.72,0.9767551546732118,
county,20,North Carolina,Cabarrus,85,20,17.71681148787104,1.1288712990874252,0.6288738861113827,0.6195380461953804,7,0.5529411764705883,0.4470588235294118,0.9132290923156818,
county,20,Indiana,Howard,35,10,8.484625564842059,1.1786023936562662,0.6129114060525751,0.6631336866313369,1,0.6857142857142857,0.2857142857142857,0.9323265693232656,
county,20,North Carolina,Pasquotank,23,6,4.850966151068995,1.2368670102300745,0.5987734844628767,0.7059294070592941,4,0.30434782608695654,0.6956521739130435,0.963140805919408,
county,20,Tennessee,Rutherford,53,9,7.5215810445119295,1.196556940188365,0.5917004119132374,0.6547345265473453,5,0.5660377358490566,0.39622641509433965,0.9318440443100933,
county,20,Alabama,Morgan,41,8,6.661537830662956,1.200923901261376,0.5800104477345841,0.6721327867213278,5,0.6341463414634146,0.34146341463414637,0.9372457189632918,
county,20,South Carolina,Williamsburg,43,4,3.044796581239226,1.3137166616142246,0.5789234440278083,0.7143285671432856,2,0.3023255813953488,0.6976744186046512,0.9681219477416328,
county,20,South Carolina,Clarendon,42,4,3.055364178467353,1.3091729058650219,0.5723895477280128,0.7373262673732627,3,0.23809523809523808,0.7619047619047619,0.9827540610424939,
county,20,North Carolina,Lincoln,31,7,5.824472155910022,1.2018256440452177,0.5622924952603866,0.7147285271472853,2,0.8387096774193549,0.16129032258064516,0.9681219477416328,
county,20,Alabama,Houston,58,10,8.549755114403972,1.1696241431702257,0.5526617930377024,0.6873312668733127,7,0.25862068965517243,0.7241379310344828,0.9491187023923215,
county,20,Tennessee,Bradley,41,6,4.928230276443032,1.2174755771214736,0.5241842886090431,0.7319268073192681,3,0.8048780487804879,0.17073170731707318,0.9776990952942325,
county,20,Illinois,Madison,47,13,11.544950981463248,1.1260333647906344,0.5128070525367023,0.7191280871912809,3,0.723404255319149,0.2553191489361702,0.9709938673327596,
county,20,Rhode Island,Providence,316,122,117.77902471457175,1.0358380899795823,0.5082011165032225,0.6551344865513449,3,0.6613924050632911,0.29430379746835444,0.9318440443100933,
county,20,Georgia,De Kalb,631,164,158.586074304311,1.0341387206880486,0.506077407440182,0.6363363663633637,14,0.21553090332805072,0.7385103011093502,0.920762253146502,
county,20,Missouri,Franklin,28,6,5.03713227906776,1.191153947839234,0.49867292855006196,0.7685231476852314,0,0.9642857142857143,0.03571428571428571,0.9966236253087019,
county,20,Georgia,Hall,67,13,11.524974325313345,1.1279851592768344,0.49287936646520447,0.716928307169283,8,0.7910447761194029,0.19402985074626866,0.969560186838459,
county,20,Missouri,St. Charles,42,9,7.818054880385766,1.1511814815446668,0.4830794153798974,0.7681231876812319,6,0.8571428571428571,0.14285714285714285,0.9966236253087019,
county,20,Georgia,Camden,23,5,4.146938453809622,1.2057087549507046,0.4796074186654538,0.7929207079292071,2,0.30434782608695654,0.6956521739130435,1.0,
county,20,Texas,Titus,22,5,4.14714314255429,1.205649245306836,0.4761387553644118,0.8177182281771823,1,0.5909090909090909,0.4090909090909091,1.0,
county,20,Minnesota,Anoka,25,4,3.232057722949796,1.2376016590289505,0.47391817151546545,0.8061193880611939,3,0.88,0.08,1.0,
county,20,Tennessee,Robertson,36,7,5.985681917589749,1.1694573978997345,0.46330978432804343,0.7677232276772322,4,0.6944444444444444,0.3055555555555556,0.9966236253087019,
county,20,Tennessee,Shelby,1676,270,263.2279636910041,1.0257268878808994,0.46199284159489484,0.6537346265373463,184,0.1718377088305489,0.8144391408114559,0.9318440443100933,
county,20,Kentucky,Kenton,33,10,8.878839779006348,1.126273279944142,0.45282247300066475,0.8089191080891911,1,0.7575757575757576,0.15151515151515152,1.0,
county,20,Washington,Grant,31,8,6.9755734957047375,1.1468591084196964,0.4501575255208432,0.807919208079192,3,0.9032258064516129,0.0967741935483871,1.0,
county,20,Alabama,Elmore,30,4,3.283637353249597,1.2181613161518785,0.4228337415453891,0.8305169483051695,3,0.36666666666666664,0.6333333333333333,1.0,
county,20,South Carolina,Cherokee,41,4,3.3126430371195923,1.207495028947664,0.4011117702724403,0.8653134686531346,3,0.6341463414634146,0.36585365853658536,1.0,
county,20,Florida,St. Lucie,159,51,48.84347521122887,1.0441517475864484,0.38370425687881293,0.7673232676732327,1,0.4025157232704403,0.5911949685534591,0.9966236253087019,
county,20,Arkansas,St. Francis,35,6,5.212786654016742,1.151015838213265,0.3823554297145345,0.8515148485151485,5,0.14285714285714285,0.8571428571428571,1.0,
county,20,North Carolina,Stanly,30,6,5.255583007168137,1.141643085422977,0.37012452786627104,0.8653134686531346,3,0.6,0.36666666666666664,1.0,
county,20,Virginia,Halifax,41,6,5.237655905524851,1.1455506257429022,0.3635404858497341,0.8619138086191381,4,0.5121951219512195,0.4878048780487805,1.0,
county,20,Georgia,Coweta,23,4,3.4266795061433,1.1673108012666078,0.33999774451595854,0.9055094490550945,4,0.391304347826087,0.6086956521739131,1.0,
county,20,Texas,Fort Bend,154,41,39.27572734666852,1.0439017370222614,0.33820347945237766,0.781921807819218,8,0.6948051948051948,0.2532467532467532,1.0,
county,20,New Jersey,Union,270,90,87.52150646427265,1.0283186800119706,0.33183988729592184,0.7843215678432157,7,0.4074074074074074,0.5703703703703704,1.0,
county,20,Hawaii,Maui,29,9,8.247986163847306,1.09117544831112,0.3304339465699366,0.8869113088691131,2,0.4827586206896552,0.034482758620689655,1.0,
county,20,Alaska,Juneau,204,39,37.279466627564744,1.046152306566615,0.3226972997550368,0.8021197880211979,21,0.5245098039215687,0.03431372549019608,1.0,
county,20,Arkansas,Crittenden,101,18,16.849474432004516,1.0682825789396808,0.3213652803828916,0.8563143685631437,9,0.297029702970297,0.693069306930693,1.0,
county,20,North Carolina,Wilson,82,18,16.940229731456522,1.0625593799696575,0.3014930222274128,0.8669133086691331,6,0.3170731707317073,0.6585365853658537,1.0,
county,20,Illinois,DuPage,36,11,10.23779385867059,1.0744502333072357,0.2925307486730374,0.9065093490650935,1,0.9166666666666666,0.08333333333333333,1.0,
county,20,Louisiana,Jefferson Davis,22,4,3.532524416371861,1.1323347070048755,0.27644558018814513,0.9641035896410359,2,0.5909090909090909,0.4090909090909091,1.0,
county,20,Kansas,Wyandotte,204,61,59.26126620302088,1.0293401391563666,0.2758208640654334,0.8355164483551645,3,0.43137254901960786,0.5392156862745098,1.0,
county,20,Louisiana,Lafayette,143,30,28.737924149292347,1.0439167367883366,0.27256174966258523,0.8643135686431357,7,0.4195804195804196,0.5524475524475524,1.0,
county,20,New York,Wayne,21,4,3.554712488777279,1.1252668148629617,0.27045164372880126,0.9807019298070193,1,0.7142857142857143,0.23809523809523808,1.0,
county,20,Washington,Clark,79,19,18.033074004230535,1.0536195878496715,0.26668217331133015,0.8773122687731227,9,0.8227848101265823,0.0759493670886076,1.0,
county,20,Virginia,Chesterfield,89,16,15.079465090391022,1.061045594395491,0.2663262511623052,0.8891110888911109,8,0.5617977528089888,0.39325842696629215,1.0,
county,20,New York,Tompkins,20,4,3.5601874789446404,1.123536337245289,0.2642995271886163,0.9887011298870113,1,0.8,0.2,1.0,
county,20,Alabama,Etowah,71,14,13.20118365478819,1.0605109637212018,0.2503630415003968,0.8787121287871212,5,0.5492957746478874,0.4507042253521127,1.0,
county,20,North Carolina,Durham,274,64,62.39560476103715,1.0257132733164038,0.2365015537299435,0.8741125887411259,14,0.22992700729927007,0.7627737226277372,1.0,
county,20,Texas,Medina,21,5,4.592550497099939,1.0887196565736954,0.23315855237669264,1.0,0,1.0,0.0,1.0,
county,20,Indiana,Allen,239,82,80.36919653750164,1.0202913993514593,0.23167800281160697,0.8625137486251375,2,0.40585774058577406,0.5690376569037657,1.0,
county,20,Arkansas,Benton,36,5,4.5741282361648015,1.0931044653422906,0.2209214580709916,0.9961003899610039,5,0.8888888888888888,0.027777777777777776,1.0,
county,20,Ohio,Trumbull,53,14,13.332789263578253,1.0500428472416041,0.21859630230832655,0.9537046295370463,2,0.5094339622641509,0.4528301886792453,1.0,
county,20,Oklahoma,McCurtain,57,12,11.379099088992039,1.0545650324469544,0.21698521632075266,0.9421057894210579,6,0.5789473684210527,0.21052631578947367,1.0,
county,20,Wisconsin,Kenosha,39,7,6.532590089072734,1.071550473021278,0.20707561072976607,0.9719028097190281,3,0.7435897435897436,0.23076923076923078,1.0,
county,20,Georgia,Chatham,387,116,114.19287307199647,1.0158252164026398,0.20644032515905156,0.8785121487851215,6,0.268733850129199,0.710594315245478,1.0,
county,20,South Carolina,Orangeburg,119,11,10.386977855185654,1.0590183355891432,0.20387250130563828,0.9407059294070593,6,0.19327731092436976,0.7815126050420168,1.0,
county,20,Missouri,Boone,51,10,9.468451920136749,1.0561388582153326,0.1959897942582084,0.9621037896210379,4,0.5686274509803921,0.4117647058823529,1.0,
county,20,New Jersey,Gloucester,59,15,14.380689346320903,1.0430654357913336,0.19385112140756172,0.9619038096190381,3,0.7796610169491526,0.22033898305084745,1.0,
county,20,California,Marin,42,15,14.435924405068416,1.0390744353533423,0.18754848930193424,0.9597040295970403,0,0.9285714285714286,0.07142857142857142,1.0,
county,20,Georgia,Toombs,28,5,4.64040394264372,1.0774924040667486,0.18613400665565694,1.0,2,0.42857142857142855,0.5714285714285714,1.0,
county,20,South Carolina,York,97,9,8.524764940817715,1.0557475851218836,0.17437435072107,0.9711028897110289,8,0.5463917525773195,0.4536082474226804,1.0,
county,20,Michigan,Kent,247,64,62.84823616209884,1.018326112365835,0.17410708599749927,0.9119088091190881,11,0.4251012145748988,0.5384615384615384,1.0,
county,20,Missouri,Cape Girardeau,23,5,4.676966439086448,1.0690690354786145,0.17090804556101943,1.0,0,0.5217391304347826,0.43478260869565216,1.0,
county,20,North Carolina,Rutherford,33,7,6.675216353736265,1.0486551489948257,0.14829526375097055,1.0,1,0.7575757575757576,0.24242424242424243,1.0,
county,20,Louisiana,St. Landry,44,6,5.680347987658664,1.0562733151271406,0.14486106312519637,1.0,6,0.2727272727272727,0.7045454545454546,1.0,
county,20,Maryland,Wicomico,60,13,12.561667626306113,1.0348944413061805,0.14084586384280964,0.9871012898710129,2,0.3333333333333333,0.6666666666666666,1.0,
county,20,Iowa,Linn,31,6,5.703128438547458,1.0520541602124873,0.14060216667501063,1.0,5,0.8064516129032258,0.16129032258064516,1.0,
county,20,Arkansas,Ouachita,37,5,4.737211716582307,1.0554731979780045,0.13248575835416104,1.0,3,0.2702702702702703,0.7297297297297297,1.0,
county,20,Oklahoma,Creek,25,5,4.745559539641525,1.0536165352542801,0.13093888339915702,1.0,2,0.88,0.08,1.0,
county,20,Louisiana,Iberville,20,4,3.7760325918822275,1.0593128906247422,0.1293030487739744,1.0,2,0.1,0.9,1.0,
county,20,Florida,Escambia,224,50,49.26568064442754,1.014905291999767,0.12276624021208166,0.9647035296470353,15,0.4955357142857143,0.4955357142857143,1.0,
county,20,Florida,Gadsden,46,11,10.666029375974858,1.031311616746285,0.12143220368083059,1.0,5,0.32608695652173914,0.6739130434782609,1.0,
county,20,Texas,Lamar,36,9,8.710362924569075,1.0332520100412754,0.11991179134468917,1.0,1,0.4722222222222222,0.5277777777777778,1.0,
county,20,Alabama,Escambia,26,4,3.796655876571856,1.0535587448635855,0.1183257709564375,1.0,3,0.4230769230769231,0.5769230769230769,1.0,
county,20,North Carolina,Anson,39,6,5.751753549273769,1.0431601334444476,0.11806692893907922,1.0,3,0.23076923076923078,0.7692307692307693,1.0,
county,20,Georgia,Houston,65,11,10.654852087324825,1.0323934963945458,0.11717481496760179,1.0,6,0.6153846153846154,0.38461538461538464,1.0,
county,20,Texas,Victoria,73,15,14.640481916855485,1.0245564377720793,0.10817369276438792,0.9993000699930007,5,0.7945205479452054,0.2054794520547945,1.0,
county,20,South Carolina,Colleton,50,4,3.804126224935011,1.051489820127705,0.107022137626073,1.0,4,0.42,0.58,1.0,
county,20,California,Merced,176,60,59.35532971080502,1.0108612030686372,0.10557834761891827,0.9633036696330367,0,0.8068181818181818,0.10795454545454546,1.0,
county,20,Louisiana,Plaquemines,22,3,2.8403331460410652,1.0562141290297171,0.10256221662834458,1.0,3,0.45454545454545453,0.45454545454545453,1.0,
county,20,Georgia,Walton,30,7,6.794488447242461,1.030246802883438,0.09421471926199933,1.0,4,0.6666666666666666,0.26666666666666666,1.0,
county,20,Virginia,Spotsylvania,26,4,3.8378052689766657,1.0422623660284314,0.09264219813057749,1.0,1,0.7307692307692307,0.2692307692307692,1.0,
county,20,Texas,Hunt,47,10,9.761302782033155,1.0244534180833111,0.08872252894159006,1.0,3,0.5319148936170213,0.46808510638297873,1.0,
county,20,Virginia,Loudoun,26,4,3.8845826440237032,1.0297116489859888,0.0658168268528145,1.0,2,0.7692307692307693,0.15384615384615385,1.0,
county,20,Arizona,Navajo,29,9,8.848217897276461,1.0171539743353584,0.06428318998626466,1.0,0,0.5862068965517241,0.034482758620689655,1.0,
county,20,South Carolina,Aiken,113,11,10.813989272398349,1.0172009350958415,0.061829823308733226,1.0,6,0.5221238938053098,0.4778761061946903,1.0,
county,20,Florida,Alachua,106,23,22.747528333971747,1.011098861481632,0.0609041365244073,1.0,8,0.39622641509433965,0.5943396226415094,1.0,
county,20,Kentucky,Franklin,143,33,32.71490171705766,1.008714630580525,0.057242911757442075,1.0,2,0.9370629370629371,0.055944055944055944,1.0,
county,20,North Carolina,Beaufort,38,6,5.877030202974127,1.02092379871787,0.057112636504000586,1.0,4,0.3684210526315789,0.631578947368421,1.0,
county,20,California,Madera,98,33,32.759076213943096,1.0073544133077343,0.05330595088648419,1.0,2,0.7857142857142857,0.1326530612244898,1.0,
county,20,Georgia,Columbia,23,3,2.9199369307291922,1.027419451573844,0.050914220458346864,1.0,2,0.6086956521739131,0.34782608695652173,1.0,
county,20,Kentucky,McCracken,44,13,12.871177703916409,1.0100085865526038,0.04377115402430885,1.0,0,0.6590909090909091,0.3409090909090909,1.0,
county,20,Tennessee,Anderson,23,3,2.970432815886616,1.0099538302819884,0.018688345926580183,1.0,3,0.6956521739130435,0.30434782608695654,1.0,
county,20,Arkansas,Phillips,39,6,5.991941597388547,1.001344873357071,0.003739198854446966,1.0,2,0.358974358974359,0.6410256410256411,1.0,
county,20,North Carolina,Rowan,79,16,15.999504797383302,1.0000309511214858,0.0001447891651833781,1.0,7,0.5443037974683544,0.43037974683544306,1.0,
county,20,Texas,Wood,26,5,5.0063355023758405,0.9987345030366355,-0.0032225169978905297,1.0,2,0.8846153846153846,0.11538461538461539,1.0,
county,20,West Virginia,Harrison,33,5,5.021891094183151,0.9956408664041904,-0.010741483761389604,1.0,4,0.9393939393939394,0.06060606060606061,1.0,
county,20,South Carolina,Dorchester,38,4,4.028952902668158,0.9928137897444806,-0.015631397772777368,1.0,1,0.47368421052631576,0.5263157894736842,1.0,
county,20,Mississippi,Madison,40,4,4.033966501677433,0.991579875127047,-0.01809212542107086,1.0,2,0.275,0.725,1.0,
county,20,Minnesota,Ramsey,193,35,35.10456344314386,0.9970213717850896,-0.019947879389740002,1.0,17,0.44041450777202074,0.40932642487046633,1.0,
county,20,Kentucky,Rowan,21,5,5.0403673054553675,0.9919911976629805,-0.02091381790407019,1.0,0,1.0,0.0,1.0,
county,20,West Virginia,Ohio,21,4,4.043283919648517,0.9892948601907037,-0.0246622045955736,1.0,1,0.8571428571428571,0.14285714285714285,1.0,
county,20,New Jersey,Bergen,123,35,35.14119635517071,0.9959820276537075,-0.029162282510723055,1.0,5,0.7317073170731707,0.21138211382113822,1.0,
county,20,Alabama,Dallas,46,8,8.078503002593088,0.9902824814736233,-0.031088370689041644,1.0,4,0.15217391304347827,0.8260869565217391,1.0,
county,20,Ohio,Scioto,26,6,6.08779166552426,0.9855790621053226,-0.041482951847954495,1.0,0,0.8076923076923077,0.19230769230769232,1.0,
county,20,Oregon,Polk,23,5,5.097565579738709,0.9808603581037775,-0.04974365725626709,1.0,3,0.7391304347826086,0.2608695652173913,1.0,
county,20,Alabama,Madison,157,30,30.268205990777076,0.9911390192448538,-0.056406450136683585,1.0,8,0.4968152866242038,0.4840764331210191,1.0,
county,20,North Carolina,Wilkes,36,5,5.114765962199051,0.9775618350776487,-0.05641396560648654,1.0,2,0.8611111111111112,0.1388888888888889,1.0,
county,20,Tennessee,Hamilton,256,38,38.401798855184744,0.9895369782884403,-0.07136887831958366,1.0,23,0.41796875,0.5625,1.0,
county,20,Pennsylvania,Northampton,62,16,16.245546689144327,0.9848852923300878,-0.0722264748378578,1.0,0,0.8225806451612904,0.14516129032258066,1.0,
county,20,Louisiana,Acadia,22,3,3.127090102782246,0.9593583495821975,-0.07940814453662444,1.0,3,0.5454545454545454,0.45454545454545453,1.0,
county,20,Georgia,Jackson,26,5,5.1696042719388275,0.9671920203139227,-0.08720095500476657,1.0,1,0.6538461538461539,0.34615384615384615,1.0,
county,20,California,Napa,35,10,10.238819206376043,0.9766751222418966,-0.08992129429385233,1.0,0,0.8857142857142857,0.05714285714285714,1.0,
county,20,Georgia,Baldwin,29,6,6.206122015269097,0.9667873086023818,-0.09680333512057095,1.0,1,0.20689655172413793,0.7931034482758621,1.0,
county,20,Pennsylvania,Lawrence,39,10,10.272868774965655,0.9734379187602766,-0.10246142220450505,1.0,1,0.7435897435897436,0.2564102564102564,1.0,
county,20,Virginia,Hanover,24,3,3.1675051750598326,0.9471176317630898,-0.1034485348913086,1.0,1,0.75,0.25,1.0,
county,20,Texas,Grayson,59,13,13.355297324075014,0.9733965245809589,-0.11611912069374121,1.0,4,0.6610169491525424,0.3389830508474576,1.0,
county,20,Alabama,Russell,42,6,6.266535845245005,0.9574667963565149,-0.11941138701469725,1.0,4,0.35714285714285715,0.6428571428571429,1.0,
county,20,Florida,Lake,59,13,13.403309568511487,0.9699097027901985,-0.12775182807287433,1.0,0,0.6271186440677966,0.3559322033898305,1.0,
county,20,North Carolina,Catawba,104,21,21.50216778560555,0.9766457135572292,-0.12808254409372496,1.0,6,0.6923076923076923,0.25961538461538464,1.0,
county,20,California,San Mateo,314,122,123.08782969225732,0.9911621669260309,-0.1288345595992956,0.9391060893910609,1,0.6273885350318471,0.24203821656050956,1.0,
county,20,Texas,Cameron,200,46,46.78240159204644,0.9832757283632173,-0.13672529811051684,0.9799020097990201,10,0.98,0.0,1.0,
county,20,Pennsylvania,Monroe,37,9,9.354303659440664,0.9621239942234407,-0.1385128697778867,1.0,1,0.7297297297297297,0.21621621621621623,1.0,
county,20,Indiana,Elkhart,60,16,16.468496200761965,0.9715519744455909,-0.13904117259497648,1.0,1,0.6833333333333333,0.3,1.0,
county,20,Alaska,Fairbanks North Star,35,8,8.354411667138866,0.9575779023994109,-0.1448712818345192,1.0,3,0.5428571428571428,0.2,1.0,
county,20,Oklahoma,Canadian,32,7,7.332533911258208,0.9546495228958105,-0.14657269719833793,1.0,0,0.84375,0.09375,1.0,
county,20,South Carolina,Richland,332,31,31.782201532603626,0.975388692573697,-0.15063722108343666,0.9841015898410159,20,0.22289156626506024,0.7710843373493976,1.0,
county,20,Georgia,Paulding,20,3,3.2509464623880744,0.9228081836193222,-0.15952330954642274,1.0,0,0.75,0.25,1.0,
county,20,Oklahoma,Muskogee,66,14,14.526144392511753,0.963779487640025,-0.16001519837698094,1.0,1,0.6363636363636364,0.3181818181818182,1.0,
county,20,Florida,Columbia,30,7,7.377099585724294,0.9488824054301729,-0.16310220815917723,1.0,0,0.4666666666666667,0.5333333333333333,1.0,
county,20,Colorado,Boulder,40,8,8.466215131083644,0.9449322839231975,-0.18415046964877968,1.0,2,0.95,0.05,1.0,
county,20,West Virginia,Wood,27,4,4.348225710052573,0.9199154475243736,-0.18545609390424805,1.0,2,0.9259259259259259,0.07407407407407407,1.0,
county,20,Texas,Matagorda,36,7,7.4416582518930285,0.9406505597350324,-0.18882584674346292,1.0,2,0.75,0.16666666666666666,1.0,
county,20,Kentucky,Whitley,21,5,5.3976344401722125,0.9263317209456063,-0.20087171544846993,1.0,2,1.0,0.0,1.0,
county,20,Georgia,Liberty,42,7,7.491122028137317,0.9344394569608372,-0.20602459920485727,1.0,2,0.3333333333333333,0.6666666666666666,1.0,
county,20,New Hampshire,Rockingham,32,7,7.497904371733648,0.9335941955180572,-0.21499252335978555,1.0,3,0.90625,0.0625,1.0,
county,20,Maryland,Carroll,25,4,4.4045648600882235,0.9081487336571722,-0.22026999297627786,1.0,2,0.88,0.08,1.0,
county,20,Tennessee,Cocke,28,4,4.410901558804666,0.9068440876934878,-0.22266232397457397,1.0,3,0.7142857142857143,0.10714285714285714,1.0,
county,20,Arkansas,Mississippi,96,13,13.762336567850898,0.9446070393575657,-0.2275982392197148,0.9669033096690332,8,0.25,0.75,1.0,
county,20,Georgia,Rockdale,26,4,4.42210287970563,0.9045470240769866,-0.22823123056575667,1.0,1,0.19230769230769232,0.7307692307692307,1.0,
county,20,North Carolina,Caswell,23,4,4.410883256589222,0.9068478504899394,-0.22977817008880927,1.0,0,0.34782608695652173,0.6521739130434783,1.0,
county,20,Ohio,Hamilton,638,178,180.57866318009405,0.9857200007205597,-0.23342627261804877,0.8623137686231377,7,0.2993730407523511,0.6865203761755486,1.0,
county,20,New York,Saratoga,28,4,4.46895784251359,0.8950632655219182,-0.2439527049103419,1.0,3,0.9642857142857143,0.03571428571428571,1.0,
county,20,South Carolina,Greenville,294,27,28.224612972069835,0.9566118772547325,-0.25084829451266094,0.8985101489851015,17,0.5204081632653061,0.46598639455782315,1.0,
county,20,California,Yolo,79,23,24.016586415601655,0.9576714859468429,-0.2536467997214564,0.9211078892110789,0,0.8860759493670886,0.0759493670886076,1.0,
county,20,Texas,Angelina,59,11,11.769205480827523,0.9346425311308748,-0.2585763082288789,0.9439056094390561,3,0.6440677966101694,0.3389830508474576,1.0,
county,20,Louisiana,Lafourche,45,5,5.560654172013656,0.8991747814788797,-0.26081207193824485,1.0,5,0.5777777777777777,0.4222222222222222,1.0,
county,20,Georgia,Clarke,63,18,18.937511524607277,0.9504944710719209,-0.26322334053825913,0.9097090290970903,2,0.3333333333333333,0.6349206349206349,1.0,
county,20,Florida,Nassau,38,8,8.667344377674159,0.9230047464834624,-0.2659876206380642,0.9795020497950205,3,0.8421052631578947,0.15789473684210525,1.0,
county,20,Florida,Polk,296,72,74.00725916103411,0.9728775368282931,-0.28303746159559134,0.8369163083691631,13,0.6351351351351351,0.35135135135135137,1.0,
county,20,Michigan,Ingham,152,42,43.51385497158579,0.965209817135845,-0.2836990830223373,0.8421157884211579,1,0.45394736842105265,0.4934210526315789,1.0,
county,20,Florida,Clay,32,5,5.607987154460253,0.8915854944537993,-0.2855551934475773,0.9987001299870013,5,0.75,0.25,1.0,
county,20,South Carolina,Beaufort,71,5,5.640761539124952,0.8864051361362187,-0.28704284310164974,0.9949005099490051,4,0.4788732394366197,0.5211267605633803,1.0,
county,20,California,Nevada,32,9,9.765345762214004,0.9216263529371965,-0.2976483162330524,0.9441055894410559,0,0.96875,0.0,1.0,
county,20,Alabama,Jackson,24,3,3.517612181334438,0.852851265389331,-0.30642664730609703,1.0,1,1.0,0.0,1.0,
county,20,New York,Westchester,288,101,103.42803928928112,0.9765243612277126,-0.30744775340769714,0.8101189881011899,2,0.4548611111111111,0.4444444444444444,1.0,
county,20,New Jersey,Burlington,78,19,20.15656260727587,0.9426210396182141,-0.3092144703842927,0.8867113288671132,2,0.6025641025641025,0.3333333333333333,1.0,
county,20,Mississippi,Washington,130,21,22.277646400369672,0.942648950548543,-0.30975320697645814,0.8627137286271372,8,0.14615384615384616,0.8461538461538461,1.0,
county,20,Georgia,Bartow,28,4,4.599235847990358,0.8697096935674228,-0.31361745620148007,0.9975002499750025,2,0.7142857142857143,0.21428571428571427,1.0,
county,20,Mississippi,Jackson,81,9,9.915734029566503,0.9076483872161165,-0.3171096215672216,0.9035096490350965,5,0.35802469135802467,0.5925925925925926,1.0,
county,20,Kentucky,Bell,22,5,5.640540411955862,0.8864398860438704,-0.318420717954932,0.9867013298670133,1,0.9545454545454546,0.045454545454545456,1.0,
county,20,North Carolina,Richmond,67,10,10.95159856016895,0.9131087069215702,-0.3215897348173906,0.8979102089791021,7,0.4925373134328358,0.43283582089552236,1.0,
county,20,Kansas,Shawnee,98,23,24.40481943495988,0.9424368027510387,-0.3344413409716405,0.8687131286871312,1,0.5816326530612245,0.3673469387755102,1.0,
county,20,California,Monterey,308,124,126.83220290544384,0.9776696860847296,-0.3405344199760138,0.7845215478452154,0,0.8603896103896104,0.11688311688311688,1.0,
county,20,Florida,Osceola,70,14,15.138907144390624,0.9247695270518507,-0.34348628128387754,0.8645135486451355,4,0.7714285714285715,0.21428571428571427,1.0,
county,20,Arkansas,Saline,20,2,2.497237911750048,0.8008848458489135,-0.34717546267637533,1.0,0,0.8,0.2,1.0,
county,20,Texas,Ector,130,28,29.629463420956363,0.9450053010476095,-0.3526919399641306,0.8057194280571943,5,0.8692307692307693,0.13076923076923078,1.0,
county,20,Virginia,Franklin,24,3,3.6120739814153144,0.8305477726744992,-0.35726480803908855,1.0,2,0.6666666666666666,0.3333333333333333,1.0,
county,20,Alabama,Calhoun,88,15,16.27008430845376,0.9219374476262647,-0.3575038084082374,0.8595140485951405,8,0.4659090909090909,0.5340909090909091,1.0,
county,20,Florida,Martin,43,9,9.965772843123077,0.9030910238146245,-0.3654931463911016,0.8825117488251175,4,0.6976744186046512,0.3023255813953488,1.0,
county,20,Pennsylvania,Erie,88,20,21.42908305419172,0.9333110497272453,-0.3665273816492351,0.8393160683931606,4,0.6704545454545454,0.32954545454545453,1.0,
county,20,West Virginia,Kanawha,144,24,25.677438165162027,0.9346726821276938,-0.37146601886252056,0.7883211678832117,9,0.7222222222222222,0.2708333333333333,1.0,
county,20,Texas,Galveston,255,62,64.50709470396198,0.9611345896840089,-0.37296523070591875,0.7631236876312368,16,0.6039215686274509,0.38823529411764707,0.9966236253087019,
county,20,South Carolina,Saluda,20,1,1.426768204077223,0.7008846967169137,-0.37334319710681274,1.0,1,0.4,0.6,1.0,
county,20,Tennessee,Montgomery,63,8,9.019972223880712,0.8869206912655121,-0.3741412697909209,0.9005099490050995,4,0.5555555555555556,0.4126984126984127,1.0,
county,20,North Carolina,Iredell,69,12,13.150695869240135,0.9124992410529662,-0.3770515208040884,0.8515148485151485,5,0.5507246376811594,0.4492753623188406,1.0,
county,20,Louisiana,East Baton Rouge,775,200,204.5656738388495,0.977681134116146,-0.3795049177583447,0.7405259474052595,17,0.16774193548387098,0.8232258064516129,0.9827540610424939,
county,20,Colorado,Weld,57,11,12.128984440957241,0.9069184690232697,-0.38033295183336824,0.8645135486451355,5,0.9824561403508771,0.017543859649122806,1.0,
county,20,North Carolina,Wayne,115,25,26.68627002493593,0.9368113256981864,-0.38816151590350295,0.7943205679432057,7,0.33043478260869563,0.6608695652173913,1.0,
county,20,South Carolina,Lexington,119,7,8.053099875412318,0.8692304961189371,-0.3912758155119517,0.9005099490050995,7,0.6638655462184874,0.33613445378151263,1.0,
county,20,Texas,McLennan,201,47,49.374012598392724,0.9519177706356804,-0.3994471719414705,0.7527247275272473,8,0.5771144278606966,0.4228855721393035,0.9896936232302695,
county,20,South Dakota,Pennington,33,4,4.801603103536171,0.8330551096683053,-0.40047138147837513,0.9437056294370563,3,0.6363636363636364,0.030303030303030304,1.0,
county,20,Pennsylvania,Cumberland,45,9,10.114980783065805,0.8897693621986438,-0.4056768104672641,0.841915808419158,2,0.8666666666666667,0.08888888888888889,1.0,
county,20,Arkansas,Miller,44,5,5.8966887140475714,0.8479335170073661,-0.4098456776011888,0.9157084291570843,2,0.5454545454545454,0.45454545454545453,1.0,
county,20,New Jersey,Middlesex,150,40,42.18823294063432,0.9481316758700579,-0.41168316827404383,0.7619238076192381,7,0.6266666666666667,0.3,0.9966236253087019,
county,20,Louisiana,Terrebonne,85,12,13.367971547276337,0.8976679788374434,-0.41388716999692526,0.8167183281671833,7,0.4588235294117647,0.5176470588235295,1.0,
county,20,Mississippi,Rankin,23,2,2.6365233389627174,0.758574737588652,-0.4237203393950111,0.9863013698630136,2,0.6956521739130435,0.30434782608695654,1.0,
county,20,Florida,Okaloosa,44,7,8.089162905277613,0.8653553009091942,-0.4396784360707404,0.8471152884711529,2,0.7272727272727273,0.22727272727272727,1.0,
county,20,Maryland,Dorchester,23,3,3.756329885397419,0.7986519000001515,-0.44268157076900344,0.9157084291570843,0,0.391304347826087,0.5652173913043478,1.0,
county,20,Texas,Kaufman,63,14,15.416848772685482,0.9080973814054817,-0.44506512909405505,0.7963203679632037,1,0.6825396825396826,0.30158730158730157,1.0,
county,20,Texas,Ellis,55,11,12.313568042891788,0.8933235242363348,-0.4470463008614517,0.8025197480251974,6,0.6545454545454545,0.34545454545454546,1.0,
county,20,Louisiana,Webster,42,5,6.006107686386428,0.8324859061939743,-0.44791376493932333,0.8483151684831517,2,0.40476190476190477,0.5714285714285714,1.0,
county,20,Pennsylvania,Bradford,22,5,5.897070914459923,0.8478785608190231,-0.4479413969278859,0.8671132886711329,1,0.9545454545454546,0.045454545454545456,1.0,
county,20,Minnesota,Dakota,33,4,4.887983575250769,0.8183333553437293,-0.44898359057792503,0.8687131286871312,1,0.7878787878787878,0.12121212121212122,1.0,
county,20,Virginia,Martinsville,24,5,5.972903648904659,0.8371137881852363,-0.4639183833673658,0.8625137486251375,1,0.375,0.625,1.0,
county,20,Virginia,Suffolk,67,11,12.46427333733819,0.8825223663098123,-0.4676407986234888,0.7741225877412259,4,0.2537313432835821,0.746268656716418,0.9983255834779607,
county,20,West Virginia,Raleigh,60,8,9.286798835441601,0.8614378476110911,-0.47385421392683846,0.7969203079692031,5,0.75,0.23333333333333334,1.0,
county,20,North Carolina,Johnston,91,15,16.701388279679236,0.8981289308895756,-0.4751037317885939,0.773922607739226,7,0.4725274725274725,0.5164835164835165,0.9983255834779607,
county,20,South Carolina,Marlboro,44,3,3.8798114211064996,0.7732334576056321,-0.47714669745462185,0.8967103289671033,2,0.25,0.6818181818181818,1.0,
county,20,Georgia,Whitfield,41,6,7.135778357258406,0.8408332910027805,-0.4845539927223054,0.8121187881211879,2,0.7560975609756098,0.21951219512195122,1.0,
county,20,Tennessee,Maury,48,5,6.109607289918923,0.8183832057831579,-0.48738331050587697,0.8363163683631637,4,0.625,0.375,1.0,
county,20,Virginia,Pittsylvania,47,5,6.117670276940734,0.8173045904167873,-0.49621900530874413,0.82991700829917,3,0.5531914893617021,0.44680851063829785,1.0,
county,20,Louisiana,Ascension,61,9,10.438928868768107,0.8621574218143021,-0.5018761618583784,0.7745225477452254,6,0.4262295081967213,0.5573770491803278,0.9983255834779607,
county,20,Iowa,Polk,143,26,28.39120686353096,0.9157764981592765,-0.511044355526315,0.6955304469553044,5,0.6293706293706294,0.32867132867132864,0.9556261765127836,
county,20,Virginia,Accomack,27,3,3.9096740833363723,0.7673273874122802,-0.5136243527863091,0.8647135286471352,2,0.37037037037037035,0.6296296296296297,1.0,
county,20,North Carolina,Person,21,2,2.7770797557222684,0.7201809727930684,-0.5139342818618804,0.9173082691730827,1,0.38095238095238093,0.6190476190476191,1.0,
county,20,North Carolina,Lee,54,10,11.479637068937448,0.8711076787487322,-0.516623227555083,0.7473252674732527,5,0.5,0.5,0.9895926815987133,
county,20,Hawaii,Honolulu,300,70,73.75610511911168,0.949073976817976,-0.5173501146480262,0.6721327867213278,10,0.43333333333333335,0.056666666666666664,0.9372457189632918,
county,20,Louisiana,St. Charles,21,3,3.894390137503202,0.7703388448706837,-0.5241420371589339,0.8589141085891411,2,0.38095238095238093,0.6190476190476191,1.0,
county,20,Florida,Hillsborough,827,213,219.46207002657655,0.9705549572835342,-0.528595722778492,0.6453354664533547,32,0.6009673518742442,0.3905683192261185,0.9271936212786817,
county,20,Texas,Howard,25,4,5.049817078394639,0.7921078997324036,-0.5308522194385811,0.8061193880611939,3,0.92,0.08,1.0,
county,20,Ohio,Warren,23,5,6.07097689886571,0.8235906812516764,-0.5337127770897766,0.7975202479752025,0,0.9565217391304348,0.043478260869565216,1.0,
county,20,Georgia,Cherokee,27,3,3.9791651550163705,0.7539269879808891,-0.5477114169804944,0.8343165683431657,2,0.8888888888888888,0.07407407407407407,1.0,
county,20,South Carolina,Oconee,32,1,1.6950247129090457,0.5899618998968893,-0.5510056670303775,0.9793020697930207,1,0.84375,0.15625,1.0,
county,20,Florida,De Soto,24,4,5.071283248007771,0.7887549963949224,-0.5562271819530648,0.8049195080491951,0,0.625,0.375,1.0,
county,20,Ohio,Allen,62,12,13.819181396298774,0.8683582374288821,-0.5603684250770832,0.6977302269773022,0,0.3387096774193548,0.6612903225806451,0.9557333655701954,
county,20,North Carolina,Rockingham,71,12,13.796336875759604,0.869796099360563,-0.5629969191739016,0.7065293470652935,4,0.49295774647887325,0.5070422535211268,0.963140805919408,
county,20,Colorado,Pueblo,92,20,22.261748518934787,0.8984020272706319,-0.56324658403542,0.6625337466253375,2,0.9347826086956522,0.05434782608695652,0.9323265693232656,
county,20,Alabama,Tallapoosa,31,4,5.124192449567947,0.7806108063597934,-0.5657669327483553,0.8017198280171983,1,0.3225806451612903,0.6774193548387096,1.0,
county,20,Tennessee,Tipton,24,2,2.883787401424998,0.6935324008322242,-0.5676261474122197,0.8563143685631437,2,0.375,0.5416666666666666,1.0,
county,20,Maryland,Baltimore,346,97,101.67134768138098,0.9540544333491072,-0.5686153927964065,0.595940405959404,4,0.5115606936416185,0.47398843930635837,0.891371915440035,
county,20,Virginia,Prince Edward,23,2,2.9003360055514573,0.6895752754756181,-0.5715622947225314,0.8557144285571443,2,0.4782608695652174,0.5217391304347826,1.0,
county,20,Kentucky,Madison,33,7,8.435887906396543,0.8297881714018776,-0.5796971180182906,0.7265273472652735,1,0.9393939393939394,0.06060606060606061,0.9748051966456898,
county,20,Tennessee,Blount,22,2,2.9127619159161213,0.6866335312445062,-0.5911394653642876,0.8549145085491451,2,0.8636363636363636,0.13636363636363635,1.0,
county,20,Oklahoma,Le Flore,27,4,5.1820385689797686,0.7718969951216541,-0.5923821397105665,0.7863213678632137,2,0.8148148148148148,0.1111111111111111,1.0,
county,20,North Carolina,Carteret,29,4,5.193916647864725,0.7701317274016022,-0.5927293499373573,0.7675232476752325,2,0.6551724137931034,0.3448275862068966,0.9966236253087019,
county,20,Indiana,Porter,23,4,5.133434756935795,0.779205383801867,-0.5986094038489863,0.7489251074892511,1,1.0,0.0,0.9895926815987133,
county,20,Louisiana,Allen,23,2,2.9684700519663325,0.6737477437830939,-0.6062660961867361,0.8385161483851615,2,0.4782608695652174,0.4782608695652174,1.0,
county,20,South Carolina,Charleston,337,33,36.38246152684437,0.9070304376093778,-0.608554523878982,0.6187381261873812,24,0.258160237388724,0.7418397626112759,0.9132290923156818,
county,20,Maryland,Cecil,33,5,6.347677190973319,0.7876897090970889,-0.60855633771823,0.7245275472452755,1,0.7575757575757576,0.24242424242424243,0.973655315856427,
county,20,New York,Oneida,84,23,25.522130425692826,0.9011786875301826,-0.617369756725926,0.6271372862713729,2,0.6309523809523809,0.3333333333333333,0.9165025178442706,
county,20,Missouri,Greene,97,16,18.316286861182693,0.8735394963653059,-0.6192150957133182,0.6501349865013498,4,0.845360824742268,0.13402061855670103,0.9309495941162186,
county,20,Texas,Upshur,21,3,4.073761771600532,0.7364200874272862,-0.6263298088127413,0.7697230276972302,2,0.7142857142857143,0.2857142857142857,0.9966626437660184,
county,20,Oklahoma,Caddo,22,3,4.145031859815418,0.7237580075279789,-0.6302610713985668,0.775922407759224,0,0.6363636363636364,0.13636363636363635,0.9986191713154969,
county,20,Iowa,Pottawattamie,25,4,5.2514669700120935,0.7616919277682876,-0.6316655023326464,0.7495250474952505,2,0.96,0.04,0.9895926815987133,
county,20,Texas,Smith,154,29,32.06451990132372,0.9044264529531532,-0.632622215967871,0.6047395260473952,8,0.5584415584415584,0.42857142857142855,0.9007658674691971,
county,20,Alaska,Anchorage,188,41,44.60164593427443,0.919248586933723,-0.6346774963922742,0.6013398660133986,5,0.5478723404255319,0.17553191489361702,0.8972706932459118,
county,20,North Carolina,Caldwell,54,9,10.742083669715907,0.8378262799584041,-0.6349720894721658,0.6799320067993201,4,0.8888888888888888,0.1111111111111111,0.9450278463181414,
county,20,Oklahoma,Pottawatomie,39,6,7.548349844754036,0.7948757176603162,-0.6372955082050774,0.6999300069993001,3,0.7435897435897436,0.10256410256410256,0.9572076500215146,
county,20,Oklahoma,Comanche,86,15,17.331988413756697,0.8654517670975502,-0.6390672256575278,0.6265373462653735,5,0.4883720930232558,0.4418604651162791,0.9165025178442706,
county,20,Texas,Jim Wells,23,3,4.153223530165568,0.7223304929798482,-0.6400322309649025,0.7639236076392361,1,1.0,0.0,0.9966236253087019,
county,20,North Carolina,Burke,49,6,7.58041659976709,0.7915132263554422,-0.6435523570869381,0.6647335266473353,4,0.8163265306122449,0.1836734693877551,0.9330361856730307,
county,20,Vermont,Chittenden,21,3,4.164561463558017,0.7203639629890185,-0.6509115582960273,0.7579242075792421,0,0.7619047619047619,0.14285714285714285,0.9949944913058771,
county,20,Oklahoma,Stephens,20,3,4.150797599733568,0.7227526584752203,-0.6537790536901655,0.7321267873212679,1,0.85,0.1,0.9776990952942325,
county,20,Pennsylvania,Dauphin,142,35,38.377235594247864,0.9119989873696359,-0.6555437136754989,0.5771422857714229,5,0.4225352112676056,0.5704225352112676,0.8773360674589735,
county,20,Texas,Gray,22,4,5.247779050673791,0.762227212955244,-0.6609850783637387,0.7147285271472853,1,0.8181818181818182,0.13636363636363635,0.9681219477416328,
county,20,Georgia,Decatur,25,3,4.189207363384361,0.7161259254486679,-0.6617895759295163,0.7503249675032497,1,0.2,0.8,0.9895926815987133,
county,20,Pennsylvania,Lebanon,36,7,8.659185193099791,0.8083901480220173,-0.6651205909206958,0.6901309869013099,0,0.8611111111111112,0.1111111111111111,0.9499056556379903,
county,20,Oklahoma,Osage,25,4,5.323764350772313,0.7513480568349582,-0.6687918441856483,0.7213278672132787,0,0.92,0.04,0.9716942997643364,
county,20,North Carolina,Edgecombe,47,6,7.653135032026119,0.7839924390320783,-0.6813606445175295,0.658934106589341,2,0.3617021276595745,0.6382978723404256,0.9323265693232656,
county,20,Mississippi,Lauderdale,89,11,13.236835891385747,0.8310143066107337,-0.6873977962055262,0.6101389861013898,5,0.30337078651685395,0.6853932584269663,0.9056418399971848,
county,20,Pennsylvania,Chester,78,18,20.608343937228973,0.8734326278145523,-0.6878902328833358,0.5943405659434057,1,0.7051282051282052,0.28205128205128205,0.891371915440035,
county,20,Georgia,Colquitt,32,5,6.53306158349398,0.7653379561938745,-0.6908110316453959,0.6831316868313169,3,0.34375,0.65625,0.9463873124882634,
county,20,Georgia,Carroll,39,5,6.566456970695358,0.761445635342452,-0.6910347891525633,0.6615338466153384,3,0.6666666666666666,0.3333333333333333,0.9323265693232656,
county,20,Oregon,Clackamas,85,17,19.57029862336845,0.8686632905897861,-0.6923549440662012,0.5813418658134186,1,0.9529411764705882,0.023529411764705882,0.8781972866543133,
county,20,South Carolina,Chesterfield,45,2,3.1763524110838235,0.6296530551902983,-0.6958754219453092,0.7525247475252475,1,0.4222222222222222,0.5777777777777777,0.9896936232302695,
county,20,Georgia,Crisp,26,4,5.408257144666942,0.7396098027521457,-0.6999931494138593,0.6897310268973103,0,0.3076923076923077,0.6923076923076923,0.9499056556379903,
county,20,Virginia,Dinwiddie,29,3,4.290834024884412,0.6991647737017316,-0.7021404804213588,0.7091290870912909,1,0.5172413793103449,0.4827586206896552,0.9651405466482106,
county,20,Washington,Skagit,24,4,5.387762920800321,0.7424231650129518,-0.7025050705268164,0.6823317668233176,0,0.9166666666666666,0.041666666666666664,0.9463873124882634,
county,20,Virginia,Chesapeake,86,18,20.714680894638867,0.8689489397183304,-0.7056238190854622,0.573942605739426,2,0.47674418604651164,0.5232558139534884,0.8773360674589735,
county,20,Oregon,Lane,85,16,18.676544200299112,0.8566895368011258,-0.7159390821158848,0.5793420657934206,7,0.9764705882352941,0.0,0.8773360674589735,
county,20,Alabama,Chambers,34,4,5.495980000897931,0.7278046862154669,-0.7192011172485008,0.6587341265873413,1,0.2647058823529412,0.7352941176470589,0.9323265693232656,
county,20,New York,Schenectady,59,16,18.50366534607917,0.8646935458865892,-0.7215604240299069,0.5787421257874212,1,0.5084745762711864,0.4745762711864407,0.8773360674589735,
county,20,Nevada,Elko,20,3,4.29481017365381,0.6985174847548036,-0.7241206901765438,0.6853314668533147,1,1.0,0.0,0.947893522336078,
county,20,South Carolina,Dillon,48,2,3.252717984386922,0.61487039749527,-0.7264907266938162,0.7219278072192781,2,0.1875,0.7708333333333334,0.9716942997643364,
county,20,South Carolina,Fairfield,29,1,1.9685014803851812,0.5080006339666697,-0.7269645801157749,0.7945205479452054,0,0.3448275862068966,0.6551724137931034,1.0,
county,20,New York,Chemung,22,3,4.347686453994859,0.690022160462712,-0.7276679436745492,0.6795320467953204,0,0.7727272727272727,0.22727272727272727,0.9450278463181414,
county,20,Alabama,Limestone,20,2,3.1279632675224103,0.6393936977348699,-0.730110068787963,0.7393260673932607,1,0.5,0.5,0.9827540610424939,
county,20,Georgia,Ware,31,5,6.642650156700191,0.7527116259399402,-0.7351430533723792,0.6365363463653635,0,0.3548387096774194,0.6451612903225806,0.920762253146502,
county,20,Tennessee,Hamblen,30,2,3.2402186692128025,0.6172422926277045,-0.7362581028306349,0.6965303469653035,2,0.8333333333333334,0.13333333333333333,0.9556261765127836,
county,20,Pennsylvania,Indiana,31,5,6.661095595564723,0.7506272696835697,-0.7365887969692624,0.6335366463353664,1,0.9032258064516129,0.0967741935483871,0.9195455241528657,
county,20,Washington,Yakima,152,32,35.772103690953614,0.8945518070857114,-0.7370503181039981,0.527947205279472,3,0.9078947368421053,0.02631578947368421,0.8407682596226358,
county,20,Kentucky,Warren,42,9,11.070471518498895,0.8129735020735918,-0.7378579588174674,0.5871412858714129,2,0.5476190476190477,0.42857142857142855,0.8853882753317589,
county,20,Illinois,Lake,73,14,16.558387949681578,0.8454929334029297,-0.7418800897388628,0.5647435256474352,0,0.5616438356164384,0.4383561643835616,0.872176566127171,
county,20,Georgia,Polk,23,4,5.489081310819994,0.7287193928272223,-0.7458955980952227,0.6431356864313569,0,0.6521739130434783,0.34782608695652173,0.9255939270937772,
county,20,Oregon,Linn,31,5,6.619623413503607,0.7553299768987343,-0.7523641817972421,0.6125387461253875,0,0.9032258064516129,0.06451612903225806,0.9076226290414438,
county,20,California,Kern,652,211,219.95603926009233,0.9592825944210513,-0.766044602921151,0.48255174482551744,11,0.7699386503067485,0.20245398773006135,0.7846070354796582,
county,20,Michigan,Oakland,312,80,85.87114817713001,0.9316283955465537,-0.7701650773454348,0.48875112488751127,6,0.5224358974358975,0.4519230769230769,0.7931732541031611,
county,20,Texas,Limestone,21,3,4.418932668553033,0.6788969701550898,-0.7761508128486859,0.6539346065393461,0,0.6190476190476191,0.38095238095238093,0.9318440443100933,
county,20,Tennessee,Putnam,20,2,3.272130552298006,0.6112225560790681,-0.783470680420458,0.6703329667033296,2,0.9,0.05,0.9372457189632918,
county,20,South Carolina,Barnwell,24,1,2.053869889251523,0.48688575904115466,-0.7852437369678256,0.7395260473952605,1,0.16666666666666666,0.8333333333333334,0.9827540610424939,
county,20,Alabama,Colbert,22,3,4.371539179057918,0.6862571458518897,-0.7900010384944761,0.6311368863113689,1,0.4090909090909091,0.5909090909090909,0.9182071553936756,
county,20,New Hampshire,Hillsborough,62,11,13.52441124020017,0.8133440934791623,-0.7965094436010117,0.5407459254074592,0,0.9193548387096774,0.04838709677419355,0.8515998677396586,
county,20,Florida,Broward,947,273,284.0883644113578,0.9609686076572219,-0.8101804475739408,0.43715628437156284,13,0.53220696937698,0.45406546990496305,0.7339830722810071,
county,20,Texas,Hays,33,5,6.823677476328932,0.7327427208194999,-0.8111381933601219,0.5681431856814319,4,0.9090909090909091,0.09090909090909091,0.872176566127171,
county,20,Tennessee,Sumner,27,2,3.404337558552962,0.5874858076207091,-0.8244890957977971,0.6315368463153684,1,0.7037037037037037,0.2962962962962963,0.9182071553936756,
county,20,Mississippi,DeSoto,24,2,3.401311036244317,0.5880085586669468,-0.8308257233324837,0.622937706229377,2,0.5833333333333334,0.4166666666666667,0.9150740098403952,
county,20,Tennessee,Roane,25,2,3.3853519713430753,0.5907805205869147,-0.83331738526968,0.6377362263773623,0,0.84,0.16,0.9209343472432417,
county,20,West Virginia,Cabell,51,8,10.366307821608414,0.7717308937444554,-0.8371071760017661,0.5257474252574742,6,0.7843137254901961,0.21568627450980393,0.8388329706355206,
county,20,Colorado,Mesa,42,6,8.105651761552611,0.7402242504988543,-0.837913355884924,0.5347465253474653,2,0.9523809523809523,0.023809523809523808,0.8468476572417107,
county,20,Georgia,Spalding,49,8,10.333276683896827,0.7741977926969711,-0.8405609505006056,0.5229477052294771,3,0.20408163265306123,0.7959183673469388,0.8359314162392392,
county,20,Pennsylvania,York,130,28,31.999531208609575,0.8750128187023725,-0.840861084594169,0.4707529247075293,2,0.7230769230769231,0.2692307692307692,0.7698301187155757,
county,20,Pennsylvania,Crawford,23,4,5.709921987542737,0.7005349650532439,-0.8422736795298171,0.5753424657534246,1,0.782608695652174,0.17391304347826086,0.8773360674589735,
county,20,Oregon,Klamath,47,7,9.248955278024676,0.7568422367261147,-0.8432344617157305,0.5335466453354665,3,0.8085106382978723,0.0,0.846520934498729,
county,20,Mississippi,Adams,33,2,3.473118346418146,0.5758513821052529,-0.8452881597081696,0.638936106389361,2,0.18181818181818182,0.8181818181818182,0.9211058589572514,
county,20,Kentucky,Perry,32,6,8.04440356439431,0.7458601438839872,-0.8501338582552227,0.5387461253874612,1,1.0,0.0,0.8500216645002167,
county,20,Pennsylvania,Centre,23,4,5.709035042798039,0.7006437988230619,-0.8525652760411012,0.5681431856814319,2,0.9130434782608695,0.08695652173913043,0.872176566127171,
county,20,New Mexico,Valencia,32,6,8.075585290975157,0.742980203144567,-0.8577346246152606,0.5387461253874612,0,0.875,0.0,0.8500216645002167,
county,20,Indiana,Delaware,38,9,11.395006698021787,0.7898196322747605,-0.8611201074849598,0.5029497050294971,0,0.6842105263157895,0.3157894736842105,0.814663780770212,
county,20,Wisconsin,Waukesha,25,2,3.4347446938882733,0.5822849085577645,-0.8618278002723117,0.5963403659634037,1,0.92,0.04,0.891371915440035,
county,20,Virginia,Roanoke,131,20,23.751983495386018,0.8420349401086917,-0.8640886708087383,0.46735326467353266,12,0.5038167938931297,0.48854961832061067,0.7672157639727357,
county,20,Texas,Chambers,24,5,6.725100256101309,0.7434833399641556,-0.867830176954173,0.5487451254874512,0,0.8333333333333334,0.16666666666666666,0.8600581118358752,
county,20,Tennessee,Gibson,29,2,3.5236483001216827,0.5675935364862985,-0.8730798729835804,0.5723427657234277,2,0.5862068965517241,0.41379310344827586,0.8770432309287057,
county,20,West Virginia,Marion,30,3,4.731882158467373,0.6339971917161354,-0.875747471252548,0.55994400559944,1,0.8,0.16666666666666666,0.8674041686740417,
county,20,Louisiana,Morehouse,23,2,3.4690721761500662,0.5765230293419769,-0.8764936909535116,0.591940805919408,0,0.2608695652173913,0.6956521739130435,0.8910487043168475,
county,20,Oklahoma,Kay,21,3,4.611263349214236,0.6505809303888929,-0.8836705075358998,0.5667433256674332,1,0.5714285714285714,0.14285714285714285,0.872176566127171,
county,20,New Mexico,Chaves,64,21,24.357718995147188,0.8621496948948237,-0.8844530644971621,0.47595240475952405,0,0.90625,0.09375,0.7753564987669493,
county,20,Georgia,Thomas,27,3,4.708078108596861,0.6372026824538143,-0.8899944227518849,0.5491450854914508,1,0.2962962962962963,0.7037037037037037,0.8600581118358752,
county,20,Louisiana,Ouachita,115,15,18.45304863412238,0.8128738127456518,-0.8972743792929403,0.44415558444155584,7,0.34782608695652173,0.6434782608695652,0.7391026522347766,
county,20,Texas,Webb,143,43,47.83319532473441,0.8989572975018213,-0.8979840000230725,0.4163583641635836,6,0.986013986013986,0.013986013986013986,0.7202395379123345,
county,20,Florida,Charlotte,32,4,5.92954039875824,0.6745885399208473,-0.9025131248584454,0.5197480251974802,3,0.875,0.125,0.8323784162937088,
county,20,Ohio,Lake,23,4,5.859474229060046,0.6826551058390207,-0.9070321865163955,0.5329467053294671,2,0.9565217391304348,0.043478260869565216,0.846520934498729,
county,20,North Carolina,Surry,29,3,4.771311338332193,0.6287579634341461,-0.9095572033098106,0.5523447655234477,1,0.896551724137931,0.10344827586206896,0.8619006231245008,
county,20,Louisiana,Madison,23,2,3.5569745715632957,0.5622755967920785,-0.9194719796943754,0.5457454254574543,1,0.13043478260869565,0.8260869565217391,0.8578876429700204,
county,20,California,Imperial,73,18,21.576731648030286,0.8342320001761341,-0.9386464333964564,0.413958604139586,0,0.9178082191780822,0.0136986301369863,0.719781083116178,
county,20,Wisconsin,Dane,80,10,13.040459244936635,0.7668441587962335,-0.9605968295821717,0.4393560643935606,4,0.675,0.3,0.7339830722810071,
county,20,Delaware,Kent,46,4,6.1974525026931815,0.6454264874578304,-0.9610159211512008,0.47595240475952405,3,0.6086956521739131,0.34782608695652173,0.7753564987669493,
county,20,Indiana,La Porte,55,10,13.009022844979103,0.7686972433797785,-0.972653329356539,0.42395760423957607,2,0.6363636363636364,0.36363636363636365,0.7238715006254886,
county,20,Rhode Island,Kent,27,5,7.186685020786074,0.6957310617535738,-0.9727941307278859,0.46215378462153783,1,1.0,0.0,0.7616151344246619,
county,20,South Carolina,Marion,30,1,2.4486692551155365,0.4083850842292773,-0.9910975062204226,0.5517448255174483,1,0.3,0.7,0.8619006231245008,
county,20,Missouri,Jackson,1281,452,468.4437204215877,0.964897127008579,-0.9917127279540842,0.33056694330566944,10,0.336455893832943,0.6502732240437158,0.6357630602628224,
county,20,New Mexico,Santa Fe,175,54,59.929283711370374,0.9010619960030423,-0.9980302871943886,0.3725627437256274,4,0.9142857142857143,0.017142857142857144,0.6811693298755231,
county,20,North Carolina,Craven,48,6,8.52475814575688,0.703832284436884,-0.9985649564651619,0.41675832416758324,4,0.2708333333333333,0.7291666666666666,0.7202395379123345,
county,20,Louisiana,Washington,48,6,8.638294129080009,0.694581581773369,-0.9996824968223406,0.4233576642335766,4,0.3541666666666667,0.625,0.7238715006254886,
county,20,Alabama,Lauderdale,40,4,6.246137689276056,0.6403957451766662,-1.0063219437864948,0.45355464453554645,4,0.6,0.4,0.7532720412169309,
county,20,Texas,Williamson,50,7,9.75646258148415,0.7174731560273315,-1.011968841344916,0.408959104089591,2,0.86,0.14,0.7132391055372991,
county,20,Oklahoma,Wagoner,31,5,7.30870956427891,0.6841152950498052,-1.0144498439864835,0.43115688431156884,1,0.7419354838709677,0.25806451612903225,0.731764273771826,
county,20,Florida,Hendry,40,7,9.621404567389819,0.7275445025693398,-1.0159850182765926,0.41855814418558146,1,0.775,0.175,0.7204273512042736,
county,20,California,San Diego,1624,596,615.3096948021821,0.9686179253060688,-1.0199959855724867,0.3113688631136886,3,0.7013546798029556,0.20874384236453203,0.615513390656294,
county,20,Indiana,Madison,38,8,10.77226957411249,0.7426475864682496,-1.0255008805373855,0.39436056394360564,0,0.6578947368421053,0.3157894736842105,0.7014513579957244,
county,20,Pennsylvania,Lackawanna,41,8,10.734751789875274,0.7452431277959666,-1.0268428228003559,0.39836016398360163,1,0.8536585365853658,0.0975609756097561,0.7030057324846027,
county,20,New Jersey,Salem,24,4,6.133358609391638,0.6521712253829482,-1.027157038577635,0.4393560643935606,1,0.375,0.625,0.7339830722810071,
county,20,Iowa,Black Hawk,21,3,4.9926388447232535,0.6008846410292056,-1.0453018037325497,0.43795620437956206,2,0.5714285714285714,0.42857142857142855,0.7339830722810071,
county,20,Maryland,Worcester,27,3,5.090629181788578,0.5893181162619978,-1.045968901616747,0.42315768423157685,1,0.7777777777777778,0.18518518518518517,0.7238715006254886,
county,20,Arizona,Pima,754,227,240.02516848510137,0.9457341554333296,-1.049739462752276,0.31696830316968305,4,0.8687002652519894,0.08620689655172414,0.6234289013494964,
county,20,Louisiana,Iberia,30,3,5.119288049309528,0.5860189876216537,-1.0505072496326495,0.43015698430156984,1,0.26666666666666666,0.6666666666666666,0.7315244523451846,
county,20,Arkansas,Sebastian,59,6,8.80618014578271,0.6813396842527014,-1.0561862159027486,0.39916008399160086,4,0.7627118644067796,0.1864406779661017,0.7030057324846027,
county,20,Arkansas,Hot Spring,25,1,2.5878751405950875,0.3864174064325406,-1.0587895308463686,0.5047495250474953,1,0.52,0.48,0.8160276951431992,
county,20,Oklahoma,Cleveland,64,9,12.271810886719752,0.7333880943145543,-1.0592052415334878,0.3621637836216378,1,0.875,0.0625,0.6693352356738296,
county,20,North Carolina,Halifax,64,8,11.077880497825397,0.722159803183507,-1.059377214775635,0.37576242375762425,4,0.25,0.703125,0.6811693298755231,
county,20,Pennsylvania,Bucks,97,17,21.303268402609614,0.7979996157733961,-1.070860871480816,0.35876412358764126,4,0.8041237113402062,0.17525773195876287,0.6673952692067038,
county,20,Texas,Navarro,32,5,7.484170455891668,0.6680767133068053,-1.0746772124299269,0.40515948405159485,1,0.65625,0.34375,0.7102795893250181,
county,20,Colorado,Adams,138,26,31.172778420209156,0.8340610403577093,-1.0804119415943243,0.3247675232476752,6,0.927536231884058,0.050724637681159424,0.6274420177029916,
county,20,Kentucky,Hardin,33,6,8.696781940808998,0.6899103646425179,-1.0805602872900562,0.3785621437856214,1,0.7575757575757576,0.21212121212121213,0.6833367510706556,
county,20,South Dakota,Hughes,26,2,3.965561433078225,0.5043422057006242,-1.0814183417765506,0.43455654434556545,0,0.7307692307692307,0.0,0.7339830722810071,
county,20,North Carolina,Northampton,21,2,3.829564445015713,0.5222526030611802,-1.0868579940074166,0.4393560643935606,1,0.19047619047619047,0.8095238095238095,0.7339830722810071,
county,20,Kansas,Johnson,45,6,8.842367084048856,0.678551336194091,-1.087144865819063,0.37576242375762425,2,0.8444444444444444,0.08888888888888889,0.6811693298755231,
county,20,Washington,Cowlitz,34,5,7.520846490936407,0.6648187815062636,-1.0950434896138352,0.38636136386361364,2,1.0,0.0,0.6915543739743673,
county,20,Washington,Whatcom,37,5,7.672789683275937,0.6516534671735228,-1.1055618685217683,0.3681631836816318,0,0.7297297297297297,0.08108108108108109,0.677483871483262,
county,20,Michigan,St. Clair,25,4,6.3149586096096755,0.6334166614984731,-1.1121404458114268,0.37576242375762425,0,0.72,0.28,0.6811693298755231,
county,20,Tennessee,Washington,48,4,6.646899684247797,0.6017843190080675,-1.1348281944911716,0.37376262373762625,4,0.875,0.125,0.6811693298755231,
county,20,North Carolina,Hertford,23,2,4.010260088028847,0.4987207702488581,-1.1358858570912282,0.39936006399360063,0,0.21739130434782608,0.782608695652174,0.7030057324846027,
county,20,Oklahoma,Garfield,28,3,5.315024648860117,0.5644376457677187,-1.1379121238186798,0.37796220377962203,1,0.75,0.25,0.6833367510706556,
county,20,Texas,Atascosa,40,8,10.93086233440636,0.7318727246997635,-1.1443565716327808,0.34156584341565843,0,0.925,0.0,0.6495850414958504,
county,20,Massachusetts,Essex,135,39,45.08845878485501,0.8649663583777211,-1.1457245937701452,0.28517148285171484,2,0.7703703703703704,0.13333333333333333,0.5905506536724969,
county,20,Minnesota,St. Louis,40,3,5.447939251627169,0.5506669332085471,-1.1460300837507198,0.36076392360763926,2,0.75,0.1,0.6693352356738296,
county,20,Florida,Volusia,212,45,51.98918094571339,0.8655647036830331,-1.146407287729602,0.28557144285571445,11,0.7028301886792453,0.29245283018867924,0.5905506536724969,
county,20,Texas,San Patricio,44,6,9.005590923155987,0.6662527813219074,-1.1499028103772693,0.3437656234376562,2,0.9545454545454546,0.045454545454545456,0.6523124970353744,
county,20,Pennsylvania,Fayette,64,11,14.825646337233348,0.7419575342475584,-1.154866776848893,0.30596940305969406,1,0.84375,0.15625,0.6062463521089752,
county,20,North Carolina,Hoke,31,4,6.479684981115504,0.6173139607338417,-1.1567542326910965,0.37176282371762825,1,0.2903225806451613,0.5161290322580645,0.6811693298755231,
county,20,Wyoming,Natrona,30,4,6.555869859532017,0.6101402385503631,-1.1596004686683186,0.35796420357964204,0,0.8333333333333334,0.1,0.6673952692067038,
county,20,Florida,Putnam,49,8,11.27899520708043,0.7092830392354429,-1.1661486447822047,0.32056794320567944,1,0.3877551020408163,0.5918367346938775,0.6249974544879608,
county,20,Arizona,Pinal,141,35,40.96449302894787,0.8543984658925715,-1.1728750058352644,0.2765723427657234,1,0.8085106382978723,0.0851063829787234,0.5778023664626202,
county,20,Arkansas,Columbia,27,1,2.863409161918164,0.3492340575351487,-1.1772777916843624,0.38316168383161686,1,0.25925925925925924,0.7407407407407407,0.6887210013175898,
county,20,North Carolina,Cleveland,74,12,15.972113924281619,0.7513094419992203,-1.1779660078646523,0.30556944305569445,1,0.33783783783783783,0.6621621621621622,0.6062463521089752,
county,20,Kentucky,Christian,53,10,13.644941441165665,0.732872328043184,-1.1786869328263245,0.31496850314968505,1,0.6037735849056604,0.39622641509433965,0.6211878812118788,
county,20,Idaho,Kootenai,35,4,6.600769822976025,0.6059899234899482,-1.179720662155762,0.3317668233176682,1,0.9428571428571428,0.02857142857142857,0.6366336339339038,
county,20,Texas,Waller,31,4,6.64319458491278,0.6021199513084137,-1.1863073242373026,0.3411658834116588,1,0.5483870967741935,0.41935483870967744,0.6495850414958504,
county,20,Missouri,Cole,25,3,5.383165325587443,0.5572929342779607,-1.1871299890466362,0.3471652834716528,2,0.6,0.4,0.6558421763145194,
county,20,Maryland,Allegany,20,1,2.8328539667092127,0.35300090006462664,-1.1890165072106302,0.393960603939606,1,0.9,0.1,0.7014513579957244,
county,20,Virginia,Petersburg,68,10,13.901065942379251,0.7193692945167369,-1.1916914652701152,0.3033696630336966,1,0.17647058823529413,0.8088235294117647,0.6062463521089752,
county,20,Maryland,Washington,44,6,9.153234002718508,0.6555060209558722,-1.1949725581826594,0.3223677632236776,2,0.8181818181818182,0.18181818181818182,0.6256431304477753,
county,20,Indiana,Vigo,31,5,7.833036596913045,0.638322052774587,-1.1967095056920596,0.31856814318568144,0,0.8064516129032258,0.1935483870967742,0.6239541563085071,
county,20,Michigan,Washtenaw,108,21,26.164878793436138,0.8026026096198914,-1.2016816614100698,0.27617238276172384,4,0.5092592592592593,0.48148148148148145,0.5778023664626202,
county,20,California,Tulare,358,108,118.50909007882733,0.9113224979464688,-1.2081331708074612,0.24777522247775222,3,0.9273743016759777,0.03910614525139665,0.5628075490323308,
county,20,Maryland,Howard,67,13,17.14017923235459,0.758451812187623,-1.2082391459876787,0.292970702929707,2,0.5522388059701493,0.40298507462686567,0.5955290185267188,
county,20,Virginia,Augusta,31,2,4.25304532092421,0.4702512785745225,-1.2120345586913797,0.34976502349765026,1,0.9354838709677419,0.06451612903225806,0.6585884457911824,
county,20,North Carolina,Union,64,8,11.587890775491534,0.6903758548466864,-1.2172163343548383,0.30116988301169884,6,0.515625,0.46875,0.6062463521089752,
county,20,North Carolina,Brunswick,40,3,5.585735399208106,0.5370823688542984,-1.217508728976194,0.33756624337566243,1,0.8,0.2,0.6463066052945268,
county,20,Georgia,Laurens,21,2,4.16850858134937,0.47978790518708464,-1.2218443991502892,0.34696530346965304,1,0.3333333333333333,0.6190476190476191,0.6558421763145194,
county,20,Tennessee,Cumberland,21,1,2.8983064604473086,0.34502907599552657,-1.2246371597005268,0.38096190380961903,1,1.0,0.0,0.6862146766295886,
county,20,Texas,Marion,20,1,2.9234312713347994,0.34206379667800896,-1.2256334272915579,0.36796320367963203,1,0.6,0.4,0.677483871483262,
county,20,Oklahoma,Oklahoma,831,166,180.188183085334,0.9212590812427764,-1.2263411810651124,0.2303769623037696,40,0.5824308062575211,0.3694344163658243,0.5422131819967174,
county,20,Kentucky,Daviess,26,4,6.632237408847153,0.6031147188223618,-1.2326980536154508,0.32196780321967805,1,0.8846153846153846,0.07692307692307693,0.6256431304477753,
county,20,Utah,Utah,52,7,10.416825712868674,0.6719897397680739,-1.23845381652607,0.27077292270772924,1,0.8269230769230769,0.07692307692307693,0.5778023664626202,
county,20,California,Mendocino,65,14,18.40035339497787,0.7608549520478837,-1.2400993747062972,0.27517248275172485,2,0.8461538461538461,0.0,0.5778023664626202,
county,20,Texas,Shelby,38,4,6.87861641622164,0.5815122922928101,-1.2420624438684023,0.3043695630436956,1,0.42105263157894735,0.5789473684210527,0.6062463521089752,
county,20,Georgia,Bibb,226,44,51.722766991595265,0.8506892140389515,-1.2477439110935886,0.23417658234176583,6,0.19911504424778761,0.7876106194690266,0.5436469976980504,
county,20,Delaware,Sussex,55,5,8.258628893103088,0.6054273735650695,-1.2559767676384153,0.2773722627737226,3,0.6,0.4,0.5778023664626202,
county,20,New York,Albany,108,28,33.89869380569117,0.8259905281453397,-1.2591631423838525,0.24837516248375163,3,0.46296296296296297,0.5092592592592593,0.5628075490323308,
county,20,Texas,Kerr,24,3,5.464790291921614,0.5489689155016219,-1.2652385094995444,0.31756824317568244,0,1.0,0.0,0.6234289013494964,
county,20,Mississippi,Jones,39,2,4.432935347052585,0.4511683215343486,-1.2700838080379244,0.3247675232476752,2,0.28205128205128205,0.717948717948718,0.6274420177029916,
county,20,North Carolina,Randolph,69,8,11.889588823035098,0.6728575831403572,-1.2725132787026705,0.25677432256774324,5,0.8115942028985508,0.17391304347826086,0.5682382411109539,
county,20,Massachusetts,Norfolk,61,14,18.43923630814072,0.75925053326743,-1.2732824685837696,0.2625737426257374,2,0.7868852459016393,0.14754098360655737,0.5736945292812491,
county,20,Michigan,Van Buren,47,9,12.66144959695519,0.7108190836351241,-1.2773487915776207,0.261973802619738,0,0.8085106382978723,0.1276595744680851,0.5736945292812491,
county,20,Texas,Hardin,23,2,4.332208745000441,0.4616582712705355,-1.2806950028461201,0.32756724327567244,0,0.6521739130434783,0.34782608695652173,0.6314192110200745,
county,20,Texas,Anderson,39,4,7.0163027781897105,0.5701008246727983,-1.2815435858469277,0.2715728427157284,2,0.6153846153846154,0.38461538461538464,0.5778023664626202,
county,20,Texas,Washington,21,3,5.408802624568261,0.5546514096064773,-1.2871347765163172,0.30016998300169984,0,0.38095238095238093,0.6190476190476191,0.6062463521089752,
county,20,Florida,Citrus,49,6,9.494328366217623,0.6319562341396348,-1.2937095220438652,0.274972502749725,1,0.9183673469387755,0.08163265306122448,0.5778023664626202,
county,20,Tennessee,Greene,26,1,3.125884962985816,0.3199094054455572,-1.297221391030543,0.32056794320567944,0,0.8846153846153846,0.07692307692307693,0.6249974544879608,
county,20,California,Siskiyou,23,4,6.712059802200309,0.595942246922285,-1.2989835286189801,0.29157084291570845,1,0.782608695652174,0.043478260869565216,0.5943022922588124,
county,20,Louisiana,Vernon,36,2,4.551894844844071,0.4393774610732493,-1.3018396178774874,0.29357064293570645,2,0.7222222222222222,0.25,0.5955290185267188,
county,20,New Jersey,Monmouth,119,27,33.18752760015841,0.8135586454433901,-1.3081944285128644,0.23297670232976703,5,0.5126050420168067,0.47058823529411764,0.5436469976980504,
county,20,Idaho,Bonneville,32,2,4.5605634991909,0.438542298633672,-1.3110632396521282,0.28917108289171084,1,0.96875,0.0,0.5943022922588124,
county,20,New York,Rensselaer,35,4,7.000912593566812,0.5713540837055483,-1.3162161734578108,0.265973402659734,0,0.7142857142857143,0.2857142857142857,0.5736945292812491,
county,20,Florida,Jackson,30,4,6.9247174865736545,0.5776408940517221,-1.3164308953332402,0.2733726627337266,0,0.6666666666666666,0.3333333333333333,0.5778023664626202,
county,20,South Carolina,Georgetown,38,1,3.2013821857715263,0.3123650791975036,-1.319314333572943,0.3047695230476952,0,0.42105263157894735,0.5789473684210527,0.6062463521089752,
county,20,Pennsylvania,Mercer,21,3,5.6352542554064,0.5323628471815328,-1.326138861829674,0.2863713628637136,0,0.7142857142857143,0.2857142857142857,0.5907709471183632,
county,20,Arkansas,Craighead,40,3,5.9080792627762815,0.5077792403533635,-1.3270296838802813,0.253974602539746,2,0.6,0.375,0.5635061493850615,
county,20,South Carolina,Pickens,32,1,3.2023608430009656,0.31226961889244487,-1.3281781841531108,0.28997100289971,1,0.78125,0.21875,0.5943022922588124,
county,20,Oregon,Josephine,45,5,8.42930590498277,0.5931686495141167,-1.3366975620817105,0.2535746425357464,1,1.0,0.0,0.5635061493850615,
county,20,Texas,Harrison,71,9,13.337489848041999,0.6747896420195768,-1.3374007423518017,0.2313768623137686,3,0.4225352112676056,0.5774647887323944,0.5430663545215726,
county,20,Oklahoma,Carter,43,5,8.424213306853797,0.5935272313121611,-1.3498157670285267,0.25177482251774824,3,0.627906976744186,0.27906976744186046,0.5635061493850615,
county,20,Arkansas,White,35,2,4.629642433394952,0.4319988052583544,-1.3499557692059327,0.2695730426957304,1,0.8857142857142857,0.11428571428571428,0.5770759607456339,
county,20,Arizona,Coconino,47,8,11.907675191281546,0.6718355910360544,-1.3535429331004831,0.23837616238376164,0,0.7446808510638298,0.06382978723404255,0.5503969928210432,
county,20,North Carolina,Pitt,113,17,22.602295332356466,0.7521359999072101,-1.3559152206235903,0.208979102089791,7,0.3008849557522124,0.672566371681416,0.5170752489968394,
county,20,Texas,Palo Pinto,23,2,4.3433110779588615,0.4604781845236606,-1.3576803318287418,0.2755724427557244,1,0.9130434782608695,0.08695652173913043,0.5778023664626202,
county,20,Washington,Franklin,33,7,10.574972383813751,0.6619402629092753,-1.363475276520074,0.2445755424457554,0,0.9393939393939394,0.06060606060606061,0.5606149062513104,
county,20,Virginia,Henrico,141,25,31.589238862681373,0.7914087486778382,-1.3721137300719801,0.20577942205779423,7,0.3900709219858156,0.5886524822695035,0.5166451096825802,
county,20,Oklahoma,Choctaw,21,2,4.4669588982936554,0.4477319011741937,-1.3766678225851159,0.26577342265773424,0,0.7142857142857143,0.2857142857142857,0.5736945292812491,
county,20,North Carolina,Alamance,81,11,15.719821092170074,0.6997535109021704,-1.3781650491660609,0.2081791820817918,4,0.49382716049382713,0.5061728395061729,0.5170752489968394,
county,20,Pennsylvania,Adams,20,2,4.5548853433847,0.43908898890390413,-1.3798490088535094,0.25077492250774924,0,1.0,0.0,0.5635061493850615,
county,20,Ohio,Clermont,32,5,8.243153131886618,0.6065640077288781,-1.382119908272098,0.24637536246375363,1,0.9375,0.0625,0.5612615209067329,
county,20,Texas,Orange,62,9,13.302871811490764,0.6765456457474073,-1.3860589914067225,0.20937906209379062,3,0.6935483870967742,0.2903225806451613,0.5170752489968394,
county,20,Ohio,Portage,25,3,5.88023863061798,0.5101833766369983,-1.3885986573532734,0.25237476252374763,0,0.72,0.24,0.5635061493850615,
county,20,Iowa,Woodbury,32,2,4.7603619419969325,0.4201361208179512,-1.3897883052412208,0.2455754424557544,1,0.65625,0.1875,0.5609390803546991,
county,20,Texas,Brazos,60,8,12.28901824266114,0.6509877226992895,-1.3931320571650094,0.21677832216778323,3,0.6166666666666667,0.38333333333333336,0.5261969529542773,
county,20,Illinois,Sangamon,38,6,9.670935376739669,0.6204156853773498,-1.3968339825753533,0.22817718228177183,1,0.6578947368421053,0.34210526315789475,0.5385234329752621,
county,20,Texas,Montgomery,155,26,32.864011450777205,0.791138964850413,-1.3982165443111705,0.1999800019998,8,0.9032258064516129,0.07741935483870968,0.5070921479280643,
county,20,North Carolina,Moore,56,6,9.92088966987126,0.6047844699071087,-1.40558903040976,0.21337866213378662,3,0.625,0.375,0.5254295379710584,
county,20,Montana,Yellowstone,36,3,6.140601053660072,0.48855152350466835,-1.4099121159460497,0.22197780221977803,3,0.8333333333333334,0.05555555555555555,0.5297621498354367,
county,20,Ohio,Montgomery,493,127,140.69938141994456,0.9026336769807388,-1.412231058255216,0.1643835616438356,13,0.37322515212981744,0.6206896551724138,0.4474594074138912,
county,20,Washington,Snohomish,121,23,29.37847718871326,0.7828860513177393,-1.41258154806439,0.18298170182981702,3,0.9090909090909091,0.049586776859504134,0.47386142844682094,
county,20,Vermont,Washington,45,6,9.827282423579996,0.6105451885257054,-1.412803874364015,0.21857814218578142,4,0.9777777777777777,0.022222222222222223,0.5275597086183732,
county,20,Florida,Santa Rosa,34,3,6.100368383101421,0.49177358015136835,-1.4130185415315146,0.23357664233576642,2,0.9705882352941176,0.029411764705882353,0.5436469976980504,
county,20,Virginia,Lynchburg,57,7,11.16118462033713,0.6271735696625866,-1.4146849997344653,0.195980401959804,1,0.24561403508771928,0.7543859649122807,0.5014853738506747,
county,20,Georgia,Barrow,22,1,3.3298596230559463,0.30031296006474284,-1.4156056421937073,0.263973602639736,1,0.5909090909090909,0.4090909090909091,0.5736945292812491,
county,20,Kentucky,Laurel,37,6,9.712597096663849,0.6177544420184918,-1.4193988167423655,0.21477852214778523,1,0.972972972972973,0.02702702702702703,0.5261969529542773,
county,20,Oklahoma,Grady,20,1,3.340720376063886,0.2993366362431755,-1.4226130349104427,0.25377462253774624,0,0.85,0.1,0.5635061493850615,
county,20,Georgia,Bulloch,20,1,3.342340456751934,0.299191543452696,-1.4258481251872044,0.2521747825217478,0,0.35,0.65,0.5635061493850615,
county,20,New Jersey,Ocean,79,14,19.338812370645805,0.7239327695867438,-1.4332741112893728,0.17598240175982402,2,0.7468354430379747,0.25316455696202533,0.46855314468553144,
county,20,Virginia,Prince William,81,10,14.862458467671186,0.6728361947488026,-1.438742862989148,0.1807819218078192,2,0.5802469135802469,0.4074074074074074,0.47102812654514364,
county,20,Texas,Newton,25,1,3.4132607219610804,0.29297498241665304,-1.4469220669766343,0.23757624237576241,0,0.76,0.24,0.5500406481091021,
county,20,Michigan,Montcalm,24,1,3.461251838064726,0.2889128115448327,-1.4496242698058261,0.22157784221577842,0,0.9583333333333334,0.0,0.5297621498354367,
county,20,Florida,St. Johns,58,9,13.476642979977065,0.6678220988247413,-1.4519272199076971,0.19118088191180882,3,0.7931034482758621,0.20689655172413793,0.49359427693594277,
county,20,Virginia,Montgomery,30,1,3.516733156394914,0.28435481326798295,-1.4528316335779778,0.22197780221977803,0,0.7666666666666667,0.2,0.5297621498354367,
county,20,Virginia,Virginia Beach,186,25,32.350336371650684,0.7727894916699554,-1.4556863640303168,0.16178382161783822,11,0.543010752688172,0.42473118279569894,0.44608354698510727,
county,20,Washington,Thurston,48,7,11.18295365408121,0.6259526969822821,-1.4585023186526207,0.1815818418158184,1,0.8333333333333334,0.08333333333333333,0.47166990618011373,
county,20,South Carolina,Lancaster,43,1,3.5712848819990763,0.28001126570452595,-1.4601679641576528,0.22617738226177383,1,0.37209302325581395,0.627906976744186,0.5352864713528648,
county,20,Texas,Bowie,74,11,15.986172144880346,0.6880946795961288,-1.4613868017374096,0.18038196180381963,5,0.44594594594594594,0.5405405405405406,0.47102812654514364,
county,20,Arkansas,Union,52,5,8.83837986016253,0.5657145403465443,-1.463199457891227,0.19218078192180782,0,0.34615384615384615,0.6346153846153846,0.4946768163062848,
county,20,Kansas,Seward,21,1,3.4645953371613833,0.28863399695599695,-1.4649666465089486,0.21637836216378362,0,0.7619047619047619,0.23809523809523808,0.5261969529542773,
county,20,Illinois,Winnebago,122,30,37.192193531208886,0.8066208833535526,-1.4811535851146602,0.17098290170982902,3,0.45081967213114754,0.5409836065573771,0.4595502594850925,
county,20,Colorado,Douglas,23,2,4.887053137745575,0.4092445782004759,-1.4936459920105467,0.20257974202579743,1,1.0,0.0,0.5106447935088148,
county,20,Virginia,Albemarle,25,1,3.5819726226785766,0.2791757797557387,-1.4955178209418354,0.20677932206779323,0,0.64,0.36,0.5166451096825802,
county,20,Washington,Kitsap,51,7,11.220275167013734,0.6238706177705127,-1.496254888763144,0.17818218178182182,3,0.8235294117647058,0.0784313725490196,0.46907901802412355,
county,20,Mississippi,Forrest,65,5,9.062537335242375,0.5517218649743942,-1.4996439635594965,0.1775822417758224,2,0.38461538461538464,0.6,0.46907901802412355,
county,20,Indiana,Vanderburgh,86,16,21.939300522395623,0.7292848732195091,-1.500505219736022,0.1663833616638336,3,0.627906976744186,0.37209302325581395,0.4491424275293989,
county,20,Florida,Pasco,152,26,33.42617590617855,0.7778335180481748,-1.5058505920761227,0.15158484151584842,11,0.8552631578947368,0.14473684210526316,0.42764995023676444,
county,20,Texas,Gregg,153,26,33.61517918403035,0.7734601043671332,-1.5232659457540922,0.1461853814618538,7,0.5163398692810458,0.477124183006536,0.41795283558892427,
county,20,New Jersey,Morris,59,10,14.952079407178212,0.6688032966972599,-1.530939942517093,0.16378362163783622,3,0.8135593220338984,0.0847457627118644,0.4474594074138912,
county,20,Florida,Seminole,109,21,27.744413699806124,0.7569091287067546,-1.5424650249373337,0.14258574142585742,3,0.6422018348623854,0.3394495412844037,0.41320765882595417,
county,20,North Carolina,Orange,54,5,9.180223856386085,0.5446490279778771,-1.5555745387344435,0.15758424157584242,3,0.4074074074074074,0.5740740740740741,0.4384447548730469,
county,20,Florida,Sarasota,123,23,30.202080117374614,0.7615369507866642,-1.5590767979201412,0.140985901409859,3,0.6504065040650406,0.34959349593495936,0.41278346392164905,
county,20,Michigan,Cass,21,2,4.943448864462757,0.4045758446855817,-1.564386569098214,0.17838216178382163,0,0.6666666666666666,0.3333333333333333,0.46907901802412355,
county,20,California,Sutter,53,11,16.108023960152213,0.6828894734209258,-1.5684688182878996,0.14558544145585442,0,0.9622641509433962,0.018867924528301886,0.4176390441763905,
county,20,Wyoming,Laramie,24,2,5.064200969726155,0.3949290346011188,-1.5753110425308805,0.1665833416658334,0,0.9166666666666666,0.041666666666666664,0.4491424275293989,
county,20,South Carolina,Newberry,26,0,2.159289290640415,0.0,-1.583733857834796,0.19718028197180282,0,0.2692307692307692,0.7307692307692307,0.5014853738506747,
county,20,Michigan,Monroe,39,6,10.049878720342829,0.597022130013856,-1.5849350083198104,0.15458454154584542,2,0.8717948717948718,0.10256410256410256,0.43436445829101306,
county,20,Oregon,Deschutes,23,2,5.05893944609192,0.39533977848756807,-1.590480075410103,0.17578242175782421,1,1.0,0.0,0.46855314468553144,
county,20,New Jersey,Somerset,46,7,11.601198190151095,0.6033859507669381,-1.5918033900934192,0.1471852814718528,1,0.6956521739130435,0.2826086956521739,0.4194042134248113,
county,20,Florida,Leon,117,25,32.562904105332926,0.767744790794187,-1.5965556751321741,0.12938706129387062,4,0.3162393162393162,0.6666666666666666,0.38816118388161186,
county,20,Georgia,Walker,23,1,3.775621997073717,0.26485702243896414,-1.5997191971273883,0.16398360163983602,0,0.9130434782608695,0.08695652173913043,0.4474594074138912,
county,20,Massachusetts,Barnstable,40,8,12.603664174055037,0.6347360489394983,-1.602557379076661,0.13838616138386162,0,0.7,0.25,0.4093923940939239,
county,20,Ohio,Greene,28,4,7.709361777886329,0.5188496940789147,-1.60289270261998,0.15098490150984903,0,0.6428571428571429,0.2857142857142857,0.42764995023676444,
county,20,Utah,Davis,35,3,6.557687486459839,0.4574783422043716,-1.6033883856353663,0.1513848615138486,1,0.8,0.02857142857142857,0.42764995023676444,
county,20,California,Fresno,853,300,322.1403286011848,0.9312711677630561,-1.6085558525454822,0.11038896110388961,2,0.753810082063306,0.1735052754982415,0.36304677224585236,
county,20,Texas,Henderson,49,5,9.23705327537318,0.5412981663027161,-1.6124490717772118,0.141985801419858,1,0.8775510204081632,0.12244897959183673,0.41320765882595417,
county,20,Hawaii,Hawaii,64,11,16.358579282151986,0.6724300326007858,-1.6142812911625561,0.1421857814218578,0,0.5,0.0,0.41320765882595417,
county,20,Oklahoma,Okmulgee,26,2,5.258331148685242,0.38034881095308476,-1.6162438266450385,0.15498450154984503,0,0.7307692307692307,0.23076923076923078,0.43436445829101306,
county,20,Maryland,Anne Arundel,195,41,50.66313722966214,0.8092668998001847,-1.6218829587500618,0.12198780121987801,10,0.558974358974359,0.4153846153846154,0.3725218875961866,
county,20,Alabama,Tuscaloosa,105,14,20.372727924323414,0.6871931953346864,-1.624858973005202,0.126987301269873,7,0.4,0.5619047619047619,0.3823080589467555,
county,20,Alabama,Pike,21,1,3.792656703274159,0.26366741791755394,-1.6317777839096985,0.15798420157984203,0,0.19047619047619047,0.8095238095238095,0.4384447548730469,
county,20,South Carolina,Horry,186,13,19.670078140874487,0.6609023058726928,-1.6394276271695274,0.11858814118588142,6,0.5860215053763441,0.40860215053763443,0.37009925381088266,
county,20,Florida,Orange,672,140,157.52476947609023,0.8887491184124525,-1.64345158527393,0.1075892410758924,43,0.47767857142857145,0.5029761904761905,0.3580704429557044,
county,20,South Carolina,Kershaw,34,0,2.4537920135214284,0.0,-1.6452061626713241,0.15758424157584242,0,0.47058823529411764,0.5,0.4384447548730469,
county,20,Tennessee,Monroe,21,0,2.3445268899012364,0.0,-1.6462656217551814,0.16318368163183683,0,0.9523809523809523,0.047619047619047616,0.4474594074138912,
county,20,Oregon,Douglas,36,3,6.763142330846089,0.443580787338641,-1.650555603751835,0.13638636136386362,0,1.0,0.0,0.4048821598676369,
county,20,Texas,Collin,94,17,23.577643745473456,0.7210220064192691,-1.6527389062960314,0.11958804119588042,6,0.8297872340425532,0.14893617021276595,0.37050549490505497,
county,20,Ohio,Lorain,68,11,16.715745153224056,0.6580621981951174,-1.6587800803299646,0.11598840115988401,1,0.5882352941176471,0.4117647058823529,0.3677014651476029,
county,20,Arizona,Mohave,110,24,31.52596624800669,0.7612772218049768,-1.6596100133703588,0.11198880111988802,3,0.9363636363636364,0.02727272727272727,0.3631847341581631,
county,20,California,Santa Cruz,110,27,34.96052825812708,0.7722995430918141,-1.6618616480803736,0.11738826117388261,1,0.9272727272727272,0.03636363636363636,0.3677014651476029,
county,20,Washington,Mason,24,2,5.301238564022427,0.37727032576373204,-1.672798658025921,0.14438556144385561,0,0.9583333333333334,0.0,0.41674751443774544,
county,20,New York,Dutchess,70,12,17.971042132392416,0.6677409084902349,-1.6756880666818215,0.11738826117388261,3,0.44285714285714284,0.5428571428571428,0.3677014651476029,
county,20,Mississippi,Warren,56,2,5.73497012988511,0.34873764896837683,-1.6774654011058956,0.1171882811718828,2,0.16071428571428573,0.8392857142857143,0.3677014651476029,
county,20,Texas,Taylor,82,15,21.392506158102886,0.7011801183620749,-1.6804025418757502,0.12658734126587343,2,0.7560975609756098,0.24390243902439024,0.3823080589467555,
county,20,Kentucky,Fayette,162,39,48.52816660385177,0.8036569837547601,-1.68278251990393,0.102989701029897,2,0.6234567901234568,0.36419753086419754,0.34682697738131324,
county,20,Oklahoma,Cherokee,22,1,3.9857014470406202,0.25089686552977997,-1.6844594102399142,0.13038696130386962,0,0.7272727272727273,0.045454545454545456,0.38978838958209444,
county,20,Texas,Rusk,35,3,6.84793597676676,0.43808820791815356,-1.6873523067955807,0.12158784121587841,2,0.5428571428571428,0.45714285714285713,0.3725218875961866,
county,20,Oregon,Jackson,47,6,10.733740520939879,0.5589850051149384,-1.6893410290160515,0.11918808119188082,0,0.9148936170212766,0.0425531914893617,0.37050549490505497,
county,20,Kentucky,Leslie,21,2,5.3470286878864135,0.3740395118004435,-1.702824987488662,0.12618738126187382,1,1.0,0.0,0.3823080589467555,
county,20,Connecticut,New London,45,8,13.064108603655058,0.6123647806909513,-1.703154903030247,0.12538746125387462,0,0.6,0.35555555555555557,0.3815361321010756,
county,20,Florida,Okeechobee,24,1,4.1234376446331815,0.24251609607860564,-1.7127038679983477,0.12038796120387961,1,0.625,0.2916666666666667,0.37163240197719355,
county,20,Texas,Walker,38,3,6.998916562382116,0.4286377717551951,-1.7185477420903,0.11578842115788421,0,0.5789473684210527,0.42105263157894735,0.3677014651476029,
county,20,Texas,Hill,22,1,4.023556837661052,0.24853631757848202,-1.7259618476697942,0.14038596140385962,0,0.5909090909090909,0.4090909090909091,0.4124442728140979,
county,20,Missouri,Buchanan,36,4,8.176055336840777,0.48923347937436995,-1.7315928760600086,0.11298870112988701,1,0.8611111111111112,0.1388888888888889,0.3631847341581631,
county,20,Indiana,Floyd,20,2,5.3488838679782145,0.3739097818094834,-1.7389518409894817,0.12158784121587841,0,0.7,0.3,0.3725218875961866,
county,20,West Virginia,Logan,30,1,4.299597074961887,0.2325799330880009,-1.7401956023530252,0.11158884111588842,1,1.0,0.0,0.3631847341581631,
county,20,Pennsylvania,Schuylkill,36,5,9.491084055187443,0.5268102116604059,-1.7434226149911891,0.11238876112388761,0,0.9444444444444444,0.05555555555555555,0.3631847341581631,
county,20,Washington,Spokane,182,41,51.189278783503596,0.80094896772042,-1.7443566493918716,0.09719028097190281,0,0.8736263736263736,0.07692307692307693,0.33122447755224477,
county,20,Washington,Benton,46,5,9.800589458345836,0.5101733953096236,-1.7488768120659377,0.11078892110788921,1,0.9565217391304348,0.021739130434782608,0.36304677224585236,
county,20,Oregon,Multnomah,497,121,138.07710436157078,0.8763219692321154,-1.751077834113734,0.0817918208179182,8,0.6659959758551308,0.2676056338028169,0.30713770728190337,
county,20,Georgia,Glynn,74,9,14.814508870130584,0.6075125459032965,-1.7548275473518993,0.09519048095190481,2,0.36486486486486486,0.6216216216216216,0.3257120071125417,
county,20,Maryland,Montgomery,185,40,50.42259309752726,0.7932951786638996,-1.7732660605066521,0.0861913808619138,6,0.5621621621621622,0.3945945945945946,0.3124896021036194,
county,20,Washington,Grays Harbor,43,4,8.460152057696975,0.4728047407092209,-1.779351570091206,0.10918908109189081,2,0.9069767441860465,0.023255813953488372,0.3612382947751736,
county,20,Illinois,Peoria,44,5,9.826119860001885,0.5088478536022092,-1.7803177517422464,0.10698930106989302,1,0.3181818181818182,0.6818181818181818,0.3574701353394073,
county,20,Virginia,Hampton,126,17,24.848564776395897,0.6841441408378084,-1.7848556765729915,0.08459154084591541,8,0.2777777777777778,0.6984126984126984,0.3119999688342854,
county,20,California,Tehama,31,4,8.359882765939624,0.4784756092868981,-1.7850934884537901,0.09399060093990601,0,1.0,0.0,0.32565130583715823,
county,20,Ohio,Richland,47,6,11.055538022584999,0.5427144285282901,-1.7892429052561647,0.0917908209179082,0,0.5957446808510638,0.40425531914893614,0.32051548943466307,
county,20,New York,Ulster,43,5,9.859039769798416,0.5071487808900718,-1.7918171829261937,0.09479052094790522,0,0.8372093023255814,0.16279069767441862,0.32565130583715823,
county,20,Louisiana,Rapides,130,20,28.20513015606151,0.7090908600434818,-1.7944463348562272,0.08099190080991901,7,0.3230769230769231,0.6692307692307692,0.30713770728190337,
county,20,Colorado,Denver,707,189,210.50674628828062,0.8978334582264267,-1.8072218602836005,0.0801919808019198,4,0.6803394625176803,0.2857142857142857,0.30713770728190337,
county,20,New York,Oswego,20,1,4.162160901579526,0.24025981302657076,-1.810363978380495,0.10158984101589841,0,0.85,0.1,0.3448388228906193,
county,20,Texas,Jefferson,288,59,71.99678802386089,0.8194810021309069,-1.8115425616070095,0.07239276072392761,7,0.3715277777777778,0.6041666666666666,0.2882179071812445,
county,20,Virginia,Bedford,21,0,2.722965878558861,0.0,-1.8144934315314916,0.09119088091190881,0,0.6666666666666666,0.3333333333333333,0.32051548943466307,
county,20,Texas,Nacogdoches,36,2,6.013531998862045,0.33258324731263833,-1.8196582567058786,0.0811918808119188,1,0.5277777777777778,0.4722222222222222,0.30713770728190337,
county,20,Louisiana,Bossier,59,6,11.420790087441064,0.5253576989036803,-1.819969885630314,0.0821917808219178,3,0.4406779661016949,0.5254237288135594,0.30713770728190337,
county,20,Pennsylvania,Cambria,42,5,9.824544020215745,0.5089294719135679,-1.8200865854262567,0.08339166083391661,0,0.7619047619047619,0.21428571428571427,0.30965251300956864,
county,20,South Dakota,Minnehaha,27,1,4.430275897039332,0.22571957666751202,-1.8284355031488764,0.0893910608939106,0,0.5925925925925926,0.14814814814814814,0.3193789407670112,
county,20,Ohio,Muskingum,27,3,7.054067286619319,0.42528655853490704,-1.8289600455386805,0.0917908209179082,0,0.7777777777777778,0.2222222222222222,0.32051548943466307,
county,20,Missouri,Saline,20,0,2.805827920501916,0.0,-1.8294693801116353,0.0943905609439056,0,0.8,0.15,0.32565130583715823,
county,20,South Carolina,Laurens,63,1,4.752035748768061,0.21043612735010347,-1.831474539479521,0.08959104089591041,1,0.47619047619047616,0.5238095238095238,0.3193789407670112,
county,20,Virginia,Henry,69,5,10.231518234750856,0.48868602735982447,-1.845080357761214,0.074992500749925,4,0.4782608695652174,0.5217391304347826,0.29522577696147434,
county,20,Oregon,Coos,30,2,5.985058817299885,0.334165471226277,-1.8529786127028574,0.0893910608939106,2,1.0,0.0,0.3193789407670112,
county,20,North Carolina,Onslow,72,7,12.746582222170266,0.5491668180529856,-1.8533571488859364,0.0751924807519248,4,0.5277777777777778,0.4583333333333333,0.29522577696147434,
county,20,Michigan,Jackson,103,19,26.926579873240275,0.7056224774718702,-1.85784310784322,0.073992600739926,2,0.6213592233009708,0.3106796116504854,0.2932171899089161,
county,20,Virginia,Campbell,26,0,2.9579482255516916,0.0,-1.8620474656963282,0.08199180081991801,0,0.5384615384615384,0.46153846153846156,0.30713770728190337,
county,20,Texas,Polk,32,2,5.96727361420751,0.3351614370821191,-1.8767260189027746,0.07779222077792221,1,0.625,0.34375,0.3040319821228886,
county,20,Oklahoma,Pittsburg,25,1,4.556210164532903,0.21948065692499036,-1.885232757425149,0.0857914208579142,0,0.72,0.24,0.3124896021036194,
county,20,North Carolina,Bladen,38,2,6.055804556504354,0.33026164918943124,-1.8947507448528478,0.07139286071392861,2,0.2894736842105263,0.6842105263157895,0.28557144285571445,
county,20,Kentucky,Clay,24,3,7.220737943593413,0.41547000091060565,-1.9041476834492905,0.0851914808519148,0,1.0,0.0,0.3124896021036194,
county,20,Connecticut,New Haven,453,112,129.86901096689994,0.8624074301185349,-1.9073739513290178,0.06259374062593741,7,0.5474613686534217,0.41721854304635764,0.26142091673185625,
county,20,Wisconsin,Winnebago,21,0,2.9152047483309693,0.0,-1.90750215280449,0.0791920807919208,0,0.9047619047619048,0.0,0.3066893310668933,
county,20,Idaho,Canyon,49,4,9.14835838525703,0.4372369152531421,-1.9246799381796587,0.0663933606639336,3,0.8979591836734694,0.02040816326530612,0.2680907264723764,
county,20,Maryland,St. Mary's,37,2,6.325029450677676,0.3162040612768556,-1.925059338211774,0.06619338066193381,1,0.5135135135135135,0.4594594594594595,0.2680907264723764,
county,20,North Carolina,Nash,131,16,24.390017803683797,0.6560060812084937,-1.9279968410035826,0.063993600639936,7,0.25190839694656486,0.732824427480916,0.2646725618700266,
county,20,Maine,Cumberland,52,7,12.965517463728691,0.539893607762486,-1.952156844326043,0.06999300069993,1,0.9230769230769231,0.057692307692307696,0.2812926254544357,
county,20,Georgia,Emanuel,21,0,3.1283985917521457,0.0,-1.9526515594361749,0.065993400659934,0,0.19047619047619047,0.8095238095238095,0.2680907264723764,
county,20,Oregon,Washington,81,11,18.08698414991336,0.6081721479284147,-1.9602119807680138,0.05799420057994201,4,0.8641975308641975,0.037037037037037035,0.24705529447055294,
county,20,North Carolina,McDowell,21,0,3.0503324631964004,0.0,-1.9684833381859508,0.060193980601939805,0,0.9047619047619048,0.09523809523809523,0.2526368052849887,
county,20,Oregon,Yamhill,29,2,6.184586960800235,0.3233845708171943,-1.9739530859750225,0.06319368063193681,0,1.0,0.0,0.2626391019434642,
county,20,Utah,Salt Lake,353,66,81.26205206058418,0.8121872180977451,-1.9759046149976478,0.059194080591940805,18,0.8016997167138811,0.053824362606232294,0.2496700824967008,
county,20,Pennsylvania,Washington,56,8,14.305049573744213,0.5592430811762699,-1.981984731309863,0.0585941405859414,1,0.8214285714285714,0.17857142857142858,0.24836919293145313,
county,20,Louisiana,Livingston,51,2,6.71909394595076,0.2976591808491223,-1.9832821706214563,0.0547945205479452,2,0.7450980392156863,0.2549019607843137,0.23578248235782479,
county,20,New York,Niagara,54,9,15.383265395806633,0.58505133782931,-1.9861040313924465,0.05299470052994701,3,0.7407407407407407,0.2037037037037037,0.2291953545762175,
county,20,Mississippi,Lee,38,0,3.508090871816722,0.0,-1.9924050742714734,0.05299470052994701,0,0.4473684210526316,0.5526315789473685,0.2291953545762175,
county,20,Missouri,Jefferson,49,3,8.073838058888144,0.3715704944933132,-2.008947067950374,0.04659534046595341,2,0.9387755102040817,0.04081632653061224,0.21004883638620264,
county,20,California,Humboldt,90,17,25.407957819050736,0.669081715306277,-2.0091288502339615,0.04999500049995,1,0.8111111111111111,0.03333333333333333,0.22185281471852814,
county,20,North Carolina,Henderson,39,3,7.838879688029521,0.3827077489888249,-2.011315057653879,0.04939506049395061,2,0.7692307692307693,0.23076923076923078,0.22033817560652313,
county,20,Maine,York,23,1,4.78759943263009,0.2088729464675881,-2.0201988490122904,0.05579442055794421,0,1.0,0.0,0.23887862470034404,
county,20,Kentucky,Hopkins,24,2,6.309995667702873,0.31695742839203744,-2.021320565519772,0.051394860513948606,0,0.75,0.25,0.22688301118074722,
county,20,Tennessee,Dyer,23,0,3.3533660345880736,0.0,-2.0214634314731246,0.051994800519948,0,0.34782608695652173,0.6521739130434783,0.22834829919069946,
county,20,Louisiana,Calcasieu,122,12,20.163560019448642,0.5951330017331002,-2.026704959521271,0.04659534046595341,3,0.4262295081967213,0.5655737704918032,0.21004883638620264,
county,20,California,Butte,95,19,27.810654315575196,0.6831914051500457,-2.0309718319459424,0.0527947205279472,2,0.8631578947368421,0.06315789473684211,0.2291953545762175,
county,20,Arkansas,Washington,52,2,6.8652126426473865,0.291323824054014,-2.0363014429507538,0.0453954604539546,2,0.8653846153846154,0.09615384615384616,0.20906449895550985,
county,20,Louisiana,St. Mary,43,2,6.754413482808284,0.2961026897584096,-2.0409596652600395,0.045995400459954004,1,0.3953488372093023,0.5813953488372093,0.20956193150738403,
county,20,Virginia,Arlington,49,4,9.578171569172518,0.41761624033485234,-2.0585499208587974,0.041195880411958805,3,0.7346938775510204,0.22448979591836735,0.19703504509884204,
county,20,New Jersey,Cumberland,87,13,21.0859605828116,0.6165239638452639,-2.064954168571298,0.043795620437956206,4,0.5172413793103449,0.4482758620689655,0.20502125611614663,
county,20,West Virginia,Mingo,27,0,3.6388526264514853,0.0,-2.0657224927715125,0.039996000399960006,0,1.0,0.0,0.19584248471704555,
county,20,West Virginia,Berkeley,45,2,6.816067180941307,0.29342433795140466,-2.0673010917537704,0.0443955604439556,2,0.7777777777777778,0.13333333333333333,0.20669408468989167,
county,20,Pennsylvania,Lancaster,114,18,27.161586740940464,0.6627006062524591,-2.0744772758884498,0.045995400459954004,1,0.6754385964912281,0.2982456140350877,0.20956193150738403,
county,20,Pennsylvania,Butler,29,2,6.6102782998055405,0.30255912221711384,-2.078835044422489,0.0413958604139586,1,0.9655172413793104,0.034482758620689655,0.19703504509884204,
county,20,California,Yuba,50,7,13.483080334615266,0.5191691977113583,-2.0845860527816855,0.0481951804819518,1,0.9,0.0,0.21611733563485755,
county,20,Kansas,Sedgwick,228,42,55.15631607882172,0.761472175552469,-2.090752846295585,0.035996400359964,7,0.5394736842105263,0.3991228070175439,0.18475260907644175,
county,20,New York,Jefferson,20,0,3.3380724388988634,0.0,-2.0927711056936427,0.041195880411958805,0,0.9,0.1,0.19703504509884204,
county,20,Kentucky,Harlan,30,3,8.053175980783282,0.3725238349638311,-2.0933477859280476,0.041195880411958805,0,0.9666666666666667,0.03333333333333333,0.19703504509884204,
county,20,Texas,Wharton,31,2,6.574622278348462,0.30419998523510583,-2.1115365394991237,0.0433956604339566,1,0.6774193548387096,0.3225806451612903,0.20427128557862448,
county,20,California,Placer,63,9,16.267642286160893,0.5532455067355657,-2.118648594976265,0.0387961203879612,1,0.9682539682539683,0.015873015873015872,0.1921761312240869,
county,20,Oklahoma,Sequoyah,31,2,6.570054844743478,0.3044114618921554,-2.1187577568133147,0.040995900409959006,0,0.9354838709677419,0.0,0.19703504509884204,
county,20,Oklahoma,Bryan,21,0,3.6021613710648976,0.0,-2.1195154845027613,0.036996300369963,0,0.9047619047619048,0.047619047619047616,0.1875220761947474,
county,20,Alabama,Dale,28,1,5.130715298154156,0.19490459748561054,-2.1244497572795717,0.03799620037996201,0,0.5714285714285714,0.42857142857142855,0.19042801602192724,
county,20,Washington,Clallam,21,1,5.022727647122318,0.19909500778385467,-2.128975086228879,0.044995500449955005,0,0.9523809523809523,0.0,0.20834873034435689,
county,20,New Jersey,Cape May,34,3,8.125921919532697,0.36918887846913045,-2.1316962442360334,0.037196280371962806,1,0.7941176470588235,0.20588235294117646,0.1875220761947474,
county,20,Michigan,Kalamazoo,77,14,22.140120259758504,0.6323362220143923,-2.1491485011518976,0.038396160383961604,2,0.4155844155844156,0.5194805194805194,0.19130718507096658,
county,20,New York,Onondaga,185,45,58.22244052916518,0.7728978653421148,-2.151956335224732,0.036396360363963605,3,0.3891891891891892,0.5459459459459459,0.18568682053950294,
county,20,Maine,Penobscot,27,1,5.356698984120634,0.18668213445713377,-2.161487859862392,0.034996500349965,0,0.9629629629629629,0.0,0.18070920180709202,
county,20,Alabama,Shelby,38,1,5.55670806866316,0.17996266632027355,-2.1663223390772086,0.032596740325967405,1,0.5526315789473685,0.4473684210526316,0.17143470838101377,
county,20,Virginia,Charlottesville,41,2,7.276865313148067,0.2748436193241529,-2.181036135466573,0.0273972602739726,0,0.5121951219512195,0.4878048780487805,0.15157445294431593,
county,20,North Carolina,Duplin,46,2,7.25670558567798,0.275607157598794,-2.188622492593004,0.031196880311968805,1,0.3695652173913043,0.5217391304347826,0.16612338766123388,
county,20,New Mexico,San Juan,62,9,16.4430183693931,0.5473447634621953,-2.2041473675054197,0.0301969803019698,0,0.6612903225806451,0.04838709677419355,0.16181023407093253,
county,20,Oklahoma,Tulsa,588,111,132.83340874629187,0.8356331516870649,-2.2068260190525164,0.029997000299970003,32,0.5663265306122449,0.3877551020408163,0.16175597630110405,
county,20,Ohio,Butler,109,16,25.40013956111611,0.629917798738935,-2.21055697962916,0.029397060293970604,4,0.6697247706422018,0.3211009174311927,0.15953054376091053,
county,20,Tennessee,Sullivan,66,3,9.017900210220073,0.332671678557728,-2.2116184000473886,0.026197380261973803,0,0.8939393939393939,0.10606060606060606,0.14684321041580053,
county,20,New York,Orange,102,17,26.492250801433162,0.6416970806829424,-2.2144449693938153,0.028997100289971003,2,0.6176470588235294,0.3431372549019608,0.1583687785067647,
county,20,Georgia,Muscogee,205,37,50.55951704262955,0.7318107878444178,-2.2484683801826923,0.024997500249975,6,0.2731707317073171,0.6926829268292682,0.141985801419858,
county,20,Kentucky,Pike,43,5,11.402619690561925,0.4384957260425475,-2.2484724163100864,0.0207979202079792,1,1.0,0.0,0.1274807771021459,
county,20,Texas,Brazoria,108,12,21.11764847910278,0.5682450871305459,-2.266607324846708,0.022997700229977002,1,0.7870370370370371,0.17592592592592593,0.13561092870304806,
county,20,California,Calaveras,34,4,9.789752295124188,0.4085905219473439,-2.2688330724054167,0.019598040195980403,0,0.9117647058823529,0.058823529411764705,0.12187978282463725,
county,20,West Virginia,McDowell,37,1,6.058161500385934,0.16506658000720106,-2.281491961136695,0.0231976802319768,1,0.8108108108108109,0.1891891891891892,0.13561092870304806,
county,20,Texas,Denton,92,12,20.872894424751884,0.574908288031675,-2.2886898890838303,0.023397660233976603,4,0.8695652173913043,0.10869565217391304,0.13561092870304806,
county,20,Texas,Bexar,1707,550,592.6319368783509,0.9280633826403083,-2.2896351820562555,0.024797520247975203,35,0.8265963678968952,0.15875805506736965,0.141985801419858,
county,20,Colorado,Arapahoe,202,36,49.66494160859999,0.7248573910286493,-2.2939606319616965,0.023397660233976603,5,0.6782178217821783,0.27722772277227725,0.13561092870304806,
county,20,New Mexico,Bernalillo,554,168,193.28198293057056,0.869196380608056,-2.3018973434118903,0.024997500249975,0,0.7906137184115524,0.11732851985559567,0.141985801419858,
county,20,Texas,Wichita,108,17,26.97801698567632,0.6301426828008138,-2.3081905024005045,0.0217978202179782,3,0.5555555555555556,0.4444444444444444,0.1317144881256555,
county,20,Michigan,Calhoun,84,14,23.100727027426057,0.6060415320859239,-2.3141059330398246,0.0221977802219778,1,0.5357142857142857,0.4523809523809524,0.1322553059379377,
county,20,New York,Broome,43,3,9.09538357604573,0.3298376560941333,-2.331934050293644,0.0183981601839816,0,0.6511627906976745,0.27906976744186046,0.11611283316112833,
county,20,Louisiana,Tangipahoa,75,4,11.111306920076574,0.3599936559013198,-2.3376427244067974,0.019198080191980802,3,0.4,0.6,0.1202703259085856,
county,20,Georgia,Dougherty,125,22,33.420012157826974,0.6582882105519401,-2.358286923913783,0.017798220177982202,1,0.28,0.72,0.11401566610256267,
county,20,Indiana,Marion,1139,333,369.83196474404724,0.9004089201171731,-2.388297340422409,0.016198380161983803,9,0.3476733977172959,0.6374012291483757,0.10535129693137557,
county,20,California,Contra Costa,784,301,333.2076550458785,0.9033405908953566,-2.3922649847848128,0.0197980201979802,2,0.45663265306122447,0.4897959183673469,0.12223125513535602,
county,20,Texas,Bastrop,35,1,6.208514966651161,0.161069113205246,-2.4085403090383655,0.014598540145985401,1,0.8,0.17142857142857143,0.10006618385780469,
county,20,Washington,Pierce,405,86,106.89203896571875,0.8045500940213235,-2.4225342200903817,0.015398460153984602,8,0.6148148148148148,0.2765432098765432,0.10170145776120064,
county,20,Illinois,Champaign,22,0,4.449033510552335,0.0,-2.436353046501652,0.012198780121987801,0,0.4090909090909091,0.5909090909090909,0.08733916524313955,
county,20,West Virginia,Mercer,61,3,10.00017121935654,0.2999948635072505,-2.4472000217619296,0.014798520147985201,3,0.7868852459016393,0.21311475409836064,0.10006618385780469,
county,20,Pennsylvania,Beaver,54,6,13.644715010301447,0.4397306939331556,-2.459895514285292,0.017998200179982,0,0.5185185185185185,0.48148148148148145,0.11443631756227363,
county,20,Washington,Chelan,27,1,6.332864580288024,0.1579064240711301,-2.4816960608380194,0.014798520147985201,1,1.0,0.0,0.10006618385780469,
county,20,Louisiana,Natchitoches,33,0,5.086688478742926,0.0,-2.482528550928156,0.007999200079992,0,0.2727272727272727,0.696969696969697,0.066816847726992,
county,20,Florida,Hernando,45,4,10.93030888173037,0.36595489141993603,-2.4872129466776967,0.0131986801319868,1,0.8666666666666667,0.13333333333333333,0.0929361609293616,
county,20,Colorado,Jefferson,89,10,19.26478263867542,0.5190819012888466,-2.4911499373380344,0.0117988201179882,4,0.898876404494382,0.056179775280898875,0.08666029948729265,
county,20,California,Sonoma,162,37,51.45854820532114,0.7190253376828453,-2.4973740001945983,0.014998500149985002,1,0.8765432098765432,0.043209876543209874,0.10061985927391512,
county,20,Florida,Brevard,201,38,53.271207922504104,0.7133309245639825,-2.5139531349138826,0.010798920107989201,6,0.6616915422885572,0.3283582089552239,0.08214892796434643,
county,20,Texas,Tom Green,56,5,12.599047705320569,0.3968553907362779,-2.5143241507390734,0.011398860113988602,3,0.8928571428571429,0.10714285714285714,0.08445068536624599,
county,20,Michigan,Macomb,200,36,51.18481934868737,0.7033335363510121,-2.529219947018073,0.012198780121987801,4,0.845,0.125,0.08733916524313955,
county,20,Iowa,Scott,67,4,11.772025043898402,0.3397886077445319,-2.5353973701143784,0.007999200079992,3,0.6268656716417911,0.3582089552238806,0.066816847726992,
county,20,Texas,Johnson,45,4,10.863630483357058,0.3682010361202867,-2.551804505996445,0.009799020097990201,1,0.8444444444444444,0.15555555555555556,0.07659417544484085,
county,20,New Mexico,Curry,26,3,9.0214922429611,0.3325392206971868,-2.55416071837184,0.012598740125987402,0,0.7307692307692307,0.2692307692307692,0.08945105489451056,
county,20,Colorado,Larimer,43,2,8.531903229581745,0.2344142855565469,-2.559106665011153,0.0081991800819918,1,0.9534883720930233,0.0,0.06782234397919432,
county,20,Oklahoma,Seminole,22,0,4.893148312483538,0.0,-2.564117353342713,0.0057994200579942,0,0.4090909090909091,0.36363636363636365,0.052564956270330414,
county,20,Oregon,Marion,120,17,28.629701120520647,0.5937889441610366,-2.5664887136777166,0.009799020097990201,3,0.95,0.016666666666666666,0.07659417544484085,
county,20,Pennsylvania,Montgomery,170,28,42.05697751456814,0.6657634869339116,-2.56983608328749,0.011398860113988602,6,0.5529411764705883,0.4176470588235294,0.08445068536624599,
county,20,Virginia,Newport News,216,33,48.536819415246185,0.6798962189441317,-2.583542611668037,0.008999100089991,11,0.23148148148148148,0.7546296296296297,0.07233238940256917,
county,20,Michigan,Muskegon,65,7,15.74530464091237,0.444576980861412,-2.5837792841687746,0.0071992800719928,2,0.4153846153846154,0.5538461538461539,0.06195744061957441,
county,20,Maine,Androscoggin,23,0,4.926205217814202,0.0,-2.5862708829968377,0.006799320067993201,0,0.9565217391304348,0.043478260869565216,0.06034396560343966,
county,20,New Mexico,Eddy,22,1,6.3883483102323675,0.15653498391724768,-2.594377357313503,0.0093990600939906,0,0.9545454545454546,0.045454545454545456,0.07484111401943917,
county,20,Florida,Pinellas,475,109,133.60884092767145,0.8158142772827934,-2.595791761631231,0.009999000099990002,11,0.6273684210526316,0.35578947368421054,0.07744680077446801,
county,20,California,Riverside,1141,355,396.25000966755647,0.8958990317699571,-2.6328018101625115,0.0071992800719928,3,0.8010517090271692,0.16301489921121823,0.06195744061957441,
county,20,California,San Joaquin,670,219,251.13179552617163,0.8720520615127644,-2.633784246000465,0.007799220077992201,1,0.6805970149253732,0.21044776119402986,0.06644935506449355,
county,20,Georgia,Floyd,74,7,16.20662750842134,0.4319220637583382,-2.6601704907311543,0.005599440055994401,1,0.581081081081081,0.4189189189189189,0.05242552667810142,
county,20,Utah,Weber,82,8,17.79066040379566,0.44967414465925,-2.6880031295731115,0.0045995400459954,3,0.8414634146341463,0.04878048780487805,0.0445319104453191,warm
county,20,Ohio,Stark,127,18,30.72759958877118,0.5857925851968521,-2.708854615958961,0.008799120087991202,3,0.6299212598425197,0.36220472440944884,0.07139857442827147,
county,20,Indiana,Monroe,29,1,6.918673163586675,0.14453638383484427,-2.711395634566796,0.0057994200579942,0,0.8620689655172413,0.13793103448275862,0.052564956270330414,
county,20,New York,Rockland,68,12,22.339216439368887,0.5371719295781628,-2.733183278035773,0.0057994200579942,1,0.6029411764705882,0.3382352941176471,0.052564956270330414,
county,20,Pennsylvania,Franklin,30,1,7.520706203857532,0.1329662365333562,-2.7675022763517707,0.0033996600339966003,0,0.7666666666666667,0.23333333333333334,0.03532329693859883,warm
county,20,Louisiana,Caddo,469,108,134.91524107818222,0.8005025906407041,-2.7976998735689342,0.0071992800719928,9,0.2068230277185501,0.7846481876332623,0.06195744061957441,
county,20,Michigan,Berrien,94,14,25.55401840197685,0.5478590403972224,-2.802562076667241,0.005599440055994401,1,0.2553191489361702,0.7127659574468085,0.05242552667810142,
county,20,California,Lake,41,3,10.811898250337368,0.27747208959410896,-2.8113961872287017,0.0033996600339966003,1,0.9024390243902439,0.04878048780487805,0.03532329693859883,warm
county,20,California,El Dorado,74,10,20.798072054607,0.4808137972473699,-2.8527778648838473,0.0047995200479952005,0,0.918918918918919,0.013513513513513514,0.0459459672010327,warm
county,20,Nebraska,Lancaster,72,5,14.615743952612382,0.34209685228553227,-2.8968343342616625,0.0021997800219978004,0,0.7777777777777778,0.1527777777777778,0.0256741449142757,warm
county,20,Nevada,Clark,1332,445,494.61958083337504,0.8996813252929211,-2.8983094816531727,0.0037996200379962005,3,0.6358858858858859,0.32507507507507505,0.03900332858280437,warm
county,20,Georgia,Troup,51,2,9.99416234338861,0.2001168213285079,-2.8986410794396704,0.0015998400159984002,2,0.2549019607843137,0.7254901960784313,0.019754546284501986,warm
county,20,Virginia,Norfolk,476,77,102.65955448091788,0.7500519595018561,-2.9062488411255845,0.0045995400459954,15,0.22058823529411764,0.773109243697479,0.0445319104453191,warm
county,20,Arizona,Yuma,61,7,16.965286571627168,0.41260723598426186,-2.9321153587918447,0.004399560043995601,0,0.8688524590163934,0.08196721311475409,0.04409911949981473,warm
county,20,Missouri,St. Louis,398,79,104.0337838795775,0.7593687074906847,-2.9364299495019286,0.0029997000299970002,10,0.4020100502512563,0.5879396984924623,0.03276595417381339,warm
county,20,Massachusetts,Plymouth,102,22,35.94413977771527,0.6120608292770887,-2.9661077953549784,0.0045995400459954,0,0.5,0.45098039215686275,0.0445319104453191,warm
county,20,New Mexico,Lea,47,6,15.529087382007086,0.3863717070039771,-3.0047696935263986,0.0013998600139986002,0,0.8297872340425532,0.1702127659574468,0.018635636436356365,warm
county,20,New York,Sullivan,37,1,8.416808098561807,0.11880988473182269,-3.008515165417999,0.0017998200179982,0,0.7837837837837838,0.16216216216216217,0.02190638079049238,warm
county,20,California,San Luis Obispo,77,9,20.51155469960379,0.43877707622883644,-3.0172439149632266,0.0015998400159984002,1,0.974025974025974,0.025974025974025976,0.019754546284501986,warm
county,20,North Carolina,Gaston,158,18,33.03638424654272,0.5448538152865113,-3.049107299571598,0.0013998600139986002,8,0.6518987341772152,0.34177215189873417,0.018635636436356365,warm
county,20,North Carolina,Wake,300,39,59.402958342449764,0.6565329587656299,-3.0513285925939853,0.0023997600239976003,12,0.38333333333333336,0.59,0.026902572900604674,warm
county,20,California,Solano,252,76,99.077335291192,0.7670775538788276,-3.0571901830356008,0.0031996800319968005,2,0.503968253968254,0.3968253968253968,0.034076592340765925,warm
county,20,Texas,Cherokee,34,0,6.947187793781376,0.0,-3.060897157093647,0.00039996000399960006,0,0.5588235294117647,0.4411764705882353,0.006429545724672817,warm
county,20,Pennsylvania,Luzerne,114,15,28.934144297822115,0.5184186491089372,-3.0749489246383117,0.0015998400159984002,1,0.7982456140350878,0.20175438596491227,0.019754546284501986,warm
county,20,Idaho,Ada,49,2,10.779177541340532,0.1855429129290762,-3.121707986665453,0.0013998600139986002,0,0.9183673469387755,0.02040816326530612,0.018635636436356365,warm
county,20,Massachusetts,Middlesex,172,32,50.18089448790562,0.6376928973976839,-3.1258285462486137,0.0023997600239976003,0,0.7383720930232558,0.1744186046511628,0.026902572900604674,warm
county,20,Colorado,El Paso,243,36,55.982864076845566,0.6430539164731579,-3.1366946179584265,0.0015998400159984002,13,0.7613168724279835,0.205761316872428,0.019754546284501986,warm
county,20,California,Kings,54,6,16.636125897701522,0.3606608916580134,-3.218816894796957,0.0011998800119988001,0,0.8518518518518519,0.12962962962962962,0.01732708085123691,warm
county,20,Massachusetts,Bristol,118,22,38.27801461976747,0.574742452515779,-3.3003679813074833,0.0013998600139986002,2,0.7033898305084746,0.2542372881355932,0.018635636436356365,warm
county,20,Ohio,Summit,249,46,68.5591311407251,0.6709536605062859,-3.301374078965854,0.0023997600239976003,4,0.46987951807228917,0.5180722891566265,0.026902572900604674,warm
county,20,California,Orange,1160,419,473.3888213958144,0.8851075079562594,-3.3312012461289204,0.0005999400059994001,8,0.8482758620689655,0.04310344827586207,0.00929361609293616,warm
county,20,Arizona,Cochise,64,6,17.700889248773088,0.33896602117974844,-3.3724035038325786,0.00039996000399960006,1,0.875,0.0625,0.006429545724672817,warm
county,20,California,Shasta,87,13,27.189931719024113,0.4781181554385525,-3.3724567742672127,0.000999900009999,0,0.896551724137931,0.034482758620689655,0.014688186353778413,warm
county,20,California,Ventura,313,95,123.90089683919757,0.7667418269239322,-3.4459914691355333,0.0007999200079992001,0,0.9297124600638977,0.04153354632587859,0.011956699066935413,warm
county,20,New Mexico,Dona Ana,85,9,22.580893359382557,0.3985670476699905,-3.46731849696788,0.00019998000199980003,0,0.9058823529411765,0.023529411764705882,0.003786288037862881,warm
county,20,Arizona,Yavapai,69,5,17.467587216380384,0.28624445597793874,-3.507040021451946,0.0005999400059994001,1,0.9710144927536232,0.014492753623188406,0.00929361609293616,warm
county,20,New Jersey,Passaic,285,57,83.20263508411458,0.6850744563844072,-3.5147036495379926,0.0007999200079992001,5,0.5578947368421052,0.4245614035087719,0.011956699066935413,warm
county,20,Pennsylvania,Westmoreland,77,6,19.101509579360204,0.31411129968927654,-3.5398607754922944,0.00019998000199980003,1,0.8181818181818182,0.18181818181818182,0.003786288037862881,warm
county,20,Texas,Midland,65,2,13.715507444169278,0.14582034300526284,-3.6432749236522826,0.00039996000399960006,0,0.6615384615384615,0.3384615384615385,0.006429545724672817,warm
county,20,Florida,Bay,90,6,20.156547660893096,0.29767002271132736,-3.68914141191028,0.00019998000199980003,2,0.7444444444444445,0.24444444444444444,0.003786288037862881,warm
county,20,California,Santa Barbara,136,23,44.0819062975799,0.5217560203666306,-3.960051361122903,0.00039996000399960006,0,0.875,0.029411764705882353,0.006429545724672817,warm
county,20,Texas,Lubbock,201,33,58.33421751035732,0.5657057111315636,-4.12542872975016,0.00019998000199980003,7,0.6716417910447762,0.32338308457711445,0.003786288037862881,warm
county,20,Texas,Tarrant,1288,302,368.54807734666633,0.8194317609095287,-4.2694011533067355,0.00039996000399960006,33,0.5854037267080745,0.3936335403726708,0.006429545724672817,warm
county,20,Massachusetts,Worcester,145,24,48.24073454149598,0.4975048623970588,-4.418420296006679,0.00019998000199980003,2,0.7310344827586207,0.1793103448275862,0.003786288037862881,warm
county,20,Texas,Potter,180,18,43.13285082691033,0.41731533285923933,-4.506917190729486,0.00019998000199980003,1,0.7444444444444445,0.2388888888888889,0.003786288037862881,warm
county,20,California,Stanislaus,325,75,113.29220074124883,0.6620049704153471,-4.578203688011736,0.00019998000199980003,0,0.8553846153846154,0.08,0.003786288037862881,warm
county,20,Texas,Travis,441,63,102.91337878477606,0.6121653058515611,-4.659259628710583,0.00019998000199980003,23,0.7097505668934241,0.2789115646258503,0.003786288037862881,warm
county,20,Texas,El Paso,346,45,80.63941997017085,0.5580397281707364,-4.72455651221626,0.00019998000199980003,9,0.9248554913294798,0.057803468208092484,0.003786288037862881,warm
county,20,Nevada,Washoe,185,25,53.16512956703079,0.47023303062733834,-4.725654305385966,0.00019998000199980003,2,0.8540540540540541,0.0972972972972973,0.003786288037862881,warm
county,20,Texas,Nueces,305,49,87.04392463981175,0.5629341760813552,-5.01996123363282,0.00019998000199980003,7,0.9016393442622951,0.09508196721311475,0.003786288037862881,warm
county,20,California,Los Angeles,13254,5269,5566.729464240967,0.946516268456462,-5.376174694577306,0.00019998000199980003,22,0.5955183340878225,0.3567224988682662,0.003786288037862881,warm
county,20,Massachusetts,Hampden,195,33,67.73030348549584,0.4872265190287655,-5.401265957489285,0.00019998000199980003,1,0.6307692307692307,0.3435897435897436,0.003786288037862881,warm
county,20,California,Sacramento,1027,253,336.9368152059805,0.7508826242253546,-5.711486116566278,0.00019998000199980003,7,0.5959104186952289,0.317429406037001,0.003786288037862881,warm
county,20,California,Santa Clara,632,169,239.23353540905913,0.7064226999405888,-5.928615758962098,0.00019998000199980003,1,0.7357594936708861,0.08860759493670886,0.003786288037862881,warm
county,20,California,San Bernardino,1731,535,664.6166145420096,0.8049753621772922,-6.592276560362209,0.00019998000199980003,5,0.730791450028885,0.22992489890236859,0.003786288037862881,warm
county,20,Texas,Harris,4916,944,1188.6270960373395,0.7941935726916537,-8.391880941937504,0.00019998000199980003,170,0.5748576078112286,0.395646867371847,0.003786288037862881,warm
county,20,Arizona,Maricopa,2604,785,1005.87908834759,0.7804118895538035,-9.174422041586517,0.00019998000199980003,16,0.8125960061443932,0.14324116743471582,0.003786288037862881,warm
county,50,Georgia,Fulton,1884,850,548.6874954008188,1.5491513969697288,15.657319046283991,0.00019998000199980003,98,0.14861995753715498,0.8402335456475584,0.0017018706292636042,cold
county,50,Maryland,Baltimore city,2807,1364,1013.6376984245653,1.3456484522230983,14.000650689258487,0.00019998000199980003,21,0.09583184894905593,0.8945493409333808,0.0017018706292636042,cold
county,50,Missouri,St. Louis city,1828,991,721.3632151941994,1.3737878216221648,13.379800612525509,0.00019998000199980003,11,0.1422319474835886,0.8528446389496718,0.0017018706292636042,cold
county,50,Louisiana,Orleans,2337,1147,854.0456147613647,1.3430196000953554,12.790712244880591,0.00019998000199980003,16,0.10997004706889174,0.8707744972186564,0.0017018706292636042,cold
county,50,Virginia,Richmond,876,378,237.8904287168126,1.588966828295456,10.81137331401258,0.00019998000199980003,33,0.13013698630136986,0.8515981735159818,0.0017018706292636042,cold
county,50,District of Columbia,District of Columbia,2112,1396,1168.1620823284102,1.1950396448560097,10.193902598603291,0.00019998000199980003,5,0.07102272727272728,0.9166666666666666,0.0017018706292636042,cold
county,50,Michigan,Wayne,5724,2118,1773.2221245610685,1.1944358073720038,10.191698355755491,0.00019998000199980003,124,0.15496156533892383,0.83298392732355,0.0017018706292636042,cold
county,50,Illinois,Cook,6719,2777,2397.379946229854,1.1583478890641181,10.109505926960596,0.00019998000199980003,114,0.27251079029617503,0.7200476261348415,0.0017018706292636042,cold
county,50,Massachusetts,Suffolk,815,452,335.4741767685904,1.3473466254655688,8.567136114512524,0.00019998000199980003,5,0.31901840490797545,0.6503067484662577,0.0017018706292636042,cold
county,50,New Jersey,Essex,1435,683,537.5741043531667,1.2705225093046777,8.147933718685138,0.00019998000199980003,9,0.20209059233449478,0.7888501742160279,0.0017018706292636042,cold
county,50,Texas,Dallas,3358,1290,1093.139374122104,1.180087398311852,7.5450264005344065,0.00019998000199980003,39,0.4994044073853484,0.4857057772483621,0.0017018706292636042,cold
county,50,Tennessee,Davidson,827,192,120.13376234729785,1.5982184878630719,7.195244747253032,0.00019998000199980003,148,0.3893591293833132,0.5876662636033857,0.0017018706292636042,cold
county,50,Pennsylvania,Allegheny,766,294,209.03625566881587,1.4064545839636329,7.09097451368386,0.00019998000199980003,20,0.27284595300261094,0.7219321148825065,0.0017018706292636042,cold
county,50,Mississippi,Hinds,581,149,91.67465326400048,1.625312937600283,6.677263949450296,0.00019998000199980003,72,0.13769363166953527,0.8537005163511188,0.0017018706292636042,cold
county,50,Indiana,Lake,933,435,342.45245243965377,1.2702493350566815,6.420181636603734,0.00019998000199980003,2,0.22936763129689175,0.7502679528403001,0.0017018706292636042,cold
county,50,Ohio,Mahoning,348,159,106.94678728939738,1.4867206769825347,6.177238641026636,0.00019998000199980003,7,0.21839080459770116,0.7672413793103449,0.0017018706292636042,cold
county,50,New York,Erie,518,275,211.09923908528978,1.3027048377417059,5.886601019545116,0.00019998000199980003,4,0.3204633204633205,0.666023166023166,0.0017018706292636042,cold
county,50,Georgia,Richmond,249,68,36.49627985407195,1.8632035997064267,5.725360025601178,0.00019998000199980003,47,0.24096385542168675,0.7469879518072289,0.0017018706292636042,cold
county,50,Maryland,Prince George's,1104,494,405.6999777629244,1.2176485754916033,5.627998106885593,0.00019998000199980003,6,0.20018115942028986,0.7780797101449275,0.0017018706292636042,cold
county,50,New York,New York,11631,5780,5495.179866853799,1.0518309027269879,5.420032997339801,0.00019998000199980003,37,0.4237812741810678,0.5339179778179004,0.0017018706292636042,cold
county,50,Alabama,Jefferson,1061,292,224.83920382159403,1.298705897534208,5.212638593027617,0.00019998000199980003,66,0.21583411875589067,0.7464655984919887,0.0017018706292636042,cold
county,50,Michigan,Genesee,567,218,164.11253561984287,1.3283567838168335,5.155968920517414,0.00019998000199980003,19,0.25925925925925924,0.7283950617283951,0.0017018706292636042,cold
county,50,Illinois,St. Clair,218,98,65.62254202599028,1.4933892679924894,4.950515433297381,0.00019998000199980003,5,0.16972477064220184,0.8302752293577982,0.0017018706292636042,cold
county,50,Tennessee,Madison,112,37,18.369274768675886,2.014233031294957,4.83108005382754,0.00019998000199980003,16,0.24107142857142858,0.7410714285714286,0.0017018706292636042,cold
county,50,Ohio,Franklin,1047,361,293.93065235107434,1.2281808552883324,4.747741047879277,0.00019998000199980003,22,0.3648519579751671,0.6189111747851003,0.0017018706292636042,cold
county,50,Pennsylvania,Delaware,312,128,93.44204421493808,1.3698330454497627,4.421351558827838,0.00019998000199980003,13,0.3557692307692308,0.6378205128205128,0.0017018706292636042,cold
county,50,Virginia,Portsmouth,203,76,49.68268709418704,1.5297079213111269,4.416401552568646,0.00019998000199980003,10,0.16748768472906403,0.8226600985221675,0.0017018706292636042,cold
county,50,North Carolina,Cumberland,345,97,68.08051758453666,1.424783527527586,4.081309864364505,0.00019998000199980003,50,0.3217391304347826,0.6376811594202898,0.0017018706292636042,cold
county,50,California,San Francisco,906,453,395.7704233084368,1.1446029650552292,3.9329994729772233,0.00019998000199980003,1,0.45695364238410596,0.40618101545253865,0.0017018706292636042,cold
county,50,Louisiana,Jefferson,503,111,79.55024419796648,1.3953445538616895,3.8981524461122072,0.00039996000399960006,77,0.37375745526838966,0.614314115308151,0.003146855125808174,cold
county,50,Pennsylvania,Lehigh,122,45,29.159129392754178,1.5432559523255918,3.419854145574249,0.0011998800119988001,4,0.6967213114754098,0.29508196721311475,0.008202458442680322,cold
county,50,Tennessee,Knox,293,62,42.314060833646025,1.4652339855479128,3.358358327841709,0.0025997400259974,42,0.5460750853242321,0.43686006825938567,0.01464988636271508,cold
county,50,Georgia,Gwinnett,185,62,43.28660672717164,1.4323137036537839,3.3201621334960767,0.0021997800219978004,7,0.5567567567567567,0.3621621621621622,0.01329432274163888,cold
county,50,Florida,Palm Beach,779,255,216.32128852209888,1.1788021499971317,3.200671024273642,0.0023997600239976003,33,0.5147625160462131,0.4839537869062901,0.014295713285814277,cold
county,50,Arkansas,Pulaski,613,140,110.84057250960034,1.2630753958607897,3.151107129497331,0.0031996800319968005,80,0.2936378466557912,0.7014681892332789,0.017328137316138515,cold
county,50,North Carolina,Mecklenburg,765,210,176.2130762572165,1.1917390267534123,2.964086241355944,0.006199380061993801,50,0.2849673202614379,0.7058823529411765,0.03067279478948657,cold
county,50,North Carolina,Lenoir,69,22,12.850209419467468,1.7120343553834247,2.9223354702930564,0.007999200079992,12,0.2608695652173913,0.7246376811594203,0.03665567509183147,cold
county,50,New York,Nassau,297,94,73.15543349927773,1.2849353151728375,2.879511872035895,0.006999300069993001,17,0.569023569023569,0.40404040404040403,0.033167137831671384,cold
county,50,Connecticut,Fairfield,463,214,185.75574912776958,1.1520504802938993,2.7544564907097615,0.0057994200579942,2,0.509719222462203,0.46220302375809935,0.029136845351609413,cold
county,50,Michigan,Saginaw,238,85,67.16341095993998,1.2655700296505006,2.6358295502523226,0.010198980101989802,6,0.25630252100840334,0.726890756302521,0.04252974702529747,cold
county,50,North Carolina,Robeson,209,50,36.18238877753265,1.381887755046382,2.6273920945015106,0.015398460153984602,23,0.18181818181818182,0.3444976076555024,0.05890970535973925,
county,50,Texas,Bell,170,53,39.08098993173067,1.356158073083205,2.605922450547249,0.011198880111988802,15,0.5411764705882353,0.4235294117647059,0.04533915540484787,cold
county,50,Virginia,Danville,59,20,12.185385705140831,1.6413103765408346,2.562285187150066,0.0225977402259774,6,0.2542372881355932,0.7457627118644068,0.07918703927926535,
county,50,New Jersey,Mercer,235,94,76.65534572682762,1.2262680326951045,2.515306694670403,0.014598540145985401,13,0.33617021276595743,0.6382978723404256,0.056366585563665854,
county,50,Illinois,Will,99,36,25.392643377505692,1.417733453929847,2.5005458114407015,0.019598040195980403,7,0.5959595959595959,0.3838383838383838,0.07106419792803328,
county,50,Alabama,Lee,57,16,9.561599139050527,1.6733602577684312,2.3784663834669986,0.034596540345965404,11,0.2807017543859649,0.6842105263157895,0.10766236809154905,
county,50,North Carolina,Buncombe,119,30,20.739114890818776,1.4465419646853408,2.3298004254973934,0.034596540345965404,12,0.6302521008403361,0.36134453781512604,0.10766236809154905,
county,50,Alabama,Mobile,509,122,101.67090687931127,1.1999499536757396,2.329578624201779,0.026797320267973202,36,0.27111984282907664,0.6817288801571709,0.0879167897163772,
county,50,Ohio,Lucas,327,96,78.4156169287626,1.224245931613496,2.329424783259157,0.025997400259974,10,0.44648318042813456,0.5443425076452599,0.08736269230219836,
county,50,Florida,Duval,964,350,317.4207157352239,1.102637548999644,2.298042900606501,0.026197380261973803,11,0.3454356846473029,0.6410788381742739,0.08736269230219836,
county,50,Virginia,Fairfax,163,41,30.143668030347044,1.360152983330475,2.2712028755256344,0.037396260373962605,20,0.6687116564417178,0.27607361963190186,0.11300174330393048,
county,50,Mississippi,Harrison,135,26,17.572104249811225,1.4796179006438182,2.230635935949705,0.0415958404159584,14,0.5333333333333333,0.4148148148148148,0.12273843038231388,
county,50,North Carolina,Guilford,358,96,79.30858926113697,1.2104615766635785,2.1896203121601694,0.043195680431956804,22,0.3324022346368715,0.6452513966480447,0.12596222895193,
county,50,Illinois,Kane,65,24,17.31476122710004,1.3861005465346308,1.9574210550807998,0.07579242075792421,4,0.676923076923077,0.3076923076923077,0.1950953052842864,
county,50,North Carolina,Columbus,64,17,11.368382294574833,1.4953754685143428,1.9303536718238181,0.0917908209179082,7,0.390625,0.578125,0.21998145013084897,
county,50,Connecticut,Hartford,395,148,130.59333555907028,1.133289071501327,1.9138565898617954,0.06919308069193081,1,0.5088607594936709,0.46582278481012657,0.1826171813198427,
county,50,Arkansas,Jefferson,141,31,22.89376140224079,1.3540806796809626,1.9045269728522927,0.07579242075792421,19,0.2553191489361702,0.7375886524822695,0.1950953052842864,
county,50,Texas,Hidalgo,378,105,90.9157708684468,1.1549151373520528,1.7893703635513218,0.08739126087391261,25,0.9841269841269841,0.0026455026455026454,0.21311202213112024,
county,50,New York,Monroe,462,193,175.15001668707976,1.1019125413205684,1.756556645281891,0.08559144085591441,2,0.3008658008658009,0.6666666666666666,0.20995076962891948,
county,50,South Carolina,Sumter,125,16,10.660107582327294,1.5009229387633358,1.7474453153082286,0.11958804119588042,11,0.24,0.752,0.2709102062766697,
county,50,Georgia,Clayton,196,54,44.25398662889817,1.2202290485788148,1.6954789233032908,0.11138886111388861,8,0.3622448979591837,0.5918367346938775,0.2594924865055394,
county,50,North Carolina,Vance,53,15,10.396893390001663,1.442738656378355,1.6513637091180557,0.1483851614838516,4,0.2830188679245283,0.7169811320754716,0.3109377504460609,
county,50,Ohio,Cuyahoga,1440,401,374.21057372646317,1.0715891750646231,1.6438529850334078,0.10638936106389361,37,0.26319444444444445,0.7284722222222222,0.252059539808731,
county,50,New Jersey,Atlantic,207,73,62.51321476152277,1.1677530947413683,1.6433189900120995,0.12378762123787622,7,0.4396135265700483,0.5120772946859904,0.27355994559274227,
county,50,Minnesota,Hennepin,574,132,117.00753595298977,1.12813246535705,1.5829803485543918,0.12998700129987,41,0.36585365853658536,0.5174216027874564,0.28231551844815517,
county,50,South Carolina,Florence,119,16,11.297838637206754,1.4162000816074494,1.5265687635282141,0.1825817418258174,9,0.3025210084033613,0.6722689075630253,0.3574487621660369,
county,50,North Carolina,Scotland,50,12,8.310435195798506,1.4439677005202833,1.4440932134687692,0.22697730226977303,6,0.34,0.5,0.406936988704563,
county,50,Florida,Lee,298,81,70.85486178819949,1.143181963181673,1.413093977046081,0.17998200179982002,17,0.6577181208053692,0.33557046979865773,0.35402120165341955,
county,50,South Carolina,Anderson,164,17,12.330032535755882,1.3787473756214084,1.4110012297238517,0.21077892210778923,14,0.5365853658536586,0.4573170731707317,0.38733231939963897,
county,50,North Carolina,Harnett,65,16,11.88519461804267,1.3462127053191648,1.398225199939095,0.2273772622737726,6,0.5846153846153846,0.4,0.406936988704563,
county,50,New Jersey,Hudson,447,151,138.2874577765573,1.0919283818492307,1.3490027604791406,0.1987801219878012,11,0.5100671140939598,0.4429530201342282,0.380235370958317,
county,50,Georgia,Lowndes,76,20,15.513767937392682,1.2891774635737716,1.3222210997182322,0.22297770222977703,7,0.27631578947368424,0.7236842105263158,0.4025181897394676,
county,50,Washington,King,817,262,245.27985562705345,1.0681676215529474,1.3171271618918727,0.20337966203379662,16,0.5630354957160343,0.2864137086903305,0.3837525749687475,
county,50,California,Alameda,1663,754,729.0006563675064,1.0342926215691786,1.269941178969282,0.21137886211378862,1,0.30066145520144316,0.6368009621166566,0.38733231939963897,
county,50,Maryland,Harford,55,14,10.425977463293963,1.3427997565972933,1.2652301904072758,0.2733726627337266,5,0.7272727272727273,0.2727272727272727,0.467198362131,
county,50,North Carolina,New Hanover,103,29,23.912684061847504,1.2127455004630479,1.2300952665248175,0.261973802619738,7,0.33980582524271846,0.6407766990291263,0.4532907705080114,
county,50,Maryland,Charles,59,14,10.522996059307848,1.3304195802313026,1.203678032352525,0.3033696630336966,7,0.3389830508474576,0.6610169491525424,0.4884368705986544,
county,50,Florida,Miami-Dade,2852,1099,1069.3526961018147,1.02772453280032,1.1937951730123408,0.24297570242975702,10,0.48281907433380084,0.5056100981767181,0.42932571149664694,
county,50,Kentucky,Jefferson,581,180,167.27543311694586,1.0760695497596358,1.1900034877970032,0.24797520247975202,8,0.3889845094664372,0.6075731497418244,0.4344775606472966,
county,50,Pennsylvania,Berks,162,54,47.650118666218205,1.1332605565635994,1.1348143405828237,0.2987701229877012,6,0.7716049382716049,0.21604938271604937,0.4828958964568659,
county,50,New Jersey,Camden,471,196,184.36936936418718,1.06308331300325,1.1312763717451704,0.28857114288571145,2,0.4182590233545648,0.5626326963906582,0.47103258424157585,
county,50,Mississippi,Leflore,58,10,7.250129073818103,1.3792857890092356,1.11270605509955,0.35156484351564843,9,0.10344827586206896,0.896551724137931,0.546230878770859,
county,50,Wisconsin,Milwaukee,1137,218,204.19092462216562,1.0676282523495433,1.1036450385337526,0.28777122287771223,114,0.26649076517150394,0.7203166226912929,0.47103258424157585,
county,50,New York,Suffolk,339,124,115.09638959794438,1.0773578600784768,1.061495861203349,0.31796820317968205,3,0.6371681415929203,0.3303834808259587,0.5060573790529692,
county,50,Georgia,Cobb,164,45,39.40721193684102,1.141922957455673,1.0447259596683862,0.35236476352364765,10,0.5182926829268293,0.4451219512195122,0.546230878770859,
county,50,Florida,Manatee,160,42,36.87784970147153,1.13889503699355,0.9867226488141402,0.36776322367763226,14,0.6625,0.3125,0.5658939641091242,
county,50,North Carolina,Davidson,58,12,9.355478711875506,1.282670868008885,0.964061526054046,0.42995700429957007,8,0.7586206896551724,0.22413793103448276,0.6313101084257772,
county,50,Louisiana,St. Tammany,80,14,11.070748515139982,1.2645938059973156,0.958715560511444,0.41615838416158385,12,0.6625,0.325,0.6193537229906902,
county,50,Ohio,Clark,79,25,21.35912389342067,1.1704599928698782,0.9469249309917753,0.40475952404759524,3,0.569620253164557,0.4050632911392405,0.6115388461153884,
county,50,Florida,Marion,146,39,34.38965054967507,1.134062119755052,0.9356412179361145,0.41035896410358963,7,0.636986301369863,0.363013698630137,0.6155384461553844,
county,50,Indiana,St. Joseph,188,63,57.33780239444883,1.0987515630019917,0.9226793979587492,0.40415958404159585,2,0.40425531914893614,0.5851063829787234,0.6115388461153884,
county,50,South Carolina,Berkeley,107,11,8.536177935755985,1.2886329318328358,0.9058502901159565,0.46035396460353967,8,0.5046728971962616,0.4953271028037383,0.6574232987660138,
county,50,Delaware,New Castle,238,54,48.6240292710347,1.1105620165494545,0.8883899972057644,0.4173582641735826,12,0.3865546218487395,0.5966386554621849,0.6193537229906902,
county,50,North Carolina,Forsyth,225,54,48.92704371625937,1.1036840957152454,0.8481874146987276,0.44295570442955706,18,0.37777777777777777,0.6088888888888889,0.6435976611398094,
county,50,Nebraska,Douglas,164,44,39.71253549068956,1.107962497391173,0.8030131559700682,0.47255274472552744,5,0.4451219512195122,0.5426829268292683,0.6702533828249828,
county,50,South Carolina,Spartanburg,226,25,21.69423830062517,1.1523797080849605,0.7717255378303841,0.49735026497350265,14,0.5530973451327433,0.4469026548672566,0.6982998669829987,
county,50,Pennsylvania,Philadelphia,3895,866,846.7060098739285,1.0227871184343482,0.7579619084065453,0.4597540245975402,181,0.20410783055198972,0.7807445442875481,0.6574232987660138,
county,50,South Carolina,Darlington,76,8,6.241613886014462,1.2817197837125973,0.7535503772939719,0.5595440455954405,6,0.2894736842105263,0.7105263157894737,0.7675324572805877,
county,50,Alabama,Montgomery,259,60,55.39301257429135,1.0831691076474657,0.7245870494404686,0.49995000499950004,14,0.1583011583011583,0.8262548262548263,0.699594470083193,
county,50,Wisconsin,Racine,84,15,12.698142455317766,1.1812751394766605,0.7190693912564533,0.5481451854814519,11,0.4523809523809524,0.5476190476190477,0.7543780275437802,
county,50,Florida,Collier,102,27,24.288424409384344,1.1116406542026653,0.6679351126450602,0.5713428657134286,9,0.8137254901960784,0.1568627450980392,0.7760585504967418,
county,50,Arkansas,Garland,75,14,11.948495689752882,1.1716956145371926,0.6654599963607482,0.5903409659034097,8,0.5733333333333334,0.41333333333333333,0.7941038154249092,
county,50,North Carolina,Cabarrus,85,20,17.71681148787104,1.1288712990874252,0.6288738861113827,0.6141385861413858,7,0.5529411764705883,0.4470588235294118,0.8053326742797418,
county,50,Tennessee,Rutherford,53,9,7.5215810445119295,1.196556940188365,0.5917004119132374,0.6643335666433356,5,0.5660377358490566,0.39622641509433965,0.8438019419942504,
county,50,Alabama,Houston,58,10,8.549755114403972,1.1696241431702257,0.5526617930377024,0.6917308269173083,7,0.25862068965517243,0.7241379310344828,0.8714554526420469,
county,50,Rhode Island,Providence,316,122,117.77902471457175,1.0358380899795823,0.5082011165032225,0.6385361463853615,3,0.6613924050632911,0.29430379746835444,0.8243640032281603,
county,50,Georgia,De Kalb,631,164,158.586074304311,1.0341387206880486,0.506077407440182,0.6363363663633637,14,0.21553090332805072,0.7385103011093502,0.8240753564395112,
county,50,Georgia,Hall,67,13,11.524974325313345,1.1279851592768344,0.49287936646520447,0.7331266873312668,8,0.7910447761194029,0.19402985074626866,0.9118481009041953,
county,50,Tennessee,Shelby,1676,270,263.2279636910041,1.0257268878808994,0.46199284159489484,0.6657334266573343,184,0.1718377088305489,0.8144391408114559,0.8438019419942504,
county,50,Florida,St. Lucie,159,51,48.84347521122887,1.0441517475864484,0.38370425687881293,0.7561243875612439,1,0.4025157232704403,0.5911949685534591,0.9300999103629461,
county,50,Texas,Fort Bend,154,41,39.27572734666852,1.0439017370222614,0.33820347945237766,0.8021197880211979,8,0.6948051948051948,0.2532467532467532,0.9529457310679188,
county,50,New Jersey,Union,270,90,87.52150646427265,1.0283186800119706,0.33183988729592184,0.7861213878612139,7,0.4074074074074074,0.5703703703703704,0.9498454778799575,
county,50,Alaska,Juneau,204,39,37.279466627564744,1.046152306566615,0.3226972997550368,0.8015198480151985,21,0.5245098039215687,0.03431372549019608,0.9529457310679188,
county,50,Arkansas,Crittenden,101,18,16.849474432004516,1.0682825789396808,0.3213652803828916,0.8493150684931506,9,0.297029702970297,0.693069306930693,0.964061545327947,
county,50,North Carolina,Wilson,82,18,16.940229731456522,1.0625593799696575,0.3014930222274128,0.8445155484451555,6,0.3170731707317073,0.6585365853658537,0.964061545327947,
county,50,Kansas,Wyandotte,204,61,59.26126620302088,1.0293401391563666,0.2758208640654334,0.8391160883911609,3,0.43137254901960786,0.5392156862745098,0.964061545327947,
county,50,Louisiana,Lafayette,143,30,28.737924149292347,1.0439167367883366,0.27256174966258523,0.8343165683431657,7,0.4195804195804196,0.5524475524475524,0.964061545327947,
county,50,Washington,Clark,79,19,18.033074004230535,1.0536195878496715,0.26668217331133015,0.8553144685531446,9,0.8227848101265823,0.0759493670886076,0.964061545327947,
county,50,Virginia,Chesterfield,89,16,15.079465090391022,1.061045594395491,0.2663262511623052,0.8871112888711129,8,0.5617977528089888,0.39325842696629215,0.9812345025444406,
county,50,Alabama,Etowah,71,14,13.20118365478819,1.0605109637212018,0.2503630415003968,0.8993100689931007,5,0.5492957746478874,0.4507042253521127,0.9901384531731524,
county,50,North Carolina,Durham,274,64,62.39560476103715,1.0257132733164038,0.2365015537299435,0.8527147285271472,14,0.22992700729927007,0.7627737226277372,0.964061545327947,
county,50,Indiana,Allen,239,82,80.36919653750164,1.0202913993514593,0.23167800281160697,0.8573142685731426,2,0.40585774058577406,0.5690376569037657,0.964061545327947,
county,50,Ohio,Trumbull,53,14,13.332789263578253,1.0500428472416041,0.21859630230832655,0.9607039296070393,2,0.5094339622641509,0.4528301886792453,1.0,
county,50,Oklahoma,McCurtain,57,12,11.379099088992039,1.0545650324469544,0.21698521632075266,0.9507049295070493,6,0.5789473684210527,0.21052631578947367,1.0,
county,50,Georgia,Chatham,387,116,114.19287307199647,1.0158252164026398,0.20644032515905156,0.8627137286271372,6,0.268733850129199,0.710594315245478,0.9663621873106806,
county,50,South Carolina,Orangeburg,119,11,10.386977855185654,1.0590183355891432,0.20387250130563828,0.9351064893510649,6,0.19327731092436976,0.7815126050420168,1.0,
county,50,Missouri,Boone,51,10,9.468451920136749,1.0561388582153326,0.1959897942582084,0.9695030496950305,4,0.5686274509803921,0.4117647058823529,1.0,
county,50,New Jersey,Gloucester,59,15,14.380689346320903,1.0430654357913336,0.19385112140756172,0.9515048495150485,3,0.7796610169491526,0.22033898305084745,1.0,
county,50,South Carolina,York,97,9,8.524764940817715,1.0557475851218836,0.17437435072107,0.9817018298170183,8,0.5463917525773195,0.4536082474226804,1.0,
county,50,Michigan,Kent,247,64,62.84823616209884,1.018326112365835,0.17410708599749927,0.8999100089991001,11,0.4251012145748988,0.5384615384615384,0.9901384531731524,
county,50,Maryland,Wicomico,60,13,12.561667626306113,1.0348944413061805,0.14084586384280964,0.9837016298370163,2,0.3333333333333333,0.6666666666666666,1.0,
county,50,Florida,Escambia,224,50,49.26568064442754,1.014905291999767,0.12276624021208166,0.9613038696130387,15,0.4955357142857143,0.4955357142857143,1.0,
county,50,Georgia,Houston,65,11,10.654852087324825,1.0323934963945458,0.11717481496760179,1.0,6,0.6153846153846154,0.38461538461538464,1.0,
county,50,Texas,Victoria,73,15,14.640481916855485,1.0245564377720793,0.10817369276438792,1.0,5,0.7945205479452054,0.2054794520547945,1.0,
county,50,South Carolina,Colleton,50,4,3.804126224935011,1.051489820127705,0.107022137626073,1.0,4,0.42,0.58,1.0,
county,50,California,Merced,176,60,59.35532971080502,1.0108612030686372,0.10557834761891827,0.9931006899310069,0,0.8068181818181818,0.10795454545454546,1.0,
county,50,South Carolina,Aiken,113,11,10.813989272398349,1.0172009350958415,0.061829823308733226,1.0,6,0.5221238938053098,0.4778761061946903,1.0,
county,50,Florida,Alachua,106,23,22.747528333971747,1.011098861481632,0.0609041365244073,1.0,8,0.39622641509433965,0.5943396226415094,1.0,
county,50,Kentucky,Franklin,143,33,32.71490171705766,1.008714630580525,0.057242911757442075,0.9997000299970003,2,0.9370629370629371,0.055944055944055944,1.0,
county,50,California,Madera,98,33,32.759076213943096,1.0073544133077343,0.05330595088648419,1.0,2,0.7857142857142857,0.1326530612244898,1.0,
county,50,North Carolina,Rowan,79,16,15.999504797383302,1.0000309511214858,0.0001447891651833781,1.0,7,0.5443037974683544,0.43037974683544306,1.0,
county,50,Minnesota,Ramsey,193,35,35.10456344314386,0.9970213717850896,-0.019947879389740002,1.0,17,0.44041450777202074,0.40932642487046633,1.0,
county,50,New Jersey,Bergen,123,35,35.14119635517071,0.9959820276537075,-0.029162282510723055,1.0,5,0.7317073170731707,0.21138211382113822,1.0,
county,50,Alabama,Madison,157,30,30.268205990777076,0.9911390192448538,-0.056406450136683585,1.0,8,0.4968152866242038,0.4840764331210191,1.0,
county,50,Tennessee,Hamilton,256,38,38.401798855184744,0.9895369782884403,-0.07136887831958366,1.0,23,0.41796875,0.5625,1.0,
county,50,Pennsylvania,Northampton,62,16,16.245546689144327,0.9848852923300878,-0.0722264748378578,1.0,0,0.8225806451612904,0.14516129032258066,1.0,
county,50,Texas,Grayson,59,13,13.355297324075014,0.9733965245809589,-0.11611912069374121,1.0,4,0.6610169491525424,0.3389830508474576,1.0,
county,50,Florida,Lake,59,13,13.403309568511487,0.9699097027901985,-0.12775182807287433,1.0,0,0.6271186440677966,0.3559322033898305,1.0,
county,50,North Carolina,Catawba,104,21,21.50216778560555,0.9766457135572292,-0.12808254409372496,1.0,6,0.6923076923076923,0.25961538461538464,1.0,
county,50,California,San Mateo,314,122,123.08782969225732,0.9911621669260309,-0.1288345595992956,0.9493050694930507,1,0.6273885350318471,0.24203821656050956,1.0,
county,50,Texas,Cameron,200,46,46.78240159204644,0.9832757283632173,-0.13672529811051684,0.9637036296370363,10,0.98,0.0,1.0,
county,50,Indiana,Elkhart,60,16,16.468496200761965,0.9715519744455909,-0.13904117259497648,1.0,1,0.6833333333333333,0.3,1.0,
county,50,South Carolina,Richland,332,31,31.782201532603626,0.975388692573697,-0.15063722108343666,0.9869013098690131,20,0.22289156626506024,0.7710843373493976,1.0,
county,50,Oklahoma,Muskogee,66,14,14.526144392511753,0.963779487640025,-0.16001519837698094,1.0,1,0.6363636363636364,0.3181818181818182,1.0,
county,50,Arkansas,Mississippi,96,13,13.762336567850898,0.9446070393575657,-0.2275982392197148,0.9587041295870413,8,0.25,0.75,1.0,
county,50,Ohio,Hamilton,638,178,180.57866318009405,0.9857200007205597,-0.23342627261804877,0.8373162683731626,7,0.2993730407523511,0.6865203761755486,0.964061545327947,
county,50,South Carolina,Greenville,294,27,28.224612972069835,0.9566118772547325,-0.25084829451266094,0.9287071292870713,17,0.5204081632653061,0.46598639455782315,1.0,
county,50,California,Yolo,79,23,24.016586415601655,0.9576714859468429,-0.2536467997214564,0.9171082891710829,0,0.8860759493670886,0.0759493670886076,1.0,
county,50,Texas,Angelina,59,11,11.769205480827523,0.9346425311308748,-0.2585763082288789,0.9495050494950505,3,0.6440677966101694,0.3389830508474576,1.0,
county,50,Georgia,Clarke,63,18,18.937511524607277,0.9504944710719209,-0.26322334053825913,0.9211078892110789,2,0.3333333333333333,0.6349206349206349,1.0,
county,50,Florida,Polk,296,72,74.00725916103411,0.9728775368282931,-0.28303746159559134,0.8467153284671532,13,0.6351351351351351,0.35135135135135137,0.964061545327947,
county,50,Michigan,Ingham,152,42,43.51385497158579,0.965209817135845,-0.2836990830223373,0.8651134886511349,1,0.45394736842105265,0.4934210526315789,0.9663621873106806,
county,50,South Carolina,Beaufort,71,5,5.640761539124952,0.8864051361362187,-0.28704284310164974,0.9821017898210179,4,0.4788732394366197,0.5211267605633803,1.0,
county,50,New York,Westchester,288,101,103.42803928928112,0.9765243612277126,-0.30744775340769714,0.8223177682231777,2,0.4548611111111111,0.4444444444444444,0.964061545327947,
county,50,New Jersey,Burlington,78,19,20.15656260727587,0.9426210396182141,-0.3092144703842927,0.8667133286671332,2,0.6025641025641025,0.3333333333333333,0.9663621873106806,
county,50,Mississippi,Washington,130,21,22.277646400369672,0.942648950548543,-0.30975320697645814,0.8561143885611439,8,0.14615384615384616,0.8461538461538461,0.964061545327947,
county,50,Mississippi,Jackson,81,9,9.915734029566503,0.9076483872161165,-0.3171096215672216,0.9243075692430757,5,0.35802469135802467,0.5925925925925926,1.0,
county,50,North Carolina,Richmond,67,10,10.95159856016895,0.9131087069215702,-0.3215897348173906,0.9085091490850915,7,0.4925373134328358,0.43283582089552236,0.9969692504433768,
county,50,Kansas,Shawnee,98,23,24.40481943495988,0.9424368027510387,-0.3344413409716405,0.8553144685531446,1,0.5816326530612245,0.3673469387755102,0.964061545327947,
county,50,California,Monterey,308,124,126.83220290544384,0.9776696860847296,-0.3405344199760138,0.7703229677032297,0,0.8603896103896104,0.11688311688311688,0.9442088049259592,
county,50,Florida,Osceola,70,14,15.138907144390624,0.9247695270518507,-0.34348628128387754,0.8477152284771523,4,0.7714285714285715,0.21428571428571427,0.964061545327947,
county,50,Texas,Ector,130,28,29.629463420956363,0.9450053010476095,-0.3526919399641306,0.7981201879812019,5,0.8692307692307693,0.13076923076923078,0.9529457310679188,
county,50,Alabama,Calhoun,88,15,16.27008430845376,0.9219374476262647,-0.3575038084082374,0.8519148085191481,8,0.4659090909090909,0.5340909090909091,0.964061545327947,
county,50,Pennsylvania,Erie,88,20,21.42908305419172,0.9333110497272453,-0.3665273816492351,0.8275172482751725,4,0.6704545454545454,0.32954545454545453,0.964061545327947,
county,50,West Virginia,Kanawha,144,24,25.677438165162027,0.9346726821276938,-0.37146601886252056,0.8147185281471853,9,0.7222222222222222,0.2708333333333333,0.9624295360832189,
county,50,Texas,Galveston,255,62,64.50709470396198,0.9611345896840089,-0.37296523070591875,0.7829217078292171,16,0.6039215686274509,0.38823529411764707,0.9490649772232079,
county,50,Tennessee,Montgomery,63,8,9.019972223880712,0.8869206912655121,-0.3741412697909209,0.8837116288371163,4,0.5555555555555556,0.4126984126984127,0.9800738011305252,
county,50,North Carolina,Iredell,69,12,13.150695869240135,0.9124992410529662,-0.3770515208040884,0.8537146285371463,5,0.5507246376811594,0.4492753623188406,0.964061545327947,
county,50,Louisiana,East Baton Rouge,775,200,204.5656738388495,0.977681134116146,-0.3795049177583447,0.7369263073692631,17,0.16774193548387098,0.8232258064516129,0.911864303183925,
county,50,Colorado,Weld,57,11,12.128984440957241,0.9069184690232697,-0.38033295183336824,0.8577142285771423,5,0.9824561403508771,0.017543859649122806,0.964061545327947,
county,50,North Carolina,Wayne,115,25,26.68627002493593,0.9368113256981864,-0.38816151590350295,0.7881211878812119,7,0.33043478260869563,0.6608695652173913,0.9498454778799575,
county,50,South Carolina,Lexington,119,7,8.053099875412318,0.8692304961189371,-0.3912758155119517,0.8781121887811218,7,0.6638655462184874,0.33613445378151263,0.9764607539246075,
county,50,Texas,McLennan,201,47,49.374012598392724,0.9519177706356804,-0.3994471719414705,0.7747225277472253,8,0.5771144278606966,0.4228855721393035,0.9446178189198624,
county,50,New Jersey,Middlesex,150,40,42.18823294063432,0.9481316758700579,-0.41168316827404383,0.7451254874512548,7,0.6266666666666667,0.3,0.9192820362934121,
county,50,Louisiana,Terrebonne,85,12,13.367971547276337,0.8976679788374434,-0.41388716999692526,0.8263173682631737,7,0.4588235294117647,0.5176470588235295,0.964061545327947,
county,50,Texas,Kaufman,63,14,15.416848772685482,0.9080973814054817,-0.44506512909405505,0.7911208879112088,1,0.6825396825396826,0.30158730158730157,0.9507129978644787,
county,50,Texas,Ellis,55,11,12.313568042891788,0.8933235242363348,-0.4470463008614517,0.8077192280771923,6,0.6545454545454545,0.34545454545454546,0.9568719264437194,
county,50,Virginia,Suffolk,67,11,12.46427333733819,0.8825223663098123,-0.4676407986234888,0.781921807819218,4,0.2537313432835821,0.746268656716418,0.9490649772232079,
county,50,West Virginia,Raleigh,60,8,9.286798835441601,0.8614378476110911,-0.47385421392683846,0.7977202279772023,5,0.75,0.23333333333333334,0.9529457310679188,
county,50,North Carolina,Johnston,91,15,16.701388279679236,0.8981289308895756,-0.4751037317885939,0.7311268873112688,7,0.4725274725274725,0.5164835164835165,0.9118481009041953,
county,50,Louisiana,Ascension,61,9,10.438928868768107,0.8621574218143021,-0.5018761618583784,0.7721227877212279,6,0.4262295081967213,0.5573770491803278,0.9442088049259592,
county,50,Iowa,Polk,143,26,28.39120686353096,0.9157764981592765,-0.511044355526315,0.6887311268873113,5,0.6293706293706294,0.32867132867132864,0.870305696703057,
county,50,North Carolina,Lee,54,10,11.479637068937448,0.8711076787487322,-0.516623227555083,0.7347265273472653,5,0.5,0.5,0.9118481009041953,
county,50,Hawaii,Honolulu,300,70,73.75610511911168,0.949073976817976,-0.5173501146480262,0.6621337866213378,10,0.43333333333333335,0.056666666666666664,0.8438019419942504,
county,50,Florida,Hillsborough,827,213,219.46207002657655,0.9705549572835342,-0.528595722778492,0.6297370262973703,32,0.6009673518742442,0.3905683192261185,0.8206260623937606,
county,50,Ohio,Allen,62,12,13.819181396298774,0.8683582374288821,-0.5603684250770832,0.6991300869913009,0,0.3387096774193548,0.6612903225806451,0.8754872260521696,
county,50,North Carolina,Rockingham,71,12,13.796336875759604,0.869796099360563,-0.5629969191739016,0.6971302869713029,4,0.49295774647887325,0.5070422535211268,0.8754872260521696,
county,50,Colorado,Pueblo,92,20,22.261748518934787,0.8984020272706319,-0.56324658403542,0.6521347865213478,2,0.9347826086956522,0.05434782608695652,0.836739095321237,
county,50,Maryland,Baltimore,346,97,101.67134768138098,0.9540544333491072,-0.5686153927964065,0.6129387061293871,4,0.5115606936416185,0.47398843930635837,0.8053326742797418,
county,50,South Carolina,Charleston,337,33,36.38246152684437,0.9070304376093778,-0.608554523878982,0.6049395060493951,24,0.258160237388724,0.7418397626112759,0.8021483565929122,
county,50,New York,Oneida,84,23,25.522130425692826,0.9011786875301826,-0.617369756725926,0.6253374662533746,2,0.6309523809523809,0.3333333333333333,0.8174474088641293,
county,50,Missouri,Greene,97,16,18.316286861182693,0.8735394963653059,-0.6192150957133182,0.6515348465153484,4,0.845360824742268,0.13402061855670103,0.836739095321237,
county,50,Texas,Smith,154,29,32.06451990132372,0.9044264529531532,-0.632622215967871,0.6059394060593941,8,0.5584415584415584,0.42857142857142855,0.8021483565929122,
county,50,Alaska,Anchorage,188,41,44.60164593427443,0.919248586933723,-0.6346774963922742,0.6051394860513949,5,0.5478723404255319,0.17553191489361702,0.8021483565929122,
county,50,North Carolina,Caldwell,54,9,10.742083669715907,0.8378262799584041,-0.6349720894721658,0.6647335266473353,4,0.8888888888888888,0.1111111111111111,0.8438019419942504,
county,50,Oklahoma,Comanche,86,15,17.331988413756697,0.8654517670975502,-0.6390672256575278,0.6351364863513649,5,0.4883720930232558,0.4418604651162791,0.8240753564395112,
county,50,Pennsylvania,Dauphin,142,35,38.377235594247864,0.9119989873696359,-0.6555437136754989,0.5849415058494151,5,0.4225352112676056,0.5704225352112676,0.7893870807094048,
county,50,Mississippi,Lauderdale,89,11,13.236835891385747,0.8310143066107337,-0.6873977962055262,0.6113388661133886,5,0.30337078651685395,0.6853932584269663,0.8053326742797418,
county,50,Pennsylvania,Chester,78,18,20.608343937228973,0.8734326278145523,-0.6878902328833358,0.5963403659634037,1,0.7051282051282052,0.28205128205128205,0.7989028020274896,
county,50,Oregon,Clackamas,85,17,19.57029862336845,0.8686632905897861,-0.6923549440662012,0.5977402259774023,1,0.9529411764705882,0.023529411764705882,0.7989028020274896,
county,50,Virginia,Chesapeake,86,18,20.714680894638867,0.8689489397183304,-0.7056238190854622,0.5735426457354265,2,0.47674418604651164,0.5232558139534884,0.7765171534794573,
county,50,Oregon,Lane,85,16,18.676544200299112,0.8566895368011258,-0.7159390821158848,0.5653434656534346,7,0.9764705882352941,0.0,0.7704190365277198,
county,50,New York,Schenectady,59,16,18.50366534607917,0.8646935458865892,-0.7215604240299069,0.5631436856314369,1,0.5084745762711864,0.4745762711864407,0.7699374324862596,
county,50,Washington,Yakima,152,32,35.772103690953614,0.8945518070857114,-0.7370503181039981,0.5387461253874612,3,0.9078947368421053,0.02631578947368421,0.7463692168989081,
county,50,Illinois,Lake,73,14,16.558387949681578,0.8454929334029297,-0.7418800897388628,0.5465453454654534,0,0.5616438356164384,0.4383561643835616,0.7543780275437802,
county,50,California,Kern,652,211,219.95603926009233,0.9592825944210513,-0.766044602921151,0.47795220477952205,11,0.7699386503067485,0.20245398773006135,0.6756137945527481,
county,50,Michigan,Oakland,312,80,85.87114817713001,0.9316283955465537,-0.7701650773454348,0.48995100489951005,6,0.5224358974358975,0.4519230769230769,0.6902350305509989,
county,50,New Hampshire,Hillsborough,62,11,13.52441124020017,0.8133440934791623,-0.7965094436010117,0.5309469053094691,0,0.9193548387096774,0.04838709677419355,0.7380161983801621,
county,50,Florida,Broward,947,273,284.0883644113578,0.9609686076572219,-0.8101804475739408,0.43395660433956607,13,0.53220696937698,0.45406546990496305,0.6327269370965002,
county,50,West Virginia,Cabell,51,8,10.366307821608414,0.7717308937444554,-0.8371071760017661,0.5085491450854914,6,0.7843137254901961,0.21568627450980393,0.7092474699018393,
county,50,Pennsylvania,York,130,28,31.999531208609575,0.8750128187023725,-0.840861084594169,0.46295370462953706,2,0.7230769230769231,0.2692307692307692,0.6588795045410135,
county,50,Virginia,Roanoke,131,20,23.751983495386018,0.8420349401086917,-0.8640886708087383,0.4567543245675432,12,0.5038167938931297,0.48854961832061067,0.6574232987660138,
county,50,New Mexico,Chaves,64,21,24.357718995147188,0.8621496948948237,-0.8844530644971621,0.4597540245975402,0,0.90625,0.09375,0.6574232987660138,
county,50,Louisiana,Ouachita,115,15,18.45304863412238,0.8128738127456518,-0.8972743792929403,0.44955504449555045,7,0.34782608695652173,0.6434782608695652,0.6509182415091824,
county,50,Texas,Webb,143,43,47.83319532473441,0.8989572975018213,-0.8979840000230725,0.42915708429157085,6,0.986013986013986,0.013986013986013986,0.6313101084257772,
county,50,California,Imperial,73,18,21.576731648030286,0.8342320001761341,-0.9386464333964564,0.415958404159584,0,0.9178082191780822,0.0136986301369863,0.6193537229906902,
county,50,Wisconsin,Dane,80,10,13.040459244936635,0.7668441587962335,-0.9605968295821717,0.42295770422957707,4,0.675,0.3,0.6254374562543746,
county,50,Indiana,La Porte,55,10,13.009022844979103,0.7686972433797785,-0.972653329356539,0.43315668433156684,2,0.6363636363636364,0.36363636363636365,0.6327269370965002,
county,50,Missouri,Jackson,1281,452,468.4437204215877,0.964897127008579,-0.9917127279540842,0.3243675632436756,10,0.336455893832943,0.6502732240437158,0.5104199014060857,
county,50,New Mexico,Santa Fe,175,54,59.929283711370374,0.9010619960030423,-0.9980302871943886,0.35176482351764826,4,0.9142857142857143,0.017142857142857144,0.546230878770859,
county,50,Texas,Williamson,50,7,9.75646258148415,0.7174731560273315,-1.011968841344916,0.40755924407559246,2,0.86,0.14,0.6135458656300435,
county,50,California,San Diego,1624,596,615.3096948021821,0.9686179253060688,-1.0199959855724867,0.32056794320567944,3,0.7013546798029556,0.20874384236453203,0.5063516375635164,
county,50,Arizona,Pima,754,227,240.02516848510137,0.9457341554333296,-1.049739462752276,0.31916808319168083,4,0.8687002652519894,0.08620689655172414,0.5060573790529692,
county,50,Arkansas,Sebastian,59,6,8.80618014578271,0.6813396842527014,-1.0561862159027486,0.387961203879612,4,0.7627118644067796,0.1864406779661017,0.5904373066343,
county,50,Oklahoma,Cleveland,64,9,12.271810886719752,0.7333880943145543,-1.0592052415334878,0.37036296370362964,1,0.875,0.0625,0.5677991024426969,
county,50,North Carolina,Halifax,64,8,11.077880497825397,0.722159803183507,-1.059377214775635,0.3721627837216278,4,0.25,0.703125,0.5684684278824864,
county,50,Pennsylvania,Bucks,97,17,21.303268402609614,0.7979996157733961,-1.070860871480816,0.35376462353764626,4,0.8041237113402062,0.17525773195876287,0.546369807463698,
county,50,Colorado,Adams,138,26,31.172778420209156,0.8340610403577093,-1.0804119415943243,0.3261673832616738,6,0.927536231884058,0.050724637681159424,0.5113225519553307,
county,50,Massachusetts,Essex,135,39,45.08845878485501,0.8649663583777211,-1.1457245937701452,0.28757124287571245,2,0.7703703703703704,0.13333333333333333,0.47103258424157585,
county,50,Florida,Volusia,212,45,51.98918094571339,0.8655647036830331,-1.146407287729602,0.284971502849715,11,0.7028301886792453,0.29245283018867924,0.47103258424157585,
county,50,Pennsylvania,Fayette,64,11,14.825646337233348,0.7419575342475584,-1.154866776848893,0.31916808319168083,1,0.84375,0.15625,0.5060573790529692,
county,50,Arizona,Pinal,141,35,40.96449302894787,0.8543984658925715,-1.1728750058352644,0.287971202879712,1,0.8085106382978723,0.0851063829787234,0.47103258424157585,
county,50,North Carolina,Cleveland,74,12,15.972113924281619,0.7513094419992203,-1.1779660078646523,0.29717028297170284,1,0.33783783783783783,0.6621621621621622,0.48217901945214037,
county,50,Kentucky,Christian,53,10,13.644941441165665,0.732872328043184,-1.1786869328263245,0.3117688231176882,1,0.6037735849056604,0.39622641509433965,0.5000292278464461,
county,50,Virginia,Petersburg,68,10,13.901065942379251,0.7193692945167369,-1.1916914652701152,0.28917108289171084,1,0.17647058823529413,0.8088235294117647,0.47103258424157585,
county,50,Michigan,Washtenaw,108,21,26.164878793436138,0.8026026096198914,-1.2016816614100698,0.285971402859714,4,0.5092592592592593,0.48148148148148145,0.47103258424157585,
county,50,California,Tulare,358,108,118.50909007882733,0.9113224979464688,-1.2081331708074612,0.25137486251374863,3,0.9273743016759777,0.03910614525139665,0.43859128731478314,
county,50,Maryland,Howard,67,13,17.14017923235459,0.758451812187623,-1.2082391459876787,0.2763723627637236,2,0.5522388059701493,0.40298507462686567,0.46848485883119,
county,50,North Carolina,Union,64,8,11.587890775491534,0.6903758548466864,-1.2172163343548383,0.28877112288771123,6,0.515625,0.46875,0.47103258424157585,
county,50,Oklahoma,Oklahoma,831,166,180.188183085334,0.9212590812427764,-1.2263411810651124,0.23417658234176583,40,0.5824308062575211,0.3694344163658243,0.41553887164475045,
county,50,Utah,Utah,52,7,10.416825712868674,0.6719897397680739,-1.23845381652607,0.28557144285571445,1,0.8269230769230769,0.07692307692307693,0.47103258424157585,
county,50,California,Mendocino,65,14,18.40035339497787,0.7608549520478837,-1.2400993747062972,0.26717328267173285,2,0.8461538461538461,0.0,0.45848254680704775,
county,50,Georgia,Bibb,226,44,51.722766991595265,0.8506892140389515,-1.2477439110935886,0.25717428257174285,6,0.19911504424778761,0.7876106194690266,0.44684031596840323,
county,50,Delaware,Sussex,55,5,8.258628893103088,0.6054273735650695,-1.2559767676384153,0.28177182281771823,3,0.6,0.4,0.47103258424157585,
county,50,New York,Albany,108,28,33.89869380569117,0.8259905281453397,-1.2591631423838525,0.24537546245375463,3,0.46296296296296297,0.5092592592592593,0.43173657317812525,
county,50,North Carolina,Randolph,69,8,11.889588823035098,0.6728575831403572,-1.2725132787026705,0.2745725427457254,5,0.8115942028985508,0.17391304347826086,0.4673336747957857,
county,50,Massachusetts,Norfolk,61,14,18.43923630814072,0.75925053326743,-1.2732824685837696,0.2643735626437356,2,0.7868852459016393,0.14754098360655737,0.4555527918282552,
county,50,New Jersey,Monmouth,119,27,33.18752760015841,0.8135586454433901,-1.3081944285128644,0.21937806219378062,5,0.5126050420168067,0.47058823529411764,0.3994788294096354,
county,50,Texas,Harrison,71,9,13.337489848041999,0.6747896420195768,-1.3374007423518017,0.23117688231176883,3,0.4225352112676056,0.5774647887323944,0.411969059504306,
county,50,North Carolina,Pitt,113,17,22.602295332356466,0.7521359999072101,-1.3559152206235903,0.208979102089791,7,0.3008849557522124,0.672566371681416,0.38733231939963897,
county,50,Virginia,Henrico,141,25,31.589238862681373,0.7914087486778382,-1.3721137300719801,0.20017998200179982,7,0.3900709219858156,0.5886524822695035,0.38116462326370104,
county,50,North Carolina,Alamance,81,11,15.719821092170074,0.6997535109021704,-1.3781650491660609,0.21157884211578842,4,0.49382716049382713,0.5061728395061729,0.38733231939963897,
county,50,Texas,Orange,62,9,13.302871811490764,0.6765456457474073,-1.3860589914067225,0.21177882211778823,3,0.6935483870967742,0.2903225806451613,0.38733231939963897,
county,50,Texas,Brazos,60,8,12.28901824266114,0.6509877226992895,-1.3931320571650094,0.208979102089791,3,0.6166666666666667,0.38333333333333336,0.38733231939963897,
county,50,Texas,Montgomery,155,26,32.864011450777205,0.791138964850413,-1.3982165443111705,0.17998200179982002,8,0.9032258064516129,0.07741935483870968,0.35402120165341955,
county,50,North Carolina,Moore,56,6,9.92088966987126,0.6047844699071087,-1.40558903040976,0.2221777822217778,3,0.625,0.375,0.4025181897394676,
county,50,Ohio,Montgomery,493,127,140.69938141994456,0.9026336769807388,-1.412231058255216,0.17498250174982502,13,0.37322515212981744,0.6206896551724138,0.3508062655272934,
county,50,Washington,Snohomish,121,23,29.37847718871326,0.7828860513177393,-1.41258154806439,0.195980401959804,3,0.9090909090909091,0.049586776859504134,0.37660750054026854,
county,50,Virginia,Lynchburg,57,7,11.16118462033713,0.6271735696625866,-1.4146849997344653,0.20857914208579142,1,0.24561403508771928,0.7543859649122807,0.38733231939963897,
county,50,New Jersey,Ocean,79,14,19.338812370645805,0.7239327695867438,-1.4332741112893728,0.1725827417258274,2,0.7468354430379747,0.25316455696202533,0.3476666826071016,
county,50,Virginia,Prince William,81,10,14.862458467671186,0.6728361947488026,-1.438742862989148,0.1887811218878112,2,0.5802469135802469,0.4074074074074074,0.3661475712893827,
county,50,Florida,St. Johns,58,9,13.476642979977065,0.6678220988247413,-1.4519272199076971,0.19118088191180882,3,0.7931034482758621,0.20689655172413793,0.3690853136908532,
county,50,Virginia,Virginia Beach,186,25,32.350336371650684,0.7727894916699554,-1.4556863640303168,0.1693830616938306,11,0.543010752688172,0.42473118279569894,0.342877362749162,
county,50,Texas,Bowie,74,11,15.986172144880346,0.6880946795961288,-1.4613868017374096,0.18438156184381563,5,0.44594594594594594,0.5405405405405406,0.3592855667704258,
county,50,Arkansas,Union,52,5,8.83837986016253,0.5657145403465443,-1.463199457891227,0.20177982201779823,0,0.34615384615384615,0.6346153846153846,0.3824644808246448,
county,50,Illinois,Winnebago,122,30,37.192193531208886,0.8066208833535526,-1.4811535851146602,0.16918308169183083,3,0.45081967213114754,0.5409836065573771,0.342877362749162,
county,50,Washington,Kitsap,51,7,11.220275167013734,0.6238706177705127,-1.496254888763144,0.17678232176782321,3,0.8235294117647058,0.0784313725490196,0.3510391817961061,
county,50,Mississippi,Forrest,65,5,9.062537335242375,0.5517218649743942,-1.4996439635594965,0.17598240175982402,2,0.38461538461538464,0.6,0.3510391817961061,
county,50,Indiana,Vanderburgh,86,16,21.939300522395623,0.7292848732195091,-1.500505219736022,0.15958404159584041,3,0.627906976744186,0.37209302325581395,0.3294383432943834,
county,50,Florida,Pasco,152,26,33.42617590617855,0.7778335180481748,-1.5058505920761227,0.15478452154784522,11,0.8552631578947368,0.14473684210526316,0.3227257274272573,
county,50,Texas,Gregg,153,26,33.61517918403035,0.7734601043671332,-1.5232659457540922,0.14038596140385962,7,0.5163398692810458,0.477124183006536,0.2986782954357625,
county,50,New Jersey,Morris,59,10,14.952079407178212,0.6688032966972599,-1.530939942517093,0.16478352164783522,3,0.8135593220338984,0.0847457627118644,0.33683690454483967,
county,50,Florida,Seminole,109,21,27.744413699806124,0.7569091287067546,-1.5424650249373337,0.1411858814118588,3,0.6422018348623854,0.3394495412844037,0.2988553936484524,
county,50,North Carolina,Orange,54,5,9.180223856386085,0.5446490279778771,-1.5555745387344435,0.1615838416158384,3,0.4074074074074074,0.5740740740740741,0.3319234579005153,
county,50,Florida,Sarasota,123,23,30.202080117374614,0.7615369507866642,-1.5590767979201412,0.1461853814618538,3,0.6504065040650406,0.34959349593495936,0.30787527307875273,
county,50,California,Sutter,53,11,16.108023960152213,0.6828894734209258,-1.5684688182878996,0.15558444155584442,0,0.9622641509433962,0.018867924528301886,0.3227796623322742,
county,50,Florida,Leon,117,25,32.562904105332926,0.767744790794187,-1.5965556751321741,0.13738626137386262,4,0.3162393162393162,0.6666666666666666,0.2937952358610293,
county,50,California,Fresno,853,300,322.1403286011848,0.9312711677630561,-1.6085558525454822,0.11398860113988601,2,0.753810082063306,0.1735052754982415,0.262614622515649,
county,50,Hawaii,Hawaii,64,11,16.358579282151986,0.6724300326007858,-1.6142812911625561,0.135986401359864,0,0.5,0.0,0.2923006668405324,
county,50,Maryland,Anne Arundel,195,41,50.66313722966214,0.8092668998001847,-1.6218829587500618,0.12238776122387761,10,0.558974358974359,0.4153846153846154,0.27355994559274227,
county,50,Alabama,Tuscaloosa,105,14,20.372727924323414,0.6871931953346864,-1.624858973005202,0.131986801319868,7,0.4,0.5619047619047619,0.28517355518334175,
county,50,South Carolina,Horry,186,13,19.670078140874487,0.6609023058726928,-1.6394276271695274,0.12018798120187982,6,0.5860215053763441,0.40860215053763443,0.2709102062766697,
county,50,Florida,Orange,672,140,157.52476947609023,0.8887491184124525,-1.64345158527393,0.11018898110188981,43,0.47767857142857145,0.5029761904761905,0.25813935460386545,
county,50,Texas,Collin,94,17,23.577643745473456,0.7210220064192691,-1.6527389062960314,0.1197880211978802,6,0.8297872340425532,0.14893617021276595,0.2709102062766697,
county,50,Ohio,Lorain,68,11,16.715745153224056,0.6580621981951174,-1.6587800803299646,0.12658734126587343,1,0.5882352941176471,0.4117647058823529,0.2763713157480064,
county,50,Arizona,Mohave,110,24,31.52596624800669,0.7612772218049768,-1.6596100133703588,0.1131886811318868,3,0.9363636363636364,0.02727272727272727,0.26222044462220445,
county,50,California,Santa Cruz,110,27,34.96052825812708,0.7722995430918141,-1.6618616480803736,0.12298770122987701,1,0.9272727272727272,0.03636363636363636,0.27355994559274227,
county,50,New York,Dutchess,70,12,17.971042132392416,0.6677409084902349,-1.6756880666818215,0.12398760123987601,3,0.44285714285714284,0.5428571428571428,0.27355994559274227,
county,50,Mississippi,Warren,56,2,5.73497012988511,0.34873764896837683,-1.6774654011058956,0.12498750124987501,2,0.16071428571428573,0.8392857142857143,0.2743146737957783,
county,50,Texas,Taylor,82,15,21.392506158102886,0.7011801183620749,-1.6804025418757502,0.11638836116388361,2,0.7560975609756098,0.24390243902439024,0.266670036293074,
county,50,Kentucky,Fayette,162,39,48.52816660385177,0.8036569837547601,-1.68278251990393,0.10698930106989302,2,0.6234567901234568,0.36419753086419754,0.252059539808731,
county,50,Washington,Spokane,182,41,51.189278783503596,0.80094896772042,-1.7443566493918716,0.0923907609239076,0,0.8736263736263736,0.07692307692307693,0.22015398460153984,
county,50,Oregon,Multnomah,497,121,138.07710436157078,0.8763219692321154,-1.751077834113734,0.0851914808519148,8,0.6659959758551308,0.2676056338028169,0.20995076962891948,
county,50,Georgia,Glynn,74,9,14.814508870130584,0.6075125459032965,-1.7548275473518993,0.08839116088391161,2,0.36486486486486486,0.6216216216216216,0.21354049566141653,
county,50,Maryland,Montgomery,185,40,50.42259309752726,0.7932951786638996,-1.7732660605066521,0.08859114088591141,6,0.5621621621621622,0.3945945945945946,0.21354049566141653,
county,50,Virginia,Hampton,126,17,24.848564776395897,0.6841441408378084,-1.7848556765729915,0.08099190080991901,8,0.2777777777777778,0.6984126984126984,0.20468862204688626,
county,50,Louisiana,Rapides,130,20,28.20513015606151,0.7090908600434818,-1.7944463348562272,0.08459154084591541,7,0.3230769230769231,0.6692307692307692,0.20995076962891948,
county,50,Colorado,Denver,707,189,210.50674628828062,0.8978334582264267,-1.8072218602836005,0.07939206079392061,4,0.6803394625176803,0.2857142857142857,0.20288580898007758,
county,50,Texas,Jefferson,288,59,71.99678802386089,0.8194810021309069,-1.8115425616070095,0.07979202079792021,7,0.3715277777777778,0.6041666666666666,0.20288580898007758,
county,50,Louisiana,Bossier,59,6,11.420790087441064,0.5253576989036803,-1.819969885630314,0.08359164083591641,3,0.4406779661016949,0.5254237288135594,0.20995076962891948,
county,50,South Carolina,Laurens,63,1,4.752035748768061,0.21043612735010347,-1.831474539479521,0.08459154084591541,1,0.47619047619047616,0.5238095238095238,0.20995076962891948,
county,50,Virginia,Henry,69,5,10.231518234750856,0.48868602735982447,-1.845080357761214,0.07239276072392761,4,0.4782608695652174,0.5217391304347826,0.18986025925709316,
county,50,North Carolina,Onslow,72,7,12.746582222170266,0.5491668180529856,-1.8533571488859364,0.0683931606839316,4,0.5277777777777778,0.4583333333333333,0.18165571977834064,
county,50,Michigan,Jackson,103,19,26.926579873240275,0.7056224774718702,-1.85784310784322,0.073992600739926,2,0.6213592233009708,0.3106796116504854,0.19284321567843216,
county,50,Connecticut,New Haven,453,112,129.86901096689994,0.8624074301185349,-1.9073739513290178,0.061193880611938804,7,0.5474613686534217,0.41721854304635764,0.16570031308557456,
county,50,North Carolina,Nash,131,16,24.390017803683797,0.6560060812084937,-1.9279968410035826,0.058994100589941006,7,0.25190839694656486,0.732824427480916,0.16078784278434902,
county,50,Maine,Cumberland,52,7,12.965517463728691,0.539893607762486,-1.952156844326043,0.06159384061593841,1,0.9230769230769231,0.057692307692307696,0.16570730023771815,
county,50,Oregon,Washington,81,11,18.08698414991336,0.6081721479284147,-1.9602119807680138,0.0565943405659434,4,0.8641975308641975,0.037037037037037035,0.15733226677332265,
county,50,Utah,Salt Lake,353,66,81.26205206058418,0.8121872180977451,-1.9759046149976478,0.0491950804919508,18,0.8016997167138811,0.053824362606232294,0.1405092367475581,
county,50,Pennsylvania,Washington,56,8,14.305049573744213,0.5592430811762699,-1.981984731309863,0.06379362063793621,1,0.8214285714285714,0.17857142857142858,0.17052525516679104,
county,50,Louisiana,Livingston,51,2,6.71909394595076,0.2976591808491223,-1.9832821706214563,0.057194280571942806,2,0.7450980392156863,0.2549019607843137,0.15745662275877673,
county,50,New York,Niagara,54,9,15.383265395806633,0.58505133782931,-1.9861040313924465,0.057394260573942604,3,0.7407407407407407,0.2037037037037037,0.15745662275877673,
county,50,California,Humboldt,90,17,25.407957819050736,0.669081715306277,-2.0091288502339615,0.050794920507949204,1,0.8111111111111111,0.03333333333333333,0.1431181206203704,
county,50,Louisiana,Calcasieu,122,12,20.163560019448642,0.5951330017331002,-2.026704959521271,0.04999500049995,3,0.4262295081967213,0.5655737704918032,0.14182255243863368,
county,50,California,Butte,95,19,27.810654315575196,0.6831914051500457,-2.0309718319459424,0.056194380561943806,2,0.8631578947368421,0.06315789473684211,0.15726883687470178,
county,50,Arkansas,Washington,52,2,6.8652126426473865,0.291323824054014,-2.0363014429507538,0.0403959604039596,2,0.8653846153846154,0.09615384615384616,0.12032225348893681,
county,50,New Jersey,Cumberland,87,13,21.0859605828116,0.6165239638452639,-2.064954168571298,0.04179582041795821,4,0.5172413793103449,0.4482758620689655,0.12273843038231388,
county,50,Pennsylvania,Lancaster,114,18,27.161586740940464,0.6627006062524591,-2.0744772758884498,0.0435956404359564,1,0.6754385964912281,0.2982456140350877,0.12624570876245708,
county,50,California,Yuba,50,7,13.483080334615266,0.5191691977113583,-2.0845860527816855,0.048595140485951406,1,0.9,0.0,0.13975292125959818,
county,50,Kansas,Sedgwick,228,42,55.15631607882172,0.761472175552469,-2.090752846295585,0.035396460353964605,7,0.5394736842105263,0.3991228070175439,0.10933573309335733,
county,50,California,Placer,63,9,16.267642286160893,0.5532455067355657,-2.118648594976265,0.03799620037996201,1,0.9682539682539683,0.015873015873015872,0.11398860113988601,
county,50,Michigan,Kalamazoo,77,14,22.140120259758504,0.6323362220143923,-2.1491485011518976,0.037196280371962806,2,0.4155844155844156,0.5194805194805194,0.11300174330393048,
county,50,New York,Onondaga,185,45,58.22244052916518,0.7728978653421148,-2.151956335224732,0.0357964203579642,3,0.3891891891891892,0.5459459459459459,0.10975814183287554,
county,50,New Mexico,San Juan,62,9,16.4430183693931,0.5473447634621953,-2.2041473675054197,0.0321967803219678,0,0.6612903225806451,0.04838709677419355,0.10171255601712555,
county,50,Oklahoma,Tulsa,588,111,132.83340874629187,0.8356331516870649,-2.2068260190525164,0.0301969803019698,32,0.5663265306122449,0.3877551020408163,0.09612321210627028,
county,50,Ohio,Butler,109,16,25.40013956111611,0.629917798738935,-2.21055697962916,0.027797220277972202,4,0.6697247706422018,0.3211009174311927,0.08916492966088006,
county,50,Tennessee,Sullivan,66,3,9.017900210220073,0.332671678557728,-2.2116184000473886,0.025997400259974,0,0.8939393939393939,0.10606060606060606,0.08736269230219836,
county,50,New York,Orange,102,17,26.492250801433162,0.6416970806829424,-2.2144449693938153,0.027197280271972803,2,0.6176470588235294,0.3431372549019608,0.0879167897163772,
county,50,Georgia,Muscogee,205,37,50.55951704262955,0.7318107878444178,-2.2484683801826923,0.027197280271972803,6,0.2731707317073171,0.6926829268292682,0.0879167897163772,
county,50,Texas,Brazoria,108,12,21.11764847910278,0.5682450871305459,-2.266607324846708,0.019998000199980003,1,0.7870370370370371,0.17592592592592593,0.07188936278785915,
county,50,Texas,Denton,92,12,20.872894424751884,0.574908288031675,-2.2886898890838303,0.025597440255974404,4,0.8695652173913043,0.10869565217391304,0.08736269230219836,
county,50,Texas,Bexar,1707,550,592.6319368783509,0.9280633826403083,-2.2896351820562555,0.020397960203979604,35,0.8265963678968952,0.15875805506736965,0.07270042226546576,
county,50,Colorado,Arapahoe,202,36,49.66494160859999,0.7248573910286493,-2.2939606319616965,0.025597440255974404,5,0.6782178217821783,0.27722772277227725,0.08736269230219836,
county,50,New Mexico,Bernalillo,554,168,193.28198293057056,0.869196380608056,-2.3018973434118903,0.0263973602639736,0,0.7906137184115524,0.11732851985559567,0.08736269230219836,
county,50,Texas,Wichita,108,17,26.97801698567632,0.6301426828008138,-2.3081905024005045,0.022797720227977204,3,0.5555555555555556,0.4444444444444444,0.07922207779222078,
county,50,Michigan,Calhoun,84,14,23.100727027426057,0.6060415320859239,-2.3141059330398246,0.0225977402259774,1,0.5357142857142857,0.4523809523809524,0.07918703927926535,
county,50,Louisiana,Tangipahoa,75,4,11.111306920076574,0.3599936559013198,-2.3376427244067974,0.0183981601839816,3,0.4,0.6,0.06789409554619759,
county,50,Georgia,Dougherty,125,22,33.420012157826974,0.6582882105519401,-2.358286923913783,0.019198080191980802,1,0.28,0.72,0.07022455649171926,
county,50,Indiana,Marion,1139,333,369.83196474404724,0.9004089201171731,-2.388297340422409,0.017198280171982803,9,0.3476733977172959,0.6374012291483757,0.06403288242604312,
county,50,California,Contra Costa,784,301,333.2076550458785,0.9033405908953566,-2.3922649847848128,0.0163983601639836,2,0.45663265306122447,0.4897959183673469,0.06160465034577623,
county,50,Washington,Pierce,405,86,106.89203896571875,0.8045500940213235,-2.4225342200903817,0.015798420157984203,8,0.6148148148148148,0.2765432098765432,0.059890374598903756,
county,50,West Virginia,Mercer,61,3,10.00017121935654,0.2999948635072505,-2.4472000217619296,0.009599040095990401,3,0.7868852459016393,0.21311475409836064,0.041265976495134,warm
county,50,Pennsylvania,Beaver,54,6,13.644715010301447,0.4397306939331556,-2.459895514285292,0.010198980101989802,0,0.5185185185185185,0.48148148148148145,0.04252974702529747,warm
county,50,Colorado,Jefferson,89,10,19.26478263867542,0.5190819012888466,-2.4911499373380344,0.012798720127987202,4,0.898876404494382,0.056179775280898875,0.050829202794006316,
county,50,California,Sonoma,162,37,51.45854820532114,0.7190253376828453,-2.4973740001945983,0.014198580141985802,1,0.8765432098765432,0.043209876543209874,0.05585667848309509,
county,50,Florida,Brevard,201,38,53.271207922504104,0.7133309245639825,-2.5139531349138826,0.014598540145985401,6,0.6616915422885572,0.3283582089552239,0.056366585563665854,
county,50,Texas,Tom Green,56,5,12.599047705320569,0.3968553907362779,-2.5143241507390734,0.011998800119988001,3,0.8928571428571429,0.10714285714285714,0.04811057355802881,warm
county,50,Michigan,Macomb,200,36,51.18481934868737,0.7033335363510121,-2.529219947018073,0.008999100089991,4,0.845,0.125,0.04035080362931449,warm
county,50,Iowa,Scott,67,4,11.772025043898402,0.3397886077445319,-2.5353973701143784,0.010798920107989201,3,0.6268656716417911,0.3582089552238806,0.04414852632383821,warm
county,50,Oregon,Marion,120,17,28.629701120520647,0.5937889441610366,-2.5664887136777166,0.0093990600939906,3,0.95,0.016666666666666666,0.04125692693888506,warm
county,50,Pennsylvania,Montgomery,170,28,42.05697751456814,0.6657634869339116,-2.56983608328749,0.0105989401059894,6,0.5529411764705883,0.4176470588235294,0.0437599804375998,warm
county,50,Virginia,Newport News,216,33,48.536819415246185,0.6798962189441317,-2.583542611668037,0.0091990800919908,11,0.23148148148148148,0.7546296296296297,0.04080868508893791,warm
county,50,Michigan,Muskegon,65,7,15.74530464091237,0.444576980861412,-2.5837792841687746,0.008799120087991202,2,0.4153846153846154,0.5538461538461539,0.03988296822491664,warm
county,50,Florida,Pinellas,475,109,133.60884092767145,0.8158142772827934,-2.595791761631231,0.009599040095990401,11,0.6273684210526316,0.35578947368421054,0.041265976495134,warm
county,50,California,Riverside,1141,355,396.25000966755647,0.8958990317699571,-2.6328018101625115,0.009999000099990002,3,0.8010517090271692,0.16301489921121823,0.04252974702529747,warm
county,50,California,San Joaquin,670,219,251.13179552617163,0.8720520615127644,-2.633784246000465,0.0071992800719928,1,0.6805970149253732,0.21044776119402986,0.03373145831484267,warm
county,50,Georgia,Floyd,74,7,16.20662750842134,0.4319220637583382,-2.6601704907311543,0.005599440055994401,1,0.581081081081081,0.4189189189189189,0.02847520126036177,warm
county,50,Utah,Weber,82,8,17.79066040379566,0.44967414465925,-2.6880031295731115,0.007599240075992401,3,0.8414634146341463,0.04878048780487805,0.03520981235209812,warm
county,50,Ohio,Stark,127,18,30.72759958877118,0.5857925851968521,-2.708854615958961,0.006399360063993601,3,0.6299212598425197,0.36220472440944884,0.03067279478948657,warm
county,50,New York,Rockland,68,12,22.339216439368887,0.5371719295781628,-2.733183278035773,0.0047995200479952005,1,0.6029411764705882,0.3382352941176471,0.025017498250174984,warm
county,50,Louisiana,Caddo,469,108,134.91524107818222,0.8005025906407041,-2.7976998735689342,0.006399360063993601,9,0.2068230277185501,0.7846481876332623,0.03067279478948657,warm
county,50,Michigan,Berrien,94,14,25.55401840197685,0.5478590403972224,-2.802562076667241,0.0051994800519948,1,0.2553191489361702,0.7127659574468085,0.026767693601010268,warm
county,50,California,El Dorado,74,10,20.798072054607,0.4808137972473699,-2.8527778648838473,0.006399360063993601,0,0.918918918918919,0.013513513513513514,0.03067279478948657,warm
county,50,Nebraska,Lancaster,72,5,14.615743952612382,0.34209685228553227,-2.8968343342616625,0.0033996600339966003,0,0.7777777777777778,0.1527777777777778,0.01817510556636644,warm
county,50,Nevada,Clark,1332,445,494.61958083337504,0.8996813252929211,-2.8983094816531727,0.0025997400259974,3,0.6358858858858859,0.32507507507507505,0.01464988636271508,warm
county,50,Georgia,Troup,51,2,9.99416234338861,0.2001168213285079,-2.8986410794396704,0.0015998400159984002,2,0.2549019607843137,0.7254901960784313,0.010108080101080802,warm
county,50,Virginia,Norfolk,476,77,102.65955448091788,0.7500519595018561,-2.9062488411255845,0.0025997400259974,15,0.22058823529411764,0.773109243697479,0.01464988636271508,warm
county,50,Arizona,Yuma,61,7,16.965286571627168,0.41260723598426186,-2.9321153587918447,0.0025997400259974,0,0.8688524590163934,0.08196721311475409,0.01464988636271508,warm
county,50,Missouri,St. Louis,398,79,104.0337838795775,0.7593687074906847,-2.9364299495019286,0.0031996800319968005,10,0.4020100502512563,0.5879396984924623,0.017328137316138515,warm
county,50,Massachusetts,Plymouth,102,22,35.94413977771527,0.6120608292770887,-2.9661077953549784,0.0035996400359964,0,0.5,0.45098039215686275,0.01900063158241138,warm
county,50,California,San Luis Obispo,77,9,20.51155469960379,0.43877707622883644,-3.0172439149632266,0.0015998400159984002,1,0.974025974025974,0.025974025974025976,0.010108080101080802,warm
county,50,North Carolina,Gaston,158,18,33.03638424654272,0.5448538152865113,-3.049107299571598,0.0013998600139986002,8,0.6518987341772152,0.34177215189873417,0.0092657400926574,warm
county,50,North Carolina,Wake,300,39,59.402958342449764,0.6565329587656299,-3.0513285925939853,0.0027997200279972004,12,0.38333333333333336,0.59,0.015566443355664435,warm
county,50,California,Solano,252,76,99.077335291192,0.7670775538788276,-3.0571901830356008,0.0015998400159984002,2,0.503968253968254,0.3968253968253968,0.010108080101080802,warm
county,50,Pennsylvania,Luzerne,114,15,28.934144297822115,0.5184186491089372,-3.0749489246383117,0.0017998200179982,1,0.7982456140350878,0.20175438596491227,0.011201864888138052,warm
county,50,Massachusetts,Middlesex,172,32,50.18089448790562,0.6376928973976839,-3.1258285462486137,0.0021997800219978004,0,0.7383720930232558,0.1744186046511628,0.01329432274163888,warm
county,50,Colorado,El Paso,243,36,55.982864076845566,0.6430539164731579,-3.1366946179584265,0.000999900009999,13,0.7613168724279835,0.205761316872428,0.0069493050694930504,warm
county,50,California,Kings,54,6,16.636125897701522,0.3606608916580134,-3.218816894796957,0.0013998600139986002,0,0.8518518518518519,0.12962962962962962,0.0092657400926574,warm
county,50,Massachusetts,Bristol,118,22,38.27801461976747,0.574742452515779,-3.3003679813074833,0.000999900009999,2,0.7033898305084746,0.2542372881355932,0.0069493050694930504,warm
county,50,Ohio,Summit,249,46,68.5591311407251,0.6709536605062859,-3.301374078965854,0.000999900009999,4,0.46987951807228917,0.5180722891566265,0.0069493050694930504,warm
county,50,California,Orange,1160,419,473.3888213958144,0.8851075079562594,-3.3312012461289204,0.000999900009999,8,0.8482758620689655,0.04310344827586207,0.0069493050694930504,warm
county,50,Arizona,Cochise,64,6,17.700889248773088,0.33896602117974844,-3.3724035038325786,0.0005999400059994001,1,0.875,0.0625,0.004548636045486361,warm
county,50,California,Shasta,87,13,27.189931719024113,0.4781181554385525,-3.3724567742672127,0.00019998000199980003,0,0.896551724137931,0.034482758620689655,0.0017018706292636042,warm
county,50,California,Ventura,313,95,123.90089683919757,0.7667418269239322,-3.4459914691355333,0.0007999200079992001,0,0.9297124600638977,0.04153354632587859,0.005956547202422615,warm
county,50,New Mexico,Dona Ana,85,9,22.580893359382557,0.3985670476699905,-3.46731849696788,0.00019998000199980003,0,0.9058823529411765,0.023529411764705882,0.0017018706292636042,warm
county,50,Arizona,Yavapai,69,5,17.467587216380384,0.28624445597793874,-3.507040021451946,0.0005999400059994001,1,0.9710144927536232,0.014492753623188406,0.004548636045486361,warm
county,50,New Jersey,Passaic,285,57,83.20263508411458,0.6850744563844072,-3.5147036495379926,0.00039996000399960006,5,0.5578947368421052,0.4245614035087719,0.003146855125808174,warm
county,50,Pennsylvania,Westmoreland,77,6,19.101509579360204,0.31411129968927654,-3.5398607754922944,0.00039996000399960006,1,0.8181818181818182,0.18181818181818182,0.003146855125808174,warm
county,50,Texas,Midland,65,2,13.715507444169278,0.14582034300526284,-3.6432749236522826,0.00019998000199980003,0,0.6615384615384615,0.3384615384615385,0.0017018706292636042,warm
county,50,Florida,Bay,90,6,20.156547660893096,0.29767002271132736,-3.68914141191028,0.00019998000199980003,2,0.7444444444444445,0.24444444444444444,0.0017018706292636042,warm
county,50,California,Santa Barbara,136,23,44.0819062975799,0.5217560203666306,-3.960051361122903,0.00019998000199980003,0,0.875,0.029411764705882353,0.0017018706292636042,warm
county,50,Texas,Lubbock,201,33,58.33421751035732,0.5657057111315636,-4.12542872975016,0.00039996000399960006,7,0.6716417910447762,0.32338308457711445,0.003146855125808174,warm
county,50,Texas,Tarrant,1288,302,368.54807734666633,0.8194317609095287,-4.2694011533067355,0.00019998000199980003,33,0.5854037267080745,0.3936335403726708,0.0017018706292636042,warm
county,50,Massachusetts,Worcester,145,24,48.24073454149598,0.4975048623970588,-4.418420296006679,0.00019998000199980003,2,0.7310344827586207,0.1793103448275862,0.0017018706292636042,warm
county,50,Texas,Potter,180,18,43.13285082691033,0.41731533285923933,-4.506917190729486,0.00019998000199980003,1,0.7444444444444445,0.2388888888888889,0.0017018706292636042,warm
county,50,California,Stanislaus,325,75,113.29220074124883,0.6620049704153471,-4.578203688011736,0.00019998000199980003,0,0.8553846153846154,0.08,0.0017018706292636042,warm
county,50,Texas,Travis,441,63,102.91337878477606,0.6121653058515611,-4.659259628710583,0.00019998000199980003,23,0.7097505668934241,0.2789115646258503,0.0017018706292636042,warm
county,50,Texas,El Paso,346,45,80.63941997017085,0.5580397281707364,-4.72455651221626,0.00019998000199980003,9,0.9248554913294798,0.057803468208092484,0.0017018706292636042,warm
county,50,Nevada,Washoe,185,25,53.16512956703079,0.47023303062733834,-4.725654305385966,0.00019998000199980003,2,0.8540540540540541,0.0972972972972973,0.0017018706292636042,warm
county,50,Texas,Nueces,305,49,87.04392463981175,0.5629341760813552,-5.01996123363282,0.00019998000199980003,7,0.9016393442622951,0.09508196721311475,0.0017018706292636042,warm
county,50,California,Los Angeles,13254,5269,5566.729464240967,0.946516268456462,-5.376174694577306,0.00019998000199980003,22,0.5955183340878225,0.3567224988682662,0.0017018706292636042,warm
county,50,Massachusetts,Hampden,195,33,67.73030348549584,0.4872265190287655,-5.401265957489285,0.00019998000199980003,1,0.6307692307692307,0.3435897435897436,0.0017018706292636042,warm
county,50,California,Sacramento,1027,253,336.9368152059805,0.7508826242253546,-5.711486116566278,0.00019998000199980003,7,0.5959104186952289,0.317429406037001,0.0017018706292636042,warm
county,50,California,Santa Clara,632,169,239.23353540905913,0.7064226999405888,-5.928615758962098,0.00019998000199980003,1,0.7357594936708861,0.08860759493670886,0.0017018706292636042,warm
county,50,California,San Bernardino,1731,535,664.6166145420096,0.8049753621772922,-6.592276560362209,0.00019998000199980003,5,0.730791450028885,0.22992489890236859,0.0017018706292636042,warm
county,50,Texas,Harris,4916,944,1188.6270960373395,0.7941935726916537,-8.391880941937504,0.00019998000199980003,170,0.5748576078112286,0.395646867371847,0.0017018706292636042,warm
county,50,Arizona,Maricopa,2604,785,1005.87908834759,0.7804118895538035,-9.174422041586517,0.00019998000199980003,16,0.8125960061443932,0.14324116743471582,0.0017018706292636042,warm
county,100,Georgia,Fulton,1884,850,548.6874954008188,1.5491513969697288,15.657319046283991,0.00019998000199980003,98,0.14861995753715498,0.8402335456475584,0.0011487223370686187,cold
county,100,Maryland,Baltimore city,2807,1364,1013.6376984245653,1.3456484522230983,14.000650689258487,0.00019998000199980003,21,0.09583184894905593,0.8945493409333808,0.0011487223370686187,cold
county,100,Missouri,St. Louis city,1828,991,721.3632151941994,1.3737878216221648,13.379800612525509,0.00019998000199980003,11,0.1422319474835886,0.8528446389496718,0.0011487223370686187,cold
county,100,Louisiana,Orleans,2337,1147,854.0456147613647,1.3430196000953554,12.790712244880591,0.00019998000199980003,16,0.10997004706889174,0.8707744972186564,0.0011487223370686187,cold
county,100,Virginia,Richmond,876,378,237.8904287168126,1.588966828295456,10.81137331401258,0.00019998000199980003,33,0.13013698630136986,0.8515981735159818,0.0011487223370686187,cold
county,100,District of Columbia,District of Columbia,2112,1396,1168.1620823284102,1.1950396448560097,10.193902598603291,0.00019998000199980003,5,0.07102272727272728,0.9166666666666666,0.0011487223370686187,cold
county,100,Michigan,Wayne,5724,2118,1773.2221245610685,1.1944358073720038,10.191698355755491,0.00019998000199980003,124,0.15496156533892383,0.83298392732355,0.0011487223370686187,cold
county,100,Illinois,Cook,6719,2777,2397.379946229854,1.1583478890641181,10.109505926960596,0.00019998000199980003,114,0.27251079029617503,0.7200476261348415,0.0011487223370686187,cold
county,100,Massachusetts,Suffolk,815,452,335.4741767685904,1.3473466254655688,8.567136114512524,0.00019998000199980003,5,0.31901840490797545,0.6503067484662577,0.0011487223370686187,cold
county,100,New Jersey,Essex,1435,683,537.5741043531667,1.2705225093046777,8.147933718685138,0.00019998000199980003,9,0.20209059233449478,0.7888501742160279,0.0011487223370686187,cold
county,100,Texas,Dallas,3358,1290,1093.139374122104,1.180087398311852,7.5450264005344065,0.00019998000199980003,39,0.4994044073853484,0.4857057772483621,0.0011487223370686187,cold
county,100,Tennessee,Davidson,827,192,120.13376234729785,1.5982184878630719,7.195244747253032,0.00019998000199980003,148,0.3893591293833132,0.5876662636033857,0.0011487223370686187,cold
county,100,Pennsylvania,Allegheny,766,294,209.03625566881587,1.4064545839636329,7.09097451368386,0.00019998000199980003,20,0.27284595300261094,0.7219321148825065,0.0011487223370686187,cold
county,100,Mississippi,Hinds,581,149,91.67465326400048,1.625312937600283,6.677263949450296,0.00019998000199980003,72,0.13769363166953527,0.8537005163511188,0.0011487223370686187,cold
county,100,Indiana,Lake,933,435,342.45245243965377,1.2702493350566815,6.420181636603734,0.00019998000199980003,2,0.22936763129689175,0.7502679528403001,0.0011487223370686187,cold
county,100,Ohio,Mahoning,348,159,106.94678728939738,1.4867206769825347,6.177238641026636,0.00019998000199980003,7,0.21839080459770116,0.7672413793103449,0.0011487223370686187,cold
county,100,New York,Erie,518,275,211.09923908528978,1.3027048377417059,5.886601019545116,0.00019998000199980003,4,0.3204633204633205,0.666023166023166,0.0011487223370686187,cold
county,100,Georgia,Richmond,249,68,36.49627985407195,1.8632035997064267,5.725360025601178,0.00019998000199980003,47,0.24096385542168675,0.7469879518072289,0.0011487223370686187,cold
county,100,Maryland,Prince George's,1104,494,405.6999777629244,1.2176485754916033,5.627998106885593,0.00019998000199980003,6,0.20018115942028986,0.7780797101449275,0.0011487223370686187,cold
county,100,New York,New York,11631,5780,5495.179866853799,1.0518309027269879,5.420032997339801,0.00019998000199980003,37,0.4237812741810678,0.5339179778179004,0.0011487223370686187,cold
county,100,Alabama,Jefferson,1061,292,224.83920382159403,1.298705897534208,5.212638593027617,0.00019998000199980003,66,0.21583411875589067,0.7464655984919887,0.0011487223370686187,cold
county,100,Michigan,Genesee,567,218,164.11253561984287,1.3283567838168335,5.155968920517414,0.00019998000199980003,19,0.25925925925925924,0.7283950617283951,0.0011487223370686187,cold
county,100,Illinois,St. Clair,218,98,65.62254202599028,1.4933892679924894,4.950515433297381,0.00019998000199980003,5,0.16972477064220184,0.8302752293577982,0.0011487223370686187,cold
county,100,Tennessee,Madison,112,37,18.369274768675886,2.014233031294957,4.83108005382754,0.00019998000199980003,16,0.24107142857142858,0.7410714285714286,0.0011487223370686187,cold
county,100,Ohio,Franklin,1047,361,293.93065235107434,1.2281808552883324,4.747741047879277,0.00019998000199980003,22,0.3648519579751671,0.6189111747851003,0.0011487223370686187,cold
county,100,Pennsylvania,Delaware,312,128,93.44204421493808,1.3698330454497627,4.421351558827838,0.00019998000199980003,13,0.3557692307692308,0.6378205128205128,0.0011487223370686187,cold
county,100,Virginia,Portsmouth,203,76,49.68268709418704,1.5297079213111269,4.416401552568646,0.00019998000199980003,10,0.16748768472906403,0.8226600985221675,0.0011487223370686187,cold
county,100,North Carolina,Cumberland,345,97,68.08051758453666,1.424783527527586,4.081309864364505,0.00019998000199980003,50,0.3217391304347826,0.6376811594202898,0.0011487223370686187,cold
county,100,California,San Francisco,906,453,395.7704233084368,1.1446029650552292,3.9329994729772233,0.00019998000199980003,1,0.45695364238410596,0.40618101545253865,0.0011487223370686187,cold
county,100,Louisiana,Jefferson,503,111,79.55024419796648,1.3953445538616895,3.8981524461122072,0.0013998600139986002,77,0.37375745526838966,0.614314115308151,0.006403063397363968,cold
county,100,Pennsylvania,Lehigh,122,45,29.159129392754178,1.5432559523255918,3.419854145574249,0.0021997800219978004,4,0.6967213114754098,0.29508196721311475,0.009368028714369944,cold
county,100,Tennessee,Knox,293,62,42.314060833646025,1.4652339855479128,3.358358327841709,0.0013998600139986002,42,0.5460750853242321,0.43686006825938567,0.006403063397363968,cold
county,100,Georgia,Gwinnett,185,62,43.28660672717164,1.4323137036537839,3.3201621334960767,0.0023997600239976003,7,0.5567567567567567,0.3621621621621622,0.00987901209879012,cold
county,100,Florida,Palm Beach,779,255,216.32128852209888,1.1788021499971317,3.200671024273642,0.0021997800219978004,33,0.5147625160462131,0.4839537869062901,0.009368028714369944,cold
county,100,Arkansas,Pulaski,613,140,110.84057250960034,1.2630753958607897,3.151107129497331,0.0035996400359964,80,0.2936378466557912,0.7014681892332789,0.0134713801347138,cold
county,100,North Carolina,Mecklenburg,765,210,176.2130762572165,1.1917390267534123,2.964086241355944,0.004999500049995001,50,0.2849673202614379,0.7058823529411765,0.018159948711011255,cold
county,100,New York,Nassau,297,94,73.15543349927773,1.2849353151728375,2.879511872035895,0.006799320067993201,17,0.569023569023569,0.40404040404040403,0.023991886525633152,cold
county,100,Connecticut,Fairfield,463,214,185.75574912776958,1.1520504802938993,2.7544564907097615,0.007799220077992201,2,0.509719222462203,0.46220302375809935,0.02634403226344032,cold
county,100,Michigan,Saginaw,238,85,67.16341095993998,1.2655700296505006,2.6358295502523226,0.012598740125987402,6,0.25630252100840334,0.726890756302521,0.0388986101389861,cold
county,100,North Carolina,Robeson,209,50,36.18238877753265,1.381887755046382,2.6273920945015106,0.016798320167983202,23,0.18181818181818182,0.3444976076555024,0.048246338156881986,cold
county,100,Texas,Bell,170,53,39.08098993173067,1.356158073083205,2.605922450547249,0.010798920107989201,15,0.5411764705882353,0.4235294117647059,0.0337637122363713,cold
county,100,New Jersey,Mercer,235,94,76.65534572682762,1.2262680326951045,2.515306694670403,0.016198380161983803,13,0.33617021276595743,0.6382978723404256,0.04707058705894117,cold
county,100,North Carolina,Buncombe,119,30,20.739114890818776,1.4465419646853408,2.3298004254973934,0.034396560343965606,12,0.6302521008403361,0.36134453781512604,0.08329363142117162,
county,100,Alabama,Mobile,509,122,101.67090687931127,1.1999499536757396,2.329578624201779,0.022397760223977603,36,0.27111984282907664,0.6817288801571709,0.06054878383129429,
county,100,Ohio,Lucas,327,96,78.4156169287626,1.224245931613496,2.329424783259157,0.025197480251974803,10,0.44648318042813456,0.5443425076452599,0.06483101689831017,
county,100,Florida,Duval,964,350,317.4207157352239,1.102637548999644,2.298042900606501,0.022797720227977204,11,0.3454356846473029,0.6410788381742739,0.06054878383129429,
county,100,Virginia,Fairfax,163,41,30.143668030347044,1.360152983330475,2.2712028755256344,0.039196080391960805,20,0.6687116564417178,0.27607361963190186,0.09309069093090691,
county,100,Mississippi,Harrison,135,26,17.572104249811225,1.4796179006438182,2.230635935949705,0.043195680431956804,14,0.5333333333333333,0.4148148148148148,0.0987901209879012,
county,100,North Carolina,Guilford,358,96,79.30858926113697,1.2104615766635785,2.1896203121601694,0.038196180381961806,22,0.3324022346368715,0.6452513966480447,0.09159666557616084,
county,100,Connecticut,Hartford,395,148,130.59333555907028,1.133289071501327,1.9138565898617954,0.06259374062593741,1,0.5088607594936709,0.46582278481012657,0.1380415529875584,
county,100,Arkansas,Jefferson,141,31,22.89376140224079,1.3540806796809626,1.9045269728522927,0.0821917808219178,19,0.2553191489361702,0.7375886524822695,0.1720455073136754,
county,100,Texas,Hidalgo,378,105,90.9157708684468,1.1549151373520528,1.7893703635513218,0.09259074092590741,25,0.9841269841269841,0.0026455026455026454,0.18593425210324496,
county,100,New York,Monroe,462,193,175.15001668707976,1.1019125413205684,1.756556645281891,0.08819118088191182,2,0.3008658008658009,0.6666666666666666,0.1797656299943776,
county,100,South Carolina,Sumter,125,16,10.660107582327294,1.5009229387633358,1.7474453153082286,0.13058694130586943,11,0.24,0.752,0.23543777009160402,
county,100,Georgia,Clayton,196,54,44.25398662889817,1.2202290485788148,1.6954789233032908,0.11138886111388861,8,0.3622448979591837,0.5918367346938775,0.21619838016198378,
county,100,Ohio,Cuyahoga,1440,401,374.21057372646317,1.0715891750646231,1.6438529850334078,0.11338866113388661,37,0.26319444444444445,0.7284722222222222,0.21619838016198378,
county,100,New Jersey,Atlantic,207,73,62.51321476152277,1.1677530947413683,1.6433189900120995,0.12418758124187582,7,0.4396135265700483,0.5120772946859904,0.22699935888764064,
county,100,Minnesota,Hennepin,574,132,117.00753595298977,1.12813246535705,1.5829803485543918,0.11938806119388061,41,0.36585365853658536,0.5174216027874564,0.22172068507434972,
county,100,South Carolina,Florence,119,16,11.297838637206754,1.4162000816074494,1.5265687635282141,0.17918208179182082,9,0.3025210084033613,0.6722689075630253,0.3031368096067106,
county,100,Florida,Lee,298,81,70.85486178819949,1.143181963181673,1.413093977046081,0.1835816418358164,17,0.6577181208053692,0.33557046979865773,0.3084671124724262,
county,100,South Carolina,Anderson,164,17,12.330032535755882,1.3787473756214084,1.4110012297238517,0.2151784821517848,14,0.5365853658536586,0.4573170731707317,0.345123929165525,
county,100,New Jersey,Hudson,447,151,138.2874577765573,1.0919283818492307,1.3490027604791406,0.19918008199180082,11,0.5100671140939598,0.4429530201342282,0.32581112749652186,
county,100,Washington,King,817,262,245.27985562705345,1.0681676215529474,1.3171271618918727,0.18738126187381263,16,0.5630354957160343,0.2864137086903305,0.3127241329921062,
county,100,California,Alameda,1663,754,729.0006563675064,1.0342926215691786,1.269941178969282,0.20517948205179481,1,0.30066145520144316,0.6368009621166566,0.3312374644888452,
county,100,North Carolina,New Hanover,103,29,23.912684061847504,1.2127455004630479,1.2300952665248175,0.27857214278572145,7,0.33980582524271846,0.6407766990291263,0.4168824081447277,
county,100,Florida,Miami-Dade,2852,1099,1069.3526961018147,1.02772453280032,1.1937951730123408,0.24437556244375563,10,0.48281907433380084,0.5056100981767181,0.37725477452254774,
county,100,Kentucky,Jefferson,581,180,167.27543311694586,1.0760695497596358,1.1900034877970032,0.25637436256374363,8,0.3889845094664372,0.6075731497418244,0.39211140614333634,
county,100,Pennsylvania,Berks,162,54,47.650118666218205,1.1332605565635994,1.1348143405828237,0.30356964303569645,6,0.7716049382716049,0.21604938271604937,0.44106883429304133,
county,100,New Jersey,Camden,471,196,184.36936936418718,1.06308331300325,1.1312763717451704,0.28017198280171984,2,0.4182590233545648,0.5626326963906582,0.4168824081447277,
county,100,Wisconsin,Milwaukee,1137,218,204.19092462216562,1.0676282523495433,1.1036450385337526,0.27917208279172084,114,0.26649076517150394,0.7203166226912929,0.4168824081447277,
county,100,New York,Suffolk,339,124,115.09638959794438,1.0773578600784768,1.061495861203349,0.32856714328567144,3,0.6371681415929203,0.3303834808259587,0.4664142781124186,
county,100,Georgia,Cobb,164,45,39.40721193684102,1.141922957455673,1.0447259596683862,0.34736526347365265,10,0.5182926829268293,0.4451219512195122,0.4874955686249557,
county,100,Florida,Manatee,160,42,36.87784970147153,1.13889503699355,0.9867226488141402,0.36096390360963904,14,0.6625,0.3125,0.5011656137757011,
county,100,Florida,Marion,146,39,34.38965054967507,1.134062119755052,0.9356412179361145,0.40475952404759524,7,0.636986301369863,0.363013698630137,0.5554200135542001,
county,100,Indiana,St. Joseph,188,63,57.33780239444883,1.0987515630019917,0.9226793979587492,0.39936006399360063,2,0.40425531914893614,0.5851063829787234,0.5510722670749685,
county,100,South Carolina,Berkeley,107,11,8.536177935755985,1.2886329318328358,0.9058502901159565,0.44315568443155684,8,0.5046728971962616,0.4953271028037383,0.5948652446583299,
county,100,Delaware,New Castle,238,54,48.6240292710347,1.1105620165494545,0.8883899972057644,0.42055794420557946,12,0.3865546218487395,0.5966386554621849,0.5739105647446305,
county,100,North Carolina,Forsyth,225,54,48.92704371625937,1.1036840957152454,0.8481874146987276,0.44795520447955206,18,0.37777777777777777,0.6088888888888889,0.5948652446583299,
county,100,Nebraska,Douglas,164,44,39.71253549068956,1.107962497391173,0.8030131559700682,0.47555244475552444,5,0.4451219512195122,0.5426829268292683,0.6149814337937933,
county,100,South Carolina,Spartanburg,226,25,21.69423830062517,1.1523797080849605,0.7717255378303841,0.5111488851114888,14,0.5530973451327433,0.4469026548672566,0.6541646353499364,
county,100,Pennsylvania,Philadelphia,3895,866,846.7060098739285,1.0227871184343482,0.7579619084065453,0.47015298470152983,181,0.20410783055198972,0.7807445442875481,0.6111988801119888,
county,100,Alabama,Montgomery,259,60,55.39301257429135,1.0831691076474657,0.7245870494404686,0.5183481651834817,14,0.1583011583011583,0.8262548262548263,0.6575875745758758,
county,100,Florida,Collier,102,27,24.288424409384344,1.1116406542026653,0.6679351126450602,0.5807419258074192,9,0.8137254901960784,0.1568627450980392,0.7281383536773226,
county,100,Rhode Island,Providence,316,122,117.77902471457175,1.0358380899795823,0.5082011165032225,0.6541345865413458,3,0.6613924050632911,0.29430379746835444,0.7881524042717679,
county,100,Georgia,De Kalb,631,164,158.586074304311,1.0341387206880486,0.506077407440182,0.6363363663633637,14,0.21553090332805072,0.7385103011093502,0.774261490107147,
county,100,Tennessee,Shelby,1676,270,263.2279636910041,1.0257268878808994,0.46199284159489484,0.6639336066393361,184,0.1718377088305489,0.8144391408114559,0.796075732232602,
county,100,Florida,St. Lucie,159,51,48.84347521122887,1.0441517475864484,0.38370425687881293,0.7595240475952405,1,0.4025157232704403,0.5911949685534591,0.8976193289761933,
county,100,Texas,Fort Bend,154,41,39.27572734666852,1.0439017370222614,0.33820347945237766,0.7995200479952005,8,0.6948051948051948,0.2532467532467532,0.9139224326415284,
county,100,New Jersey,Union,270,90,87.52150646427265,1.0283186800119706,0.33183988729592184,0.7977202279772023,7,0.4074074074074074,0.5703703703703704,0.9139224326415284,
county,100,Alaska,Juneau,204,39,37.279466627564744,1.046152306566615,0.3226972997550368,0.8149185081491851,21,0.5245098039215687,0.03431372549019608,0.919109002341775,
county,100,Arkansas,Crittenden,101,18,16.849474432004516,1.0682825789396808,0.3213652803828916,0.8377162283771623,9,0.297029702970297,0.693069306930693,0.9320536414826986,
county,100,Kansas,Wyandotte,204,61,59.26126620302088,1.0293401391563666,0.2758208640654334,0.8369163083691631,3,0.43137254901960786,0.5392156862745098,0.9320536414826986,
county,100,Louisiana,Lafayette,143,30,28.737924149292347,1.0439167367883366,0.27256174966258523,0.8629137086291371,7,0.4195804195804196,0.5524475524475524,0.9361230543612304,
county,100,North Carolina,Durham,274,64,62.39560476103715,1.0257132733164038,0.2365015537299435,0.8491150884911509,14,0.22992700729927007,0.7627737226277372,0.9361230543612304,
county,100,Indiana,Allen,239,82,80.36919653750164,1.0202913993514593,0.23167800281160697,0.8753124687531247,2,0.40585774058577406,0.5690376569037657,0.9441143221922349,
county,100,Georgia,Chatham,387,116,114.19287307199647,1.0158252164026398,0.20644032515905156,0.8867113288671132,6,0.268733850129199,0.710594315245478,0.9481285637669998,
county,100,South Carolina,Orangeburg,119,11,10.386977855185654,1.0590183355891432,0.20387250130563828,0.9171082891710829,6,0.19327731092436976,0.7815126050420168,0.9680587496805875,
county,100,Michigan,Kent,247,64,62.84823616209884,1.018326112365835,0.17410708599749927,0.9145085491450855,11,0.4251012145748988,0.5384615384615384,0.9680587496805875,
county,100,Florida,Escambia,224,50,49.26568064442754,1.014905291999767,0.12276624021208166,0.9353064693530647,15,0.4955357142857143,0.4955357142857143,0.9830667997030084,
county,100,California,Merced,176,60,59.35532971080502,1.0108612030686372,0.10557834761891827,0.9827017298270173,0,0.8068181818181818,0.10795454545454546,1.0,
county,100,South Carolina,Aiken,113,11,10.813989272398349,1.0172009350958415,0.061829823308733226,1.0,6,0.5221238938053098,0.4778761061946903,1.0,
county,100,Florida,Alachua,106,23,22.747528333971747,1.011098861481632,0.0609041365244073,1.0,8,0.39622641509433965,0.5943396226415094,1.0,
county,100,Kentucky,Franklin,143,33,32.71490171705766,1.008714630580525,0.057242911757442075,1.0,2,0.9370629370629371,0.055944055944055944,1.0,
county,100,Minnesota,Ramsey,193,35,35.10456344314386,0.9970213717850896,-0.019947879389740002,1.0,17,0.44041450777202074,0.40932642487046633,1.0,
county,100,New Jersey,Bergen,123,35,35.14119635517071,0.9959820276537075,-0.029162282510723055,1.0,5,0.7317073170731707,0.21138211382113822,1.0,
county,100,Alabama,Madison,157,30,30.268205990777076,0.9911390192448538,-0.056406450136683585,1.0,8,0.4968152866242038,0.4840764331210191,1.0,
county,100,Tennessee,Hamilton,256,38,38.401798855184744,0.9895369782884403,-0.07136887831958366,1.0,23,0.41796875,0.5625,1.0,
county,100,North Carolina,Catawba,104,21,21.50216778560555,0.9766457135572292,-0.12808254409372496,1.0,6,0.6923076923076923,0.25961538461538464,1.0,
county,100,California,San Mateo,314,122,123.08782969225732,0.9911621669260309,-0.1288345595992956,0.9395060493950604,1,0.6273885350318471,0.24203821656050956,0.9832965855956777,
county,100,Texas,Cameron,200,46,46.78240159204644,0.9832757283632173,-0.13672529811051684,0.962903709629037,10,0.98,0.0,1.0,
county,100,South Carolina,Richland,332,31,31.782201532603626,0.975388692573697,-0.15063722108343666,0.9837016298370163,20,0.22289156626506024,0.7710843373493976,1.0,
county,100,Ohio,Hamilton,638,178,180.57866318009405,0.9857200007205597,-0.23342627261804877,0.8617138286171383,7,0.2993730407523511,0.6865203761755486,0.9361230543612304,
county,100,South Carolina,Greenville,294,27,28.224612972069835,0.9566118772547325,-0.25084829451266094,0.9037096290370963,17,0.5204081632653061,0.46598639455782315,0.9621391309144948,
county,100,Florida,Polk,296,72,74.00725916103411,0.9728775368282931,-0.28303746159559134,0.8469153084691531,13,0.6351351351351351,0.35135135135135137,0.9361230543612304,
county,100,Michigan,Ingham,152,42,43.51385497158579,0.965209817135845,-0.2836990830223373,0.8641135886411359,1,0.45394736842105265,0.4934210526315789,0.9361230543612304,
county,100,New York,Westchester,288,101,103.42803928928112,0.9765243612277126,-0.30744775340769714,0.7885211478852114,2,0.4548611111111111,0.4444444444444444,0.9101155305030244,
county,100,Mississippi,Washington,130,21,22.277646400369672,0.942648950548543,-0.30975320697645814,0.8859114088591141,8,0.14615384615384616,0.8461538461538461,0.9481285637669998,
county,100,California,Monterey,308,124,126.83220290544384,0.9776696860847296,-0.3405344199760138,0.7757224277572243,0,0.8603896103896104,0.11688311688311688,0.8997785667442645,
county,100,Texas,Ector,130,28,29.629463420956363,0.9450053010476095,-0.3526919399641306,0.8221177882211779,5,0.8692307692307693,0.13076923076923078,0.9230140622301406,
county,100,West Virginia,Kanawha,144,24,25.677438165162027,0.9346726821276938,-0.37146601886252056,0.8029197080291971,9,0.7222222222222222,0.2708333333333333,0.9139224326415284,
county,100,Texas,Galveston,255,62,64.50709470396198,0.9611345896840089,-0.37296523070591875,0.775922407759224,16,0.6039215686274509,0.38823529411764707,0.8997785667442645,
county,100,Louisiana,East Baton Rouge,775,200,204.5656738388495,0.977681134116146,-0.3795049177583447,0.7361263873612639,17,0.16774193548387098,0.8232258064516129,0.8741500849915009,
county,100,North Carolina,Wayne,115,25,26.68627002493593,0.9368113256981864,-0.38816151590350295,0.8111188881111889,7,0.33043478260869563,0.6608695652173913,0.9190200246030443,
county,100,South Carolina,Lexington,119,7,8.053099875412318,0.8692304961189371,-0.3912758155119517,0.8637136286371363,7,0.6638655462184874,0.33613445378151263,0.9361230543612304,
county,100,Texas,McLennan,201,47,49.374012598392724,0.9519177706356804,-0.3994471719414705,0.7691230876912308,8,0.5771144278606966,0.4228855721393035,0.8997785667442645,
county,100,New Jersey,Middlesex,150,40,42.18823294063432,0.9481316758700579,-0.41168316827404383,0.7665233476652334,7,0.6266666666666667,0.3,0.8997785667442645,
county,100,Iowa,Polk,143,26,28.39120686353096,0.9157764981592765,-0.511044355526315,0.698930106989301,5,0.6293706293706294,0.32867132867132864,0.8339890648616297,
county,100,Hawaii,Honolulu,300,70,73.75610511911168,0.949073976817976,-0.5173501146480262,0.6517348265173483,10,0.43333333333333335,0.056666666666666664,0.7881524042717679,
county,100,Florida,Hillsborough,827,213,219.46207002657655,0.9705549572835342,-0.528595722778492,0.6285371462853715,32,0.6009673518742442,0.3905683192261185,0.7685577976855781,
county,100,Maryland,Baltimore,346,97,101.67134768138098,0.9540544333491072,-0.5686153927964065,0.6095390460953904,4,0.5115606936416185,0.47398843930635837,0.7490355442067734,
county,100,South Carolina,Charleston,337,33,36.38246152684437,0.9070304376093778,-0.608554523878982,0.6095390460953904,24,0.258160237388724,0.7418397626112759,0.7490355442067734,
county,100,Texas,Smith,154,29,32.06451990132372,0.9044264529531532,-0.632622215967871,0.6067393260673932,8,0.5584415584415584,0.42857142857142855,0.7490355442067734,
county,100,Alaska,Anchorage,188,41,44.60164593427443,0.919248586933723,-0.6346774963922742,0.5789421057894211,5,0.5478723404255319,0.17553191489361702,0.7281383536773226,
county,100,Pennsylvania,Dauphin,142,35,38.377235594247864,0.9119989873696359,-0.6555437136754989,0.591940805919408,5,0.4225352112676056,0.5704225352112676,0.738431207384312,
county,100,Washington,Yakima,152,32,35.772103690953614,0.8945518070857114,-0.7370503181039981,0.5191480851914808,3,0.9078947368421053,0.02631578947368421,0.6575875745758758,
county,100,California,Kern,652,211,219.95603926009233,0.9592825944210513,-0.766044602921151,0.46795320467953205,11,0.7699386503067485,0.20245398773006135,0.6111988801119888,
county,100,Michigan,Oakland,312,80,85.87114817713001,0.9316283955465537,-0.7701650773454348,0.49235076492350766,6,0.5224358974358975,0.4519230769230769,0.6333887444588875,
county,100,Florida,Broward,947,273,284.0883644113578,0.9609686076572219,-0.8101804475739408,0.44495550444955506,13,0.53220696937698,0.45406546990496305,0.5948652446583299,
county,100,Pennsylvania,York,130,28,31.999531208609575,0.8750128187023725,-0.840861084594169,0.46635336466353366,2,0.7230769230769231,0.2692307692307692,0.6111988801119888,
county,100,Virginia,Roanoke,131,20,23.751983495386018,0.8420349401086917,-0.8640886708087383,0.4697530246975302,12,0.5038167938931297,0.48854961832061067,0.6111988801119888,
county,100,Louisiana,Ouachita,115,15,18.45304863412238,0.8128738127456518,-0.8972743792929403,0.44615538446155384,7,0.34782608695652173,0.6434782608695652,0.5948652446583299,
county,100,Texas,Webb,143,43,47.83319532473441,0.8989572975018213,-0.8979840000230725,0.42655734426557346,6,0.986013986013986,0.013986013986013986,0.5788992529318497,
county,100,Missouri,Jackson,1281,452,468.4437204215877,0.964897127008579,-0.9917127279540842,0.33336666333366666,10,0.336455893832943,0.6502732240437158,0.47052323339094665,
county,100,New Mexico,Santa Fe,175,54,59.929283711370374,0.9010619960030423,-0.9980302871943886,0.3611638836116388,4,0.9142857142857143,0.017142857142857144,0.5011656137757011,
county,100,California,San Diego,1624,596,615.3096948021821,0.9686179253060688,-1.0199959855724867,0.31716828317168283,3,0.7013546798029556,0.20874384236453203,0.4554684066477073,
county,100,Arizona,Pima,754,227,240.02516848510137,0.9457341554333296,-1.049739462752276,0.3063693630636936,4,0.8687002652519894,0.08620689655172414,0.4425335244253352,
county,100,Colorado,Adams,138,26,31.172778420209156,0.8340610403577093,-1.0804119415943243,0.3261673832616738,6,0.927536231884058,0.050724637681159424,0.46568406743140717,
county,100,Massachusetts,Essex,135,39,45.08845878485501,0.8649663583777211,-1.1457245937701452,0.29257074292570745,2,0.7703703703703704,0.13333333333333333,0.4290647858291094,
county,100,Florida,Volusia,212,45,51.98918094571339,0.8655647036830331,-1.146407287729602,0.29357064293570645,11,0.7028301886792453,0.29245283018867924,0.4290647858291094,
county,100,Arizona,Pinal,141,35,40.96449302894787,0.8543984658925715,-1.1728750058352644,0.29117088291170884,1,0.8085106382978723,0.0851063829787234,0.4290647858291094,
county,100,Michigan,Washtenaw,108,21,26.164878793436138,0.8026026096198914,-1.2016816614100698,0.27117288271172885,4,0.5092592592592593,0.48148148148148145,0.41091841736071794,
county,100,California,Tulare,358,108,118.50909007882733,0.9113224979464688,-1.2081331708074612,0.23797620237976203,3,0.9273743016759777,0.03910614525139665,0.3718609271148357,
county,100,Oklahoma,Oklahoma,831,166,180.188183085334,0.9212590812427764,-1.2263411810651124,0.22877712228777122,40,0.5824308062575211,0.3694344163658243,0.35992324334445536,
county,100,Georgia,Bibb,226,44,51.722766991595265,0.8506892140389515,-1.2477439110935886,0.25717428257174285,6,0.19911504424778761,0.7876106194690266,0.39211140614333634,
county,100,New York,Albany,108,28,33.89869380569117,0.8259905281453397,-1.2591631423838525,0.23937606239376064,3,0.46296296296296297,0.5092592592592593,0.3718609271148357,
county,100,New Jersey,Monmouth,119,27,33.18752760015841,0.8135586454433901,-1.3081944285128644,0.21937806219378062,5,0.5126050420168067,0.47058823529411764,0.347348598473486,
county,100,North Carolina,Pitt,113,17,22.602295332356466,0.7521359999072101,-1.3559152206235903,0.21877812218778123,7,0.3008849557522124,0.672566371681416,0.347348598473486,
county,100,Virginia,Henrico,141,25,31.589238862681373,0.7914087486778382,-1.3721137300719801,0.20417958204179582,7,0.3900709219858156,0.5886524822695035,0.3312374644888452,
county,100,Texas,Montgomery,155,26,32.864011450777205,0.791138964850413,-1.3982165443111705,0.18998100189981001,8,0.9032258064516129,0.07741935483870968,0.31415258474152585,
county,100,Ohio,Montgomery,493,127,140.69938141994456,0.9026336769807388,-1.412231058255216,0.16918308169183083,13,0.37322515212981744,0.6206896551724138,0.2881946288129808,
county,100,Washington,Snohomish,121,23,29.37847718871326,0.7828860513177393,-1.41258154806439,0.1907809219078092,3,0.9090909090909091,0.049586776859504134,0.31415258474152585,
county,100,Virginia,Virginia Beach,186,25,32.350336371650684,0.7727894916699554,-1.4556863640303168,0.15678432156784322,11,0.543010752688172,0.42473118279569894,0.2727163903327977,
county,100,Illinois,Winnebago,122,30,37.192193531208886,0.8066208833535526,-1.4811535851146602,0.16278372162783722,3,0.45081967213114754,0.5409836065573771,0.279219300292193,
county,100,Florida,Pasco,152,26,33.42617590617855,0.7778335180481748,-1.5058505920761227,0.1591840815918408,11,0.8552631578947368,0.14473684210526316,0.27495432274954323,
county,100,Texas,Gregg,153,26,33.61517918403035,0.7734601043671332,-1.5232659457540922,0.1523847615238476,7,0.5163398692810458,0.477124183006536,0.26694351841411607,
county,100,Florida,Seminole,109,21,27.744413699806124,0.7569091287067546,-1.5424650249373337,0.1521847815218478,3,0.6422018348623854,0.3394495412844037,0.26694351841411607,
county,100,Florida,Sarasota,123,23,30.202080117374614,0.7615369507866642,-1.5590767979201412,0.13658634136586342,3,0.6504065040650406,0.34959349593495936,0.2427109807004911,
county,100,Florida,Leon,117,25,32.562904105332926,0.767744790794187,-1.5965556751321741,0.1321867813218678,4,0.3162393162393162,0.6666666666666666,0.236595181061604,
county,100,California,Fresno,853,300,322.1403286011848,0.9312711677630561,-1.6085558525454822,0.10878912108789121,2,0.753810082063306,0.1735052754982415,0.21326121356118358,
county,100,Maryland,Anne Arundel,195,41,50.66313722966214,0.8092668998001847,-1.6218829587500618,0.11798820117988201,10,0.558974358974359,0.4153846153846154,0.22078095220780952,
county,100,Alabama,Tuscaloosa,105,14,20.372727924323414,0.6871931953346864,-1.624858973005202,0.12498750124987501,7,0.4,0.5619047619047619,0.22699935888764064,
county,100,South Carolina,Horry,186,13,19.670078140874487,0.6609023058726928,-1.6394276271695274,0.11358864113588642,6,0.5860215053763441,0.40860215053763443,0.21619838016198378,
county,100,Florida,Orange,672,140,157.52476947609023,0.8887491184124525,-1.64345158527393,0.11378862113788621,43,0.47767857142857145,0.5029761904761905,0.21619838016198378,
county,100,Arizona,Mohave,110,24,31.52596624800669,0.7612772218049768,-1.6596100133703588,0.11478852114788521,3,0.9363636363636364,0.02727272727272727,0.21643331850021102,
county,100,California,Santa Cruz,110,27,34.96052825812708,0.7722995430918141,-1.6618616480803736,0.12378762123787622,1,0.9272727272727272,0.03636363636363636,0.22699935888764064,
county,100,Kentucky,Fayette,162,39,48.52816660385177,0.8036569837547601,-1.68278251990393,0.10838916108389161,2,0.6234567901234568,0.36419753086419754,0.21326121356118358,
county,100,Washington,Spokane,182,41,51.189278783503596,0.80094896772042,-1.7443566493918716,0.097990200979902,0,0.8736263736263736,0.07692307692307693,0.19519015840351447,
county,100,Oregon,Multnomah,497,121,138.07710436157078,0.8763219692321154,-1.751077834113734,0.08839116088391161,8,0.6659959758551308,0.2676056338028169,0.1797656299943776,
county,100,Maryland,Montgomery,185,40,50.42259309752726,0.7932951786638996,-1.7732660605066521,0.0887911208879112,6,0.5621621621621622,0.3945945945945946,0.1797656299943776,
county,100,Virginia,Hampton,126,17,24.848564776395897,0.6841441408378084,-1.7848556765729915,0.0851914808519148,8,0.2777777777777778,0.6984126984126984,0.17682601487750385,
county,100,Louisiana,Rapides,130,20,28.20513015606151,0.7090908600434818,-1.7944463348562272,0.07799220077992201,7,0.3230769230769231,0.6692307692307692,0.16751368341426728,
county,100,Colorado,Denver,707,189,210.50674628828062,0.8978334582264267,-1.8072218602836005,0.07999200079992001,4,0.6803394625176803,0.2857142857142857,0.16887200168872005,
county,100,Texas,Jefferson,288,59,71.99678802386089,0.8194810021309069,-1.8115425616070095,0.0791920807919208,7,0.3715277777777778,0.6041666666666666,0.16862451685865895,
county,100,Michigan,Jackson,103,19,26.926579873240275,0.7056224774718702,-1.85784310784322,0.07339266073392661,2,0.6213592233009708,0.3106796116504854,0.1590174315901743,
county,100,Connecticut,New Haven,453,112,129.86901096689994,0.8624074301185349,-1.9073739513290178,0.06459354064593541,7,0.5474613686534217,0.41721854304635764,0.1411911906154517,
county,100,North Carolina,Nash,131,16,24.390017803683797,0.6560060812084937,-1.9279968410035826,0.0585941405859414,7,0.25190839694656486,0.732824427480916,0.13038515968222997,
county,100,Utah,Salt Lake,353,66,81.26205206058418,0.8121872180977451,-1.9759046149976478,0.048995100489951,18,0.8016997167138811,0.053824362606232294,0.1100162711001627,
county,100,Louisiana,Calcasieu,122,12,20.163560019448642,0.5951330017331002,-2.026704959521271,0.043195680431956804,3,0.4262295081967213,0.5655737704918032,0.0987901209879012,
county,100,Pennsylvania,Lancaster,114,18,27.161586740940464,0.6627006062524591,-2.0744772758884498,0.043995600439956005,1,0.6754385964912281,0.2982456140350877,0.09969645237311131,
county,100,Kansas,Sedgwick,228,42,55.15631607882172,0.761472175552469,-2.090752846295585,0.041195880411958805,7,0.5394736842105263,0.3991228070175439,0.09599417416748891,
county,100,New York,Onondaga,185,45,58.22244052916518,0.7728978653421148,-2.151956335224732,0.039996000399960006,3,0.3891891891891892,0.5459459459459459,0.09408582951228688,
county,100,Oklahoma,Tulsa,588,111,132.83340874629187,0.8356331516870649,-2.2068260190525164,0.031796820317968204,32,0.5663265306122449,0.3877551020408163,0.07776054077760541,
county,100,Ohio,Butler,109,16,25.40013956111611,0.629917798738935,-2.21055697962916,0.028397160283971604,4,0.6697247706422018,0.3211009174311927,0.07157243459327538,
county,100,New York,Orange,102,17,26.492250801433162,0.6416970806829424,-2.2144449693938153,0.029397060293970604,2,0.6176470588235294,0.3431372549019608,0.0733441807334418,
county,100,Georgia,Muscogee,205,37,50.55951704262955,0.7318107878444178,-2.2484683801826923,0.030596940305969402,6,0.2731707317073171,0.6926829268292682,0.07557444255574443,
county,100,Texas,Brazoria,108,12,21.11764847910278,0.5682450871305459,-2.266607324846708,0.025597440255974404,1,0.7870370370370371,0.17592592592592593,0.06518111075490389,
county,100,Texas,Bexar,1707,550,592.6319368783509,0.9280633826403083,-2.2896351820562555,0.0225977402259774,35,0.8265963678968952,0.15875805506736965,0.06054878383129429,
county,100,Colorado,Arapahoe,202,36,49.66494160859999,0.7248573910286493,-2.2939606319616965,0.021397860213978603,5,0.6782178217821783,0.27722772277227725,0.05872523858725239,
county,100,New Mexico,Bernalillo,554,168,193.28198293057056,0.869196380608056,-2.3018973434118903,0.024997500249975,0,0.7906137184115524,0.11732851985559567,0.06483101689831017,
county,100,Texas,Wichita,108,17,26.97801698567632,0.6301426828008138,-2.3081905024005045,0.0235976402359764,3,0.5555555555555556,0.4444444444444444,0.062006565300916715,
county,100,Georgia,Dougherty,125,22,33.420012157826974,0.6582882105519401,-2.358286923913783,0.019198080191980802,1,0.28,0.72,0.05328006525190177,
county,100,Indiana,Marion,1139,333,369.83196474404724,0.9004089201171731,-2.388297340422409,0.017998200179982,9,0.3476733977172959,0.6374012291483757,0.05109833844201786,
county,100,California,Contra Costa,784,301,333.2076550458785,0.9033405908953566,-2.3922649847848128,0.0183981601839816,2,0.45663265306122447,0.4897959183673469,0.051640290516402905,
county,100,Washington,Pierce,405,86,106.89203896571875,0.8045500940213235,-2.4225342200903817,0.014198580141985802,8,0.6148148148148148,0.2765432098765432,0.04225360596470474,warm
county,100,California,Sonoma,162,37,51.45854820532114,0.7190253376828453,-2.4973740001945983,0.0131986801319868,1,0.8765432098765432,0.043209876543209874,0.04024782706914493,warm
county,100,Florida,Brevard,201,38,53.271207922504104,0.7133309245639825,-2.5139531349138826,0.015198480151984802,6,0.6616915422885572,0.3283582089552239,0.04469076901833626,warm
county,100,Michigan,Macomb,200,36,51.18481934868737,0.7033335363510121,-2.529219947018073,0.013998600139986002,4,0.845,0.125,0.042166515055811496,warm
county,100,Oregon,Marion,120,17,28.629701120520647,0.5937889441610366,-2.5664887136777166,0.010198980101989802,3,0.95,0.016666666666666666,0.032716208898590664,warm
county,100,Pennsylvania,Montgomery,170,28,42.05697751456814,0.6657634869339116,-2.56983608328749,0.0103989601039896,6,0.5529411764705883,0.4176470588235294,0.0329300403293004,warm
county,100,Virginia,Newport News,216,33,48.536819415246185,0.6798962189441317,-2.583542611668037,0.007999200079992,11,0.23148148148148148,0.7546296296296297,0.02634403226344032,warm
county,100,Florida,Pinellas,475,109,133.60884092767145,0.8158142772827934,-2.595791761631231,0.007999200079992,11,0.6273684210526316,0.35578947368421054,0.02634403226344032,warm
county,100,California,Riverside,1141,355,396.25000966755647,0.8958990317699571,-2.6328018101625115,0.008999100089991,3,0.8010517090271692,0.16301489921121823,0.02924707529247075,warm
county,100,California,San Joaquin,670,219,251.13179552617163,0.8720520615127644,-2.633784246000465,0.007599240075992401,1,0.6805970149253732,0.21044776119402986,0.026069615260696153,warm
county,100,Ohio,Stark,127,18,30.72759958877118,0.5857925851968521,-2.708854615958961,0.007399260073992601,3,0.6299212598425197,0.36220472440944884,0.02574108786304468,warm
county,100,Louisiana,Caddo,469,108,134.91524107818222,0.8005025906407041,-2.7976998735689342,0.0065993400659934,9,0.2068230277185501,0.7846481876332623,0.02362372458406333,warm
county,100,Nevada,Clark,1332,445,494.61958083337504,0.8996813252929211,-2.8983094816531727,0.004199580041995801,3,0.6358858858858859,0.32507507507507505,0.015482033886163623,warm
county,100,Virginia,Norfolk,476,77,102.65955448091788,0.7500519595018561,-2.9062488411255845,0.0033996600339966003,15,0.22058823529411764,0.773109243697479,0.012918708129187082,warm
county,100,Missouri,St. Louis,398,79,104.0337838795775,0.7593687074906847,-2.9364299495019286,0.0031996800319968005,10,0.4020100502512563,0.5879396984924623,0.012544777268304916,warm
county,100,Massachusetts,Plymouth,102,22,35.94413977771527,0.6120608292770887,-2.9661077953549784,0.0029997000299970002,0,0.5,0.45098039215686275,0.011950417861439662,warm
county,100,North Carolina,Gaston,158,18,33.03638424654272,0.5448538152865113,-3.049107299571598,0.0007999200079992001,8,0.6518987341772152,0.34177215189873417,0.0038741223916824007,warm
county,100,North Carolina,Wake,300,39,59.402958342449764,0.6565329587656299,-3.0513285925939853,0.0023997600239976003,12,0.38333333333333336,0.59,0.00987901209879012,warm
county,100,California,Solano,252,76,99.077335291192,0.7670775538788276,-3.0571901830356008,0.0033996600339966003,2,0.503968253968254,0.3968253968253968,0.012918708129187082,warm
county,100,Pennsylvania,Luzerne,114,15,28.934144297822115,0.5184186491089372,-3.0749489246383117,0.0017998200179982,1,0.7982456140350878,0.20175438596491227,0.00808282808082828,warm
county,100,Massachusetts,Middlesex,172,32,50.18089448790562,0.6376928973976839,-3.1258285462486137,0.0021997800219978004,0,0.7383720930232558,0.1744186046511628,0.009368028714369944,warm
county,100,Colorado,El Paso,243,36,55.982864076845566,0.6430539164731579,-3.1366946179584265,0.0029997000299970002,13,0.7613168724279835,0.205761316872428,0.011950417861439662,warm
county,100,Massachusetts,Bristol,118,22,38.27801461976747,0.574742452515779,-3.3003679813074833,0.0005999400059994001,2,0.7033898305084746,0.2542372881355932,0.0029637036296370363,warm
county,100,Ohio,Summit,249,46,68.5591311407251,0.6709536605062859,-3.301374078965854,0.0005999400059994001,4,0.46987951807228917,0.5180722891566265,0.0029637036296370363,warm
county,100,California,Orange,1160,419,473.3888213958144,0.8851075079562594,-3.3312012461289204,0.0011998800119988001,8,0.8482758620689655,0.04310344827586207,0.0056994300569943,warm
county,100,California,Ventura,313,95,123.90089683919757,0.7667418269239322,-3.4459914691355333,0.00039996000399960006,0,0.9297124600638977,0.04153354632587859,0.0020581275205812754,warm
county,100,New Jersey,Passaic,285,57,83.20263508411458,0.6850744563844072,-3.5147036495379926,0.00039996000399960006,5,0.5578947368421052,0.4245614035087719,0.0020581275205812754,warm
county,100,California,Santa Barbara,136,23,44.0819062975799,0.5217560203666306,-3.960051361122903,0.00039996000399960006,0,0.875,0.029411764705882353,0.0020581275205812754,warm
county,100,Texas,Lubbock,201,33,58.33421751035732,0.5657057111315636,-4.12542872975016,0.00019998000199980003,7,0.6716417910447762,0.32338308457711445,0.0011487223370686187,warm
county,100,Texas,Tarrant,1288,302,368.54807734666633,0.8194317609095287,-4.2694011533067355,0.00039996000399960006,33,0.5854037267080745,0.3936335403726708,0.0020581275205812754,warm
county,100,Massachusetts,Worcester,145,24,48.24073454149598,0.4975048623970588,-4.418420296006679,0.00019998000199980003,2,0.7310344827586207,0.1793103448275862,0.0011487223370686187,warm
county,100,Texas,Potter,180,18,43.13285082691033,0.41731533285923933,-4.506917190729486,0.00019998000199980003,1,0.7444444444444445,0.2388888888888889,0.0011487223370686187,warm
county,100,California,Stanislaus,325,75,113.29220074124883,0.6620049704153471,-4.578203688011736,0.00019998000199980003,0,0.8553846153846154,0.08,0.0011487223370686187,warm
county,100,Texas,Travis,441,63,102.91337878477606,0.6121653058515611,-4.659259628710583,0.00019998000199980003,23,0.7097505668934241,0.2789115646258503,0.0011487223370686187,warm
county,100,Texas,El Paso,346,45,80.63941997017085,0.5580397281707364,-4.72455651221626,0.00019998000199980003,9,0.9248554913294798,0.057803468208092484,0.0011487223370686187,warm
county,100,Nevada,Washoe,185,25,53.16512956703079,0.47023303062733834,-4.725654305385966,0.00039996000399960006,2,0.8540540540540541,0.0972972972972973,0.0020581275205812754,warm
county,100,Texas,Nueces,305,49,87.04392463981175,0.5629341760813552,-5.01996123363282,0.00019998000199980003,7,0.9016393442622951,0.09508196721311475,0.0011487223370686187,warm
county,100,California,Los Angeles,13254,5269,5566.729464240967,0.946516268456462,-5.376174694577306,0.00019998000199980003,22,0.5955183340878225,0.3567224988682662,0.0011487223370686187,warm
county,100,Massachusetts,Hampden,195,33,67.73030348549584,0.4872265190287655,-5.401265957489285,0.00019998000199980003,1,0.6307692307692307,0.3435897435897436,0.0011487223370686187,warm
county,100,California,Sacramento,1027,253,336.9368152059805,0.7508826242253546,-5.711486116566278,0.00019998000199980003,7,0.5959104186952289,0.317429406037001,0.0011487223370686187,warm
county,100,California,Santa Clara,632,169,239.23353540905913,0.7064226999405888,-5.928615758962098,0.00019998000199980003,1,0.7357594936708861,0.08860759493670886,0.0011487223370686187,warm
county,100,California,San Bernardino,1731,535,664.6166145420096,0.8049753621772922,-6.592276560362209,0.00019998000199980003,5,0.730791450028885,0.22992489890236859,0.0011487223370686187,warm
county,100,Texas,Harris,4916,944,1188.6270960373395,0.7941935726916537,-8.391880941937504,0.00019998000199980003,170,0.5748576078112286,0.395646867371847,0.0011487223370686187,warm
county,100,Arizona,Maricopa,2604,785,1005.87908834759,0.7804118895538035,-9.174422041586517,0.00019998000199980003,16,0.8125960061443932,0.14324116743471582,0.0011487223370686187,warm
