State,City,E_Black,E_White,O_Black,O_White,V_Black,V_White,n_Black,n_White,smr_Black,z_Black,smr_White,z_White,rho,rho_var,d_z,n_both,black_share_both,min_race_n
Alabama,Autauga,5.151144135755555,5.427869844424996,5.0,3.0,4.004078904505217,4.118355864402878,31.0,31.0,0.9732542415969812,-0.07553356591535224,0.5904313171267849,-1.196364356261207,0.49979202886590257,0.29068851117314537,1.1208307903458548,62.0,0.5,10
Alabama,Baldwin,7.5907709392763385,18.915984726037127,6.0,21.0,6.0355217809172075,14.524111317600164,55.0,109.0,0.8033845042437177,-0.6475156027514217,1.107335028501963,0.5468347601949848,-0.32087809834399894,0.14533852947341647,-1.1943503629464065,164.0,0.3353658536585366,10
Alabama,Barbour,5.668613906081005,4.421500361441365,9.0,9.0,4.540332679145748,3.3956950378902158,36.0,25.0,1.540054239840643,1.5634396821688923,1.9303056593127477,2.484613520756582,-0.22586072659702097,0.3149931316999014,-0.9211738385876895,61.0,0.5901639344262295,10
Alabama,Butler,5.979036147006799,2.9519291190286245,2.0,3.0,4.940145509422933,2.3955550511191137,42.0,18.0,0.3858598629913426,-1.7902266336058514,1.0139258018672477,0.031058394605833425,-0.966110753471591,0.4131026286987495,-1.8212850282116848,60.0,0.7,10
Alabama,Calhoun,29.59277807823871,31.00237081971024,28.0,26.0,23.556143152120956,23.613882809549146,171.0,156.0,0.9470710854910896,-0.3281732494701247,0.8412065286025907,-1.029419001766688,0.11853694938833054,0.05146722840543909,0.7012457522965633,327.0,0.5229357798165137,10
Alabama,Chambers,9.05584771639449,5.921081474734513,6.0,4.0,7.401191916181097,4.555731825042883,63.0,36.0,0.6802117606843269,-1.1232615039077993,0.7008165240865531,-0.9000501496236675,-0.029841955772504872,0.22019317119188325,-0.22321135428413186,99.0,0.6363636363636364,10
Alabama,Chilton,2.96337704043692,5.987713243812427,3.0,4.0,2.353260053559513,4.12203905598753,18.0,26.0,1.0105743495829318,0.023873630951520272,0.6936188192799392,-0.9790337878413659,0.3763515533064072,0.382947601068945,1.0029074187928861,44.0,0.4090909090909091,10
Alabama,Clarke,5.122602691687681,1.7074878064854255,1.0,1.0,4.363244050342419,1.3162067207439667,42.0,11.0,0.2667803652955176,-1.9736345076930566,0.6795054521221444,-0.6166758018588702,-0.9349395392972812,0.6177246542677834,-1.3569587058341863,53.0,0.7924528301886793,10
Alabama,Coffee,7.030282429505641,5.839733528251435,5.0,7.0,5.668236544388385,4.4628844331262165,45.0,30.0,0.7303842918891784,-0.8527710987988089,1.1830150220948763,0.5492245253004274,-0.48225073932914186,0.24555072070797263,-1.4019956240992362,75.0,0.6,10
Alabama,Colbert,6.368716515482367,6.392920998331991,6.0,8.0,4.650715365174949,5.086465142087479,35.0,37.0,0.9463194448844606,-0.17097503867545585,1.2331491978592102,0.7125727173622877,-0.26474630815208094,0.23911749932441723,-0.8835477560377435,72.0,0.4861111111111111,10
Alabama,Coosa,2.910655382550898,1.5867773577933475,2.0,6.0,2.5518983745318757,1.2460213104212423,28.0,10.0,0.732996952078518,-0.5700623663528708,3.114850741371563,3.9536034102190896,-1.4467949702495713,0.7960912905231874,-4.52366577657196,38.0,0.7368421052631579,10
Alabama,Covington,1.6588671740417378,5.202608073317478,0.0,1.0,1.3494680188995356,4.209293868628329,13.0,35.0,0.23160294714376597,-1.4280069299008316,0.26303754014211583,-2.048397641409369,-0.12727228941091878,0.6459005925610948,0.6203907115085376,48.0,0.2708333333333333,10
Alabama,Crenshaw,3.3169564860578094,2.640183610777815,1.0,0.0,2.5746134548465784,2.008505949058837,23.0,19.0,0.39298325916972005,-1.4439822683613897,0.15922635806514238,-1.8629344315282133,0.9034401879878339,0.522149828271089,0.4189521631668236,42.0,0.5476190476190477,10
Alabama,Dale,5.927013618480391,7.629094056609688,3.0,3.0,4.770720193177361,5.608264285011784,37.0,39.0,0.5445764094751588,-1.3400863091597965,0.4305522824101394,-1.954707455888369,0.23493949986421356,0.23216069050739746,0.6146211467285725,76.0,0.4868421052631579,10
Alabama,Dallas,27.43445261128855,3.251774929840559,19.0,5.0,21.29540258762368,2.714560026839295,148.0,22.0,0.6980627210185563,-1.8277381425884707,1.4659728003016792,1.0610787548233913,-0.7419653716739871,0.2850132127101701,-2.888816897411862,170.0,0.8705882352941177,10
Alabama,Elmore,7.757169824852138,7.897317822830532,10.0,5.0,6.343072135327321,6.489917103803875,60.0,56.0,1.2716221444783018,0.8905259211855526,0.6549710414731074,-1.1373039910999732,0.6634576203759205,0.20947179216846035,2.027829912285526,116.0,0.5172413793103449,10
Alabama,Escambia,5.653242804051063,3.802234321193172,3.0,4.0,4.699923736632373,2.9756135524623337,41.0,27.0,0.5688057681870984,-1.223859573972612,1.0459681328449772,0.1146469908524369,-0.6091591590158758,0.35288563651081195,-1.3385065648250487,68.0,0.6029411764705882,10
Alabama,Etowah,16.83573021430102,28.97939313741081,18.0,33.0,13.704885924403124,21.608122362208913,109.0,138.0,1.0671601237044241,0.3144965709983847,1.1363870295378244,0.8649342490775798,-0.06285292715459152,0.07408159470444681,-0.5504376780791951,247.0,0.44129554655870445,10
Alabama,Geneva,1.8014229084488687,4.122253259861718,0.0,4.0,1.485962566193955,3.306506881137428,16.0,32.0,0.21725689709806267,-1.4777866768705208,0.9735511550344226,-0.06723195389635556,-1.4998698600476366,0.6524870290375451,-1.4105547229741653,48.0,0.3333333333333333,10
Alabama,Greene,4.616439325012413,2.022341695389488,2.0,4.0,3.859451346187787,1.5240412345030154,35.0,10.0,0.48862105874654044,-1.3318272075616173,1.7840564615909944,1.6019645399307934,-1.295057703441042,0.5537354546248746,-2.9337917474924105,45.0,0.7777777777777778,10
Alabama,Henry,2.0552665351771715,2.3453163268637334,3.0,4.0,1.7334715931257794,1.86217247800441,16.0,13.0,1.369720125793971,0.7175479612896294,1.5815464725358503,1.212565004035206,-0.14379671720313594,0.748920060852474,-0.4950170427455767,29.0,0.5517241379310345,10
Alabama,Houston,18.4285404469605,12.524883498487506,20.0,13.0,14.986952615387745,9.63524390067491,123.0,66.0,1.083020640574104,0.4059256925721593,1.0364776008605119,0.15306248435758296,0.043925984240200014,0.10555052799946087,0.25286320821457636,189.0,0.6507936507936508,10
Alabama,Jefferson,549.4996057602086,164.1806820151824,707.0,203.0,418.32415004126756,120.44472555189648,2662.0,743.0,1.286364558429264,7.700610843903463,1.235724782711543,3.5371543206214615,0.04016240155849731,0.005853723425594355,4.163456523282001,3405.0,0.781791483113069,10
Alabama,Lauderdale,6.394636671938591,12.430895010662825,9.0,8.0,5.201684307262517,9.675308795551517,41.0,73.0,1.3778826139838996,1.142342409673201,0.6573404233033285,-1.4244888107033848,0.7401012297622035,0.1898197159117188,2.566831220376586,114.0,0.35964912280701755,10
Alabama,Lawrence,2.341046593457217,3.006224987128334,3.0,4.0,1.7397913820563353,2.620243752136541,15.0,28.0,1.2319403729809706,0.49958123794613496,1.2834316156321692,0.6139276955553223,-0.04094697492301755,0.6073849876320928,-0.11434645760918738,43.0,0.3488372093023256,10
Alabama,Lee,19.63974148475084,13.033703967580262,27.0,7.0,15.758562141855085,9.8689682844773,119.0,71.0,1.3654594335692993,1.8541069168254847,0.5541720151383621,-1.9206495191204835,0.901771097164887,0.09894962267701213,3.774756435945968,190.0,0.6263157894736842,10
Alabama,Limestone,2.877313505448059,7.6712735931841065,3.0,5.0,2.4342894649843325,6.038555064469798,22.0,49.0,1.0363266526350103,0.07863405066916346,0.6730896888078386,-1.0870558449089096,0.431559086954461,0.39664618704598564,1.165689895578073,71.0,0.30985915492957744,10
Alabama,Macon,18.807934310678903,1.5452317074029225,26.0,2.0,14.568622143483331,1.1777923553182266,110.0,10.0,1.3724927573087549,1.8842755189659288,1.2223553893434167,0.4190403188940666,0.11584897293691739,0.534451107635474,1.4652352000718623,120.0,0.9166666666666666,10
Alabama,Madison,50.683386252695946,55.17403857375469,39.0,42.0,38.79009893447461,40.554373977885874,268.0,267.0,0.7717347931023115,-1.8758939859416086,0.7633719609490469,-2.068712219958311,0.010895548289939697,0.02842240221039586,0.19281823401670217,535.0,0.5009345794392523,10
Alabama,Marshall,1.7644628499299668,12.908037256810974,2.0,10.0,1.4468595596240659,10.54502505432104,11.0,85.0,1.104014579032426,0.19581512169604512,0.7831123824380963,-0.8955217913336794,0.34343221868551477,0.5280195246071984,1.0913369130297246,96.0,0.11458333333333333,10
Alabama,Mobile,215.96432442252308,91.99702377073103,256.0,102.0,164.80922917405755,69.68843829715291,1116.0,457.0,1.1849527661626593,3.1185764664989466,1.1081437631340763,1.198253953780552,0.06701658398504516,0.011767644789050333,1.9203225127183945,1573.0,0.7094723458359822,10
Alabama,Monroe,6.106654988869201,2.1014910452583813,4.0,1.0,5.111596963061073,1.5846239359061554,46.0,12.0,0.681131375496607,-0.9317837118159688,0.5765924133138883,-0.8750197689940243,0.16661957561051818,0.4958877839102317,-0.05676394282194441,58.0,0.7931034482758621,10
Alabama,Montgomery,153.71552758190285,35.968770174165286,160.0,43.0,115.39591767851783,26.125903104134835,755.0,161.0,1.0407512298964805,0.5850238908481722,1.1928013967088937,1.3756109931191023,-0.13636186658468027,0.025077664199527467,-0.7905871022709301,916.0,0.824235807860262,10
Alabama,Morgan,9.366099802966033,18.92420887481056,10.0,22.0,7.439648397875947,14.788985705314985,60.0,110.0,1.0642503329272421,0.23240457935960554,1.1583483345454624,0.7998115011411228,-0.08472450239740018,0.1261031332315204,-0.5674069217815172,170.0,0.35294117647058826,10
Alabama,Pike,7.353014910604737,2.754936118538979,2.0,1.0,5.834330991943257,1.9421434924200125,43.0,12.0,0.3183490708293437,-2.216169232576403,0.46083853733918895,-1.2592752140309806,-0.36989924951233455,0.3638025289283005,-0.9568940185454222,55.0,0.7818181818181819,10
Alabama,Randolph,3.1666667986826034,1.584720899825957,4.0,2.0,2.6908529691295255,1.298208655112248,24.0,10.0,1.2272726830855765,0.5080116841683289,1.1992012936641605,0.36447506722009526,0.02313863006334954,0.7852784463326037,0.1435366169482336,34.0,0.7058823529411765,10
Alabama,Russell,12.525010809642396,9.539727717666345,9.0,9.0,10.326739742970988,7.24839846878774,87.0,54.0,0.7293659973753852,-1.0969298053814636,0.9462408012603154,-0.20047198555079704,-0.2603214234125617,0.14547457173509593,-0.8964578198306665,141.0,0.6170212765957447,10
Alabama,Shelby,6.868853268015822,9.74966477104032,7.0,4.0,5.471182211936374,7.629824947868168,50.0,61.0,1.0177974410962172,0.05606823482779319,0.4390387491222563,-2.0815422830998815,0.8408085240265107,0.1962278627681044,2.1376105179276745,111.0,0.45045045045045046,10
Alabama,St. Clair,2.7340486748740425,8.861456569676653,3.0,14.0,2.3066930396796734,7.124583920946647,22.0,56.0,1.0822347935552687,0.1751085113548204,1.5489042642111872,1.9251309594297206,-0.35851959815330364,0.3993164421747928,-1.7500224480749003,78.0,0.28205128205128205,10
Alabama,Talladega,11.94538126815886,4.866716911535625,22.0,2.0,9.693218282461908,3.9947136209821053,77.0,34.0,1.807899614740256,3.22947264729237,0.46583414799210143,-1.43430655513195,1.3560913514101491,0.2365915304396601,4.66377920242432,111.0,0.6936936936936937,10
Alabama,Tallapoosa,11.402259474016176,5.038778268747801,9.0,4.0,9.03279598153236,4.090993281817779,77.0,34.0,0.7981677782054282,-0.7992981618699266,0.8124535378841503,-0.5135804369588715,-0.017739904697787277,0.23060758022698635,-0.2857177249110552,111.0,0.6936936936936937,10
Alabama,Tuscaloosa,34.52320313861926,26.677011818363322,29.0,22.0,27.017621834314333,20.06530259430545,193.0,132.0,0.8422987435855359,-1.062594239523889,0.8279055898557951,-1.0441084501272686,0.017235627701996565,0.050863564603614644,-0.018485789396620378,325.0,0.5938461538461538,10
Alabama,Walker,3.9458328888428675,7.648697752317372,2.0,14.0,3.1810480273296546,5.957426687218233,23.0,41.0,0.5623243298851667,-1.0909891376484062,1.779425429772065,2.6021565883577495,-1.1519670160389632,0.3061433847224154,-3.693145726006156,64.0,0.359375,10
Alaska,Anchorage,29.239503554608934,93.05835262021822,20.0,72.0,21.07918998400431,66.90585975269869,117.0,375.0,0.6893188368917131,-2.012434147004194,0.7749174495867786,-2.574496559101229,-0.11705258993292741,0.03238148394602269,0.5620624120970352,492.0,0.23780487804878048,10
Alaska,Fairbanks North Star,3.5494053901598517,13.974784843117309,7.0,13.0,2.5617257365759762,10.097571579907317,15.0,57.0,1.8521237755610178,2.155895092046113,0.9326563500817205,-0.3067611078261886,0.6860514413178627,0.2550436481044151,2.4626561998723018,72.0,0.20833333333333334,10
Alaska,Juneau,3.9274649150676892,74.76700606359911,3.0,76.0,2.94714474713588,57.154859427806855,19.0,371.0,0.7905200983273043,-0.5402524642461418,1.0163815993339635,0.16309263909979596,-0.25131306636253625,0.20128739859847716,-0.7033451033459378,390.0,0.04871794871794872,10
Arizona,Cochise,3.065699666594733,41.53487890508797,1.0,22.0,2.294020727407025,28.779193455305954,13.0,155.0,0.42067480165330634,-1.3638559748288437,0.5352697708682245,-3.641425374238598,-0.2409107718547873,0.2607655094657055,2.277569399409754,168.0,0.07738095238095238,10
Arizona,Maricopa,457.64887093916906,2702.6024351172755,392.0,2086.0,266.93100157842264,1566.8431689985423,1206.0,7012.0,0.856708430155914,-4.018164878190869,0.7718908365784799,-15.577310304594215,0.1042545025569983,0.0014890002704038019,11.559145426403347,8218.0,0.14675103431491848,10
Arizona,Pima,74.87172232067867,655.4475628016834,74.0,588.0,49.47238337589003,423.6695161030089,238.0,2067.0,0.988434358485669,-0.1239357929195221,0.8971753740289828,-3.276820506584173,0.0968708805450568,0.009811422360883604,3.152884713664651,2305.0,0.10325379609544469,10
Arizona,Pinal,7.9548366336524285,93.29960526357765,5.0,73.0,6.051492636000579,62.248045464162516,37.0,349.0,0.6505152303130948,-1.201163758335564,0.7835853870969329,-2.572910818978346,-0.18611532655582344,0.10278227120166768,1.3717470606427817,386.0,0.09585492227979274,10
Arkansas,Arkansas,4.015288896518017,3.1547843170003853,4.0,5.0,3.278296125856254,2.5850995001905477,32.0,21.0,0.9966139715822376,-0.00844407439514102,1.5048767650710646,1.147647474434147,-0.41210278515989873,0.46307559503810825,-1.156091548829288,53.0,0.6037735849056604,10
Arkansas,Ashley,5.901942680697196,3.526555755940571,3.0,1.0,4.915158841048619,2.7859855492479637,50.0,26.0,0.5467090498253003,-1.308940939698987,0.3725268171903439,-1.5136987662702746,0.3836077316274778,0.36512181219853185,0.2047578265712875,76.0,0.6578947368421053,10
Arkansas,Bradley,2.716968232748612,1.6096525123048493,2.0,2.0,2.351233931907028,1.3362028681007811,24.0,12.0,0.7771292158094995,-0.467575765084191,1.1850292810870005,0.33768765851936605,-0.42191612558769936,0.8342257425755403,-0.8052634236035571,36.0,0.6666666666666666,10
Arkansas,Chicot,6.709137016502164,2.706207917129698,2.0,0.0,5.5239087145633885,2.323857112517635,51.0,23.0,0.34678214525224643,-2.003632558729773,0.1559474659546148,-1.7752374445509929,0.7991775654695341,0.4400318264239109,-0.22839511417878033,74.0,0.6891891891891891,10
Arkansas,Clark,1.9179283454144205,2.543223712705016,0.0,6.0,1.5561476492232316,2.067750437520276,13.0,18.0,0.20678859278367184,-1.5374711572351778,2.13589292593359,2.403932192820556,-2.334943090023047,0.7427344493974992,-3.941403350055734,31.0,0.41935483870967744,10
Arkansas,Columbia,7.775516455489264,3.640040718898477,6.0,5.0,6.451073247307197,3.162355596542041,63.0,32.0,0.7854494683154742,-0.6990507647928162,1.3284893491248948,0.7647518804958008,-0.5255416229203503,0.34537243931760403,-1.463802645288617,95.0,0.6631578947368421,10
Arkansas,Conway,3.156512905900244,3.267187709643753,4.0,3.0,2.651073415369987,2.688521721176029,23.0,26.0,1.2306807375788784,0.5180450933452196,0.9290750208810222,-0.1629520027029074,0.28113325045812526,0.5179401416692713,0.6809970960481271,49.0,0.46938775510204084,10
Arkansas,Craighead,6.052031661929341,12.246551732891593,3.0,11.0,4.932992626295451,10.18766227283309,39.0,96.0,0.5341854527866207,-1.3741489221708918,0.9022047876936825,-0.39054675807178735,-0.5240984631163444,0.20260924096929728,-0.9836021640991044,135.0,0.28888888888888886,10
Arkansas,Crittenden,36.59560763226532,17.774737623502112,25.0,22.0,28.802317961342638,13.077585346100216,230.0,91.0,0.6874129210332817,-2.160626961815375,1.2312078270860654,1.1683955683674525,-0.5828157785834367,0.06289894206345296,-3.3290225301828276,321.0,0.7165109034267912,10
Arkansas,Cross,2.610601640195606,3.465365311558436,4.0,2.0,2.2076732864191495,2.827872400443735,23.0,24.0,1.44666547520917,0.9351028498437759,0.6304589372164225,-0.8713968826897089,0.8305684888869649,0.5594159977263707,1.8064997325334848,47.0,0.48936170212765956,10
Arkansas,Dallas,1.9717831783160564,1.4932310835921627,2.0,2.0,1.7629358066960545,1.199763401815599,21.0,10.0,1.011415573150379,0.02125151247306778,1.2542449395754696,0.4626602240838683,-0.2151828425894337,0.9915117369572133,-0.44140871161080053,31.0,0.6774193548387096,10
Arkansas,Desha,5.671406752704368,2.198917082481989,3.0,3.0,4.627343240084009,1.8572702815754165,38.0,17.0,0.5671316346903025,-1.2418643552240798,1.2968164241568014,0.5878139872332591,-0.8270761987533447,0.5279749175088236,-1.8296783424573388,55.0,0.6909090909090909,10
Arkansas,Drew,3.1394693690900195,2.843754594080477,3.0,3.0,2.6950571565704724,2.4101641566286105,25.0,24.0,0.9616786528622739,-0.08495615454137889,1.0467275338316178,0.10064308598510051,-0.08474358770767638,0.5714675197082244,-0.18559924052647941,49.0,0.5102040816326531,10
Arkansas,Faulkner,5.021363036027188,10.04289933875866,2.0,13.0,3.9525633750875278,7.793965738086394,34.0,67.0,0.4527867455350004,-1.5197196908275878,1.2804826799749673,1.0592216823446017,-1.0395711253299573,0.23403534848694577,-2.5789413731721895,101.0,0.33663366336633666,10
Arkansas,Garland,13.246311706722008,27.28919930732966,19.0,24.0,10.487890338338987,21.522008858230425,80.0,164.0,1.4185623326484307,1.7766515592508798,0.8816374926476523,-0.7090041663028797,0.4756182304808117,0.0886722809867149,2.4856557255537597,244.0,0.32786885245901637,10
Arkansas,Hempstead,6.339151767025424,4.161122968338517,5.0,5.0,4.854665114826444,2.9544019426981194,38.0,20.0,0.8041932957999167,-0.6077852557724338,1.179973160407846,0.48804909695422705,-0.3834073138390903,0.2914356418017725,-1.0958343527266607,58.0,0.6551724137931034,10
Arkansas,Hot Spring,4.738047648748935,4.379388411370821,4.0,5.0,3.8709575065057704,3.5423307476434505,36.0,34.0,0.8590987142079145,-0.3751243009123826,1.1271904460778157,0.3297428038182345,-0.2715996517786456,0.35713066544511485,-0.7048671047306171,70.0,0.5142857142857142,10
Arkansas,Howard,1.1553134390493107,1.6262134591526474,0.0,0.0,0.998641047831143,1.2929632260416888,10.0,10.0,0.3020575971926881,-1.1560992478994057,0.23515983207032434,-1.4301594648130194,0.250352298945729,1.2370987400606017,0.2740602169136137,20.0,0.5,10
Arkansas,Jackson,2.4802884595300636,3.3863522815758813,0.0,2.0,2.150956930700258,2.7518879542460226,25.0,26.0,0.1677689951122519,-1.69116637593453,0.6432767332626553,-0.8357150589369672,-1.3439870058864052,0.5896202685448264,-0.8554513169975627,51.0,0.49019607843137253,10
Arkansas,Jefferson,65.1930638864407,19.752361639858478,85.0,21.0,52.058506228113515,14.723361261961543,397.0,106.0,1.3015072663957075,2.7451839409838548,1.061604586286177,0.32515110556924065,0.20374150433942756,0.04998580334160926,2.420032835414614,503.0,0.7892644135188867,10
Arkansas,Lafayette,2.444200924261088,1.4033714952024714,1.0,0.0,2.090089696121688,1.25180053991675,23.0,14.0,0.5094760984685371,-0.9989532323297776,0.26269175579243004,-1.254310574958299,0.6624016262179513,0.9854661409631664,0.2553573426285214,37.0,0.6216216216216216,10
Arkansas,Lee,4.241909888665547,2.729231886072736,2.0,1.0,3.4912726379306123,2.138857453808765,34.0,18.0,0.5272137300575195,-1.1998481057379973,0.46450674739999565,-1.1823942642246368,0.1266299419000849,0.48117123594734745,-0.01745384151336049,52.0,0.6538461538461539,10
Arkansas,Little River,1.1619464214031443,1.7988701828292681,1.0,1.0,1.0170777483044446,1.432179681866821,12.0,11.0,0.9025561718972765,-0.1605810447821495,0.6524944345286685,-0.6675402510092141,0.32442831889708623,1.1959104425021798,0.5069592062270646,23.0,0.5217391304347826,10
Arkansas,Lonoke,3.438422158878077,6.38252080467445,2.0,7.0,2.768126216812968,4.964449118727263,24.0,45.0,0.634771971908711,-0.8645565799740582,1.0897170110849752,0.27713207758835656,-0.5404074836128024,0.35600275325357394,-1.1416886575624148,69.0,0.34782608695652173,10
Arkansas,Miller,7.263611036563302,10.737660811564718,6.0,11.0,6.092482870981455,8.729761308754277,56.0,73.0,0.8372392652578508,-0.5119366851630007,1.0233446437683285,0.0887895768088302,-0.20072171423213472,0.19119050378193514,-0.600726261971831,129.0,0.43410852713178294,10
Arkansas,Mississippi,28.409979642724984,12.993257984184549,31.0,13.0,22.692171042206855,10.360982508807366,178.0,79.0,1.0895891449694182,0.5437072866982381,1.00049965811247,0.002094543077329416,0.08530116063898524,0.08948597710829112,0.5416127436209087,257.0,0.6926070038910506,10
Arkansas,Monroe,4.168271406490541,1.7721766238496097,2.0,1.0,3.4436436113124733,1.53598629093737,31.0,14.0,0.5355301314581067,-1.1684349609423823,0.6601599471869585,-0.6230501146914827,-0.2092249936820691,0.6872737730024265,-0.5453848462508996,45.0,0.6888888888888889,10
Arkansas,Ouachita,9.300942238428663,4.00977287362654,12.0,4.0,7.528508102688531,3.0673829945883777,64.0,24.0,1.275387579674591,0.983688779830968,0.9978329565810969,-0.005580052437470383,0.24541951133031628,0.2778052767044823,0.9892688322684384,88.0,0.7272727272727273,10
Arkansas,Phillips,15.07198786890895,5.523877030350032,13.0,5.0,12.27781566391812,4.224772655786246,108.0,32.0,0.866941338103282,-0.591325563089492,0.9130332462448041,-0.2548752619967088,-0.05180098050891137,0.19250518552664486,-0.33645030109278323,140.0,0.7714285714285715,10
Arkansas,Pulaski,286.758489346722,117.34358461505468,357.0,109.0,218.87736589452084,88.89459551803438,1510.0,610.0,1.2445237068990371,4.747810935681838,0.9291978036622897,-0.8849423830985187,0.2921865337557901,0.00911765421394752,5.632753318780357,2120.0,0.7122641509433962,10
Arkansas,Saline,1.6266462532350638,6.964847313257381,1.0,4.0,1.3357000126535885,5.602078273970602,14.0,51.0,0.7053359239780443,-0.5422105733819333,0.6028254579310837,-1.2526442413859982,0.15704647858076473,0.6202889979997112,0.7104336680040648,65.0,0.2153846153846154,10
Arkansas,Sebastian,5.543785172029337,25.803088678449544,6.0,21.0,4.436220567085008,20.26898573279736,34.0,155.0,1.075484951067094,0.21660218394979333,0.8173944992861323,-1.0668530336985622,0.27440511452830235,0.17478761771376447,1.2834552176483556,189.0,0.17989417989417988,10
Arkansas,St. Francis,15.746712892187345,3.2263427403315132,14.0,3.0,12.894437442208938,2.477150125632275,109.0,18.0,0.8924882280016594,-0.48642997117287656,0.9392587434640065,-0.14381043696084006,-0.05107766974288583,0.28997729750453166,-0.3426195342120365,127.0,0.8582677165354331,10
Arkansas,Union,15.4993310175777,8.338596414195361,8.0,7.0,12.23580880013116,6.275223894071747,96.0,45.0,0.5312722132357569,-2.1439081864977916,0.8485510197020096,-0.534361357496962,-0.46825567964179193,0.14118307242063002,-1.6095468290008297,141.0,0.6808510638297872,10
Arkansas,Washington,1.4828449383077185,21.637421052383793,0.0,11.0,1.2805549534503273,17.495039265385213,15.0,152.0,0.2521629353562718,-1.3103781078879035,0.5194823720788226,-2.5431904796188367,-0.7227574300378447,0.6197487397824054,1.2328123717309332,167.0,0.08982035928143713,10
Arkansas,White,1.6187933742118101,11.886544850041382,3.0,6.0,1.4072488070679874,9.445360138026206,15.0,81.0,1.6518835874224866,1.1643222811395046,0.5247629648697623,-1.9153634533954915,1.1467248187853476,0.6038679227002144,3.079685734534996,96.0,0.15625,10
California,Alameda,1589.6163369498158,725.8738964179563,1725.0,638.0,825.4813174497011,388.3702874814413,3507.0,1663.0,1.0851407283255003,4.712079794889046,0.8790238789536655,-4.458993975950582,0.21065289772827933,0.0010637753451282787,9.171073770839628,5170.0,0.6783365570599613,10
California,Butte,6.180924975158045,86.01285168324026,2.0,54.0,4.185554731895974,57.158061860566434,23.0,280.0,0.3741996818248748,-2.0435998481896744,0.6299642069313274,-4.234338911192823,-0.5208734398181666,0.11728443146180507,2.1907390630031482,303.0,0.07590759075907591,10
California,Contra Costa,554.9912690251608,482.84467406517564,653.0,314.0,297.80835016686945,266.6085846036787,1271.0,1159.0,1.1764361321949057,5.679319882671039,0.6506743880198251,-10.34070863565211,0.5922355753484252,0.0021104229153758587,16.020028518323148,2430.0,0.5230452674897119,10
California,Fresno,195.73806457523722,803.9588115535333,211.0,689.0,111.77881756583336,473.3530596750985,504.0,2110.0,1.0777725537489258,1.443543435345803,0.8570979521853577,-5.283840155763821,0.2290995314409905,0.0036498351653762393,6.727383591109624,2614.0,0.1928079571537873,10
California,Humboldt,3.3506037173657743,63.850055428932876,3.0,41.0,2.2973377764637477,43.20847984331159,11.0,218.0,0.9089483771636659,-0.23131515620822152,0.6449100894067124,-3.4761840638692862,0.3431773909552263,0.2152329869309755,3.244868907661065,229.0,0.048034934497816595,10
California,Imperial,4.29957910300825,68.09891558596362,3.0,56.0,3.0690065182212813,44.395416110576946,16.0,216.0,0.7292306106188128,-0.7418290118389637,0.8236281800868694,-1.8158391744161901,-0.12172917003076435,0.17558767597812006,1.0740101625772265,232.0,0.06896551724137931,10
California,Kern,159.6082100951261,578.2496863230576,190.0,508.0,99.61498157567299,359.82259446609584,466.0,1709.0,1.189820308944913,3.0450466391112596,0.8786181867857734,-3.7033961781343434,0.3032071427563137,0.004986449512240179,6.7484428172456035,2175.0,0.2142528735632184,10
California,Kings,6.405553933726138,52.777055307728126,3.0,22.0,4.437488850419142,33.64362275774833,23.0,162.0,0.5068384134842967,-1.6166616088128252,0.422320638219212,-5.306103141511331,0.18242740997960677,0.12022782867216078,3.6894415326985057,185.0,0.12432432432432433,10
California,Los Angeles,6636.551581944083,11439.105034666876,6362.0,10534.0,3641.1748432968247,6225.5981919190635,15678.0,26687.0,0.9586335018563071,-4.5499139550658345,0.9208796954157051,-11.471189045587362,0.040179430995489165,0.00013024863930343744,6.921275090521528,42365.0,0.370069632951729,10
California,Madera,12.826148296877205,86.94213944930222,16.0,95.0,7.636577093227961,56.6279836410028,36.0,270.0,1.2381672207464884,1.1485165572429494,1.0921507708004974,1.0707897326142741,0.12548330215094733,0.05391164532303384,0.0777268246286753,306.0,0.11764705882352941,10
California,Marin,6.649713657072158,43.80563151702743,8.0,38.0,4.250952913973424,28.497559035466438,20.0,136.0,1.1888588001831657,0.654911667908068,0.8689640274104609,-1.0875409950105688,0.3134474055127593,0.11098547982576273,1.7424526629186368,156.0,0.1282051282051282,10
California,Merced,19.974125042239645,152.91905034874225,17.0,136.0,12.564113790358645,94.63952198364852,59.0,443.0,0.8547373801760122,-0.8390605323086178,0.8897200164498283,-1.7391607030012481,-0.040112560908998396,0.035538866937229074,0.9001001706926304,502.0,0.11752988047808766,10
California,Monterey,32.93080694358255,389.890271993575,29.0,418.0,19.490146363447355,212.88790816972048,89.0,929.0,0.8824196212129687,-0.8903774744120221,1.0720041712691233,1.9265538204412873,-0.1946175288515937,0.019373022521013555,-2.816931294853309,1018.0,0.08742632612966601,10
California,Orange,68.04866446368882,1355.8415487468083,40.0,1175.0,38.065585905615876,752.3498087304683,166.0,3245.0,0.5908211387758461,-4.546172679735749,0.8666696092043359,-6.593079465602107,-0.3831445006358397,0.00862966922671702,2.0469067858663577,3411.0,0.04866608032834946,10
California,Riverside,210.68247056471935,1082.2682624078534,188.0,937.0,131.77973517596067,672.8507970699385,612.0,3107.0,0.8925930239187725,-1.9759049113990326,0.8658362389706485,-5.600300826350003,0.030434946517905678,0.0035433200282637316,3.624395914950971,3719.0,0.16456036568970153,10
California,Sacramento,352.92908879728446,671.2757560716066,295.0,482.0,221.2262517201854,432.03826290303584,1046.0,2049.0,0.836094168155721,-3.894739065755913,0.7182456283054206,-9.106130796856467,0.1519296368266884,0.00273485975572552,5.211391731100554,3095.0,0.3379644588045234,10
California,San Bernardino,520.1829584012658,1607.5952179752958,475.0,1244.0,300.4140943585733,937.5283367538324,1325.0,4161.0,0.9132236658176829,-2.606840809866923,0.7738969596383182,-11.874790631152669,0.16554209193705646,0.0014729871758310778,9.267949821285747,5486.0,0.24152387896463726,10
California,San Diego,408.3019063541685,1493.372836456047,420.0,1389.0,240.1776468503731,872.5383038010257,1083.0,3915.0,1.0286155555147944,0.7548293890052014,0.930132716849144,-3.5334197766228237,0.1006417739684125,0.001831931725292231,4.2882491656280255,4998.0,0.21668667466986793,10
California,San Francisco,615.5322551534592,563.5774214691074,719.0,597.0,311.13715717458115,308.8851505211906,1319.0,1317.0,1.1679583235796087,5.865824211390443,1.0592517573985596,1.9016975072813793,0.09769443228243496,0.00179370302887889,3.9641267041090638,2636.0,0.5003793626707133,10
California,San Joaquin,173.85203319861188,554.6320460134581,145.0,470.0,102.88188700773507,328.70957959787273,465.0,1478.0,0.8345185159627861,-2.8445067102043953,0.8475460989484899,-4.667976486778621,-0.015490300867067056,0.004472488907997886,1.823469776574226,1943.0,0.2393206381883685,10
California,San Mateo,95.26444825026097,236.86292885388985,129.0,207.0,54.75144044433831,135.85268978775733,241.0,590.0,1.3522763652496383,4.559214684743624,0.874188741274455,-2.562112992692464,0.43624834442409444,0.008454448991415193,7.1213276774360885,831.0,0.29001203369434414,10
California,Santa Barbara,7.120311444556401,127.11282735309555,0.0,68.0,4.629145786418192,83.07838840307633,23.0,401.0,0.06561411612082824,-3.3093946545066366,0.5367798944730329,-6.4854139354637335,-2.101797272976791,0.09644847902546645,3.176019280957097,424.0,0.054245283018867926,10
California,Santa Clara,62.576944353828594,585.4313034165258,36.0,372.0,37.81757161384537,345.83473807197635,178.0,1543.0,0.5786583413941888,-4.32173594328192,0.6357400566038676,-11.47687916704256,-0.0940775443042218,0.010666564202759096,7.15514322376064,1721.0,0.10342823939570017,10
California,Santa Cruz,3.4960949895170534,107.79932059502029,4.0,85.0,2.1670768527691324,71.46682969849577,10.0,346.0,1.1260993574489193,0.34230364209797665,0.7894786368948964,-2.696929830413641,0.3551422698057884,0.1834496072547927,3.0392334725116177,356.0,0.028089887640449437,10
California,Solano,139.8891422635506,176.25616913203046,112.0,129.0,76.99164699031378,101.19877464351354,336.0,449.0,0.8013440226652664,-3.1784351333419467,0.7326476956132048,-4.6975443093553775,0.08962539352791579,0.007191889907459091,1.5191091760134308,785.0,0.4280254777070064,10
California,Sonoma,6.256835300496176,141.90520125209767,5.0,99.0,4.1155298394148945,94.27945954463507,20.0,457.0,0.8139905377886179,-0.6195344954192771,0.6987104342056771,-4.41877004539053,0.15271234240756923,0.10980937510820576,3.799235549971253,477.0,0.041928721174004195,10
California,Stanislaus,25.736362033785884,305.19804953606234,18.0,185.0,16.66205273254035,189.12245769245808,79.0,873.0,0.7051282481990688,-1.8952763033808555,0.6068079278932955,-8.740290528612592,0.15016738613376607,0.027185962217718008,6.845014225231736,952.0,0.08298319327731092,10
California,Tulare,14.540900659139606,367.33150960438877,8.0,320.0,9.66094450006424,233.5355634844311,49.0,1102.0,0.5651257323367117,-2.1043974151421505,0.8713228519892303,-3.0972327541420537,-0.4329643348587311,0.047422423011261254,0.9928353389999032,1151.0,0.04257167680278019,10
California,Ventura,23.10537729005827,378.0982898273354,22.0,321.0,13.387285486280978,214.35858513071997,59.0,947.0,0.9531726489064076,-0.3021094257102678,0.8491850297227285,-3.899892714458803,0.11551894985034562,0.02657591785526419,3.5977832887485355,1006.0,0.05864811133200795,10
California,Yolo,8.635893932656796,66.55825781605336,3.0,58.0,5.339213220096818,43.45011692971462,25.0,210.0,0.38310427264145896,-2.439069518548183,0.8723757804813629,-1.2983443448080338,-0.8229130675453287,0.08139984746212811,-1.1407251737401491,235.0,0.10638297872340426,10
California,Yuba,2.8489072438859004,36.63221860943362,0.0,16.0,1.9959382125266545,25.47128191944191,11.0,129.0,0.149302433178121,-2.0165303512651835,0.4443580431740778,-4.088090763301582,-1.0906566393551862,0.2648993184710425,2.0715604120363986,140.0,0.07857142857142857,10
Colorado,Adams,4.800677739526578,100.9628458158051,6.0,70.0,3.5805361303426944,72.26350305840629,21.0,428.0,1.2262582860924003,0.6338140533340816,0.6948356261166297,-3.6423473933347545,0.56804745971126,0.16245051556888757,4.276161446668836,449.0,0.0467706013363029,10
Colorado,Arapahoe,63.416143460842925,127.56467530450927,48.0,102.0,44.47171882320604,89.72891444718508,242.0,511.0,0.7588067329142387,-2.3117123095979304,0.8003768389392145,-2.6988209597064743,-0.05333555430400019,0.016572256295473563,0.3871086501085439,753.0,0.32138114209827356,10
Colorado,Denver,202.02381534998418,473.84340418644166,199.0,439.0,137.241699138189,318.2043598782575,693.0,1595.0,0.9850693344644003,-0.258114394083642,0.9265439260271734,-1.953293549572798,0.061250573697728565,0.004779861747893537,1.6951791554891562,2288.0,0.30288461538461536,10
Colorado,El Paso,41.77289206866535,150.9717592634255,28.0,93.0,30.34995773274876,107.4572452373643,178.0,626.0,0.6741909201222014,-2.500035058158365,0.6172767811945299,-5.592405171392936,0.08819581987128533,0.022107373662953796,3.092370113234571,804.0,0.22139303482587064,10
Colorado,Jefferson,4.679599609489975,80.42551645807868,3.0,46.0,3.2525009281526316,56.7484677016699,19.0,339.0,0.6757279063785855,-0.9313159704375699,0.5746024496993861,-4.5698652529623605,0.16211207981017509,0.15729853232764077,3.6385492825247905,358.0,0.05307262569832402,10
Colorado,Pueblo,3.5528182581338346,68.19768501996491,3.0,55.0,2.5398618816450353,48.84696441490831,13.0,275.0,0.8635965831864403,-0.3468784565384859,0.8078874853478775,-1.8883346803149748,0.06668294413808,0.21171937953687908,1.5414562237764888,288.0,0.04513888888888889,10
Connecticut,Fairfield,305.277483519857,306.20585022128415,384.0,300.0,171.19051310772002,176.37432508738902,743.0,779.0,1.2574503379841924,6.016710585863491,0.9797661172201094,-0.46728690116420785,0.2495275212534135,0.003718004497382684,6.483997487027699,1522.0,0.48817345597897505,10
Connecticut,Hartford,221.77356381100316,240.26745596190273,264.0,204.0,139.20446487320447,152.43993778231487,652.0,744.0,1.1899750715514759,3.5789682607963873,0.8493672833938096,-2.9374312508846145,0.33719593778634793,0.005470945413114953,6.516399511681001,1396.0,0.4670487106017192,10
Connecticut,Middlesex,3.0513426754315307,14.474457579255168,3.0,8.0,2.0976856202842105,9.499967861120615,11.0,49.0,0.9855427425275732,-0.03544935153437963,0.5676332484841025,-2.1005949723165647,0.5517169761798302,0.2706423310238103,2.065145620782185,60.0,0.18333333333333332,10
Connecticut,New Haven,215.01422016922638,236.16859697872113,221.0,159.0,141.28071540085867,159.09364060915107,689.0,827.0,1.0277744077679583,0.5035925490902954,0.6739381651649401,-6.1180665146587705,0.42201261061147327,0.005908353480722347,6.621659063749066,1516.0,0.4544854881266491,10
Connecticut,New London,20.024969225465135,29.1635092501757,12.0,25.0,13.02370787242166,20.056241262973746,63.0,110.0,0.6090143114315304,-2.2236992649331486,0.8596420533032166,-0.9296827252349991,-0.3446743181945461,0.05605954526292174,-1.2940165396981496,173.0,0.36416184971098264,10
Delaware,Kent,10.937743225800512,16.735785298753186,6.0,18.0,8.950857985960916,12.971157044782395,70.0,96.0,0.5682939257927845,-1.6504264249937937,1.0733482507082672,0.35101968939423633,-0.6358994880847311,0.12112979072826621,-2.00144611438803,166.0,0.42168674698795183,10
Delaware,New Castle,103.81111817879213,69.9967680225612,128.0,61.0,77.6260394909287,51.02436533303696,486.0,327.0,1.2318916932684727,2.745440767312818,0.8723804186359019,-1.259498680414582,0.3450806402421289,0.017617201514580173,4.0049394477274,813.0,0.5977859778597786,10
Delaware,Sussex,12.555041449194734,16.457666257051503,7.0,10.0,10.21906696260603,13.325697179831007,81.0,102.0,0.5744907076080266,-1.7377275292732335,0.6191889757019948,-1.7690113780545695,-0.07492659560686928,0.1140285175576567,0.031283848781336054,183.0,0.4426229508196721,10
District of Columbia,District of Columbia,3578.224262090654,271.020011069695,4306.0,314.0,1552.2714368453517,119.10877835704966,6527.0,503.0,1.203361780514542,18.471992356317372,1.1582940010976677,3.9381695886436625,0.03817088982881982,0.001742826249587534,14.53382276767371,7030.0,0.9284495021337127,10
Florida,Alachua,38.507663463502716,36.630485478324005,26.0,44.0,29.22599141558684,26.573878530484112,183.0,155.0,0.6793536871234178,-2.3136175033469293,1.1984761154275283,1.429589685982407,-0.5676642388706574,0.03951422925754025,-3.743207189329336,338.0,0.5414201183431953,10
Florida,Baker,1.4943216327903153,5.60368822906963,1.0,3.0,1.2635299246145384,4.136349942711125,10.0,25.0,0.752135450640078,-0.4397611409865941,0.5734237838903342,-1.2802074283218032,0.2712913969665041,0.6975701912251897,0.8404462873352092,35.0,0.2857142857142857,10
Florida,Bay,17.916341126090646,49.71000636433554,11.0,16.0,13.77078243142802,35.740064299293955,85.0,204.0,0.6244454270945174,-1.863790513531486,0.3286197551992355,-5.638728312816405,0.6419626161014629,0.05736357454602986,3.774937799284919,289.0,0.29411764705882354,10
Florida,Bradford,2.9461081689008557,4.261756813880443,1.0,2.0,2.2947706152072413,3.3288259052053712,17.0,22.0,0.43527362650326457,-1.2846870182460988,0.5250163117764731,-1.239653657551522,-0.18745447238062396,0.44766754184343516,-0.04503336069457675,39.0,0.4358974358974359,10
Florida,Brevard,54.165037627205805,114.12973548914412,47.0,75.0,39.361945435183706,79.74106885076667,220.0,440.0,0.8689283326562663,-1.142037061615437,0.6586423642855753,-4.381934543042356,0.27707995818154135,0.019538350580911416,3.2398974814269192,660.0,0.3333333333333333,10
Florida,Broward,421.69311050631137,502.6519532285405,451.0,479.0,285.93366211222065,330.16008318271247,1465.0,1659.0,1.0694158402029408,1.733153719278643,0.9529924248991292,-1.3016814890288997,0.11526087970549391,0.002914690917967218,3.034835208307543,3124.0,0.46895006402048656,10
Florida,Calhoun,1.5309891006979375,1.7372155658585275,1.0,0.0,1.3197867142177782,1.3723928490916661,12.0,10.0,0.738556400664353,-0.46220403294186196,0.22349209778009294,-1.4829089585468864,1.1953214142372492,1.0178145599850068,1.0207049256050245,22.0,0.5454545454545454,10
Florida,Charlotte,3.206130019083438,14.608077125241474,3.0,13.0,2.46827236502331,10.884580216961314,16.0,70.0,0.9443813309241601,-0.13120328325600392,0.8935617609103401,-0.4874174036701333,0.05531458216687336,0.2911278804882778,0.35621412041412936,86.0,0.18604651162790697,10
Florida,Citrus,1.5780921916966564,20.536056355238323,0.0,11.0,1.3143338077962372,15.876065915619074,10.0,107.0,0.24060530230459864,-1.3765105091161707,0.5466804141326761,-2.3933012203794983,-0.8207065384986361,0.565410557058,1.0167907112633277,117.0,0.08547008547008547,10
Florida,Clay,4.795999250957984,21.90598180827246,4.0,19.0,3.724075711932032,17.022384250870633,25.0,117.0,0.8496980053737739,-0.4124804867584795,0.8703033041292771,-0.7043405568830283,-0.023960777769713153,0.1973777673344852,0.29186007012454884,142.0,0.176056338028169,10
Florida,Collier,10.202006322012886,64.9930259598613,9.0,88.0,7.935476086550604,47.50116832611057,56.0,312.0,0.8876840205615943,-0.42669765709217455,1.3512889151623408,3.3381615975786496,-0.4201983209510245,0.08748861501119501,-3.7648592546708244,368.0,0.15217391304347827,10
Florida,Columbia,10.960158053182356,15.244014100289665,7.0,13.0,8.365034360774027,11.169288937870474,54.0,64.0,0.6544412359057592,-1.3692370896093513,0.8574687442481154,-0.6714486710146828,-0.2702029319126534,0.11770081176204658,-0.6977884185946686,118.0,0.4576271186440678,10
Florida,De Soto,6.225031688552295,12.240476727302967,5.0,7.0,4.4753551529854345,8.66648065403041,28.0,52.0,0.8178400124660218,-0.5790733390997931,0.5886749892119363,-1.7801205373512428,0.32879250333639815,0.1733323713174795,1.2010471982514497,80.0,0.35,10
Florida,Duval,666.3818738196661,385.6960888509564,813.0,374.0,432.80043988675453,246.4680598105247,2049.0,1183.0,1.2198562173246013,7.047641724148768,0.9697146367127756,-0.7450069696090176,0.22948643687046363,0.002631433863492641,7.792648693757785,3232.0,0.6339727722772277,10
Florida,Escambia,70.08789319907152,76.10363758614292,64.0,59.0,52.80678126081971,55.58449137200853,334.0,337.0,0.9137544283705638,-0.8377649306752425,0.7767255168932493,-2.294096422103528,0.16247482957727133,0.020347043252963663,1.4563314914282852,671.0,0.4977645305514158,10
Florida,Gadsden,24.896267208200094,8.250820862168984,24.0,7.0,17.896431391473904,6.072191269685414,112.0,36.0,0.9647087030210998,-0.21186259489862155,0.8570624536977489,-0.5076009130349305,0.11831540287942079,0.11807058318623564,0.2957383181363089,148.0,0.7567567567567568,10
Florida,Hamilton,2.46761195158883,2.631075087200929,1.0,0.0,1.8892117675790563,1.86740626254821,12.0,11.0,0.5054569210765292,-1.067753291248355,0.15968955904119897,-1.9253683878170929,1.1522311399004077,0.5800175562550396,0.8576150965687379,23.0,0.5217391304347826,10
Florida,Hardee,3.0196194893840835,9.326043874700865,4.0,8.0,1.9567062764405505,6.970935714643478,11.0,44.0,1.2785473013696371,0.7008609292123429,0.8650480405328708,-0.5022412218495201,0.3906947480204023,0.29474443264310835,1.203102151061863,55.0,0.2,10
Florida,Hendry,7.1278600764301,19.119062569449696,6.0,17.0,5.360222850813687,13.717652910087956,34.0,82.0,0.8521393857347803,-0.4871512272994717,0.8919896115347812,-0.572142059988045,-0.0457043745219001,0.1430301681073864,0.08499083268857333,116.0,0.29310344827586204,10
Florida,Hernando,6.45861381513651,32.29305396987533,4.0,14.0,4.745175084573632,23.64519320221149,29.0,143.0,0.6466805199350931,-1.1286627628788597,0.44216680804783015,-3.7619652728361967,0.3801651810838936,0.13642963181376933,2.6333025099573373,172.0,0.1686046511627907,10
Florida,Highlands,14.210015005719537,22.151213632070906,17.0,15.0,10.645378761145274,15.87363710500396,63.0,95.0,1.1896656796879992,0.8551086671861228,0.6842900451944967,-1.7949052523358608,0.553045734771607,0.08507012226910989,2.6500139195219834,158.0,0.3987341772151899,10
Florida,Hillsborough,259.3897101957621,409.34074715996223,259.0,381.0,184.32153007735613,280.63172735741153,1042.0,1535.0,0.9985004785473478,-0.02870474774590496,0.9308493668422365,-1.6917761993971834,0.0701571650974451,0.004414310312940348,1.6630714516512783,2577.0,0.40434613892122623,10
Florida,Indian River,15.610887501927175,18.747757457364237,12.0,17.0,11.680210197554096,13.479617089119584,69.0,81.0,0.7758728374526083,-1.056546532098081,0.909196826631066,-0.4760388376503411,-0.1585729641922227,0.0862798754006214,-0.5805076944477399,150.0,0.46,10
Florida,Jackson,7.213186412482328,9.961649993195131,7.0,8.0,5.524852954168412,7.472674649880362,37.0,47.0,0.9723607856621582,-0.09069830262059751,0.8124913379370269,-0.7176017415985397,0.17962166110897032,0.18148900702856413,0.6269034389779422,84.0,0.44047619047619047,10
Florida,Jefferson,5.202926905799674,2.993116735347914,5.0,3.0,3.7541851146688976,1.8900391798073537,24.0,10.0,0.9644170600199514,-0.10473257747187807,1.0019705223654372,0.00500678640583311,-0.03820002648856998,0.3496534011503182,-0.10973936387771119,34.0,0.7058823529411765,10
Florida,Lake,18.170648332122138,38.01590316077032,16.0,23.0,13.583639892436258,27.313872959680214,83.0,160.0,0.8837400665734987,-0.5889540180094522,0.6101375814013237,-2.8731600309220067,0.37047850204389443,0.060040646518767046,2.2842060129125543,243.0,0.34156378600823045,10
Florida,Lee,79.08367165526067,156.29954334720867,118.0,135.0,57.69345695369815,114.22604720146533,330.0,660.0,1.4889989056211992,5.123521674437853,0.8641606799833333,-1.9929101466468393,0.5441005739917487,0.013900447357569068,7.116431821084692,990.0,0.3333333333333333,10
Florida,Leon,71.69077370119726,33.272670678680996,62.0,24.0,49.072341003278375,23.15138564125491,256.0,121.0,0.8657616035352653,-1.3833754485503422,0.7254386315224288,-1.9271536476236617,0.17683310515639347,0.03046024585441385,0.5437781990733195,377.0,0.6790450928381963,10
Florida,Madison,6.062661761979841,4.137392551615774,3.0,2.0,4.654336924797004,2.9745742487322198,33.0,18.0,0.5333201872869509,-1.4196135209861696,0.5390960485173814,-1.2392869733937677,-0.010771782235052547,0.30039702792559375,-0.18032654759240185,51.0,0.6470588235294118,10
Florida,Manatee,40.28888051854501,78.65953348960484,44.0,78.0,29.89409513648727,56.941616315663566,183.0,326.0,1.090983607156556,0.6787537324225881,0.9916682999440434,-0.08740211813239833,0.09544628388649537,0.027619785535428362,0.7661558505549864,509.0,0.35952848722986247,10
Florida,Marion,37.29958512959954,82.64864906500829,44.0,78.0,27.377881594326936,56.95852498358574,173.0,325.0,1.1772615981743566,1.2805654296123126,0.944092307965535,-0.6159527445262961,0.22072239576967334,0.028016979299642766,1.8965181741386088,498.0,0.3473895582329317,10
Florida,Martin,10.58446577662658,24.44001336837983,10.0,28.0,7.6844085308161585,17.640006688864588,48.0,108.0,0.9472716332564243,-0.21084041550583368,1.142741969662843,0.8476157039689144,-0.1876000023866738,0.0981240612972604,-1.0584561194747482,156.0,0.3076923076923077,10
Florida,Miami-Dade,1708.9936780429243,1739.3160415742707,1831.0,1718.0,1046.383827079356,1000.2985994517852,4837.0,4628.0,1.0713698585283755,3.771697254585808,0.98774810608426,-0.6739718044401357,0.0812656383750113,0.0006889228650763954,4.445669059025944,9465.0,0.511040676175383,10
Florida,Monroe,4.621442947701471,34.80377417295214,6.0,40.0,3.4180590568934166,24.23377101139457,22.0,138.0,1.2691735642427164,0.7456498987833485,1.1471861280777433,1.0555468577646165,0.10105385302497179,0.18004483329745086,-0.309896958981268,160.0,0.1375,10
Florida,Nassau,5.771642189291791,17.878699162444214,9.0,18.0,4.00615208610713,12.568543132151706,23.0,75.0,1.5147547824428362,1.6129390144528506,1.0066000774311414,0.03421537700351703,0.40867517380335394,0.15958202216478737,1.5787236374493336,98.0,0.23469387755102042,10
Florida,Okaloosa,7.2631605669058,22.784235219153306,4.0,22.0,5.7411713019412165,17.367935175326256,43.0,114.0,0.5796608174231783,-1.3618779600510027,0.9663190475541922,-0.18817947274470567,-0.511050921720857,0.14228655219806585,-1.173698487306297,157.0,0.27388535031847133,10
Florida,Okeechobee,3.4482008979846044,13.703566545816203,2.0,9.0,2.7743420047849514,10.521155039426269,20.0,71.0,0.6331997951968827,-0.8694584122748616,0.6688460936452835,-1.4500920867593228,-0.05476797475442205,0.2893591560878092,0.5806336744844611,91.0,0.21978021978021978,10
Florida,Orange,255.8489732962642,262.6523010251387,236.0,238.0,188.04728638243418,186.98782936279233,1089.0,1062.0,0.922570498172721,-1.447453137893023,0.9063192648169789,-1.8028134608654838,0.017772160387077157,0.005583271854539012,0.3553603229724607,2151.0,0.5062761506276151,10
Florida,Osceola,12.607303929907646,42.50432904997446,13.0,31.0,8.976021777113736,31.175587156996666,56.0,194.0,1.0299600949357952,0.13107341245645596,0.732484396242864,-2.0604115426925196,0.34083329908557247,0.07372914203691462,2.1914849551489755,250.0,0.224,10
Florida,Palm Beach,327.677046465893,393.5097695765689,505.0,393.0,232.2690950396377,261.798697126829,1265.0,1364.0,1.5403271052734517,11.635076483415466,0.9987062006682811,-0.03150577538366036,0.4332894369049741,0.003853874155601394,11.666582258799126,2629.0,0.4811715481171548,10
Florida,Pasco,10.925628844040704,92.87238176331775,11.0,61.0,8.65090953684042,68.41454928461053,60.0,422.0,1.006509152097837,0.02528562230502065,0.6586530067947873,-3.853366199886026,0.42404648727911265,0.08040363753199699,3.8786518221910464,482.0,0.12448132780082988,10
Florida,Pinellas,138.7543050396383,279.03805327230083,111.0,227.0,100.51187696866076,189.00387471057317,550.0,987.0,0.8006933786949127,-2.768354263872222,0.8138426855909666,-3.7851725990943277,-0.016289010731720455,0.007648062391025084,1.0168183352221059,1537.0,0.357839947950553,10
Florida,Polk,78.79833089211205,163.3561856400126,70.0,163.0,57.58144822655372,113.57437519453244,352.0,652.0,0.8890477164761202,-1.1594686199698783,0.9978262301260014,-0.03342229193179083,-0.11542823464109295,0.01352967817575632,-1.1260463280380875,1004.0,0.350597609561753,10
Florida,Putnam,17.439646712191514,21.6882059504609,16.0,25.0,12.494095705912738,15.523609914729223,77.0,93.0,0.9197505538828057,-0.4072897827890733,1.1492592081096267,0.840556596938802,-0.22277035073661228,0.07408230346940228,-1.2478463797278754,170.0,0.45294117647058824,10
Florida,Sarasota,26.572700703412856,70.73413487044368,34.0,53.0,19.541822289028403,50.01199942294033,114.0,283.0,1.274346448769732,1.68015131108742,0.751044426907164,-2.5076845154539162,0.5287239299589144,0.03767115179484446,4.1878358265413365,397.0,0.2871536523929471,10
Florida,Seminole,34.18299636239407,66.76162461936813,29.0,58.0,24.81723173940044,46.3944003923954,146.0,262.0,0.8505608826804287,-1.0404093248715929,0.869738135691043,-1.2863284032411946,-0.022296179034288034,0.03164801802123478,0.2459190783696017,408.0,0.35784313725490197,10
Florida,St. Johns,9.750868064696894,33.27715337745087,5.0,28.0,6.896252960151945,23.213317311607934,43.0,137.0,0.536539926695723,-1.8091158484087122,0.8437655974593222,-1.095295019582802,-0.45273374791023835,0.09349408064065172,-0.7138208288259102,180.0,0.2388888888888889,10
Florida,St. Lucie,78.2091254309414,62.31164293341185,83.0,50.0,53.38866816000517,41.65472412472411,274.0,212.0,1.0608680955712317,0.6556774642296619,0.8039910698329652,-1.907584918368714,0.27725464808463196,0.019456566931300455,2.563262382598376,486.0,0.5637860082304527,10
Florida,Sumter,4.648232114020478,9.251225037748444,7.0,5.0,3.389191613878584,7.118049893549983,21.0,47.0,1.456810771910384,1.2774573049391955,0.5640316963980095,-1.593432170014641,0.9488944734072087,0.24003219990325442,2.8708894749538363,68.0,0.3088235294117647,10
Florida,Suwannee,2.552421288306096,8.068409017005484,2.0,4.0,1.9816262978057735,6.144826828714203,13.0,40.0,0.8190219382814435,-0.39242758507945236,0.5251850128850029,-1.6412312744212492,0.444360264156107,0.3985621704630515,1.2488036893417969,53.0,0.24528301886792453,10
Florida,Taylor,5.98372625353273,6.38795157734273,3.0,4.0,4.740468221872555,4.799878109965353,30.0,30.0,0.5398130431698881,-1.3704031739955826,0.6533146973335769,-1.0899596267901408,-0.1908360754006562,0.25002388513253504,-0.28044354720544185,60.0,0.5,10
Florida,Volusia,53.70641706625248,128.05812473203855,56.0,106.0,38.73869616361025,90.7854937714746,220.0,509.0,1.0423120187217731,0.3685037813560881,0.8284190534202671,-2.3150499090462606,0.22967749011805116,0.0189665919620224,2.6835536904023485,729.0,0.3017832647462277,10
Florida,Walton,1.9187381314425949,10.53903347122575,1.0,2.0,1.5301899245461055,8.024432207384274,11.0,55.0,0.6201580818115945,-0.7427096602988227,0.2264691022557798,-3.0144047101683484,1.0073658944674018,0.48788255884645443,2.2716950498695256,66.0,0.16666666666666666,10
Georgia,Bacon,2.9458224213217887,3.3011694891774823,2.0,3.0,2.2187143106803235,2.1512742618545606,13.0,11.0,0.7255162031945398,-0.634978342323556,0.9207692553476086,-0.20533504687273343,-0.2383260618777389,0.4530808995067287,-0.4296432954508226,24.0,0.5416666666666666,10
Georgia,Baldwin,12.990534317737431,4.28825296421038,10.0,5.0,9.787321074644455,3.1917319897871796,60.0,21.0,0.7783235083724253,-0.9559097089944373,1.1486444097898643,0.39839369707432687,-0.3891954936817827,0.2315639582903847,-1.3543034060687642,81.0,0.7407407407407407,10
Georgia,Barrow,2.6799540892378415,6.470973874601637,1.0,1.0,2.1985066972143223,5.325592080025261,18.0,41.0,0.47170492337501446,-1.133009409843773,0.2151779689585652,-2.3707223381597053,0.7848881794299037,0.43328974104574347,1.2377129283159323,59.0,0.3050847457627119,10
Georgia,Bartow,3.1835359974063353,9.642676605436774,2.0,5.0,2.471635489258475,7.313121843426563,17.0,50.0,0.6786956885341446,-0.7528167272656933,0.5422631731205783,-1.716789421054909,0.22442140829706575,0.32252526596005976,0.9639726937892158,67.0,0.2537313432835821,10
Georgia,Ben Hill,5.998188814250858,3.4687977400257695,6.0,3.0,4.575206460099641,2.6218795541421964,28.0,16.0,1.0002787216255045,0.0008467547547639819,0.8818791556702696,-0.2895203805470801,0.12597892686386838,0.34506460189277666,0.2903671353018441,44.0,0.6363636363636364,10
Georgia,Berrien,2.342863034331919,2.833459358718802,2.0,1.0,1.8541261399722375,2.115380599894325,13.0,14.0,0.8793951624853806,-0.2517972750968509,0.4499829872161745,-1.2605992054964108,0.6700245799418294,0.6012731576833488,1.00880193039956,27.0,0.48148148148148145,10
Georgia,Bibb,144.05003002952793,36.71356433530802,98.0,33.0,104.74998052445744,26.481234434310903,590.0,146.0,0.6814249708552736,-4.499382784499549,0.900209388656044,-0.7216420626578302,-0.278441239373894,0.024694588796848715,-3.7777407218417185,736.0,0.8016304347826086,10
Georgia,Bulloch,7.7276556086982255,3.809604441931284,5.0,1.0,6.102933163992128,2.980994198409283,42.0,20.0,0.6684771776525789,-1.104130047739869,0.34805978604565335,-1.6272887252978319,0.6526279923216158,0.3075986008546212,0.5231586775579629,62.0,0.6774193548387096,10
Georgia,Butts,2.1980903416300857,3.063549889717243,4.0,3.0,1.7620323570566498,2.274884691892776,13.0,17.0,1.6678463024634185,1.3574569753019043,0.9821666900467372,-0.0421342344107061,0.5295273944525509,0.6070762009385489,1.3995912097126104,30.0,0.43333333333333335,10
Georgia,Camden,5.561285379457732,4.526097640585406,5.0,5.0,4.176170523126878,3.57582610212209,28.0,24.0,0.9073982918936665,-0.27465949543602053,1.0942883312866554,0.2506113152798133,-0.1872780203818574,0.30958274814226827,-0.5252708107158338,52.0,0.5384615384615384,10
Georgia,Carroll,7.298323194980899,15.405282989044338,2.0,8.0,6.146694698284792,11.996177419618455,53.0,89.0,0.32058173757264025,-2.1370644761927653,0.5344136288461422,-2.138061628717016,-0.5110328497039609,0.1659451967685339,0.0009971525242509216,142.0,0.3732394366197183,10
Georgia,Chatham,261.7575097014731,89.04065106492038,267.0,88.0,174.45623365793153,57.595401263249094,866.0,282.0,1.0199898576955695,0.39691214625518073,0.9883778925823773,-0.13712329129098313,0.03148285580220515,0.00981076542979599,0.5340354375461639,1148.0,0.7543554006968641,10
Georgia,Clarke,40.637302710232284,21.17475182785824,29.0,21.0,26.63937099614019,14.135231625451468,135.0,71.0,0.7171107013941952,-2.254708220756212,0.9919375396200092,-0.04648044339929962,-0.32442991727799436,0.04765729142232218,-2.208227777356912,206.0,0.6553398058252428,10
Georgia,Clayton,87.01470230244597,52.95163337446169,108.0,71.0,62.75027783585639,37.5952077498696,350.0,213.0,1.2397916823738941,2.64915462603193,1.3376579065245464,2.943551644549509,-0.07597688635419346,0.02169593191140412,-0.29439701851757905,563.0,0.6216696269982238,10
Georgia,Cobb,65.60283028592106,87.80997698085616,71.0,79.0,46.36565291083881,60.76528785026539,254.0,322.0,1.0816480881489345,0.7926252164202767,0.9002380333224864,-1.1301783768581972,0.18358195467256244,0.018654116475607545,1.922803593278474,576.0,0.4409722222222222,10
Georgia,Coffee,9.562513440324466,7.994833043500849,12.0,13.0,7.595052144286696,6.201710010509909,60.0,44.0,1.2422343656116337,0.8844572570944408,1.5892013334303796,2.009846275042434,-0.24631991813553428,0.18008600144729375,-1.1253890179479935,104.0,0.5769230769230769,10
Georgia,Colquitt,18.682701213376664,10.21421080169848,10.0,11.0,14.203249667135427,7.529356216433628,89.0,44.0,0.5473681669335516,-2.3038860539176675,1.0733408379623213,0.28636974477312344,-0.6734097000293583,0.11286052743463021,-2.590255798690791,133.0,0.6691729323308271,10
Georgia,Columbia,2.809362419017654,6.508505040039317,0.0,5.0,2.2864627066299428,5.307513448634536,20.0,44.0,0.15108650449605915,-1.8579144284215336,0.7847607968573488,-0.6547887571462175,-1.647526403726838,0.4149935805029862,-1.2031256712753162,64.0,0.3125,10
Georgia,Cook,3.191669985074297,3.9856902707277744,3.0,3.0,2.601615586659718,2.9420552269282747,22.0,18.0,0.948080411886969,-0.11883176456025901,0.7802589543107593,-0.5746654131457158,0.19481346403100716,0.44059309891653486,0.45583364858545683,40.0,0.55,10
Georgia,Coweta,9.066180346658642,10.434887595996239,5.0,10.0,7.2607294848066,7.89127136996569,51.0,52.0,0.5749421190790206,-1.5090252568757907,0.9602293492111001,-0.15481161154324422,-0.5129027880974786,0.16080693988007577,-1.3542136453325464,103.0,0.49514563106796117,10
Georgia,Crisp,12.40061866785053,6.0350791340857235,13.0,9.0,9.24307402799511,3.9467769877680836,60.0,21.0,1.0464614409263318,0.1971491899471094,1.4536931848996006,1.4924225856066755,-0.3286929258540282,0.16846955627024007,-1.2952733956595661,81.0,0.7407407407407407,10
Georgia,De Kalb,429.34096848566617,126.13202592047804,402.0,131.0,302.387665300831,88.78806244523288,1609.0,472.0,0.9363928278358653,-1.5722871258631401,1.0384418873830459,0.516619705693075,-0.10344160723306003,0.007221331241434582,-2.088906831556215,2081.0,0.7731859682844786,10
Georgia,Decatur,7.616076612182863,3.303581643156415,4.0,4.0,5.97199856536356,2.7335009184392978,48.0,22.0,0.5544550914225169,-1.479713975909031,1.1830954143173484,0.4212215656717393,-0.7579037010716162,0.3534234912778004,-1.9009355415807703,70.0,0.6857142857142857,10
Georgia,Dodge,1.794213746293724,1.9324188974263115,1.0,2.0,1.581275343521411,1.6558764537777166,17.0,15.0,0.6538187657637536,-0.6315876801774518,1.0277834967674337,0.052518378355565484,-0.452329621093015,0.9346311976710088,-0.6841060585330173,32.0,0.53125,10
Georgia,Dougherty,94.91431133686427,25.326154505332124,52.0,19.0,65.73619220327322,16.919998638740044,350.0,84.0,0.5502319229098298,-5.292975402307281,0.7550485302011953,-1.5379408504234897,-0.3164421582322365,0.033676158254610476,-3.7550345518837913,434.0,0.8064516129032258,10
Georgia,Douglas,6.80822590650104,16.75584387223726,7.0,19.0,5.467625472492818,12.92459522574188,43.0,88.0,1.0262408546140271,0.08201448449835505,1.1300519490312113,0.6242299365159704,-0.09636113397688459,0.16399353138071499,-0.5422154520176153,131.0,0.3282442748091603,10
Georgia,Elbert,5.317721786557877,3.086344620446386,1.0,0.0,4.346135980412073,2.4885661084223463,34.0,18.0,0.25783288631399,-2.071109209865698,0.13941772275575845,-1.9564548346850212,0.6148370213640186,0.41494472654620695,-0.11465437518067678,52.0,0.6538461538461539,10
Georgia,Emanuel,5.930397451521134,3.0737265647487657,2.0,1.0,4.769080931630768,2.0367932186830653,36.0,15.0,0.38877845714009723,-1.7997787644436578,0.4197299297590359,-1.4530415088170332,-0.07660181760443217,0.35118628813209374,-0.3467372556266246,51.0,0.7058823529411765,10
Georgia,Fayette,1.766651604015343,3.918426048933149,2.0,4.0,1.4640099371519397,3.172236506430911,13.0,26.0,1.1029485058803405,0.19285584580859527,1.0184622193884059,0.045800341757892965,0.07969319203874833,0.6756805824336178,0.1470555040507023,39.0,0.3333333333333333,10
Georgia,Floyd,18.917888027705402,29.513704048392704,7.0,15.0,14.0457052676289,20.653910539165977,84.0,115.0,0.386241798763028,-3.1800029675405277,0.5164307602623295,-3.1935749808846174,-0.29047762892363393,0.06295752973796884,0.01357201334408975,199.0,0.4221105527638191,10
Georgia,Franklin,1.6005675818851008,3.7600636314996456,0.0,1.0,1.3031443282391755,3.037576570165778,11.0,26.0,0.2380309037956721,-1.4020960225502552,0.3521074166378035,-1.5836364070462154,-0.3915357768258864,0.7235305281317878,0.18154038449596022,37.0,0.2972972972972973,10
Georgia,Fulton,1618.94136391743,295.5796847778567,2425.0,428.0,1077.0157397431597,194.6033605064171,5365.0,957.0,1.4977386980734602,24.56154095067021,1.4472455289240662,9.492474727640731,0.03429432140439816,0.002638337561487731,15.069066223029479,6322.0,0.8486238532110092,10
Georgia,Glynn,23.006524921343278,18.410597885467716,18.0,11.0,17.03349505194856,13.749628891579144,107.0,90.0,0.7870155227922486,-1.2130661886885137,0.6081246119054459,-1.9985165999281402,0.25786815747042646,0.07274650850683259,0.7854504112396266,197.0,0.5431472081218274,10
Georgia,Grady,5.189770822681608,2.1299645464177237,2.0,3.0,4.134673234186346,1.6786896719370004,30.0,11.0,0.4393850082738028,-1.568696345607954,1.33081641909103,0.6715088505250512,-1.1081718410901715,0.5235332854590401,-2.240205196133005,41.0,0.7317073170731707,10
Georgia,Gwinnett,62.70930711840134,92.10342030506209,67.0,114.0,43.54829786654133,66.20049535868789,235.0,370.0,1.0678807137303608,0.6501923230660352,1.2364554097764893,2.691198069544323,-0.14657270264816485,0.018877932403614284,-2.041005746478288,605.0,0.3884297520661157,10
Georgia,Hall,5.571914404902423,25.591240064779157,8.0,23.0,4.608393985252495,19.748204735183144,38.0,147.0,1.3998879814802982,1.131069240550222,0.9006854385477407,-0.5831010714512098,0.44099142733195773,0.17859050991863928,1.714170312001432,185.0,0.20540540540540542,10
Georgia,Harris,3.0537761141316464,2.3138231534998606,4.0,1.0,2.4450489280334917,1.831074614270988,18.0,13.0,1.2662587218439787,0.6051320143578265,0.5330825422110431,-0.9709209906222357,0.8651456678601439,0.60420365812846,1.576053004980062,31.0,0.5806451612903226,10
Georgia,Henry,11.40721002932171,13.921747852882836,11.0,8.0,8.513103510239755,9.954995479243394,54.0,61.0,0.9658013902233228,-0.139564353729448,0.5893876447368959,-1.8768491918043624,0.49387410524877057,0.11678616005383453,1.7372848380749144,115.0,0.46956521739130436,10
Georgia,Houston,16.92174756972771,19.12054181888768,14.0,13.0,13.587854855631875,14.900480008467055,101.0,101.0,0.8322930832263589,-0.79262404313426,0.6880543934319004,-1.5855857718834971,0.1903167472551763,0.08820943087507424,0.7929617287492371,202.0,0.5,10
Georgia,Jackson,4.905173802105762,6.892361167043745,5.0,2.0,3.477474681824698,5.601693825558663,24.0,45.0,1.0175435982941559,0.0508506313358521,0.3381869396675821,-2.0670873368687093,1.1015479463126425,0.26244793091082474,2.1179379682045614,69.0,0.34782608695652173,10
Georgia,Jones,2.036844716453836,3.152692063094527,1.0,2.0,1.6149009039442226,2.5350689644262716,12.0,19.0,0.5912856984391208,-0.8159072272957338,0.6844267068826008,-0.72396640494886,-0.14628224769342413,0.6443020571571609,-0.09194082234687384,31.0,0.3870967741935484,10
Georgia,Lamar,2.423818950076215,2.96318090026857,0.0,3.0,1.9266087001041778,2.0409131271644996,15.0,14.0,0.1710092206588122,-1.7462379329472768,1.0106315843127267,0.025772758588503704,-1.7766132683697649,0.5603776385787012,-1.7720106915357805,29.0,0.5172413793103449,10
Georgia,Laurens,12.17016565243716,5.4980770234162,8.0,2.0,9.46106833421933,4.023802019031235,63.0,23.0,0.670867314064279,-1.3557612512480586,0.4168002495199915,-1.743857790215149,0.47596428475208263,0.19698870775249927,0.3880965389670905,86.0,0.7325581395348837,10
Georgia,Liberty,13.613340285937026,5.841240857081811,10.0,4.0,10.551290775509939,4.312830845970187,77.0,31.0,0.7439769599024356,-1.1123874162712535,0.7096402898770927,-0.8866033967388368,0.04725185880342807,0.18333607998912163,-0.22578401953241667,108.0,0.7129629629629629,10
Georgia,Lowndes,34.89864323704065,16.39016809504936,35.0,20.0,26.440925118772313,11.871350580630189,172.0,69.0,1.002863295134806,0.019711261015081416,1.2137238590306694,1.0476999272655745,-0.19083399931919803,0.06590093452559277,-1.0279886662504931,241.0,0.7136929460580913,10
Georgia,McDuffie,3.7513245115409464,2.8909189307583785,0.0,1.0,3.013135859231784,2.271930596741339,22.0,15.0,0.11761040556717432,-2.161102062333624,0.4423579656811569,-1.2545136167252136,-1.3247419171466532,0.485962338958552,-0.9065884456084106,37.0,0.5945945945945946,10
Georgia,Meriwether,5.036431714747318,1.96798356118908,1.0,1.0,3.9415099476795845,1.5996182987872472,31.0,13.0,0.27093262904416765,-2.0331353727161754,0.6077836269206334,-0.7653494953195463,-0.8079487531914881,0.5684099650504851,-1.267785877396629,44.0,0.7045454545454546,10
Georgia,Mitchell,6.661747427782717,2.9339860348986635,4.0,1.0,5.1114760628951545,2.3556639134179256,38.0,17.0,0.6283382715429275,-1.177317711010642,0.4368101631037253,-1.2600757951500894,0.3635799790637544,0.3888292543263777,0.0827580841394473,55.0,0.6909090909090909,10
Georgia,Monroe,1.9135722583086536,2.956394257921421,2.0,6.0,1.583414255267734,2.3298733740919695,13.0,18.0,1.0358090549780812,0.06868404910091659,1.8805725027181703,1.9939866009184142,-0.5963934362232322,0.6989868069503782,-1.9253025518174975,31.0,0.41935483870967744,10
Georgia,Muscogee,125.52208738611331,48.00090117118463,77.0,44.0,88.23540890461902,33.72069054126981,477.0,183.0,0.6149715625845118,-5.165567301816611,0.9175087251046451,-0.6889847255252362,-0.40008606249689904,0.020235354719107555,-4.476582576291375,660.0,0.7227272727272728,10
Georgia,Newton,13.788839665019244,10.622733871844359,9.0,11.0,11.084189777946278,8.035730909549924,86.0,54.0,0.6648545454154066,-1.438395514926065,1.0339184711692724,0.13308684276384142,-0.4415429159283313,0.1295092434765333,-1.5714823576899064,140.0,0.6142857142857143,10
Georgia,Peach,4.868244069833827,2.0404720649257717,4.0,1.0,4.054350867583183,1.585876524011672,33.0,10.0,0.8382629294534472,-0.4312023912678978,0.5904414461821006,-0.8262200682577762,0.35046133857263095,0.551968546539143,0.3950176769898784,43.0,0.7674418604651163,10
Georgia,Polk,4.524345163663402,10.667670728859289,2.0,7.0,3.2927917389145693,7.17077315400667,19.0,39.0,0.4975772799369489,-1.3911264422454706,0.6715814051195688,-1.3696428898095878,-0.2998843562945887,0.2238742654029241,-0.021483552435882736,58.0,0.3275862068965517,10
Georgia,Pulaski,1.4332266523480501,2.288358104972999,1.0,3.0,1.222004977238925,1.8580507806174276,12.0,15.0,0.7759048832572923,-0.3919030824991525,1.2552189741187825,0.522074784557812,-0.4810353781668546,0.9497202133943627,-0.9139778670569645,27.0,0.4444444444444444,10
Georgia,Putnam,1.8967672891628105,1.7436498034145838,1.0,0.0,1.6087422408238428,1.4175972635678513,14.0,11.0,0.6258429872530299,-0.7070278575708305,0.22285117723766695,-1.4644779330419844,1.0325953385304765,0.9134219104245221,0.7574500754711538,25.0,0.56,10
Georgia,Richmond,97.92199848146092,37.811707876319765,182.0,65.0,80.21942962577083,29.848810022858398,646.0,222.0,1.8542602549812712,9.387341026766787,1.709660143876936,4.976435924977065,0.08119122765597632,0.02924332749332717,4.410905101789722,868.0,0.7442396313364056,10
Georgia,Rockdale,8.272068313861629,6.6013336117457335,4.0,7.0,6.438882451503615,4.977271871540601,47.0,37.0,0.5129919009966095,-1.6835768310403585,1.0561396506699623,0.17869563322093052,-0.7221156429600601,0.20831468452480373,-1.862272464261289,84.0,0.5595238095238095,10
Georgia,Seminole,1.9113491929786472,2.8898927060578634,1.0,1.0,1.3978192109861107,2.3449721702560815,10.0,17.0,0.6220583913635119,-0.7708312463671759,0.4424918810319408,-1.234151008424836,0.3406118487939991,0.6634081018296496,0.46331976205766,27.0,0.37037037037037035,10
Georgia,Spalding,28.97468010040785,12.9024603543644,14.0,8.0,21.223223144517863,9.529853562379765,129.0,55.0,0.4919476632351765,-3.2505128204189306,0.6342119114892248,-1.5880748817103778,-0.2540108085450993,0.08252529834716059,-1.6624379387085528,184.0,0.7010869565217391,10
Georgia,Stephens,3.5413224771828324,5.855650219090529,3.0,1.0,2.843662473318372,4.236582181185144,21.0,24.0,0.866053134774787,-0.3210088731860582,0.23601047072956208,-2.3590632047181197,1.3000700916935244,0.3503063337973401,2.0380543315320616,45.0,0.4666666666666667,10
Georgia,Sumter,11.575818249136288,2.8217265536348,8.0,1.0,8.771623565603477,1.9983689775538485,55.0,11.0,0.7038860493455965,-1.207356275072849,0.45157239037590996,-1.2886807735343828,0.4438807882684519,0.3164439684051013,0.08132449846153378,66.0,0.8333333333333334,10
Georgia,Tattnall,1.4459532504267008,2.1411615447087615,0.0,3.0,1.191269533111244,1.7057035697887835,12.0,15.0,0.256943479957888,-1.324796690374891,1.3251745267198118,0.6575968178388257,-1.640443309659428,0.9418254568082212,-1.9823935082137165,27.0,0.4444444444444444,10
Georgia,Thomas,11.220173271252996,4.710279658395809,5.0,4.0,8.812043991411484,3.70968051071387,68.0,27.0,0.46927633855809014,-2.095386562177801,0.8636772486384163,-0.3687747038668228,-0.6100073412540491,0.23719933123119402,-1.7266118583109784,95.0,0.7157894736842105,10
Georgia,Tift,13.0117172529643,8.804958142610298,11.0,18.0,10.261192615805701,6.766159651220354,73.0,46.0,0.8511131327498025,-0.6280121132119044,1.9881873423248133,3.5349444224494238,-0.8484335586693315,0.1478823681895279,-4.162956535661328,119.0,0.6134453781512605,10
Georgia,Toombs,7.833955132653672,9.241686252256029,6.0,11.0,6.235745714242115,6.8290443021240375,47.0,42.0,0.7799418039259699,-0.7344200217485097,1.1804937771771054,0.6728471336974096,-0.41446877861774445,0.18156479402464176,-1.4072671554459193,89.0,0.5280898876404494,10
Georgia,Troup,23.61385297283114,9.099903270425498,9.0,4.0,18.044114207395456,6.3948638038778345,114.0,37.0,0.3939644158361405,-3.440305027216765,0.46875472317134564,-2.0167231761358946,-0.17381906325015076,0.109584473980217,-1.4235818510808702,151.0,0.7549668874172185,10
Georgia,Upson,5.491660376826925,3.7429865579235373,2.0,3.0,3.811561041113816,3.0556883020504895,25.0,25.0,0.4172466132541302,-1.788465450777797,0.824890664210083,-0.42503669976321534,-0.6815734036393641,0.3444934639283721,-1.3634287510145817,50.0,0.5,10
Georgia,Walton,6.473767296929088,10.3011127085036,7.0,5.0,4.968440545202222,7.529400400983334,37.0,49.0,1.0754588847985564,0.23608466897975752,0.5092067964136611,-1.9319097823899094,0.7476485052265978,0.18950768139999447,2.1679944513696667,86.0,0.43023255813953487,10
Georgia,Ware,11.436171998411165,10.208826079310525,8.0,8.0,8.856537904585817,7.434040939707028,58.0,45.0,0.7121211055882442,-1.1546301708868723,0.793737795071863,-0.810119427434572,-0.10850518473499643,0.13904795000178827,-0.34451074345230026,103.0,0.5631067961165048,10
Georgia,Wayne,2.2938390812960243,3.235599152330238,0.0,3.0,1.807724891077536,2.576232779610986,14.0,17.0,0.17896521075510788,-1.7060697347564358,0.9369313615505901,-0.14678482947569885,-1.655418592512454,0.5896426804916862,-1.559284905280737,31.0,0.45161290322580644,10
Georgia,Whitfield,2.584596369704682,18.772119253711246,2.0,15.0,2.036968893003526,14.169113303487634,15.0,102.0,0.8104788116052114,-0.40960374211529926,0.804270656275394,-1.0021069582439588,0.007689348771355162,0.34513747823338997,0.5925032161286595,117.0,0.1282051282051282,10
Georgia,Worth,2.5261410017085515,2.2387702368014946,1.0,0.0,2.0625508336890346,1.541157175054811,19.0,12.0,0.4956808024322409,-1.0626550975846294,0.1825636898201183,-1.8033750560558455,0.9988330786214993,0.6307012906765771,0.7407199584712161,31.0,0.6129032258064516,10
Hawaii,Honolulu,8.124074345264448,99.11557263477415,9.0,92.0,5.826343471517792,70.04152211442816,33.0,381.0,1.1015674981068002,0.362885157047412,0.9285696759395003,-0.8502214716336807,0.17084402334197246,0.095406859018202,1.2131066286810928,414.0,0.07971014492753623,10
Illinois,Champaign,9.37463890346697,10.725933629333873,3.0,7.0,6.847571483099875,7.5994607118341415,40.0,45.0,0.354443340583437,-2.4360561901533098,0.6680958793843356,-1.35158613321407,-0.6338831911529693,0.14397219312961046,-1.0844700569392398,85.0,0.47058823529411764,10
Illinois,Cook,5899.4348587785225,2122.2173865053337,6641.0,2398.0,3411.350455590841,1262.7025871340816,16113.0,6051.0,1.1256903947198844,12.696562002675414,1.1299196092932051,7.760976131606216,-0.0037499563504245236,0.00037838133816254756,4.935585871069198,22164.0,0.7269897130481863,10
Illinois,Jackson,3.779088400752778,4.5029616394869,3.0,7.0,2.8343783862720113,2.701672380802231,19.0,13.0,0.8179312209077707,-0.4627621442214436,1.4991120341208921,1.5191787351847963,-0.6058499835020323,0.33170538718460796,-1.9819408794062399,32.0,0.59375,10
Illinois,Jefferson,2.221861973344593,3.0096798391017026,4.0,7.0,1.4548380739762379,2.416898406702659,10.0,17.0,1.653280013486669,1.4742058851095534,2.1369470560937587,2.5667202959376483,-0.2566169995144424,0.5615198932006413,-1.0925144108280949,27.0,0.37037037037037035,10
Illinois,Kane,18.622981897861475,46.17577337406991,17.0,54.0,12.514927396647888,30.2079089815377,68.0,161.0,0.9151292457143949,-0.45877475151401786,1.1676292873226763,1.4235774143250075,-0.24366541457087648,0.050252734650002615,-1.8823521658390254,229.0,0.29694323144104806,10
Illinois,Kankakee,21.83856013544796,8.335785687631919,25.0,11.0,16.16569364016576,5.854034865443502,94.0,33.0,1.1415238871880247,0.7862990540937776,1.3015254564285519,1.1011373773069353,-0.13117289165281995,0.11814434444935079,-0.31483832321315763,127.0,0.7401574803149606,10
Illinois,Lake,20.227058138720704,26.85708955194813,7.0,32.0,14.521982401891666,19.843450078094538,91.0,127.0,0.3618458514375021,-3.4709655992483635,1.187991870929327,1.154517102348966,-1.1888013608687165,0.06300500175672959,-4.625482701597329,218.0,0.41743119266055045,10
Illinois,Macon,11.856387252072107,11.300173536655977,8.0,4.0,7.883076097818158,7.53735664327687,41.0,40.0,0.6879033350605446,-1.3735130151755293,0.38135032387627443,-2.6590325367504644,0.5899298887979525,0.11510454558749314,1.285519521574935,81.0,0.5061728395061729,10
Illinois,Madison,11.182356770427663,28.695930612279003,8.0,26.0,8.188955626839984,19.957210424948933,47.0,118.0,0.7275929135734515,-1.1120763563467564,0.9076607405298748,-0.6034743170678568,-0.22112896786234254,0.08972391860793005,-0.5086020392788996,165.0,0.28484848484848485,10
Illinois,McLean,3.2251446541989113,6.742496048371226,0.0,7.0,2.3616992985260934,5.151097476470066,14.0,32.0,0.13422297559274904,-2.098634935003413,1.0355545864173008,0.11345771007341748,-2.043189980477184,0.34035988017625174,-2.2120926450768303,46.0,0.30434782608695654,10
Illinois,Peoria,15.771453701805276,14.581965126002098,7.0,4.0,11.877209244006588,10.727427917121723,76.0,63.0,0.46092992903073515,-2.5451557944213072,0.29836960650716293,-3.230862856109478,0.43491302540639626,0.09820000398552889,0.6857070616881709,139.0,0.5467625899280576,10
Illinois,Rock Island,4.02242559608402,7.72043195253245,4.0,5.0,2.893650630075548,5.19770207477014,17.0,31.0,0.99504124598458,-0.013183203265773763,0.6690645980355846,-1.1932520133298716,0.3969035749870266,0.26604457033877926,1.180068810064098,48.0,0.3541666666666667,10
Illinois,Sangamon,18.429555848964846,19.60041941311462,13.0,14.0,12.792071515621107,13.69345544928382,68.0,72.0,0.7131704572317391,-1.5180772268324965,0.7213779823190855,-1.5134358796960068,-0.011442784944467528,0.07330633572384232,-0.004641347136489671,140.0,0.4857142857142857,10
Illinois,St. Clair,188.3043202911763,39.24820908881966,280.0,52.0,125.3400400154442,24.90506836720371,652.0,124.0,1.4856651562178742,8.19037826343177,1.3208142254330437,2.5552142096681485,0.11761420473344797,0.01970252875211223,5.635164053763621,776.0,0.8402061855670103,10
Illinois,Vermilion,1.774080531121488,5.295665200192735,1.0,4.0,1.4641983477853056,3.8341445703372434,11.0,23.0,0.65960724762032,-0.6397144907680853,0.7764423658996645,-0.6616960653171632,-0.16307783838295714,0.6019330605967639,0.021981574549077898,34.0,0.3235294117647059,10
Illinois,Will,32.75072387699667,45.29268609515617,46.0,56.0,23.595726223789047,32.03345977342459,136.0,176.0,1.3984657949708388,2.7275673108353082,1.2338214858720948,1.8918147682999844,0.12525952296176587,0.03761362771840508,0.8357525425353238,312.0,0.4358974358974359,10
Illinois,Winnebago,74.3489015534375,60.17594884499783,62.0,44.0,45.055509862281646,37.92771577517172,227.0,189.0,0.8350155941216967,-1.8397312019351086,0.7334042705072359,-2.6265847652831535,0.12975332176143795,0.018624730130017027,0.7868535633480449,416.0,0.5456730769230769,10
Indiana,Allen,159.00706901090697,108.87804834485152,150.0,106.0,99.7334273311661,69.9815696465513,466.0,349.0,0.9435318505520838,-0.9019098258394265,0.9736871484872587,-0.34403786605919434,-0.031459927150052545,0.009848055642105646,-0.5578719597802322,815.0,0.5717791411042945,10
Indiana,Clark,4.049234752687586,21.127258916410234,1.0,18.0,2.7465730652834974,14.82254778034931,14.0,82.0,0.3297257850045732,-1.8399045037363266,0.8554019754192083,-0.8122737340417383,-0.9533101506467263,0.2007192665711621,-1.0276307696945883,96.0,0.14583333333333334,10
Indiana,Delaware,14.232293543186755,26.097146620507637,10.0,19.0,9.758820181730233,17.318463077761876,48.0,85.0,0.7127199827521721,-1.3548060395716672,0.7331613529161279,-1.7054111709781312,-0.028277192211357986,0.07360651237859171,0.350605131406464,133.0,0.3609022556390977,10
Indiana,Elkhart,19.49867662360437,39.00157956139945,33.0,35.0,13.557625588212886,28.012594455892536,71.0,156.0,1.675110840107293,3.6667771921452545,0.898698239264595,-0.7560574361089989,0.6226872998084242,0.05407507517631725,4.422834628254254,227.0,0.31277533039647576,10
Indiana,Floyd,3.6589300582730693,10.88978256583476,3.0,4.0,2.6521878914085892,7.969559605895657,16.0,44.0,0.8415626016690745,-0.4046105244441417,0.39509094875071427,-2.4405536253252795,0.7561444154163358,0.2653094110009862,2.0359431008811377,60.0,0.26666666666666666,10
Indiana,Grant,4.6492349961718835,12.839560338182293,5.0,5.0,3.56062289028294,9.63318924752729,21.0,56.0,1.0681198283024347,0.1858888185232759,0.4123074419669707,-2.5258447943974263,0.9518859225779124,0.2231608761523176,2.7117336129207024,77.0,0.2727272727272727,10
Indiana,Howard,7.219610647466607,18.428774586140353,5.0,18.0,5.501334721650407,13.128875008218232,33.0,77.0,0.7124711661209195,-0.9463303409614469,0.9773480008339102,-0.11833556251576859,-0.3161033391786399,0.14420326730424848,-0.8279947784456783,110.0,0.3,10
Indiana,La Porte,16.438122361532507,27.006383894850835,10.0,20.0,12.523974471673228,18.957740716462457,75.0,106.0,0.6199034211635011,-1.8192322224425364,0.7452815345835981,-1.609165229962537,-0.18419835217529756,0.07234155949987477,-0.21006699247999938,181.0,0.4143646408839779,10
Indiana,Lake,815.2853141634488,256.79603203977604,1153.0,298.0,508.59647760202637,157.2316347560049,2316.0,719.0,1.41397495146485,14.974877304619458,1.1601422596126711,3.286011476340593,0.1978622174572668,0.00314947651072836,11.688865828278864,3035.0,0.7630971993410214,10
Indiana,Madison,10.810393921552006,21.043727219973867,9.0,11.0,7.870267762720695,14.278741396732347,43.0,75.0,0.8399353785457205,-0.6453247601980976,0.5337980695066538,-2.6579692055435706,0.45330733812205143,0.09958885230000604,2.0126444453454733,118.0,0.3644067796610169,10
Indiana,Marion,794.3776181518933,412.66738322662377,838.0,324.0,521.7169062777319,268.8603985275887,2493.0,1313.0,1.0548793686624736,1.9098177257538,0.7853959755143852,-5.407549114292259,0.2949936788640084,0.002405560705924046,7.317366840046059,3806.0,0.6550183920126117,10
Indiana,St. Joseph,97.8855205994709,78.24493270974612,122.0,88.0,66.7380050674989,52.34103817944411,340.0,270.0,1.2451019139157637,2.9518295784730113,1.1238818417206737,1.3483700680088964,0.10242876221194444,0.015514530478651083,1.603459510464115,610.0,0.5573770491803278,10
Indiana,Tippecanoe,2.521612600028435,16.390791347027406,2.0,6.0,1.8589289996179892,12.199969861134282,11.0,75.0,0.827372774384272,-0.382575075262424,0.38482507222161194,-2.974878583325978,0.7654664752932648,0.33776277605561805,2.592303508063554,86.0,0.12790697674418605,10
Indiana,Vanderburgh,22.06904602087685,42.20165310478321,16.0,19.0,15.921553758622009,30.932028612374097,87.0,179.0,0.7310898291729808,-1.5209947217003277,0.45665679387517,-4.171715928321391,0.47060422685664155,0.05005824305426139,2.6507212066210633,266.0,0.32706766917293234,10
Indiana,Vigo,5.641413757151169,23.767090697522736,2.0,18.0,3.9840581841095406,16.577875153496635,21.0,89.0,0.4070723938912203,-1.8243459313846346,0.7623493162239073,-1.4164209743420764,-0.6274138292916845,0.1545321569567137,-0.40792495704255827,110.0,0.19090909090909092,10
Indiana,Wayne,3.2803035361556128,17.72150792158149,2.0,21.0,2.3378448172686412,12.068248218732352,14.0,65.0,0.6613225567972195,-0.8373462988264386,1.1799243011351148,0.943739258490561,-0.5789638599430527,0.2556914892607466,-1.7810855573169997,79.0,0.17721518987341772,10
Iowa,Black Hawk,9.267999099855581,13.659984016442921,9.0,8.0,7.0018141635919005,10.194073806027117,44.0,62.0,0.9725635621875166,-0.10128101508480218,0.6002831634647039,-1.7727247899747938,0.48253394993685905,0.13614723959697891,1.6714437748899915,106.0,0.41509433962264153,10
Iowa,Linn,3.7514277240587366,10.751413835557084,8.0,10.0,2.9895327314647173,8.733359042592442,22.0,67.0,1.9993283554836618,2.457204796639052,0.9332160520856106,-0.254266139826472,0.7619298397631968,0.2879799394487306,2.711470936465524,89.0,0.24719101123595505,10
Iowa,Polk,28.594484611393177,58.222725744209676,23.0,54.0,22.431966781721624,44.926025603629085,147.0,291.0,0.807713225165624,-1.181208074360352,0.9280904336320585,-0.6300048253517609,-0.138922101899959,0.04068782510148402,-0.551203249008591,438.0,0.3356164383561644,10
Iowa,Scott,11.456926718218654,21.23660470506495,3.0,10.0,9.02366592714296,16.784212850528707,61.0,117.0,0.292717358103992,-2.81527655117864,0.48305612318345864,-2.7427398325102477,-0.5009253486340138,0.10596198576896168,-0.07253671866839229,178.0,0.34269662921348315,10
Kansas,Crawford,2.3994798502635315,7.835922984036715,0.0,3.0,1.8511170953637106,5.9172189616385005,11.0,36.0,0.1724447231301005,-1.7636002896058431,0.4198695221515958,-1.9880191138722894,-0.8898672619731616,0.4178828367808112,0.22441882426644622,47.0,0.23404255319148937,10
Kansas,Douglas,2.104091186010916,10.995559133840668,1.0,4.0,1.5852299721350156,7.894348047559975,10.0,45.0,0.5760166955972763,-0.876917638010929,0.39145551317750904,-2.489799051664181,0.3862647684439772,0.423361319256575,1.6128814136532519,55.0,0.18181818181818182,10
Kansas,Geary,7.3180838832284,7.379760080241151,13.0,9.0,4.900755799073044,5.089108206838143,30.0,28.0,1.7267658164886954,2.566630120648556,1.2056204634734595,0.7182216389386379,0.3592558467613924,0.18495518868240218,1.8484084817099182,58.0,0.5172413793103449,10
Kansas,Johnson,4.266723784677726,33.046105742856085,6.0,27.0,3.3096076545672517,24.40988882323398,21.0,157.0,1.3636200236509948,0.952751237056943,0.8197672841908438,-1.2237503746451008,0.5088777243459865,0.20414976558543907,2.1765016117020437,178.0,0.11797752808988764,10
Kansas,Leavenworth,4.758254249842777,7.1817530112362595,6.0,5.0,3.5803018557018156,5.500443143350877,23.0,37.0,1.2361517133170865,0.6562553553937278,0.715982405572665,-0.930265134130856,0.5461027824510251,0.26477775122402875,1.5865204895245837,60.0,0.38333333333333336,10
Kansas,Montgomery,5.614683209020925,5.341977607107655,3.0,3.0,4.145098161954528,4.067170719383617,25.0,26.0,0.5723926948229285,-1.2842561912224755,0.5991121903209141,-1.1612789052124681,-0.045623591368975584,0.27401154021012586,-0.12297728601000735,51.0,0.49019607843137253,10
Kansas,Riley,2.914516034404272,6.861885151647396,1.0,1.0,2.173091568067371,4.96707398522103,15.0,30.0,0.4393009096709964,-1.2987333553457856,0.20375215982068662,-2.6301892043106188,0.7682802692962963,0.3613168584045951,1.3314558489648332,45.0,0.3333333333333333,10
Kansas,Saline,1.9731417750071314,8.97927168575,1.0,11.0,1.6562874730605421,6.680352208695662,15.0,45.0,0.6065159770291272,-0.756150524510231,1.2131733725163423,0.7818226472419278,-0.6932637563968699,0.5082759033069931,-1.5379731717521588,60.0,0.25,10
Kansas,Sedgwick,69.77051312234187,99.20116093901783,56.0,61.0,52.12713220783061,71.37507101463525,305.0,416.0,0.8040356828138251,-1.9072964790484621,0.6168433689314455,-4.521716031410454,0.2650285172319035,0.017961209526722623,2.6144195523619924,721.0,0.42302357836338417,10
Kansas,Seward,1.9240340984033812,7.194718372909023,0.0,2.0,1.5646934556984349,5.560903592956236,11.0,39.0,0.20626772549500477,-1.5381480223037924,0.3248981806536038,-2.202872313835265,-0.45433687963150804,0.5301003201544929,0.6647242915314726,50.0,0.22,10
Kansas,Shawnee,27.47621965070075,44.667418614580896,36.0,33.0,20.373842981886348,32.326484087606154,116.0,183.0,1.3046794905002739,1.8884077425292345,0.7416850691835988,-2.052085936660746,0.5647879704358878,0.043189576068506215,3.9404936791899803,299.0,0.3879598662207358,10
Kansas,Wyandotte,108.76956080893976,76.0356739593687,122.0,85.0,75.69518657894272,52.089872443165795,400.0,276.0,1.121080739165722,1.5206880360088029,1.1171261135740478,1.2420554844886413,0.0035337481896046074,0.015408006057561204,0.27863255152016153,676.0,0.591715976331361,10
Kentucky,Campbell,3.604294073200992,20.806489649017287,2.0,13.0,2.582939210766474,14.017675562916628,14.0,73.0,0.6091181468510657,-0.9982214238497165,0.6336097697173996,-2.085056300052562,-0.03942100946700769,0.23120637705139435,1.0868348762028457,87.0,0.16091954022988506,10
Kentucky,Christian,20.454163106516564,16.74919644325661,13.0,14.0,14.320240277052099,12.072286816457076,78.0,68.0,0.6442633824779963,-1.969807283447511,0.8406188686933657,-0.7912450404998865,-0.2660307475175988,0.07726141874273043,-1.1785622429476246,146.0,0.5342465753424658,10
Kentucky,Daviess,2.1545420183672137,15.13436741692215,1.0,7.0,1.6388876518556068,10.754748099770001,10.0,60.0,0.5650692246049424,-0.9018517486758794,0.4797124053693554,-2.4804110851821273,0.1637614762099274,0.4000063666198317,1.578559336506248,70.0,0.14285714285714285,10
Kentucky,Fayette,63.55886471032358,99.81973237264127,60.0,72.0,41.63055133196457,65.94429529583084,204.0,334.0,0.9444438372984459,-0.5515760462432635,0.7226893282639165,-3.4258183551939676,0.26761679058296933,0.016923551677837302,2.874242308950704,538.0,0.379182156133829,10
Kentucky,Franklin,5.8552886344375645,94.82335704213963,6.0,72.0,4.350019554924579,69.6646318081211,24.0,379.0,1.0227702271110528,0.06938363314212843,0.7605691013163741,-2.7344711847273167,0.29620316321618156,0.13462827434478758,2.803854817869445,403.0,0.05955334987593052,10
Kentucky,Graves,2.347571953091994,6.819995364450806,0.0,5.0,1.7882940125229574,4.874697931575108,11.0,26.0,0.17558818819558972,-1.7554944106110089,0.7513665960378167,-0.8243211203658579,-1.4537522629816624,0.4292942442423927,-0.9311732902451509,37.0,0.2972972972972973,10
Kentucky,Hardin,4.642415365058306,21.321718115983597,4.0,15.0,3.488037635279803,15.550982549874915,21.0,85.0,0.8750751700410295,-0.34397377967625126,0.7103015407685441,-1.6030837426229247,0.20862020610460225,0.19604959936494357,1.2591099629466735,106.0,0.19811320754716982,10
Kentucky,Henderson,2.8779459266091383,8.827021952912318,3.0,7.0,1.920437234601216,6.55587276019205,11.0,38.0,1.0361326309072634,0.08807491224139624,0.8041151868049544,-0.7135567318843914,0.2535079106490085,0.3160047407081147,0.8016316441257876,49.0,0.22448979591836735,10
Kentucky,Hopkins,3.9202921782146785,16.639285629814225,1.0,12.0,3.0678988969638494,11.98948027737466,20.0,63.0,0.33934408394827836,-1.6672694157766732,0.7293186116378113,-1.3398338107108212,-0.7650961000129604,0.24292435321840478,-0.327435605065852,83.0,0.24096385542168675,10
Kentucky,Jefferson,346.30071610021525,205.2317298382575,421.0,157.0,237.1856247991107,140.8120430607433,1194.0,727.0,1.215395414230341,4.85034082151571,0.7655600821702301,-4.064554379659608,0.4622170471369176,0.005320907349707513,8.914895201175318,1921.0,0.6215512753774076,10
Kentucky,Kenton,3.875863207009406,24.905632928407837,4.0,28.0,2.692955275800917,17.41574932230162,14.0,95.0,1.0283685268752798,0.07564599697626104,1.1217984641560388,0.7414822317851539,-0.08695957703286421,0.20734042059036556,-0.6658362348088929,109.0,0.12844036697247707,10
Kentucky,McCracken,13.622858275662754,22.458796875858777,8.0,17.0,9.344984790895017,15.001180757865,50.0,75.0,0.6018611696081128,-1.839364658861806,0.7622350637372155,-1.409399821796131,-0.23622818726632935,0.08009573242029827,-0.429964837065675,125.0,0.4,10
Kentucky,Shelby,2.714407621801196,6.340965935820942,4.0,7.0,1.9394273101411643,4.0228805148231785,11.0,20.0,1.3999469045181088,0.9231378022236576,1.0963364048822692,0.3285786161537423,0.2444602303668672,0.36327484081349737,0.5945591860699153,31.0,0.3548387096774194,10
Kentucky,Warren,10.333100884759766,26.929972457213758,13.0,23.0,7.551140887137509,19.039498032306508,42.0,101.0,1.246180585190717,0.9705106391053362,0.8567270724261985,-0.9006618337572758,0.37471922148551834,0.09697474903081782,1.871172472862612,143.0,0.2937062937062937,10
Louisiana,Acadia,5.713746981700277,6.396884459774338,8.0,7.0,4.874076066609505,5.397679727862513,50.0,46.0,1.3679346817681546,1.0355668521951715,1.0874475342806302,0.25959538226003126,0.22946883233766546,0.28120441419526154,0.7759714699351403,96.0,0.5208333333333334,10
Louisiana,Allen,3.3763993240084047,3.37893269424239,3.0,3.0,2.926201873795741,2.8999217991779522,27.0,26.0,0.9028997550182246,-0.22003749532236308,0.9023100620423626,-0.2225199401287197,0.0006533234987578557,0.5106789362434587,0.0024824448063566207,53.0,0.5094339622641509,10
Louisiana,Ascension,14.843688234830212,10.944195235793433,9.0,14.0,12.307005384436815,8.665497473024516,101.0,66.0,0.6191470951837366,-1.6657539149294933,1.267017881226727,1.0380752907541808,-0.7160784152350133,0.12820374433127918,-2.7038292056836744,167.0,0.6047904191616766,10
Louisiana,Assumption,3.659644320606545,1.4116141335563515,0.0,0.0,3.126962065462269,1.2384881918484547,30.0,12.0,0.1202025849957988,-2.0695578573342175,0.2615590621679513,-1.2684403911810043,-0.7774815894949682,0.8550042242262015,-0.8011174661532132,42.0,0.7142857142857143,10
Louisiana,Avoyelles,1.6456442350658413,2.82473493258055,0.0,2.0,1.4472549515021127,2.358184859820013,15.0,21.0,0.23303024417030485,-1.3679286031572755,0.7519396435190646,-0.5370632883209415,-1.1714878110028817,0.8299524341386423,-0.830865314836334,36.0,0.4166666666666667,10
Louisiana,Bienville,2.2715328688219385,1.4939076230245525,2.0,1.0,1.8225725743786705,1.2616368922848313,13.0,10.0,0.9020279095815465,-0.20113145376522934,0.7522916220785868,-0.4397223488658364,0.18152141737640934,0.9185315082639622,0.23859089510060705,23.0,0.5652173913043478,10
Louisiana,Bossier,24.13391823585044,25.38850790244529,10.0,12.0,18.119778781898194,19.18483492927369,111.0,120.0,0.42624157064543033,-3.3203673065359927,0.48283972359872146,-3.056702314996505,-0.12467851059346255,0.06087328004310388,-0.26366499153948775,231.0,0.4805194805194805,10
Louisiana,Caddo,370.8434132117606,90.2229106952463,283.0,71.0,256.2407240140261,62.005065269887425,1293.0,315.0,0.7634442672565531,-5.4876338436107295,0.7881140436529938,-2.4412123806820665,-0.03180267922938574,0.009480399762189673,-3.046421462928663,1608.0,0.8041044776119403,10
Louisiana,Calcasieu,43.217701772683206,30.25912429739925,22.0,26.0,34.7602135388036,24.283746733941456,258.0,175.0,0.5146656637394196,-3.5987951206747706,0.861532979410621,-0.8642959286771299,-0.515195843395428,0.045132344622495144,-2.7344991919976405,433.0,0.5958429561200924,10
Louisiana,Concordia,3.4243330949581674,1.297504088704034,4.0,1.0,2.912519436083272,1.1155537387569072,26.0,10.0,1.1466916520876955,0.3373159261286603,0.8344904523034888,-0.28167460290138546,0.3178149492549761,0.9110130633930345,0.6189905290300457,36.0,0.7222222222222222,10
Louisiana,De Soto,2.722976814946521,1.3527579371537541,3.0,0.0,2.3225200443539302,1.1560932119509384,21.0,11.0,1.0859525838872892,0.18177593316516819,0.26986795736960145,-1.2581246319293493,1.3922800456983684,0.9449967305257272,1.4399005650945176,32.0,0.65625,10
Louisiana,East Baton Rouge,540.3056809011161,113.57309905259957,556.0,94.0,383.2224881751878,80.04924483459584,2034.0,421.0,1.0290202556170143,0.8017094177662651,0.8284161716026113,-2.18766578393491,0.21684676957806673,0.007518641067116985,2.9893752017011748,2455.0,0.8285132382892058,10
Louisiana,Evangeline,5.141243266392391,3.0969172306860346,4.0,2.0,4.240567302195675,2.5807157255666313,32.0,20.0,0.7976964983603299,-0.5541996510028393,0.695039624118117,-0.6828161341859561,0.13775934017836178,0.42951048710106854,0.1286164831831168,52.0,0.6153846153846154,10
Louisiana,Franklin,2.9961492927856246,1.5320137396335982,1.0,0.0,2.5456626696631757,1.3561149567570105,24.0,14.0,0.4290434630738683,-1.2511016366620262,0.24606132835015052,-1.315571350790013,0.5559774192246408,0.8613704758700556,0.06446971412798685,38.0,0.631578947368421,10
Louisiana,Grant,1.5655692476950347,3.657657583856897,0.0,1.0,1.383830231850133,3.017780433752235,15.0,27.0,0.2420640220888015,-1.3308554114449371,0.36078007140946616,-1.5298723866795445,-0.3990663069559093,0.7901666967721437,0.19901697523460737,42.0,0.35714285714285715,10
Louisiana,Iberia,11.240210984226161,5.187554202724736,3.0,5.0,9.189813686664019,4.141397849361019,71.0,30.0,0.29812070708971994,-2.7182223453219394,0.9670237511521412,-0.09216230403570638,-1.1767245949996246,0.22663139078213157,-2.626060041286233,101.0,0.7029702970297029,10
Louisiana,Iberville,14.258512502443459,1.9114390751685302,10.0,3.0,11.285800856575694,1.5615393533153257,74.0,11.0,0.7114538134016956,-1.267627742402228,1.4514154788486178,0.8711165683155289,-0.7129840505390853,0.4829091606972951,-2.138744310717757,85.0,0.8705882352941177,10
Louisiana,Jackson,1.774945146338307,1.764630259136657,0.0,1.0,1.5549403438171885,1.424998215846362,15.0,11.0,0.21978551913868652,-1.4234036335180449,0.6623597799014854,-0.6405371458633953,-1.1031567246702245,0.9511864176919939,-0.7828664876546496,26.0,0.5769230769230769,10
Louisiana,Jefferson,156.5700305056606,100.44275508097374,282.0,97.0,129.3743680614736,82.76454350459633,1021.0,656.0,1.7985608017680945,11.02750328731583,0.9658939853760475,-0.3784286129303983,0.6216879872942754,0.0134811825232145,11.405931900246227,1677.0,0.6088252832438878,10
Louisiana,Jefferson Davis,5.8302134908361785,6.1777769979535595,7.0,4.0,4.743244235174201,4.903052276791421,36.0,36.0,1.1847941638709725,0.5371169585218922,0.6738769505748768,-0.9835130900413414,0.5642768087742173,0.2680126252058895,1.5206300485632336,72.0,0.5,10
Louisiana,Lafayette,49.433641640407885,42.947570859750904,27.0,48.0,38.04460599905175,31.464930024563586,256.0,198.0,0.550730911997937,-3.637083173482995,1.1162879544303725,0.9007138611296553,-0.7065178064572754,0.03262738232608423,-4.537797034612651,454.0,0.5638766519823789,10
Louisiana,Lafourche,8.383381007870293,12.232914850168168,6.0,12.0,7.180873257684374,10.080883907793075,68.0,92.0,0.7317033902115962,-0.8894158069101369,0.9817076566592219,-0.07335806587958962,-0.29391833484131796,0.16953931848056247,-0.8160577410305473,160.0,0.425,10
Louisiana,Lincoln,8.04666134935161,3.2315047346530696,11.0,4.0,6.643547491118397,2.699783479295547,50.0,21.0,1.3455546592907235,1.1458116329470283,1.205947819980022,0.4677100785082616,0.10954048378174375,0.36114001494666825,0.6781015544387667,71.0,0.704225352112676,10
Louisiana,Livingston,4.224940368672453,13.85916803950948,3.0,8.0,3.6614518744138373,11.64954767496192,35.0,104.0,0.7407500892933768,-0.640159628818871,0.5919563011319399,-1.7166486729787784,0.2242304904942301,0.2657725122611707,1.0764890441599073,139.0,0.2517985611510791,10
Louisiana,Madison,7.5528627500199725,2.0402937957457126,3.0,0.0,6.32979867129131,1.5973279685287847,51.0,11.0,0.43462804578301295,-1.8096292605276432,0.1968276271183126,-1.614342427684117,0.7921622416804357,0.4946749801258035,-0.19528683284352621,62.0,0.8225806451612904,10
Louisiana,Morehouse,7.85430212349074,2.2823978438553896,2.0,3.0,6.497473759056748,1.8878122485954518,53.0,15.0,0.29924701824829464,-2.2966925637527242,1.2579078177944083,0.522281130095965,-1.4359357774766293,0.4677143959354692,-2.8189736938486893,68.0,0.7794117647058824,10
Louisiana,Natchitoches,12.565968274288817,6.205149287020171,8.0,3.0,10.39150135689343,5.032227477938384,84.0,36.0,0.6505449746672262,-1.4164255112231285,0.5219868865224673,-1.4287891057833775,0.22016796821216392,0.19650320893553155,0.012363594560248936,120.0,0.7,10
Louisiana,Orleans,2411.635117496818,334.11072293043816,3429.0,408.0,1515.3415368474052,204.2682822499344,6787.0,916.0,1.4217694419867106,26.13493826987354,1.220821605543474,5.169885790282317,0.1523781025504415,0.0020904172099294595,20.965052479591222,7703.0,0.8810852914448916,10
Louisiana,Ouachita,41.54897839576326,20.502338470865336,40.0,14.0,33.67720274451359,16.33539334151981,256.0,123.0,0.9631625201167948,-0.2669176882314413,0.6903993105393741,-1.6088100634841747,0.33295202082925307,0.0583699050160857,1.3418923752527334,379.0,0.6754617414248021,10
Louisiana,Plaquemines,2.653080673865059,3.8660827990522995,1.0,5.0,2.3209218246713665,3.2752618224497705,22.0,30.0,0.47572522087146407,-1.0850850810948587,1.259710420790423,0.6265537474909776,-0.973796728290384,0.5488618135324987,-1.7116388285858362,52.0,0.4230769230769231,10
Louisiana,Rapides,61.89107638741854,33.627300793268226,35.0,24.0,46.59438552709739,24.678732950868955,291.0,144.0,0.5689916259748765,-3.939502604987424,0.717900315305122,-1.9379524271192714,-0.23246500586070734,0.03398825650974903,-2.001550177868153,435.0,0.6689655172413793,10
Louisiana,Sabine,1.8902005983263215,2.7179526225407717,1.0,4.0,1.6708023385413864,2.3459919039243964,17.0,22.0,0.6275623899727654,-0.6886924859863933,1.3984046777068373,0.8370296073884749,-0.8012442576228554,0.785209843349831,-1.5257220933748683,39.0,0.4358974358974359,10
Louisiana,St. Charles,9.390353736533871,9.069284335522376,16.0,9.0,7.6625474453972275,6.6690691575057555,62.0,50.0,1.668292200616731,2.387765259129992,0.9927597160777025,-0.02682887398927409,0.5190670908051209,0.1679789146482885,2.414594133119266,112.0,0.5535714285714286,10
Louisiana,St. James,4.066194803841195,1.9940696639959992,2.0,5.0,3.2800255944103553,1.43197337422254,25.0,11.0,0.5475018275385314,-1.1408607756216824,2.2052311045666215,2.511952599010899,-1.3932217920610934,0.5585072078250348,-3.6528133746325815,36.0,0.6944444444444444,10
Louisiana,St. John the Baptist,15.31035722601851,4.9666905346633685,22.0,5.0,12.6582818867924,4.081529206673534,101.0,33.0,1.4231177498616285,1.8802497766179627,1.0060931682752887,0.01648755310666691,0.34677538331421753,0.21945964441335739,1.8637622235112958,134.0,0.753731343283582,10
Louisiana,St. Landry,12.515201803627969,8.288752288053631,8.0,6.0,10.583248689206977,6.9674707208679765,93.0,58.0,0.6530824591310322,-1.3879303250710242,0.739581659257289,-0.8670840856008025,-0.12438130232660298,0.16898209333128156,-0.5208462394702217,151.0,0.6158940397350994,10
Louisiana,St. Martin,4.083135873824348,3.792392269716474,2.0,5.0,3.5004397195871944,3.206989217533881,32.0,29.0,0.5454780457804542,-1.1134130222586378,1.2813367591781848,0.6743372251945426,-0.8539965966601625,0.4329418242639467,-1.7877502474531806,61.0,0.5245901639344263,10
Louisiana,St. Mary,9.998804556112022,10.973845796428982,8.0,12.0,8.378670161161493,8.82352472081011,69.0,66.0,0.8096159857601701,-0.6905303696063262,1.0894341985919307,0.3454550733786925,-0.2968537129965148,0.1570764354681723,-1.0359854429850186,135.0,0.5111111111111111,10
Louisiana,St. Tammany,12.839503887202394,28.363717704534068,11.0,39.0,10.832931477737292,23.52835419906528,95.0,204.0,0.862101026937953,-0.558891766705075,1.368500080424329,2.192775047783793,-0.46209812282865464,0.09495864681029235,-2.751666814488868,299.0,0.3177257525083612,10
Louisiana,Tangipahoa,23.35582396662274,13.464559551843514,8.0,6.0,19.63889245364806,11.012681898665413,165.0,85.0,0.3563071228179985,-3.465090875880698,0.4654640181001563,-2.24935312119546,-0.2672417329338599,0.09674675413823988,-1.2157377546852381,250.0,0.66,10
Louisiana,Terrebonne,18.116693988267116,21.531395849707025,7.0,21.0,15.011918396574565,17.253067785526085,120.0,127.0,0.40286422523390886,-2.869178404893601,0.9758800643712237,-0.12793370985787428,-0.8847400989064073,0.08295345588865936,-2.7412446950357268,247.0,0.48582995951417,10
Louisiana,Union,4.238772300075977,2.571541288883597,0.0,3.0,3.5060511599947386,1.8561059033537752,33.0,13.0,0.1055125607094444,-2.2637630301187563,1.1394930657995919,0.314490550706555,-2.379508758679824,0.4758190700027744,-2.5782535808253115,46.0,0.717391304347826,10
Louisiana,Vermilion,6.197387217498141,5.701578282880327,8.0,5.0,5.027711154199142,4.493753147723215,36.0,33.0,1.2691516443594908,0.8039282439941936,0.8868710107526888,-0.3309569694937255,0.3584044098662216,0.2691393635986419,1.134885213487919,69.0,0.5217391304347826,10
Louisiana,Vernon,3.843048873733095,8.54501906505467,6.0,6.0,3.2472455918316996,7.3814908091598515,30.0,70.0,1.4966444516229644,1.196968542030496,0.7186275621145651,-0.9367398550776141,0.7336376197061363,0.320960940080423,2.1337083971081103,100.0,0.3,10
Louisiana,Washington,20.635884487935115,8.094276431130638,9.0,3.0,16.415859192254135,6.557717019662356,111.0,46.0,0.4494725548591465,-2.8718886160299895,0.4072477803159923,-1.9893269741048987,0.09865299795839756,0.13864074796038872,-0.8825616419250908,157.0,0.7070063694267515,10
Louisiana,Webster,11.515265199384915,5.8096071787406744,2.0,4.0,9.799775069067763,4.801647098747975,84.0,40.0,0.2080686492153315,-3.039574855391054,0.7131981235158523,-0.825827216026157,-1.2318911853553245,0.21616859897117696,-2.2137476393648967,124.0,0.6774193548387096,10
Louisiana,West Baton Rouge,7.573181175169697,2.6794215369715917,6.0,2.0,6.279542787987127,2.172670187397258,49.0,17.0,0.8051349101382419,-0.6277904847869356,0.7863065563747981,-0.460937887251222,0.023663116386801665,0.4121190306533,-0.16685259753571358,66.0,0.7424242424242424,10
Maryland,Allegany,2.3482523245478824,10.3065021189709,3.0,7.0,1.9317579954269064,7.930934448344157,15.0,55.0,1.2288237140491312,0.4689247242002666,0.6940266070770199,-1.1741041556372116,0.5713023622501918,0.42498096914331346,1.6430288798374781,70.0,0.21428571428571427,10
Maryland,Anne Arundel,80.51027901214046,90.47684005645225,74.0,49.0,55.155125533264936,61.85073030485636,285.0,333.0,0.919636383289523,-0.8766104891019831,0.5440945186630426,-5.273916457200098,0.5248553770561174,0.016064709737160503,4.397305968098115,618.0,0.46116504854368934,10
Maryland,Baltimore,157.9415181761211,173.61707103279417,162.0,125.0,102.35222782995528,114.17704406452039,510.0,585.0,1.0256150147423326,0.40115753612863325,0.720779411550994,-4.549874245093739,0.352714583463456,0.00789089014140555,4.9510317812223725,1095.0,0.4657534246575342,10
Maryland,Baltimore city,3234.248676036368,323.8959009456203,4051.0,301.0,1911.0913538445532,199.85965124548116,8353.0,907.0,1.2524929772795892,18.683107957469087,0.9294198820673185,-1.6195530373589953,0.29833061719029524,0.002087782755269202,20.30266099482808,9260.0,0.9020518358531318,10
Maryland,Calvert,3.9426198561075005,6.018043319856185,2.0,1.0,3.307970582731374,4.880999665534762,26.0,38.0,0.5627310193022975,-1.0680879220472759,0.2301304128235061,-2.271328849813385,0.894155590237286,0.3475814307298444,1.2032409277661091,64.0,0.40625,10
Maryland,Caroline,3.591551263387,5.107113327022426,2.0,1.0,2.719387193816559,4.046779706655696,19.0,27.0,0.6110151966984012,-0.9651284272073098,0.26751733245180415,-2.0416528755017294,0.8259374722597478,0.36597004829166574,1.0765244482944194,46.0,0.41304347826086957,10
Maryland,Cecil,5.114849360392448,16.51097441987395,4.0,7.0,3.7527530986359214,12.900561830103028,23.0,88.0,0.8014462563756962,-0.5754945205124294,0.4408918510416274,-2.6480165879740074,0.5976183063585292,0.190766644305778,2.072522067461578,111.0,0.2072072072072072,10
Maryland,Charles,19.459587458764638,11.384915021705135,23.0,9.0,15.275949955277348,9.121313536052526,106.0,68.0,1.1773790439581806,0.9058363764146242,0.7993325978898779,-0.7896674136830912,0.3872689710132105,0.11071213172481567,1.6955037900977155,174.0,0.6091954022988506,10
Maryland,Dorchester,9.249693610417442,4.737807909296078,6.0,3.0,6.95198671080963,3.6546716177781966,45.0,25.0,0.66668761704007,-1.2325029001330576,0.6682184724239675,-0.9090286878473908,-0.0022935786525645407,0.24407041908561297,-0.32347421228566686,70.0,0.6428571428571429,10
Maryland,Frederick,7.882419003454661,22.59211439172711,12.0,18.0,6.014562741702649,16.830398042379752,39.0,107.0,1.4912163177298048,1.678959116854327,0.8011392844402215,-1.1193489710508266,0.6213125664134701,0.1297768381897155,2.798308087905154,146.0,0.2671232876712329,10
Maryland,Harford,15.040208719735586,26.125238993120913,17.0,30.0,11.458882195352746,19.823007532602357,74.0,128.0,1.1261110011846585,0.578946847861153,1.1455296235230112,0.8702822935744324,-0.017096978404863312,0.07969992736073406,-0.2913354457132794,202.0,0.36633663366336633,10
Maryland,Howard,19.799693134916204,27.498711363361053,16.0,19.0,13.906483981017717,18.59955525166532,75.0,99.0,0.8128201687748375,-1.0189194541360582,0.6964606244527948,-1.9706150715418895,0.15449863228895855,0.060069962730166966,0.9516956174058313,174.0,0.43103448275862066,10
Maryland,Montgomery,80.13921853923776,108.55171421209486,68.0,82.0,54.44351268057242,73.87987616803255,282.0,394.0,0.8494625969951456,-1.6451960608221408,0.7565218079886906,-3.08908234608798,0.11587255041487227,0.014747055355690548,1.4438862852658392,676.0,0.4171597633136095,10
Maryland,Prince George's,1103.9787560711293,235.50950434219274,1451.0,250.0,657.3945315481669,142.89001036737776,2913.0,659.0,1.3141945845688336,13.534525000988133,1.061397932673073,1.212222406612003,0.21363715109382123,0.0031156243122234307,12.32230259437613,3572.0,0.8155095184770437,10
Maryland,Queen Anne's,2.2782889927668144,4.399524584862746,0.0,2.0,1.760152646760377,3.5929549960034386,12.0,27.0,0.17996687936414602,-1.7172504759559686,0.5102535882203425,-1.2658997533223608,-1.0421350035172328,0.5247304708362438,-0.45135072263360776,39.0,0.3076923076923077,10
Maryland,Somerset,5.924021297879715,6.279792732805176,5.0,7.0,4.520049357319291,4.81753824266235,28.0,29.0,0.8561615450769607,-0.43462068590266306,1.1062285080943521,0.32812922580599785,-0.2562526892016026,0.250959802445408,-0.7627499117086609,57.0,0.49122807017543857,10
Maryland,St. Mary's,7.9092874055247195,10.353792921960746,2.0,6.0,6.160967838394629,8.135970298725114,40.0,57.0,0.2972903504710226,-2.3807327272019574,0.5988689895537246,-1.5263814932540027,-0.7003335866587252,0.17438045605373498,-0.8543512339479546,97.0,0.41237113402061853,10
Maryland,Talbot,3.6551971189127137,6.643829018709062,0.0,2.0,2.9280763956629534,5.029549977762251,20.0,31.0,0.12033123476241592,-2.136090265776587,0.34995238456193717,-2.070673650268919,-1.0675488712546837,0.3331039535331826,-0.06541661550766786,51.0,0.39215686274509803,10
Maryland,Washington,8.05561602181178,22.734137989772286,9.0,14.0,6.00548873104815,17.31458862829566,36.0,110.0,1.1103817627837198,0.3853669203145482,0.6240816855948316,-2.099007353900124,0.5761778994077426,0.12604535005136916,2.484374274214672,146.0,0.2465753424657534,10
Maryland,Wicomico,26.082779345916283,13.321156847668965,25.0,12.0,19.901805153866842,10.162332812809764,122.0,61.0,0.9592676397066576,-0.24271338544253576,0.9044105452075969,-0.4144361906735013,0.05888671778962864,0.08652163701335452,0.17172280523096553,183.0,0.6666666666666666,10
Maryland,Worcester,4.627246607656188,11.490243407789727,4.0,5.0,3.645824440316973,9.065009345336295,24.0,60.0,0.8776640455094239,-0.3285038359610139,0.45870628417991943,-2.155643091784669,0.6488537828298907,0.238935780525099,1.8271392558236552,84.0,0.2857142857142857,10
Massachusetts,Barnstable,6.085701634991529,26.536586371345145,3.0,11.0,3.9601106916694184,17.458077624100813,19.0,85.0,0.5314543831447812,-1.5506017434858002,0.4253495556742448,-3.718411021470789,0.2227060526568503,0.1317183629480223,2.167809277984989,104.0,0.18269230769230768,10
Massachusetts,Bristol,33.59215713843243,94.18294551423364,22.0,49.0,19.44787741917066,59.75536957698331,87.0,285.0,0.6599758386844793,-2.628622103021266,0.5227974238777636,-5.845020936808278,0.23300917210690597,0.023970880368153164,3.2163988337870117,372.0,0.23387096774193547,10
Massachusetts,Essex,16.220783389913286,125.2140261734366,12.0,97.0,10.911744395500103,79.13943554968294,54.0,375.0,0.7475726291353401,-1.2777502443608049,0.7755697830048639,-3.1715282975820505,-0.03676649983289961,0.046519199407291184,1.8937780532212456,429.0,0.1258741258741259,10
Massachusetts,Hampden,86.88324684164868,141.51504518564076,57.0,65.0,50.7652082989582,85.45236459462225,228.0,394.0,0.658020868739273,-4.194157121149617,0.4612187385806835,-8.277225683480188,0.3553642286085778,0.010991990658249297,4.0830685623305705,622.0,0.3665594855305466,10
Massachusetts,Middlesex,30.839931387863846,131.97762956685193,21.0,88.0,19.362398897667827,89.26374110251895,92.0,452.0,0.6860257520642089,-2.2362095026241686,0.6680373153517245,-4.654727642029949,0.026571133192059178,0.025482641619686927,2.41851813940578,544.0,0.16911764705882354,10
Massachusetts,Norfolk,12.906296509687836,53.58529429930324,19.0,39.0,7.806001347332111,36.25943109040054,37.0,182.0,1.454540408375173,2.1810569585971438,0.7303279109735539,-2.422170462642603,0.6889516327755925,0.059490347931419246,4.603227421239747,219.0,0.1689497716894977,10
Massachusetts,Plymouth,53.610896592356006,55.567258136114816,46.0,31.0,30.61800019300638,34.7697396955942,134.0,162.0,0.8593463226142299,-1.3754582437543927,0.5618252264722355,-4.1663520990875655,0.4249811936462437,0.021913620553884905,2.790893855333173,296.0,0.4527027027027027,10
Massachusetts,Suffolk,750.2954140982763,365.9263308927613,1034.0,429.0,393.70800770967963,204.42895469718314,1695.0,892.0,1.3778720282175136,14.298129687351851,1.1721319233625105,4.411404597039803,0.16171605309618198,0.0022260791439255236,9.886725090312048,2587.0,0.6551990722844995,10
Massachusetts,Worcester,25.486108443091645,124.42435977972605,16.0,73.0,15.107404511835332,77.32291333968702,68.0,364.0,0.6349546349402114,-2.4405806076967327,0.588356027035876,-5.8480999847576856,0.07622130248073673,0.028253120679715537,3.407519377060953,432.0,0.1574074074074074,10
Michigan,Berrien,48.61852547934774,21.70590430324328,42.0,11.0,34.564134428431046,15.022191190626856,202.0,85.0,0.8652539868663087,-1.1257667108297522,0.5178802827822855,-2.762210135582322,0.5132789890385725,0.0465068627414548,1.6364434247525697,287.0,0.7038327526132404,10
Michigan,Calhoun,41.60766828554637,44.07650047023697,45.0,29.0,28.45492319198003,30.1302240288856,152.0,170.0,1.0805632763003898,0.6359450682417916,0.6617836682737508,-2.7466249775972766,0.490299018841057,0.03194570530506436,3.3825700458390684,322.0,0.4720496894409938,10
Michigan,Cass,3.40744934107475,8.822302933024142,4.0,3.0,2.525429585406337,6.325592904192871,16.0,40.0,1.1516464084886302,0.37287035261561174,0.3754437101160158,-2.3149636637951456,1.1208393035800615,0.2987799262375995,2.6878340164107573,56.0,0.2857142857142857,10
Michigan,Genesee,380.26378995240606,137.44543775996257,583.0,158.0,260.6680985894403,90.53433977775636,1385.0,470.0,1.5324461395684057,12.557043001869236,1.149005016576222,2.1602378064623164,0.28796887784754915,0.006595072915141883,10.39680519540692,1855.0,0.7466307277628033,10
Michigan,Ingham,56.56523227852691,59.867562126081275,57.0,54.0,39.459542679240904,40.621044160619114,217.0,226.0,1.0076187847506,0.06921197932840725,0.9028027318077461,-0.9206237092116891,0.10984111650124964,0.023666151798568427,0.9898356885400964,443.0,0.4898419864559819,10
Michigan,Jackson,23.77204212314361,37.98035811036935,22.0,29.0,17.34850882001911,25.849924710035943,102.0,150.0,0.9269924584774039,-0.42544455097745926,0.7666248821122742,-1.7662981503501058,0.1899478199542515,0.04861947986362675,1.3408535993726467,252.0,0.40476190476190477,10
Michigan,Kalamazoo,35.461583084374254,38.74961494796565,22.0,25.0,24.59718875536298,25.699812771088435,140.0,141.0,0.6256676728388113,-2.714272202874299,0.6496879022585594,-2.712224010976792,-0.037672741131967474,0.0366757374499008,-0.0020481918975070457,281.0,0.498220640569395,10
Michigan,Kent,99.45014617904756,99.07045463703298,104.0,92.0,71.30518824687795,65.52974415986849,408.0,355.0,1.0455212322831622,0.5388115272240335,0.9289904353373989,-0.8734299986874852,0.11817238381312659,0.01388610530424689,1.4122415259115186,763.0,0.5347313237221494,10
Michigan,Macomb,24.043036259228224,113.73053416730816,13.0,77.0,17.10843827102846,82.09142646701632,98.0,475.0,0.5500541928639321,-2.669828191395,0.6784525745672286,-4.0539495816777045,-0.2097977735105138,0.03594254994436854,1.3841213902827043,573.0,0.17102966841186737,10
Michigan,Monroe,5.0768455948370255,26.230213383540775,3.0,22.0,3.1436276379922914,17.618147580072982,20.0,108.0,0.6275949262859737,-1.1713553366391356,0.8417441221720458,-1.0078180983805984,-0.2935811386357171,0.14757411356667058,-0.16353723825853717,128.0,0.15625,10
Michigan,Muskegon,31.193629198390106,26.498755299678248,21.0,14.0,22.08999367221385,18.457876694932402,130.0,101.0,0.6783697715846345,-2.1688575868930506,0.5370617955922139,-2.9092155170396916,0.23357936161075568,0.04898836285510239,0.740357930146641,231.0,0.5627705627705628,10
Michigan,Oakland,104.3424684834809,143.85457096998456,125.0,108.0,73.45640933962213,99.74644155673539,415.0,557.0,1.1970340055449373,2.4102582398449424,0.7516215057891048,-3.5900113742462025,0.46536923365737215,0.01156698359488343,6.000269614091145,972.0,0.4269547325102881,10
Michigan,Saginaw,148.09412917288793,75.05596910300024,203.0,69.0,102.72288066706649,50.18186307148034,547.0,261.0,1.3695022887696295,5.417328719769215,0.9198479064606457,-0.8548900457565286,0.397994322634578,0.013591646250310431,6.272218765525744,808.0,0.676980198019802,10
Michigan,St. Clair,4.693117990452223,19.916918804017154,5.0,12.0,3.3100519544547184,14.206719170171851,21.0,90.0,1.059093979784783,0.16867628374647847,0.612237337082447,-2.1004352252784977,0.5480490725334713,0.186097419628347,2.269111509024976,111.0,0.1891891891891892,10
Michigan,Van Buren,5.282661183068823,24.789306422601175,4.0,21.0,4.069851348866963,17.25215532318776,27.0,100.0,0.7781884252834397,-0.6358031547797829,0.8501617102786713,-0.9123007800660543,-0.08845789204059472,0.17391345008291875,0.2764976252862714,127.0,0.2125984251968504,10
Michigan,Washtenaw,39.33722268128043,50.8202219621571,36.0,41.0,28.13438872206243,34.416178037715326,167.0,193.0,0.9162285305885896,-0.6291677375257047,0.8086481003648346,-1.6739403736911636,0.12490197968022801,0.03150720054870888,1.044772636165459,360.0,0.4638888888888889,10
Michigan,Wayne,4658.225963476864,892.4382394105115,5912.0,1060.0,3090.291784898735,590.1849126731825,15802.0,3014.0,1.2691238004450962,22.55378979508165,1.1876521277665377,6.897327747979395,0.0663483851417181,0.0008834389946790115,15.656462047102254,18816.0,0.8398171768707483,10
Minnesota,Anoka,1.3693155776462729,15.088635802056581,1.0,8.0,1.1594668935144847,12.253879584697174,10.0,98.0,0.802432728821908,-0.34297972686043826,0.5452690092919235,-2.0250038800917065,0.3863687565609517,0.6721977616453855,1.6820241532312683,108.0,0.09259259259259259,10
Minnesota,Dakota,2.3017345902062565,11.77006585843003,1.0,7.0,1.8353131411412644,9.522424761965672,13.0,73.0,0.5353826180550435,-0.9608760267109748,0.6112436629545226,-1.5457903801816342,-0.13251400816512163,0.4151542621747046,0.5849143534706593,86.0,0.1511627906976744,10
Minnesota,Hennepin,219.06086749177183,160.64718066920227,262.0,147.0,166.4864795299217,117.50212517930208,997.0,684.0,1.1955682403643142,3.3278502960212704,0.9153123212424252,-1.2589836215592882,0.26711152456815845,0.008022379418679422,4.586833917580559,1681.0,0.5930993456276026,10
Minnesota,Olmsted,2.8416347838452234,7.0751223064243725,2.0,5.0,1.3697402844483006,5.886869193000358,10.0,48.0,0.7481368137792864,-0.7191252893211684,0.7260608842362207,-0.8552665876009505,0.02995199347838035,0.2872321079476577,0.13614129827978216,58.0,0.1724137931034483,10
Minnesota,Ramsey,59.9541158739276,63.52948519919311,74.0,50.0,46.81040292807738,47.84472984304489,305.0,304.0,1.2323395838815012,2.0529477283245012,0.7886991413861373,-1.9559791386868968,0.4462848106212989,0.02487730535976083,4.008926867011398,609.0,0.5008210180623974,10
Minnesota,St. Louis,1.7984361638808801,15.271998781189417,0.0,6.0,1.545561787602281,12.421057733759945,14.0,96.0,0.21753921551415045,-1.4466112597813512,0.41212278102330757,-2.6308378149378666,-0.6389421816542942,0.5311109900067866,1.1842265551565154,110.0,0.12727272727272726,10
Mississippi,Adams,11.89886940424519,3.392848717281532,5.0,2.0,10.194354469385633,2.8495075298009014,100.0,26.0,0.44358883222988715,-2.1607178444670203,0.6422032248265247,-0.8251236669158651,-0.3700067233292871,0.31954002179035457,-1.335594177551155,126.0,0.7936507936507936,10
Mississippi,Attala,3.301035948682763,1.471536166203053,6.0,3.0,2.9226493742523822,1.2754654785990016,34.0,13.0,1.7100601224917524,1.578733198357374,1.7752654300735393,1.3533832983283116,-0.037421420568881106,0.8572264094407929,0.2253499000290624,47.0,0.723404255319149,10
Mississippi,Chickasaw,2.721952477196337,1.6985452680584339,1.0,1.0,2.4639583902129254,1.3386293860342047,36.0,16.0,0.4655562149399741,-1.0969945673017194,0.6822693268102098,-0.6037600567660739,-0.3821916353166198,0.796549056769218,-0.4932345105356455,52.0,0.6923076923076923,10
Mississippi,Clay,1.9134467318471242,1.4956490920095475,4.0,1.0,1.7154832440045866,1.1162688127597205,24.0,10.0,1.8645532717251805,1.593075050825929,0.7516351476849837,-0.46912644950564897,0.9085257405352839,0.9675577474316703,2.062201500331578,34.0,0.7058823529411765,10
Mississippi,Coahoma,11.81074952587966,1.7314780441488056,20.0,5.0,10.03697429961135,1.4237707665975328,100.0,14.0,1.6652113631996897,2.5848940595220227,2.464734087087094,2.73924811099876,-0.39213186601435646,0.5468571233700932,-0.1543540514767372,114.0,0.8771929824561403,10
Mississippi,Copiah,1.0580262153661524,1.6559396660406764,1.0,4.0,0.8747593346921997,1.243572012486283,11.0,11.0,0.9627565859971646,-0.06204116620505201,2.0872569260085676,2.1020029256008907,-0.7738053938251738,1.2349449969162487,-2.164044091805943,22.0,0.5,10
Mississippi,Covington,1.5585806700350324,1.4135738811502394,0.0,0.0,1.3560698876694584,1.0730739399999027,20.0,10.0,0.24288579373063438,-1.3384071546263347,0.26129119179838123,-1.364594724718568,-0.07304411459007838,1.0952659517203487,0.02618757009223316,30.0,0.6666666666666666,10
Mississippi,DeSoto,4.946315537015073,4.842766770413696,5.0,4.0,4.153044764856871,4.0378261895640915,37.0,38.0,1.0098570240045897,0.026343004556278977,0.8422602358237623,-0.4194049898176074,0.18147500425844695,0.34191854251793563,0.44574799437388635,75.0,0.49333333333333335,10
Mississippi,Forrest,17.65346585828815,8.662686106644914,12.0,7.0,14.373436681748291,6.883723015123273,129.0,60.0,0.6885737466100996,-1.491195085442635,0.8185372621856914,-0.6337216938426303,-0.17289649631233753,0.13785265034761754,-0.8574733916000047,189.0,0.6825396825396826,10
Mississippi,Grenada,8.825043378951822,3.0926340418817597,19.0,5.0,7.378820639378484,2.483079178574259,66.0,18.0,2.091143087228393,3.745752598243515,1.5309101722810585,1.2104273917807649,0.31184840577740125,0.35436156134505126,2.5353252064627503,84.0,0.7857142857142857,10
Mississippi,Hancock,1.509477725348033,4.144119145732694,1.0,6.0,1.239758663376516,3.5451297095855634,14.0,35.0,0.7464626161706802,-0.45756903333809995,1.3996195610038569,0.9856756469409607,-0.628610199616261,0.7505338273785142,-1.4432446802790606,49.0,0.2857142857142857,10
Mississippi,Harrison,22.46904455710069,31.252750859547042,33.0,38.0,18.824815824152477,25.32812743567508,190.0,227.0,1.458484697381274,2.4271823608865355,1.2124933732607384,1.3406802304196255,0.18471913978281893,0.0632187874209713,1.08650213046691,417.0,0.4556354916067146,10
Mississippi,Hinds,259.35093712790035,46.215805366194175,410.0,78.0,211.66853619116162,36.96175754764128,1683.0,281.0,1.5797518551874576,10.354718128864148,1.6803734707056215,5.227991881984506,-0.06174829167490736,0.02045188185974011,5.126726246879642,1964.0,0.8569246435845214,10
Mississippi,Jackson,13.756227632340181,13.032034895231671,14.0,16.0,11.910147135297976,10.686232458060221,128.0,95.0,1.0170993599391485,0.07063596978652278,1.2193288095801587,0.9079176981213886,-0.18134573992255137,0.12586045101829713,-0.8372817283348658,223.0,0.5739910313901345,10
Mississippi,Jones,12.495252528324054,4.477239660320173,7.0,4.0,10.336204018650228,3.8617881933748284,107.0,37.0,0.5771338405046943,-1.70925602043494,0.9041155956131971,-0.24285234572099806,-0.44888302458094326,0.2588514296226592,-1.466403674713942,144.0,0.7430555555555556,10
Mississippi,Lauderdale,28.4324793065342,13.219444738430123,24.0,20.0,23.095838642526125,10.782372813178366,201.0,91.0,0.8467991885668382,-0.9223162244529411,1.4942295691148908,2.064943094077748,-0.5679024335821055,0.09026999851448168,-2.987259318530689,292.0,0.6883561643835616,10
Mississippi,Lee,5.735317513277136,5.861122830888657,3.0,4.0,5.096347644352116,5.08733534844299,63.0,59.0,0.561318648576804,-1.211652892422001,0.707422277423834,-0.8251442041256666,-0.23133902295219347,0.3030240841370605,-0.38650868829633434,122.0,0.5163934426229508,10
Mississippi,Leflore,25.617288949045545,2.15258234563793,32.0,2.0,21.246379705360553,1.751218408269003,187.0,15.0,1.2443864316624529,1.3847223907979416,0.9424778100145144,-0.11530128040779866,0.2778854861524119,0.4103138365303614,1.5000236712057402,202.0,0.9257425742574258,10
Mississippi,Lincoln,3.313716426218681,0.9959988672890182,3.0,3.0,2.8515334806441084,0.8952740812459995,34.0,13.0,0.9177399703706517,-0.18577959912672076,2.3395739639446003,2.117970744369171,-0.9358100312663628,1.162167085849518,-2.3037503434958917,47.0,0.723404255319149,10
Mississippi,Lowndes,9.839514206437919,5.157954768695672,14.0,5.0,8.397167455841862,4.219348609164302,88.0,35.0,1.4023869700736564,1.4357460708163274,0.9720827091850215,-0.07689711341237798,0.366490149806845,0.24532853959217635,1.5126431842287054,123.0,0.7154471544715447,10
Mississippi,Madison,9.592210749775397,3.499590179562913,15.0,3.0,8.248252769079146,3.09980205171172,87.0,34.0,1.5358379233553912,1.8829499545322708,0.8750896574064722,-0.2837572144582402,0.5625050427755299,0.34274901806436053,2.166707168990511,121.0,0.71900826446281,10
Mississippi,Marion,2.9206986355017612,1.4816156399701623,1.0,4.0,2.552405713062253,1.2975053026742798,30.0,14.0,0.4385069133048531,-1.2022211772143372,2.2708742852210015,2.2108915655380184,-1.6445446065080709,0.8902788725287742,-3.4131127427523555,44.0,0.6818181818181818,10
Mississippi,Marshall,2.7095434149752844,1.5040595015797973,0.0,1.0,2.4471390369451473,1.1680933123275912,30.0,11.0,0.15578539852960685,-1.732075391964497,0.7484807705647224,-0.46638334925922365,-1.569566103178826,0.8496778194572892,-1.2656920427052731,41.0,0.7317073170731707,10
Mississippi,Monroe,2.302850595255941,1.7822395412777756,2.0,4.0,2.007582448026001,1.5006738284313312,23.0,12.0,0.8919490764978552,-0.21374291924759625,1.9717474518387097,1.8103872473866351,-0.793266418119992,0.8510143820730548,-2.0241301666342313,35.0,0.6571428571428571,10
Mississippi,Oktibbeha,3.6278782174609034,1.1837796753290157,2.0,2.0,3.1790685675692507,1.0412238548906159,39.0,11.0,0.6056380223197994,-0.913002495110362,1.4847548266738,0.7998993616569614,-0.8967224530270567,0.9845661820352416,-1.7129018567673233,50.0,0.78,10
Mississippi,Panola,4.324424042818507,1.5477845260501284,5.0,2.0,3.6504190433139625,1.3414308324551887,35.0,13.0,1.1400324580064922,0.35359232076963015,1.2208315709964506,0.3904462687061945,-0.06847550818503292,0.7551503248660312,-0.036853947936564324,48.0,0.7291666666666666,10
Mississippi,Pearl River,2.3524010488517977,1.7314872974659092,3.0,0.0,2.0113463790996,1.5285934139963024,20.0,18.0,1.2270364300310737,0.45662817264172795,0.22406580605132867,-1.4004684125300964,1.7004173488711534,0.8733291353764132,1.8570965851718242,38.0,0.5263157894736842,10
Mississippi,Pike,5.86067210653033,2.4431793011350504,9.0,3.0,5.023320699324681,2.056439445260814,50.0,17.0,1.4935528574482886,1.4006874136873133,1.189190206199877,0.3882910749946376,0.22788517322328436,0.49076276832011895,1.0123963386926758,67.0,0.746268656716418,10
Mississippi,Rankin,3.95201527500586,5.223105475938704,4.0,2.0,3.4045454718381705,4.5734990090529655,37.0,51.0,1.0107782031350008,0.026005992958154648,0.4368257776325448,-1.5071282947803855,0.8389413738915373,0.38562779230026434,1.53313428773854,88.0,0.42045454545454547,10
Mississippi,Simpson,1.5760920789490962,2.0416629080731408,0.0,2.0,1.4111715458853757,1.8585920411251933,19.0,25.0,0.24083710210632692,-1.3267578958181778,0.9836080119276219,-0.030560295120888478,-1.407106675742478,1.0139672874650965,-1.2961976006972893,44.0,0.4318181818181818,10
Mississippi,Warren,18.071074601979927,5.64100541408601,6.0,2.0,15.590734705418088,4.767404574241474,172.0,46.0,0.35000667108983624,-3.057121104601956,0.4070994619652334,-1.6675555889759517,-0.15110531932155066,0.19756150001065162,-1.3895655156260043,218.0,0.7889908256880734,10
Mississippi,Washington,56.86440908927335,8.821261495167413,56.0,8.0,45.24597451549032,7.107924893285268,370.0,58.0,0.9849312648208732,-0.12850775941941978,0.911893739319169,-0.30804207937668016,0.07704838744783632,0.10533691194300653,0.17953431995726038,428.0,0.8644859813084113,10
Mississippi,Wayne,1.9823398003743917,1.342905192409017,2.0,1.0,1.786245320627464,1.1736131462729293,26.0,18.0,1.0071143360884536,0.013213718677392768,0.8139322663903418,-0.31652759547050663,0.21296727585494316,1.105333484798631,0.3297413141478994,44.0,0.5909090909090909,10
Mississippi,Yalobusha,1.1148627496733061,1.647739223269909,2.0,2.0,0.9739728221726045,1.2968213525633454,12.0,14.0,1.5481191825780618,0.8968859048749087,1.1640146871247143,0.30933154592788653,0.2851657964989728,1.2612600771869964,0.5875543589470222,26.0,0.46153846153846156,10
Missouri,Audrain,1.968338753383697,2.7202973027856774,2.0,1.0,1.4627681087723508,2.2361866830279187,10.0,17.0,1.0128269454801941,0.026178229389612916,0.4657955023911749,-1.1504016077927626,0.7767539542345291,0.6797378280918126,1.1765798371823755,27.0,0.37037037037037035,10
Missouri,Boone,12.018996489734867,18.04780835002611,7.0,11.0,9.621307792674104,13.449132546502929,68.0,92.0,0.5990895521178342,-1.6180794333393287,0.6200193458427562,-1.9217945126029563,-0.03433959088259592,0.10789364087363165,0.3037150792636276,160.0,0.425,10
Missouri,Buchanan,3.1666370442793768,18.842543019023065,3.0,12.0,2.4309235437439485,13.491063878211058,16.0,87.0,0.954553166220976,-0.10687740580745157,0.6462438774315488,-1.8629209949485432,0.3900663904287501,0.28042206632428635,1.7560435891410917,103.0,0.1553398058252427,10
Missouri,Butler,2.443281504995349,8.33539416008037,1.0,5.0,2.028666616899255,6.546701429137593,15.0,46.0,0.5096352480910148,-1.0133178781266954,0.6224962803413822,-1.3035746207653618,-0.2000423829463709,0.4340574183676854,0.2902567426386664,61.0,0.2459016393442623,10
Missouri,Cape Girardeau,5.633830332534629,8.415997252777354,4.0,8.0,4.459604878680407,6.424964553682195,31.0,39.0,0.7336362038140212,-0.7736753564021731,0.953342599713367,-0.16411757626914514,-0.26196106446154344,0.2312149725658691,-0.609557780133028,70.0,0.44285714285714284,10
Missouri,Cole,4.659066376232109,11.561836712546652,2.0,6.0,3.722515661581693,8.415125831699845,26.0,51.0,0.48458380212310026,-1.3781957667858704,0.5388897358591116,-1.9172905303932524,-0.10622059571915286,0.23444160130409353,0.539094763607382,77.0,0.33766233766233766,10
Missouri,Dunklin,1.7645321348009273,5.94594665716755,0.0,3.0,1.5179218243370873,4.739599801075332,13.0,35.0,0.22079616019401485,-1.4322039571136638,0.5429768792933132,-1.3531752394940222,-0.8998268156310064,0.6215776937026999,-0.07902871761964159,48.0,0.2708333333333333,10
Missouri,Greene,8.025222521323204,51.5031641405736,10.0,47.0,6.280749947598326,39.56465363826661,43.0,260.0,1.231639405744249,0.7879749547844744,0.9134059587528027,-0.7159193375997611,0.29892098667335326,0.11243637771795918,1.5038942923842356,303.0,0.1419141914191419,10
Missouri,Jackson,1015.0381900533281,506.83010683046615,960.0,456.0,602.2871294909426,309.5014403499327,2772.0,1475.0,0.9458039189541085,-2.2426543980413935,0.8998086134725453,-2.8892803585173668,0.04985318472126159,0.00178943663277638,0.6466259604759732,4247.0,0.6526960207205086,10
Missouri,Jasper,1.991210364875284,25.789760536257397,2.0,24.0,1.5275585193708254,19.079466763088384,10.0,127.0,1.003528258893205,0.007111675283527728,0.93192176346418,-0.4097432533305901,0.07402846179083293,0.4139546656262089,0.4168549286141178,137.0,0.072992700729927,10
Missouri,Pemiscot,3.862727406061803,4.415365226205954,1.0,1.0,3.133654852376651,3.5458610676403413,22.0,24.0,0.3438216189982031,-1.6171653052933441,0.30516552300179983,-1.8137452775479934,0.11926864568985447,0.3919026205494718,0.1965799722546493,46.0,0.4782608695652174,10
Missouri,Pettis,2.9726595421178335,4.450674566585919,3.0,2.0,2.328770810721699,3.464296488842349,15.0,23.0,1.0078730602728456,0.017916055913203586,0.5049816881266038,-1.3166735666270555,0.6910753409497067,0.4384232025650424,1.3345896225402591,38.0,0.39473684210526316,10
Missouri,Scott,8.837124331326287,5.0499549596652695,6.0,1.0,6.683219450352139,3.913825604354973,43.0,26.0,0.6961458120668198,-1.097451931961125,0.2702724636328343,-2.0471490224362174,0.9461285637478293,0.2390493755638734,0.9496970904750925,69.0,0.6231884057971014,10
Missouri,St. Charles,3.3198172914449517,25.25228144268766,1.0,18.0,2.6677546616435484,19.0230976802095,19.0,130.0,0.3926889391698061,-1.4203024543157288,0.7183829534160773,-1.6627770844593497,-0.6039849930850132,0.2718887676372268,0.24247463014362092,149.0,0.12751677852348994,10
Missouri,St. Louis,198.86643558270754,143.681178886745,187.0,82.0,140.95918901193681,100.72224836347353,781.0,555.0,0.9404792710065545,-0.9994788070757776,0.5721967363354974,-6.145963260032232,0.4969067312142442,0.008443210404830962,5.146484452956455,1336.0,0.5845808383233533,10
Missouri,St. Louis city,1985.0113410210433,310.60334114830846,2867.0,381.0,1135.3009738302671,176.9625398002039,5120.0,802.0,1.4442123501170216,26.176253966842925,1.226280626212022,5.291896918019323,0.16357837943682632,0.0021224223467292106,20.884357048823603,5922.0,0.8645727794663964,10
Nebraska,Douglas,81.42371935623635,63.71247301453181,111.0,38.0,57.55163179554708,45.12925577964251,325.0,258.0,1.3610221908401696,3.898654392008767,0.5995719864470433,-3.8274961547612327,0.8197752625888106,0.019798274380324818,7.72615054677,583.0,0.5574614065180102,10
Nebraska,Lancaster,5.697219021118497,28.87606901853656,3.0,13.0,4.418529317543932,22.128479848329853,30.0,153.0,0.5647694535360003,-1.283149748726839,0.4595577438043661,-3.374948795002719,0.2061530005297567,0.16266783647169317,2.09179904627588,183.0,0.16393442622950818,10
Nevada,Clark,498.75924190801345,1103.4665754358434,501.0,1014.0,300.4849966137276,646.9167558523901,1365.0,2937.0,1.0044881654737587,0.129265781845569,0.9189589817060156,-3.5175203117346365,0.08899191493351835,0.001739215565601895,3.6467860935802054,4302.0,0.3172942817294282,10
Nevada,Washoe,15.821661557481479,169.50286915485486,11.0,81.0,10.93043301337245,112.98939660750875,58.0,575.0,0.7045851281439335,-1.4584046472934251,0.47940367362719044,-8.326040240118022,0.38506617393797765,0.047597606525680194,6.867635592824597,633.0,0.09162717219589257,10
New Jersey,Atlantic,107.34318721368338,80.91412457681815,136.0,97.0,69.8518336569082,54.59460116534529,345.0,287.0,1.265726686374126,3.4287749506120724,1.1975808928339462,2.177057261777666,0.055342813426196825,0.014400931396389708,1.2517176888344066,632.0,0.5458860759493671,10
New Jersey,Bergen,28.51605579547984,80.0556834156723,17.0,69.0,19.280510766270098,55.2889594996361,101.0,291.0,0.6031143627290024,-2.622675099839833,0.8627572512962953,-1.486847358235553,-0.35802653179494054,0.032337326915227574,-1.13582774160428,392.0,0.2576530612244898,10
New Jersey,Burlington,25.6250066781313,41.02007561993052,20.0,27.0,17.947407405099078,28.863974508236883,99.0,165.0,0.7846887946313952,-1.3277679511281844,0.6623302002561723,-2.6095900628440223,0.1695229757098892,0.04448606056941219,1.281822111715838,264.0,0.375,10
New Jersey,Camden,359.22321163158546,242.2671041607547,432.0,233.0,205.88171992658786,146.03999434675953,918.0,668.0,1.2023132953759728,5.072055446122541,0.961827183329508,-0.7668459720182461,0.22316793478532124,0.004083657726736517,5.838901418140788,1586.0,0.5788146279949559,10
New Jersey,Cape May,5.282656766349631,17.73053276648419,1.0,8.0,3.8423075780221323,12.143892915673899,23.0,66.0,0.2593963398845981,-2.1848277617611793,0.46625077329757325,-2.7922715728027376,-0.5863664676492297,0.17631430467689102,0.6074438110415583,89.0,0.25842696629213485,10
New Jersey,Cumberland,36.27291518306844,36.80471529267078,26.0,19.0,25.090818945722933,26.583279171605184,132.0,152.0,0.7206390863512921,-2.050861272444742,0.5227221236515145,-3.453271762175019,0.3210884277021218,0.038694602637557626,1.402410489730277,284.0,0.4647887323943662,10
New Jersey,Essex,1419.3483562966549,321.7113130274245,1874.0,416.0,851.5551517377468,196.85020348635834,3861.0,901.0,1.3202114096812412,15.580176568944324,1.2926299703342516,6.720346316591059,0.02111300296017661,0.002324670448748301,8.859830252353266,4762.0,0.8107937841243175,10
New Jersey,Gloucester,11.97575194138309,32.6702662759158,10.0,28.0,8.17534731804763,23.388881593082665,48.0,135.0,0.8416326366004955,-0.6910020110120078,0.8592032322843673,-0.9656881784908047,-0.02066186525504813,0.07891649718631119,0.2746861674787969,183.0,0.26229508196721313,10
New Jersey,Hudson,191.63506181899018,219.4755466986249,199.0,239.0,121.48852901511222,146.50704555377843,596.0,755.0,1.03833208843448,0.6681923036225471,1.0887573805106818,1.6130566759316467,-0.04742136341518411,0.0063496399210790765,-0.9448643723090996,1351.0,0.4411547002220577,10
New Jersey,Mercer,167.22341173386044,84.55455283346144,191.0,91.0,108.92368765939291,55.25634535582623,541.0,283.0,1.1417607000736885,2.278181753629326,1.0757801546397978,0.867085600690197,0.05952542106759305,0.011623916273715378,1.411096152939129,824.0,0.6565533980582524,10
New Jersey,Middlesex,46.05281486844707,89.73918413809525,30.0,75.0,30.505206050307144,60.855954875999906,156.0,322.0,0.6551698342235482,-2.906459098974015,0.8366653657291547,-1.8893912683017449,-0.24452969763450785,0.021940217434529487,-1.0170678306722702,478.0,0.3263598326359833,10
New Jersey,Monmouth,45.561250363080454,64.86610506188872,31.0,54.0,30.60670411053404,44.47983650415564,160.0,239.0,0.6838720128459267,-2.632027281960371,0.8337654499744068,-1.6292671782631807,-0.19818134337018806,0.0253156177513198,-1.0027601036971903,399.0,0.40100250626566414,10
New Jersey,Morris,3.9015203073930014,35.21779525253381,6.0,25.0,2.74914205143298,25.20506985998656,16.0,142.0,1.4767624697953325,1.265628308955594,0.7139298442053484,-2.035228816647538,0.7268227501352941,0.2009267276173702,3.300857125603132,158.0,0.10126582278481013,10
New Jersey,Ocean,15.112249433119581,50.8151916488264,15.0,24.0,10.53606116641217,35.618337730578546,59.0,198.0,0.9928101691174971,-0.034581594563743726,0.4774414595908525,-4.493079276909591,0.7320979220144942,0.05992777016611718,4.458497682345848,257.0,0.22957198443579765,10
New Jersey,Passaic,126.52894387179761,149.96887708536144,109.0,109.0,83.50785967072984,100.67293326211029,423.0,519.0,0.8620082688439221,-1.9181919940134804,0.7277252420637148,-4.083172231800783,0.1693413010338732,0.009692330051135817,2.1649802377873026,942.0,0.44904458598726116,10
New Jersey,Salem,11.571312745487097,8.184717365894308,8.0,5.0,7.980155052531351,5.95373281727028,47.0,33.0,0.7041487681758354,-1.2642187257977073,0.6332963720384283,-1.3051974766330463,0.10605113742094115,0.14847545506064003,0.04097875083533897,80.0,0.5875,10
New Jersey,Somerset,6.92988958983223,22.567517376156722,2.0,11.0,4.991517264525647,16.116756986475412,29.0,91.0,0.3364787551380627,-2.206586232186171,0.49853652703375634,-2.881385270712007,-0.39314184832013904,0.1355847014795364,0.674799038525836,120.0,0.24166666666666667,10
New Jersey,Union,155.6872004681931,109.28109355089188,168.0,101.0,97.755320157471,71.79674453161567,466.0,355.0,1.0788336015684867,1.2453361853819434,0.9245672156922634,-0.9773166880844676,0.15430998485437739,0.010044999775855039,2.222652873466411,821.0,0.5676004872107187,10
New Mexico,Bernalillo,65.3978298112967,556.9543276541231,70.0,480.0,40.903140151322866,341.3436628236289,186.0,1549.0,1.0698379628264232,0.7195887247418862,0.8619540223537918,-4.165212143756274,0.21606054847296605,0.01066419411003658,4.88480086849816,1735.0,0.10720461095100864,10
New Mexico,Chaves,5.058986020888681,87.1222251617106,2.0,81.0,2.9627659322697837,50.456863233697526,13.0,219.0,0.4497223037809223,-1.7771693772391157,0.9301293119364206,-0.8618847051655535,-0.7266933320052973,0.12241072371193766,-0.9152846720735622,232.0,0.05603448275862069,10
New Mexico,Curry,6.5253293581065925,24.473337786404098,2.0,9.0,3.934018220643047,15.30069568935559,17.0,70.0,0.3558552023066686,-2.281560605819587,0.38040569831926746,-3.955746181605772,-0.06671439734859014,0.11793749775192411,1.674185575786185,87.0,0.19540229885057472,10
New Mexico,Dona Ana,4.212286927560177,65.17441533455194,2.0,45.0,2.8038687512837637,42.86599599611208,14.0,220.0,0.5305279662362145,-1.3211818925477743,0.6928116492277627,-3.081374597398804,-0.2668854983968614,0.16811510806470115,1.7601927048510297,234.0,0.05982905982905983,10
New Mexico,Lea,11.27710558953471,48.43682986336348,2.0,19.0,7.189568334169644,30.68329939131412,32.0,139.0,0.21227626609899233,-3.4598804414875532,0.39847288952811105,-5.3142258660081625,-0.6297508963231278,0.0696119947305899,1.8543454245206092,171.0,0.1871345029239766,10
New Mexico,Otero,5.392497796036129,18.811418036345938,5.0,7.0,3.3482918489556033,11.219944705847535,15.0,49.0,0.9333902515330321,-0.2144991470774481,0.3883712726783855,-3.52619789838956,0.8768616189773234,0.1468509931052249,3.311698751312112,64.0,0.234375,10
New York,Albany,53.37469026965381,43.94857593367079,45.0,24.0,34.396681244613944,28.938702040189664,166.0,146.0,0.8445524191835391,-1.4279417220001436,0.5511987613857546,-3.7082787639344836,0.42671133301296815,0.027056528415810917,2.28033704193434,312.0,0.532051282051282,10
New York,Broome,10.407432111700617,24.376720809081164,9.0,8.0,7.67186462704392,17.671671706814863,45.0,107.0,0.870965769276635,-0.5081325198581924,0.34168490554820646,-3.8957235236915273,0.9357136920222134,0.10056848020616714,3.387591003833335,152.0,0.29605263157894735,10
New York,Cayuga,2.0186566376701185,6.309546709304526,2.0,2.0,1.5653745187252897,4.919186048391176,10.0,33.0,0.9925926236267851,-0.014911600063221326,0.36713163250411573,-1.9430544369867622,0.9945998763398075,0.5077087926969485,1.928142836923541,43.0,0.23255813953488372,10
New York,Chautauqua,2.152680264972982,11.540758852256973,3.0,11.0,1.7144310856260065,8.695519315040613,12.0,55.0,1.3194202279918,0.6471236998186569,0.9550893046782005,-0.18338164979354976,0.32314284901546253,0.4352522960376747,0.8305053496122067,67.0,0.1791044776119403,10
New York,Chemung,4.312125178364385,11.455399492419303,4.0,6.0,3.3907920178780713,8.73260273122884,23.0,57.0,0.9351377682842252,-0.16950332721302744,0.5436873944799192,-1.8460978106156447,0.5423194250073828,0.24890151235835056,1.6765944834026172,80.0,0.2875,10
New York,Clinton,2.6606891459737954,8.46235425538077,4.0,9.0,1.8139685493902156,6.6376820308188345,10.0,44.0,1.4237401377266945,0.9944123559955493,1.0599893431233698,0.20868344167776653,0.29502845436918707,0.348927032436401,0.7857289143177828,54.0,0.18518518518518517,10
New York,Dutchess,37.36527560717446,35.25529842688618,46.0,21.0,24.96365324732503,24.419687607344677,127.0,136.0,1.2280380706165912,1.7282016258594386,0.601309482676086,-2.8847372433480007,0.714063362144954,0.03752695174934631,4.612938869207439,263.0,0.4828897338403042,10
New York,Erie,535.3432271411397,218.35027315722064,755.0,206.0,293.9675094740364,123.838476935141,1275.0,553.0,1.4099273103269128,12.811351067591959,0.9435674766174577,-1.1098103282414784,0.40162554948471996,0.0036231894394381445,13.921161395833437,1828.0,0.6974835886214442,10
New York,Monroe,423.7981291591634,195.06808857921592,463.0,145.0,245.9406863669503,114.7169117134177,1083.0,516.0,1.0923922783221396,2.499721370652166,0.7439864093219095,-4.674630501493521,0.38410255340440297,0.004384118790801736,7.174351872145687,1599.0,0.6772983114446529,10
New York,Nassau,105.43200054039224,138.44968987947203,141.0,143.0,74.87066126828819,96.49610637118985,403.0,522.0,1.3357625578499819,4.110584727349814,1.0327478969148833,0.4632187193085456,0.25727922225967004,0.011769598548415038,3.647366008041269,925.0,0.43567567567567567,10
New York,New York,9812.820573649578,7719.180144093695,10353.0,8078.0,4912.72450375013,3864.1573764275167,20624.0,16259.0,1.0550455294205812,7.70684871901584,1.046481181759951,5.772302263351668,0.008150641177122376,0.00011586969261349738,1.9345464556641714,36883.0,0.5591736030149391,10
New York,Niagara,16.661286184430928,34.146729616333864,14.0,18.0,10.611139318690032,23.209842401821078,51.0,120.0,0.8449250157691968,-0.8169783937475815,0.5339609309410361,-3.351571410258417,0.45892521143309883,0.058130317530023505,2.5345930165108355,171.0,0.2982456140350877,10
New York,Oneida,36.484300861616866,45.865441132061214,46.0,30.0,23.15285392488235,31.003308681851546,110.0,159.0,1.2572902263040677,1.9775999227771315,0.6578175308011805,-2.8493652916072723,0.6477864859544379,0.032131663759871934,4.826965214384404,269.0,0.40892193308550184,10
New York,Onondaga,106.72219954829747,78.30430766306021,79.0,42.0,68.8496204845147,50.5013512355548,335.0,248.0,0.7414509339942219,-3.3410033413602305,0.5393106196899186,-5.1086560009184945,0.3183172943384168,0.014281231443489233,1.767652659558264,583.0,0.5746140651801029,10
New York,Orange,33.803801814277286,62.56307394116083,30.0,37.0,23.943242622860847,42.033905806414516,130.0,217.0,0.8891142785026779,-0.7773675326930486,0.594642754569628,-3.942876760563873,0.40226496176167137,0.03169226678713262,3.165509227870824,347.0,0.3746397694524496,10
New York,Orleans,2.5491683036469457,6.82453958162527,2.0,7.0,1.797893260929687,4.970371769651585,10.0,29.0,0.819895706317649,-0.4095656361662204,1.0239551464524677,0.07870181056864692,-0.2222508575958006,0.38339216878665355,-0.4882674467348673,39.0,0.2564102564102564,10
New York,Rensselaer,7.678433858811907,21.168085126948146,10.0,14.0,5.816453622735156,14.97204154812617,37.0,90.0,1.2838643903302716,0.9626134519229997,0.6691869593020313,-1.852518878620954,0.6515663817382441,0.13206679340529037,2.8151323305439537,127.0,0.29133858267716534,10
New York,Rockland,19.748161879802694,31.261027208239486,11.0,19.0,12.418289366289846,19.422020741800292,58.0,93.0,0.5679527884193338,-2.4824809420853953,0.6139599916636602,-2.7821442859729943,-0.07789146958069058,0.05171671321734736,0.2996633438875991,151.0,0.3841059602649007,10
New York,Schenectady,27.095154724793144,25.372141667787165,32.0,16.0,16.84982861251261,16.860416829181847,78.0,87.0,1.1777429887283817,1.1948890137272896,0.6377516098925736,-2.282467966468898,0.6134062831050741,0.04914267928431866,3.4773569801961877,165.0,0.4727272727272727,10
New York,Suffolk,133.68592550277535,230.4886563839707,146.0,222.0,79.69293425566661,139.18289759822358,372.0,657.0,1.091768748854141,1.3794052285571747,0.9632507651377474,-0.7195252136340877,0.1252405875948549,0.007079024990615649,2.0989304421912625,1029.0,0.36151603498542273,10
New York,Sullivan,5.254583519235471,18.611486585696625,2.0,9.0,3.864999905295256,13.670330430968617,23.0,81.0,0.43443630484176887,-1.6554675684453886,0.4970832570978528,-2.59956725644638,-0.13470819156906577,0.17944765808439417,0.9440996880009915,104.0,0.22115384615384615,10
New York,Ulster,6.2855730637602,33.1127668745009,1.0,17.0,4.564500636155247,23.30664285050212,26.0,128.0,0.22105723214610568,-2.4739757855914286,0.5206355092795333,-3.3375690775834115,-0.8566285616304588,0.1367886793612739,0.8635932919919829,154.0,0.16883116883116883,10
New York,Wayne,1.8330763343132093,8.084972257117546,2.0,5.0,1.4699564272699623,6.107994777405176,10.0,42.0,1.0715465941820237,0.13767835952505966,0.6406543708327204,-1.2482510334647567,0.514368190543069,0.5309069329488341,1.3859293929898164,52.0,0.19230769230769232,10
New York,Westchester,169.51371520084203,157.43187075328152,141.0,155.0,102.12026308333452,95.95767716164836,468.0,444.0,0.8322857943127826,-2.8216155820523157,0.9846017732729796,-0.2482564989867669,-0.16806138371356652,0.007425510813709922,-2.5733590830655486,912.0,0.5131578947368421,10
New York,Wyoming,1.847170929038094,4.092572572764071,3.0,5.0,1.5022538013201083,2.763491065503855,10.0,17.0,1.4911568461843352,0.9405746372801012,1.1975858656251537,0.5458620091608325,0.2192444737411937,0.6052730977799764,0.39471262811926866,27.0,0.37037037037037035,10
North Carolina,Alamance,23.446693255912383,25.908486279479785,12.0,18.0,18.565046114085213,19.929513336047865,137.0,138.0,0.5219927388894824,-2.656635848900144,0.7005323896347317,-1.7715157532341599,-0.29418692497534066,0.06346030269143252,-0.8851200956659842,275.0,0.49818181818181817,10
North Carolina,Anson,14.195742785407504,5.40030888251081,10.0,11.0,11.377832581344682,4.125763772526342,94.0,31.0,0.7144926359507483,-1.2438817241112878,1.9490505037943546,2.7568421022413316,-1.003524921102273,0.19793122780696631,-4.000723826352619,125.0,0.752,10
North Carolina,Beaufort,10.911479389113444,8.178674101542217,6.0,12.0,8.862980809265048,6.287045353553451,73.0,47.0,0.5696018700433357,-1.6497662751000735,1.440312178305984,1.5240204024569293,-0.9276775163905746,0.16843087112784658,-3.1737866775570027,120.0,0.6083333333333333,10
North Carolina,Bertie,5.152801110399926,3.1668397521812786,2.0,1.0,4.540102261002446,2.6067825344224316,51.0,22.0,0.44225861677683004,-1.4796662135704979,0.40907159880867466,-1.3420676041367843,0.0780046178661356,0.430920951717217,-0.1375986094337136,73.0,0.6986301369863014,10
North Carolina,Bladen,10.486358378913096,6.586919289879015,6.0,4.0,8.505714456410294,5.402796329969333,78.0,47.0,0.591642815191239,-1.5382912276031935,0.6349726610300965,-1.1129446884657002,-0.07067884439394609,0.20187443749906606,-0.4253465391374933,125.0,0.624,10
North Carolina,Brunswick,5.501603931965154,13.499098504780632,5.0,12.0,4.407289217711202,10.87561534743185,37.0,91.0,0.9164216869937784,-0.23893246119058736,0.8929146398770824,-0.4545725969310852,0.025985627458382673,0.20529270072935038,0.21564013574049784,128.0,0.2890625,10
North Carolina,Buncombe,17.70342126034205,46.25876352397366,18.0,44.0,14.223271652839351,35.30282216338906,114.0,248.0,1.0162924724652764,0.0786394129654285,0.9516932580388792,-0.3801596799691137,0.06567367838358948,0.0618797765539988,0.45879909293454224,362.0,0.3149171270718232,10
North Carolina,Burke,4.0299680291932045,21.639203180058637,1.0,17.0,3.2214872044819343,17.015996299369355,27.0,137.0,0.3311281647758456,-1.6881453650579825,0.7904530193644327,-1.1246430459800334,-0.8701007181458502,0.23469875067775334,-0.5635023190779491,164.0,0.16463414634146342,10
North Carolina,Cabarrus,20.662521111020173,30.59366641591152,25.0,30.0,16.093755754496573,23.16478238361432,115.0,149.0,1.2049604045862536,1.0812065575352316,0.9809071594204881,-0.12334693688064521,0.2057241697486195,0.062445039117505534,1.204553494415877,264.0,0.4356060606060606,10
North Carolina,Caldwell,4.299994085957324,27.64596170722024,6.0,27.0,3.4698773270619943,20.71789532175649,29.0,159.0,1.3541683351269427,0.9126271228225772,0.9770495777000032,-0.14191684787361603,0.32640537447644025,0.2147699402618544,1.0545439706961932,188.0,0.15425531914893617,10
North Carolina,Carteret,3.0356543916028396,9.49051728555896,2.0,8.0,2.5693277715796587,7.48891023501075,22.0,54.0,0.7070826848736932,-0.6461079659148927,0.8508067957888962,-0.5446627875527661,-0.18503746003319158,0.36195970186216303,-0.10144517836212663,76.0,0.2894736842105263,10
North Carolina,Caswell,5.821066932123868,4.28479994795837,7.0,5.0,4.707814216271249,3.4258110022367996,40.0,28.0,1.1865085563142443,0.5433497747817166,1.14947334472088,0.3864077582004324,0.03171113189102359,0.3255317756052628,0.15694201658128426,68.0,0.5882352941176471,10
North Carolina,Catawba,20.54863586839028,38.24849004874438,19.0,32.0,15.291375018153342,29.312836456071047,105.0,202.0,0.9264258321501994,-0.3960281382553545,0.8387423602601295,-1.1541072255219167,0.09943041111364413,0.05625117881783287,0.7580790872665621,307.0,0.34201954397394135,10
North Carolina,Chatham,8.545421857582404,9.785070174891654,8.0,16.0,6.732877545790934,7.4873801314355655,55.0,58.0,0.939701888295547,-0.21019974277700376,1.6042671288991779,2.2712831965580214,-0.5348596289209262,0.17039973325119462,-2.481482939335025,113.0,0.48672566371681414,10
North Carolina,Chowan,3.214796587721438,3.090874068159344,6.0,2.0,2.522580779004681,2.3102081896066733,20.0,14.0,1.7497593331178694,1.7536155078522078,0.6962093218940095,-0.717710100917268,0.9215831685616659,0.48590123934654983,2.471325608769476,34.0,0.5882352941176471,10
North Carolina,Cleveland,30.85093280671905,20.60359124378457,32.0,25.0,23.617979605628268,14.758567532141452,159.0,94.0,1.036651770470915,0.23644168940297092,1.2083251473850574,1.1443950239284288,-0.15323915693856466,0.059580825748508925,-0.9079533345254579,253.0,0.6284584980237155,10
North Carolina,Columbus,22.432493749544754,13.461206806902206,25.0,17.0,17.37190356389688,10.239821970748302,137.0,73.0,1.1119593132127732,0.616010059983347,1.253473302275579,1.105882486138334,-0.11979473352421062,0.09103159358239313,-0.48987242615498705,210.0,0.6523809523809524,10
North Carolina,Craven,14.894115098002368,10.413352912901466,16.0,11.0,11.598503198413093,8.092489880061462,87.0,57.0,1.0718381599044389,0.32471993818723105,1.0537549817897867,0.20622239965407138,0.01701512301316706,0.12691230943543028,0.11849753853315967,144.0,0.6041666666666666,10
North Carolina,Cumberland,130.89714668219125,78.74407686536009,197.0,97.0,100.2407809145729,58.24763569269002,693.0,393.0,1.503076778963024,6.602341521551245,1.2303758698035905,2.392019124782588,0.20019448536498993,0.015244206039521885,4.210322396768657,1086.0,0.638121546961326,10
North Carolina,Davidson,7.875477976811228,25.365808536536452,9.0,32.0,6.560570993974821,20.396876452181314,59.0,156.0,1.1342636236764252,0.4390329800330849,1.2564849830266274,1.4689471416829871,-0.10233447583299107,0.137476669709505,-1.0299141616499021,215.0,0.2744186046511628,10
North Carolina,Davie,1.8292409268446803,4.266015581635758,1.0,2.0,1.5072372632996538,3.456679647086991,14.0,29.0,0.6439866235872747,-0.6754448847836878,0.5245471730375603,-1.218802469719079,0.20514259220822134,0.6403820081066511,0.5433575849353911,43.0,0.32558139534883723,10
North Carolina,Duplin,14.779977587647325,13.486164179105243,9.0,15.0,11.67994726373367,10.212907868028402,89.0,74.0,0.6217286606284038,-1.691241837125374,1.1082380988460272,0.4737007478828956,-0.5780229742484575,0.10962086892658243,-2.1649425850082693,163.0,0.5460122699386503,10
North Carolina,Durham,141.94793190367204,50.174835941888446,164.0,64.0,106.94445663877144,38.089136525871126,658.0,235.0,1.1548079203511377,2.13240742357896,1.2728210915959475,2.2401119866306867,-0.09730174150783373,0.020437285154585802,-0.1077045630517266,893.0,0.7368421052631579,10
North Carolina,Edgecombe,11.357613641650282,6.749563624856667,17.0,5.0,9.201868502499773,5.1086242802134025,83.0,38.0,1.4758450164483887,1.8600508172235308,0.7586663535363816,-0.7740655850140639,0.6654239034006459,0.18347280408415473,2.634116402237595,121.0,0.6859504132231405,10
North Carolina,Forsyth,103.19325299607063,62.27517831064363,110.0,60.0,77.81668633995761,46.96038273073483,514.0,290.0,1.0656431041293237,0.7716195849218187,0.9637567208589215,-0.332008822979723,0.10049485103273731,0.01941633760516398,1.1036284079015417,804.0,0.6393034825870647,10
North Carolina,Franklin,8.29509538268745,6.664608613634689,10.0,11.0,7.158805368648497,5.268899586790588,72.0,44.0,1.1938472004145106,0.6372059308575849,1.6051121031391435,1.8887233497609908,-0.2960125664064427,0.22266285690360615,-1.251517418903406,116.0,0.6206896551724138,10
North Carolina,Gaston,37.25993517399378,65.66647455100471,27.0,39.0,28.245975709704645,48.61207149364031,190.0,312.0,0.7282851486180502,-1.9304845316038466,0.5969790633102456,-3.8246662145049632,0.19881061622369856,0.031619135486670794,1.8941816829011167,502.0,0.3784860557768924,10
North Carolina,Granville,10.776094282375164,5.194442066812825,10.0,5.0,8.68047357086471,4.220500426490184,72.0,35.0,0.9311734841036031,-0.2634163782945337,0.9658540618147593,-0.09464730547444707,-0.036567146476559474,0.23116941381600564,-0.16876907282008663,107.0,0.6728971962616822,10
North Carolina,Greene,3.676268201753202,3.4965596208269467,4.0,2.0,3.049022051190054,2.6825831005326246,28.0,19.0,1.077517003843502,0.18539801373611922,0.6255380219957067,-0.9137290467744091,0.543802488059206,0.44502120857076455,1.0991270605105283,47.0,0.5957446808510638,10
North Carolina,Guilford,169.01386987100508,87.13695400450435,222.0,86.0,127.62948367455942,64.65014049098214,800.0,400.0,1.3125769600405899,4.6901496012685655,0.987026545851355,-0.14140284880449328,0.28505069440357944,0.012982538877050375,4.831552450073059,1200.0,0.6666666666666666,10
North Carolina,Halifax,30.861735871691828,8.957139608352772,29.0,9.0,24.345935743653175,7.134101489715369,188.0,54.0,0.9406367083981377,-0.3773156605478596,1.0045320671389235,0.01604672808740534,-0.06572011190246424,0.11448170075749622,-0.3933623886352649,242.0,0.7768595041322314,10
North Carolina,Harnett,16.885351761902836,22.294765098088675,14.0,23.0,13.338383335734068,16.67258020870584,114.0,129.0,0.8340354683978489,-0.7900365240916823,1.0309384588468717,0.17271592767893476,-0.21194886198578475,0.0803250732458068,-0.9627524517706171,243.0,0.4691358024691358,10
North Carolina,Henderson,3.6926549622445735,20.13167443757213,2.0,7.0,2.7953087956565397,15.606949463066117,22.0,109.0,0.596280882284099,-1.0124032793117557,0.3635187256707496,-3.3240006118620697,0.49488102448906635,0.24350792231810514,2.3115973325503143,131.0,0.16793893129770993,10
North Carolina,Hertford,9.681682011256322,2.4269116527150976,6.0,4.0,7.787488788109315,1.8544305699794719,60.0,12.0,0.638401395055743,-1.3193121388478548,1.5374567236512435,1.1551751159785968,-0.8789176206949251,0.39792910570282036,-2.4744872548264514,72.0,0.8333333333333334,10
North Carolina,Hoke,8.176384082288036,6.803521639876056,10.0,6.0,6.178583183563273,5.069097101330392,46.0,35.0,1.2101815572497179,0.7336500058297891,0.8899816171572688,-0.35688826843501426,0.3073248670152336,0.2019324205148505,1.0905382742648033,81.0,0.5679012345679012,10
North Carolina,Iredell,11.664740607494265,25.644504793541266,11.0,21.0,9.622642048171706,18.57664272277952,83.0,128.0,0.9453551350626629,-0.21429154905044753,0.8223525429065062,-1.0775955795061722,0.1393914737700329,0.0989677180547117,0.8633040304557247,211.0,0.3933649289099526,10
North Carolina,Johnston,22.110287304164757,25.707964907266607,26.0,17.0,17.161518919597935,19.94124848523239,127.0,143.0,1.1720328735105798,0.9389439386124494,0.6677359368391029,-1.9500264295254148,0.5626022275637601,0.06527772896106776,2.8889703681378642,270.0,0.4703703703703704,10
North Carolina,Lee,17.038191016818715,18.53154060010323,14.0,14.0,13.39376986679502,13.506627304144516,94.0,86.0,0.8267671384178015,-0.8301635464212571,0.7618931280803063,-1.2330265191761598,0.081716787527036,0.08546768481093442,0.4028629727549027,180.0,0.5222222222222223,10
North Carolina,Lenoir,29.086653649799313,10.57013726621167,49.0,8.0,22.352344778468076,8.155069571003727,161.0,55.0,1.6730516599107097,4.211945117371552,0.7678314907570065,-0.8999999464993294,0.778834283121519,0.09941068060871021,5.1119450638708805,216.0,0.7453703703703703,10
North Carolina,Lincoln,2.2373657179324686,13.134121380885531,0.0,12.0,1.7477167162893503,9.927967767760215,14.0,71.0,0.1826573616833522,-1.6923939309460487,0.9168174208515173,-0.35993937544548954,-1.6132962902885783,0.406689689208825,-1.3324545555005591,85.0,0.16470588235294117,10
North Carolina,Martin,8.72702137225134,3.6365562288645323,12.0,2.0,6.766598697814741,2.917209307284851,49.0,22.0,1.354716706042491,1.258223982957842,0.6043674645482191,-0.9581800761804273,0.8071652404663292,0.3094366814764996,2.216404059138269,71.0,0.6901408450704225,10
North Carolina,Mecklenburg,400.15908741896203,174.20674888491592,514.0,213.0,302.13741539512307,129.44097846076951,1849.0,766.0,1.2841341084122138,6.549318537918404,1.2220478107610957,3.409732303816259,0.04955666062447061,0.006152081584605431,3.1395862341021448,2615.0,0.707074569789675,10
North Carolina,Montgomery,5.259070201008622,5.650980353009411,3.0,6.0,4.162734585807476,4.770811905575997,35.0,44.0,0.6077369918823048,-1.107236429617069,1.0567421170220173,0.15979151992240465,-0.553203770539973,0.29990638715229023,-1.2670279495394736,79.0,0.4430379746835443,10
North Carolina,Moore,11.774557326762466,16.69672992688355,10.0,7.0,9.51185257006712,13.10373754567728,73.0,95.0,0.8554279979699665,-0.5753835992404421,0.4361294287860678,-2.678722384248299,0.6736628717979707,0.1156119174362065,2.103338785007857,168.0,0.43452380952380953,10
North Carolina,Nash,57.48704422499386,24.443181305442945,29.0,13.0,45.43524684638101,18.729196367538,324.0,121.0,0.5087343284051158,-4.226208740322865,0.5412300794628035,-2.644156811718287,-0.061918541787089984,0.04509598035241299,-1.582051928604578,445.0,0.7280898876404495,10
North Carolina,New Hanover,44.976788610684345,28.804986276560385,53.0,37.0,34.03506090382363,21.118056919538873,216.0,129.0,1.1764243174248825,1.3752604978632523,1.2796457110097472,1.7832930094499462,-0.08410365280947389,0.042276596133095284,-0.40803251158669385,345.0,0.6260869565217392,10
North Carolina,Northampton,8.934087601772896,2.804158334480059,10.0,1.0,7.320540089449675,2.168453985464092,65.0,16.0,1.1129852131144926,0.39395802549420195,0.45397340204522596,-1.2251789979226544,0.8967624550542074,0.36748430518967645,1.6191370234168563,81.0,0.8024691358024691,10
North Carolina,Onslow,18.62197890517204,22.081864172065075,12.0,21.0,13.8289207392088,17.03005392167971,100.0,124.0,0.6536980331370958,-1.7807118517373792,0.9520914587112168,-0.2621589729973509,-0.37601557845340544,0.07480395373780485,-1.5185528787400284,224.0,0.44642857142857145,10
North Carolina,Orange,13.141403606595182,16.501487556746074,6.0,16.0,10.390060679309103,12.718054244815825,78.0,94.0,0.47649055679706287,-2.2155141932065026,0.9705033130146846,-0.14062088439477702,-0.7113669112693336,0.10686989961071597,-2.0748933088117254,172.0,0.45348837209302323,10
North Carolina,Pasquotank,9.946023042364091,3.9547253958107644,10.0,6.0,7.732056991273846,3.164417196515012,52.0,22.0,1.0051672255955213,0.01941157968491693,1.4591247321580398,1.1497535464781359,-0.3726828361307245,0.28049245045351656,-1.1303419667932189,74.0,0.7027027027027027,10
North Carolina,Pender,4.249377693548733,4.556573116455745,7.0,5.0,3.1537509754950817,3.5478774696491544,25.0,28.0,1.5791542563960634,1.5488781802085452,1.087693161619912,0.23541694154084522,0.37283033487446116,0.3455335451614149,1.3134612386677,53.0,0.4716981132075472,10
North Carolina,Perquimans,1.7508599670924314,1.9053864493921129,4.0,4.0,1.5016576426971813,1.5172429094104838,14.0,11.0,1.9992358768603966,1.8354012804144633,1.8708012598712511,1.7004988810262442,0.06639822567682019,0.9077716059163619,0.13490239938821902,25.0,0.56,10
North Carolina,Person,4.916000493278531,7.314100047227678,3.0,5.0,4.146034551351019,5.7285740710765145,39.0,41.0,0.6462333237125139,-0.9409773245996965,0.7038558460678163,-0.9668494727502923,-0.08541295029327473,0.27864129017436756,0.025872148150595797,80.0,0.4875,10
North Carolina,Pitt,44.75098688401078,20.196694066437722,34.0,17.0,34.154853524942595,15.015600016724818,233.0,98.0,0.762414311281914,-1.8395945677105887,0.8455456675266045,-0.8249539937549571,-0.10349205581022507,0.053866203631069226,-1.0146405739556315,331.0,0.7039274924471299,10
North Carolina,Randolph,6.916749206347174,23.876644388713082,5.0,21.0,5.582481139920707,19.245854192921943,48.0,153.0,0.7415647808736958,-0.811244302781697,0.8819917810326252,-0.655718719372469,-0.17342021501359653,0.15044627722365198,-0.15552558340922806,201.0,0.23880597014925373,10
North Carolina,Richmond,16.004763185722183,14.987954099881726,14.0,16.0,12.822799452882242,11.928439085519582,100.0,98.0,0.8785342653412653,-0.5598499626818876,1.0653440663364313,0.29302751445869224,-0.19279818171216098,0.10315978715187792,-0.8528774771405798,198.0,0.5050505050505051,10
North Carolina,Robeson,34.66489196579415,27.65323285599765,48.0,53.0,28.278911854208236,20.784812697258946,231.0,148.0,1.3792165221828998,2.507640015043264,1.9003146201237269,5.55967644072842,-0.3205038616062609,0.05071361172254164,-3.0520364256851558,379.0,0.6094986807387863,10
North Carolina,Rockingham,17.846104319161554,19.483181119865367,17.0,19.0,13.585233113092094,14.770443022440341,101.0,102.0,0.9538809817908949,-0.22955690699894143,0.9758206104940401,-0.12572255407556834,-0.022739862163474303,0.08156713594306214,-0.10383435292337309,203.0,0.4975369458128079,10
North Carolina,Rowan,24.0763420900384,25.846413781038827,30.0,25.0,18.746582552241033,19.282517252297122,131.0,132.0,1.2410309023311754,1.3681348820294617,0.9678736625002079,-0.1927528736742301,0.24859612123499764,0.061204521053936894,1.5608877557036918,263.0,0.49809885931558934,10
North Carolina,Rutherford,4.8095499373710275,17.50559141691212,5.0,19.0,3.9503362326036604,12.545386648209663,35.0,87.0,1.0358693420111746,0.0958217479243931,1.082996917373357,0.42191729475535683,-0.04449110350352972,0.21171371378650233,-0.32609554683096376,122.0,0.28688524590163933,10
North Carolina,Sampson,14.454640546027974,12.457423094849753,22.0,20.0,10.72909683114592,9.636820391996828,81.0,68.0,1.504549703535075,2.303553756584131,1.5821047016785483,2.4297011799101704,-0.05026239714195046,0.11344892091872724,-0.12614742332603956,149.0,0.5436241610738255,10
North Carolina,Scotland,14.874437198618745,8.375424533094517,15.0,13.0,11.836269522453177,6.653010479153695,91.0,50.0,1.0081669852209312,0.03649669797197855,1.5210540013789147,1.7929276597522592,-0.4112697006415887,0.14834037324187171,-1.7564309617802807,141.0,0.6453900709219859,10
North Carolina,Stanly,6.472264267563722,9.99842352103527,8.0,13.0,4.976694938911063,8.009606028599098,34.0,59.0,1.21911615420884,0.6848220358843137,1.2859073529421432,1.0605809840886973,-0.05333844797572215,0.19892462921042883,-0.3757589482043836,93.0,0.3655913978494624,10
North Carolina,Stokes,1.300798065640361,8.158591075749515,0.0,4.0,1.108623110508825,6.1060598025590895,11.0,51.0,0.277654674080406,-1.235429361233528,0.519715039159586,-1.6829285982527917,-0.6269024977723082,0.7469194096122738,0.44749923701926364,62.0,0.1774193548387097,10
North Carolina,Surry,2.2297860316537137,14.95158461290198,2.0,9.0,1.734872689208554,12.094529612384283,13.0,95.0,0.9158226948965269,-0.17445757038245976,0.61482367265216,-1.7113471707220496,0.39848726585233457,0.4030344966248094,1.5368896003395898,108.0,0.12037037037037036,10
North Carolina,Union,14.527665472412368,21.536317112682124,10.0,17.0,11.320654859347856,16.361648841429492,91.0,108.0,0.6987113214142138,-1.3456699565129537,0.7941435908057691,-1.1214757127166084,-0.12802662077191962,0.08891529779037566,-0.22419424379634534,199.0,0.457286432160804,10
North Carolina,Vance,29.0956226288369,11.522228580958515,32.0,12.0,21.733829317604414,8.025558658421806,142.0,51.0,1.0981353698007077,0.6229955124095545,1.0397406700283678,0.16864851809437917,0.05464229678551842,0.0861240898606538,0.45434699431517533,193.0,0.7357512953367875,10
North Carolina,Wake,104.73157465586831,72.93065510577391,72.0,58.0,82.01610797998077,55.20870603011068,589.0,355.0,0.6889567151027801,-3.6142427687914633,0.7966699999575532,-2.0094401675741875,-0.14526209403821888,0.017857044881232992,-1.6048026012172758,944.0,0.6239406779661016,10
North Carolina,Wayne,54.43488722576913,28.379424736396285,64.0,25.0,40.9895840230324,19.796998397298196,270.0,117.0,1.1741172733261573,1.4940094321124322,0.8829815771178694,-0.7595268036589281,0.28496755107967164,0.038413661561578195,2.25353623577136,387.0,0.6976744186046512,10
North Carolina,Wilkes,2.3041885055698716,14.800382160264215,0.0,16.0,1.8867367923601168,11.893322380602827,17.0,104.0,0.17830470348440045,-1.6774992959548858,1.0784044363840302,0.3478494492611247,-1.7997439498763674,0.40966022281014985,-2.0253487452160104,121.0,0.14049586776859505,10
North Carolina,Wilson,32.89688224217835,19.53023839676973,32.0,15.0,25.440500382352642,14.295931840005975,173.0,93.0,0.9731447314250897,-0.17781672235008056,0.7738300310244776,-1.198160015081511,0.22918056741982046,0.0609878362658494,1.0203432927314304,266.0,0.650375939849624,10
Ohio,Allen,31.760781166110526,15.795670062576072,27.0,10.0,23.055380234446904,11.137965283450278,135.0,61.0,0.8524282117783417,-0.9914985299239605,0.6443429426147896,-1.7366037077565846,0.2798578925999294,0.06749603068201125,0.7451051778326241,196.0,0.6887755102040817,10
Ohio,Ashtabula,3.031551709006975,11.57512078367453,1.0,12.0,2.186215703665168,8.828599966234478,14.0,55.0,0.424742471184651,-1.373983053135212,1.0351863326203663,0.1429945771823829,-0.8908536859043398,0.30377603073479037,-1.5169776303175948,69.0,0.2028985507246377,10
Ohio,Butler,22.801141983674857,59.22840308819104,13.0,38.0,16.469756363793813,42.02629976491755,94.0,248.0,0.5793707454106031,-2.415088740932507,0.6445844524447344,-3.274588622361992,-0.10666325651461998,0.04365930161465078,0.8594998814294854,342.0,0.27485380116959063,10
Ohio,Clark,23.313698574399098,37.465699436256926,27.0,33.0,16.766090908347618,25.40880276323609,93.0,139.0,1.1547975176591787,0.9002744726972075,0.8823754203776838,-0.8859258797752693,0.2690626860697609,0.04894833464854021,1.7862003524724768,232.0,0.40086206896551724,10
Ohio,Cuyahoga,893.604553087628,338.60343431698004,1028.0,319.0,638.0724089670698,237.76030089356428,3483.0,1283.0,1.1503128984728483,5.320464784704079,0.9421903987599973,-1.2713422824065894,0.19958189399887938,0.0028728107609548355,6.591807067110668,4766.0,0.7308015107007974,10
Ohio,Erie,4.394687980029149,10.568001893198014,1.0,4.0,3.3233224239718417,7.64010398172678,20.0,46.0,0.30645467210987926,-1.862145550547946,0.4065774512349455,-2.3762035184990635,-0.2827045870542429,0.24048348981155276,0.5140579679511175,66.0,0.30303030303030304,10
Ohio,Franklin,593.8498126819605,369.79022334440424,803.0,395.0,400.9593842474576,248.9789059387626,2076.0,1324.0,1.35189745643944,10.444990917968173,1.0680811295202584,1.5976723566200124,0.2356454272923493,0.002957720911844941,8.84731856134816,3400.0,0.6105882352941177,10
Ohio,Greene,6.551827995593184,12.993500909721039,2.0,6.0,4.59520199386806,9.480037520954925,24.0,57.0,0.35451800604925354,-2.1234084400835753,0.48171338509468997,-2.2713790072727886,-0.3065901629641163,0.16319929046885584,0.1479705671892133,81.0,0.2962962962962963,10
Ohio,Hamilton,407.4391754143259,159.1167433034095,486.0,148.0,275.8260827638962,110.13357785991154,1455.0,609.0,1.1925797504147115,4.730296540790876,0.9303535263698615,-1.0592969050290926,0.24830944738885738,0.006011523294318087,5.7895934458199685,2064.0,0.7049418604651163,10
Ohio,Jefferson,5.341492793520721,9.469476326527422,9.0,2.0,3.9987100962671986,6.507187653745413,24.0,35.0,1.6262966224211095,1.8295486197247268,0.2507654282048737,-2.9281511402949914,1.869542744899587,0.21271786535607112,4.757699760019718,59.0,0.4067796610169492,10
Ohio,Lake,2.424948957847371,14.260393253861707,3.0,14.0,1.802108613942163,10.549193320426188,11.0,62.0,1.1966020776567126,0.42836690802350147,0.9823586506549491,-0.08017151730175472,0.1972847508788341,0.35833616196750184,0.5085384253252562,73.0,0.1506849315068493,10
Ohio,Lorain,18.068292400800985,34.70482880409348,14.0,22.0,13.388476046270663,24.490753608986104,82.0,137.0,0.7809011021053562,-1.1118509884675487,0.6391168701659412,-2.567247519002763,0.20036117893219663,0.061344653153966366,1.4553965305352143,219.0,0.3744292237442922,10
Ohio,Lucas,159.9277020276094,119.65122648811192,197.0,117.0,115.70389741850788,84.99077643614793,659.0,479.0,1.2310841426003254,3.446478019631655,0.9779342536434762,-0.28758149144242107,0.23020803443338297,0.010460366705983371,3.7340595110740757,1138.0,0.5790861159929701,10
Ohio,Mahoning,269.2828582005669,82.26849285655496,411.0,93.0,175.90225460659428,53.12608447902179,849.0,259.0,1.525300765010337,10.685299061068317,1.1296569113810455,1.472335605389303,0.30027764519504707,0.010275271490104813,9.212963455679015,1108.0,0.766245487364621,10
Ohio,Marion,2.3591082419662546,7.820313270685459,1.0,6.0,1.7072583372804526,5.565342767156701,10.0,34.0,0.524639108790238,-1.0401702421081482,0.7812205849148881,-0.7716141380578083,-0.3981469346451761,0.39776384045648483,-0.2685561040503399,44.0,0.22727272727272727,10
Ohio,Montgomery,323.3695389829465,167.69469883712742,334.0,156.0,214.768646490909,112.73473504742265,1118.0,594.0,1.0328232814065705,0.7253818072079242,0.9304692780570208,-1.1014382849234694,0.10436232236560092,0.006062711946675365,1.8268200921313937,1712.0,0.6530373831775701,10
Ohio,Muskingum,6.1636112734222595,16.349953253007175,4.0,13.0,4.375092872001437,11.847026281066507,24.0,70.0,0.6753095004128168,-1.0343930584583618,0.8011891663610807,-0.9732716445745081,-0.17092597701938889,0.15948162327190993,-0.061121413883853726,94.0,0.2553191489361702,10
Ohio,Richland,10.291311813022858,25.61184644505471,8.0,18.0,7.7627549146017865,17.72680925213798,47.0,99.0,0.7876706879827414,-0.8223870382305222,0.7084906859776549,-1.8079013657641732,0.1059431809288677,0.10031895650713736,0.985514327533651,146.0,0.3219178082191781,10
Ohio,Scioto,2.4123793087462353,24.25570694127724,1.0,26.0,1.925256487547061,17.630646232588006,13.0,104.0,0.5150428021155468,-1.017904533942447,1.0704602402533032,0.4154180252864226,-0.7315939579397607,0.3607911019528084,-1.4333225592288696,117.0,0.1111111111111111,10
Ohio,Stark,43.83801932921491,67.8557615140078,41.0,46.0,32.571751782538556,48.44168694505522,194.0,280.0,0.9359912920750408,-0.49727289855243056,0.6802645303054812,-3.140192801753807,0.31912443541719004,0.027469540461529676,2.642919903201377,474.0,0.4092827004219409,10
Ohio,Summit,119.79519647819707,93.71556222573862,109.0,52.0,81.23644700494762,64.94924013407343,436.0,358.0,0.9102607851831087,-1.1977194185635518,0.5572327836266692,-5.176200185392831,0.49074805903260893,0.013055937990472891,3.9784807668292794,794.0,0.5491183879093199,10
Ohio,Trumbull,21.597014347664906,28.072125978153565,30.0,19.0,15.220779450930685,20.41197919874488,88.0,121.0,1.3802769695546258,2.153848615873214,0.6824833411034876,-2.0080129706669374,0.7043013424673582,0.058534505483693454,4.161861586540152,209.0,0.42105263157894735,10
Oklahoma,Carter,5.777675427035269,17.147561779928477,5.0,9.0,4.552820327333819,13.396496228642695,30.0,92.0,0.8761204786590029,-0.36446692321114477,0.5383179908062349,-2.226035311066292,0.48705416766321585,0.1819476829833087,1.861568387855147,122.0,0.2459016393442623,10
Oklahoma,Choctaw,3.4806479604100398,8.85435656893751,1.0,7.0,2.7211010707357035,6.6627253717807315,20.0,47.0,0.3768230737604557,-1.5038094146308296,0.8017654602674471,-0.7184015997792792,-0.7550403446177771,0.3095917560818565,-0.7854078148515504,67.0,0.29850746268656714,10
Oklahoma,Cleveland,3.3891188334323035,29.11036207006328,2.0,21.0,2.644972797442931,22.615167301081986,17.0,150.0,0.6428191338637111,-0.8541394765613733,0.7260971665637607,-1.7054552973796442,-0.12182044425710584,0.2569627346086195,0.8513158208182708,167.0,0.10179640718562874,10
Oklahoma,Comanche,26.427156965319693,33.0385607964421,21.0,23.0,20.524352769753975,24.612747797594235,135.0,149.0,0.7984504278595214,-1.1979471184059023,0.7006859996954006,-2.0234449934195844,0.1306130294271792,0.051936412534517536,0.8254978750136821,284.0,0.4753521126760563,10
Oklahoma,Creek,2.860930562786326,20.20644803285377,3.0,16.0,2.2946936974607333,14.97395532105398,17.0,97.0,1.0413782536162783,0.09180563433805436,0.7968532301542189,-1.0870443459007932,0.2676298496851737,0.3170300067052043,1.1788499802388477,114.0,0.14912280701754385,10
Oklahoma,Garfield,3.61096848841518,15.107818529444707,1.0,9.0,2.8567071009650373,11.164067250737595,19.0,73.0,0.364877523198497,-1.5447875947333922,0.6086693013554656,-1.8279945777976443,-0.5117133567096768,0.26800025658762927,0.28320698306425207,92.0,0.20652173913043478,10
Oklahoma,Grady,2.234257193358261,13.70418687083618,1.0,11.0,1.826766277798751,10.642215263900754,14.0,75.0,0.5485950640062776,-0.9131963648903901,0.8096204382956708,-0.8289353876120664,-0.38920496211855765,0.42261208991201105,-0.08426097727832371,89.0,0.15730337078651685,10
Oklahoma,Jackson,3.480324581415268,8.867723601830958,5.0,7.0,2.8620877248198187,6.200639745241622,22.0,40.0,1.3817968578945357,0.898275114089,0.8006214016107495,-0.7500571527999047,0.5457518239644327,0.3151408741776768,1.6483322668889047,62.0,0.3548387096774194,10
Oklahoma,Logan,1.8926580317515231,7.221060567956071,1.0,4.0,1.5482912645442974,5.320854079491301,12.0,37.0,0.6269178378583165,-0.717395726346159,0.582821486814375,-1.3963947804690569,0.0729345500595652,0.534265580274917,0.6789990541228978,49.0,0.24489795918367346,10
Oklahoma,McCurtain,7.788257197755084,21.730564342481024,9.0,11.0,6.308015171595722,16.615028976524588,46.0,117.0,1.1461999517308805,0.48246307899037005,0.5173058057740946,-2.6325220134727623,0.7955731598342282,0.13918005264547736,3.114985092463132,163.0,0.2822085889570552,10
Oklahoma,Muskogee,18.88503890873685,27.125853557662857,25.0,18.0,14.154932897921354,20.17888622445171,91.0,124.0,1.3154474499665376,1.6253234095937974,0.6696625666745588,-2.0315377629646685,0.6751581991778337,0.06711314533944676,3.656861172558466,215.0,0.4232558139534884,10
Oklahoma,Oklahoma,221.98542860659572,331.3671489678088,225.0,274.0,170.13646276673316,248.68530554402295,1058.0,1568.0,1.0135495228262104,0.2311143298232064,0.8271382113407874,-3.637794858093078,0.2032420230621448,0.005717424591481448,3.8689091879162842,2626.0,0.4028941355674029,10
Oklahoma,Okmulgee,5.473651588710191,13.499760212537685,8.0,7.0,4.241360751452156,10.474764735931123,29.0,69.0,1.4229152594142653,1.226706418788925,0.5357234614120939,-2.0082843148211516,0.9768449479273595,0.19904012205924473,3.2349907336100765,98.0,0.29591836734693877,10
Oklahoma,Pittsburg,2.3888169655631795,13.816768358610268,3.0,12.0,1.8344259096485294,10.315507542954824,13.0,70.0,1.2115686254001452,0.4512541432327224,0.8731020637406874,-0.5656584211381652,0.3276187231306433,0.3755008510431403,1.0169125643708876,83.0,0.1566265060240964,10
Oklahoma,Pottawatomie,2.1939994461339003,21.439129415268166,1.0,13.0,1.7543811067293889,16.58808662397152,13.0,109.0,0.5567929875236676,-0.9014510615454819,0.6153389108778812,-2.0720465103165786,-0.09997967592423825,0.40055047037477,1.1705954487710968,122.0,0.10655737704918032,10
Oklahoma,Seminole,3.151822838639246,11.132871489366527,2.0,4.0,2.6097792841393117,8.49572635072391,19.0,56.0,0.6845896174228315,-0.7129905862977661,0.3868348416049638,-2.447170011050254,0.570821724017458,0.3312587972270354,1.7341794247524878,75.0,0.25333333333333335,10
Oklahoma,Tillman,3.3217158992713847,2.5441233321800882,1.0,2.0,2.5408173722029255,1.8693919863990904,16.0,13.0,0.3924938534248391,-1.456539780421555,0.8212545048920842,-0.3979670911089218,-0.7383121781569671,0.5190937614417541,-1.058572689312633,29.0,0.5517241379310345,10
Oklahoma,Tulsa,171.27833038595068,242.8443166558777,164.0,190.0,129.3721940796611,178.56987251378402,784.0,1051.0,0.9576295195697981,-0.6398987972434569,0.7828413772629553,-3.9545237850347603,0.2015308882358084,0.007437949847918279,3.314624987791303,1835.0,0.42724795640326974,10
Oklahoma,Wagoner,3.751722914173383,14.183186582845,3.0,14.0,2.9606122570547795,9.87358202225274,20.0,60.0,0.823195695169253,-0.43688488772623496,0.9875240580911078,-0.05829835389703973,-0.18200690398248612,0.2594216534596676,-0.3785865338291952,80.0,0.25,10
Oregon,Marion,2.5483703850264536,83.45145503219898,2.0,48.0,1.9117122505214696,60.12828231091797,11.0,348.0,0.8201103160823107,-0.3966091513660184,0.5777148231844007,-4.571878348207029,0.35035850159381415,0.30300660617007685,4.175269196841011,359.0,0.03064066852367688,10
Oregon,Multnomah,115.28850711787315,270.6038031063393,121.0,233.0,80.49352417265253,187.06130702652894,417.0,985.0,1.0493269411990305,0.6366037152247889,0.861293708625735,-2.749411771794403,0.19746865797730345,0.008610602838294026,3.3860154870191916,1402.0,0.29743223965763194,10
Oregon,Polk,2.359774968388609,9.728065387869925,1.0,6.0,1.9211084760781585,7.328890089309795,13.0,47.0,0.5245167947061239,-0.9810499005055413,0.635506300899165,-1.3770966336957873,-0.19194455771345748,0.422436886471711,0.39604673319024597,60.0,0.21666666666666667,10
Oregon,Washington,2.7744853550777444,50.03137760256588,2.0,40.0,1.778913856240624,36.62725724988001,11.0,225.0,0.763478754340205,-0.580678506343837,0.8014822061360839,-1.6575184800005507,-0.04857747349447242,0.24572726320586882,1.0768399736567136,236.0,0.046610169491525424,10
Pennsylvania,Allegheny,479.4719919157442,167.95393340759958,817.0,139.0,336.30047617810465,122.03872369592082,1825.0,704.0,1.7032243834417458,18.405434540108846,0.8281195765400076,-2.6209500405288826,0.7211208696602024,0.005789160685168802,21.02638458063773,2529.0,0.7216291024120206,10
Pennsylvania,Beaver,17.70492714765242,21.063039653182216,14.0,10.0,12.90193961130731,15.872638941233856,73.0,96.0,0.7964876696510054,-1.0314594762642684,0.48694433479142807,-2.7768338854531867,0.49206183429286915,0.0769364377594546,1.7453744091889183,169.0,0.4319526627218935,10
Pennsylvania,Berks,34.87625493084032,111.21193926076818,50.0,125.0,23.471178709865374,76.63439912672082,122.0,414.0,1.4275111963865654,3.1217052735616946,1.1234251310152845,1.57503899155993,0.23955033450833088,0.02549248783233449,1.5466662820017645,536.0,0.22761194029850745,10
Pennsylvania,Bucks,14.293670852482798,57.5474609270944,17.0,39.0,10.818340193769496,43.258482313135325,67.0,264.0,1.1829383102073685,0.8228113956589459,0.6804776534431133,-2.8199981641569196,0.5529617325957137,0.06601314620827493,3.6428095598158654,331.0,0.20241691842900303,10
Pennsylvania,Cambria,8.116058862151553,23.87028445457773,4.0,20.0,6.206977961667728,17.881221508852516,38.0,109.0,0.5222805544850103,-1.6521195680794851,0.8411883758767233,-0.9152596024564125,-0.4766107210301677,0.1256122374566518,-0.7368599656230727,147.0,0.2585034013605442,10
Pennsylvania,Chester,22.483919306885582,44.67261737607004,37.0,32.0,16.36344181580482,32.71261221379575,98.0,191.0,1.6315755158766874,3.588492521079593,0.71946240638287,-2.2156885312382966,0.8187971258055141,0.04876111794789555,5.804181052317889,289.0,0.3391003460207612,10
Pennsylvania,Cumberland,2.279684818218594,20.96515178877082,3.0,16.0,1.8674002310159064,15.755190178115523,13.0,97.0,1.259135559924032,0.5271131663047209,0.7686877857827091,-1.2508945629688017,0.4934958141612224,0.39517021880141384,1.7780077292735226,110.0,0.11818181818181818,10
Pennsylvania,Dauphin,78.47105192209646,55.26949812377193,79.0,60.0,56.09069370577481,39.527078375497716,319.0,223.0,1.0066979996470775,0.0706264923628633,1.084822385629676,0.7524191868768835,-0.07474060600014168,0.022048708404768906,-0.6817926945140201,542.0,0.5885608856088561,10
Pennsylvania,Delaware,187.04396734020756,80.36803793413539,328.0,86.0,125.56722091564782,57.55412789199684,658.0,322.0,1.7515892654872556,12.578982889867763,1.069643856951886,0.7423718272368109,0.49319777842339124,0.012499784770135892,11.836611062630952,980.0,0.6714285714285714,10
Pennsylvania,Erie,21.98818012439762,40.457502194084896,26.0,29.0,15.769188224742667,29.450841422959698,92.0,180.0,1.1783968223933747,1.0102683724120727,0.7202587662745802,-2.1112569656485194,0.4922996235556486,0.05060883905872493,3.121525338060592,272.0,0.3382352941176471,10
Pennsylvania,Fayette,8.389039070666591,37.23863045304718,8.0,24.0,6.451627044168581,27.451844798252388,39.0,162.0,0.9562338439989085,-0.153164667429749,0.6492021492534519,-2.526721011654293,0.38725834358014527,0.11147001747742519,2.3735563442245438,201.0,0.19402985074626866,10
Pennsylvania,Franklin,3.677924193217048,22.092685948591296,3.0,7.0,2.860826391647061,16.214869276805594,18.0,93.0,0.837736597921601,-0.40080707694515333,0.3319658413818496,-3.7480882623272,0.9256716525640705,0.24470939411251347,3.3472811853820468,111.0,0.16216216216216217,10
Pennsylvania,Indiana,2.3755690858300014,14.098444334496497,1.0,12.0,1.7832337446295514,10.572680981487036,11.0,65.0,0.5216358763180408,-1.0300973504996358,0.8562556196801177,-0.6453642279520256,-0.4955991631532557,0.36918127409784074,-0.38473312254761016,76.0,0.14473684210526316,10
Pennsylvania,Lackawanna,3.5129913670448394,23.72467070127243,4.0,14.0,2.5727216847175636,16.82044755846398,17.0,102.0,1.121358006636778,0.3036269075285878,0.5985633480350414,-2.371134177138207,0.6277633716562285,0.23835152839376755,2.6747610846667946,119.0,0.14285714285714285,10
Pennsylvania,Lancaster,16.978773557752188,58.360425645980015,21.0,47.0,12.985555613318299,43.36536872882315,84.0,266.0,1.2300634211525852,1.115907666817441,0.8069938244363359,-1.7251349821103907,0.4215049932044426,0.05777741502046572,2.8410426489278318,350.0,0.24,10
Pennsylvania,Lawrence,10.028724560738734,21.207548947602696,7.0,28.0,7.27819181012762,15.044935998972777,41.0,85.0,0.7123369935962853,-1.1226594359605109,1.312907324027821,1.7511822444827183,-0.6114481833850952,0.1058166088866514,-2.8738416804432294,126.0,0.3253968253968254,10
Pennsylvania,Lebanon,3.1191952081710266,19.729582027281275,8.0,9.0,2.3418734867973527,14.418288242237438,14.0,86.0,2.348588432259642,3.1894053871777706,0.46960930716158444,-2.8256993554768153,1.6096686718854136,0.2777418289418135,6.015104742654586,100.0,0.14,10
Pennsylvania,Lehigh,23.8175803958241,77.89218190336558,62.0,110.0,18.345241854073713,57.39350484180672,112.0,336.0,2.570157021491033,8.91459721060901,1.4095793396363667,4.238180223168046,0.6006756757029496,0.04179876601033395,4.676416987440964,448.0,0.25,10
Pennsylvania,Luzerne,16.864381848906604,69.42557852992557,15.0,41.0,12.153147631983622,51.13126911990337,71.0,296.0,0.8926318330747836,-0.5347988679919419,0.593488117974448,-3.975264461851168,0.408157021286819,0.05333982158616395,3.4404655938592263,367.0,0.19346049046321526,10
Pennsylvania,Lycoming,4.851226737173388,12.085016970976199,5.0,11.0,3.6623970189390613,9.084357986010417,22.0,55.0,1.0278017116697986,0.07773957767070834,0.9137850212297302,-0.35998914973313645,0.11758220267245549,0.21782021215509326,0.4377287274038448,77.0,0.2857142857142857,10
Pennsylvania,Mercer,6.494240775190855,11.842026291534106,8.0,9.0,4.744400897766974,8.542149223495297,28.0,50.0,1.2152855861282608,0.6912972715426605,0.769727739643241,-0.9723990241130099,0.45669751102302886,0.1734064875255109,1.6636962956556705,78.0,0.358974358974359,10
Pennsylvania,Monroe,6.512070542335531,26.058828676494272,8.0,17.0,4.700624723136306,18.888923600320187,27.0,110.0,1.2121954490732891,0.6862850710932482,0.6589146009849548,-2.0843394152944166,0.6095944779281698,0.13866150286733875,2.770624486387665,137.0,0.19708029197080293,10
Pennsylvania,Montgomery,45.87835382737899,74.07455512053492,41.0,54.0,33.59633319041479,54.364578844851735,199.0,321.0,0.894813993494976,-0.8416419166050831,0.7308122711816597,-2.722625548493387,0.20245925237909398,0.025869408591347905,1.880983631888304,520.0,0.38269230769230766,10
Pennsylvania,Northampton,10.042841897095405,40.154266500457325,15.0,39.0,7.135975236460308,30.120117347402463,38.0,183.0,1.47019182790461,1.8556928880733548,0.971607740101661,-0.21031863856017372,0.4141960029900613,0.08943292701444233,2.0660115266335284,221.0,0.17194570135746606,10
Pennsylvania,Philadelphia,2047.3711301606197,563.0975466733429,2226.0,586.0,1592.8832227261041,432.4687804245686,9969.0,2672.0,1.0872266165622297,4.475686734878779,1.0406361834998037,1.101297430574362,0.043797824272819995,0.0017439218749176534,3.374389304304417,12641.0,0.7886243176963847,10
Pennsylvania,Washington,9.022843852007604,34.13946676233313,6.0,19.0,6.598375446803153,25.017228032143628,40.0,143.0,0.6825692094730369,-1.1767852120488367,0.5629416911580247,-3.02685059849358,0.19268787306602306,0.10251420703173343,1.8500653864447434,183.0,0.2185792349726776,10
Pennsylvania,Westmoreland,9.183164245785466,49.82960369001812,5.0,30.0,6.981091086811861,36.848147747997736,42.0,221.0,0.5679961488202412,-1.5832272805003005,0.6060051692012245,-3.2666770663877784,-0.06477387761584673,0.09762274757586609,1.683449785887478,263.0,0.1596958174904943,10
Pennsylvania,York,28.404595103274037,66.82118266188161,34.0,64.0,20.931682800730062,48.29180013692155,125.0,281.0,1.1935818466487416,1.2230084176222757,0.9580936853701619,-0.40597053019850793,0.21976845457552005,0.036758864891829765,1.6289789478207837,406.0,0.3078817733990148,10
Rhode Island,Providence,125.19243092036872,238.33019903446154,129.0,213.0,70.1561672114762,141.69858437440166,312.0,649.0,1.030292747556482,0.45458475186686903,0.8939405521710989,-2.1279226953938783,0.14195898525957074,0.006970839341666213,2.582507447260747,961.0,0.32466181061394384,10
South Carolina,Abbeville,2.217487513161678,2.045226469531993,2.0,2.0,1.9749561510643567,1.7917957285644854,35.0,24.0,0.9199674286971642,-0.1547588873168223,0.9822308662614573,-0.033786907179826985,-0.06548811292285432,0.8299950952239012,-0.12097198013699531,59.0,0.5932203389830508,10
South Carolina,Aiken,14.782875931946311,15.336751213369773,26.0,20.0,12.957534508687827,13.020117856689087,204.0,178.0,1.7339668343839758,3.1161642180255753,1.2944574126221922,1.2923529192680336,0.2923201305625458,0.11464704122711396,1.8238112987575417,382.0,0.5340314136125655,10
South Carolina,Anderson,15.323247534445784,23.416652740075833,15.0,30.0,13.716515482321057,20.556275472871857,221.0,296.0,0.9795713532419876,-0.08727971550975155,1.2752620666224255,1.4520265234020782,-0.26379189759189087,0.09590560997306005,-1.5393062389118297,517.0,0.4274661508704062,10
South Carolina,Bamberg,3.958920287016266,0.9354298298696743,5.0,0.0,3.552086340293476,0.7786048092965064,55.0,10.0,1.2334824679452576,0.5523854452498907,0.3483277200985826,-1.0601142541497048,1.2644529615581546,1.1164411863736299,1.6124996993995957,65.0,0.8461538461538461,10
South Carolina,Barnwell,5.315636712228944,0.7490165144467507,6.0,2.0,4.651718540446715,0.6972025993026495,58.0,12.0,1.1176764164673487,0.3173072458039453,2.0015748159321736,1.4982078827099168,-0.5826823765522519,1.4073560401047727,-1.1809006369059714,70.0,0.8285714285714286,10
South Carolina,Beaufort,7.445553351768221,8.477498304237793,8.0,16.0,6.67477717086658,7.507025953417485,115.0,105.0,1.0697807470021445,0.21460576110615415,1.8379285008843989,2.745543542063569,-0.5411854045454637,0.2248603101745427,-2.530937780957415,220.0,0.5227272727272727,10
South Carolina,Berkeley,11.90970181383239,11.097547409519066,19.0,14.0,10.66832262621741,9.835467701177787,172.0,148.0,1.5713512131503802,2.1707830886544945,1.250264343657578,0.9254812538682521,0.22858089065350504,0.1550754017840007,1.2453018347862423,320.0,0.5375,10
South Carolina,Calhoun,1.8220075553262967,0.9963945480490936,2.0,1.0,1.6634500899937332,0.9357994387080915,29.0,19.0,1.0766545501824136,0.1380055907792206,1.0024094260137522,0.0037270766292234877,0.07145206680159522,1.4436667907655738,0.1342785141499971,48.0,0.6041666666666666,10
South Carolina,Charleston,78.81238454597002,32.95706043985173,82.0,18.0,67.83795519476658,28.291756727642476,784.0,332.0,1.0401906394855953,0.3870165608318961,0.5529475619431312,-2.812006311184367,0.6318961102041708,0.036968854265167356,3.199022872016263,1116.0,0.7025089605734767,10
South Carolina,Cherokee,4.635292486735531,8.225337545423141,5.0,10.0,4.1727570652323145,7.0622179183850795,66.0,91.0,1.0710198132251492,0.17853902536005078,1.203391839609432,0.667798138458557,-0.1165328116309373,0.2985926925585699,-0.48925911309850617,157.0,0.42038216560509556,10
South Carolina,Chester,4.486072536663652,4.302458537171979,14.0,8.0,4.019426595897416,3.758967595982385,64.0,52.0,2.9081004925978142,4.745454186592986,1.7699267852514122,1.9071232545124366,0.49656193489819167,0.4027896366571003,2.8383309320805497,116.0,0.5517241379310345,10
South Carolina,Chesterfield,6.133488813573096,3.666960661069679,3.0,2.0,5.563116959508755,3.351083096247256,100.0,58.0,0.5276258238106144,-1.3285229258655347,0.59995766779287,-0.9106107068845257,-0.12847173359083103,0.397091967505932,-0.41791221898100894,158.0,0.6329113924050633,10
South Carolina,Clarendon,5.819658554923693,1.7335552970978405,11.0,5.0,5.312414017342691,1.619228888348935,91.0,33.0,1.81971856549754,2.247565871142303,2.462441833048145,2.5669723386227874,-0.30247161789835375,0.6956609944026719,-0.3194064674804844,124.0,0.7338709677419355,10
South Carolina,Colleton,8.4134885294345,4.133731544447237,11.0,4.0,7.246276960490453,3.636479533045826,107.0,53.0,1.2901794804609006,0.960852986037396,0.9711395571442865,-0.07012829600670047,0.28406643667977827,0.3151798889677977,1.0309812820440964,160.0,0.66875,10
South Carolina,Darlington,13.409490160812979,6.517010256691215,17.0,6.0,11.90170635191697,5.756755665317499,174.0,78.0,1.2581338206990877,1.0407621887450582,0.9263204359437541,-0.21548163412554652,0.30616458943446234,0.2017330445939533,1.2562438228706048,252.0,0.6904761904761905,10
South Carolina,Dillon,7.331376556976988,3.375119454754827,9.0,2.0,6.648289529243033,3.0908694830608474,113.0,58.0,1.213068983579449,0.6471476502218393,0.6451414025269503,-0.7821680880448452,0.6314392560565134,0.39502406547744523,1.4293157382666846,171.0,0.6608187134502924,10
South Carolina,Dorchester,6.970355991710293,5.25743122784085,11.0,3.0,6.129546284948604,4.698260534087007,80.0,70.0,1.539417935739786,1.6276181212262941,0.6079099969228063,-1.0414681198888167,0.9291328205245406,0.29613594664623777,2.669086241115111,150.0,0.5333333333333333,10
South Carolina,Edgefield,2.8837731463853866,2.190671846345564,4.0,4.0,2.3816900216639523,1.8026034606312127,46.0,22.0,1.3298763851255777,0.7232856483265618,1.6724447487388112,1.3476193577737225,-0.2292004829412862,0.6620106952099275,-0.6243337094471607,68.0,0.6764705882352942,10
South Carolina,Fairfield,4.06658070267989,1.4988295708836166,3.0,3.0,3.665782064673604,1.336156764056154,63.0,20.0,0.766437785265906,-0.5570708079674306,1.751024725160918,1.2986774320223113,-0.8262029250612333,0.8164457529260584,-1.855748239989742,83.0,0.7590361445783133,10
South Carolina,Florence,19.640780637293187,12.646508168050104,27.0,21.0,17.361730182872044,10.801619970528433,262.0,139.0,1.3653889834379256,1.7661811576154236,1.6354152543906182,2.54169600024572,-0.18045739273036354,0.112544441083846,-0.7755148426302962,401.0,0.6533665835411472,10
South Carolina,Georgetown,5.389645596712596,3.4417205485375986,6.0,4.0,4.862751937084795,3.0237263636054053,80.0,45.0,1.1036317709215109,0.27678402737990826,1.1416334427029655,0.32105571116173853,-0.03385372995473071,0.422667410204016,-0.04427168378183027,125.0,0.64,10
South Carolina,Greenville,39.64796868798478,47.409334843818414,51.0,40.0,34.342744481530225,40.62837378806709,487.0,519.0,1.2827548113390002,1.937118019493843,0.8453467394616851,-1.1624238238550932,0.4170183548673761,0.039923040016688005,3.0995418433489363,1006.0,0.4840954274353877,10
South Carolina,Greenwood,9.878172526030514,6.066766634369155,10.0,8.0,8.623619960567005,5.223378190518241,113.0,59.0,1.0117388175677287,0.04148589223593389,1.2943965383987737,0.8458795903985231,-0.24637414088019993,0.23029422519816595,-0.8043936981625892,172.0,0.6569767441860465,10
South Carolina,Hampton,2.2090346538963086,1.4196016987103968,0.0,0.0,1.97099562613866,1.221881280115675,33.0,15.0,0.1845675909980951,-1.5734744620771353,0.26047070094588054,-1.2842571867842432,-0.34447463922617627,1.010218035422828,-0.2892172752928921,48.0,0.6875,10
South Carolina,Horry,24.676372206337476,32.545583282327655,25.0,30.0,21.511973108991562,27.798489393494325,274.0,324.0,1.0128544252130598,0.06977593893772263,0.9229675185158859,-0.4828105061457564,0.09293374464420524,0.061572309618341245,0.552586445083479,598.0,0.45819397993311034,10
South Carolina,Jasper,8.096530339123442,3.562900926450154,14.0,8.0,6.925195101997128,2.8673009877532443,79.0,44.0,1.686727019854677,2.2433205207119835,2.0921012237004355,2.6203691862842367,-0.21537895460856055,0.33151515828386047,-0.37704866557225314,123.0,0.6422764227642277,10
South Carolina,Kershaw,3.7787251346989104,3.2811432599089607,5.0,0.0,3.4072604300594276,2.9841291841516484,61.0,51.0,1.2854296143954171,0.6616232439012081,0.13223513779587356,-1.8993997774820242,2.2742665869141927,0.5158077422855945,2.561023021383232,112.0,0.5446428571428571,10
South Carolina,Lancaster,9.184677197091618,6.426669396218489,11.0,3.0,8.05444511566021,5.515006675867698,106.0,69.0,1.1874427785216772,0.6396406409069071,0.5052933523737646,-1.459147463885205,0.8544181918293837,0.22900754064564585,2.098788104792112,175.0,0.6057142857142858,10
South Carolina,Laurens,6.800879260032506,7.0973128978969084,0.0,4.0,6.15683679181359,6.388385838756544,107.0,99.0,0.0684849019127285,-2.740856157552993,0.5923146855312083,-1.2254328321094876,-2.1574247461103826,0.2599396798741497,-1.5154233254435052,206.0,0.5194174757281553,10
South Carolina,Lexington,7.3590651268702985,17.220691026712615,5.0,19.0,6.6858893921132765,15.642550167707926,115.0,271.0,0.699828785130612,-0.9123476061309261,1.1004085546441282,0.4498809366992413,-0.45260109068727056,0.17620453105296863,-1.3622285428301675,386.0,0.2979274611398964,10
South Carolina,Marion,6.880098212608746,3.312842115890729,3.0,6.0,6.191539100283443,2.8780158052881193,95.0,39.0,0.474248431277015,-1.5593492962243525,1.7047650551566351,1.5839687050892386,-1.2794512816484607,0.39303611092806073,-3.143318001313591,134.0,0.7089552238805971,10
South Carolina,Marlboro,7.2911893851155964,4.096867212667434,4.0,1.0,6.497209878805354,3.5813281114423967,103.0,53.0,0.57757548656138,-1.291187834989374,0.3263091863664236,-1.6364416643369106,0.570993790180888,0.3355900119144397,0.3452538293475367,156.0,0.6602564102564102,10
South Carolina,Newberry,3.892377332743772,2.157914678676087,2.0,1.0,3.433724169777043,1.8627200529498655,53.0,29.0,0.5691678584540762,-1.021233457406633,0.5643522013833616,-0.8484041114110816,0.00849686955568565,0.626657020255983,-0.17282934599555144,82.0,0.6463414634146342,10
South Carolina,Oconee,1.0351781193612513,7.816673544838961,1.0,10.0,0.9379330929981166,6.911437045412772,17.0,116.0,0.9770853173859149,-0.036323416329416734,1.2625240059489813,0.8304901748200704,-0.25629420147051196,0.9883853878536792,-0.8668135911494871,133.0,0.12781954887218044,10
South Carolina,Orangeburg,23.572569196188237,6.535336128312395,22.0,8.0,20.781583903745208,5.822574042794555,316.0,89.0,0.9346738113671205,-0.34496135246087006,1.208186765347762,0.6069884945843292,-0.2566783700470903,0.17372556207210754,-0.9519498470451992,405.0,0.7802469135802469,10
South Carolina,Pickens,1.9322646615631025,10.050527408359962,2.0,3.0,1.7819846452803028,8.8826294118564,31.0,124.0,1.027848671037866,0.05074150289594271,0.33173697053539636,-2.365651866609197,1.1308808305262505,0.565212670728768,2.4163933695051396,155.0,0.2,10
South Carolina,Richland,78.16495297606286,24.58236964036019,87.0,26.0,67.65388970995352,20.67966927840453,901.0,245.0,1.112312366431155,1.0741439330211877,1.0565189964092823,0.31173905237387217,0.051461523023169094,0.04529435304243198,0.7624048806473156,1146.0,0.7862129144851658,10
South Carolina,Saluda,2.0876543943503374,1.5202061142694352,2.0,1.0,1.8534216664997962,1.322006710323225,32.0,19.0,0.9661259268078015,-0.06438527804502693,0.7424984952797469,-0.45243752982915203,0.2632733406152696,0.9973054859122643,0.3880522517841251,51.0,0.6274509803921569,10
South Carolina,Spartanburg,24.309453930004757,33.47614563777964,42.0,42.0,21.348938009618397,28.81054537992415,332.0,369.0,1.7130566484818979,3.8287155380855515,1.2508776143442915,1.588035771813459,0.3144338921065535,0.06183522601917607,2.2406797662720925,701.0,0.47360912981455067,10
South Carolina,Sumter,20.77980061817655,7.724867334321519,26.0,9.0,18.36251353843253,6.765141674340823,270.0,91.0,1.2453124197679049,1.2182068196283067,1.1550338277624836,0.4902492336356428,0.07525680635830184,0.15589463085633906,0.7279575859926639,361.0,0.7479224376731302,10
South Carolina,Union,2.44369240028493,2.5082488725224996,2.0,4.0,2.2084933708328616,2.2926932537261346,39.0,39.0,0.8492735177622555,-0.29856159351931055,1.4958868732913797,0.9851977202931465,-0.5660932371701707,0.7342528505432748,-1.283759313812457,78.0,0.5,10
South Carolina,Williamsburg,7.07727444531377,3.4966463876804386,8.0,12.0,6.303822404316598,2.9853861135350686,112.0,35.0,1.121775390524082,0.3675111872279298,3.127622208091998,4.92141496385758,-1.0253604375628906,0.3700280968001698,-4.55390377662965,147.0,0.7619047619047619,10
South Carolina,York,11.894746881732418,16.42397591352724,10.0,20.0,10.599661377958146,14.140659653989685,155.0,192.0,0.847133071791492,-0.5819761743693834,1.2112992895253687,0.9509673373371607,-0.35759106361887316,0.12733914543254618,-1.5329435117065442,347.0,0.44668587896253603,10
Tennessee,Anderson,1.5769748928282206,9.228220112366463,0.0,10.0,1.323134530684231,7.780720115050755,13.0,71.0,0.2407347347945786,-1.3709536656550239,1.0793341308809876,0.2766836907010097,-1.5004039427035425,0.6234182990383891,-1.6476373563560336,84.0,0.15476190476190477,10
Tennessee,Bedford,1.3217138485096218,4.481357827867679,1.0,1.0,1.12633159173512,3.825364857409689,10.0,35.0,0.8234004485540789,-0.3031353770930959,0.30112271630205095,-1.7799681536993457,1.0059247770747142,0.8352319080194885,1.47683277660625,45.0,0.2222222222222222,10
Tennessee,Blount,1.3661006020830597,10.067832437898279,0.0,7.0,1.1479529009635474,8.342404722805647,10.0,75.0,0.26793839487639,-1.2750307176979312,0.7097008818103094,-1.0621503767672629,-0.974086503819008,0.6974220686606833,-0.21288034093066832,85.0,0.11764705882352941,10
Tennessee,Bradley,2.456318701882152,13.894242190558794,2.0,17.0,2.045093777772415,11.66074680630654,18.0,106.0,0.8456463095160766,-0.31908886901987266,1.2157638983925307,0.9095035597201166,-0.3630266828370732,0.3993591076318328,-1.2285924287399892,124.0,0.14516129032258066,10
Tennessee,Carroll,1.4348636947568802,1.6055980531218816,0.0,1.0,1.1949521375463468,1.3133955479265675,11.0,11.0,0.2584161361624112,-1.312609042862061,0.712386676923458,-0.5284290692244149,-1.0140496331533269,1.0898762445118138,-0.784179973637646,22.0,0.5,10
Tennessee,Crockett,2.7194492552302627,1.526264044124895,3.0,3.0,2.0366420122723223,1.3345907336194565,17.0,14.0,1.0871424652256778,0.19658667481912695,1.727316837185246,1.2756913974844921,-0.46301658104356075,0.8483060333897702,-1.0791047226653652,31.0,0.5483870967741935,10
Tennessee,Davidson,244.21942933072316,192.5394427373116,360.0,251.0,203.25362341084616,155.53650236642082,1642.0,1194.0,1.4731155633450197,8.1211314023739,1.3028425508989976,4.6875594272264305,0.12283113381215714,0.007603418316116365,3.433571975147469,2836.0,0.578984485190409,10
Tennessee,Dyer,5.916110298916693,3.0140721521002183,4.0,1.0,4.896628238591496,2.579658381938767,39.0,23.0,0.7013595138412424,-0.8659083723084657,0.4268552081673994,-1.2539895751456802,0.4965757493328687,0.4238607435567841,0.3880812028372145,62.0,0.6290322580645161,10
Tennessee,Gibson,4.913258900794249,5.925182054843716,2.0,3.0,4.242503276637543,4.754198681858729,43.0,40.0,0.46182901017965217,-1.4143861299157028,0.5447316465315524,-1.3415727763638954,-0.16509856697474604,0.3111621943919579,-0.0728133535518074,83.0,0.5180722891566265,10
Tennessee,Giles,2.2483428439834805,3.3274695421765554,0.0,4.0,1.9095734500692074,2.884573923718684,21.0,28.0,0.18192781191566845,-1.6270254734247833,1.175711511329493,0.3959780576497284,-1.8660188142997565,0.6382833878960071,-2.0230035310745116,49.0,0.42857142857142855,10
Tennessee,Hamblen,1.3851595724449492,8.940826468859093,0.0,4.0,1.2030732203206471,7.670300892945648,12.0,77.0,0.26522953669727134,-1.2628558423850786,0.4766531844265343,-1.7839940453882626,-0.5861935224777729,0.722988626094494,0.5211382030031839,89.0,0.1348314606741573,10
Tennessee,Hamilton,66.39270734048381,52.89207057098046,82.0,45.0,55.33929899470861,42.39664664828935,459.0,329.0,1.2333182985116014,2.0980254272939627,0.852186467267858,-1.2120630344270706,0.369658258314963,0.0277091170001096,3.3100884617210333,788.0,0.5824873096446701,10
Tennessee,Hardeman,4.079676635378805,3.8318512123806343,4.0,2.0,3.537623617144958,3.225201516622446,35.0,28.0,0.9826021263677682,-0.04236187495492974,0.5771204682318919,-1.0200272370902508,0.5321532552740396,0.43220376134481736,0.9776653621353211,63.0,0.5555555555555556,10
Tennessee,Henry,1.856227173710777,4.010254612887518,2.0,0.0,1.5406279072474587,3.289412098844225,13.0,27.0,1.061018236226687,0.11583183326196446,0.11085848647464586,-2.2111225020542915,2.2587298349233995,0.6516699307721316,2.326954335316256,40.0,0.325,10
Tennessee,Knox,58.76238019013579,91.35363394561348,88.0,119.0,49.254563712032656,74.33970309425432,432.0,597.0,1.4933588511979952,4.16599530539426,1.300982823072149,3.206473410638829,0.13790784889075275,0.023171983361497703,0.9595218947554307,1029.0,0.4198250728862974,10
Tennessee,Lauderdale,4.144863886181215,2.168441071727373,13.0,4.0,3.378738156583144,1.6905975414440835,31.0,14.0,2.906436083124721,4.817458398899714,1.6863778809576622,1.408642475041389,0.5443446537573701,0.5562062844954049,3.4088159238583255,45.0,0.6888888888888889,10
Tennessee,Lincoln,1.8452182563614556,5.328907552540755,2.0,3.0,1.6166713587043946,4.4402245088936585,17.0,40.0,1.0659988652308567,0.12173315069844519,0.6004555688096973,-1.105222669955742,0.5739788917564462,0.6311780414894881,1.226955820654187,57.0,0.2982456140350877,10
Tennessee,Madison,36.77527460988344,15.799465600883739,51.0,16.0,30.398195183357114,12.811152234035923,245.0,99.0,1.381612893237946,2.5800016958730776,1.012303127232919,0.0560266667164681,0.3110235210598806,0.07379885526649618,2.5239750291566097,344.0,0.7122093023255814,10
Tennessee,Maury,10.045178673452897,14.637563413171492,17.0,10.0,8.423795341322544,11.880931458858146,73.0,97.0,1.6595261722834163,2.3962497120385664,0.6936387127444661,-1.345440869817142,0.872336164090914,0.13893337944791295,3.7416905818557087,170.0,0.4294117647058823,10
Tennessee,McMinn,1.2494469135400226,9.570470875800416,1.0,6.0,1.0287907792240079,7.715114845601651,10.0,68.0,0.8574138422781493,-0.24593175168475448,0.6454514471234565,-1.2854473617731133,0.2839707085264687,0.743240894311271,1.0395156100883587,78.0,0.1282051282051282,10
Tennessee,Montgomery,15.987146583926304,19.229806515320682,11.0,19.0,13.178983811552905,15.605648182049919,112.0,129.0,0.6975130560925329,-1.3737609624990534,0.9883523178424365,-0.0581729960291222,-0.3485179992562142,0.09376511560785761,-1.3155879664699313,241.0,0.46473029045643155,10
Tennessee,Obion,1.9850932994144692,2.7429271764196104,0.0,2.0,1.725599025478288,2.299504653850308,18.0,20.0,0.20119968941118171,-1.5111618462765732,0.7709084613981843,-0.489924433123002,-1.3432717448623075,0.7435399866586536,-1.0212374131535713,38.0,0.47368421052631576,10
Tennessee,Roane,1.8239276264224364,7.695240558673383,0.0,5.0,1.3852467509790718,6.403984623043631,12.0,59.0,0.21515299973851748,-1.549687148230144,0.6711212392879802,-1.0650558770400018,-1.1376004034008087,0.5245460253253484,-0.48463127119014215,71.0,0.16901408450704225,10
Tennessee,Robertson,5.907717968473103,11.445380267567332,4.0,13.0,5.109147751137014,9.32668918707553,47.0,73.0,0.7022780999633019,-0.843995127068209,1.1301440136362662,0.5090499788737827,-0.4757708699101922,0.21758705004165535,-1.3530451059419917,120.0,0.39166666666666666,10
Tennessee,Rutherford,7.7966149210481195,17.394674626273048,12.0,21.0,6.461557856623075,13.680600222993611,56.0,108.0,1.5066385651198648,1.6536003653857902,1.2014747654832234,0.9747469592015244,0.22633128006998426,0.1515119524482485,0.6788534061842658,164.0,0.34146341463414637,10
Tennessee,Shelby,717.282122771436,164.86519179623596,665.0,202.0,589.1547969571928,132.0603000418715,4567.0,967.0,0.9271615701857147,-2.1539643127000065,1.2245624233274062,3.231432178513013,-0.27821100972029,0.006003751475622777,-5.38539649121302,5534.0,0.825262016624503,10
Tennessee,Sullivan,2.1747232884541265,25.97009428525937,1.0,10.0,1.7321487732969905,21.062152883484178,16.0,186.0,0.5608056752917177,-0.8925714335294419,0.3966740687375347,-3.4798145504794467,0.3462594977153199,0.39747844740543176,2.5872431169500048,202.0,0.07920792079207921,10
Tennessee,Sumner,3.954289206327211,9.91809464249096,5.0,4.0,3.3659968205440736,8.256939762745226,31.0,75.0,1.23476490753842,0.5699735994014558,0.431940787103855,-2.059550038651559,1.0503473607127958,0.2992054685078746,2.6295236380530147,106.0,0.29245283018867924,10
Tennessee,Tipton,2.4650155005457335,4.0238785603827365,4.0,3.0,2.1970842515714977,3.2548841046815356,25.0,28.0,1.5176986424427599,1.0355728090767198,0.7736724037313432,-0.5675193639875704,0.6738018824816955,0.5626055216062782,1.6030921730642902,53.0,0.4716981132075472,10
Tennessee,Washington,3.0536389987223305,18.632330641669647,1.0,6.0,2.5563330339101626,15.541006450240427,23.0,136.0,0.42210252660422387,-1.284444628649329,0.33973905854643727,-3.204379274611132,0.21707039047872184,0.3189117208733949,1.919934645961803,159.0,0.14465408805031446,10
Tennessee,Williamson,1.9174961373939228,8.450667269671696,0.0,9.0,1.6731098874096522,6.829901240390611,17.0,52.0,0.20682556313781886,-1.4824234110194878,1.061373382986725,0.21019784730134086,-1.6354432449634366,0.550684602894411,-1.6926212583208287,69.0,0.2463768115942029,10
Tennessee,Wilson,2.36010027858256,4.172023072019062,1.0,4.0,2.004175134592302,3.5222353692869666,18.0,31.0,0.5244571357279075,-0.960733854598531,0.9631801749761649,-0.09165950598231622,-0.6078767914526758,0.5621714058083122,-0.8690743486162148,49.0,0.3673469387755102,10
Texas,Anderson,9.521406032012141,14.767826478646272,1.0,14.0,7.648767745385195,11.260444400783985,58.0,80.0,0.14967959537897532,-3.081169018831255,0.949709509751099,-0.2288154363479369,-1.8476591799034525,0.13600265019961888,-2.852353582483318,138.0,0.42028985507246375,10
Texas,Angelina,12.396959638417272,27.84348562319501,10.0,18.0,9.69878697060802,21.135287783936153,69.0,138.0,0.8141453718070696,-0.7696654842099666,0.6527073009277464,-2.141138834514296,0.22101014818958642,0.09037058591906652,1.3714733503043295,207.0,0.3333333333333333,10
Texas,Austin,3.071213829459025,5.40306272158899,1.0,6.0,2.4217340657209974,4.075761181292758,16.0,27.0,0.42002525517415545,-1.3309499117167078,1.1011233162452874,0.29568162536618925,-0.9637712934699306,0.39636148632594026,-1.626631537082897,43.0,0.37209302325581395,10
Texas,Bastrop,3.4198714854544807,17.672546594543178,1.0,8.0,2.7452905237698344,13.320028626165469,20.0,91.0,0.3826656066572769,-1.4604885166137025,0.46773851731668503,-2.6502585934955256,-0.20074789794292505,0.27737888266804034,1.1897700768818231,111.0,0.18018018018018017,10
Texas,Bell,46.46262087192105,80.7924260531539,59.0,89.0,34.531798278334975,58.50401709346699,214.0,347.0,1.266965064881527,2.1335221765241665,1.1009635749027773,1.0730549457662975,0.1404385543136836,0.0249588285321358,1.060467230757869,561.0,0.38146167557932265,10
Texas,Bexar,309.6081216536905,1509.2508959857914,278.0,1417.0,188.0218247046789,905.9646554766167,928.0,4492.0,0.8980738669947236,-2.3051254023390078,0.9388966112018392,-3.064890517810691,-0.044453045778189385,0.002359208616530749,0.7597651154716831,5420.0,0.17121771217712178,10
Texas,Bowie,29.122052352987257,27.11007646562521,15.0,21.0,21.679814113832734,19.472766040998582,139.0,117.0,0.5232588145917881,-3.0329834469916426,0.7787012117394058,-1.3846270838973425,-0.3975512116515959,0.05205812338576682,-1.6483563630943001,256.0,0.54296875,10
Texas,Brazoria,16.379034280142996,58.19103219023583,15.0,42.0,12.646797646123755,43.7806535138324,85.0,292.0,0.9182989822015272,-0.38777943824973826,0.7241310710338902,-2.4469968834904727,0.23755061292807303,0.06007071820653269,2.0592174452407344,377.0,0.22546419098143236,10
Texas,Brazos,15.657877888768002,33.37842851445009,6.0,25.0,12.127716589292504,24.455884490861713,80.0,147.0,0.4022805497569959,-2.7732702338108326,0.7526913472129777,-1.6942242019322797,-0.6265055161312422,0.07141759700213553,-1.0790460318785529,227.0,0.3524229074889868,10
Texas,Burleson,3.443184949903032,4.93510572852664,1.0,2.0,2.6835410504557218,3.8431559393095847,18.0,26.0,0.38040315609261166,-1.4914277617817244,0.45997265276340915,-1.4971997526692225,-0.18993540979131662,0.38414934085721125,0.005771990887498024,44.0,0.4090909090909091,10
Texas,Camp,2.098795326834559,3.6496205645622815,1.0,1.0,1.6393749678240332,2.5262904386497143,12.0,16.0,0.5771905099687333,-0.8581785475653672,0.36147883322393015,-1.667024745629706,0.4679688980152934,0.5618325085252774,0.8088461980643389,28.0,0.42857142857142855,10
Texas,Cass,3.651573844850882,8.252126713341973,2.0,8.0,2.9369170025532103,6.41850860010333,23.0,45.0,0.6021812674970729,-0.9637228577910413,0.9711925202182432,-0.09951803650451677,-0.4779662099043112,0.31451245784650506,-0.8642048212865245,68.0,0.3382352941176471,10
Texas,Chambers,3.178497839026335,12.98448229742948,2.0,18.0,2.541919634541741,8.58715092754401,18.0,57.0,0.6796252463374363,-0.739176042749148,1.371947368237238,1.7115564188329146,-0.7024449082800532,0.30253731701769704,-2.4507324615820627,75.0,0.24,10
Texas,Cherokee,7.152227634602695,15.099828052002465,0.0,6.0,5.578379258987611,10.67429604729012,39.0,65.0,0.06534045037278352,-3.028219206312868,0.41667125934542787,-2.7852460325712634,-1.8526862650897187,0.15586602824295645,-0.24297317374160476,104.0,0.375,10
Texas,Collin,9.090068468504924,58.93307561530664,7.0,42.0,6.585932742577546,41.58933943737335,43.0,251.0,0.7820590671100013,-0.8144264462903876,0.7150900329488311,-2.6256983815722394,0.08952181610667773,0.09167920284798158,1.8112719352818518,294.0,0.14625850340136054,10
Texas,Colorado,5.311943470937826,5.256622842689276,1.0,6.0,3.4610869219441076,3.927545524136696,21.0,26.0,0.258089227381621,-2.31775115144296,1.129134247218365,0.37510132481123937,-1.475901097460869,0.2647978965993188,-2.692852476254199,47.0,0.44680851063829785,10
Texas,Dallas,1696.5203840132194,1781.9275713703996,2059.0,2171.0,1081.2044275103528,1132.3791915511647,5395.0,5604.0,1.2135976794395162,11.023758268229415,1.2182823217498069,11.562041284581529,-0.003852696763505287,0.0007322804132458287,-0.5382830163521142,10999.0,0.4904991362851168,10
Texas,Denton,9.445449140101996,54.800455997609475,6.0,38.0,6.835261683523926,39.65459632821716,44.0,241.0,0.6535652546641387,-1.3178569477539879,0.6961967908847673,-2.6679292155836833,-0.06318998369936263,0.08981891229468211,1.3500722678296955,285.0,0.1543859649122807,10
Texas,Ector,14.09684615900763,83.88770417541585,13.0,77.0,10.384088458972329,59.507274982968546,66.0,357.0,0.9248573186934103,-0.3403780369010976,0.9183802398380403,-0.8928725151687571,0.00702796607544259,0.060710756632090385,0.5524944782676595,423.0,0.15602836879432624,10
Texas,El Paso,14.743893001784139,260.4100521514774,4.0,181.0,11.449064152199808,181.70048670199589,78.0,1071.0,0.2952001827534031,-3.1752409006179048,0.6956420364157758,-5.891114122169771,-0.8571815007247946,0.05534727582358169,2.7158732215518664,1149.0,0.06788511749347259,10
Texas,Ellis,11.820628460765224,30.366340793464328,9.0,28.0,9.11048581673985,22.319467930772618,60.0,142.0,0.7710645630011931,-0.9344909837849292,0.9233358819790721,-0.5008819389304366,-0.1802209614170598,0.0894065786057686,-0.4336090448544926,202.0,0.297029702970297,10
Texas,Falls,3.678265673626586,5.233671950805569,0.0,3.0,3.000121943008058,3.716518392398512,22.0,23.0,0.11966687593755085,-2.1236045174707163,0.6104290636139825,-1.1586472826300152,-1.6294502442828307,0.3574267592874939,-0.9649572348407012,45.0,0.4888888888888889,10
Texas,Fort Bend,29.43024536294303,79.09004075402623,35.0,89.0,19.742890386107312,55.174459952298555,120.0,330.0,1.186091178656121,1.2535183520147155,1.1245125539839913,1.3341443550556085,0.053313520343579224,0.031614653416088496,-0.08062600304089296,450.0,0.26666666666666666,10
Texas,Freestone,3.167115714988504,5.754877032541576,1.0,7.0,2.1986113885462295,3.7574201885954337,15.0,24.0,0.40904081479324206,-1.4615304393183997,1.1990643398712006,0.642343541625308,-1.0754818721304016,0.332643376320068,-2.1038739809437077,39.0,0.38461538461538464,10
Texas,Galveston,75.30081996278987,120.05560998757146,75.0,125.0,55.219130940960255,83.67102203515269,324.0,462.0,0.996031441837469,-0.04048199152021464,1.0410133548570513,0.5405366970354885,-0.04417107220968312,0.015543563156416272,-0.581018688555703,786.0,0.4122137404580153,10
Texas,Gonzales,3.019642366993284,12.6316961488981,1.0,7.0,2.101850242044115,8.904692886433747,12.0,54.0,0.42617966361207354,-1.393072079403288,0.5711371870745986,-1.887251338698615,-0.29276843544455583,0.2863184094538206,0.4941792592953269,66.0,0.18181818181818182,10
Texas,Gray,2.3445604490111727,8.789610911132572,2.0,8.0,1.7954087063980835,6.315960437343627,12.0,44.0,0.8788704071551902,-0.2571483614102322,0.9150006476389329,-0.3141907829247308,-0.0402873183942809,0.40837058033024953,0.05704242151449862,56.0,0.21428571428571427,10
Texas,Grayson,9.543748085905786,36.1797285509885,5.0,31.0,7.058692460977928,25.464149437230688,49.0,150.0,0.5476043358472972,-1.7102205277196902,0.858784981361349,-1.0264609063603343,-0.44996556662407744,0.09695079269190725,-0.683759621359356,199.0,0.24623115577889448,10
Texas,Gregg,45.76957630561869,58.14969309464319,38.0,41.0,34.146162759410046,42.40561004507806,209.0,249.0,0.8320802366051664,-1.3296164612769958,0.7075910854815782,-2.633568959679142,0.16206251043780062,0.02884091239228968,1.303952498402146,458.0,0.45633187772925765,10
Texas,Grimes,4.039812749265783,5.6150829677775835,4.0,6.0,3.20354580053931,4.183836212167912,26.0,28.0,0.9912303102650606,-0.02224368314687581,1.0629455126366516,0.18818274159219447,-0.06985220971448625,0.32899202266147254,-0.21042642473907028,54.0,0.48148148148148145,10
Texas,Guadalupe,2.636722086984535,22.42076840825956,2.0,27.0,2.0836772228482756,17.024300349308785,16.0,112.0,0.7970103600741234,-0.44109759816422894,1.1997852563306868,1.1098338633559175,-0.40903018916029293,0.33357668436591786,-1.5509314615201464,128.0,0.125,10
Texas,Hale,2.526768227870639,8.190005998668765,0.0,4.0,1.9706729647333758,6.144429394064149,13.0,41.0,0.16519269476796208,-1.7999404130010033,0.5178362363258854,-1.6903392099080625,-1.1425464066095448,0.40026613246455184,-0.10960120309294075,54.0,0.24074074074074073,10
Texas,Hardin,3.289228950115544,9.179505819686593,0.0,5.0,2.775547651337126,6.456350643919709,24.0,39.0,0.13195296631119469,-1.9743300702298108,0.5682108263020892,-1.6448692428163758,-1.4600469796540063,0.3331643052686082,-0.32946082741343496,63.0,0.38095238095238093,10
Texas,Harris,1532.3357477417803,2300.202080126113,1120.0,1973.0,1126.5138922174856,1617.775434593529,6621.0,9178.0,0.7309980874668106,-12.285213603802841,0.85778163850394,-8.134988394476972,-0.15993872309715237,0.0007855290668467832,-4.150225209325869,15799.0,0.4190771567820748,10
Texas,Harrison,24.252972636575894,14.631053155501787,20.0,4.0,18.317562127044734,11.141411480958565,126.0,74.0,0.8281833580548807,-0.9937079215325418,0.297401638455269,-3.18497613537005,1.0241510335202915,0.08318757175657238,2.191268213837508,200.0,0.63,10
Texas,Henderson,4.363692659132084,27.566652847552053,2.0,14.0,3.6151452586608803,20.345609217726295,29.0,144.0,0.5140127420070412,-1.2431631559898577,0.5166273327553085,-3.0077197168159735,-0.005073733151251773,0.21662633476924684,1.7645565608261158,173.0,0.1676300578034682,10
Texas,Hill,5.384292459494222,11.121137421344105,2.0,8.0,3.961065062208829,7.81814868597575,29.0,52.0,0.4248599159897781,-1.7004422939013064,0.7314258227760365,-1.1162486018953395,-0.5432363058923204,0.19984558369670308,-0.5841936920059669,81.0,0.35802469135802467,10
Texas,Hopkins,1.5885126881275307,8.879689046927428,0.0,8.0,1.2701018543421565,6.653374553783335,11.0,43.0,0.23940481800389643,-1.4095205532692183,0.9062134104311705,-0.34104226041342717,-1.331118912406245,0.5877163979008424,-1.0684782928557912,54.0,0.2037037037037037,10
Texas,Houston,7.99517555807706,5.698899559585874,2.0,2.0,6.31694068417435,4.242736658365791,46.0,28.0,0.29428467756891086,-2.3853301946072976,0.4032973878620185,-1.7957649899891999,-0.31512663504988564,0.22945771170739965,-0.5895652046180977,74.0,0.6216216216216216,10
Texas,Howard,1.8553543283593155,20.923377452092918,1.0,13.0,1.4304438387510734,15.5245534962683,11.0,94.0,0.6368468565172802,-0.7151722450078327,0.6301527399304232,-2.0109477479695803,0.010566978702825181,0.4510054412689686,1.2957755029617477,105.0,0.10476190476190476,10
Texas,Hunt,12.822100525563155,25.458923649925325,14.0,24.0,9.842240291085334,18.212450611287732,70.0,107.0,1.0884169483766188,0.3754578994488358,0.9437987618593146,-0.341860065074293,0.14256661119117517,0.0879641961619379,0.7173179645231288,177.0,0.3954802259887006,10
Texas,Jasper,3.4740646090942175,8.191345176456633,1.0,2.0,2.751130451129612,6.156910386898075,21.0,42.0,0.37744731088855776,-1.491610544707119,0.28764247066979604,-2.4951898836083903,0.2717126974938165,0.31970758146749884,1.0035793389012713,63.0,0.3333333333333333,10
Texas,Jefferson,137.0258930006451,91.15105063609933,91.0,75.0,99.08405894729549,62.86619408520878,565.0,340.0,0.6653292554847893,-4.623813716667742,0.8237766995140393,-2.037005465328357,-0.2136174582944639,0.01284361733063342,-2.5868082513393853,905.0,0.6243093922651933,10
Texas,Johnson,1.344008042315315,28.879544877337676,2.0,20.0,1.1442313641375994,20.40698598459702,10.0,125.0,1.3557424602449288,0.6132556966032384,0.6977643828585297,-1.965627744025187,0.6642230389875935,0.6579147343686719,2.5788834406284256,135.0,0.07407407407407407,10
Texas,Kaufman,13.288531159771493,27.476201282772557,10.0,21.0,9.879306144940923,19.50041402672293,69.0,123.0,0.7615024311388661,-1.0462578738389414,0.7685103414393671,-1.4665552272261826,-0.009160654647177552,0.08177680342314905,0.42029735338724117,192.0,0.359375,10
Texas,Lamar,11.368774170957446,15.25797556239154,12.0,13.0,8.15688637088997,10.838026365797257,51.0,64.0,1.0531837424784056,0.22101540992379498,0.8567090326132697,-0.6858736774036565,0.20647464878240232,0.10966378038955954,0.9068890873274514,115.0,0.4434782608695652,10
Texas,Lavaca,1.5366792507544516,4.113020750969457,2.0,2.0,1.3045702957994672,3.273732526826503,11.0,22.0,1.227488323983229,0.4056467559057602,0.5419442345830784,-1.1678368243555288,0.8175622396702926,0.7459782558090561,1.573483580261289,33.0,0.3333333333333333,10
Texas,Lee,1.5393987436643584,2.588727598332477,0.0,4.0,1.2907480678125984,1.9862569465948012,11.0,13.0,0.24517029911551685,-1.3549722034793232,1.4569106069533073,1.0013666749388663,-1.782120382622161,0.841066676756731,-2.35633887841819,24.0,0.4583333333333333,10
Texas,Liberty,7.6148426116816,24.45275006813223,6.0,29.0,5.921850995924415,18.319003629274,44.0,123.0,0.80100136392578,-0.6635924910079739,1.182234419831551,1.0624240684721926,-0.3892988531872176,0.1327628468591183,-1.7260165594801666,167.0,0.2634730538922156,10
Texas,Limestone,6.040859598934508,8.691400192840963,3.0,6.0,4.498590406734917,6.197688379381575,30.0,39.0,0.535097863982609,-1.4336995277489781,0.7071827864771625,-1.0810938857622285,-0.27883951713902067,0.20532076858296375,-0.3526056419867496,69.0,0.43478260869565216,10
Texas,Lubbock,55.77864941014754,132.96802352536602,36.0,75.0,37.33474893003824,88.70055622148956,200.0,478.0,0.6485585631949925,-3.236979990551973,0.5656785648410458,-6.154961225427588,0.13672629505797787,0.017016748734410527,2.9179812348756147,678.0,0.2949852507374631,10
Texas,Madison,3.7796050802338876,3.2269681030320405,0.0,3.0,3.0606450591302554,2.229626235568531,23.0,14.0,0.11683321022057348,-2.160428711076005,0.9391011415291178,-0.15200182240832646,-2.084175821307233,0.428362493518627,-2.0084268886676786,37.0,0.6216216216216216,10
Texas,Marion,4.136249675572863,5.587550048325894,3.0,3.0,3.428071067097449,4.614700865370439,27.0,36.0,0.754920516563322,-0.6136897418647108,0.5749439384013799,-1.2045282262284767,0.272339930020353,0.34818061289950764,0.5908384843637658,63.0,0.42857142857142855,10
Texas,Matagorda,4.849613963251652,18.86879875214851,3.0,18.0,3.813346116818472,14.201559600785549,27.0,94.0,0.6542528160055492,-0.9471701057603934,0.9551444174072934,-0.23054259010929265,-0.3783687058892387,0.2020291258624357,-0.7166275156511007,121.0,0.2231404958677686,10
Texas,McLennan,64.24378418246624,96.27835166155168,63.0,93.0,46.77787894726923,69.12886781703793,273.0,391.0,0.9807891336879397,-0.18185479917503497,0.9661251550035016,-0.39429912696271113,0.015064100225775907,0.018791524467965736,0.21244432778767616,664.0,0.411144578313253,10
Texas,Midland,16.276831040265222,33.14990848819724,3.0,12.0,12.082202316351749,24.32584323747001,75.0,151.0,0.20862104360470862,-3.8196307118821076,0.3714720354851602,-4.288195144658609,-0.5769541690674236,0.06774057136550089,0.46856443277650106,226.0,0.33185840707964603,10
Texas,Milam,2.4117500553143616,7.645554118299304,1.0,2.0,1.7510287597233165,5.638849640505019,13.0,38.0,0.5151541071536291,-1.066869191127053,0.30691589101147243,-2.3774495930685124,0.5178923536890162,0.39750872975535745,1.3105804019414595,51.0,0.2549019607843137,10
Texas,Montgomery,12.806826602080784,91.56284415121819,10.0,80.0,9.178426185479946,66.04653021804106,62.0,420.0,0.7890686723428197,-0.926470241400974,0.8744027054799046,-1.4227862803857985,-0.10268767670800016,0.06383887862697735,0.49631603898482446,482.0,0.12863070539419086,10
Texas,Morris,4.313315618307213,4.003359849035647,0.0,4.0,3.050734617141027,3.1699454072713342,21.0,23.0,0.10387849865865313,-2.4694999568104397,0.9992539239260735,-0.0018870954726936983,-2.263786990415467,0.36176580658252133,-2.467612861337746,44.0,0.4772727272727273,10
Texas,Nacogdoches,8.505110237220213,14.859221850383818,3.0,6.0,6.739649765863636,11.556881662226191,49.0,81.0,0.38866820147672226,-2.12054432939272,0.4231985229015732,-2.6060049971684487,-0.08511536308432636,0.145512072669119,0.4854606677757287,130.0,0.3769230769230769,10
Texas,Navarro,6.590672973430036,17.501080007534313,5.0,10.0,4.979936675901127,12.367404228631656,31.0,75.0,0.7756668542759538,-0.7128021352697725,0.5832983351890692,-2.132968883047011,0.28502433687176315,0.15502579912898456,1.4201667477772384,106.0,0.29245283018867924,10
Texas,Newton,3.036404197298652,5.686629363284755,0.0,2.0,2.265206557954639,4.53029766656422,19.0,39.0,0.14138655314964682,-2.0174634616989007,0.4040972641478298,-1.7320726677218856,-1.0501579508372012,0.38578380567396664,-0.28539079397701506,58.0,0.3275862068965517,10
Texas,Nueces,27.556356065217827,245.42703788830573,15.0,139.0,18.78024842955631,162.84335053749024,100.0,861.0,0.5524594841885309,-2.8974300246753555,0.5672414111024165,-8.340017465764905,-0.026404883336319233,0.027435408494010473,5.44258744108955,961.0,0.1040582726326743,10
Texas,Orange,9.09577004185276,30.666807526399044,6.0,19.0,6.914326790981654,22.190425270762105,48.0,138.0,0.6773818017365675,-1.1773178871284855,0.6256656214622889,-2.4766761412004263,0.07941899778016004,0.10716941780346723,1.2993582540719408,186.0,0.25806451612903225,10
Texas,Panola,1.7111537588710675,6.142486566372983,1.0,3.0,1.4004314978115817,4.907110459489942,11.0,35.0,0.6783788752736236,-0.6009420232222393,0.5269111145393126,-1.418601820264853,0.25267407374756407,0.6083398376413796,0.8176597970426136,46.0,0.2391304347826087,10
Texas,Polk,5.016008995939695,10.680313406490015,2.0,5.0,4.096983355127894,7.830835928759042,31.0,52.0,0.453226236911549,-1.4900489398434043,0.49193612021710653,-2.029870050328117,-0.0819574510601116,0.2314848704467814,0.5398211104847128,83.0,0.37349397590361444,10
Texas,Potter,27.719050763878542,105.62650360219078,15.0,69.0,21.153546820253855,74.92792262775258,133.0,428.0,0.5492743228571171,-2.7654327557455796,0.654878825185053,-4.231298037193305,-0.17585222475546758,0.03424708739559483,1.4658652814477255,561.0,0.23707664884135474,10
Texas,Red River,2.4672528935342433,4.400481542304859,4.0,4.0,2.0013421741846984,3.370220556837351,16.0,22.0,1.5165542545448927,1.0834523883417089,0.9182771042299449,-0.21814905859086453,0.5016969011169018,0.5028149297611583,1.3016014469325734,38.0,0.42105263157894735,10
Texas,Robertson,4.14682020470949,4.506519649950137,0.0,2.0,3.4610170277709424,3.3757066293252556,27.0,23.0,0.10760046181542739,-2.229016780293444,0.49934888401464655,-1.3642336743539105,-1.5348800781271883,0.36748691953042234,-0.8647831059395337,50.0,0.54,10
Texas,Rusk,10.05225189332513,17.220281691666322,6.0,15.0,7.858680339085814,12.873689507535223,56.0,85.0,0.6159822629055701,-1.4455117358983298,0.8747039279454288,-0.6188089160331397,-0.3506672919013567,0.12118520668921881,-0.8267028198651901,141.0,0.3971631205673759,10
Texas,San Augustine,1.5452181089741857,3.0785324640891973,0.0,1.0,1.319557745073111,2.422943067151782,11.0,17.0,0.24447270332980947,-1.3451650937708333,0.41916624064545904,-1.3353195496315131,-0.5391639370929489,0.8083041283392839,-0.00984554413932015,28.0,0.39285714285714285,10
Texas,Shelby,9.428530753448895,10.58256076978882,5.0,8.0,7.593208022706651,8.184954405163761,56.0,54.0,0.5539591039781443,-1.6071152271204632,0.7669707549153343,-0.9026978693208584,-0.32535780696716693,0.15850170040741074,-0.7044173577996048,110.0,0.509090909090909,10
Texas,Smith,40.84385661079087,57.366591320377346,38.0,44.0,31.648968307632657,42.37233883773351,216.0,266.0,0.9312145299466664,-0.5055078643638123,0.769010217892852,-2.053427867181809,0.1913854236562525,0.03184719948021618,1.547920002817997,482.0,0.44813278008298757,10
Texas,Tarrant,448.73562229983486,726.8383150194337,378.0,627.0,306.0748590882893,488.2773625804603,1658.0,2600.0,0.8425422678243811,-4.043191853180751,0.8627346958660275,-4.518184358290572,-0.02368339254645194,0.002444263621016439,0.47499250510982094,4258.0,0.3893846876467825,10
Texas,Taylor,12.513955930000241,49.08329001505142,7.0,31.0,9.08371817933729,34.31390097483086,53.0,198.0,0.5763043950925583,-1.829496002096887,0.6352946726697223,-3.087041022170393,-0.09745295789201558,0.07224924142407402,1.2575450200735059,251.0,0.21115537848605578,10
Texas,Titus,5.378684981057887,9.649102889847995,1.0,11.0,4.005752710576683,6.8418947416353575,28.0,46.0,0.2551591052817514,-2.1877698549101776,1.1331050758686552,0.5164568931950025,-1.4908297051376522,0.21194806522665136,-2.7042267481051803,74.0,0.3783783783783784,10
Texas,Tom Green,3.474920306756804,38.770427240577405,2.0,23.0,2.6007370523561684,28.061972522223027,16.0,170.0,0.6289434270544626,-0.9145771202027271,0.5984146761642024,-2.977037886026858,0.049757359530623685,0.23404950819361597,2.062460765824131,186.0,0.08602150537634409,10
Texas,Travis,79.49346834990553,268.7233906488919,48.0,159.0,60.551128687066075,189.72072808623838,390.0,1095.0,0.6062995017024697,-4.047243836114994,0.5924448080665181,-7.966027994402468,0.023116373483177237,0.012209335026144526,3.9187841582874743,1485.0,0.26262626262626265,10
Texas,Trinity,1.6180885858612637,5.923059838896811,2.0,4.0,1.3508254126507817,4.51689503355082,10.0,31.0,1.1803094623558639,0.3285965709964586,0.7006006658615989,-0.904842100072238,0.5215938781311908,0.6446847301496635,1.2334386710686966,41.0,0.24390243902439024,10
Texas,Tyler,1.2706587284450135,5.327805236228371,0.0,0.0,1.0967790541529119,4.292316485437172,10.0,33.0,0.28238078403685296,-1.2133032198784999,0.08579559194802282,-2.5715944049027226,1.1912888288316679,0.8305145708223812,1.3582911850242227,43.0,0.23255813953488372,10
Texas,Upshur,3.7089624715507563,10.778911102323615,2.0,7.0,2.8880149499261343,8.207766573498517,23.0,55.0,0.5939706084095581,-1.0056174649126766,0.6649578077138044,-1.319028492906485,-0.11289375424965407,0.2805836829438286,0.3134110279938085,78.0,0.2948717948717949,10
Texas,Victoria,6.073747650581183,37.72075346260901,6.0,34.0,4.748708934686846,28.79165576556887,31.0,186.0,0.9887814904828811,-0.03384234230005679,0.9026509651033178,-0.6934219324635479,0.0911374167854288,0.14895987816993259,0.6595795901634911,217.0,0.14285714285714285,10
Texas,Walker,9.423214501656965,12.274905180717553,4.0,8.0,7.260880375610368,9.140519787544267,53.0,56.0,0.45348208478700086,-2.0126216555841454,0.6653669737470853,-1.4139727496935226,-0.383382964222893,0.14243395659331698,-0.5986489058906228,109.0,0.48623853211009177,10
Texas,Waller,7.146825594668375,13.166107877477467,5.0,10.0,5.388882614765521,8.940793072765524,36.0,52.0,0.7192527058332265,-0.924799108851154,0.7683240974048364,-1.0588579129962585,-0.06599888151410145,0.15708244458362655,0.13405880414510452,88.0,0.4090909090909091,10
Texas,Washington,6.92790231496519,6.262859916208838,1.0,8.0,4.801826942247445,4.2457654308638055,31.0,24.0,0.201941266375826,-2.705190080925144,1.256864714826886,0.8430568145918609,-1.828398682755708,0.2082924388516827,-3.548246895517005,55.0,0.5636363636363636,10
Texas,Wharton,4.0095813226928305,15.100919930089647,4.0,8.0,3.2757351551769527,11.251347042221214,26.0,74.0,0.997875340966884,-0.005293843233283616,0.5448396657434262,-2.116958553430885,0.6051367995748563,0.25309598846044323,2.1116647101976014,100.0,0.26,10
Texas,Wichita,32.86005871579437,58.65949588753776,21.0,38.0,23.5110714562457,40.45771808729569,139.0,230.0,0.6444832781370613,-2.445967196993248,0.6507830978341757,-3.248022493203718,-0.009727527079364636,0.03353164008400762,0.8020552962104701,369.0,0.37669376693766937,10
Texas,Wilbarger,2.319547715590284,4.080243710805799,3.0,0.0,1.84689407038866,2.9828590873777454,12.0,19.0,1.2413338425334153,0.5006989526415817,0.10916449681932652,-2.362488675048412,2.4310858701874385,0.5224376512972959,2.863187627689994,31.0,0.3870967741935484,10
Texas,Williamson,4.240929007574313,25.928435113833785,5.0,17.0,3.318722120137249,19.602058781712298,22.0,131.0,1.1601101790836694,0.4166745262910415,0.6621655775161558,-2.016622011392167,0.5607546198017558,0.2136797297401354,2.4332965376832085,153.0,0.1437908496732026,10
Texas,Wood,2.1968984139633525,11.668111420208744,2.0,10.0,1.6918102350229067,9.113498632644715,13.0,62.0,0.9269907932223552,-0.15137926556189138,0.8629112306254566,-0.5525638758186462,0.07163180930890738,0.41747498635182345,0.4011846102567548,75.0,0.17333333333333334,10
Utah,Salt Lake,13.543793691865813,211.6860516715033,8.0,170.0,10.420743138496656,157.00425286187843,65.0,951.0,0.6052495633657174,-1.7173456502061193,0.803540094444852,-3.3268640511989838,-0.2833862092708448,0.06031281619631761,1.6095184009928645,1016.0,0.0639763779527559,10
Utah,Weber,2.415278832557031,37.947185256140635,3.0,17.0,1.7957948414342364,29.038923444853577,11.0,188.0,1.2005712664301487,0.43633540733925846,0.45516986180945374,-3.887186857441827,0.9698821059146211,0.3280040327139325,4.323522264781086,199.0,0.05527638190954774,10
Virginia,Accomack,7.09898663302981,4.4125285762181266,7.0,5.0,5.842257130728597,3.465570143677302,51.0,29.0,0.986973706125557,-0.040953046885058325,1.1195863626373312,0.31557268099212576,-0.12607117811862256,0.29391954613040805,-0.35652572787718406,80.0,0.6375,10
Virginia,Albemarle,3.957218681265026,8.11793686943216,1.0,2.0,3.285361702248288,6.834534378493954,26.0,59.0,0.33653273650335624,-1.6315179111805385,0.29009263329225643,-2.340186798218326,0.1484951325317151,0.3135081168538665,0.7086688870377877,85.0,0.3058823529411765,10
Virginia,Alexandria,20.781133605048787,12.67183286179038,17.0,14.0,16.46614964422488,10.056098376786442,119.0,73.0,0.8223246150688259,-0.9318070549942354,1.1008338894173524,0.4188301853183552,-0.29168802693342166,0.10075425817207609,-1.3506372403125906,192.0,0.6197916666666666,10
Virginia,Amherst,2.0736494195543784,4.337781749605049,3.0,4.0,1.7947870857448547,3.7014670693577423,17.0,35.0,1.3599365839835393,0.6914629425570472,0.9301783819345251,-0.17556956612592448,0.3798169719328997,0.6141056795322382,0.8670325086829717,52.0,0.3269230769230769,10
Virginia,Arlington,13.0695989972517,21.85407002867559,6.0,11.0,9.792708012366234,16.138852332315892,61.0,109.0,0.4790119443703877,-2.259141209366429,0.5144477039415153,-2.7018192728435966,-0.07136837252431144,0.0911210568168167,0.4426780634771674,170.0,0.3588235294117647,10
Virginia,Augusta,1.0324682494132507,9.871934964783943,0.0,4.0,0.9262863337665748,8.12420216756847,11.0,74.0,0.3262710337988662,-1.0727637178981184,0.4338631138046033,-2.060112208481135,-0.28500065039644035,0.9523076559112849,0.9873484905830168,85.0,0.12941176470588237,10
Virginia,Bedford,2.427288903376652,6.341179904756688,1.0,5.0,2.112153734030697,5.29704354704717,21.0,49.0,0.5124195286190364,-0.9820851104176856,0.803954884474802,-0.5827338765377527,-0.4503994724118726,0.490227211569662,-0.399351233879933,70.0,0.3,10
Virginia,Buckingham,2.1735615989635835,2.477185686049281,1.0,3.0,1.8596460504892827,2.1407015061161347,18.0,20.0,0.5610493510160681,-0.8605789999630481,1.1756068882100843,0.3573299447062175,-0.7397309224628624,0.7424785771731752,-1.2179089446692655,38.0,0.47368421052631576,10
Virginia,Campbell,4.035782492345778,6.6446005798845444,3.0,2.0,3.2470993187916792,5.393741442734588,30.0,49.0,0.7716419396005693,-0.5748053208567537,0.3499145924320376,-1.9998771119381553,0.7908315305420599,0.32152750358287335,1.4250717910814017,79.0,0.379746835443038,10
Virginia,Caroline,4.0141681298648635,2.186935490548336,5.0,2.0,3.265642796145419,1.8315876166485996,28.0,15.0,1.2183861659057542,0.5455298443694855,0.9304279945663352,-0.1381267879459966,0.2696377577094428,0.5856265065885838,0.683656632315482,43.0,0.6511627906976745,10
Virginia,Charlottesville,12.220597559913168,8.45659834586151,11.0,3.0,9.700697423135805,6.611830033645475,68.0,44.0,0.9040455800787475,-0.3918961690811098,0.3907733566747706,-2.122077040372655,0.8387520380872615,0.15741079298278454,1.7301808712915452,112.0,0.6071428571428571,10
Virginia,Chesapeake,45.442711304628084,33.47291514274875,46.0,34.0,34.03823469732494,24.661503388737973,207.0,155.0,1.0121300785161929,0.09552052906155092,1.0155148551437676,0.10613796715804466,-0.0033386316464076578,0.03849371734661293,-0.010617438096493736,362.0,0.5718232044198895,10
Virginia,Chesterfield,16.008838608302,31.761173911943402,16.0,33.0,12.658535647769233,24.932184096147203,97.0,176.0,0.9994646135617586,-0.0024842320091997094,1.0383999073139112,0.24810195128686258,-0.03821650751785964,0.07410819598192436,-0.2505861832960623,273.0,0.3553113553113553,10
Virginia,Culpeper,2.129296768539791,3.665390006785967,1.0,10.0,1.8578235202658788,2.8035977486916455,19.0,22.0,0.5704947489944399,-0.8285254571323638,2.5207723605458607,3.7832237751936604,-1.4858166607832193,0.6184397173258993,-4.611749232326024,41.0,0.4634146341463415,10
Virginia,Cumberland,1.3198108285062151,0.7879264383557494,1.0,2.0,1.202119765849882,0.7212330372333885,17.0,10.0,0.8242614982301592,-0.2916884921421072,1.941104651280909,1.42722081927406,-0.8565246660980047,1.8518470912526013,-1.7189093114161673,27.0,0.6296296296296297,10
Virginia,Danville,31.228764313326334,11.660442702510712,47.0,9.0,23.774458907613845,8.786269001822472,148.0,56.0,1.4970642893914914,3.234524173298874,0.781221558491335,-0.8975355560547271,0.6504025337259585,0.08899927715071737,4.132059729353601,204.0,0.7254901960784313,10
Virginia,Dinwiddie,6.982754739174848,5.193579815156647,12.0,8.0,5.787172551564558,4.197923672604444,54.0,38.0,1.6705077789811968,2.0856052703151264,1.492909606250271,1.3697314461405992,0.11240066780141658,0.27432237508424795,0.7158738241745273,92.0,0.5869565217391305,10
Virginia,Essex,1.8576915894482915,1.148452159789677,4.0,2.0,1.6690353798048578,0.9817790770106308,20.0,10.0,1.9086465847100114,1.6582470042488089,1.5165741906146493,0.8594134882623006,0.22994042727951144,1.228004103315276,0.7988335159865083,30.0,0.6666666666666666,10
Virginia,Fairfax,24.574264560250096,66.82615537738143,25.0,92.0,18.32673363909364,51.14700140370041,130.0,378.0,1.0169789801302813,0.09944827857328756,1.3739088394623504,3.519974024450356,-0.3008233964263422,0.041800786120442544,-3.420525745877068,508.0,0.2559055118110236,10
Virginia,Fauquier,2.51993815372646,3.8247861155867957,2.0,8.0,2.1556937435480124,3.418202773351552,22.0,42.0,0.8278315226141698,-0.35412627979417166,1.9654151148343444,2.258290548828389,-0.8646490977831901,0.5731341473308476,-2.612416828622561,64.0,0.34375,10
Virginia,Fluvanna,1.004877811923627,2.3707775635012798,0.0,3.0,0.9042326834485184,1.7390451555790662,11.0,14.0,0.3322528885988886,-1.0567521903667076,1.2191818845523172,0.47714323488923316,-1.3000389347432277,1.204881819413304,-1.533895425255941,25.0,0.44,10
Virginia,Franklin,4.078731498654645,8.235878294697514,3.0,4.0,3.449881317312419,6.766697446089628,34.0,57.0,0.7644038531257826,-0.5807795057753731,0.5151170664467019,-1.6283775045711741,0.39470206475196673,0.3071339265384223,1.047597998795801,91.0,0.37362637362637363,10
Virginia,Fredericksburg,5.6803868255204915,3.7980825517791708,2.0,7.0,4.455431998257121,2.9582790863959922,28.0,20.0,0.40450542507741144,-1.743606814248651,1.7449641577720305,1.8616179555022925,-1.4618241462475905,0.343154900855984,-3.6052247697509436,48.0,0.5833333333333334,10
Virginia,Goochland,1.505794683014165,3.1045610565251165,2.0,4.0,1.2796627080122276,2.5295708092159055,12.0,22.0,1.246388786036255,0.43687747811987515,1.2484183037637622,0.5630053967661505,-0.0016269940738112955,0.8268200089209639,-0.12612791864627532,34.0,0.35294117647058826,10
Virginia,Greene,3.4881340694844027,2.858171266637082,0.0,0.0,1.9799691101068149,2.2332340636431494,11.0,20.0,0.12537191360385772,-2.4789282780960575,0.14889055986138156,-1.9125866812954386,-0.1719269098334367,0.43610600709655784,-0.5663415968006189,31.0,0.3548387096774194,10
Virginia,Halifax,9.783770782189151,7.119939869181573,14.0,7.0,8.065342769204442,6.006561286523645,68.0,53.0,1.4099886420176824,1.48461142679955,0.9842597354781416,-0.0489384955722497,0.3594471069926584,0.20274553169475376,1.5335499223717997,121.0,0.5619834710743802,10
Virginia,Hampton,53.90870454346804,19.996817860595694,46.0,13.0,42.47403807260943,15.331890180822603,281.0,103.0,0.8546426604009724,-1.213510602948551,0.6586388234416234,-1.7869101622661108,0.26050812388014805,0.05295715900175293,0.5733995593175598,384.0,0.7317708333333334,10
Virginia,Hanover,3.1585834091574228,9.08298174089634,0.0,9.0,2.7295601593702425,7.438408426359966,27.0,65.0,0.13666491756030533,-1.9118156595841578,0.9913407180416293,-0.030425836794386502,-1.981526214983754,0.3637568004902864,-1.8813898227897712,92.0,0.29347826086956524,10
Virginia,Henrico,66.83990415005061,38.016355348215235,73.0,27.0,47.34137406838394,27.236683048107462,292.0,169.0,1.091477645056089,0.8952968165229819,0.7139824043936777,-2.110866792534969,0.42442937651259494,0.02944240823795812,3.0061636090579507,461.0,0.6334056399132321,10
Virginia,Henry,14.464415967733368,16.985052147737207,5.0,15.0,12.28158049097014,13.694394723365777,108.0,115.0,0.3675385669483682,-2.70063996470108,0.8864714768383405,-0.536414488280878,-0.8804206927455434,0.10617082946190907,-2.164225476420202,223.0,0.484304932735426,10
Virginia,Hopewell,7.549794614394278,5.612888735830443,8.0,8.0,6.088404676805186,4.446134286367886,43.0,34.0,1.0559275617791148,0.18245632810117537,1.3905046153020264,1.132091095219569,-0.27524712772247817,0.24794211369941171,-0.9496347671183937,77.0,0.5584415584415584,10
Virginia,Isle of Wight,3.3668073781617296,1.9354877421158974,5.0,3.0,2.9049070886755533,1.7047510199656795,29.0,19.0,1.4223620320634347,0.9582333594526887,1.4370838085020614,0.8153051530315729,-0.010297034696294725,0.7113407762210697,0.1429282064211158,48.0,0.6041666666666666,10
Virginia,James City,5.949277728895015,2.506378362857937,5.0,4.0,4.778777560607012,2.045358012973028,36.0,17.0,0.8528086758239734,-0.4342450575107884,1.4968175847707306,1.0443737034335874,-0.562561296434888,0.46061071963465283,-1.4786187609443757,53.0,0.6792452830188679,10
Virginia,King George,1.2898959026972405,1.9240524315374166,4.0,1.0,1.1737758951585744,1.6118591095717991,15.0,16.0,2.5141126884635208,2.501458945460336,0.6187984964700821,-0.7278352331518964,1.4018955235695925,1.1408704905830773,3.2292941786122324,31.0,0.4838709677419355,10
Virginia,Lancaster,1.4059793051537812,1.3913281057116829,2.0,1.0,1.2304883025995426,1.1374455994193475,13.0,10.0,1.3116616708481477,0.535504137494178,0.7930934857204848,-0.3669236653637015,0.5031089600569139,1.2100578373135178,0.9024278028578796,23.0,0.5652173913043478,10
Virginia,Loudoun,2.7322458158272442,8.818688138297416,2.0,13.0,2.2972073181589043,6.840019945731891,22.0,56.0,0.773456024835216,-0.4831219874224319,1.4487017699968374,1.5987622177959118,-0.6275542871173457,0.3956762370722453,-2.0818842052183437,78.0,0.28205128205128205,10
Virginia,Louisa,1.4631333953472483,4.223640532512646,0.0,2.0,1.275307813078436,3.6083207812382048,15.0,35.0,0.25469486749348363,-1.2956163287314084,0.5292528046519609,-1.1706094129475515,-0.7313999786975248,0.7979967412098417,-0.12500691578385692,50.0,0.3,10
Virginia,Lynchburg,26.546111287129193,12.065120886771496,15.0,4.0,20.616012236817355,9.359320350689368,135.0,60.0,0.573095327289295,-2.5429241568809196,0.3581342384646359,-2.63626294359925,0.47014418423323534,0.0935507406699971,0.09333878671833062,195.0,0.6923076923076923,10
Virginia,Madison,0.9514542943943256,1.1211040004919641,0.0,2.0,0.84889673714203,0.9597666913203218,10.0,10.0,0.34448208388721185,-1.0326674746183737,1.5421589233271358,0.8971284943737334,-1.4988965289616691,1.701346552597891,-1.9297959689921071,20.0,0.5,10
Virginia,Manassas,2.7423489919528943,3.6358619290850105,1.0,2.0,2.256593610997685,2.980835489390715,17.0,27.0,0.46262755913160886,-1.159867745297638,0.6044689215611903,-0.9474965585204503,-0.267427934470288,0.5255477654306512,-0.2123711867771877,44.0,0.38636363636363635,10
Virginia,Martinsville,13.927322745866558,6.4149650957781645,10.0,2.0,10.597726418655396,4.573267444342708,63.0,26.0,0.7277857565783132,-1.2063969787705404,0.36153472438007533,-2.064495661867773,0.6996486211082396,0.16576752666749456,0.8580986830972326,89.0,0.7078651685393258,10
Virginia,Mecklenburg,7.936822862028269,5.718672897804314,4.0,10.0,6.68141947475789,4.333864545340684,65.0,33.0,0.533376138576195,-1.523040684904966,1.6884631452005354,2.056556964022246,-1.1523471364712532,0.23858683355213625,-3.579597648927212,98.0,0.6632653061224489,10
Virginia,Montgomery,2.2456249430010495,10.395501284121263,1.0,4.0,1.862836686264482,8.880785264119696,17.0,96.0,0.5463237081319838,-0.9126408522421927,0.4130144986131247,-2.146094818307684,0.27972897415668113,0.45158186209939183,1.2334539660654913,113.0,0.1504424778761062,10
Virginia,Newport News,121.50245163950196,33.4179424317185,111.0,16.0,92.64313935166594,24.93622814823974,572.0,157.0,0.9139160607154433,-1.0911489994088632,0.486468188134253,-3.4880401025616012,0.630567219698121,0.028604532279625068,2.396891103152738,729.0,0.7846364883401921,10
Virginia,Norfolk,274.95597437654806,69.6876729848542,224.0,52.0,208.116191034425,52.311959055789934,1254.0,323.0,0.8150122737694144,-3.5321747055591795,0.7479945945968173,-2.4455143077763535,0.0858074214937139,0.013524650269173035,-1.086660397782826,1577.0,0.7951807228915663,10
Virginia,Northampton,4.506531747816146,2.542963765294152,4.0,3.0,3.800354140344542,2.131202892874989,34.0,17.0,0.8988258192835599,-0.2598331966787152,1.1501944386977174,0.3130676798034342,-0.2465970179005359,0.5166957395164696,-0.5729008764821494,51.0,0.6666666666666666,10
Virginia,Nottoway,2.39608070447139,2.4875772098845834,2.0,3.0,1.9555019056573453,2.165759638242957,16.0,23.0,0.8632356122328141,-0.2832399858421353,1.1715178400812651,0.3481956241477269,-0.3053678170859754,0.6905995982545707,-0.6314356099898621,39.0,0.41025641025641024,10
Virginia,Orange,1.8668837520754196,2.7781358333854747,2.0,2.0,1.6435078729867976,2.221015737852399,17.0,21.0,1.056241143151985,0.10383533621552533,0.7626285569192355,-0.5221311421856123,0.3257006999460209,0.759329749628505,0.6259664784011376,38.0,0.4473684210526316,10
Virginia,Petersburg,42.59195822711102,7.587300579067377,33.0,3.0,33.11628436318715,5.855515196545084,215.0,37.0,0.7774072327704916,-1.666811457817488,0.43277728653478803,-1.8957219629283997,0.5857410762951063,0.11997148645722303,0.2289105051109117,252.0,0.8531746031746031,10
Virginia,Pittsylvania,8.92520466160467,8.97024521916916,7.0,10.0,7.360826245650753,7.577996652060577,68.0,71.0,0.7957386888958125,-0.7096000239513238,1.1087358095803546,0.3740732151228282,-0.3317048833002616,0.18658107904729693,-1.0836732390741521,139.0,0.4892086330935252,10
Virginia,Portsmouth,123.92623635072579,28.965539327650323,208.0,37.0,91.42393000474277,21.40865931120876,532.0,126.0,1.6756916074540078,8.792867856023367,1.27267312445933,1.7364488451855367,0.27510646918568377,0.031469766835657255,7.05641901083783,658.0,0.8085106382978723,10
Virginia,Powhatan,0.9644810619187196,2.2967772303820237,2.0,1.0,0.8451733456354791,1.830199457216707,10.0,16.0,1.7070893335585877,1.126380568689081,0.5363315975634958,-0.9585530760165599,1.1577924331305112,1.2555150128989592,2.0849336447056412,26.0,0.38461538461538464,10
Virginia,Prince Edward,4.638911912290772,3.045656484417482,3.0,4.0,4.009842036424749,2.6330433494268277,38.0,26.0,0.6810780296951627,-0.8184496733200287,1.2691584815891457,0.5881332357999175,-0.6224324662699686,0.4701900010400807,-1.4065829091199462,64.0,0.59375,10
Virginia,Prince George,1.757979864873224,2.710635161180316,2.0,1.0,1.4410730580552578,2.2941531350421096,11.0,20.0,1.1071843637278689,0.20160834275541503,0.46719727552244195,-1.1293958630615208,0.8628238624126825,0.7785263135748683,1.3310042058169358,31.0,0.3548387096774194,10
Virginia,Prince William,19.110119903206808,25.94279424031498,7.0,18.0,15.242097130043945,20.160260527380473,111.0,151.0,0.38245559114473027,-3.1018877718559845,0.6996234903115758,-1.7689894471592846,-0.603929774411578,0.07169121896313688,-1.3328983246966999,262.0,0.42366412213740456,10
Virginia,Richmond,640.4047471075279,108.80179040058184,1091.0,186.0,457.95485224007274,75.55023498537288,2440.0,401.0,1.7030611879940927,21.055971280447626,1.7062849502875777,8.881561316889066,-0.0018911328586271882,0.007498742945756373,12.17440996355856,2841.0,0.8588525167194649,10
Virginia,Roanoke,36.23982685741339,45.41079321957081,37.0,37.0,29.596450112180044,35.876941323988255,220.0,249.0,1.0206907110786567,0.13973098156287245,0.8168013961478351,-1.4042009119792873,0.2228388686891757,0.039933426409507464,1.5439318935421598,469.0,0.4690831556503198,10
Virginia,Southampton,3.2619154740343865,2.570052830454964,6.0,2.0,2.83518099990552,2.167439592362526,30.0,20.0,1.7278431811837636,1.6261344704556953,0.8143182342661883,-0.38720557818364987,0.7522779528280553,0.5946048775781756,2.0133400486393453,50.0,0.6,10
Virginia,Spotsylvania,2.698570339735072,8.0569127234745,2.0,6.0,2.3560202140113318,6.4143898179009,24.0,57.0,0.7815991941596843,-0.45511446192042176,0.7596197612449996,-0.8121536301484152,0.02852407578415684,0.4223416400659428,0.3570391682279935,81.0,0.2962962962962963,10
Virginia,Stafford,2.15320392719652,9.377699324016588,0.0,7.0,1.8496282361234693,7.441275539566521,20.0,63.0,0.1884514020482096,-1.5832260969878873,0.7592861205811903,-0.8716321510112963,-1.3935385172423662,0.48356245032044193,-0.711593945976591,83.0,0.24096385542168675,10
Virginia,Suffolk,34.43989779612373,8.960840123820816,34.0,8.0,26.32753144262771,6.967422793707562,174.0,48.0,0.9874098716976633,-0.08573274241136487,0.8984402958674271,-0.36401145285977327,0.094424968100136,0.10896761971315824,0.2782787104484084,222.0,0.7837837837837838,10
Virginia,Virginia Beach,46.97706971558908,59.57645302173319,33.0,37.0,37.83345730915627,47.10521228320856,274.0,340.0,0.7056037830616215,-2.272365130511808,0.6242046278337046,-3.2894343894088576,0.1225756223270255,0.030415175031925354,1.0170692588970494,614.0,0.44625407166123776,10
Virginia,Westmoreland,2.97554934524238,1.650921447917971,0.0,3.0,2.6081741269659404,1.454321222142375,27.0,16.0,0.14386214964389485,-1.8424633835831674,1.6272095865648173,1.1186830737831432,-2.425766369787618,0.8281691329391501,-2.9611464573663104,43.0,0.627906976744186,10
Virginia,York,2.643378534280562,3.443708371545899,2.0,6.0,2.2810947173225715,2.914784385496489,21.0,27.0,0.7953226036049729,-0.4259855893353509,1.6481948936432278,1.4972943320880363,-0.7286881411413809,0.5722400123481977,-1.9232799214233873,48.0,0.4375,10
Washington,Clark,3.486356470646548,53.20930434869183,1.0,34.0,2.5287248656270718,39.72802097796334,15.0,235.0,0.3762834586031677,-1.563552989695948,0.6423468041220366,-3.0476365382833546,-0.5347856125451655,0.22207741356436048,1.4840835485874067,250.0,0.06,10
Washington,Franklin,4.242218110237472,34.6320046304373,3.0,15.0,2.6091139163143113,23.147737903844238,12.0,111.0,0.738051249149469,-0.7690442615788181,0.44119315601396886,-4.080471695271426,0.5145304904300163,0.16427947391097972,3.311427433692608,123.0,0.0975609756097561,10
Washington,King,232.72885033617817,480.3872161432164,275.0,407.0,159.25493063144793,312.1612689748044,803.0,1538.0,1.1812432278549236,3.349636004418425,0.8473920418766956,-4.153659622753749,0.33215929883439116,0.0042929887012499125,7.503295627172174,2341.0,0.3430158052114481,10
Washington,Kitsap,3.265315847489108,32.25834967191912,5.0,25.0,2.5716017154677924,23.0410191405433,17.0,139.0,1.4607008343450556,1.0817292109746366,0.7784274926968903,-1.5121227387559757,0.629395773306334,0.26332870529435953,2.5938519497306123,156.0,0.10897435897435898,10
Washington,Pierce,96.62585830732557,225.27778766291374,75.0,168.0,68.68069566516586,153.52275992025724,375.0,805.0,0.7773419078686847,-2.6094922443491817,0.746309022442768,-4.622744073787171,0.04074053581747983,0.010381179765281417,2.0132518294379893,1180.0,0.3177966101694915,10
Washington,Snohomish,4.640801151423119,85.98203540181716,4.0,60.0,3.603928282578979,62.13999313135579,24.0,369.0,0.8753499439974006,-0.3375477468750639,0.6995672536949654,-3.2960027830186287,0.22416180753532824,0.17574167132791838,2.958455036143565,393.0,0.061068702290076333,10
Washington,Spokane,17.05022216624381,148.28235480189534,15.0,118.0,11.067295940394775,98.83207426158381,56.0,516.0,0.8831797029790758,-0.6162829645995939,0.7964654152556162,-3.0460756741366875,0.10334498651987171,0.042564762830873654,2.4297927095370935,572.0,0.0979020979020979,10
Washington,Thurston,3.0528700568011877,30.13702855565663,1.0,14.0,2.187362461152674,21.989083474334734,13.0,128.0,0.4221938815714862,-1.3880371273630896,0.47328349659166963,-3.4412799452400695,-0.11422992396150645,0.2589057905417108,2.05324281787698,141.0,0.09219858156028368,10
Washington,Yakima,3.486807344914422,118.1324532595932,4.0,100.0,2.3972486013254524,84.83170343358005,13.0,474.0,1.1287227123578487,0.33145448128681915,0.8471543598620901,-1.9686906231173775,0.2869590082444015,0.20325624182117816,2.3001451044041965,487.0,0.026694045174537988,10
West Virginia,Berkeley,2.986118025104246,14.154896849015605,6.0,10.0,2.4965157698977576,11.303755880759923,22.0,84.0,1.8645381347367405,1.9074760084378033,0.7164840604596479,-1.2358019080095133,0.9564126518450349,0.3363926408355459,3.1432779164473166,106.0,0.20754716981132076,10
West Virginia,Cabell,10.31641786803143,32.513085061526375,13.0,23.0,7.772831288541757,24.268075684527258,47.0,146.0,1.2481026680653728,0.962554371880007,0.7118389558625959,-1.9310953125750931,0.5615281113818112,0.09599058178942668,2.8936496844551,193.0,0.24352331606217617,10
West Virginia,Fayette,2.4214929497441515,15.740899943611716,2.0,13.0,1.7994597467979994,12.748845359792329,15.0,96.0,0.8557268639717021,-0.31420945294449276,0.8312347250997112,-0.76764028021571,0.02903902509702638,0.3583381627904192,0.4534308272712172,111.0,0.13513513513513514,10
West Virginia,Jefferson,2.2636799000106818,4.1852000136189496,1.0,4.0,1.8053356974941774,3.476840468964232,12.0,28.0,0.5427546077221904,-0.9404984688577525,0.960471268445187,-0.099322726373849,-0.5707667703307875,0.5508086691690248,-0.8411757424839035,40.0,0.3,10
West Virginia,Kanawha,23.265409986769303,71.02585070502244,29.0,55.0,18.57792861931939,55.0254744318252,129.0,367.0,1.2412998562374167,1.3304658420867863,0.7759432352491108,-2.160425002525737,0.4698350136503313,0.04522990222682338,3.4908908446125233,496.0,0.2600806451612903,10
West Virginia,Marion,2.8513825460447304,8.984467357051138,1.0,5.0,2.253494625522648,7.47042430938748,15.0,57.0,0.4475764790773544,-1.2332976437592555,0.5798955062996846,-1.4577989674569218,-0.25900049967833816,0.3697162010996332,0.2245013236976663,72.0,0.20833333333333334,10
West Virginia,McDowell,2.854171991253336,17.634810669249312,1.0,3.0,2.1320182792583964,14.33979046735341,14.0,105.0,0.4472042590277259,-1.2698562314672646,0.19299898211426333,-3.86469927420272,0.8403305306889618,0.30782686849263363,2.594843042735455,119.0,0.11764705882352941,10
West Virginia,Mercer,5.75549713174278,26.295395188567635,4.0,8.0,4.6274211442189355,21.405733331274813,33.0,153.0,0.7193672869203763,-0.8160760094171842,0.3172186840381649,-3.9543648721208733,0.8187806664541837,0.17065042540387673,3.138288862703689,186.0,0.1774193548387097,10
West Virginia,Ohio,2.4111803103086493,9.701095855973135,3.0,6.0,1.9823575262564928,7.361851679420699,15.0,48.0,1.2022614977184023,0.4182070329743938,0.6371864446498657,-1.3640704519817515,0.6348973391081626,0.41920003603259404,1.7822774849561454,63.0,0.23809523809523808,10
West Virginia,Raleigh,8.715449943668553,23.550737499031456,4.0,11.0,6.97948789987538,18.88374070162893,56.0,141.0,0.4883103947726081,-1.7848896025688388,0.4781558154074533,-2.8881864898015226,0.0210146054885429,0.1259318667734306,1.1032968872326838,197.0,0.28426395939086296,10
Wisconsin,Dane,7.1405171795192715,24.829162143058298,10.0,23.0,6.1130924863986955,20.05691690677222,63.0,180.0,1.3742525215630288,1.1565302817225747,0.9277843407244484,-0.4084323346379142,0.39286592728554554,0.1524293474971998,1.5649626163604888,243.0,0.25925925925925924,10
Wisconsin,Kenosha,3.614642002750807,18.69338404613689,4.0,16.0,2.9620663044942015,14.393459770728022,32.0,122.0,1.0936552917584481,0.22390664797958124,0.8596712263109747,-0.7099302539027157,0.24073082236342705,0.26789638342128863,0.933836901882297,154.0,0.2077922077922078,10
Wisconsin,Milwaukee,438.3542217519464,180.45471770785008,541.0,202.0,345.71492689066747,139.84560737691277,2698.0,1062.0,1.2338949317572523,5.520545912627005,1.1190644961627063,1.8219135841825427,0.09768271242485785,0.006093648980705882,3.6986323284444627,3760.0,0.7175531914893617,10
Wisconsin,Racine,20.629073845151787,19.1476722211655,37.0,28.0,16.87451242640939,15.198150060501815,149.0,130.0,1.7748056670550487,3.985268926217511,1.4505535148992514,2.270712351144713,0.20174571558065565,0.08110587600509492,1.7145565750727982,279.0,0.5340501792114696,10
Wisconsin,Rock,4.38304137089672,11.460139181074021,11.0,12.0,3.595632742579443,9.569473592469807,34.0,90.0,2.3550896104507393,3.4895606910931596,1.0451383391742017,0.17451701859239135,0.8124295192513306,0.2600280092042847,3.315043672500768,124.0,0.27419354838709675,10
Alabama,Autauga,5.151144135755555,5.427869844424996,5.0,3.0,4.004078904505217,4.118355864402878,31.0,31.0,0.9732542415969812,-0.07553356591535224,0.5904313171267849,-1.196364356261207,0.49979202886590257,0.29068851117314537,1.1208307903458548,62.0,0.5,20
Alabama,Baldwin,7.5907709392763385,18.915984726037127,6.0,21.0,6.0355217809172075,14.524111317600164,55.0,109.0,0.8033845042437177,-0.6475156027514217,1.107335028501963,0.5468347601949848,-0.32087809834399894,0.14533852947341647,-1.1943503629464065,164.0,0.3353658536585366,20
Alabama,Barbour,5.668613906081005,4.421500361441365,9.0,9.0,4.540332679145748,3.3956950378902158,36.0,25.0,1.540054239840643,1.5634396821688923,1.9303056593127477,2.484613520756582,-0.22586072659702097,0.3149931316999014,-0.9211738385876895,61.0,0.5901639344262295,20
Alabama,Calhoun,29.59277807823871,31.00237081971024,28.0,26.0,23.556143152120956,23.613882809549146,171.0,156.0,0.9470710854910896,-0.3281732494701247,0.8412065286025907,-1.029419001766688,0.11853694938833054,0.05146722840543909,0.7012457522965633,327.0,0.5229357798165137,20
Alabama,Chambers,9.05584771639449,5.921081474734513,6.0,4.0,7.401191916181097,4.555731825042883,63.0,36.0,0.6802117606843269,-1.1232615039077993,0.7008165240865531,-0.9000501496236675,-0.029841955772504872,0.22019317119188325,-0.22321135428413186,99.0,0.6363636363636364,20
Alabama,Coffee,7.030282429505641,5.839733528251435,5.0,7.0,5.668236544388385,4.4628844331262165,45.0,30.0,0.7303842918891784,-0.8527710987988089,1.1830150220948763,0.5492245253004274,-0.48225073932914186,0.24555072070797263,-1.4019956240992362,75.0,0.6,20
Alabama,Colbert,6.368716515482367,6.392920998331991,6.0,8.0,4.650715365174949,5.086465142087479,35.0,37.0,0.9463194448844606,-0.17097503867545585,1.2331491978592102,0.7125727173622877,-0.26474630815208094,0.23911749932441723,-0.8835477560377435,72.0,0.4861111111111111,20
Alabama,Dale,5.927013618480391,7.629094056609688,3.0,3.0,4.770720193177361,5.608264285011784,37.0,39.0,0.5445764094751588,-1.3400863091597965,0.4305522824101394,-1.954707455888369,0.23493949986421356,0.23216069050739746,0.6146211467285725,76.0,0.4868421052631579,20
Alabama,Dallas,27.43445261128855,3.251774929840559,19.0,5.0,21.29540258762368,2.714560026839295,148.0,22.0,0.6980627210185563,-1.8277381425884707,1.4659728003016792,1.0610787548233913,-0.7419653716739871,0.2850132127101701,-2.888816897411862,170.0,0.8705882352941177,20
Alabama,Elmore,7.757169824852138,7.897317822830532,10.0,5.0,6.343072135327321,6.489917103803875,60.0,56.0,1.2716221444783018,0.8905259211855526,0.6549710414731074,-1.1373039910999732,0.6634576203759205,0.20947179216846035,2.027829912285526,116.0,0.5172413793103449,20
Alabama,Escambia,5.653242804051063,3.802234321193172,3.0,4.0,4.699923736632373,2.9756135524623337,41.0,27.0,0.5688057681870984,-1.223859573972612,1.0459681328449772,0.1146469908524369,-0.6091591590158758,0.35288563651081195,-1.3385065648250487,68.0,0.6029411764705882,20
Alabama,Etowah,16.83573021430102,28.97939313741081,18.0,33.0,13.704885924403124,21.608122362208913,109.0,138.0,1.0671601237044241,0.3144965709983847,1.1363870295378244,0.8649342490775798,-0.06285292715459152,0.07408159470444681,-0.5504376780791951,247.0,0.44129554655870445,20
Alabama,Houston,18.4285404469605,12.524883498487506,20.0,13.0,14.986952615387745,9.63524390067491,123.0,66.0,1.083020640574104,0.4059256925721593,1.0364776008605119,0.15306248435758296,0.043925984240200014,0.10555052799946087,0.25286320821457636,189.0,0.6507936507936508,20
Alabama,Jefferson,549.4996057602086,164.1806820151824,707.0,203.0,418.32415004126756,120.44472555189648,2662.0,743.0,1.286364558429264,7.700610843903463,1.235724782711543,3.5371543206214615,0.04016240155849731,0.005853723425594355,4.163456523282001,3405.0,0.781791483113069,20
Alabama,Lauderdale,6.394636671938591,12.430895010662825,9.0,8.0,5.201684307262517,9.675308795551517,41.0,73.0,1.3778826139838996,1.142342409673201,0.6573404233033285,-1.4244888107033848,0.7401012297622035,0.1898197159117188,2.566831220376586,114.0,0.35964912280701755,20
Alabama,Lee,19.63974148475084,13.033703967580262,27.0,7.0,15.758562141855085,9.8689682844773,119.0,71.0,1.3654594335692993,1.8541069168254847,0.5541720151383621,-1.9206495191204835,0.901771097164887,0.09894962267701213,3.774756435945968,190.0,0.6263157894736842,20
Alabama,Limestone,2.877313505448059,7.6712735931841065,3.0,5.0,2.4342894649843325,6.038555064469798,22.0,49.0,1.0363266526350103,0.07863405066916346,0.6730896888078386,-1.0870558449089096,0.431559086954461,0.39664618704598564,1.165689895578073,71.0,0.30985915492957744,20
Alabama,Madison,50.683386252695946,55.17403857375469,39.0,42.0,38.79009893447461,40.554373977885874,268.0,267.0,0.7717347931023115,-1.8758939859416086,0.7633719609490469,-2.068712219958311,0.010895548289939697,0.02842240221039586,0.19281823401670217,535.0,0.5009345794392523,20
Alabama,Mobile,215.96432442252308,91.99702377073103,256.0,102.0,164.80922917405755,69.68843829715291,1116.0,457.0,1.1849527661626593,3.1185764664989466,1.1081437631340763,1.198253953780552,0.06701658398504516,0.011767644789050333,1.9203225127183945,1573.0,0.7094723458359822,20
Alabama,Montgomery,153.71552758190285,35.968770174165286,160.0,43.0,115.39591767851783,26.125903104134835,755.0,161.0,1.0407512298964805,0.5850238908481722,1.1928013967088937,1.3756109931191023,-0.13636186658468027,0.025077664199527467,-0.7905871022709301,916.0,0.824235807860262,20
Alabama,Morgan,9.366099802966033,18.92420887481056,10.0,22.0,7.439648397875947,14.788985705314985,60.0,110.0,1.0642503329272421,0.23240457935960554,1.1583483345454624,0.7998115011411228,-0.08472450239740018,0.1261031332315204,-0.5674069217815172,170.0,0.35294117647058826,20
Alabama,Russell,12.525010809642396,9.539727717666345,9.0,9.0,10.326739742970988,7.24839846878774,87.0,54.0,0.7293659973753852,-1.0969298053814636,0.9462408012603154,-0.20047198555079704,-0.2603214234125617,0.14547457173509593,-0.8964578198306665,141.0,0.6170212765957447,20
Alabama,Shelby,6.868853268015822,9.74966477104032,7.0,4.0,5.471182211936374,7.629824947868168,50.0,61.0,1.0177974410962172,0.05606823482779319,0.4390387491222563,-2.0815422830998815,0.8408085240265107,0.1962278627681044,2.1376105179276745,111.0,0.45045045045045046,20
Alabama,St. Clair,2.7340486748740425,8.861456569676653,3.0,14.0,2.3066930396796734,7.124583920946647,22.0,56.0,1.0822347935552687,0.1751085113548204,1.5489042642111872,1.9251309594297206,-0.35851959815330364,0.3993164421747928,-1.7500224480749003,78.0,0.28205128205128205,20
Alabama,Talladega,11.94538126815886,4.866716911535625,22.0,2.0,9.693218282461908,3.9947136209821053,77.0,34.0,1.807899614740256,3.22947264729237,0.46583414799210143,-1.43430655513195,1.3560913514101491,0.2365915304396601,4.66377920242432,111.0,0.6936936936936937,20
Alabama,Tallapoosa,11.402259474016176,5.038778268747801,9.0,4.0,9.03279598153236,4.090993281817779,77.0,34.0,0.7981677782054282,-0.7992981618699266,0.8124535378841503,-0.5135804369588715,-0.017739904697787277,0.23060758022698635,-0.2857177249110552,111.0,0.6936936936936937,20
Alabama,Tuscaloosa,34.52320313861926,26.677011818363322,29.0,22.0,27.017621834314333,20.06530259430545,193.0,132.0,0.8422987435855359,-1.062594239523889,0.8279055898557951,-1.0441084501272686,0.017235627701996565,0.050863564603614644,-0.018485789396620378,325.0,0.5938461538461538,20
Alabama,Walker,3.9458328888428675,7.648697752317372,2.0,14.0,3.1810480273296546,5.957426687218233,23.0,41.0,0.5623243298851667,-1.0909891376484062,1.779425429772065,2.6021565883577495,-1.1519670160389632,0.3061433847224154,-3.693145726006156,64.0,0.359375,20
Alaska,Anchorage,29.239503554608934,93.05835262021822,20.0,72.0,21.07918998400431,66.90585975269869,117.0,375.0,0.6893188368917131,-2.012434147004194,0.7749174495867786,-2.574496559101229,-0.11705258993292741,0.03238148394602269,0.5620624120970352,492.0,0.23780487804878048,20
Arizona,Maricopa,457.64887093916906,2702.6024351172755,392.0,2086.0,266.93100157842264,1566.8431689985423,1206.0,7012.0,0.856708430155914,-4.018164878190869,0.7718908365784799,-15.577310304594215,0.1042545025569983,0.0014890002704038019,11.559145426403347,8218.0,0.14675103431491848,20
Arizona,Pima,74.87172232067867,655.4475628016834,74.0,588.0,49.47238337589003,423.6695161030089,238.0,2067.0,0.988434358485669,-0.1239357929195221,0.8971753740289828,-3.276820506584173,0.0968708805450568,0.009811422360883604,3.152884713664651,2305.0,0.10325379609544469,20
Arizona,Pinal,7.9548366336524285,93.29960526357765,5.0,73.0,6.051492636000579,62.248045464162516,37.0,349.0,0.6505152303130948,-1.201163758335564,0.7835853870969329,-2.572910818978346,-0.18611532655582344,0.10278227120166768,1.3717470606427817,386.0,0.09585492227979274,20
Arkansas,Arkansas,4.015288896518017,3.1547843170003853,4.0,5.0,3.278296125856254,2.5850995001905477,32.0,21.0,0.9966139715822376,-0.00844407439514102,1.5048767650710646,1.147647474434147,-0.41210278515989873,0.46307559503810825,-1.156091548829288,53.0,0.6037735849056604,20
Arkansas,Ashley,5.901942680697196,3.526555755940571,3.0,1.0,4.915158841048619,2.7859855492479637,50.0,26.0,0.5467090498253003,-1.308940939698987,0.3725268171903439,-1.5136987662702746,0.3836077316274778,0.36512181219853185,0.2047578265712875,76.0,0.6578947368421053,20
Arkansas,Chicot,6.709137016502164,2.706207917129698,2.0,0.0,5.5239087145633885,2.323857112517635,51.0,23.0,0.34678214525224643,-2.003632558729773,0.1559474659546148,-1.7752374445509929,0.7991775654695341,0.4400318264239109,-0.22839511417878033,74.0,0.6891891891891891,20
Arkansas,Columbia,7.775516455489264,3.640040718898477,6.0,5.0,6.451073247307197,3.162355596542041,63.0,32.0,0.7854494683154742,-0.6990507647928162,1.3284893491248948,0.7647518804958008,-0.5255416229203503,0.34537243931760403,-1.463802645288617,95.0,0.6631578947368421,20
Arkansas,Conway,3.156512905900244,3.267187709643753,4.0,3.0,2.651073415369987,2.688521721176029,23.0,26.0,1.2306807375788784,0.5180450933452196,0.9290750208810222,-0.1629520027029074,0.28113325045812526,0.5179401416692713,0.6809970960481271,49.0,0.46938775510204084,20
Arkansas,Craighead,6.052031661929341,12.246551732891593,3.0,11.0,4.932992626295451,10.18766227283309,39.0,96.0,0.5341854527866207,-1.3741489221708918,0.9022047876936825,-0.39054675807178735,-0.5240984631163444,0.20260924096929728,-0.9836021640991044,135.0,0.28888888888888886,20
Arkansas,Crittenden,36.59560763226532,17.774737623502112,25.0,22.0,28.802317961342638,13.077585346100216,230.0,91.0,0.6874129210332817,-2.160626961815375,1.2312078270860654,1.1683955683674525,-0.5828157785834367,0.06289894206345296,-3.3290225301828276,321.0,0.7165109034267912,20
Arkansas,Cross,2.610601640195606,3.465365311558436,4.0,2.0,2.2076732864191495,2.827872400443735,23.0,24.0,1.44666547520917,0.9351028498437759,0.6304589372164225,-0.8713968826897089,0.8305684888869649,0.5594159977263707,1.8064997325334848,47.0,0.48936170212765956,20
Arkansas,Drew,3.1394693690900195,2.843754594080477,3.0,3.0,2.6950571565704724,2.4101641566286105,25.0,24.0,0.9616786528622739,-0.08495615454137889,1.0467275338316178,0.10064308598510051,-0.08474358770767638,0.5714675197082244,-0.18559924052647941,49.0,0.5102040816326531,20
Arkansas,Faulkner,5.021363036027188,10.04289933875866,2.0,13.0,3.9525633750875278,7.793965738086394,34.0,67.0,0.4527867455350004,-1.5197196908275878,1.2804826799749673,1.0592216823446017,-1.0395711253299573,0.23403534848694577,-2.5789413731721895,101.0,0.33663366336633666,20
Arkansas,Garland,13.246311706722008,27.28919930732966,19.0,24.0,10.487890338338987,21.522008858230425,80.0,164.0,1.4185623326484307,1.7766515592508798,0.8816374926476523,-0.7090041663028797,0.4756182304808117,0.0886722809867149,2.4856557255537597,244.0,0.32786885245901637,20
Arkansas,Hempstead,6.339151767025424,4.161122968338517,5.0,5.0,4.854665114826444,2.9544019426981194,38.0,20.0,0.8041932957999167,-0.6077852557724338,1.179973160407846,0.48804909695422705,-0.3834073138390903,0.2914356418017725,-1.0958343527266607,58.0,0.6551724137931034,20
Arkansas,Hot Spring,4.738047648748935,4.379388411370821,4.0,5.0,3.8709575065057704,3.5423307476434505,36.0,34.0,0.8590987142079145,-0.3751243009123826,1.1271904460778157,0.3297428038182345,-0.2715996517786456,0.35713066544511485,-0.7048671047306171,70.0,0.5142857142857142,20
Arkansas,Jackson,2.4802884595300636,3.3863522815758813,0.0,2.0,2.150956930700258,2.7518879542460226,25.0,26.0,0.1677689951122519,-1.69116637593453,0.6432767332626553,-0.8357150589369672,-1.3439870058864052,0.5896202685448264,-0.8554513169975627,51.0,0.49019607843137253,20
Arkansas,Jefferson,65.1930638864407,19.752361639858478,85.0,21.0,52.058506228113515,14.723361261961543,397.0,106.0,1.3015072663957075,2.7451839409838548,1.061604586286177,0.32515110556924065,0.20374150433942756,0.04998580334160926,2.420032835414614,503.0,0.7892644135188867,20
Arkansas,Lonoke,3.438422158878077,6.38252080467445,2.0,7.0,2.768126216812968,4.964449118727263,24.0,45.0,0.634771971908711,-0.8645565799740582,1.0897170110849752,0.27713207758835656,-0.5404074836128024,0.35600275325357394,-1.1416886575624148,69.0,0.34782608695652173,20
Arkansas,Miller,7.263611036563302,10.737660811564718,6.0,11.0,6.092482870981455,8.729761308754277,56.0,73.0,0.8372392652578508,-0.5119366851630007,1.0233446437683285,0.0887895768088302,-0.20072171423213472,0.19119050378193514,-0.600726261971831,129.0,0.43410852713178294,20
Arkansas,Mississippi,28.409979642724984,12.993257984184549,31.0,13.0,22.692171042206855,10.360982508807366,178.0,79.0,1.0895891449694182,0.5437072866982381,1.00049965811247,0.002094543077329416,0.08530116063898524,0.08948597710829112,0.5416127436209087,257.0,0.6926070038910506,20
Arkansas,Ouachita,9.300942238428663,4.00977287362654,12.0,4.0,7.528508102688531,3.0673829945883777,64.0,24.0,1.275387579674591,0.983688779830968,0.9978329565810969,-0.005580052437470383,0.24541951133031628,0.2778052767044823,0.9892688322684384,88.0,0.7272727272727273,20
Arkansas,Phillips,15.07198786890895,5.523877030350032,13.0,5.0,12.27781566391812,4.224772655786246,108.0,32.0,0.866941338103282,-0.591325563089492,0.9130332462448041,-0.2548752619967088,-0.05180098050891137,0.19250518552664486,-0.33645030109278323,140.0,0.7714285714285715,20
Arkansas,Pulaski,286.758489346722,117.34358461505468,357.0,109.0,218.87736589452084,88.89459551803438,1510.0,610.0,1.2445237068990371,4.747810935681838,0.9291978036622897,-0.8849423830985187,0.2921865337557901,0.00911765421394752,5.632753318780357,2120.0,0.7122641509433962,20
Arkansas,Sebastian,5.543785172029337,25.803088678449544,6.0,21.0,4.436220567085008,20.26898573279736,34.0,155.0,1.075484951067094,0.21660218394979333,0.8173944992861323,-1.0668530336985622,0.27440511452830235,0.17478761771376447,1.2834552176483556,189.0,0.17989417989417988,20
Arkansas,Union,15.4993310175777,8.338596414195361,8.0,7.0,12.23580880013116,6.275223894071747,96.0,45.0,0.5312722132357569,-2.1439081864977916,0.8485510197020096,-0.534361357496962,-0.46825567964179193,0.14118307242063002,-1.6095468290008297,141.0,0.6808510638297872,20
California,Alameda,1589.6163369498158,725.8738964179563,1725.0,638.0,825.4813174497011,388.3702874814413,3507.0,1663.0,1.0851407283255003,4.712079794889046,0.8790238789536655,-4.458993975950582,0.21065289772827933,0.0010637753451282787,9.171073770839628,5170.0,0.6783365570599613,20
California,Butte,6.180924975158045,86.01285168324026,2.0,54.0,4.185554731895974,57.158061860566434,23.0,280.0,0.3741996818248748,-2.0435998481896744,0.6299642069313274,-4.234338911192823,-0.5208734398181666,0.11728443146180507,2.1907390630031482,303.0,0.07590759075907591,20
California,Contra Costa,554.9912690251608,482.84467406517564,653.0,314.0,297.80835016686945,266.6085846036787,1271.0,1159.0,1.1764361321949057,5.679319882671039,0.6506743880198251,-10.34070863565211,0.5922355753484252,0.0021104229153758587,16.020028518323148,2430.0,0.5230452674897119,20
California,Fresno,195.73806457523722,803.9588115535333,211.0,689.0,111.77881756583336,473.3530596750985,504.0,2110.0,1.0777725537489258,1.443543435345803,0.8570979521853577,-5.283840155763821,0.2290995314409905,0.0036498351653762393,6.727383591109624,2614.0,0.1928079571537873,20
California,Kern,159.6082100951261,578.2496863230576,190.0,508.0,99.61498157567299,359.82259446609584,466.0,1709.0,1.189820308944913,3.0450466391112596,0.8786181867857734,-3.7033961781343434,0.3032071427563137,0.004986449512240179,6.7484428172456035,2175.0,0.2142528735632184,20
California,Kings,6.405553933726138,52.777055307728126,3.0,22.0,4.437488850419142,33.64362275774833,23.0,162.0,0.5068384134842967,-1.6166616088128252,0.422320638219212,-5.306103141511331,0.18242740997960677,0.12022782867216078,3.6894415326985057,185.0,0.12432432432432433,20
California,Los Angeles,6636.551581944083,11439.105034666876,6362.0,10534.0,3641.1748432968247,6225.5981919190635,15678.0,26687.0,0.9586335018563071,-4.5499139550658345,0.9208796954157051,-11.471189045587362,0.040179430995489165,0.00013024863930343744,6.921275090521528,42365.0,0.370069632951729,20
California,Madera,12.826148296877205,86.94213944930222,16.0,95.0,7.636577093227961,56.6279836410028,36.0,270.0,1.2381672207464884,1.1485165572429494,1.0921507708004974,1.0707897326142741,0.12548330215094733,0.05391164532303384,0.0777268246286753,306.0,0.11764705882352941,20
California,Marin,6.649713657072158,43.80563151702743,8.0,38.0,4.250952913973424,28.497559035466438,20.0,136.0,1.1888588001831657,0.654911667908068,0.8689640274104609,-1.0875409950105688,0.3134474055127593,0.11098547982576273,1.7424526629186368,156.0,0.1282051282051282,20
California,Merced,19.974125042239645,152.91905034874225,17.0,136.0,12.564113790358645,94.63952198364852,59.0,443.0,0.8547373801760122,-0.8390605323086178,0.8897200164498283,-1.7391607030012481,-0.040112560908998396,0.035538866937229074,0.9001001706926304,502.0,0.11752988047808766,20
California,Monterey,32.93080694358255,389.890271993575,29.0,418.0,19.490146363447355,212.88790816972048,89.0,929.0,0.8824196212129687,-0.8903774744120221,1.0720041712691233,1.9265538204412873,-0.1946175288515937,0.019373022521013555,-2.816931294853309,1018.0,0.08742632612966601,20
California,Orange,68.04866446368882,1355.8415487468083,40.0,1175.0,38.065585905615876,752.3498087304683,166.0,3245.0,0.5908211387758461,-4.546172679735749,0.8666696092043359,-6.593079465602107,-0.3831445006358397,0.00862966922671702,2.0469067858663577,3411.0,0.04866608032834946,20
California,Riverside,210.68247056471935,1082.2682624078534,188.0,937.0,131.77973517596067,672.8507970699385,612.0,3107.0,0.8925930239187725,-1.9759049113990326,0.8658362389706485,-5.600300826350003,0.030434946517905678,0.0035433200282637316,3.624395914950971,3719.0,0.16456036568970153,20
California,Sacramento,352.92908879728446,671.2757560716066,295.0,482.0,221.2262517201854,432.03826290303584,1046.0,2049.0,0.836094168155721,-3.894739065755913,0.7182456283054206,-9.106130796856467,0.1519296368266884,0.00273485975572552,5.211391731100554,3095.0,0.3379644588045234,20
California,San Bernardino,520.1829584012658,1607.5952179752958,475.0,1244.0,300.4140943585733,937.5283367538324,1325.0,4161.0,0.9132236658176829,-2.606840809866923,0.7738969596383182,-11.874790631152669,0.16554209193705646,0.0014729871758310778,9.267949821285747,5486.0,0.24152387896463726,20
California,San Diego,408.3019063541685,1493.372836456047,420.0,1389.0,240.1776468503731,872.5383038010257,1083.0,3915.0,1.0286155555147944,0.7548293890052014,0.930132716849144,-3.5334197766228237,0.1006417739684125,0.001831931725292231,4.2882491656280255,4998.0,0.21668667466986793,20
California,San Francisco,615.5322551534592,563.5774214691074,719.0,597.0,311.13715717458115,308.8851505211906,1319.0,1317.0,1.1679583235796087,5.865824211390443,1.0592517573985596,1.9016975072813793,0.09769443228243496,0.00179370302887889,3.9641267041090638,2636.0,0.5003793626707133,20
California,San Joaquin,173.85203319861188,554.6320460134581,145.0,470.0,102.88188700773507,328.70957959787273,465.0,1478.0,0.8345185159627861,-2.8445067102043953,0.8475460989484899,-4.667976486778621,-0.015490300867067056,0.004472488907997886,1.823469776574226,1943.0,0.2393206381883685,20
California,San Mateo,95.26444825026097,236.86292885388985,129.0,207.0,54.75144044433831,135.85268978775733,241.0,590.0,1.3522763652496383,4.559214684743624,0.874188741274455,-2.562112992692464,0.43624834442409444,0.008454448991415193,7.1213276774360885,831.0,0.29001203369434414,20
California,Santa Barbara,7.120311444556401,127.11282735309555,0.0,68.0,4.629145786418192,83.07838840307633,23.0,401.0,0.06561411612082824,-3.3093946545066366,0.5367798944730329,-6.4854139354637335,-2.101797272976791,0.09644847902546645,3.176019280957097,424.0,0.054245283018867926,20
California,Santa Clara,62.576944353828594,585.4313034165258,36.0,372.0,37.81757161384537,345.83473807197635,178.0,1543.0,0.5786583413941888,-4.32173594328192,0.6357400566038676,-11.47687916704256,-0.0940775443042218,0.010666564202759096,7.15514322376064,1721.0,0.10342823939570017,20
California,Solano,139.8891422635506,176.25616913203046,112.0,129.0,76.99164699031378,101.19877464351354,336.0,449.0,0.8013440226652664,-3.1784351333419467,0.7326476956132048,-4.6975443093553775,0.08962539352791579,0.007191889907459091,1.5191091760134308,785.0,0.4280254777070064,20
California,Sonoma,6.256835300496176,141.90520125209767,5.0,99.0,4.1155298394148945,94.27945954463507,20.0,457.0,0.8139905377886179,-0.6195344954192771,0.6987104342056771,-4.41877004539053,0.15271234240756923,0.10980937510820576,3.799235549971253,477.0,0.041928721174004195,20
California,Stanislaus,25.736362033785884,305.19804953606234,18.0,185.0,16.66205273254035,189.12245769245808,79.0,873.0,0.7051282481990688,-1.8952763033808555,0.6068079278932955,-8.740290528612592,0.15016738613376607,0.027185962217718008,6.845014225231736,952.0,0.08298319327731092,20
California,Tulare,14.540900659139606,367.33150960438877,8.0,320.0,9.66094450006424,233.5355634844311,49.0,1102.0,0.5651257323367117,-2.1043974151421505,0.8713228519892303,-3.0972327541420537,-0.4329643348587311,0.047422423011261254,0.9928353389999032,1151.0,0.04257167680278019,20
California,Ventura,23.10537729005827,378.0982898273354,22.0,321.0,13.387285486280978,214.35858513071997,59.0,947.0,0.9531726489064076,-0.3021094257102678,0.8491850297227285,-3.899892714458803,0.11551894985034562,0.02657591785526419,3.5977832887485355,1006.0,0.05864811133200795,20
California,Yolo,8.635893932656796,66.55825781605336,3.0,58.0,5.339213220096818,43.45011692971462,25.0,210.0,0.38310427264145896,-2.439069518548183,0.8723757804813629,-1.2983443448080338,-0.8229130675453287,0.08139984746212811,-1.1407251737401491,235.0,0.10638297872340426,20
Colorado,Adams,4.800677739526578,100.9628458158051,6.0,70.0,3.5805361303426944,72.26350305840629,21.0,428.0,1.2262582860924003,0.6338140533340816,0.6948356261166297,-3.6423473933347545,0.56804745971126,0.16245051556888757,4.276161446668836,449.0,0.0467706013363029,20
Colorado,Arapahoe,63.416143460842925,127.56467530450927,48.0,102.0,44.47171882320604,89.72891444718508,242.0,511.0,0.7588067329142387,-2.3117123095979304,0.8003768389392145,-2.6988209597064743,-0.05333555430400019,0.016572256295473563,0.3871086501085439,753.0,0.32138114209827356,20
Colorado,Denver,202.02381534998418,473.84340418644166,199.0,439.0,137.241699138189,318.2043598782575,693.0,1595.0,0.9850693344644003,-0.258114394083642,0.9265439260271734,-1.953293549572798,0.061250573697728565,0.004779861747893537,1.6951791554891562,2288.0,0.30288461538461536,20
Colorado,El Paso,41.77289206866535,150.9717592634255,28.0,93.0,30.34995773274876,107.4572452373643,178.0,626.0,0.6741909201222014,-2.500035058158365,0.6172767811945299,-5.592405171392936,0.08819581987128533,0.022107373662953796,3.092370113234571,804.0,0.22139303482587064,20
Connecticut,Fairfield,305.277483519857,306.20585022128415,384.0,300.0,171.19051310772002,176.37432508738902,743.0,779.0,1.2574503379841924,6.016710585863491,0.9797661172201094,-0.46728690116420785,0.2495275212534135,0.003718004497382684,6.483997487027699,1522.0,0.48817345597897505,20
Connecticut,Hartford,221.77356381100316,240.26745596190273,264.0,204.0,139.20446487320447,152.43993778231487,652.0,744.0,1.1899750715514759,3.5789682607963873,0.8493672833938096,-2.9374312508846145,0.33719593778634793,0.005470945413114953,6.516399511681001,1396.0,0.4670487106017192,20
Connecticut,New Haven,215.01422016922638,236.16859697872113,221.0,159.0,141.28071540085867,159.09364060915107,689.0,827.0,1.0277744077679583,0.5035925490902954,0.6739381651649401,-6.1180665146587705,0.42201261061147327,0.005908353480722347,6.621659063749066,1516.0,0.4544854881266491,20
Connecticut,New London,20.024969225465135,29.1635092501757,12.0,25.0,13.02370787242166,20.056241262973746,63.0,110.0,0.6090143114315304,-2.2236992649331486,0.8596420533032166,-0.9296827252349991,-0.3446743181945461,0.05605954526292174,-1.2940165396981496,173.0,0.36416184971098264,20
Delaware,Kent,10.937743225800512,16.735785298753186,6.0,18.0,8.950857985960916,12.971157044782395,70.0,96.0,0.5682939257927845,-1.6504264249937937,1.0733482507082672,0.35101968939423633,-0.6358994880847311,0.12112979072826621,-2.00144611438803,166.0,0.42168674698795183,20
Delaware,New Castle,103.81111817879213,69.9967680225612,128.0,61.0,77.6260394909287,51.02436533303696,486.0,327.0,1.2318916932684727,2.745440767312818,0.8723804186359019,-1.259498680414582,0.3450806402421289,0.017617201514580173,4.0049394477274,813.0,0.5977859778597786,20
Delaware,Sussex,12.555041449194734,16.457666257051503,7.0,10.0,10.21906696260603,13.325697179831007,81.0,102.0,0.5744907076080266,-1.7377275292732335,0.6191889757019948,-1.7690113780545695,-0.07492659560686928,0.1140285175576567,0.031283848781336054,183.0,0.4426229508196721,20
District of Columbia,District of Columbia,3578.224262090654,271.020011069695,4306.0,314.0,1552.2714368453517,119.10877835704966,6527.0,503.0,1.203361780514542,18.471992356317372,1.1582940010976677,3.9381695886436625,0.03817088982881982,0.001742826249587534,14.53382276767371,7030.0,0.9284495021337127,20
Florida,Alachua,38.507663463502716,36.630485478324005,26.0,44.0,29.22599141558684,26.573878530484112,183.0,155.0,0.6793536871234178,-2.3136175033469293,1.1984761154275283,1.429589685982407,-0.5676642388706574,0.03951422925754025,-3.743207189329336,338.0,0.5414201183431953,20
Florida,Bay,17.916341126090646,49.71000636433554,11.0,16.0,13.77078243142802,35.740064299293955,85.0,204.0,0.6244454270945174,-1.863790513531486,0.3286197551992355,-5.638728312816405,0.6419626161014629,0.05736357454602986,3.774937799284919,289.0,0.29411764705882354,20
Florida,Brevard,54.165037627205805,114.12973548914412,47.0,75.0,39.361945435183706,79.74106885076667,220.0,440.0,0.8689283326562663,-1.142037061615437,0.6586423642855753,-4.381934543042356,0.27707995818154135,0.019538350580911416,3.2398974814269192,660.0,0.3333333333333333,20
Florida,Broward,421.69311050631137,502.6519532285405,451.0,479.0,285.93366211222065,330.16008318271247,1465.0,1659.0,1.0694158402029408,1.733153719278643,0.9529924248991292,-1.3016814890288997,0.11526087970549391,0.002914690917967218,3.034835208307543,3124.0,0.46895006402048656,20
Florida,Clay,4.795999250957984,21.90598180827246,4.0,19.0,3.724075711932032,17.022384250870633,25.0,117.0,0.8496980053737739,-0.4124804867584795,0.8703033041292771,-0.7043405568830283,-0.023960777769713153,0.1973777673344852,0.29186007012454884,142.0,0.176056338028169,20
Florida,Collier,10.202006322012886,64.9930259598613,9.0,88.0,7.935476086550604,47.50116832611057,56.0,312.0,0.8876840205615943,-0.42669765709217455,1.3512889151623408,3.3381615975786496,-0.4201983209510245,0.08748861501119501,-3.7648592546708244,368.0,0.15217391304347827,20
Florida,Columbia,10.960158053182356,15.244014100289665,7.0,13.0,8.365034360774027,11.169288937870474,54.0,64.0,0.6544412359057592,-1.3692370896093513,0.8574687442481154,-0.6714486710146828,-0.2702029319126534,0.11770081176204658,-0.6977884185946686,118.0,0.4576271186440678,20
Florida,De Soto,6.225031688552295,12.240476727302967,5.0,7.0,4.4753551529854345,8.66648065403041,28.0,52.0,0.8178400124660218,-0.5790733390997931,0.5886749892119363,-1.7801205373512428,0.32879250333639815,0.1733323713174795,1.2010471982514497,80.0,0.35,20
Florida,Duval,666.3818738196661,385.6960888509564,813.0,374.0,432.80043988675453,246.4680598105247,2049.0,1183.0,1.2198562173246013,7.047641724148768,0.9697146367127756,-0.7450069696090176,0.22948643687046363,0.002631433863492641,7.792648693757785,3232.0,0.6339727722772277,20
Florida,Escambia,70.08789319907152,76.10363758614292,64.0,59.0,52.80678126081971,55.58449137200853,334.0,337.0,0.9137544283705638,-0.8377649306752425,0.7767255168932493,-2.294096422103528,0.16247482957727133,0.020347043252963663,1.4563314914282852,671.0,0.4977645305514158,20
Florida,Gadsden,24.896267208200094,8.250820862168984,24.0,7.0,17.896431391473904,6.072191269685414,112.0,36.0,0.9647087030210998,-0.21186259489862155,0.8570624536977489,-0.5076009130349305,0.11831540287942079,0.11807058318623564,0.2957383181363089,148.0,0.7567567567567568,20
Florida,Hendry,7.1278600764301,19.119062569449696,6.0,17.0,5.360222850813687,13.717652910087956,34.0,82.0,0.8521393857347803,-0.4871512272994717,0.8919896115347812,-0.572142059988045,-0.0457043745219001,0.1430301681073864,0.08499083268857333,116.0,0.29310344827586204,20
Florida,Hernando,6.45861381513651,32.29305396987533,4.0,14.0,4.745175084573632,23.64519320221149,29.0,143.0,0.6466805199350931,-1.1286627628788597,0.44216680804783015,-3.7619652728361967,0.3801651810838936,0.13642963181376933,2.6333025099573373,172.0,0.1686046511627907,20
Florida,Highlands,14.210015005719537,22.151213632070906,17.0,15.0,10.645378761145274,15.87363710500396,63.0,95.0,1.1896656796879992,0.8551086671861228,0.6842900451944967,-1.7949052523358608,0.553045734771607,0.08507012226910989,2.6500139195219834,158.0,0.3987341772151899,20
Florida,Hillsborough,259.3897101957621,409.34074715996223,259.0,381.0,184.32153007735613,280.63172735741153,1042.0,1535.0,0.9985004785473478,-0.02870474774590496,0.9308493668422365,-1.6917761993971834,0.0701571650974451,0.004414310312940348,1.6630714516512783,2577.0,0.40434613892122623,20
Florida,Indian River,15.610887501927175,18.747757457364237,12.0,17.0,11.680210197554096,13.479617089119584,69.0,81.0,0.7758728374526083,-1.056546532098081,0.909196826631066,-0.4760388376503411,-0.1585729641922227,0.0862798754006214,-0.5805076944477399,150.0,0.46,20
Florida,Jackson,7.213186412482328,9.961649993195131,7.0,8.0,5.524852954168412,7.472674649880362,37.0,47.0,0.9723607856621582,-0.09069830262059751,0.8124913379370269,-0.7176017415985397,0.17962166110897032,0.18148900702856413,0.6269034389779422,84.0,0.44047619047619047,20
Florida,Lake,18.170648332122138,38.01590316077032,16.0,23.0,13.583639892436258,27.313872959680214,83.0,160.0,0.8837400665734987,-0.5889540180094522,0.6101375814013237,-2.8731600309220067,0.37047850204389443,0.060040646518767046,2.2842060129125543,243.0,0.34156378600823045,20
Florida,Lee,79.08367165526067,156.29954334720867,118.0,135.0,57.69345695369815,114.22604720146533,330.0,660.0,1.4889989056211992,5.123521674437853,0.8641606799833333,-1.9929101466468393,0.5441005739917487,0.013900447357569068,7.116431821084692,990.0,0.3333333333333333,20
Florida,Leon,71.69077370119726,33.272670678680996,62.0,24.0,49.072341003278375,23.15138564125491,256.0,121.0,0.8657616035352653,-1.3833754485503422,0.7254386315224288,-1.9271536476236617,0.17683310515639347,0.03046024585441385,0.5437781990733195,377.0,0.6790450928381963,20
Florida,Manatee,40.28888051854501,78.65953348960484,44.0,78.0,29.89409513648727,56.941616315663566,183.0,326.0,1.090983607156556,0.6787537324225881,0.9916682999440434,-0.08740211813239833,0.09544628388649537,0.027619785535428362,0.7661558505549864,509.0,0.35952848722986247,20
Florida,Marion,37.29958512959954,82.64864906500829,44.0,78.0,27.377881594326936,56.95852498358574,173.0,325.0,1.1772615981743566,1.2805654296123126,0.944092307965535,-0.6159527445262961,0.22072239576967334,0.028016979299642766,1.8965181741386088,498.0,0.3473895582329317,20
Florida,Martin,10.58446577662658,24.44001336837983,10.0,28.0,7.6844085308161585,17.640006688864588,48.0,108.0,0.9472716332564243,-0.21084041550583368,1.142741969662843,0.8476157039689144,-0.1876000023866738,0.0981240612972604,-1.0584561194747482,156.0,0.3076923076923077,20
Florida,Miami-Dade,1708.9936780429243,1739.3160415742707,1831.0,1718.0,1046.383827079356,1000.2985994517852,4837.0,4628.0,1.0713698585283755,3.771697254585808,0.98774810608426,-0.6739718044401357,0.0812656383750113,0.0006889228650763954,4.445669059025944,9465.0,0.511040676175383,20
Florida,Monroe,4.621442947701471,34.80377417295214,6.0,40.0,3.4180590568934166,24.23377101139457,22.0,138.0,1.2691735642427164,0.7456498987833485,1.1471861280777433,1.0555468577646165,0.10105385302497179,0.18004483329745086,-0.309896958981268,160.0,0.1375,20
Florida,Nassau,5.771642189291791,17.878699162444214,9.0,18.0,4.00615208610713,12.568543132151706,23.0,75.0,1.5147547824428362,1.6129390144528506,1.0066000774311414,0.03421537700351703,0.40867517380335394,0.15958202216478737,1.5787236374493336,98.0,0.23469387755102042,20
Florida,Okaloosa,7.2631605669058,22.784235219153306,4.0,22.0,5.7411713019412165,17.367935175326256,43.0,114.0,0.5796608174231783,-1.3618779600510027,0.9663190475541922,-0.18817947274470567,-0.511050921720857,0.14228655219806585,-1.173698487306297,157.0,0.27388535031847133,20
Florida,Okeechobee,3.4482008979846044,13.703566545816203,2.0,9.0,2.7743420047849514,10.521155039426269,20.0,71.0,0.6331997951968827,-0.8694584122748616,0.6688460936452835,-1.4500920867593228,-0.05476797475442205,0.2893591560878092,0.5806336744844611,91.0,0.21978021978021978,20
Florida,Orange,255.8489732962642,262.6523010251387,236.0,238.0,188.04728638243418,186.98782936279233,1089.0,1062.0,0.922570498172721,-1.447453137893023,0.9063192648169789,-1.8028134608654838,0.017772160387077157,0.005583271854539012,0.3553603229724607,2151.0,0.5062761506276151,20
Florida,Osceola,12.607303929907646,42.50432904997446,13.0,31.0,8.976021777113736,31.175587156996666,56.0,194.0,1.0299600949357952,0.13107341245645596,0.732484396242864,-2.0604115426925196,0.34083329908557247,0.07372914203691462,2.1914849551489755,250.0,0.224,20
Florida,Palm Beach,327.677046465893,393.5097695765689,505.0,393.0,232.2690950396377,261.798697126829,1265.0,1364.0,1.5403271052734517,11.635076483415466,0.9987062006682811,-0.03150577538366036,0.4332894369049741,0.003853874155601394,11.666582258799126,2629.0,0.4811715481171548,20
Florida,Pasco,10.925628844040704,92.87238176331775,11.0,61.0,8.65090953684042,68.41454928461053,60.0,422.0,1.006509152097837,0.02528562230502065,0.6586530067947873,-3.853366199886026,0.42404648727911265,0.08040363753199699,3.8786518221910464,482.0,0.12448132780082988,20
Florida,Pinellas,138.7543050396383,279.03805327230083,111.0,227.0,100.51187696866076,189.00387471057317,550.0,987.0,0.8006933786949127,-2.768354263872222,0.8138426855909666,-3.7851725990943277,-0.016289010731720455,0.007648062391025084,1.0168183352221059,1537.0,0.357839947950553,20
Florida,Polk,78.79833089211205,163.3561856400126,70.0,163.0,57.58144822655372,113.57437519453244,352.0,652.0,0.8890477164761202,-1.1594686199698783,0.9978262301260014,-0.03342229193179083,-0.11542823464109295,0.01352967817575632,-1.1260463280380875,1004.0,0.350597609561753,20
Florida,Putnam,17.439646712191514,21.6882059504609,16.0,25.0,12.494095705912738,15.523609914729223,77.0,93.0,0.9197505538828057,-0.4072897827890733,1.1492592081096267,0.840556596938802,-0.22277035073661228,0.07408230346940228,-1.2478463797278754,170.0,0.45294117647058824,20
Florida,Sarasota,26.572700703412856,70.73413487044368,34.0,53.0,19.541822289028403,50.01199942294033,114.0,283.0,1.274346448769732,1.68015131108742,0.751044426907164,-2.5076845154539162,0.5287239299589144,0.03767115179484446,4.1878358265413365,397.0,0.2871536523929471,20
Florida,Seminole,34.18299636239407,66.76162461936813,29.0,58.0,24.81723173940044,46.3944003923954,146.0,262.0,0.8505608826804287,-1.0404093248715929,0.869738135691043,-1.2863284032411946,-0.022296179034288034,0.03164801802123478,0.2459190783696017,408.0,0.35784313725490197,20
Florida,St. Johns,9.750868064696894,33.27715337745087,5.0,28.0,6.896252960151945,23.213317311607934,43.0,137.0,0.536539926695723,-1.8091158484087122,0.8437655974593222,-1.095295019582802,-0.45273374791023835,0.09349408064065172,-0.7138208288259102,180.0,0.2388888888888889,20
Florida,St. Lucie,78.2091254309414,62.31164293341185,83.0,50.0,53.38866816000517,41.65472412472411,274.0,212.0,1.0608680955712317,0.6556774642296619,0.8039910698329652,-1.907584918368714,0.27725464808463196,0.019456566931300455,2.563262382598376,486.0,0.5637860082304527,20
Florida,Sumter,4.648232114020478,9.251225037748444,7.0,5.0,3.389191613878584,7.118049893549983,21.0,47.0,1.456810771910384,1.2774573049391955,0.5640316963980095,-1.593432170014641,0.9488944734072087,0.24003219990325442,2.8708894749538363,68.0,0.3088235294117647,20
Florida,Taylor,5.98372625353273,6.38795157734273,3.0,4.0,4.740468221872555,4.799878109965353,30.0,30.0,0.5398130431698881,-1.3704031739955826,0.6533146973335769,-1.0899596267901408,-0.1908360754006562,0.25002388513253504,-0.28044354720544185,60.0,0.5,20
Florida,Volusia,53.70641706625248,128.05812473203855,56.0,106.0,38.73869616361025,90.7854937714746,220.0,509.0,1.0423120187217731,0.3685037813560881,0.8284190534202671,-2.3150499090462606,0.22967749011805116,0.0189665919620224,2.6835536904023485,729.0,0.3017832647462277,20
Georgia,Baldwin,12.990534317737431,4.28825296421038,10.0,5.0,9.787321074644455,3.1917319897871796,60.0,21.0,0.7783235083724253,-0.9559097089944373,1.1486444097898643,0.39839369707432687,-0.3891954936817827,0.2315639582903847,-1.3543034060687642,81.0,0.7407407407407407,20
Georgia,Bibb,144.05003002952793,36.71356433530802,98.0,33.0,104.74998052445744,26.481234434310903,590.0,146.0,0.6814249708552736,-4.499382784499549,0.900209388656044,-0.7216420626578302,-0.278441239373894,0.024694588796848715,-3.7777407218417185,736.0,0.8016304347826086,20
Georgia,Bulloch,7.7276556086982255,3.809604441931284,5.0,1.0,6.102933163992128,2.980994198409283,42.0,20.0,0.6684771776525789,-1.104130047739869,0.34805978604565335,-1.6272887252978319,0.6526279923216158,0.3075986008546212,0.5231586775579629,62.0,0.6774193548387096,20
Georgia,Camden,5.561285379457732,4.526097640585406,5.0,5.0,4.176170523126878,3.57582610212209,28.0,24.0,0.9073982918936665,-0.27465949543602053,1.0942883312866554,0.2506113152798133,-0.1872780203818574,0.30958274814226827,-0.5252708107158338,52.0,0.5384615384615384,20
Georgia,Carroll,7.298323194980899,15.405282989044338,2.0,8.0,6.146694698284792,11.996177419618455,53.0,89.0,0.32058173757264025,-2.1370644761927653,0.5344136288461422,-2.138061628717016,-0.5110328497039609,0.1659451967685339,0.0009971525242509216,142.0,0.3732394366197183,20
Georgia,Chatham,261.7575097014731,89.04065106492038,267.0,88.0,174.45623365793153,57.595401263249094,866.0,282.0,1.0199898576955695,0.39691214625518073,0.9883778925823773,-0.13712329129098313,0.03148285580220515,0.00981076542979599,0.5340354375461639,1148.0,0.7543554006968641,20
Georgia,Clarke,40.637302710232284,21.17475182785824,29.0,21.0,26.63937099614019,14.135231625451468,135.0,71.0,0.7171107013941952,-2.254708220756212,0.9919375396200092,-0.04648044339929962,-0.32442991727799436,0.04765729142232218,-2.208227777356912,206.0,0.6553398058252428,20
Georgia,Clayton,87.01470230244597,52.95163337446169,108.0,71.0,62.75027783585639,37.5952077498696,350.0,213.0,1.2397916823738941,2.64915462603193,1.3376579065245464,2.943551644549509,-0.07597688635419346,0.02169593191140412,-0.29439701851757905,563.0,0.6216696269982238,20
Georgia,Cobb,65.60283028592106,87.80997698085616,71.0,79.0,46.36565291083881,60.76528785026539,254.0,322.0,1.0816480881489345,0.7926252164202767,0.9002380333224864,-1.1301783768581972,0.18358195467256244,0.018654116475607545,1.922803593278474,576.0,0.4409722222222222,20
Georgia,Coffee,9.562513440324466,7.994833043500849,12.0,13.0,7.595052144286696,6.201710010509909,60.0,44.0,1.2422343656116337,0.8844572570944408,1.5892013334303796,2.009846275042434,-0.24631991813553428,0.18008600144729375,-1.1253890179479935,104.0,0.5769230769230769,20
Georgia,Colquitt,18.682701213376664,10.21421080169848,10.0,11.0,14.203249667135427,7.529356216433628,89.0,44.0,0.5473681669335516,-2.3038860539176675,1.0733408379623213,0.28636974477312344,-0.6734097000293583,0.11286052743463021,-2.590255798690791,133.0,0.6691729323308271,20
Georgia,Columbia,2.809362419017654,6.508505040039317,0.0,5.0,2.2864627066299428,5.307513448634536,20.0,44.0,0.15108650449605915,-1.8579144284215336,0.7847607968573488,-0.6547887571462175,-1.647526403726838,0.4149935805029862,-1.2031256712753162,64.0,0.3125,20
Georgia,Coweta,9.066180346658642,10.434887595996239,5.0,10.0,7.2607294848066,7.89127136996569,51.0,52.0,0.5749421190790206,-1.5090252568757907,0.9602293492111001,-0.15481161154324422,-0.5129027880974786,0.16080693988007577,-1.3542136453325464,103.0,0.49514563106796117,20
Georgia,Crisp,12.40061866785053,6.0350791340857235,13.0,9.0,9.24307402799511,3.9467769877680836,60.0,21.0,1.0464614409263318,0.1971491899471094,1.4536931848996006,1.4924225856066755,-0.3286929258540282,0.16846955627024007,-1.2952733956595661,81.0,0.7407407407407407,20
Georgia,De Kalb,429.34096848566617,126.13202592047804,402.0,131.0,302.387665300831,88.78806244523288,1609.0,472.0,0.9363928278358653,-1.5722871258631401,1.0384418873830459,0.516619705693075,-0.10344160723306003,0.007221331241434582,-2.088906831556215,2081.0,0.7731859682844786,20
Georgia,Decatur,7.616076612182863,3.303581643156415,4.0,4.0,5.97199856536356,2.7335009184392978,48.0,22.0,0.5544550914225169,-1.479713975909031,1.1830954143173484,0.4212215656717393,-0.7579037010716162,0.3534234912778004,-1.9009355415807703,70.0,0.6857142857142857,20
Georgia,Dougherty,94.91431133686427,25.326154505332124,52.0,19.0,65.73619220327322,16.919998638740044,350.0,84.0,0.5502319229098298,-5.292975402307281,0.7550485302011953,-1.5379408504234897,-0.3164421582322365,0.033676158254610476,-3.7550345518837913,434.0,0.8064516129032258,20
Georgia,Douglas,6.80822590650104,16.75584387223726,7.0,19.0,5.467625472492818,12.92459522574188,43.0,88.0,1.0262408546140271,0.08201448449835505,1.1300519490312113,0.6242299365159704,-0.09636113397688459,0.16399353138071499,-0.5422154520176153,131.0,0.3282442748091603,20
Georgia,Floyd,18.917888027705402,29.513704048392704,7.0,15.0,14.0457052676289,20.653910539165977,84.0,115.0,0.386241798763028,-3.1800029675405277,0.5164307602623295,-3.1935749808846174,-0.29047762892363393,0.06295752973796884,0.01357201334408975,199.0,0.4221105527638191,20
Georgia,Fulton,1618.94136391743,295.5796847778567,2425.0,428.0,1077.0157397431597,194.6033605064171,5365.0,957.0,1.4977386980734602,24.56154095067021,1.4472455289240662,9.492474727640731,0.03429432140439816,0.002638337561487731,15.069066223029479,6322.0,0.8486238532110092,20
Georgia,Glynn,23.006524921343278,18.410597885467716,18.0,11.0,17.03349505194856,13.749628891579144,107.0,90.0,0.7870155227922486,-1.2130661886885137,0.6081246119054459,-1.9985165999281402,0.25786815747042646,0.07274650850683259,0.7854504112396266,197.0,0.5431472081218274,20
Georgia,Gwinnett,62.70930711840134,92.10342030506209,67.0,114.0,43.54829786654133,66.20049535868789,235.0,370.0,1.0678807137303608,0.6501923230660352,1.2364554097764893,2.691198069544323,-0.14657270264816485,0.018877932403614284,-2.041005746478288,605.0,0.3884297520661157,20
Georgia,Hall,5.571914404902423,25.591240064779157,8.0,23.0,4.608393985252495,19.748204735183144,38.0,147.0,1.3998879814802982,1.131069240550222,0.9006854385477407,-0.5831010714512098,0.44099142733195773,0.17859050991863928,1.714170312001432,185.0,0.20540540540540542,20
Georgia,Henry,11.40721002932171,13.921747852882836,11.0,8.0,8.513103510239755,9.954995479243394,54.0,61.0,0.9658013902233228,-0.139564353729448,0.5893876447368959,-1.8768491918043624,0.49387410524877057,0.11678616005383453,1.7372848380749144,115.0,0.46956521739130436,20
Georgia,Houston,16.92174756972771,19.12054181888768,14.0,13.0,13.587854855631875,14.900480008467055,101.0,101.0,0.8322930832263589,-0.79262404313426,0.6880543934319004,-1.5855857718834971,0.1903167472551763,0.08820943087507424,0.7929617287492371,202.0,0.5,20
Georgia,Jackson,4.905173802105762,6.892361167043745,5.0,2.0,3.477474681824698,5.601693825558663,24.0,45.0,1.0175435982941559,0.0508506313358521,0.3381869396675821,-2.0670873368687093,1.1015479463126425,0.26244793091082474,2.1179379682045614,69.0,0.34782608695652173,20
Georgia,Laurens,12.17016565243716,5.4980770234162,8.0,2.0,9.46106833421933,4.023802019031235,63.0,23.0,0.670867314064279,-1.3557612512480586,0.4168002495199915,-1.743857790215149,0.47596428475208263,0.19698870775249927,0.3880965389670905,86.0,0.7325581395348837,20
Georgia,Liberty,13.613340285937026,5.841240857081811,10.0,4.0,10.551290775509939,4.312830845970187,77.0,31.0,0.7439769599024356,-1.1123874162712535,0.7096402898770927,-0.8866033967388368,0.04725185880342807,0.18333607998912163,-0.22578401953241667,108.0,0.7129629629629629,20
Georgia,Lowndes,34.89864323704065,16.39016809504936,35.0,20.0,26.440925118772313,11.871350580630189,172.0,69.0,1.002863295134806,0.019711261015081416,1.2137238590306694,1.0476999272655745,-0.19083399931919803,0.06590093452559277,-1.0279886662504931,241.0,0.7136929460580913,20
Georgia,Muscogee,125.52208738611331,48.00090117118463,77.0,44.0,88.23540890461902,33.72069054126981,477.0,183.0,0.6149715625845118,-5.165567301816611,0.9175087251046451,-0.6889847255252362,-0.40008606249689904,0.020235354719107555,-4.476582576291375,660.0,0.7227272727272728,20
Georgia,Newton,13.788839665019244,10.622733871844359,9.0,11.0,11.084189777946278,8.035730909549924,86.0,54.0,0.6648545454154066,-1.438395514926065,1.0339184711692724,0.13308684276384142,-0.4415429159283313,0.1295092434765333,-1.5714823576899064,140.0,0.6142857142857143,20
Georgia,Richmond,97.92199848146092,37.811707876319765,182.0,65.0,80.21942962577083,29.848810022858398,646.0,222.0,1.8542602549812712,9.387341026766787,1.709660143876936,4.976435924977065,0.08119122765597632,0.02924332749332717,4.410905101789722,868.0,0.7442396313364056,20
Georgia,Rockdale,8.272068313861629,6.6013336117457335,4.0,7.0,6.438882451503615,4.977271871540601,47.0,37.0,0.5129919009966095,-1.6835768310403585,1.0561396506699623,0.17869563322093052,-0.7221156429600601,0.20831468452480373,-1.862272464261289,84.0,0.5595238095238095,20
Georgia,Spalding,28.97468010040785,12.9024603543644,14.0,8.0,21.223223144517863,9.529853562379765,129.0,55.0,0.4919476632351765,-3.2505128204189306,0.6342119114892248,-1.5880748817103778,-0.2540108085450993,0.08252529834716059,-1.6624379387085528,184.0,0.7010869565217391,20
Georgia,Stephens,3.5413224771828324,5.855650219090529,3.0,1.0,2.843662473318372,4.236582181185144,21.0,24.0,0.866053134774787,-0.3210088731860582,0.23601047072956208,-2.3590632047181197,1.3000700916935244,0.3503063337973401,2.0380543315320616,45.0,0.4666666666666667,20
Georgia,Thomas,11.220173271252996,4.710279658395809,5.0,4.0,8.812043991411484,3.70968051071387,68.0,27.0,0.46927633855809014,-2.095386562177801,0.8636772486384163,-0.3687747038668228,-0.6100073412540491,0.23719933123119402,-1.7266118583109784,95.0,0.7157894736842105,20
Georgia,Tift,13.0117172529643,8.804958142610298,11.0,18.0,10.261192615805701,6.766159651220354,73.0,46.0,0.8511131327498025,-0.6280121132119044,1.9881873423248133,3.5349444224494238,-0.8484335586693315,0.1478823681895279,-4.162956535661328,119.0,0.6134453781512605,20
Georgia,Toombs,7.833955132653672,9.241686252256029,6.0,11.0,6.235745714242115,6.8290443021240375,47.0,42.0,0.7799418039259699,-0.7344200217485097,1.1804937771771054,0.6728471336974096,-0.41446877861774445,0.18156479402464176,-1.4072671554459193,89.0,0.5280898876404494,20
Georgia,Troup,23.61385297283114,9.099903270425498,9.0,4.0,18.044114207395456,6.3948638038778345,114.0,37.0,0.3939644158361405,-3.440305027216765,0.46875472317134564,-2.0167231761358946,-0.17381906325015076,0.109584473980217,-1.4235818510808702,151.0,0.7549668874172185,20
Georgia,Upson,5.491660376826925,3.7429865579235373,2.0,3.0,3.811561041113816,3.0556883020504895,25.0,25.0,0.4172466132541302,-1.788465450777797,0.824890664210083,-0.42503669976321534,-0.6815734036393641,0.3444934639283721,-1.3634287510145817,50.0,0.5,20
Georgia,Walton,6.473767296929088,10.3011127085036,7.0,5.0,4.968440545202222,7.529400400983334,37.0,49.0,1.0754588847985564,0.23608466897975752,0.5092067964136611,-1.9319097823899094,0.7476485052265978,0.18950768139999447,2.1679944513696667,86.0,0.43023255813953487,20
Georgia,Ware,11.436171998411165,10.208826079310525,8.0,8.0,8.856537904585817,7.434040939707028,58.0,45.0,0.7121211055882442,-1.1546301708868723,0.793737795071863,-0.810119427434572,-0.10850518473499643,0.13904795000178827,-0.34451074345230026,103.0,0.5631067961165048,20
Hawaii,Honolulu,8.124074345264448,99.11557263477415,9.0,92.0,5.826343471517792,70.04152211442816,33.0,381.0,1.1015674981068002,0.362885157047412,0.9285696759395003,-0.8502214716336807,0.17084402334197246,0.095406859018202,1.2131066286810928,414.0,0.07971014492753623,20
Illinois,Champaign,9.37463890346697,10.725933629333873,3.0,7.0,6.847571483099875,7.5994607118341415,40.0,45.0,0.354443340583437,-2.4360561901533098,0.6680958793843356,-1.35158613321407,-0.6338831911529693,0.14397219312961046,-1.0844700569392398,85.0,0.47058823529411764,20
Illinois,Cook,5899.4348587785225,2122.2173865053337,6641.0,2398.0,3411.350455590841,1262.7025871340816,16113.0,6051.0,1.1256903947198844,12.696562002675414,1.1299196092932051,7.760976131606216,-0.0037499563504245236,0.00037838133816254756,4.935585871069198,22164.0,0.7269897130481863,20
Illinois,Kane,18.622981897861475,46.17577337406991,17.0,54.0,12.514927396647888,30.2079089815377,68.0,161.0,0.9151292457143949,-0.45877475151401786,1.1676292873226763,1.4235774143250075,-0.24366541457087648,0.050252734650002615,-1.8823521658390254,229.0,0.29694323144104806,20
Illinois,Kankakee,21.83856013544796,8.335785687631919,25.0,11.0,16.16569364016576,5.854034865443502,94.0,33.0,1.1415238871880247,0.7862990540937776,1.3015254564285519,1.1011373773069353,-0.13117289165281995,0.11814434444935079,-0.31483832321315763,127.0,0.7401574803149606,20
Illinois,Lake,20.227058138720704,26.85708955194813,7.0,32.0,14.521982401891666,19.843450078094538,91.0,127.0,0.3618458514375021,-3.4709655992483635,1.187991870929327,1.154517102348966,-1.1888013608687165,0.06300500175672959,-4.625482701597329,218.0,0.41743119266055045,20
Illinois,Macon,11.856387252072107,11.300173536655977,8.0,4.0,7.883076097818158,7.53735664327687,41.0,40.0,0.6879033350605446,-1.3735130151755293,0.38135032387627443,-2.6590325367504644,0.5899298887979525,0.11510454558749314,1.285519521574935,81.0,0.5061728395061729,20
Illinois,Madison,11.182356770427663,28.695930612279003,8.0,26.0,8.188955626839984,19.957210424948933,47.0,118.0,0.7275929135734515,-1.1120763563467564,0.9076607405298748,-0.6034743170678568,-0.22112896786234254,0.08972391860793005,-0.5086020392788996,165.0,0.28484848484848485,20
Illinois,Peoria,15.771453701805276,14.581965126002098,7.0,4.0,11.877209244006588,10.727427917121723,76.0,63.0,0.46092992903073515,-2.5451557944213072,0.29836960650716293,-3.230862856109478,0.43491302540639626,0.09820000398552889,0.6857070616881709,139.0,0.5467625899280576,20
Illinois,Sangamon,18.429555848964846,19.60041941311462,13.0,14.0,12.792071515621107,13.69345544928382,68.0,72.0,0.7131704572317391,-1.5180772268324965,0.7213779823190855,-1.5134358796960068,-0.011442784944467528,0.07330633572384232,-0.004641347136489671,140.0,0.4857142857142857,20
Illinois,St. Clair,188.3043202911763,39.24820908881966,280.0,52.0,125.3400400154442,24.90506836720371,652.0,124.0,1.4856651562178742,8.19037826343177,1.3208142254330437,2.5552142096681485,0.11761420473344797,0.01970252875211223,5.635164053763621,776.0,0.8402061855670103,20
Illinois,Will,32.75072387699667,45.29268609515617,46.0,56.0,23.595726223789047,32.03345977342459,136.0,176.0,1.3984657949708388,2.7275673108353082,1.2338214858720948,1.8918147682999844,0.12525952296176587,0.03761362771840508,0.8357525425353238,312.0,0.4358974358974359,20
Illinois,Winnebago,74.3489015534375,60.17594884499783,62.0,44.0,45.055509862281646,37.92771577517172,227.0,189.0,0.8350155941216967,-1.8397312019351086,0.7334042705072359,-2.6265847652831535,0.12975332176143795,0.018624730130017027,0.7868535633480449,416.0,0.5456730769230769,20
Indiana,Allen,159.00706901090697,108.87804834485152,150.0,106.0,99.7334273311661,69.9815696465513,466.0,349.0,0.9435318505520838,-0.9019098258394265,0.9736871484872587,-0.34403786605919434,-0.031459927150052545,0.009848055642105646,-0.5578719597802322,815.0,0.5717791411042945,20
Indiana,Delaware,14.232293543186755,26.097146620507637,10.0,19.0,9.758820181730233,17.318463077761876,48.0,85.0,0.7127199827521721,-1.3548060395716672,0.7331613529161279,-1.7054111709781312,-0.028277192211357986,0.07360651237859171,0.350605131406464,133.0,0.3609022556390977,20
Indiana,Elkhart,19.49867662360437,39.00157956139945,33.0,35.0,13.557625588212886,28.012594455892536,71.0,156.0,1.675110840107293,3.6667771921452545,0.898698239264595,-0.7560574361089989,0.6226872998084242,0.05407507517631725,4.422834628254254,227.0,0.31277533039647576,20
Indiana,Grant,4.6492349961718835,12.839560338182293,5.0,5.0,3.56062289028294,9.63318924752729,21.0,56.0,1.0681198283024347,0.1858888185232759,0.4123074419669707,-2.5258447943974263,0.9518859225779124,0.2231608761523176,2.7117336129207024,77.0,0.2727272727272727,20
Indiana,Howard,7.219610647466607,18.428774586140353,5.0,18.0,5.501334721650407,13.128875008218232,33.0,77.0,0.7124711661209195,-0.9463303409614469,0.9773480008339102,-0.11833556251576859,-0.3161033391786399,0.14420326730424848,-0.8279947784456783,110.0,0.3,20
Indiana,La Porte,16.438122361532507,27.006383894850835,10.0,20.0,12.523974471673228,18.957740716462457,75.0,106.0,0.6199034211635011,-1.8192322224425364,0.7452815345835981,-1.609165229962537,-0.18419835217529756,0.07234155949987477,-0.21006699247999938,181.0,0.4143646408839779,20
Indiana,Lake,815.2853141634488,256.79603203977604,1153.0,298.0,508.59647760202637,157.2316347560049,2316.0,719.0,1.41397495146485,14.974877304619458,1.1601422596126711,3.286011476340593,0.1978622174572668,0.00314947651072836,11.688865828278864,3035.0,0.7630971993410214,20
Indiana,Madison,10.810393921552006,21.043727219973867,9.0,11.0,7.870267762720695,14.278741396732347,43.0,75.0,0.8399353785457205,-0.6453247601980976,0.5337980695066538,-2.6579692055435706,0.45330733812205143,0.09958885230000604,2.0126444453454733,118.0,0.3644067796610169,20
Indiana,Marion,794.3776181518933,412.66738322662377,838.0,324.0,521.7169062777319,268.8603985275887,2493.0,1313.0,1.0548793686624736,1.9098177257538,0.7853959755143852,-5.407549114292259,0.2949936788640084,0.002405560705924046,7.317366840046059,3806.0,0.6550183920126117,20
Indiana,St. Joseph,97.8855205994709,78.24493270974612,122.0,88.0,66.7380050674989,52.34103817944411,340.0,270.0,1.2451019139157637,2.9518295784730113,1.1238818417206737,1.3483700680088964,0.10242876221194444,0.015514530478651083,1.603459510464115,610.0,0.5573770491803278,20
Indiana,Vanderburgh,22.06904602087685,42.20165310478321,16.0,19.0,15.921553758622009,30.932028612374097,87.0,179.0,0.7310898291729808,-1.5209947217003277,0.45665679387517,-4.171715928321391,0.47060422685664155,0.05005824305426139,2.6507212066210633,266.0,0.32706766917293234,20
Indiana,Vigo,5.641413757151169,23.767090697522736,2.0,18.0,3.9840581841095406,16.577875153496635,21.0,89.0,0.4070723938912203,-1.8243459313846346,0.7623493162239073,-1.4164209743420764,-0.6274138292916845,0.1545321569567137,-0.40792495704255827,110.0,0.19090909090909092,20
Iowa,Black Hawk,9.267999099855581,13.659984016442921,9.0,8.0,7.0018141635919005,10.194073806027117,44.0,62.0,0.9725635621875166,-0.10128101508480218,0.6002831634647039,-1.7727247899747938,0.48253394993685905,0.13614723959697891,1.6714437748899915,106.0,0.41509433962264153,20
Iowa,Linn,3.7514277240587366,10.751413835557084,8.0,10.0,2.9895327314647173,8.733359042592442,22.0,67.0,1.9993283554836618,2.457204796639052,0.9332160520856106,-0.254266139826472,0.7619298397631968,0.2879799394487306,2.711470936465524,89.0,0.24719101123595505,20
Iowa,Polk,28.594484611393177,58.222725744209676,23.0,54.0,22.431966781721624,44.926025603629085,147.0,291.0,0.807713225165624,-1.181208074360352,0.9280904336320585,-0.6300048253517609,-0.138922101899959,0.04068782510148402,-0.551203249008591,438.0,0.3356164383561644,20
Iowa,Scott,11.456926718218654,21.23660470506495,3.0,10.0,9.02366592714296,16.784212850528707,61.0,117.0,0.292717358103992,-2.81527655117864,0.48305612318345864,-2.7427398325102477,-0.5009253486340138,0.10596198576896168,-0.07253671866839229,178.0,0.34269662921348315,20
Kansas,Geary,7.3180838832284,7.379760080241151,13.0,9.0,4.900755799073044,5.089108206838143,30.0,28.0,1.7267658164886954,2.566630120648556,1.2056204634734595,0.7182216389386379,0.3592558467613924,0.18495518868240218,1.8484084817099182,58.0,0.5172413793103449,20
Kansas,Johnson,4.266723784677726,33.046105742856085,6.0,27.0,3.3096076545672517,24.40988882323398,21.0,157.0,1.3636200236509948,0.952751237056943,0.8197672841908438,-1.2237503746451008,0.5088777243459865,0.20414976558543907,2.1765016117020437,178.0,0.11797752808988764,20
Kansas,Leavenworth,4.758254249842777,7.1817530112362595,6.0,5.0,3.5803018557018156,5.500443143350877,23.0,37.0,1.2361517133170865,0.6562553553937278,0.715982405572665,-0.930265134130856,0.5461027824510251,0.26477775122402875,1.5865204895245837,60.0,0.38333333333333336,20
Kansas,Montgomery,5.614683209020925,5.341977607107655,3.0,3.0,4.145098161954528,4.067170719383617,25.0,26.0,0.5723926948229285,-1.2842561912224755,0.5991121903209141,-1.1612789052124681,-0.045623591368975584,0.27401154021012586,-0.12297728601000735,51.0,0.49019607843137253,20
Kansas,Sedgwick,69.77051312234187,99.20116093901783,56.0,61.0,52.12713220783061,71.37507101463525,305.0,416.0,0.8040356828138251,-1.9072964790484621,0.6168433689314455,-4.521716031410454,0.2650285172319035,0.017961209526722623,2.6144195523619924,721.0,0.42302357836338417,20
Kansas,Shawnee,27.47621965070075,44.667418614580896,36.0,33.0,20.373842981886348,32.326484087606154,116.0,183.0,1.3046794905002739,1.8884077425292345,0.7416850691835988,-2.052085936660746,0.5647879704358878,0.043189576068506215,3.9404936791899803,299.0,0.3879598662207358,20
Kansas,Wyandotte,108.76956080893976,76.0356739593687,122.0,85.0,75.69518657894272,52.089872443165795,400.0,276.0,1.121080739165722,1.5206880360088029,1.1171261135740478,1.2420554844886413,0.0035337481896046074,0.015408006057561204,0.27863255152016153,676.0,0.591715976331361,20
Kentucky,Christian,20.454163106516564,16.74919644325661,13.0,14.0,14.320240277052099,12.072286816457076,78.0,68.0,0.6442633824779963,-1.969807283447511,0.8406188686933657,-0.7912450404998865,-0.2660307475175988,0.07726141874273043,-1.1785622429476246,146.0,0.5342465753424658,20
Kentucky,Fayette,63.55886471032358,99.81973237264127,60.0,72.0,41.63055133196457,65.94429529583084,204.0,334.0,0.9444438372984459,-0.5515760462432635,0.7226893282639165,-3.4258183551939676,0.26761679058296933,0.016923551677837302,2.874242308950704,538.0,0.379182156133829,20
Kentucky,Franklin,5.8552886344375645,94.82335704213963,6.0,72.0,4.350019554924579,69.6646318081211,24.0,379.0,1.0227702271110528,0.06938363314212843,0.7605691013163741,-2.7344711847273167,0.29620316321618156,0.13462827434478758,2.803854817869445,403.0,0.05955334987593052,20
Kentucky,Hardin,4.642415365058306,21.321718115983597,4.0,15.0,3.488037635279803,15.550982549874915,21.0,85.0,0.8750751700410295,-0.34397377967625126,0.7103015407685441,-1.6030837426229247,0.20862020610460225,0.19604959936494357,1.2591099629466735,106.0,0.19811320754716982,20
Kentucky,Hopkins,3.9202921782146785,16.639285629814225,1.0,12.0,3.0678988969638494,11.98948027737466,20.0,63.0,0.33934408394827836,-1.6672694157766732,0.7293186116378113,-1.3398338107108212,-0.7650961000129604,0.24292435321840478,-0.327435605065852,83.0,0.24096385542168675,20
Kentucky,Jefferson,346.30071610021525,205.2317298382575,421.0,157.0,237.1856247991107,140.8120430607433,1194.0,727.0,1.215395414230341,4.85034082151571,0.7655600821702301,-4.064554379659608,0.4622170471369176,0.005320907349707513,8.914895201175318,1921.0,0.6215512753774076,20
Kentucky,McCracken,13.622858275662754,22.458796875858777,8.0,17.0,9.344984790895017,15.001180757865,50.0,75.0,0.6018611696081128,-1.839364658861806,0.7622350637372155,-1.409399821796131,-0.23622818726632935,0.08009573242029827,-0.429964837065675,125.0,0.4,20
Kentucky,Warren,10.333100884759766,26.929972457213758,13.0,23.0,7.551140887137509,19.039498032306508,42.0,101.0,1.246180585190717,0.9705106391053362,0.8567270724261985,-0.9006618337572758,0.37471922148551834,0.09697474903081782,1.871172472862612,143.0,0.2937062937062937,20
Louisiana,Acadia,5.713746981700277,6.396884459774338,8.0,7.0,4.874076066609505,5.397679727862513,50.0,46.0,1.3679346817681546,1.0355668521951715,1.0874475342806302,0.25959538226003126,0.22946883233766546,0.28120441419526154,0.7759714699351403,96.0,0.5208333333333334,20
Louisiana,Allen,3.3763993240084047,3.37893269424239,3.0,3.0,2.926201873795741,2.8999217991779522,27.0,26.0,0.9028997550182246,-0.22003749532236308,0.9023100620423626,-0.2225199401287197,0.0006533234987578557,0.5106789362434587,0.0024824448063566207,53.0,0.5094339622641509,20
Louisiana,Ascension,14.843688234830212,10.944195235793433,9.0,14.0,12.307005384436815,8.665497473024516,101.0,66.0,0.6191470951837366,-1.6657539149294933,1.267017881226727,1.0380752907541808,-0.7160784152350133,0.12820374433127918,-2.7038292056836744,167.0,0.6047904191616766,20
Louisiana,Bossier,24.13391823585044,25.38850790244529,10.0,12.0,18.119778781898194,19.18483492927369,111.0,120.0,0.42624157064543033,-3.3203673065359927,0.48283972359872146,-3.056702314996505,-0.12467851059346255,0.06087328004310388,-0.26366499153948775,231.0,0.4805194805194805,20
Louisiana,Caddo,370.8434132117606,90.2229106952463,283.0,71.0,256.2407240140261,62.005065269887425,1293.0,315.0,0.7634442672565531,-5.4876338436107295,0.7881140436529938,-2.4412123806820665,-0.03180267922938574,0.009480399762189673,-3.046421462928663,1608.0,0.8041044776119403,20
Louisiana,Calcasieu,43.217701772683206,30.25912429739925,22.0,26.0,34.7602135388036,24.283746733941456,258.0,175.0,0.5146656637394196,-3.5987951206747706,0.861532979410621,-0.8642959286771299,-0.515195843395428,0.045132344622495144,-2.7344991919976405,433.0,0.5958429561200924,20
Louisiana,East Baton Rouge,540.3056809011161,113.57309905259957,556.0,94.0,383.2224881751878,80.04924483459584,2034.0,421.0,1.0290202556170143,0.8017094177662651,0.8284161716026113,-2.18766578393491,0.21684676957806673,0.007518641067116985,2.9893752017011748,2455.0,0.8285132382892058,20
Louisiana,Evangeline,5.141243266392391,3.0969172306860346,4.0,2.0,4.240567302195675,2.5807157255666313,32.0,20.0,0.7976964983603299,-0.5541996510028393,0.695039624118117,-0.6828161341859561,0.13775934017836178,0.42951048710106854,0.1286164831831168,52.0,0.6153846153846154,20
Louisiana,Iberia,11.240210984226161,5.187554202724736,3.0,5.0,9.189813686664019,4.141397849361019,71.0,30.0,0.29812070708971994,-2.7182223453219394,0.9670237511521412,-0.09216230403570638,-1.1767245949996246,0.22663139078213157,-2.626060041286233,101.0,0.7029702970297029,20
Louisiana,Jefferson,156.5700305056606,100.44275508097374,282.0,97.0,129.3743680614736,82.76454350459633,1021.0,656.0,1.7985608017680945,11.02750328731583,0.9658939853760475,-0.3784286129303983,0.6216879872942754,0.0134811825232145,11.405931900246227,1677.0,0.6088252832438878,20
Louisiana,Jefferson Davis,5.8302134908361785,6.1777769979535595,7.0,4.0,4.743244235174201,4.903052276791421,36.0,36.0,1.1847941638709725,0.5371169585218922,0.6738769505748768,-0.9835130900413414,0.5642768087742173,0.2680126252058895,1.5206300485632336,72.0,0.5,20
Louisiana,Lafayette,49.433641640407885,42.947570859750904,27.0,48.0,38.04460599905175,31.464930024563586,256.0,198.0,0.550730911997937,-3.637083173482995,1.1162879544303725,0.9007138611296553,-0.7065178064572754,0.03262738232608423,-4.537797034612651,454.0,0.5638766519823789,20
Louisiana,Lafourche,8.383381007870293,12.232914850168168,6.0,12.0,7.180873257684374,10.080883907793075,68.0,92.0,0.7317033902115962,-0.8894158069101369,0.9817076566592219,-0.07335806587958962,-0.29391833484131796,0.16953931848056247,-0.8160577410305473,160.0,0.425,20
Louisiana,Lincoln,8.04666134935161,3.2315047346530696,11.0,4.0,6.643547491118397,2.699783479295547,50.0,21.0,1.3455546592907235,1.1458116329470283,1.205947819980022,0.4677100785082616,0.10954048378174375,0.36114001494666825,0.6781015544387667,71.0,0.704225352112676,20
Louisiana,Livingston,4.224940368672453,13.85916803950948,3.0,8.0,3.6614518744138373,11.64954767496192,35.0,104.0,0.7407500892933768,-0.640159628818871,0.5919563011319399,-1.7166486729787784,0.2242304904942301,0.2657725122611707,1.0764890441599073,139.0,0.2517985611510791,20
Louisiana,Natchitoches,12.565968274288817,6.205149287020171,8.0,3.0,10.39150135689343,5.032227477938384,84.0,36.0,0.6505449746672262,-1.4164255112231285,0.5219868865224673,-1.4287891057833775,0.22016796821216392,0.19650320893553155,0.012363594560248936,120.0,0.7,20
Louisiana,Orleans,2411.635117496818,334.11072293043816,3429.0,408.0,1515.3415368474052,204.2682822499344,6787.0,916.0,1.4217694419867106,26.13493826987354,1.220821605543474,5.169885790282317,0.1523781025504415,0.0020904172099294595,20.965052479591222,7703.0,0.8810852914448916,20
Louisiana,Ouachita,41.54897839576326,20.502338470865336,40.0,14.0,33.67720274451359,16.33539334151981,256.0,123.0,0.9631625201167948,-0.2669176882314413,0.6903993105393741,-1.6088100634841747,0.33295202082925307,0.0583699050160857,1.3418923752527334,379.0,0.6754617414248021,20
Louisiana,Plaquemines,2.653080673865059,3.8660827990522995,1.0,5.0,2.3209218246713665,3.2752618224497705,22.0,30.0,0.47572522087146407,-1.0850850810948587,1.259710420790423,0.6265537474909776,-0.973796728290384,0.5488618135324987,-1.7116388285858362,52.0,0.4230769230769231,20
Louisiana,Rapides,61.89107638741854,33.627300793268226,35.0,24.0,46.59438552709739,24.678732950868955,291.0,144.0,0.5689916259748765,-3.939502604987424,0.717900315305122,-1.9379524271192714,-0.23246500586070734,0.03398825650974903,-2.001550177868153,435.0,0.6689655172413793,20
Louisiana,St. Charles,9.390353736533871,9.069284335522376,16.0,9.0,7.6625474453972275,6.6690691575057555,62.0,50.0,1.668292200616731,2.387765259129992,0.9927597160777025,-0.02682887398927409,0.5190670908051209,0.1679789146482885,2.414594133119266,112.0,0.5535714285714286,20
Louisiana,St. John the Baptist,15.31035722601851,4.9666905346633685,22.0,5.0,12.6582818867924,4.081529206673534,101.0,33.0,1.4231177498616285,1.8802497766179627,1.0060931682752887,0.01648755310666691,0.34677538331421753,0.21945964441335739,1.8637622235112958,134.0,0.753731343283582,20
Louisiana,St. Landry,12.515201803627969,8.288752288053631,8.0,6.0,10.583248689206977,6.9674707208679765,93.0,58.0,0.6530824591310322,-1.3879303250710242,0.739581659257289,-0.8670840856008025,-0.12438130232660298,0.16898209333128156,-0.5208462394702217,151.0,0.6158940397350994,20
Louisiana,St. Martin,4.083135873824348,3.792392269716474,2.0,5.0,3.5004397195871944,3.206989217533881,32.0,29.0,0.5454780457804542,-1.1134130222586378,1.2813367591781848,0.6743372251945426,-0.8539965966601625,0.4329418242639467,-1.7877502474531806,61.0,0.5245901639344263,20
Louisiana,St. Mary,9.998804556112022,10.973845796428982,8.0,12.0,8.378670161161493,8.82352472081011,69.0,66.0,0.8096159857601701,-0.6905303696063262,1.0894341985919307,0.3454550733786925,-0.2968537129965148,0.1570764354681723,-1.0359854429850186,135.0,0.5111111111111111,20
Louisiana,St. Tammany,12.839503887202394,28.363717704534068,11.0,39.0,10.832931477737292,23.52835419906528,95.0,204.0,0.862101026937953,-0.558891766705075,1.368500080424329,2.192775047783793,-0.46209812282865464,0.09495864681029235,-2.751666814488868,299.0,0.3177257525083612,20
Louisiana,Tangipahoa,23.35582396662274,13.464559551843514,8.0,6.0,19.63889245364806,11.012681898665413,165.0,85.0,0.3563071228179985,-3.465090875880698,0.4654640181001563,-2.24935312119546,-0.2672417329338599,0.09674675413823988,-1.2157377546852381,250.0,0.66,20
Louisiana,Terrebonne,18.116693988267116,21.531395849707025,7.0,21.0,15.011918396574565,17.253067785526085,120.0,127.0,0.40286422523390886,-2.869178404893601,0.9758800643712237,-0.12793370985787428,-0.8847400989064073,0.08295345588865936,-2.7412446950357268,247.0,0.48582995951417,20
Louisiana,Vermilion,6.197387217498141,5.701578282880327,8.0,5.0,5.027711154199142,4.493753147723215,36.0,33.0,1.2691516443594908,0.8039282439941936,0.8868710107526888,-0.3309569694937255,0.3584044098662216,0.2691393635986419,1.134885213487919,69.0,0.5217391304347826,20
Louisiana,Vernon,3.843048873733095,8.54501906505467,6.0,6.0,3.2472455918316996,7.3814908091598515,30.0,70.0,1.4966444516229644,1.196968542030496,0.7186275621145651,-0.9367398550776141,0.7336376197061363,0.320960940080423,2.1337083971081103,100.0,0.3,20
Louisiana,Washington,20.635884487935115,8.094276431130638,9.0,3.0,16.415859192254135,6.557717019662356,111.0,46.0,0.4494725548591465,-2.8718886160299895,0.4072477803159923,-1.9893269741048987,0.09865299795839756,0.13864074796038872,-0.8825616419250908,157.0,0.7070063694267515,20
Louisiana,Webster,11.515265199384915,5.8096071787406744,2.0,4.0,9.799775069067763,4.801647098747975,84.0,40.0,0.2080686492153315,-3.039574855391054,0.7131981235158523,-0.825827216026157,-1.2318911853553245,0.21616859897117696,-2.2137476393648967,124.0,0.6774193548387096,20
Maryland,Anne Arundel,80.51027901214046,90.47684005645225,74.0,49.0,55.155125533264936,61.85073030485636,285.0,333.0,0.919636383289523,-0.8766104891019831,0.5440945186630426,-5.273916457200098,0.5248553770561174,0.016064709737160503,4.397305968098115,618.0,0.46116504854368934,20
Maryland,Baltimore,157.9415181761211,173.61707103279417,162.0,125.0,102.35222782995528,114.17704406452039,510.0,585.0,1.0256150147423326,0.40115753612863325,0.720779411550994,-4.549874245093739,0.352714583463456,0.00789089014140555,4.9510317812223725,1095.0,0.4657534246575342,20
Maryland,Baltimore city,3234.248676036368,323.8959009456203,4051.0,301.0,1911.0913538445532,199.85965124548116,8353.0,907.0,1.2524929772795892,18.683107957469087,0.9294198820673185,-1.6195530373589953,0.29833061719029524,0.002087782755269202,20.30266099482808,9260.0,0.9020518358531318,20
Maryland,Calvert,3.9426198561075005,6.018043319856185,2.0,1.0,3.307970582731374,4.880999665534762,26.0,38.0,0.5627310193022975,-1.0680879220472759,0.2301304128235061,-2.271328849813385,0.894155590237286,0.3475814307298444,1.2032409277661091,64.0,0.40625,20
Maryland,Cecil,5.114849360392448,16.51097441987395,4.0,7.0,3.7527530986359214,12.900561830103028,23.0,88.0,0.8014462563756962,-0.5754945205124294,0.4408918510416274,-2.6480165879740074,0.5976183063585292,0.190766644305778,2.072522067461578,111.0,0.2072072072072072,20
Maryland,Charles,19.459587458764638,11.384915021705135,23.0,9.0,15.275949955277348,9.121313536052526,106.0,68.0,1.1773790439581806,0.9058363764146242,0.7993325978898779,-0.7896674136830912,0.3872689710132105,0.11071213172481567,1.6955037900977155,174.0,0.6091954022988506,20
Maryland,Dorchester,9.249693610417442,4.737807909296078,6.0,3.0,6.95198671080963,3.6546716177781966,45.0,25.0,0.66668761704007,-1.2325029001330576,0.6682184724239675,-0.9090286878473908,-0.0022935786525645407,0.24407041908561297,-0.32347421228566686,70.0,0.6428571428571429,20
Maryland,Frederick,7.882419003454661,22.59211439172711,12.0,18.0,6.014562741702649,16.830398042379752,39.0,107.0,1.4912163177298048,1.678959116854327,0.8011392844402215,-1.1193489710508266,0.6213125664134701,0.1297768381897155,2.798308087905154,146.0,0.2671232876712329,20
Maryland,Harford,15.040208719735586,26.125238993120913,17.0,30.0,11.458882195352746,19.823007532602357,74.0,128.0,1.1261110011846585,0.578946847861153,1.1455296235230112,0.8702822935744324,-0.017096978404863312,0.07969992736073406,-0.2913354457132794,202.0,0.36633663366336633,20
Maryland,Howard,19.799693134916204,27.498711363361053,16.0,19.0,13.906483981017717,18.59955525166532,75.0,99.0,0.8128201687748375,-1.0189194541360582,0.6964606244527948,-1.9706150715418895,0.15449863228895855,0.060069962730166966,0.9516956174058313,174.0,0.43103448275862066,20
Maryland,Montgomery,80.13921853923776,108.55171421209486,68.0,82.0,54.44351268057242,73.87987616803255,282.0,394.0,0.8494625969951456,-1.6451960608221408,0.7565218079886906,-3.08908234608798,0.11587255041487227,0.014747055355690548,1.4438862852658392,676.0,0.4171597633136095,20
Maryland,Prince George's,1103.9787560711293,235.50950434219274,1451.0,250.0,657.3945315481669,142.89001036737776,2913.0,659.0,1.3141945845688336,13.534525000988133,1.061397932673073,1.212222406612003,0.21363715109382123,0.0031156243122234307,12.32230259437613,3572.0,0.8155095184770437,20
Maryland,Somerset,5.924021297879715,6.279792732805176,5.0,7.0,4.520049357319291,4.81753824266235,28.0,29.0,0.8561615450769607,-0.43462068590266306,1.1062285080943521,0.32812922580599785,-0.2562526892016026,0.250959802445408,-0.7627499117086609,57.0,0.49122807017543857,20
Maryland,St. Mary's,7.9092874055247195,10.353792921960746,2.0,6.0,6.160967838394629,8.135970298725114,40.0,57.0,0.2972903504710226,-2.3807327272019574,0.5988689895537246,-1.5263814932540027,-0.7003335866587252,0.17438045605373498,-0.8543512339479546,97.0,0.41237113402061853,20
Maryland,Talbot,3.6551971189127137,6.643829018709062,0.0,2.0,2.9280763956629534,5.029549977762251,20.0,31.0,0.12033123476241592,-2.136090265776587,0.34995238456193717,-2.070673650268919,-1.0675488712546837,0.3331039535331826,-0.06541661550766786,51.0,0.39215686274509803,20
Maryland,Washington,8.05561602181178,22.734137989772286,9.0,14.0,6.00548873104815,17.31458862829566,36.0,110.0,1.1103817627837198,0.3853669203145482,0.6240816855948316,-2.099007353900124,0.5761778994077426,0.12604535005136916,2.484374274214672,146.0,0.2465753424657534,20
Maryland,Wicomico,26.082779345916283,13.321156847668965,25.0,12.0,19.901805153866842,10.162332812809764,122.0,61.0,0.9592676397066576,-0.24271338544253576,0.9044105452075969,-0.4144361906735013,0.05888671778962864,0.08652163701335452,0.17172280523096553,183.0,0.6666666666666666,20
Maryland,Worcester,4.627246607656188,11.490243407789727,4.0,5.0,3.645824440316973,9.065009345336295,24.0,60.0,0.8776640455094239,-0.3285038359610139,0.45870628417991943,-2.155643091784669,0.6488537828298907,0.238935780525099,1.8271392558236552,84.0,0.2857142857142857,20
Massachusetts,Bristol,33.59215713843243,94.18294551423364,22.0,49.0,19.44787741917066,59.75536957698331,87.0,285.0,0.6599758386844793,-2.628622103021266,0.5227974238777636,-5.845020936808278,0.23300917210690597,0.023970880368153164,3.2163988337870117,372.0,0.23387096774193547,20
Massachusetts,Essex,16.220783389913286,125.2140261734366,12.0,97.0,10.911744395500103,79.13943554968294,54.0,375.0,0.7475726291353401,-1.2777502443608049,0.7755697830048639,-3.1715282975820505,-0.03676649983289961,0.046519199407291184,1.8937780532212456,429.0,0.1258741258741259,20
Massachusetts,Hampden,86.88324684164868,141.51504518564076,57.0,65.0,50.7652082989582,85.45236459462225,228.0,394.0,0.658020868739273,-4.194157121149617,0.4612187385806835,-8.277225683480188,0.3553642286085778,0.010991990658249297,4.0830685623305705,622.0,0.3665594855305466,20
Massachusetts,Middlesex,30.839931387863846,131.97762956685193,21.0,88.0,19.362398897667827,89.26374110251895,92.0,452.0,0.6860257520642089,-2.2362095026241686,0.6680373153517245,-4.654727642029949,0.026571133192059178,0.025482641619686927,2.41851813940578,544.0,0.16911764705882354,20
Massachusetts,Norfolk,12.906296509687836,53.58529429930324,19.0,39.0,7.806001347332111,36.25943109040054,37.0,182.0,1.454540408375173,2.1810569585971438,0.7303279109735539,-2.422170462642603,0.6889516327755925,0.059490347931419246,4.603227421239747,219.0,0.1689497716894977,20
Massachusetts,Plymouth,53.610896592356006,55.567258136114816,46.0,31.0,30.61800019300638,34.7697396955942,134.0,162.0,0.8593463226142299,-1.3754582437543927,0.5618252264722355,-4.1663520990875655,0.4249811936462437,0.021913620553884905,2.790893855333173,296.0,0.4527027027027027,20
Massachusetts,Suffolk,750.2954140982763,365.9263308927613,1034.0,429.0,393.70800770967963,204.42895469718314,1695.0,892.0,1.3778720282175136,14.298129687351851,1.1721319233625105,4.411404597039803,0.16171605309618198,0.0022260791439255236,9.886725090312048,2587.0,0.6551990722844995,20
Massachusetts,Worcester,25.486108443091645,124.42435977972605,16.0,73.0,15.107404511835332,77.32291333968702,68.0,364.0,0.6349546349402114,-2.4405806076967327,0.588356027035876,-5.8480999847576856,0.07622130248073673,0.028253120679715537,3.407519377060953,432.0,0.1574074074074074,20
Michigan,Berrien,48.61852547934774,21.70590430324328,42.0,11.0,34.564134428431046,15.022191190626856,202.0,85.0,0.8652539868663087,-1.1257667108297522,0.5178802827822855,-2.762210135582322,0.5132789890385725,0.0465068627414548,1.6364434247525697,287.0,0.7038327526132404,20
Michigan,Calhoun,41.60766828554637,44.07650047023697,45.0,29.0,28.45492319198003,30.1302240288856,152.0,170.0,1.0805632763003898,0.6359450682417916,0.6617836682737508,-2.7466249775972766,0.490299018841057,0.03194570530506436,3.3825700458390684,322.0,0.4720496894409938,20
Michigan,Genesee,380.26378995240606,137.44543775996257,583.0,158.0,260.6680985894403,90.53433977775636,1385.0,470.0,1.5324461395684057,12.557043001869236,1.149005016576222,2.1602378064623164,0.28796887784754915,0.006595072915141883,10.39680519540692,1855.0,0.7466307277628033,20
Michigan,Ingham,56.56523227852691,59.867562126081275,57.0,54.0,39.459542679240904,40.621044160619114,217.0,226.0,1.0076187847506,0.06921197932840725,0.9028027318077461,-0.9206237092116891,0.10984111650124964,0.023666151798568427,0.9898356885400964,443.0,0.4898419864559819,20
Michigan,Jackson,23.77204212314361,37.98035811036935,22.0,29.0,17.34850882001911,25.849924710035943,102.0,150.0,0.9269924584774039,-0.42544455097745926,0.7666248821122742,-1.7662981503501058,0.1899478199542515,0.04861947986362675,1.3408535993726467,252.0,0.40476190476190477,20
Michigan,Kalamazoo,35.461583084374254,38.74961494796565,22.0,25.0,24.59718875536298,25.699812771088435,140.0,141.0,0.6256676728388113,-2.714272202874299,0.6496879022585594,-2.712224010976792,-0.037672741131967474,0.0366757374499008,-0.0020481918975070457,281.0,0.498220640569395,20
Michigan,Kent,99.45014617904756,99.07045463703298,104.0,92.0,71.30518824687795,65.52974415986849,408.0,355.0,1.0455212322831622,0.5388115272240335,0.9289904353373989,-0.8734299986874852,0.11817238381312659,0.01388610530424689,1.4122415259115186,763.0,0.5347313237221494,20
Michigan,Macomb,24.043036259228224,113.73053416730816,13.0,77.0,17.10843827102846,82.09142646701632,98.0,475.0,0.5500541928639321,-2.669828191395,0.6784525745672286,-4.0539495816777045,-0.2097977735105138,0.03594254994436854,1.3841213902827043,573.0,0.17102966841186737,20
Michigan,Monroe,5.0768455948370255,26.230213383540775,3.0,22.0,3.1436276379922914,17.618147580072982,20.0,108.0,0.6275949262859737,-1.1713553366391356,0.8417441221720458,-1.0078180983805984,-0.2935811386357171,0.14757411356667058,-0.16353723825853717,128.0,0.15625,20
Michigan,Muskegon,31.193629198390106,26.498755299678248,21.0,14.0,22.08999367221385,18.457876694932402,130.0,101.0,0.6783697715846345,-2.1688575868930506,0.5370617955922139,-2.9092155170396916,0.23357936161075568,0.04898836285510239,0.740357930146641,231.0,0.5627705627705628,20
Michigan,Oakland,104.3424684834809,143.85457096998456,125.0,108.0,73.45640933962213,99.74644155673539,415.0,557.0,1.1970340055449373,2.4102582398449424,0.7516215057891048,-3.5900113742462025,0.46536923365737215,0.01156698359488343,6.000269614091145,972.0,0.4269547325102881,20
Michigan,Saginaw,148.09412917288793,75.05596910300024,203.0,69.0,102.72288066706649,50.18186307148034,547.0,261.0,1.3695022887696295,5.417328719769215,0.9198479064606457,-0.8548900457565286,0.397994322634578,0.013591646250310431,6.272218765525744,808.0,0.676980198019802,20
Michigan,St. Clair,4.693117990452223,19.916918804017154,5.0,12.0,3.3100519544547184,14.206719170171851,21.0,90.0,1.059093979784783,0.16867628374647847,0.612237337082447,-2.1004352252784977,0.5480490725334713,0.186097419628347,2.269111509024976,111.0,0.1891891891891892,20
Michigan,Van Buren,5.282661183068823,24.789306422601175,4.0,21.0,4.069851348866963,17.25215532318776,27.0,100.0,0.7781884252834397,-0.6358031547797829,0.8501617102786713,-0.9123007800660543,-0.08845789204059472,0.17391345008291875,0.2764976252862714,127.0,0.2125984251968504,20
Michigan,Washtenaw,39.33722268128043,50.8202219621571,36.0,41.0,28.13438872206243,34.416178037715326,167.0,193.0,0.9162285305885896,-0.6291677375257047,0.8086481003648346,-1.6739403736911636,0.12490197968022801,0.03150720054870888,1.044772636165459,360.0,0.4638888888888889,20
Michigan,Wayne,4658.225963476864,892.4382394105115,5912.0,1060.0,3090.291784898735,590.1849126731825,15802.0,3014.0,1.2691238004450962,22.55378979508165,1.1876521277665377,6.897327747979395,0.0663483851417181,0.0008834389946790115,15.656462047102254,18816.0,0.8398171768707483,20
Minnesota,Hennepin,219.06086749177183,160.64718066920227,262.0,147.0,166.4864795299217,117.50212517930208,997.0,684.0,1.1955682403643142,3.3278502960212704,0.9153123212424252,-1.2589836215592882,0.26711152456815845,0.008022379418679422,4.586833917580559,1681.0,0.5930993456276026,20
Minnesota,Ramsey,59.9541158739276,63.52948519919311,74.0,50.0,46.81040292807738,47.84472984304489,305.0,304.0,1.2323395838815012,2.0529477283245012,0.7886991413861373,-1.9559791386868968,0.4462848106212989,0.02487730535976083,4.008926867011398,609.0,0.5008210180623974,20
Mississippi,Adams,11.89886940424519,3.392848717281532,5.0,2.0,10.194354469385633,2.8495075298009014,100.0,26.0,0.44358883222988715,-2.1607178444670203,0.6422032248265247,-0.8251236669158651,-0.3700067233292871,0.31954002179035457,-1.335594177551155,126.0,0.7936507936507936,20
Mississippi,DeSoto,4.946315537015073,4.842766770413696,5.0,4.0,4.153044764856871,4.0378261895640915,37.0,38.0,1.0098570240045897,0.026343004556278977,0.8422602358237623,-0.4194049898176074,0.18147500425844695,0.34191854251793563,0.44574799437388635,75.0,0.49333333333333335,20
Mississippi,Forrest,17.65346585828815,8.662686106644914,12.0,7.0,14.373436681748291,6.883723015123273,129.0,60.0,0.6885737466100996,-1.491195085442635,0.8185372621856914,-0.6337216938426303,-0.17289649631233753,0.13785265034761754,-0.8574733916000047,189.0,0.6825396825396826,20
Mississippi,Harrison,22.46904455710069,31.252750859547042,33.0,38.0,18.824815824152477,25.32812743567508,190.0,227.0,1.458484697381274,2.4271823608865355,1.2124933732607384,1.3406802304196255,0.18471913978281893,0.0632187874209713,1.08650213046691,417.0,0.4556354916067146,20
Mississippi,Hinds,259.35093712790035,46.215805366194175,410.0,78.0,211.66853619116162,36.96175754764128,1683.0,281.0,1.5797518551874576,10.354718128864148,1.6803734707056215,5.227991881984506,-0.06174829167490736,0.02045188185974011,5.126726246879642,1964.0,0.8569246435845214,20
Mississippi,Jackson,13.756227632340181,13.032034895231671,14.0,16.0,11.910147135297976,10.686232458060221,128.0,95.0,1.0170993599391485,0.07063596978652278,1.2193288095801587,0.9079176981213886,-0.18134573992255137,0.12586045101829713,-0.8372817283348658,223.0,0.5739910313901345,20
Mississippi,Jones,12.495252528324054,4.477239660320173,7.0,4.0,10.336204018650228,3.8617881933748284,107.0,37.0,0.5771338405046943,-1.70925602043494,0.9041155956131971,-0.24285234572099806,-0.44888302458094326,0.2588514296226592,-1.466403674713942,144.0,0.7430555555555556,20
Mississippi,Lauderdale,28.4324793065342,13.219444738430123,24.0,20.0,23.095838642526125,10.782372813178366,201.0,91.0,0.8467991885668382,-0.9223162244529411,1.4942295691148908,2.064943094077748,-0.5679024335821055,0.09026999851448168,-2.987259318530689,292.0,0.6883561643835616,20
Mississippi,Lee,5.735317513277136,5.861122830888657,3.0,4.0,5.096347644352116,5.08733534844299,63.0,59.0,0.561318648576804,-1.211652892422001,0.707422277423834,-0.8251442041256666,-0.23133902295219347,0.3030240841370605,-0.38650868829633434,122.0,0.5163934426229508,20
Mississippi,Lowndes,9.839514206437919,5.157954768695672,14.0,5.0,8.397167455841862,4.219348609164302,88.0,35.0,1.4023869700736564,1.4357460708163274,0.9720827091850215,-0.07689711341237798,0.366490149806845,0.24532853959217635,1.5126431842287054,123.0,0.7154471544715447,20
Mississippi,Madison,9.592210749775397,3.499590179562913,15.0,3.0,8.248252769079146,3.09980205171172,87.0,34.0,1.5358379233553912,1.8829499545322708,0.8750896574064722,-0.2837572144582402,0.5625050427755299,0.34274901806436053,2.166707168990511,121.0,0.71900826446281,20
Mississippi,Rankin,3.95201527500586,5.223105475938704,4.0,2.0,3.4045454718381705,4.5734990090529655,37.0,51.0,1.0107782031350008,0.026005992958154648,0.4368257776325448,-1.5071282947803855,0.8389413738915373,0.38562779230026434,1.53313428773854,88.0,0.42045454545454547,20
Mississippi,Warren,18.071074601979927,5.64100541408601,6.0,2.0,15.590734705418088,4.767404574241474,172.0,46.0,0.35000667108983624,-3.057121104601956,0.4070994619652334,-1.6675555889759517,-0.15110531932155066,0.19756150001065162,-1.3895655156260043,218.0,0.7889908256880734,20
Mississippi,Washington,56.86440908927335,8.821261495167413,56.0,8.0,45.24597451549032,7.107924893285268,370.0,58.0,0.9849312648208732,-0.12850775941941978,0.911893739319169,-0.30804207937668016,0.07704838744783632,0.10533691194300653,0.17953431995726038,428.0,0.8644859813084113,20
Missouri,Boone,12.018996489734867,18.04780835002611,7.0,11.0,9.621307792674104,13.449132546502929,68.0,92.0,0.5990895521178342,-1.6180794333393287,0.6200193458427562,-1.9217945126029563,-0.03433959088259592,0.10789364087363165,0.3037150792636276,160.0,0.425,20
Missouri,Cape Girardeau,5.633830332534629,8.415997252777354,4.0,8.0,4.459604878680407,6.424964553682195,31.0,39.0,0.7336362038140212,-0.7736753564021731,0.953342599713367,-0.16411757626914514,-0.26196106446154344,0.2312149725658691,-0.609557780133028,70.0,0.44285714285714284,20
Missouri,Cole,4.659066376232109,11.561836712546652,2.0,6.0,3.722515661581693,8.415125831699845,26.0,51.0,0.48458380212310026,-1.3781957667858704,0.5388897358591116,-1.9172905303932524,-0.10622059571915286,0.23444160130409353,0.539094763607382,77.0,0.33766233766233766,20
Missouri,Greene,8.025222521323204,51.5031641405736,10.0,47.0,6.280749947598326,39.56465363826661,43.0,260.0,1.231639405744249,0.7879749547844744,0.9134059587528027,-0.7159193375997611,0.29892098667335326,0.11243637771795918,1.5038942923842356,303.0,0.1419141914191419,20
Missouri,Jackson,1015.0381900533281,506.83010683046615,960.0,456.0,602.2871294909426,309.5014403499327,2772.0,1475.0,0.9458039189541085,-2.2426543980413935,0.8998086134725453,-2.8892803585173668,0.04985318472126159,0.00178943663277638,0.6466259604759732,4247.0,0.6526960207205086,20
Missouri,Pemiscot,3.862727406061803,4.415365226205954,1.0,1.0,3.133654852376651,3.5458610676403413,22.0,24.0,0.3438216189982031,-1.6171653052933441,0.30516552300179983,-1.8137452775479934,0.11926864568985447,0.3919026205494718,0.1965799722546493,46.0,0.4782608695652174,20
Missouri,Scott,8.837124331326287,5.0499549596652695,6.0,1.0,6.683219450352139,3.913825604354973,43.0,26.0,0.6961458120668198,-1.097451931961125,0.2702724636328343,-2.0471490224362174,0.9461285637478293,0.2390493755638734,0.9496970904750925,69.0,0.6231884057971014,20
Missouri,St. Louis,198.86643558270754,143.681178886745,187.0,82.0,140.95918901193681,100.72224836347353,781.0,555.0,0.9404792710065545,-0.9994788070757776,0.5721967363354974,-6.145963260032232,0.4969067312142442,0.008443210404830962,5.146484452956455,1336.0,0.5845808383233533,20
Missouri,St. Louis city,1985.0113410210433,310.60334114830846,2867.0,381.0,1135.3009738302671,176.9625398002039,5120.0,802.0,1.4442123501170216,26.176253966842925,1.226280626212022,5.291896918019323,0.16357837943682632,0.0021224223467292106,20.884357048823603,5922.0,0.8645727794663964,20
Nebraska,Douglas,81.42371935623635,63.71247301453181,111.0,38.0,57.55163179554708,45.12925577964251,325.0,258.0,1.3610221908401696,3.898654392008767,0.5995719864470433,-3.8274961547612327,0.8197752625888106,0.019798274380324818,7.72615054677,583.0,0.5574614065180102,20
Nebraska,Lancaster,5.697219021118497,28.87606901853656,3.0,13.0,4.418529317543932,22.128479848329853,30.0,153.0,0.5647694535360003,-1.283149748726839,0.4595577438043661,-3.374948795002719,0.2061530005297567,0.16266783647169317,2.09179904627588,183.0,0.16393442622950818,20
Nevada,Clark,498.75924190801345,1103.4665754358434,501.0,1014.0,300.4849966137276,646.9167558523901,1365.0,2937.0,1.0044881654737587,0.129265781845569,0.9189589817060156,-3.5175203117346365,0.08899191493351835,0.001739215565601895,3.6467860935802054,4302.0,0.3172942817294282,20
Nevada,Washoe,15.821661557481479,169.50286915485486,11.0,81.0,10.93043301337245,112.98939660750875,58.0,575.0,0.7045851281439335,-1.4584046472934251,0.47940367362719044,-8.326040240118022,0.38506617393797765,0.047597606525680194,6.867635592824597,633.0,0.09162717219589257,20
New Jersey,Atlantic,107.34318721368338,80.91412457681815,136.0,97.0,69.8518336569082,54.59460116534529,345.0,287.0,1.265726686374126,3.4287749506120724,1.1975808928339462,2.177057261777666,0.055342813426196825,0.014400931396389708,1.2517176888344066,632.0,0.5458860759493671,20
New Jersey,Bergen,28.51605579547984,80.0556834156723,17.0,69.0,19.280510766270098,55.2889594996361,101.0,291.0,0.6031143627290024,-2.622675099839833,0.8627572512962953,-1.486847358235553,-0.35802653179494054,0.032337326915227574,-1.13582774160428,392.0,0.2576530612244898,20
New Jersey,Burlington,25.6250066781313,41.02007561993052,20.0,27.0,17.947407405099078,28.863974508236883,99.0,165.0,0.7846887946313952,-1.3277679511281844,0.6623302002561723,-2.6095900628440223,0.1695229757098892,0.04448606056941219,1.281822111715838,264.0,0.375,20
New Jersey,Camden,359.22321163158546,242.2671041607547,432.0,233.0,205.88171992658786,146.03999434675953,918.0,668.0,1.2023132953759728,5.072055446122541,0.961827183329508,-0.7668459720182461,0.22316793478532124,0.004083657726736517,5.838901418140788,1586.0,0.5788146279949559,20
New Jersey,Cape May,5.282656766349631,17.73053276648419,1.0,8.0,3.8423075780221323,12.143892915673899,23.0,66.0,0.2593963398845981,-2.1848277617611793,0.46625077329757325,-2.7922715728027376,-0.5863664676492297,0.17631430467689102,0.6074438110415583,89.0,0.25842696629213485,20
New Jersey,Cumberland,36.27291518306844,36.80471529267078,26.0,19.0,25.090818945722933,26.583279171605184,132.0,152.0,0.7206390863512921,-2.050861272444742,0.5227221236515145,-3.453271762175019,0.3210884277021218,0.038694602637557626,1.402410489730277,284.0,0.4647887323943662,20
New Jersey,Essex,1419.3483562966549,321.7113130274245,1874.0,416.0,851.5551517377468,196.85020348635834,3861.0,901.0,1.3202114096812412,15.580176568944324,1.2926299703342516,6.720346316591059,0.02111300296017661,0.002324670448748301,8.859830252353266,4762.0,0.8107937841243175,20
New Jersey,Gloucester,11.97575194138309,32.6702662759158,10.0,28.0,8.17534731804763,23.388881593082665,48.0,135.0,0.8416326366004955,-0.6910020110120078,0.8592032322843673,-0.9656881784908047,-0.02066186525504813,0.07891649718631119,0.2746861674787969,183.0,0.26229508196721313,20
New Jersey,Hudson,191.63506181899018,219.4755466986249,199.0,239.0,121.48852901511222,146.50704555377843,596.0,755.0,1.03833208843448,0.6681923036225471,1.0887573805106818,1.6130566759316467,-0.04742136341518411,0.0063496399210790765,-0.9448643723090996,1351.0,0.4411547002220577,20
New Jersey,Mercer,167.22341173386044,84.55455283346144,191.0,91.0,108.92368765939291,55.25634535582623,541.0,283.0,1.1417607000736885,2.278181753629326,1.0757801546397978,0.867085600690197,0.05952542106759305,0.011623916273715378,1.411096152939129,824.0,0.6565533980582524,20
New Jersey,Middlesex,46.05281486844707,89.73918413809525,30.0,75.0,30.505206050307144,60.855954875999906,156.0,322.0,0.6551698342235482,-2.906459098974015,0.8366653657291547,-1.8893912683017449,-0.24452969763450785,0.021940217434529487,-1.0170678306722702,478.0,0.3263598326359833,20
New Jersey,Monmouth,45.561250363080454,64.86610506188872,31.0,54.0,30.60670411053404,44.47983650415564,160.0,239.0,0.6838720128459267,-2.632027281960371,0.8337654499744068,-1.6292671782631807,-0.19818134337018806,0.0253156177513198,-1.0027601036971903,399.0,0.40100250626566414,20
New Jersey,Ocean,15.112249433119581,50.8151916488264,15.0,24.0,10.53606116641217,35.618337730578546,59.0,198.0,0.9928101691174971,-0.034581594563743726,0.4774414595908525,-4.493079276909591,0.7320979220144942,0.05992777016611718,4.458497682345848,257.0,0.22957198443579765,20
New Jersey,Passaic,126.52894387179761,149.96887708536144,109.0,109.0,83.50785967072984,100.67293326211029,423.0,519.0,0.8620082688439221,-1.9181919940134804,0.7277252420637148,-4.083172231800783,0.1693413010338732,0.009692330051135817,2.1649802377873026,942.0,0.44904458598726116,20
New Jersey,Salem,11.571312745487097,8.184717365894308,8.0,5.0,7.980155052531351,5.95373281727028,47.0,33.0,0.7041487681758354,-1.2642187257977073,0.6332963720384283,-1.3051974766330463,0.10605113742094115,0.14847545506064003,0.04097875083533897,80.0,0.5875,20
New Jersey,Somerset,6.92988958983223,22.567517376156722,2.0,11.0,4.991517264525647,16.116756986475412,29.0,91.0,0.3364787551380627,-2.206586232186171,0.49853652703375634,-2.881385270712007,-0.39314184832013904,0.1355847014795364,0.674799038525836,120.0,0.24166666666666667,20
New Jersey,Union,155.6872004681931,109.28109355089188,168.0,101.0,97.755320157471,71.79674453161567,466.0,355.0,1.0788336015684867,1.2453361853819434,0.9245672156922634,-0.9773166880844676,0.15430998485437739,0.010044999775855039,2.222652873466411,821.0,0.5676004872107187,20
New Mexico,Bernalillo,65.3978298112967,556.9543276541231,70.0,480.0,40.903140151322866,341.3436628236289,186.0,1549.0,1.0698379628264232,0.7195887247418862,0.8619540223537918,-4.165212143756274,0.21606054847296605,0.01066419411003658,4.88480086849816,1735.0,0.10720461095100864,20
New Mexico,Lea,11.27710558953471,48.43682986336348,2.0,19.0,7.189568334169644,30.68329939131412,32.0,139.0,0.21227626609899233,-3.4598804414875532,0.39847288952811105,-5.3142258660081625,-0.6297508963231278,0.0696119947305899,1.8543454245206092,171.0,0.1871345029239766,20
New York,Albany,53.37469026965381,43.94857593367079,45.0,24.0,34.396681244613944,28.938702040189664,166.0,146.0,0.8445524191835391,-1.4279417220001436,0.5511987613857546,-3.7082787639344836,0.42671133301296815,0.027056528415810917,2.28033704193434,312.0,0.532051282051282,20
New York,Broome,10.407432111700617,24.376720809081164,9.0,8.0,7.67186462704392,17.671671706814863,45.0,107.0,0.870965769276635,-0.5081325198581924,0.34168490554820646,-3.8957235236915273,0.9357136920222134,0.10056848020616714,3.387591003833335,152.0,0.29605263157894735,20
New York,Chemung,4.312125178364385,11.455399492419303,4.0,6.0,3.3907920178780713,8.73260273122884,23.0,57.0,0.9351377682842252,-0.16950332721302744,0.5436873944799192,-1.8460978106156447,0.5423194250073828,0.24890151235835056,1.6765944834026172,80.0,0.2875,20
New York,Dutchess,37.36527560717446,35.25529842688618,46.0,21.0,24.96365324732503,24.419687607344677,127.0,136.0,1.2280380706165912,1.7282016258594386,0.601309482676086,-2.8847372433480007,0.714063362144954,0.03752695174934631,4.612938869207439,263.0,0.4828897338403042,20
New York,Erie,535.3432271411397,218.35027315722064,755.0,206.0,293.9675094740364,123.838476935141,1275.0,553.0,1.4099273103269128,12.811351067591959,0.9435674766174577,-1.1098103282414784,0.40162554948471996,0.0036231894394381445,13.921161395833437,1828.0,0.6974835886214442,20
New York,Monroe,423.7981291591634,195.06808857921592,463.0,145.0,245.9406863669503,114.7169117134177,1083.0,516.0,1.0923922783221396,2.499721370652166,0.7439864093219095,-4.674630501493521,0.38410255340440297,0.004384118790801736,7.174351872145687,1599.0,0.6772983114446529,20
New York,Nassau,105.43200054039224,138.44968987947203,141.0,143.0,74.87066126828819,96.49610637118985,403.0,522.0,1.3357625578499819,4.110584727349814,1.0327478969148833,0.4632187193085456,0.25727922225967004,0.011769598548415038,3.647366008041269,925.0,0.43567567567567567,20
New York,New York,9812.820573649578,7719.180144093695,10353.0,8078.0,4912.72450375013,3864.1573764275167,20624.0,16259.0,1.0550455294205812,7.70684871901584,1.046481181759951,5.772302263351668,0.008150641177122376,0.00011586969261349738,1.9345464556641714,36883.0,0.5591736030149391,20
New York,Niagara,16.661286184430928,34.146729616333864,14.0,18.0,10.611139318690032,23.209842401821078,51.0,120.0,0.8449250157691968,-0.8169783937475815,0.5339609309410361,-3.351571410258417,0.45892521143309883,0.058130317530023505,2.5345930165108355,171.0,0.2982456140350877,20
New York,Oneida,36.484300861616866,45.865441132061214,46.0,30.0,23.15285392488235,31.003308681851546,110.0,159.0,1.2572902263040677,1.9775999227771315,0.6578175308011805,-2.8493652916072723,0.6477864859544379,0.032131663759871934,4.826965214384404,269.0,0.40892193308550184,20
New York,Onondaga,106.72219954829747,78.30430766306021,79.0,42.0,68.8496204845147,50.5013512355548,335.0,248.0,0.7414509339942219,-3.3410033413602305,0.5393106196899186,-5.1086560009184945,0.3183172943384168,0.014281231443489233,1.767652659558264,583.0,0.5746140651801029,20
New York,Orange,33.803801814277286,62.56307394116083,30.0,37.0,23.943242622860847,42.033905806414516,130.0,217.0,0.8891142785026779,-0.7773675326930486,0.594642754569628,-3.942876760563873,0.40226496176167137,0.03169226678713262,3.165509227870824,347.0,0.3746397694524496,20
New York,Rensselaer,7.678433858811907,21.168085126948146,10.0,14.0,5.816453622735156,14.97204154812617,37.0,90.0,1.2838643903302716,0.9626134519229997,0.6691869593020313,-1.852518878620954,0.6515663817382441,0.13206679340529037,2.8151323305439537,127.0,0.29133858267716534,20
New York,Rockland,19.748161879802694,31.261027208239486,11.0,19.0,12.418289366289846,19.422020741800292,58.0,93.0,0.5679527884193338,-2.4824809420853953,0.6139599916636602,-2.7821442859729943,-0.07789146958069058,0.05171671321734736,0.2996633438875991,151.0,0.3841059602649007,20
New York,Schenectady,27.095154724793144,25.372141667787165,32.0,16.0,16.84982861251261,16.860416829181847,78.0,87.0,1.1777429887283817,1.1948890137272896,0.6377516098925736,-2.282467966468898,0.6134062831050741,0.04914267928431866,3.4773569801961877,165.0,0.4727272727272727,20
New York,Suffolk,133.68592550277535,230.4886563839707,146.0,222.0,79.69293425566661,139.18289759822358,372.0,657.0,1.091768748854141,1.3794052285571747,0.9632507651377474,-0.7195252136340877,0.1252405875948549,0.007079024990615649,2.0989304421912625,1029.0,0.36151603498542273,20
New York,Sullivan,5.254583519235471,18.611486585696625,2.0,9.0,3.864999905295256,13.670330430968617,23.0,81.0,0.43443630484176887,-1.6554675684453886,0.4970832570978528,-2.59956725644638,-0.13470819156906577,0.17944765808439417,0.9440996880009915,104.0,0.22115384615384615,20
New York,Ulster,6.2855730637602,33.1127668745009,1.0,17.0,4.564500636155247,23.30664285050212,26.0,128.0,0.22105723214610568,-2.4739757855914286,0.5206355092795333,-3.3375690775834115,-0.8566285616304588,0.1367886793612739,0.8635932919919829,154.0,0.16883116883116883,20
New York,Westchester,169.51371520084203,157.43187075328152,141.0,155.0,102.12026308333452,95.95767716164836,468.0,444.0,0.8322857943127826,-2.8216155820523157,0.9846017732729796,-0.2482564989867669,-0.16806138371356652,0.007425510813709922,-2.5733590830655486,912.0,0.5131578947368421,20
North Carolina,Alamance,23.446693255912383,25.908486279479785,12.0,18.0,18.565046114085213,19.929513336047865,137.0,138.0,0.5219927388894824,-2.656635848900144,0.7005323896347317,-1.7715157532341599,-0.29418692497534066,0.06346030269143252,-0.8851200956659842,275.0,0.49818181818181817,20
North Carolina,Anson,14.195742785407504,5.40030888251081,10.0,11.0,11.377832581344682,4.125763772526342,94.0,31.0,0.7144926359507483,-1.2438817241112878,1.9490505037943546,2.7568421022413316,-1.003524921102273,0.19793122780696631,-4.000723826352619,125.0,0.752,20
North Carolina,Beaufort,10.911479389113444,8.178674101542217,6.0,12.0,8.862980809265048,6.287045353553451,73.0,47.0,0.5696018700433357,-1.6497662751000735,1.440312178305984,1.5240204024569293,-0.9276775163905746,0.16843087112784658,-3.1737866775570027,120.0,0.6083333333333333,20
North Carolina,Bertie,5.152801110399926,3.1668397521812786,2.0,1.0,4.540102261002446,2.6067825344224316,51.0,22.0,0.44225861677683004,-1.4796662135704979,0.40907159880867466,-1.3420676041367843,0.0780046178661356,0.430920951717217,-0.1375986094337136,73.0,0.6986301369863014,20
North Carolina,Bladen,10.486358378913096,6.586919289879015,6.0,4.0,8.505714456410294,5.402796329969333,78.0,47.0,0.591642815191239,-1.5382912276031935,0.6349726610300965,-1.1129446884657002,-0.07067884439394609,0.20187443749906606,-0.4253465391374933,125.0,0.624,20
North Carolina,Brunswick,5.501603931965154,13.499098504780632,5.0,12.0,4.407289217711202,10.87561534743185,37.0,91.0,0.9164216869937784,-0.23893246119058736,0.8929146398770824,-0.4545725969310852,0.025985627458382673,0.20529270072935038,0.21564013574049784,128.0,0.2890625,20
North Carolina,Buncombe,17.70342126034205,46.25876352397366,18.0,44.0,14.223271652839351,35.30282216338906,114.0,248.0,1.0162924724652764,0.0786394129654285,0.9516932580388792,-0.3801596799691137,0.06567367838358948,0.0618797765539988,0.45879909293454224,362.0,0.3149171270718232,20
North Carolina,Burke,4.0299680291932045,21.639203180058637,1.0,17.0,3.2214872044819343,17.015996299369355,27.0,137.0,0.3311281647758456,-1.6881453650579825,0.7904530193644327,-1.1246430459800334,-0.8701007181458502,0.23469875067775334,-0.5635023190779491,164.0,0.16463414634146342,20
North Carolina,Cabarrus,20.662521111020173,30.59366641591152,25.0,30.0,16.093755754496573,23.16478238361432,115.0,149.0,1.2049604045862536,1.0812065575352316,0.9809071594204881,-0.12334693688064521,0.2057241697486195,0.062445039117505534,1.204553494415877,264.0,0.4356060606060606,20
North Carolina,Caldwell,4.299994085957324,27.64596170722024,6.0,27.0,3.4698773270619943,20.71789532175649,29.0,159.0,1.3541683351269427,0.9126271228225772,0.9770495777000032,-0.14191684787361603,0.32640537447644025,0.2147699402618544,1.0545439706961932,188.0,0.15425531914893617,20
North Carolina,Carteret,3.0356543916028396,9.49051728555896,2.0,8.0,2.5693277715796587,7.48891023501075,22.0,54.0,0.7070826848736932,-0.6461079659148927,0.8508067957888962,-0.5446627875527661,-0.18503746003319158,0.36195970186216303,-0.10144517836212663,76.0,0.2894736842105263,20
North Carolina,Caswell,5.821066932123868,4.28479994795837,7.0,5.0,4.707814216271249,3.4258110022367996,40.0,28.0,1.1865085563142443,0.5433497747817166,1.14947334472088,0.3864077582004324,0.03171113189102359,0.3255317756052628,0.15694201658128426,68.0,0.5882352941176471,20
North Carolina,Catawba,20.54863586839028,38.24849004874438,19.0,32.0,15.291375018153342,29.312836456071047,105.0,202.0,0.9264258321501994,-0.3960281382553545,0.8387423602601295,-1.1541072255219167,0.09943041111364413,0.05625117881783287,0.7580790872665621,307.0,0.34201954397394135,20
North Carolina,Chatham,8.545421857582404,9.785070174891654,8.0,16.0,6.732877545790934,7.4873801314355655,55.0,58.0,0.939701888295547,-0.21019974277700376,1.6042671288991779,2.2712831965580214,-0.5348596289209262,0.17039973325119462,-2.481482939335025,113.0,0.48672566371681414,20
North Carolina,Cleveland,30.85093280671905,20.60359124378457,32.0,25.0,23.617979605628268,14.758567532141452,159.0,94.0,1.036651770470915,0.23644168940297092,1.2083251473850574,1.1443950239284288,-0.15323915693856466,0.059580825748508925,-0.9079533345254579,253.0,0.6284584980237155,20
North Carolina,Columbus,22.432493749544754,13.461206806902206,25.0,17.0,17.37190356389688,10.239821970748302,137.0,73.0,1.1119593132127732,0.616010059983347,1.253473302275579,1.105882486138334,-0.11979473352421062,0.09103159358239313,-0.48987242615498705,210.0,0.6523809523809524,20
North Carolina,Craven,14.894115098002368,10.413352912901466,16.0,11.0,11.598503198413093,8.092489880061462,87.0,57.0,1.0718381599044389,0.32471993818723105,1.0537549817897867,0.20622239965407138,0.01701512301316706,0.12691230943543028,0.11849753853315967,144.0,0.6041666666666666,20
North Carolina,Cumberland,130.89714668219125,78.74407686536009,197.0,97.0,100.2407809145729,58.24763569269002,693.0,393.0,1.503076778963024,6.602341521551245,1.2303758698035905,2.392019124782588,0.20019448536498993,0.015244206039521885,4.210322396768657,1086.0,0.638121546961326,20
North Carolina,Davidson,7.875477976811228,25.365808536536452,9.0,32.0,6.560570993974821,20.396876452181314,59.0,156.0,1.1342636236764252,0.4390329800330849,1.2564849830266274,1.4689471416829871,-0.10233447583299107,0.137476669709505,-1.0299141616499021,215.0,0.2744186046511628,20
North Carolina,Duplin,14.779977587647325,13.486164179105243,9.0,15.0,11.67994726373367,10.212907868028402,89.0,74.0,0.6217286606284038,-1.691241837125374,1.1082380988460272,0.4737007478828956,-0.5780229742484575,0.10962086892658243,-2.1649425850082693,163.0,0.5460122699386503,20
North Carolina,Durham,141.94793190367204,50.174835941888446,164.0,64.0,106.94445663877144,38.089136525871126,658.0,235.0,1.1548079203511377,2.13240742357896,1.2728210915959475,2.2401119866306867,-0.09730174150783373,0.020437285154585802,-0.1077045630517266,893.0,0.7368421052631579,20
North Carolina,Edgecombe,11.357613641650282,6.749563624856667,17.0,5.0,9.201868502499773,5.1086242802134025,83.0,38.0,1.4758450164483887,1.8600508172235308,0.7586663535363816,-0.7740655850140639,0.6654239034006459,0.18347280408415473,2.634116402237595,121.0,0.6859504132231405,20
North Carolina,Forsyth,103.19325299607063,62.27517831064363,110.0,60.0,77.81668633995761,46.96038273073483,514.0,290.0,1.0656431041293237,0.7716195849218187,0.9637567208589215,-0.332008822979723,0.10049485103273731,0.01941633760516398,1.1036284079015417,804.0,0.6393034825870647,20
North Carolina,Franklin,8.29509538268745,6.664608613634689,10.0,11.0,7.158805368648497,5.268899586790588,72.0,44.0,1.1938472004145106,0.6372059308575849,1.6051121031391435,1.8887233497609908,-0.2960125664064427,0.22266285690360615,-1.251517418903406,116.0,0.6206896551724138,20
North Carolina,Gaston,37.25993517399378,65.66647455100471,27.0,39.0,28.245975709704645,48.61207149364031,190.0,312.0,0.7282851486180502,-1.9304845316038466,0.5969790633102456,-3.8246662145049632,0.19881061622369856,0.031619135486670794,1.8941816829011167,502.0,0.3784860557768924,20
North Carolina,Granville,10.776094282375164,5.194442066812825,10.0,5.0,8.68047357086471,4.220500426490184,72.0,35.0,0.9311734841036031,-0.2634163782945337,0.9658540618147593,-0.09464730547444707,-0.036567146476559474,0.23116941381600564,-0.16876907282008663,107.0,0.6728971962616822,20
North Carolina,Guilford,169.01386987100508,87.13695400450435,222.0,86.0,127.62948367455942,64.65014049098214,800.0,400.0,1.3125769600405899,4.6901496012685655,0.987026545851355,-0.14140284880449328,0.28505069440357944,0.012982538877050375,4.831552450073059,1200.0,0.6666666666666666,20
North Carolina,Halifax,30.861735871691828,8.957139608352772,29.0,9.0,24.345935743653175,7.134101489715369,188.0,54.0,0.9406367083981377,-0.3773156605478596,1.0045320671389235,0.01604672808740534,-0.06572011190246424,0.11448170075749622,-0.3933623886352649,242.0,0.7768595041322314,20
North Carolina,Harnett,16.885351761902836,22.294765098088675,14.0,23.0,13.338383335734068,16.67258020870584,114.0,129.0,0.8340354683978489,-0.7900365240916823,1.0309384588468717,0.17271592767893476,-0.21194886198578475,0.0803250732458068,-0.9627524517706171,243.0,0.4691358024691358,20
North Carolina,Henderson,3.6926549622445735,20.13167443757213,2.0,7.0,2.7953087956565397,15.606949463066117,22.0,109.0,0.596280882284099,-1.0124032793117557,0.3635187256707496,-3.3240006118620697,0.49488102448906635,0.24350792231810514,2.3115973325503143,131.0,0.16793893129770993,20
North Carolina,Hoke,8.176384082288036,6.803521639876056,10.0,6.0,6.178583183563273,5.069097101330392,46.0,35.0,1.2101815572497179,0.7336500058297891,0.8899816171572688,-0.35688826843501426,0.3073248670152336,0.2019324205148505,1.0905382742648033,81.0,0.5679012345679012,20
North Carolina,Iredell,11.664740607494265,25.644504793541266,11.0,21.0,9.622642048171706,18.57664272277952,83.0,128.0,0.9453551350626629,-0.21429154905044753,0.8223525429065062,-1.0775955795061722,0.1393914737700329,0.0989677180547117,0.8633040304557247,211.0,0.3933649289099526,20
North Carolina,Johnston,22.110287304164757,25.707964907266607,26.0,17.0,17.161518919597935,19.94124848523239,127.0,143.0,1.1720328735105798,0.9389439386124494,0.6677359368391029,-1.9500264295254148,0.5626022275637601,0.06527772896106776,2.8889703681378642,270.0,0.4703703703703704,20
North Carolina,Lee,17.038191016818715,18.53154060010323,14.0,14.0,13.39376986679502,13.506627304144516,94.0,86.0,0.8267671384178015,-0.8301635464212571,0.7618931280803063,-1.2330265191761598,0.081716787527036,0.08546768481093442,0.4028629727549027,180.0,0.5222222222222223,20
North Carolina,Lenoir,29.086653649799313,10.57013726621167,49.0,8.0,22.352344778468076,8.155069571003727,161.0,55.0,1.6730516599107097,4.211945117371552,0.7678314907570065,-0.8999999464993294,0.778834283121519,0.09941068060871021,5.1119450638708805,216.0,0.7453703703703703,20
North Carolina,Martin,8.72702137225134,3.6365562288645323,12.0,2.0,6.766598697814741,2.917209307284851,49.0,22.0,1.354716706042491,1.258223982957842,0.6043674645482191,-0.9581800761804273,0.8071652404663292,0.3094366814764996,2.216404059138269,71.0,0.6901408450704225,20
North Carolina,Mecklenburg,400.15908741896203,174.20674888491592,514.0,213.0,302.13741539512307,129.44097846076951,1849.0,766.0,1.2841341084122138,6.549318537918404,1.2220478107610957,3.409732303816259,0.04955666062447061,0.006152081584605431,3.1395862341021448,2615.0,0.707074569789675,20
North Carolina,Montgomery,5.259070201008622,5.650980353009411,3.0,6.0,4.162734585807476,4.770811905575997,35.0,44.0,0.6077369918823048,-1.107236429617069,1.0567421170220173,0.15979151992240465,-0.553203770539973,0.29990638715229023,-1.2670279495394736,79.0,0.4430379746835443,20
North Carolina,Moore,11.774557326762466,16.69672992688355,10.0,7.0,9.51185257006712,13.10373754567728,73.0,95.0,0.8554279979699665,-0.5753835992404421,0.4361294287860678,-2.678722384248299,0.6736628717979707,0.1156119174362065,2.103338785007857,168.0,0.43452380952380953,20
North Carolina,Nash,57.48704422499386,24.443181305442945,29.0,13.0,45.43524684638101,18.729196367538,324.0,121.0,0.5087343284051158,-4.226208740322865,0.5412300794628035,-2.644156811718287,-0.061918541787089984,0.04509598035241299,-1.582051928604578,445.0,0.7280898876404495,20
North Carolina,New Hanover,44.976788610684345,28.804986276560385,53.0,37.0,34.03506090382363,21.118056919538873,216.0,129.0,1.1764243174248825,1.3752604978632523,1.2796457110097472,1.7832930094499462,-0.08410365280947389,0.042276596133095284,-0.40803251158669385,345.0,0.6260869565217392,20
North Carolina,Onslow,18.62197890517204,22.081864172065075,12.0,21.0,13.8289207392088,17.03005392167971,100.0,124.0,0.6536980331370958,-1.7807118517373792,0.9520914587112168,-0.2621589729973509,-0.37601557845340544,0.07480395373780485,-1.5185528787400284,224.0,0.44642857142857145,20
North Carolina,Orange,13.141403606595182,16.501487556746074,6.0,16.0,10.390060679309103,12.718054244815825,78.0,94.0,0.47649055679706287,-2.2155141932065026,0.9705033130146846,-0.14062088439477702,-0.7113669112693336,0.10686989961071597,-2.0748933088117254,172.0,0.45348837209302323,20
North Carolina,Pasquotank,9.946023042364091,3.9547253958107644,10.0,6.0,7.732056991273846,3.164417196515012,52.0,22.0,1.0051672255955213,0.01941157968491693,1.4591247321580398,1.1497535464781359,-0.3726828361307245,0.28049245045351656,-1.1303419667932189,74.0,0.7027027027027027,20
North Carolina,Pender,4.249377693548733,4.556573116455745,7.0,5.0,3.1537509754950817,3.5478774696491544,25.0,28.0,1.5791542563960634,1.5488781802085452,1.087693161619912,0.23541694154084522,0.37283033487446116,0.3455335451614149,1.3134612386677,53.0,0.4716981132075472,20
North Carolina,Person,4.916000493278531,7.314100047227678,3.0,5.0,4.146034551351019,5.7285740710765145,39.0,41.0,0.6462333237125139,-0.9409773245996965,0.7038558460678163,-0.9668494727502923,-0.08541295029327473,0.27864129017436756,0.025872148150595797,80.0,0.4875,20
North Carolina,Pitt,44.75098688401078,20.196694066437722,34.0,17.0,34.154853524942595,15.015600016724818,233.0,98.0,0.762414311281914,-1.8395945677105887,0.8455456675266045,-0.8249539937549571,-0.10349205581022507,0.053866203631069226,-1.0146405739556315,331.0,0.7039274924471299,20
North Carolina,Randolph,6.916749206347174,23.876644388713082,5.0,21.0,5.582481139920707,19.245854192921943,48.0,153.0,0.7415647808736958,-0.811244302781697,0.8819917810326252,-0.655718719372469,-0.17342021501359653,0.15044627722365198,-0.15552558340922806,201.0,0.23880597014925373,20
North Carolina,Richmond,16.004763185722183,14.987954099881726,14.0,16.0,12.822799452882242,11.928439085519582,100.0,98.0,0.8785342653412653,-0.5598499626818876,1.0653440663364313,0.29302751445869224,-0.19279818171216098,0.10315978715187792,-0.8528774771405798,198.0,0.5050505050505051,20
North Carolina,Robeson,34.66489196579415,27.65323285599765,48.0,53.0,28.278911854208236,20.784812697258946,231.0,148.0,1.3792165221828998,2.507640015043264,1.9003146201237269,5.55967644072842,-0.3205038616062609,0.05071361172254164,-3.0520364256851558,379.0,0.6094986807387863,20
North Carolina,Rockingham,17.846104319161554,19.483181119865367,17.0,19.0,13.585233113092094,14.770443022440341,101.0,102.0,0.9538809817908949,-0.22955690699894143,0.9758206104940401,-0.12572255407556834,-0.022739862163474303,0.08156713594306214,-0.10383435292337309,203.0,0.4975369458128079,20
North Carolina,Rowan,24.0763420900384,25.846413781038827,30.0,25.0,18.746582552241033,19.282517252297122,131.0,132.0,1.2410309023311754,1.3681348820294617,0.9678736625002079,-0.1927528736742301,0.24859612123499764,0.061204521053936894,1.5608877557036918,263.0,0.49809885931558934,20
North Carolina,Rutherford,4.8095499373710275,17.50559141691212,5.0,19.0,3.9503362326036604,12.545386648209663,35.0,87.0,1.0358693420111746,0.0958217479243931,1.082996917373357,0.42191729475535683,-0.04449110350352972,0.21171371378650233,-0.32609554683096376,122.0,0.28688524590163933,20
North Carolina,Sampson,14.454640546027974,12.457423094849753,22.0,20.0,10.72909683114592,9.636820391996828,81.0,68.0,1.504549703535075,2.303553756584131,1.5821047016785483,2.4297011799101704,-0.05026239714195046,0.11344892091872724,-0.12614742332603956,149.0,0.5436241610738255,20
North Carolina,Scotland,14.874437198618745,8.375424533094517,15.0,13.0,11.836269522453177,6.653010479153695,91.0,50.0,1.0081669852209312,0.03649669797197855,1.5210540013789147,1.7929276597522592,-0.4112697006415887,0.14834037324187171,-1.7564309617802807,141.0,0.6453900709219859,20
North Carolina,Stanly,6.472264267563722,9.99842352103527,8.0,13.0,4.976694938911063,8.009606028599098,34.0,59.0,1.21911615420884,0.6848220358843137,1.2859073529421432,1.0605809840886973,-0.05333844797572215,0.19892462921042883,-0.3757589482043836,93.0,0.3655913978494624,20
North Carolina,Union,14.527665472412368,21.536317112682124,10.0,17.0,11.320654859347856,16.361648841429492,91.0,108.0,0.6987113214142138,-1.3456699565129537,0.7941435908057691,-1.1214757127166084,-0.12802662077191962,0.08891529779037566,-0.22419424379634534,199.0,0.457286432160804,20
North Carolina,Vance,29.0956226288369,11.522228580958515,32.0,12.0,21.733829317604414,8.025558658421806,142.0,51.0,1.0981353698007077,0.6229955124095545,1.0397406700283678,0.16864851809437917,0.05464229678551842,0.0861240898606538,0.45434699431517533,193.0,0.7357512953367875,20
North Carolina,Wake,104.73157465586831,72.93065510577391,72.0,58.0,82.01610797998077,55.20870603011068,589.0,355.0,0.6889567151027801,-3.6142427687914633,0.7966699999575532,-2.0094401675741875,-0.14526209403821888,0.017857044881232992,-1.6048026012172758,944.0,0.6239406779661016,20
North Carolina,Wayne,54.43488722576913,28.379424736396285,64.0,25.0,40.9895840230324,19.796998397298196,270.0,117.0,1.1741172733261573,1.4940094321124322,0.8829815771178694,-0.7595268036589281,0.28496755107967164,0.038413661561578195,2.25353623577136,387.0,0.6976744186046512,20
North Carolina,Wilson,32.89688224217835,19.53023839676973,32.0,15.0,25.440500382352642,14.295931840005975,173.0,93.0,0.9731447314250897,-0.17781672235008056,0.7738300310244776,-1.198160015081511,0.22918056741982046,0.0609878362658494,1.0203432927314304,266.0,0.650375939849624,20
Ohio,Allen,31.760781166110526,15.795670062576072,27.0,10.0,23.055380234446904,11.137965283450278,135.0,61.0,0.8524282117783417,-0.9914985299239605,0.6443429426147896,-1.7366037077565846,0.2798578925999294,0.06749603068201125,0.7451051778326241,196.0,0.6887755102040817,20
Ohio,Butler,22.801141983674857,59.22840308819104,13.0,38.0,16.469756363793813,42.02629976491755,94.0,248.0,0.5793707454106031,-2.415088740932507,0.6445844524447344,-3.274588622361992,-0.10666325651461998,0.04365930161465078,0.8594998814294854,342.0,0.27485380116959063,20
Ohio,Clark,23.313698574399098,37.465699436256926,27.0,33.0,16.766090908347618,25.40880276323609,93.0,139.0,1.1547975176591787,0.9002744726972075,0.8823754203776838,-0.8859258797752693,0.2690626860697609,0.04894833464854021,1.7862003524724768,232.0,0.40086206896551724,20
Ohio,Cuyahoga,893.604553087628,338.60343431698004,1028.0,319.0,638.0724089670698,237.76030089356428,3483.0,1283.0,1.1503128984728483,5.320464784704079,0.9421903987599973,-1.2713422824065894,0.19958189399887938,0.0028728107609548355,6.591807067110668,4766.0,0.7308015107007974,20
Ohio,Erie,4.394687980029149,10.568001893198014,1.0,4.0,3.3233224239718417,7.64010398172678,20.0,46.0,0.30645467210987926,-1.862145550547946,0.4065774512349455,-2.3762035184990635,-0.2827045870542429,0.24048348981155276,0.5140579679511175,66.0,0.30303030303030304,20
Ohio,Franklin,593.8498126819605,369.79022334440424,803.0,395.0,400.9593842474576,248.9789059387626,2076.0,1324.0,1.35189745643944,10.444990917968173,1.0680811295202584,1.5976723566200124,0.2356454272923493,0.002957720911844941,8.84731856134816,3400.0,0.6105882352941177,20
Ohio,Greene,6.551827995593184,12.993500909721039,2.0,6.0,4.59520199386806,9.480037520954925,24.0,57.0,0.35451800604925354,-2.1234084400835753,0.48171338509468997,-2.2713790072727886,-0.3065901629641163,0.16319929046885584,0.1479705671892133,81.0,0.2962962962962963,20
Ohio,Hamilton,407.4391754143259,159.1167433034095,486.0,148.0,275.8260827638962,110.13357785991154,1455.0,609.0,1.1925797504147115,4.730296540790876,0.9303535263698615,-1.0592969050290926,0.24830944738885738,0.006011523294318087,5.7895934458199685,2064.0,0.7049418604651163,20
Ohio,Jefferson,5.341492793520721,9.469476326527422,9.0,2.0,3.9987100962671986,6.507187653745413,24.0,35.0,1.6262966224211095,1.8295486197247268,0.2507654282048737,-2.9281511402949914,1.869542744899587,0.21271786535607112,4.757699760019718,59.0,0.4067796610169492,20
Ohio,Lorain,18.068292400800985,34.70482880409348,14.0,22.0,13.388476046270663,24.490753608986104,82.0,137.0,0.7809011021053562,-1.1118509884675487,0.6391168701659412,-2.567247519002763,0.20036117893219663,0.061344653153966366,1.4553965305352143,219.0,0.3744292237442922,20
Ohio,Lucas,159.9277020276094,119.65122648811192,197.0,117.0,115.70389741850788,84.99077643614793,659.0,479.0,1.2310841426003254,3.446478019631655,0.9779342536434762,-0.28758149144242107,0.23020803443338297,0.010460366705983371,3.7340595110740757,1138.0,0.5790861159929701,20
Ohio,Mahoning,269.2828582005669,82.26849285655496,411.0,93.0,175.90225460659428,53.12608447902179,849.0,259.0,1.525300765010337,10.685299061068317,1.1296569113810455,1.472335605389303,0.30027764519504707,0.010275271490104813,9.212963455679015,1108.0,0.766245487364621,20
Ohio,Montgomery,323.3695389829465,167.69469883712742,334.0,156.0,214.768646490909,112.73473504742265,1118.0,594.0,1.0328232814065705,0.7253818072079242,0.9304692780570208,-1.1014382849234694,0.10436232236560092,0.006062711946675365,1.8268200921313937,1712.0,0.6530373831775701,20
Ohio,Muskingum,6.1636112734222595,16.349953253007175,4.0,13.0,4.375092872001437,11.847026281066507,24.0,70.0,0.6753095004128168,-1.0343930584583618,0.8011891663610807,-0.9732716445745081,-0.17092597701938889,0.15948162327190993,-0.061121413883853726,94.0,0.2553191489361702,20
Ohio,Richland,10.291311813022858,25.61184644505471,8.0,18.0,7.7627549146017865,17.72680925213798,47.0,99.0,0.7876706879827414,-0.8223870382305222,0.7084906859776549,-1.8079013657641732,0.1059431809288677,0.10031895650713736,0.985514327533651,146.0,0.3219178082191781,20
Ohio,Stark,43.83801932921491,67.8557615140078,41.0,46.0,32.571751782538556,48.44168694505522,194.0,280.0,0.9359912920750408,-0.49727289855243056,0.6802645303054812,-3.140192801753807,0.31912443541719004,0.027469540461529676,2.642919903201377,474.0,0.4092827004219409,20
Ohio,Summit,119.79519647819707,93.71556222573862,109.0,52.0,81.23644700494762,64.94924013407343,436.0,358.0,0.9102607851831087,-1.1977194185635518,0.5572327836266692,-5.176200185392831,0.49074805903260893,0.013055937990472891,3.9784807668292794,794.0,0.5491183879093199,20
Ohio,Trumbull,21.597014347664906,28.072125978153565,30.0,19.0,15.220779450930685,20.41197919874488,88.0,121.0,1.3802769695546258,2.153848615873214,0.6824833411034876,-2.0080129706669374,0.7043013424673582,0.058534505483693454,4.161861586540152,209.0,0.42105263157894735,20
Oklahoma,Carter,5.777675427035269,17.147561779928477,5.0,9.0,4.552820327333819,13.396496228642695,30.0,92.0,0.8761204786590029,-0.36446692321114477,0.5383179908062349,-2.226035311066292,0.48705416766321585,0.1819476829833087,1.861568387855147,122.0,0.2459016393442623,20
Oklahoma,Choctaw,3.4806479604100398,8.85435656893751,1.0,7.0,2.7211010707357035,6.6627253717807315,20.0,47.0,0.3768230737604557,-1.5038094146308296,0.8017654602674471,-0.7184015997792792,-0.7550403446177771,0.3095917560818565,-0.7854078148515504,67.0,0.29850746268656714,20
Oklahoma,Comanche,26.427156965319693,33.0385607964421,21.0,23.0,20.524352769753975,24.612747797594235,135.0,149.0,0.7984504278595214,-1.1979471184059023,0.7006859996954006,-2.0234449934195844,0.1306130294271792,0.051936412534517536,0.8254978750136821,284.0,0.4753521126760563,20
Oklahoma,Jackson,3.480324581415268,8.867723601830958,5.0,7.0,2.8620877248198187,6.200639745241622,22.0,40.0,1.3817968578945357,0.898275114089,0.8006214016107495,-0.7500571527999047,0.5457518239644327,0.3151408741776768,1.6483322668889047,62.0,0.3548387096774194,20
Oklahoma,McCurtain,7.788257197755084,21.730564342481024,9.0,11.0,6.308015171595722,16.615028976524588,46.0,117.0,1.1461999517308805,0.48246307899037005,0.5173058057740946,-2.6325220134727623,0.7955731598342282,0.13918005264547736,3.114985092463132,163.0,0.2822085889570552,20
Oklahoma,Muskogee,18.88503890873685,27.125853557662857,25.0,18.0,14.154932897921354,20.17888622445171,91.0,124.0,1.3154474499665376,1.6253234095937974,0.6696625666745588,-2.0315377629646685,0.6751581991778337,0.06711314533944676,3.656861172558466,215.0,0.4232558139534884,20
Oklahoma,Oklahoma,221.98542860659572,331.3671489678088,225.0,274.0,170.13646276673316,248.68530554402295,1058.0,1568.0,1.0135495228262104,0.2311143298232064,0.8271382113407874,-3.637794858093078,0.2032420230621448,0.005717424591481448,3.8689091879162842,2626.0,0.4028941355674029,20
Oklahoma,Okmulgee,5.473651588710191,13.499760212537685,8.0,7.0,4.241360751452156,10.474764735931123,29.0,69.0,1.4229152594142653,1.226706418788925,0.5357234614120939,-2.0082843148211516,0.9768449479273595,0.19904012205924473,3.2349907336100765,98.0,0.29591836734693877,20
Oklahoma,Tulsa,171.27833038595068,242.8443166558777,164.0,190.0,129.3721940796611,178.56987251378402,784.0,1051.0,0.9576295195697981,-0.6398987972434569,0.7828413772629553,-3.9545237850347603,0.2015308882358084,0.007437949847918279,3.314624987791303,1835.0,0.42724795640326974,20
Oklahoma,Wagoner,3.751722914173383,14.183186582845,3.0,14.0,2.9606122570547795,9.87358202225274,20.0,60.0,0.823195695169253,-0.43688488772623496,0.9875240580911078,-0.05829835389703973,-0.18200690398248612,0.2594216534596676,-0.3785865338291952,80.0,0.25,20
Oregon,Multnomah,115.28850711787315,270.6038031063393,121.0,233.0,80.49352417265253,187.06130702652894,417.0,985.0,1.0493269411990305,0.6366037152247889,0.861293708625735,-2.749411771794403,0.19746865797730345,0.008610602838294026,3.3860154870191916,1402.0,0.29743223965763194,20
Pennsylvania,Allegheny,479.4719919157442,167.95393340759958,817.0,139.0,336.30047617810465,122.03872369592082,1825.0,704.0,1.7032243834417458,18.405434540108846,0.8281195765400076,-2.6209500405288826,0.7211208696602024,0.005789160685168802,21.02638458063773,2529.0,0.7216291024120206,20
Pennsylvania,Beaver,17.70492714765242,21.063039653182216,14.0,10.0,12.90193961130731,15.872638941233856,73.0,96.0,0.7964876696510054,-1.0314594762642684,0.48694433479142807,-2.7768338854531867,0.49206183429286915,0.0769364377594546,1.7453744091889183,169.0,0.4319526627218935,20
Pennsylvania,Berks,34.87625493084032,111.21193926076818,50.0,125.0,23.471178709865374,76.63439912672082,122.0,414.0,1.4275111963865654,3.1217052735616946,1.1234251310152845,1.57503899155993,0.23955033450833088,0.02549248783233449,1.5466662820017645,536.0,0.22761194029850745,20
Pennsylvania,Bucks,14.293670852482798,57.5474609270944,17.0,39.0,10.818340193769496,43.258482313135325,67.0,264.0,1.1829383102073685,0.8228113956589459,0.6804776534431133,-2.8199981641569196,0.5529617325957137,0.06601314620827493,3.6428095598158654,331.0,0.20241691842900303,20
Pennsylvania,Cambria,8.116058862151553,23.87028445457773,4.0,20.0,6.206977961667728,17.881221508852516,38.0,109.0,0.5222805544850103,-1.6521195680794851,0.8411883758767233,-0.9152596024564125,-0.4766107210301677,0.1256122374566518,-0.7368599656230727,147.0,0.2585034013605442,20
Pennsylvania,Chester,22.483919306885582,44.67261737607004,37.0,32.0,16.36344181580482,32.71261221379575,98.0,191.0,1.6315755158766874,3.588492521079593,0.71946240638287,-2.2156885312382966,0.8187971258055141,0.04876111794789555,5.804181052317889,289.0,0.3391003460207612,20
Pennsylvania,Dauphin,78.47105192209646,55.26949812377193,79.0,60.0,56.09069370577481,39.527078375497716,319.0,223.0,1.0066979996470775,0.0706264923628633,1.084822385629676,0.7524191868768835,-0.07474060600014168,0.022048708404768906,-0.6817926945140201,542.0,0.5885608856088561,20
Pennsylvania,Delaware,187.04396734020756,80.36803793413539,328.0,86.0,125.56722091564782,57.55412789199684,658.0,322.0,1.7515892654872556,12.578982889867763,1.069643856951886,0.7423718272368109,0.49319777842339124,0.012499784770135892,11.836611062630952,980.0,0.6714285714285714,20
Pennsylvania,Erie,21.98818012439762,40.457502194084896,26.0,29.0,15.769188224742667,29.450841422959698,92.0,180.0,1.1783968223933747,1.0102683724120727,0.7202587662745802,-2.1112569656485194,0.4922996235556486,0.05060883905872493,3.121525338060592,272.0,0.3382352941176471,20
Pennsylvania,Fayette,8.389039070666591,37.23863045304718,8.0,24.0,6.451627044168581,27.451844798252388,39.0,162.0,0.9562338439989085,-0.153164667429749,0.6492021492534519,-2.526721011654293,0.38725834358014527,0.11147001747742519,2.3735563442245438,201.0,0.19402985074626866,20
Pennsylvania,Lancaster,16.978773557752188,58.360425645980015,21.0,47.0,12.985555613318299,43.36536872882315,84.0,266.0,1.2300634211525852,1.115907666817441,0.8069938244363359,-1.7251349821103907,0.4215049932044426,0.05777741502046572,2.8410426489278318,350.0,0.24,20
Pennsylvania,Lawrence,10.028724560738734,21.207548947602696,7.0,28.0,7.27819181012762,15.044935998972777,41.0,85.0,0.7123369935962853,-1.1226594359605109,1.312907324027821,1.7511822444827183,-0.6114481833850952,0.1058166088866514,-2.8738416804432294,126.0,0.3253968253968254,20
Pennsylvania,Lehigh,23.8175803958241,77.89218190336558,62.0,110.0,18.345241854073713,57.39350484180672,112.0,336.0,2.570157021491033,8.91459721060901,1.4095793396363667,4.238180223168046,0.6006756757029496,0.04179876601033395,4.676416987440964,448.0,0.25,20
Pennsylvania,Luzerne,16.864381848906604,69.42557852992557,15.0,41.0,12.153147631983622,51.13126911990337,71.0,296.0,0.8926318330747836,-0.5347988679919419,0.593488117974448,-3.975264461851168,0.408157021286819,0.05333982158616395,3.4404655938592263,367.0,0.19346049046321526,20
Pennsylvania,Lycoming,4.851226737173388,12.085016970976199,5.0,11.0,3.6623970189390613,9.084357986010417,22.0,55.0,1.0278017116697986,0.07773957767070834,0.9137850212297302,-0.35998914973313645,0.11758220267245549,0.21782021215509326,0.4377287274038448,77.0,0.2857142857142857,20
Pennsylvania,Mercer,6.494240775190855,11.842026291534106,8.0,9.0,4.744400897766974,8.542149223495297,28.0,50.0,1.2152855861282608,0.6912972715426605,0.769727739643241,-0.9723990241130099,0.45669751102302886,0.1734064875255109,1.6636962956556705,78.0,0.358974358974359,20
Pennsylvania,Monroe,6.512070542335531,26.058828676494272,8.0,17.0,4.700624723136306,18.888923600320187,27.0,110.0,1.2121954490732891,0.6862850710932482,0.6589146009849548,-2.0843394152944166,0.6095944779281698,0.13866150286733875,2.770624486387665,137.0,0.19708029197080293,20
Pennsylvania,Montgomery,45.87835382737899,74.07455512053492,41.0,54.0,33.59633319041479,54.364578844851735,199.0,321.0,0.894813993494976,-0.8416419166050831,0.7308122711816597,-2.722625548493387,0.20245925237909398,0.025869408591347905,1.880983631888304,520.0,0.38269230769230766,20
Pennsylvania,Northampton,10.042841897095405,40.154266500457325,15.0,39.0,7.135975236460308,30.120117347402463,38.0,183.0,1.47019182790461,1.8556928880733548,0.971607740101661,-0.21031863856017372,0.4141960029900613,0.08943292701444233,2.0660115266335284,221.0,0.17194570135746606,20
Pennsylvania,Philadelphia,2047.3711301606197,563.0975466733429,2226.0,586.0,1592.8832227261041,432.4687804245686,9969.0,2672.0,1.0872266165622297,4.475686734878779,1.0406361834998037,1.101297430574362,0.043797824272819995,0.0017439218749176534,3.374389304304417,12641.0,0.7886243176963847,20
Pennsylvania,Washington,9.022843852007604,34.13946676233313,6.0,19.0,6.598375446803153,25.017228032143628,40.0,143.0,0.6825692094730369,-1.1767852120488367,0.5629416911580247,-3.02685059849358,0.19268787306602306,0.10251420703173343,1.8500653864447434,183.0,0.2185792349726776,20
Pennsylvania,Westmoreland,9.183164245785466,49.82960369001812,5.0,30.0,6.981091086811861,36.848147747997736,42.0,221.0,0.5679961488202412,-1.5832272805003005,0.6060051692012245,-3.2666770663877784,-0.06477387761584673,0.09762274757586609,1.683449785887478,263.0,0.1596958174904943,20
Pennsylvania,York,28.404595103274037,66.82118266188161,34.0,64.0,20.931682800730062,48.29180013692155,125.0,281.0,1.1935818466487416,1.2230084176222757,0.9580936853701619,-0.40597053019850793,0.21976845457552005,0.036758864891829765,1.6289789478207837,406.0,0.3078817733990148,20
Rhode Island,Providence,125.19243092036872,238.33019903446154,129.0,213.0,70.1561672114762,141.69858437440166,312.0,649.0,1.030292747556482,0.45458475186686903,0.8939405521710989,-2.1279226953938783,0.14195898525957074,0.006970839341666213,2.582507447260747,961.0,0.32466181061394384,20
South Carolina,Abbeville,2.217487513161678,2.045226469531993,2.0,2.0,1.9749561510643567,1.7917957285644854,35.0,24.0,0.9199674286971642,-0.1547588873168223,0.9822308662614573,-0.033786907179826985,-0.06548811292285432,0.8299950952239012,-0.12097198013699531,59.0,0.5932203389830508,20
South Carolina,Aiken,14.782875931946311,15.336751213369773,26.0,20.0,12.957534508687827,13.020117856689087,204.0,178.0,1.7339668343839758,3.1161642180255753,1.2944574126221922,1.2923529192680336,0.2923201305625458,0.11464704122711396,1.8238112987575417,382.0,0.5340314136125655,20
South Carolina,Anderson,15.323247534445784,23.416652740075833,15.0,30.0,13.716515482321057,20.556275472871857,221.0,296.0,0.9795713532419876,-0.08727971550975155,1.2752620666224255,1.4520265234020782,-0.26379189759189087,0.09590560997306005,-1.5393062389118297,517.0,0.4274661508704062,20
South Carolina,Beaufort,7.445553351768221,8.477498304237793,8.0,16.0,6.67477717086658,7.507025953417485,115.0,105.0,1.0697807470021445,0.21460576110615415,1.8379285008843989,2.745543542063569,-0.5411854045454637,0.2248603101745427,-2.530937780957415,220.0,0.5227272727272727,20
South Carolina,Berkeley,11.90970181383239,11.097547409519066,19.0,14.0,10.66832262621741,9.835467701177787,172.0,148.0,1.5713512131503802,2.1707830886544945,1.250264343657578,0.9254812538682521,0.22858089065350504,0.1550754017840007,1.2453018347862423,320.0,0.5375,20
South Carolina,Charleston,78.81238454597002,32.95706043985173,82.0,18.0,67.83795519476658,28.291756727642476,784.0,332.0,1.0401906394855953,0.3870165608318961,0.5529475619431312,-2.812006311184367,0.6318961102041708,0.036968854265167356,3.199022872016263,1116.0,0.7025089605734767,20
South Carolina,Cherokee,4.635292486735531,8.225337545423141,5.0,10.0,4.1727570652323145,7.0622179183850795,66.0,91.0,1.0710198132251492,0.17853902536005078,1.203391839609432,0.667798138458557,-0.1165328116309373,0.2985926925585699,-0.48925911309850617,157.0,0.42038216560509556,20
South Carolina,Chester,4.486072536663652,4.302458537171979,14.0,8.0,4.019426595897416,3.758967595982385,64.0,52.0,2.9081004925978142,4.745454186592986,1.7699267852514122,1.9071232545124366,0.49656193489819167,0.4027896366571003,2.8383309320805497,116.0,0.5517241379310345,20
South Carolina,Chesterfield,6.133488813573096,3.666960661069679,3.0,2.0,5.563116959508755,3.351083096247256,100.0,58.0,0.5276258238106144,-1.3285229258655347,0.59995766779287,-0.9106107068845257,-0.12847173359083103,0.397091967505932,-0.41791221898100894,158.0,0.6329113924050633,20
South Carolina,Clarendon,5.819658554923693,1.7335552970978405,11.0,5.0,5.312414017342691,1.619228888348935,91.0,33.0,1.81971856549754,2.247565871142303,2.462441833048145,2.5669723386227874,-0.30247161789835375,0.6956609944026719,-0.3194064674804844,124.0,0.7338709677419355,20
South Carolina,Colleton,8.4134885294345,4.133731544447237,11.0,4.0,7.246276960490453,3.636479533045826,107.0,53.0,1.2901794804609006,0.960852986037396,0.9711395571442865,-0.07012829600670047,0.28406643667977827,0.3151798889677977,1.0309812820440964,160.0,0.66875,20
South Carolina,Darlington,13.409490160812979,6.517010256691215,17.0,6.0,11.90170635191697,5.756755665317499,174.0,78.0,1.2581338206990877,1.0407621887450582,0.9263204359437541,-0.21548163412554652,0.30616458943446234,0.2017330445939533,1.2562438228706048,252.0,0.6904761904761905,20
South Carolina,Dillon,7.331376556976988,3.375119454754827,9.0,2.0,6.648289529243033,3.0908694830608474,113.0,58.0,1.213068983579449,0.6471476502218393,0.6451414025269503,-0.7821680880448452,0.6314392560565134,0.39502406547744523,1.4293157382666846,171.0,0.6608187134502924,20
South Carolina,Dorchester,6.970355991710293,5.25743122784085,11.0,3.0,6.129546284948604,4.698260534087007,80.0,70.0,1.539417935739786,1.6276181212262941,0.6079099969228063,-1.0414681198888167,0.9291328205245406,0.29613594664623777,2.669086241115111,150.0,0.5333333333333333,20
South Carolina,Edgefield,2.8837731463853866,2.190671846345564,4.0,4.0,2.3816900216639523,1.8026034606312127,46.0,22.0,1.3298763851255777,0.7232856483265618,1.6724447487388112,1.3476193577737225,-0.2292004829412862,0.6620106952099275,-0.6243337094471607,68.0,0.6764705882352942,20
South Carolina,Fairfield,4.06658070267989,1.4988295708836166,3.0,3.0,3.665782064673604,1.336156764056154,63.0,20.0,0.766437785265906,-0.5570708079674306,1.751024725160918,1.2986774320223113,-0.8262029250612333,0.8164457529260584,-1.855748239989742,83.0,0.7590361445783133,20
South Carolina,Florence,19.640780637293187,12.646508168050104,27.0,21.0,17.361730182872044,10.801619970528433,262.0,139.0,1.3653889834379256,1.7661811576154236,1.6354152543906182,2.54169600024572,-0.18045739273036354,0.112544441083846,-0.7755148426302962,401.0,0.6533665835411472,20
South Carolina,Georgetown,5.389645596712596,3.4417205485375986,6.0,4.0,4.862751937084795,3.0237263636054053,80.0,45.0,1.1036317709215109,0.27678402737990826,1.1416334427029655,0.32105571116173853,-0.03385372995473071,0.422667410204016,-0.04427168378183027,125.0,0.64,20
South Carolina,Greenville,39.64796868798478,47.409334843818414,51.0,40.0,34.342744481530225,40.62837378806709,487.0,519.0,1.2827548113390002,1.937118019493843,0.8453467394616851,-1.1624238238550932,0.4170183548673761,0.039923040016688005,3.0995418433489363,1006.0,0.4840954274353877,20
South Carolina,Greenwood,9.878172526030514,6.066766634369155,10.0,8.0,8.623619960567005,5.223378190518241,113.0,59.0,1.0117388175677287,0.04148589223593389,1.2943965383987737,0.8458795903985231,-0.24637414088019993,0.23029422519816595,-0.8043936981625892,172.0,0.6569767441860465,20
South Carolina,Horry,24.676372206337476,32.545583282327655,25.0,30.0,21.511973108991562,27.798489393494325,274.0,324.0,1.0128544252130598,0.06977593893772263,0.9229675185158859,-0.4828105061457564,0.09293374464420524,0.061572309618341245,0.552586445083479,598.0,0.45819397993311034,20
South Carolina,Jasper,8.096530339123442,3.562900926450154,14.0,8.0,6.925195101997128,2.8673009877532443,79.0,44.0,1.686727019854677,2.2433205207119835,2.0921012237004355,2.6203691862842367,-0.21537895460856055,0.33151515828386047,-0.37704866557225314,123.0,0.6422764227642277,20
South Carolina,Kershaw,3.7787251346989104,3.2811432599089607,5.0,0.0,3.4072604300594276,2.9841291841516484,61.0,51.0,1.2854296143954171,0.6616232439012081,0.13223513779587356,-1.8993997774820242,2.2742665869141927,0.5158077422855945,2.561023021383232,112.0,0.5446428571428571,20
South Carolina,Lancaster,9.184677197091618,6.426669396218489,11.0,3.0,8.05444511566021,5.515006675867698,106.0,69.0,1.1874427785216772,0.6396406409069071,0.5052933523737646,-1.459147463885205,0.8544181918293837,0.22900754064564585,2.098788104792112,175.0,0.6057142857142858,20
South Carolina,Laurens,6.800879260032506,7.0973128978969084,0.0,4.0,6.15683679181359,6.388385838756544,107.0,99.0,0.0684849019127285,-2.740856157552993,0.5923146855312083,-1.2254328321094876,-2.1574247461103826,0.2599396798741497,-1.5154233254435052,206.0,0.5194174757281553,20
South Carolina,Lexington,7.3590651268702985,17.220691026712615,5.0,19.0,6.6858893921132765,15.642550167707926,115.0,271.0,0.699828785130612,-0.9123476061309261,1.1004085546441282,0.4498809366992413,-0.45260109068727056,0.17620453105296863,-1.3622285428301675,386.0,0.2979274611398964,20
South Carolina,Marion,6.880098212608746,3.312842115890729,3.0,6.0,6.191539100283443,2.8780158052881193,95.0,39.0,0.474248431277015,-1.5593492962243525,1.7047650551566351,1.5839687050892386,-1.2794512816484607,0.39303611092806073,-3.143318001313591,134.0,0.7089552238805971,20
South Carolina,Marlboro,7.2911893851155964,4.096867212667434,4.0,1.0,6.497209878805354,3.5813281114423967,103.0,53.0,0.57757548656138,-1.291187834989374,0.3263091863664236,-1.6364416643369106,0.570993790180888,0.3355900119144397,0.3452538293475367,156.0,0.6602564102564102,20
South Carolina,Newberry,3.892377332743772,2.157914678676087,2.0,1.0,3.433724169777043,1.8627200529498655,53.0,29.0,0.5691678584540762,-1.021233457406633,0.5643522013833616,-0.8484041114110816,0.00849686955568565,0.626657020255983,-0.17282934599555144,82.0,0.6463414634146342,20
South Carolina,Orangeburg,23.572569196188237,6.535336128312395,22.0,8.0,20.781583903745208,5.822574042794555,316.0,89.0,0.9346738113671205,-0.34496135246087006,1.208186765347762,0.6069884945843292,-0.2566783700470903,0.17372556207210754,-0.9519498470451992,405.0,0.7802469135802469,20
South Carolina,Pickens,1.9322646615631025,10.050527408359962,2.0,3.0,1.7819846452803028,8.8826294118564,31.0,124.0,1.027848671037866,0.05074150289594271,0.33173697053539636,-2.365651866609197,1.1308808305262505,0.565212670728768,2.4163933695051396,155.0,0.2,20
South Carolina,Richland,78.16495297606286,24.58236964036019,87.0,26.0,67.65388970995352,20.67966927840453,901.0,245.0,1.112312366431155,1.0741439330211877,1.0565189964092823,0.31173905237387217,0.051461523023169094,0.04529435304243198,0.7624048806473156,1146.0,0.7862129144851658,20
South Carolina,Spartanburg,24.309453930004757,33.47614563777964,42.0,42.0,21.348938009618397,28.81054537992415,332.0,369.0,1.7130566484818979,3.8287155380855515,1.2508776143442915,1.588035771813459,0.3144338921065535,0.06183522601917607,2.2406797662720925,701.0,0.47360912981455067,20
South Carolina,Sumter,20.77980061817655,7.724867334321519,26.0,9.0,18.36251353843253,6.765141674340823,270.0,91.0,1.2453124197679049,1.2182068196283067,1.1550338277624836,0.4902492336356428,0.07525680635830184,0.15589463085633906,0.7279575859926639,361.0,0.7479224376731302,20
South Carolina,Union,2.44369240028493,2.5082488725224996,2.0,4.0,2.2084933708328616,2.2926932537261346,39.0,39.0,0.8492735177622555,-0.29856159351931055,1.4958868732913797,0.9851977202931465,-0.5660932371701707,0.7342528505432748,-1.283759313812457,78.0,0.5,20
South Carolina,Williamsburg,7.07727444531377,3.4966463876804386,8.0,12.0,6.303822404316598,2.9853861135350686,112.0,35.0,1.121775390524082,0.3675111872279298,3.127622208091998,4.92141496385758,-1.0253604375628906,0.3700280968001698,-4.55390377662965,147.0,0.7619047619047619,20
South Carolina,York,11.894746881732418,16.42397591352724,10.0,20.0,10.599661377958146,14.140659653989685,155.0,192.0,0.847133071791492,-0.5819761743693834,1.2112992895253687,0.9509673373371607,-0.35759106361887316,0.12733914543254618,-1.5329435117065442,347.0,0.44668587896253603,20
Tennessee,Davidson,244.21942933072316,192.5394427373116,360.0,251.0,203.25362341084616,155.53650236642082,1642.0,1194.0,1.4731155633450197,8.1211314023739,1.3028425508989976,4.6875594272264305,0.12283113381215714,0.007603418316116365,3.433571975147469,2836.0,0.578984485190409,20
Tennessee,Dyer,5.916110298916693,3.0140721521002183,4.0,1.0,4.896628238591496,2.579658381938767,39.0,23.0,0.7013595138412424,-0.8659083723084657,0.4268552081673994,-1.2539895751456802,0.4965757493328687,0.4238607435567841,0.3880812028372145,62.0,0.6290322580645161,20
Tennessee,Gibson,4.913258900794249,5.925182054843716,2.0,3.0,4.242503276637543,4.754198681858729,43.0,40.0,0.46182901017965217,-1.4143861299157028,0.5447316465315524,-1.3415727763638954,-0.16509856697474604,0.3111621943919579,-0.0728133535518074,83.0,0.5180722891566265,20
Tennessee,Giles,2.2483428439834805,3.3274695421765554,0.0,4.0,1.9095734500692074,2.884573923718684,21.0,28.0,0.18192781191566845,-1.6270254734247833,1.175711511329493,0.3959780576497284,-1.8660188142997565,0.6382833878960071,-2.0230035310745116,49.0,0.42857142857142855,20
Tennessee,Hamilton,66.39270734048381,52.89207057098046,82.0,45.0,55.33929899470861,42.39664664828935,459.0,329.0,1.2333182985116014,2.0980254272939627,0.852186467267858,-1.2120630344270706,0.369658258314963,0.0277091170001096,3.3100884617210333,788.0,0.5824873096446701,20
Tennessee,Hardeman,4.079676635378805,3.8318512123806343,4.0,2.0,3.537623617144958,3.225201516622446,35.0,28.0,0.9826021263677682,-0.04236187495492974,0.5771204682318919,-1.0200272370902508,0.5321532552740396,0.43220376134481736,0.9776653621353211,63.0,0.5555555555555556,20
Tennessee,Knox,58.76238019013579,91.35363394561348,88.0,119.0,49.254563712032656,74.33970309425432,432.0,597.0,1.4933588511979952,4.16599530539426,1.300982823072149,3.206473410638829,0.13790784889075275,0.023171983361497703,0.9595218947554307,1029.0,0.4198250728862974,20
Tennessee,Madison,36.77527460988344,15.799465600883739,51.0,16.0,30.398195183357114,12.811152234035923,245.0,99.0,1.381612893237946,2.5800016958730776,1.012303127232919,0.0560266667164681,0.3110235210598806,0.07379885526649618,2.5239750291566097,344.0,0.7122093023255814,20
Tennessee,Maury,10.045178673452897,14.637563413171492,17.0,10.0,8.423795341322544,11.880931458858146,73.0,97.0,1.6595261722834163,2.3962497120385664,0.6936387127444661,-1.345440869817142,0.872336164090914,0.13893337944791295,3.7416905818557087,170.0,0.4294117647058823,20
Tennessee,Montgomery,15.987146583926304,19.229806515320682,11.0,19.0,13.178983811552905,15.605648182049919,112.0,129.0,0.6975130560925329,-1.3737609624990534,0.9883523178424365,-0.0581729960291222,-0.3485179992562142,0.09376511560785761,-1.3155879664699313,241.0,0.46473029045643155,20
Tennessee,Robertson,5.907717968473103,11.445380267567332,4.0,13.0,5.109147751137014,9.32668918707553,47.0,73.0,0.7022780999633019,-0.843995127068209,1.1301440136362662,0.5090499788737827,-0.4757708699101922,0.21758705004165535,-1.3530451059419917,120.0,0.39166666666666666,20
Tennessee,Rutherford,7.7966149210481195,17.394674626273048,12.0,21.0,6.461557856623075,13.680600222993611,56.0,108.0,1.5066385651198648,1.6536003653857902,1.2014747654832234,0.9747469592015244,0.22633128006998426,0.1515119524482485,0.6788534061842658,164.0,0.34146341463414637,20
Tennessee,Shelby,717.282122771436,164.86519179623596,665.0,202.0,589.1547969571928,132.0603000418715,4567.0,967.0,0.9271615701857147,-2.1539643127000065,1.2245624233274062,3.231432178513013,-0.27821100972029,0.006003751475622777,-5.38539649121302,5534.0,0.825262016624503,20
Tennessee,Sumner,3.954289206327211,9.91809464249096,5.0,4.0,3.3659968205440736,8.256939762745226,31.0,75.0,1.23476490753842,0.5699735994014558,0.431940787103855,-2.059550038651559,1.0503473607127958,0.2992054685078746,2.6295236380530147,106.0,0.29245283018867924,20
Tennessee,Tipton,2.4650155005457335,4.0238785603827365,4.0,3.0,2.1970842515714977,3.2548841046815356,25.0,28.0,1.5176986424427599,1.0355728090767198,0.7736724037313432,-0.5675193639875704,0.6738018824816955,0.5626055216062782,1.6030921730642902,53.0,0.4716981132075472,20
Tennessee,Washington,3.0536389987223305,18.632330641669647,1.0,6.0,2.5563330339101626,15.541006450240427,23.0,136.0,0.42210252660422387,-1.284444628649329,0.33973905854643727,-3.204379274611132,0.21707039047872184,0.3189117208733949,1.919934645961803,159.0,0.14465408805031446,20
Texas,Anderson,9.521406032012141,14.767826478646272,1.0,14.0,7.648767745385195,11.260444400783985,58.0,80.0,0.14967959537897532,-3.081169018831255,0.949709509751099,-0.2288154363479369,-1.8476591799034525,0.13600265019961888,-2.852353582483318,138.0,0.42028985507246375,20
Texas,Angelina,12.396959638417272,27.84348562319501,10.0,18.0,9.69878697060802,21.135287783936153,69.0,138.0,0.8141453718070696,-0.7696654842099666,0.6527073009277464,-2.141138834514296,0.22101014818958642,0.09037058591906652,1.3714733503043295,207.0,0.3333333333333333,20
Texas,Bastrop,3.4198714854544807,17.672546594543178,1.0,8.0,2.7452905237698344,13.320028626165469,20.0,91.0,0.3826656066572769,-1.4604885166137025,0.46773851731668503,-2.6502585934955256,-0.20074789794292505,0.27737888266804034,1.1897700768818231,111.0,0.18018018018018017,20
Texas,Bell,46.46262087192105,80.7924260531539,59.0,89.0,34.531798278334975,58.50401709346699,214.0,347.0,1.266965064881527,2.1335221765241665,1.1009635749027773,1.0730549457662975,0.1404385543136836,0.0249588285321358,1.060467230757869,561.0,0.38146167557932265,20
Texas,Bexar,309.6081216536905,1509.2508959857914,278.0,1417.0,188.0218247046789,905.9646554766167,928.0,4492.0,0.8980738669947236,-2.3051254023390078,0.9388966112018392,-3.064890517810691,-0.044453045778189385,0.002359208616530749,0.7597651154716831,5420.0,0.17121771217712178,20
Texas,Bowie,29.122052352987257,27.11007646562521,15.0,21.0,21.679814113832734,19.472766040998582,139.0,117.0,0.5232588145917881,-3.0329834469916426,0.7787012117394058,-1.3846270838973425,-0.3975512116515959,0.05205812338576682,-1.6483563630943001,256.0,0.54296875,20
Texas,Brazoria,16.379034280142996,58.19103219023583,15.0,42.0,12.646797646123755,43.7806535138324,85.0,292.0,0.9182989822015272,-0.38777943824973826,0.7241310710338902,-2.4469968834904727,0.23755061292807303,0.06007071820653269,2.0592174452407344,377.0,0.22546419098143236,20
Texas,Brazos,15.657877888768002,33.37842851445009,6.0,25.0,12.127716589292504,24.455884490861713,80.0,147.0,0.4022805497569959,-2.7732702338108326,0.7526913472129777,-1.6942242019322797,-0.6265055161312422,0.07141759700213553,-1.0790460318785529,227.0,0.3524229074889868,20
Texas,Cass,3.651573844850882,8.252126713341973,2.0,8.0,2.9369170025532103,6.41850860010333,23.0,45.0,0.6021812674970729,-0.9637228577910413,0.9711925202182432,-0.09951803650451677,-0.4779662099043112,0.31451245784650506,-0.8642048212865245,68.0,0.3382352941176471,20
Texas,Cherokee,7.152227634602695,15.099828052002465,0.0,6.0,5.578379258987611,10.67429604729012,39.0,65.0,0.06534045037278352,-3.028219206312868,0.41667125934542787,-2.7852460325712634,-1.8526862650897187,0.15586602824295645,-0.24297317374160476,104.0,0.375,20
Texas,Collin,9.090068468504924,58.93307561530664,7.0,42.0,6.585932742577546,41.58933943737335,43.0,251.0,0.7820590671100013,-0.8144264462903876,0.7150900329488311,-2.6256983815722394,0.08952181610667773,0.09167920284798158,1.8112719352818518,294.0,0.14625850340136054,20
Texas,Colorado,5.311943470937826,5.256622842689276,1.0,6.0,3.4610869219441076,3.927545524136696,21.0,26.0,0.258089227381621,-2.31775115144296,1.129134247218365,0.37510132481123937,-1.475901097460869,0.2647978965993188,-2.692852476254199,47.0,0.44680851063829785,20
Texas,Dallas,1696.5203840132194,1781.9275713703996,2059.0,2171.0,1081.2044275103528,1132.3791915511647,5395.0,5604.0,1.2135976794395162,11.023758268229415,1.2182823217498069,11.562041284581529,-0.003852696763505287,0.0007322804132458287,-0.5382830163521142,10999.0,0.4904991362851168,20
Texas,Denton,9.445449140101996,54.800455997609475,6.0,38.0,6.835261683523926,39.65459632821716,44.0,241.0,0.6535652546641387,-1.3178569477539879,0.6961967908847673,-2.6679292155836833,-0.06318998369936263,0.08981891229468211,1.3500722678296955,285.0,0.1543859649122807,20
Texas,Ector,14.09684615900763,83.88770417541585,13.0,77.0,10.384088458972329,59.507274982968546,66.0,357.0,0.9248573186934103,-0.3403780369010976,0.9183802398380403,-0.8928725151687571,0.00702796607544259,0.060710756632090385,0.5524944782676595,423.0,0.15602836879432624,20
Texas,El Paso,14.743893001784139,260.4100521514774,4.0,181.0,11.449064152199808,181.70048670199589,78.0,1071.0,0.2952001827534031,-3.1752409006179048,0.6956420364157758,-5.891114122169771,-0.8571815007247946,0.05534727582358169,2.7158732215518664,1149.0,0.06788511749347259,20
Texas,Ellis,11.820628460765224,30.366340793464328,9.0,28.0,9.11048581673985,22.319467930772618,60.0,142.0,0.7710645630011931,-0.9344909837849292,0.9233358819790721,-0.5008819389304366,-0.1802209614170598,0.0894065786057686,-0.4336090448544926,202.0,0.297029702970297,20
Texas,Falls,3.678265673626586,5.233671950805569,0.0,3.0,3.000121943008058,3.716518392398512,22.0,23.0,0.11966687593755085,-2.1236045174707163,0.6104290636139825,-1.1586472826300152,-1.6294502442828307,0.3574267592874939,-0.9649572348407012,45.0,0.4888888888888889,20
Texas,Fort Bend,29.43024536294303,79.09004075402623,35.0,89.0,19.742890386107312,55.174459952298555,120.0,330.0,1.186091178656121,1.2535183520147155,1.1245125539839913,1.3341443550556085,0.053313520343579224,0.031614653416088496,-0.08062600304089296,450.0,0.26666666666666666,20
Texas,Galveston,75.30081996278987,120.05560998757146,75.0,125.0,55.219130940960255,83.67102203515269,324.0,462.0,0.996031441837469,-0.04048199152021464,1.0410133548570513,0.5405366970354885,-0.04417107220968312,0.015543563156416272,-0.581018688555703,786.0,0.4122137404580153,20
Texas,Grayson,9.543748085905786,36.1797285509885,5.0,31.0,7.058692460977928,25.464149437230688,49.0,150.0,0.5476043358472972,-1.7102205277196902,0.858784981361349,-1.0264609063603343,-0.44996556662407744,0.09695079269190725,-0.683759621359356,199.0,0.24623115577889448,20
Texas,Gregg,45.76957630561869,58.14969309464319,38.0,41.0,34.146162759410046,42.40561004507806,209.0,249.0,0.8320802366051664,-1.3296164612769958,0.7075910854815782,-2.633568959679142,0.16206251043780062,0.02884091239228968,1.303952498402146,458.0,0.45633187772925765,20
Texas,Grimes,4.039812749265783,5.6150829677775835,4.0,6.0,3.20354580053931,4.183836212167912,26.0,28.0,0.9912303102650606,-0.02224368314687581,1.0629455126366516,0.18818274159219447,-0.06985220971448625,0.32899202266147254,-0.21042642473907028,54.0,0.48148148148148145,20
Texas,Hardin,3.289228950115544,9.179505819686593,0.0,5.0,2.775547651337126,6.456350643919709,24.0,39.0,0.13195296631119469,-1.9743300702298108,0.5682108263020892,-1.6448692428163758,-1.4600469796540063,0.3331643052686082,-0.32946082741343496,63.0,0.38095238095238093,20
Texas,Harris,1532.3357477417803,2300.202080126113,1120.0,1973.0,1126.5138922174856,1617.775434593529,6621.0,9178.0,0.7309980874668106,-12.285213603802841,0.85778163850394,-8.134988394476972,-0.15993872309715237,0.0007855290668467832,-4.150225209325869,15799.0,0.4190771567820748,20
Texas,Harrison,24.252972636575894,14.631053155501787,20.0,4.0,18.317562127044734,11.141411480958565,126.0,74.0,0.8281833580548807,-0.9937079215325418,0.297401638455269,-3.18497613537005,1.0241510335202915,0.08318757175657238,2.191268213837508,200.0,0.63,20
Texas,Henderson,4.363692659132084,27.566652847552053,2.0,14.0,3.6151452586608803,20.345609217726295,29.0,144.0,0.5140127420070412,-1.2431631559898577,0.5166273327553085,-3.0077197168159735,-0.005073733151251773,0.21662633476924684,1.7645565608261158,173.0,0.1676300578034682,20
Texas,Hill,5.384292459494222,11.121137421344105,2.0,8.0,3.961065062208829,7.81814868597575,29.0,52.0,0.4248599159897781,-1.7004422939013064,0.7314258227760365,-1.1162486018953395,-0.5432363058923204,0.19984558369670308,-0.5841936920059669,81.0,0.35802469135802467,20
Texas,Houston,7.99517555807706,5.698899559585874,2.0,2.0,6.31694068417435,4.242736658365791,46.0,28.0,0.29428467756891086,-2.3853301946072976,0.4032973878620185,-1.7957649899891999,-0.31512663504988564,0.22945771170739965,-0.5895652046180977,74.0,0.6216216216216216,20
Texas,Hunt,12.822100525563155,25.458923649925325,14.0,24.0,9.842240291085334,18.212450611287732,70.0,107.0,1.0884169483766188,0.3754578994488358,0.9437987618593146,-0.341860065074293,0.14256661119117517,0.0879641961619379,0.7173179645231288,177.0,0.3954802259887006,20
Texas,Jasper,3.4740646090942175,8.191345176456633,1.0,2.0,2.751130451129612,6.156910386898075,21.0,42.0,0.37744731088855776,-1.491610544707119,0.28764247066979604,-2.4951898836083903,0.2717126974938165,0.31970758146749884,1.0035793389012713,63.0,0.3333333333333333,20
Texas,Jefferson,137.0258930006451,91.15105063609933,91.0,75.0,99.08405894729549,62.86619408520878,565.0,340.0,0.6653292554847893,-4.623813716667742,0.8237766995140393,-2.037005465328357,-0.2136174582944639,0.01284361733063342,-2.5868082513393853,905.0,0.6243093922651933,20
Texas,Kaufman,13.288531159771493,27.476201282772557,10.0,21.0,9.879306144940923,19.50041402672293,69.0,123.0,0.7615024311388661,-1.0462578738389414,0.7685103414393671,-1.4665552272261826,-0.009160654647177552,0.08177680342314905,0.42029735338724117,192.0,0.359375,20
Texas,Lamar,11.368774170957446,15.25797556239154,12.0,13.0,8.15688637088997,10.838026365797257,51.0,64.0,1.0531837424784056,0.22101540992379498,0.8567090326132697,-0.6858736774036565,0.20647464878240232,0.10966378038955954,0.9068890873274514,115.0,0.4434782608695652,20
Texas,Liberty,7.6148426116816,24.45275006813223,6.0,29.0,5.921850995924415,18.319003629274,44.0,123.0,0.80100136392578,-0.6635924910079739,1.182234419831551,1.0624240684721926,-0.3892988531872176,0.1327628468591183,-1.7260165594801666,167.0,0.2634730538922156,20
Texas,Limestone,6.040859598934508,8.691400192840963,3.0,6.0,4.498590406734917,6.197688379381575,30.0,39.0,0.535097863982609,-1.4336995277489781,0.7071827864771625,-1.0810938857622285,-0.27883951713902067,0.20532076858296375,-0.3526056419867496,69.0,0.43478260869565216,20
Texas,Lubbock,55.77864941014754,132.96802352536602,36.0,75.0,37.33474893003824,88.70055622148956,200.0,478.0,0.6485585631949925,-3.236979990551973,0.5656785648410458,-6.154961225427588,0.13672629505797787,0.017016748734410527,2.9179812348756147,678.0,0.2949852507374631,20
Texas,Marion,4.136249675572863,5.587550048325894,3.0,3.0,3.428071067097449,4.614700865370439,27.0,36.0,0.754920516563322,-0.6136897418647108,0.5749439384013799,-1.2045282262284767,0.272339930020353,0.34818061289950764,0.5908384843637658,63.0,0.42857142857142855,20
Texas,Matagorda,4.849613963251652,18.86879875214851,3.0,18.0,3.813346116818472,14.201559600785549,27.0,94.0,0.6542528160055492,-0.9471701057603934,0.9551444174072934,-0.23054259010929265,-0.3783687058892387,0.2020291258624357,-0.7166275156511007,121.0,0.2231404958677686,20
Texas,McLennan,64.24378418246624,96.27835166155168,63.0,93.0,46.77787894726923,69.12886781703793,273.0,391.0,0.9807891336879397,-0.18185479917503497,0.9661251550035016,-0.39429912696271113,0.015064100225775907,0.018791524467965736,0.21244432778767616,664.0,0.411144578313253,20
Texas,Midland,16.276831040265222,33.14990848819724,3.0,12.0,12.082202316351749,24.32584323747001,75.0,151.0,0.20862104360470862,-3.8196307118821076,0.3714720354851602,-4.288195144658609,-0.5769541690674236,0.06774057136550089,0.46856443277650106,226.0,0.33185840707964603,20
Texas,Montgomery,12.806826602080784,91.56284415121819,10.0,80.0,9.178426185479946,66.04653021804106,62.0,420.0,0.7890686723428197,-0.926470241400974,0.8744027054799046,-1.4227862803857985,-0.10268767670800016,0.06383887862697735,0.49631603898482446,482.0,0.12863070539419086,20
Texas,Morris,4.313315618307213,4.003359849035647,0.0,4.0,3.050734617141027,3.1699454072713342,21.0,23.0,0.10387849865865313,-2.4694999568104397,0.9992539239260735,-0.0018870954726936983,-2.263786990415467,0.36176580658252133,-2.467612861337746,44.0,0.4772727272727273,20
Texas,Nacogdoches,8.505110237220213,14.859221850383818,3.0,6.0,6.739649765863636,11.556881662226191,49.0,81.0,0.38866820147672226,-2.12054432939272,0.4231985229015732,-2.6060049971684487,-0.08511536308432636,0.145512072669119,0.4854606677757287,130.0,0.3769230769230769,20
Texas,Navarro,6.590672973430036,17.501080007534313,5.0,10.0,4.979936675901127,12.367404228631656,31.0,75.0,0.7756668542759538,-0.7128021352697725,0.5832983351890692,-2.132968883047011,0.28502433687176315,0.15502579912898456,1.4201667477772384,106.0,0.29245283018867924,20
Texas,Nueces,27.556356065217827,245.42703788830573,15.0,139.0,18.78024842955631,162.84335053749024,100.0,861.0,0.5524594841885309,-2.8974300246753555,0.5672414111024165,-8.340017465764905,-0.026404883336319233,0.027435408494010473,5.44258744108955,961.0,0.1040582726326743,20
Texas,Orange,9.09577004185276,30.666807526399044,6.0,19.0,6.914326790981654,22.190425270762105,48.0,138.0,0.6773818017365675,-1.1773178871284855,0.6256656214622889,-2.4766761412004263,0.07941899778016004,0.10716941780346723,1.2993582540719408,186.0,0.25806451612903225,20
Texas,Polk,5.016008995939695,10.680313406490015,2.0,5.0,4.096983355127894,7.830835928759042,31.0,52.0,0.453226236911549,-1.4900489398434043,0.49193612021710653,-2.029870050328117,-0.0819574510601116,0.2314848704467814,0.5398211104847128,83.0,0.37349397590361444,20
Texas,Potter,27.719050763878542,105.62650360219078,15.0,69.0,21.153546820253855,74.92792262775258,133.0,428.0,0.5492743228571171,-2.7654327557455796,0.654878825185053,-4.231298037193305,-0.17585222475546758,0.03424708739559483,1.4658652814477255,561.0,0.23707664884135474,20
Texas,Robertson,4.14682020470949,4.506519649950137,0.0,2.0,3.4610170277709424,3.3757066293252556,27.0,23.0,0.10760046181542739,-2.229016780293444,0.49934888401464655,-1.3642336743539105,-1.5348800781271883,0.36748691953042234,-0.8647831059395337,50.0,0.54,20
Texas,Rusk,10.05225189332513,17.220281691666322,6.0,15.0,7.858680339085814,12.873689507535223,56.0,85.0,0.6159822629055701,-1.4455117358983298,0.8747039279454288,-0.6188089160331397,-0.3506672919013567,0.12118520668921881,-0.8267028198651901,141.0,0.3971631205673759,20
Texas,Shelby,9.428530753448895,10.58256076978882,5.0,8.0,7.593208022706651,8.184954405163761,56.0,54.0,0.5539591039781443,-1.6071152271204632,0.7669707549153343,-0.9026978693208584,-0.32535780696716693,0.15850170040741074,-0.7044173577996048,110.0,0.509090909090909,20
Texas,Smith,40.84385661079087,57.366591320377346,38.0,44.0,31.648968307632657,42.37233883773351,216.0,266.0,0.9312145299466664,-0.5055078643638123,0.769010217892852,-2.053427867181809,0.1913854236562525,0.03184719948021618,1.547920002817997,482.0,0.44813278008298757,20
Texas,Tarrant,448.73562229983486,726.8383150194337,378.0,627.0,306.0748590882893,488.2773625804603,1658.0,2600.0,0.8425422678243811,-4.043191853180751,0.8627346958660275,-4.518184358290572,-0.02368339254645194,0.002444263621016439,0.47499250510982094,4258.0,0.3893846876467825,20
Texas,Taylor,12.513955930000241,49.08329001505142,7.0,31.0,9.08371817933729,34.31390097483086,53.0,198.0,0.5763043950925583,-1.829496002096887,0.6352946726697223,-3.087041022170393,-0.09745295789201558,0.07224924142407402,1.2575450200735059,251.0,0.21115537848605578,20
Texas,Titus,5.378684981057887,9.649102889847995,1.0,11.0,4.005752710576683,6.8418947416353575,28.0,46.0,0.2551591052817514,-2.1877698549101776,1.1331050758686552,0.5164568931950025,-1.4908297051376522,0.21194806522665136,-2.7042267481051803,74.0,0.3783783783783784,20
Texas,Travis,79.49346834990553,268.7233906488919,48.0,159.0,60.551128687066075,189.72072808623838,390.0,1095.0,0.6062995017024697,-4.047243836114994,0.5924448080665181,-7.966027994402468,0.023116373483177237,0.012209335026144526,3.9187841582874743,1485.0,0.26262626262626265,20
Texas,Upshur,3.7089624715507563,10.778911102323615,2.0,7.0,2.8880149499261343,8.207766573498517,23.0,55.0,0.5939706084095581,-1.0056174649126766,0.6649578077138044,-1.319028492906485,-0.11289375424965407,0.2805836829438286,0.3134110279938085,78.0,0.2948717948717949,20
Texas,Victoria,6.073747650581183,37.72075346260901,6.0,34.0,4.748708934686846,28.79165576556887,31.0,186.0,0.9887814904828811,-0.03384234230005679,0.9026509651033178,-0.6934219324635479,0.0911374167854288,0.14895987816993259,0.6595795901634911,217.0,0.14285714285714285,20
Texas,Walker,9.423214501656965,12.274905180717553,4.0,8.0,7.260880375610368,9.140519787544267,53.0,56.0,0.45348208478700086,-2.0126216555841454,0.6653669737470853,-1.4139727496935226,-0.383382964222893,0.14243395659331698,-0.5986489058906228,109.0,0.48623853211009177,20
Texas,Waller,7.146825594668375,13.166107877477467,5.0,10.0,5.388882614765521,8.940793072765524,36.0,52.0,0.7192527058332265,-0.924799108851154,0.7683240974048364,-1.0588579129962585,-0.06599888151410145,0.15708244458362655,0.13405880414510452,88.0,0.4090909090909091,20
Texas,Washington,6.92790231496519,6.262859916208838,1.0,8.0,4.801826942247445,4.2457654308638055,31.0,24.0,0.201941266375826,-2.705190080925144,1.256864714826886,0.8430568145918609,-1.828398682755708,0.2082924388516827,-3.548246895517005,55.0,0.5636363636363636,20
Texas,Wharton,4.0095813226928305,15.100919930089647,4.0,8.0,3.2757351551769527,11.251347042221214,26.0,74.0,0.997875340966884,-0.005293843233283616,0.5448396657434262,-2.116958553430885,0.6051367995748563,0.25309598846044323,2.1116647101976014,100.0,0.26,20
Texas,Wichita,32.86005871579437,58.65949588753776,21.0,38.0,23.5110714562457,40.45771808729569,139.0,230.0,0.6444832781370613,-2.445967196993248,0.6507830978341757,-3.248022493203718,-0.009727527079364636,0.03353164008400762,0.8020552962104701,369.0,0.37669376693766937,20
Texas,Williamson,4.240929007574313,25.928435113833785,5.0,17.0,3.318722120137249,19.602058781712298,22.0,131.0,1.1601101790836694,0.4166745262910415,0.6621655775161558,-2.016622011392167,0.5607546198017558,0.2136797297401354,2.4332965376832085,153.0,0.1437908496732026,20
Utah,Salt Lake,13.543793691865813,211.6860516715033,8.0,170.0,10.420743138496656,157.00425286187843,65.0,951.0,0.6052495633657174,-1.7173456502061193,0.803540094444852,-3.3268640511989838,-0.2833862092708448,0.06031281619631761,1.6095184009928645,1016.0,0.0639763779527559,20
Virginia,Accomack,7.09898663302981,4.4125285762181266,7.0,5.0,5.842257130728597,3.465570143677302,51.0,29.0,0.986973706125557,-0.040953046885058325,1.1195863626373312,0.31557268099212576,-0.12607117811862256,0.29391954613040805,-0.35652572787718406,80.0,0.6375,20
Virginia,Albemarle,3.957218681265026,8.11793686943216,1.0,2.0,3.285361702248288,6.834534378493954,26.0,59.0,0.33653273650335624,-1.6315179111805385,0.29009263329225643,-2.340186798218326,0.1484951325317151,0.3135081168538665,0.7086688870377877,85.0,0.3058823529411765,20
Virginia,Alexandria,20.781133605048787,12.67183286179038,17.0,14.0,16.46614964422488,10.056098376786442,119.0,73.0,0.8223246150688259,-0.9318070549942354,1.1008338894173524,0.4188301853183552,-0.29168802693342166,0.10075425817207609,-1.3506372403125906,192.0,0.6197916666666666,20
Virginia,Arlington,13.0695989972517,21.85407002867559,6.0,11.0,9.792708012366234,16.138852332315892,61.0,109.0,0.4790119443703877,-2.259141209366429,0.5144477039415153,-2.7018192728435966,-0.07136837252431144,0.0911210568168167,0.4426780634771674,170.0,0.3588235294117647,20
Virginia,Bedford,2.427288903376652,6.341179904756688,1.0,5.0,2.112153734030697,5.29704354704717,21.0,49.0,0.5124195286190364,-0.9820851104176856,0.803954884474802,-0.5827338765377527,-0.4503994724118726,0.490227211569662,-0.399351233879933,70.0,0.3,20
Virginia,Campbell,4.035782492345778,6.6446005798845444,3.0,2.0,3.2470993187916792,5.393741442734588,30.0,49.0,0.7716419396005693,-0.5748053208567537,0.3499145924320376,-1.9998771119381553,0.7908315305420599,0.32152750358287335,1.4250717910814017,79.0,0.379746835443038,20
Virginia,Charlottesville,12.220597559913168,8.45659834586151,11.0,3.0,9.700697423135805,6.611830033645475,68.0,44.0,0.9040455800787475,-0.3918961690811098,0.3907733566747706,-2.122077040372655,0.8387520380872615,0.15741079298278454,1.7301808712915452,112.0,0.6071428571428571,20
Virginia,Chesapeake,45.442711304628084,33.47291514274875,46.0,34.0,34.03823469732494,24.661503388737973,207.0,155.0,1.0121300785161929,0.09552052906155092,1.0155148551437676,0.10613796715804466,-0.0033386316464076578,0.03849371734661293,-0.010617438096493736,362.0,0.5718232044198895,20
Virginia,Chesterfield,16.008838608302,31.761173911943402,16.0,33.0,12.658535647769233,24.932184096147203,97.0,176.0,0.9994646135617586,-0.0024842320091997094,1.0383999073139112,0.24810195128686258,-0.03821650751785964,0.07410819598192436,-0.2505861832960623,273.0,0.3553113553113553,20
Virginia,Danville,31.228764313326334,11.660442702510712,47.0,9.0,23.774458907613845,8.786269001822472,148.0,56.0,1.4970642893914914,3.234524173298874,0.781221558491335,-0.8975355560547271,0.6504025337259585,0.08899927715071737,4.132059729353601,204.0,0.7254901960784313,20
Virginia,Dinwiddie,6.982754739174848,5.193579815156647,12.0,8.0,5.787172551564558,4.197923672604444,54.0,38.0,1.6705077789811968,2.0856052703151264,1.492909606250271,1.3697314461405992,0.11240066780141658,0.27432237508424795,0.7158738241745273,92.0,0.5869565217391305,20
Virginia,Fairfax,24.574264560250096,66.82615537738143,25.0,92.0,18.32673363909364,51.14700140370041,130.0,378.0,1.0169789801302813,0.09944827857328756,1.3739088394623504,3.519974024450356,-0.3008233964263422,0.041800786120442544,-3.420525745877068,508.0,0.2559055118110236,20
Virginia,Fauquier,2.51993815372646,3.8247861155867957,2.0,8.0,2.1556937435480124,3.418202773351552,22.0,42.0,0.8278315226141698,-0.35412627979417166,1.9654151148343444,2.258290548828389,-0.8646490977831901,0.5731341473308476,-2.612416828622561,64.0,0.34375,20
Virginia,Franklin,4.078731498654645,8.235878294697514,3.0,4.0,3.449881317312419,6.766697446089628,34.0,57.0,0.7644038531257826,-0.5807795057753731,0.5151170664467019,-1.6283775045711741,0.39470206475196673,0.3071339265384223,1.047597998795801,91.0,0.37362637362637363,20
Virginia,Fredericksburg,5.6803868255204915,3.7980825517791708,2.0,7.0,4.455431998257121,2.9582790863959922,28.0,20.0,0.40450542507741144,-1.743606814248651,1.7449641577720305,1.8616179555022925,-1.4618241462475905,0.343154900855984,-3.6052247697509436,48.0,0.5833333333333334,20
Virginia,Halifax,9.783770782189151,7.119939869181573,14.0,7.0,8.065342769204442,6.006561286523645,68.0,53.0,1.4099886420176824,1.48461142679955,0.9842597354781416,-0.0489384955722497,0.3594471069926584,0.20274553169475376,1.5335499223717997,121.0,0.5619834710743802,20
Virginia,Hampton,53.90870454346804,19.996817860595694,46.0,13.0,42.47403807260943,15.331890180822603,281.0,103.0,0.8546426604009724,-1.213510602948551,0.6586388234416234,-1.7869101622661108,0.26050812388014805,0.05295715900175293,0.5733995593175598,384.0,0.7317708333333334,20
Virginia,Hanover,3.1585834091574228,9.08298174089634,0.0,9.0,2.7295601593702425,7.438408426359966,27.0,65.0,0.13666491756030533,-1.9118156595841578,0.9913407180416293,-0.030425836794386502,-1.981526214983754,0.3637568004902864,-1.8813898227897712,92.0,0.29347826086956524,20
Virginia,Henrico,66.83990415005061,38.016355348215235,73.0,27.0,47.34137406838394,27.236683048107462,292.0,169.0,1.091477645056089,0.8952968165229819,0.7139824043936777,-2.110866792534969,0.42442937651259494,0.02944240823795812,3.0061636090579507,461.0,0.6334056399132321,20
Virginia,Henry,14.464415967733368,16.985052147737207,5.0,15.0,12.28158049097014,13.694394723365777,108.0,115.0,0.3675385669483682,-2.70063996470108,0.8864714768383405,-0.536414488280878,-0.8804206927455434,0.10617082946190907,-2.164225476420202,223.0,0.484304932735426,20
Virginia,Hopewell,7.549794614394278,5.612888735830443,8.0,8.0,6.088404676805186,4.446134286367886,43.0,34.0,1.0559275617791148,0.18245632810117537,1.3905046153020264,1.132091095219569,-0.27524712772247817,0.24794211369941171,-0.9496347671183937,77.0,0.5584415584415584,20
Virginia,Loudoun,2.7322458158272442,8.818688138297416,2.0,13.0,2.2972073181589043,6.840019945731891,22.0,56.0,0.773456024835216,-0.4831219874224319,1.4487017699968374,1.5987622177959118,-0.6275542871173457,0.3956762370722453,-2.0818842052183437,78.0,0.28205128205128205,20
Virginia,Lynchburg,26.546111287129193,12.065120886771496,15.0,4.0,20.616012236817355,9.359320350689368,135.0,60.0,0.573095327289295,-2.5429241568809196,0.3581342384646359,-2.63626294359925,0.47014418423323534,0.0935507406699971,0.09333878671833062,195.0,0.6923076923076923,20
Virginia,Martinsville,13.927322745866558,6.4149650957781645,10.0,2.0,10.597726418655396,4.573267444342708,63.0,26.0,0.7277857565783132,-1.2063969787705404,0.36153472438007533,-2.064495661867773,0.6996486211082396,0.16576752666749456,0.8580986830972326,89.0,0.7078651685393258,20
Virginia,Mecklenburg,7.936822862028269,5.718672897804314,4.0,10.0,6.68141947475789,4.333864545340684,65.0,33.0,0.533376138576195,-1.523040684904966,1.6884631452005354,2.056556964022246,-1.1523471364712532,0.23858683355213625,-3.579597648927212,98.0,0.6632653061224489,20
Virginia,Newport News,121.50245163950196,33.4179424317185,111.0,16.0,92.64313935166594,24.93622814823974,572.0,157.0,0.9139160607154433,-1.0911489994088632,0.486468188134253,-3.4880401025616012,0.630567219698121,0.028604532279625068,2.396891103152738,729.0,0.7846364883401921,20
Virginia,Norfolk,274.95597437654806,69.6876729848542,224.0,52.0,208.116191034425,52.311959055789934,1254.0,323.0,0.8150122737694144,-3.5321747055591795,0.7479945945968173,-2.4455143077763535,0.0858074214937139,0.013524650269173035,-1.086660397782826,1577.0,0.7951807228915663,20
Virginia,Petersburg,42.59195822711102,7.587300579067377,33.0,3.0,33.11628436318715,5.855515196545084,215.0,37.0,0.7774072327704916,-1.666811457817488,0.43277728653478803,-1.8957219629283997,0.5857410762951063,0.11997148645722303,0.2289105051109117,252.0,0.8531746031746031,20
Virginia,Pittsylvania,8.92520466160467,8.97024521916916,7.0,10.0,7.360826245650753,7.577996652060577,68.0,71.0,0.7957386888958125,-0.7096000239513238,1.1087358095803546,0.3740732151228282,-0.3317048833002616,0.18658107904729693,-1.0836732390741521,139.0,0.4892086330935252,20
Virginia,Portsmouth,123.92623635072579,28.965539327650323,208.0,37.0,91.42393000474277,21.40865931120876,532.0,126.0,1.6756916074540078,8.792867856023367,1.27267312445933,1.7364488451855367,0.27510646918568377,0.031469766835657255,7.05641901083783,658.0,0.8085106382978723,20
Virginia,Prince Edward,4.638911912290772,3.045656484417482,3.0,4.0,4.009842036424749,2.6330433494268277,38.0,26.0,0.6810780296951627,-0.8184496733200287,1.2691584815891457,0.5881332357999175,-0.6224324662699686,0.4701900010400807,-1.4065829091199462,64.0,0.59375,20
Virginia,Prince William,19.110119903206808,25.94279424031498,7.0,18.0,15.242097130043945,20.160260527380473,111.0,151.0,0.38245559114473027,-3.1018877718559845,0.6996234903115758,-1.7689894471592846,-0.603929774411578,0.07169121896313688,-1.3328983246966999,262.0,0.42366412213740456,20
Virginia,Richmond,640.4047471075279,108.80179040058184,1091.0,186.0,457.95485224007274,75.55023498537288,2440.0,401.0,1.7030611879940927,21.055971280447626,1.7062849502875777,8.881561316889066,-0.0018911328586271882,0.007498742945756373,12.17440996355856,2841.0,0.8588525167194649,20
Virginia,Roanoke,36.23982685741339,45.41079321957081,37.0,37.0,29.596450112180044,35.876941323988255,220.0,249.0,1.0206907110786567,0.13973098156287245,0.8168013961478351,-1.4042009119792873,0.2228388686891757,0.039933426409507464,1.5439318935421598,469.0,0.4690831556503198,20
Virginia,Southampton,3.2619154740343865,2.570052830454964,6.0,2.0,2.83518099990552,2.167439592362526,30.0,20.0,1.7278431811837636,1.6261344704556953,0.8143182342661883,-0.38720557818364987,0.7522779528280553,0.5946048775781756,2.0133400486393453,50.0,0.6,20
Virginia,Spotsylvania,2.698570339735072,8.0569127234745,2.0,6.0,2.3560202140113318,6.4143898179009,24.0,57.0,0.7815991941596843,-0.45511446192042176,0.7596197612449996,-0.8121536301484152,0.02852407578415684,0.4223416400659428,0.3570391682279935,81.0,0.2962962962962963,20
Virginia,Stafford,2.15320392719652,9.377699324016588,0.0,7.0,1.8496282361234693,7.441275539566521,20.0,63.0,0.1884514020482096,-1.5832260969878873,0.7592861205811903,-0.8716321510112963,-1.3935385172423662,0.48356245032044193,-0.711593945976591,83.0,0.24096385542168675,20
Virginia,Suffolk,34.43989779612373,8.960840123820816,34.0,8.0,26.32753144262771,6.967422793707562,174.0,48.0,0.9874098716976633,-0.08573274241136487,0.8984402958674271,-0.36401145285977327,0.094424968100136,0.10896761971315824,0.2782787104484084,222.0,0.7837837837837838,20
Virginia,Virginia Beach,46.97706971558908,59.57645302173319,33.0,37.0,37.83345730915627,47.10521228320856,274.0,340.0,0.7056037830616215,-2.272365130511808,0.6242046278337046,-3.2894343894088576,0.1225756223270255,0.030415175031925354,1.0170692588970494,614.0,0.44625407166123776,20
Virginia,York,2.643378534280562,3.443708371545899,2.0,6.0,2.2810947173225715,2.914784385496489,21.0,27.0,0.7953226036049729,-0.4259855893353509,1.6481948936432278,1.4972943320880363,-0.7286881411413809,0.5722400123481977,-1.9232799214233873,48.0,0.4375,20
Washington,King,232.72885033617817,480.3872161432164,275.0,407.0,159.25493063144793,312.1612689748044,803.0,1538.0,1.1812432278549236,3.349636004418425,0.8473920418766956,-4.153659622753749,0.33215929883439116,0.0042929887012499125,7.503295627172174,2341.0,0.3430158052114481,20
Washington,Pierce,96.62585830732557,225.27778766291374,75.0,168.0,68.68069566516586,153.52275992025724,375.0,805.0,0.7773419078686847,-2.6094922443491817,0.746309022442768,-4.622744073787171,0.04074053581747983,0.010381179765281417,2.0132518294379893,1180.0,0.3177966101694915,20
Washington,Snohomish,4.640801151423119,85.98203540181716,4.0,60.0,3.603928282578979,62.13999313135579,24.0,369.0,0.8753499439974006,-0.3375477468750639,0.6995672536949654,-3.2960027830186287,0.22416180753532824,0.17574167132791838,2.958455036143565,393.0,0.061068702290076333,20
Washington,Spokane,17.05022216624381,148.28235480189534,15.0,118.0,11.067295940394775,98.83207426158381,56.0,516.0,0.8831797029790758,-0.6162829645995939,0.7964654152556162,-3.0460756741366875,0.10334498651987171,0.042564762830873654,2.4297927095370935,572.0,0.0979020979020979,20
West Virginia,Berkeley,2.986118025104246,14.154896849015605,6.0,10.0,2.4965157698977576,11.303755880759923,22.0,84.0,1.8645381347367405,1.9074760084378033,0.7164840604596479,-1.2358019080095133,0.9564126518450349,0.3363926408355459,3.1432779164473166,106.0,0.20754716981132076,20
West Virginia,Cabell,10.31641786803143,32.513085061526375,13.0,23.0,7.772831288541757,24.268075684527258,47.0,146.0,1.2481026680653728,0.962554371880007,0.7118389558625959,-1.9310953125750931,0.5615281113818112,0.09599058178942668,2.8936496844551,193.0,0.24352331606217617,20
West Virginia,Kanawha,23.265409986769303,71.02585070502244,29.0,55.0,18.57792861931939,55.0254744318252,129.0,367.0,1.2412998562374167,1.3304658420867863,0.7759432352491108,-2.160425002525737,0.4698350136503313,0.04522990222682338,3.4908908446125233,496.0,0.2600806451612903,20
West Virginia,Mercer,5.75549713174278,26.295395188567635,4.0,8.0,4.6274211442189355,21.405733331274813,33.0,153.0,0.7193672869203763,-0.8160760094171842,0.3172186840381649,-3.9543648721208733,0.8187806664541837,0.17065042540387673,3.138288862703689,186.0,0.1774193548387097,20
West Virginia,Raleigh,8.715449943668553,23.550737499031456,4.0,11.0,6.97948789987538,18.88374070162893,56.0,141.0,0.4883103947726081,-1.7848896025688388,0.4781558154074533,-2.8881864898015226,0.0210146054885429,0.1259318667734306,1.1032968872326838,197.0,0.28426395939086296,20
Wisconsin,Dane,7.1405171795192715,24.829162143058298,10.0,23.0,6.1130924863986955,20.05691690677222,63.0,180.0,1.3742525215630288,1.1565302817225747,0.9277843407244484,-0.4084323346379142,0.39286592728554554,0.1524293474971998,1.5649626163604888,243.0,0.25925925925925924,20
Wisconsin,Kenosha,3.614642002750807,18.69338404613689,4.0,16.0,2.9620663044942015,14.393459770728022,32.0,122.0,1.0936552917584481,0.22390664797958124,0.8596712263109747,-0.7099302539027157,0.24073082236342705,0.26789638342128863,0.933836901882297,154.0,0.2077922077922078,20
Wisconsin,Milwaukee,438.3542217519464,180.45471770785008,541.0,202.0,345.71492689066747,139.84560737691277,2698.0,1062.0,1.2338949317572523,5.520545912627005,1.1190644961627063,1.8219135841825427,0.09768271242485785,0.006093648980705882,3.6986323284444627,3760.0,0.7175531914893617,20
Wisconsin,Racine,20.629073845151787,19.1476722211655,37.0,28.0,16.87451242640939,15.198150060501815,149.0,130.0,1.7748056670550487,3.985268926217511,1.4505535148992514,2.270712351144713,0.20174571558065565,0.08110587600509492,1.7145565750727982,279.0,0.5340501792114696,20
Wisconsin,Rock,4.38304137089672,11.460139181074021,11.0,12.0,3.595632742579443,9.569473592469807,34.0,90.0,2.3550896104507393,3.4895606910931596,1.0451383391742017,0.17451701859239135,0.8124295192513306,0.2600280092042847,3.315043672500768,124.0,0.27419354838709675,20
Alabama,Autauga,5.151144135755555,5.427869844424996,5.0,3.0,4.004078904505217,4.118355864402878,31.0,31.0,0.9732542415969812,-0.07553356591535224,0.5904313171267849,-1.196364356261207,0.49979202886590257,0.29068851117314537,1.1208307903458548,62.0,0.5,30
Alabama,Baldwin,7.5907709392763385,18.915984726037127,6.0,21.0,6.0355217809172075,14.524111317600164,55.0,109.0,0.8033845042437177,-0.6475156027514217,1.107335028501963,0.5468347601949848,-0.32087809834399894,0.14533852947341647,-1.1943503629464065,164.0,0.3353658536585366,30
Alabama,Calhoun,29.59277807823871,31.00237081971024,28.0,26.0,23.556143152120956,23.613882809549146,171.0,156.0,0.9470710854910896,-0.3281732494701247,0.8412065286025907,-1.029419001766688,0.11853694938833054,0.05146722840543909,0.7012457522965633,327.0,0.5229357798165137,30
Alabama,Chambers,9.05584771639449,5.921081474734513,6.0,4.0,7.401191916181097,4.555731825042883,63.0,36.0,0.6802117606843269,-1.1232615039077993,0.7008165240865531,-0.9000501496236675,-0.029841955772504872,0.22019317119188325,-0.22321135428413186,99.0,0.6363636363636364,30
Alabama,Coffee,7.030282429505641,5.839733528251435,5.0,7.0,5.668236544388385,4.4628844331262165,45.0,30.0,0.7303842918891784,-0.8527710987988089,1.1830150220948763,0.5492245253004274,-0.48225073932914186,0.24555072070797263,-1.4019956240992362,75.0,0.6,30
Alabama,Colbert,6.368716515482367,6.392920998331991,6.0,8.0,4.650715365174949,5.086465142087479,35.0,37.0,0.9463194448844606,-0.17097503867545585,1.2331491978592102,0.7125727173622877,-0.26474630815208094,0.23911749932441723,-0.8835477560377435,72.0,0.4861111111111111,30
Alabama,Dale,5.927013618480391,7.629094056609688,3.0,3.0,4.770720193177361,5.608264285011784,37.0,39.0,0.5445764094751588,-1.3400863091597965,0.4305522824101394,-1.954707455888369,0.23493949986421356,0.23216069050739746,0.6146211467285725,76.0,0.4868421052631579,30
Alabama,Elmore,7.757169824852138,7.897317822830532,10.0,5.0,6.343072135327321,6.489917103803875,60.0,56.0,1.2716221444783018,0.8905259211855526,0.6549710414731074,-1.1373039910999732,0.6634576203759205,0.20947179216846035,2.027829912285526,116.0,0.5172413793103449,30
Alabama,Etowah,16.83573021430102,28.97939313741081,18.0,33.0,13.704885924403124,21.608122362208913,109.0,138.0,1.0671601237044241,0.3144965709983847,1.1363870295378244,0.8649342490775798,-0.06285292715459152,0.07408159470444681,-0.5504376780791951,247.0,0.44129554655870445,30
Alabama,Houston,18.4285404469605,12.524883498487506,20.0,13.0,14.986952615387745,9.63524390067491,123.0,66.0,1.083020640574104,0.4059256925721593,1.0364776008605119,0.15306248435758296,0.043925984240200014,0.10555052799946087,0.25286320821457636,189.0,0.6507936507936508,30
Alabama,Jefferson,549.4996057602086,164.1806820151824,707.0,203.0,418.32415004126756,120.44472555189648,2662.0,743.0,1.286364558429264,7.700610843903463,1.235724782711543,3.5371543206214615,0.04016240155849731,0.005853723425594355,4.163456523282001,3405.0,0.781791483113069,30
Alabama,Lauderdale,6.394636671938591,12.430895010662825,9.0,8.0,5.201684307262517,9.675308795551517,41.0,73.0,1.3778826139838996,1.142342409673201,0.6573404233033285,-1.4244888107033848,0.7401012297622035,0.1898197159117188,2.566831220376586,114.0,0.35964912280701755,30
Alabama,Lee,19.63974148475084,13.033703967580262,27.0,7.0,15.758562141855085,9.8689682844773,119.0,71.0,1.3654594335692993,1.8541069168254847,0.5541720151383621,-1.9206495191204835,0.901771097164887,0.09894962267701213,3.774756435945968,190.0,0.6263157894736842,30
Alabama,Madison,50.683386252695946,55.17403857375469,39.0,42.0,38.79009893447461,40.554373977885874,268.0,267.0,0.7717347931023115,-1.8758939859416086,0.7633719609490469,-2.068712219958311,0.010895548289939697,0.02842240221039586,0.19281823401670217,535.0,0.5009345794392523,30
Alabama,Mobile,215.96432442252308,91.99702377073103,256.0,102.0,164.80922917405755,69.68843829715291,1116.0,457.0,1.1849527661626593,3.1185764664989466,1.1081437631340763,1.198253953780552,0.06701658398504516,0.011767644789050333,1.9203225127183945,1573.0,0.7094723458359822,30
Alabama,Montgomery,153.71552758190285,35.968770174165286,160.0,43.0,115.39591767851783,26.125903104134835,755.0,161.0,1.0407512298964805,0.5850238908481722,1.1928013967088937,1.3756109931191023,-0.13636186658468027,0.025077664199527467,-0.7905871022709301,916.0,0.824235807860262,30
Alabama,Morgan,9.366099802966033,18.92420887481056,10.0,22.0,7.439648397875947,14.788985705314985,60.0,110.0,1.0642503329272421,0.23240457935960554,1.1583483345454624,0.7998115011411228,-0.08472450239740018,0.1261031332315204,-0.5674069217815172,170.0,0.35294117647058826,30
Alabama,Russell,12.525010809642396,9.539727717666345,9.0,9.0,10.326739742970988,7.24839846878774,87.0,54.0,0.7293659973753852,-1.0969298053814636,0.9462408012603154,-0.20047198555079704,-0.2603214234125617,0.14547457173509593,-0.8964578198306665,141.0,0.6170212765957447,30
Alabama,Shelby,6.868853268015822,9.74966477104032,7.0,4.0,5.471182211936374,7.629824947868168,50.0,61.0,1.0177974410962172,0.05606823482779319,0.4390387491222563,-2.0815422830998815,0.8408085240265107,0.1962278627681044,2.1376105179276745,111.0,0.45045045045045046,30
Alabama,Talladega,11.94538126815886,4.866716911535625,22.0,2.0,9.693218282461908,3.9947136209821053,77.0,34.0,1.807899614740256,3.22947264729237,0.46583414799210143,-1.43430655513195,1.3560913514101491,0.2365915304396601,4.66377920242432,111.0,0.6936936936936937,30
Alabama,Tallapoosa,11.402259474016176,5.038778268747801,9.0,4.0,9.03279598153236,4.090993281817779,77.0,34.0,0.7981677782054282,-0.7992981618699266,0.8124535378841503,-0.5135804369588715,-0.017739904697787277,0.23060758022698635,-0.2857177249110552,111.0,0.6936936936936937,30
Alabama,Tuscaloosa,34.52320313861926,26.677011818363322,29.0,22.0,27.017621834314333,20.06530259430545,193.0,132.0,0.8422987435855359,-1.062594239523889,0.8279055898557951,-1.0441084501272686,0.017235627701996565,0.050863564603614644,-0.018485789396620378,325.0,0.5938461538461538,30
Alaska,Anchorage,29.239503554608934,93.05835262021822,20.0,72.0,21.07918998400431,66.90585975269869,117.0,375.0,0.6893188368917131,-2.012434147004194,0.7749174495867786,-2.574496559101229,-0.11705258993292741,0.03238148394602269,0.5620624120970352,492.0,0.23780487804878048,30
Arizona,Maricopa,457.64887093916906,2702.6024351172755,392.0,2086.0,266.93100157842264,1566.8431689985423,1206.0,7012.0,0.856708430155914,-4.018164878190869,0.7718908365784799,-15.577310304594215,0.1042545025569983,0.0014890002704038019,11.559145426403347,8218.0,0.14675103431491848,30
Arizona,Pima,74.87172232067867,655.4475628016834,74.0,588.0,49.47238337589003,423.6695161030089,238.0,2067.0,0.988434358485669,-0.1239357929195221,0.8971753740289828,-3.276820506584173,0.0968708805450568,0.009811422360883604,3.152884713664651,2305.0,0.10325379609544469,30
Arizona,Pinal,7.9548366336524285,93.29960526357765,5.0,73.0,6.051492636000579,62.248045464162516,37.0,349.0,0.6505152303130948,-1.201163758335564,0.7835853870969329,-2.572910818978346,-0.18611532655582344,0.10278227120166768,1.3717470606427817,386.0,0.09585492227979274,30
Arkansas,Columbia,7.775516455489264,3.640040718898477,6.0,5.0,6.451073247307197,3.162355596542041,63.0,32.0,0.7854494683154742,-0.6990507647928162,1.3284893491248948,0.7647518804958008,-0.5255416229203503,0.34537243931760403,-1.463802645288617,95.0,0.6631578947368421,30
Arkansas,Craighead,6.052031661929341,12.246551732891593,3.0,11.0,4.932992626295451,10.18766227283309,39.0,96.0,0.5341854527866207,-1.3741489221708918,0.9022047876936825,-0.39054675807178735,-0.5240984631163444,0.20260924096929728,-0.9836021640991044,135.0,0.28888888888888886,30
Arkansas,Crittenden,36.59560763226532,17.774737623502112,25.0,22.0,28.802317961342638,13.077585346100216,230.0,91.0,0.6874129210332817,-2.160626961815375,1.2312078270860654,1.1683955683674525,-0.5828157785834367,0.06289894206345296,-3.3290225301828276,321.0,0.7165109034267912,30
Arkansas,Faulkner,5.021363036027188,10.04289933875866,2.0,13.0,3.9525633750875278,7.793965738086394,34.0,67.0,0.4527867455350004,-1.5197196908275878,1.2804826799749673,1.0592216823446017,-1.0395711253299573,0.23403534848694577,-2.5789413731721895,101.0,0.33663366336633666,30
Arkansas,Garland,13.246311706722008,27.28919930732966,19.0,24.0,10.487890338338987,21.522008858230425,80.0,164.0,1.4185623326484307,1.7766515592508798,0.8816374926476523,-0.7090041663028797,0.4756182304808117,0.0886722809867149,2.4856557255537597,244.0,0.32786885245901637,30
Arkansas,Hot Spring,4.738047648748935,4.379388411370821,4.0,5.0,3.8709575065057704,3.5423307476434505,36.0,34.0,0.8590987142079145,-0.3751243009123826,1.1271904460778157,0.3297428038182345,-0.2715996517786456,0.35713066544511485,-0.7048671047306171,70.0,0.5142857142857142,30
Arkansas,Jefferson,65.1930638864407,19.752361639858478,85.0,21.0,52.058506228113515,14.723361261961543,397.0,106.0,1.3015072663957075,2.7451839409838548,1.061604586286177,0.32515110556924065,0.20374150433942756,0.04998580334160926,2.420032835414614,503.0,0.7892644135188867,30
Arkansas,Miller,7.263611036563302,10.737660811564718,6.0,11.0,6.092482870981455,8.729761308754277,56.0,73.0,0.8372392652578508,-0.5119366851630007,1.0233446437683285,0.0887895768088302,-0.20072171423213472,0.19119050378193514,-0.600726261971831,129.0,0.43410852713178294,30
Arkansas,Mississippi,28.409979642724984,12.993257984184549,31.0,13.0,22.692171042206855,10.360982508807366,178.0,79.0,1.0895891449694182,0.5437072866982381,1.00049965811247,0.002094543077329416,0.08530116063898524,0.08948597710829112,0.5416127436209087,257.0,0.6926070038910506,30
Arkansas,Phillips,15.07198786890895,5.523877030350032,13.0,5.0,12.27781566391812,4.224772655786246,108.0,32.0,0.866941338103282,-0.591325563089492,0.9130332462448041,-0.2548752619967088,-0.05180098050891137,0.19250518552664486,-0.33645030109278323,140.0,0.7714285714285715,30
Arkansas,Pulaski,286.758489346722,117.34358461505468,357.0,109.0,218.87736589452084,88.89459551803438,1510.0,610.0,1.2445237068990371,4.747810935681838,0.9291978036622897,-0.8849423830985187,0.2921865337557901,0.00911765421394752,5.632753318780357,2120.0,0.7122641509433962,30
Arkansas,Sebastian,5.543785172029337,25.803088678449544,6.0,21.0,4.436220567085008,20.26898573279736,34.0,155.0,1.075484951067094,0.21660218394979333,0.8173944992861323,-1.0668530336985622,0.27440511452830235,0.17478761771376447,1.2834552176483556,189.0,0.17989417989417988,30
Arkansas,Union,15.4993310175777,8.338596414195361,8.0,7.0,12.23580880013116,6.275223894071747,96.0,45.0,0.5312722132357569,-2.1439081864977916,0.8485510197020096,-0.534361357496962,-0.46825567964179193,0.14118307242063002,-1.6095468290008297,141.0,0.6808510638297872,30
California,Alameda,1589.6163369498158,725.8738964179563,1725.0,638.0,825.4813174497011,388.3702874814413,3507.0,1663.0,1.0851407283255003,4.712079794889046,0.8790238789536655,-4.458993975950582,0.21065289772827933,0.0010637753451282787,9.171073770839628,5170.0,0.6783365570599613,30
California,Contra Costa,554.9912690251608,482.84467406517564,653.0,314.0,297.80835016686945,266.6085846036787,1271.0,1159.0,1.1764361321949057,5.679319882671039,0.6506743880198251,-10.34070863565211,0.5922355753484252,0.0021104229153758587,16.020028518323148,2430.0,0.5230452674897119,30
California,Fresno,195.73806457523722,803.9588115535333,211.0,689.0,111.77881756583336,473.3530596750985,504.0,2110.0,1.0777725537489258,1.443543435345803,0.8570979521853577,-5.283840155763821,0.2290995314409905,0.0036498351653762393,6.727383591109624,2614.0,0.1928079571537873,30
California,Kern,159.6082100951261,578.2496863230576,190.0,508.0,99.61498157567299,359.82259446609584,466.0,1709.0,1.189820308944913,3.0450466391112596,0.8786181867857734,-3.7033961781343434,0.3032071427563137,0.004986449512240179,6.7484428172456035,2175.0,0.2142528735632184,30
California,Los Angeles,6636.551581944083,11439.105034666876,6362.0,10534.0,3641.1748432968247,6225.5981919190635,15678.0,26687.0,0.9586335018563071,-4.5499139550658345,0.9208796954157051,-11.471189045587362,0.040179430995489165,0.00013024863930343744,6.921275090521528,42365.0,0.370069632951729,30
California,Madera,12.826148296877205,86.94213944930222,16.0,95.0,7.636577093227961,56.6279836410028,36.0,270.0,1.2381672207464884,1.1485165572429494,1.0921507708004974,1.0707897326142741,0.12548330215094733,0.05391164532303384,0.0777268246286753,306.0,0.11764705882352941,30
California,Merced,19.974125042239645,152.91905034874225,17.0,136.0,12.564113790358645,94.63952198364852,59.0,443.0,0.8547373801760122,-0.8390605323086178,0.8897200164498283,-1.7391607030012481,-0.040112560908998396,0.035538866937229074,0.9001001706926304,502.0,0.11752988047808766,30
California,Monterey,32.93080694358255,389.890271993575,29.0,418.0,19.490146363447355,212.88790816972048,89.0,929.0,0.8824196212129687,-0.8903774744120221,1.0720041712691233,1.9265538204412873,-0.1946175288515937,0.019373022521013555,-2.816931294853309,1018.0,0.08742632612966601,30
California,Orange,68.04866446368882,1355.8415487468083,40.0,1175.0,38.065585905615876,752.3498087304683,166.0,3245.0,0.5908211387758461,-4.546172679735749,0.8666696092043359,-6.593079465602107,-0.3831445006358397,0.00862966922671702,2.0469067858663577,3411.0,0.04866608032834946,30
California,Riverside,210.68247056471935,1082.2682624078534,188.0,937.0,131.77973517596067,672.8507970699385,612.0,3107.0,0.8925930239187725,-1.9759049113990326,0.8658362389706485,-5.600300826350003,0.030434946517905678,0.0035433200282637316,3.624395914950971,3719.0,0.16456036568970153,30
California,Sacramento,352.92908879728446,671.2757560716066,295.0,482.0,221.2262517201854,432.03826290303584,1046.0,2049.0,0.836094168155721,-3.894739065755913,0.7182456283054206,-9.106130796856467,0.1519296368266884,0.00273485975572552,5.211391731100554,3095.0,0.3379644588045234,30
California,San Bernardino,520.1829584012658,1607.5952179752958,475.0,1244.0,300.4140943585733,937.5283367538324,1325.0,4161.0,0.9132236658176829,-2.606840809866923,0.7738969596383182,-11.874790631152669,0.16554209193705646,0.0014729871758310778,9.267949821285747,5486.0,0.24152387896463726,30
California,San Diego,408.3019063541685,1493.372836456047,420.0,1389.0,240.1776468503731,872.5383038010257,1083.0,3915.0,1.0286155555147944,0.7548293890052014,0.930132716849144,-3.5334197766228237,0.1006417739684125,0.001831931725292231,4.2882491656280255,4998.0,0.21668667466986793,30
California,San Francisco,615.5322551534592,563.5774214691074,719.0,597.0,311.13715717458115,308.8851505211906,1319.0,1317.0,1.1679583235796087,5.865824211390443,1.0592517573985596,1.9016975072813793,0.09769443228243496,0.00179370302887889,3.9641267041090638,2636.0,0.5003793626707133,30
California,San Joaquin,173.85203319861188,554.6320460134581,145.0,470.0,102.88188700773507,328.70957959787273,465.0,1478.0,0.8345185159627861,-2.8445067102043953,0.8475460989484899,-4.667976486778621,-0.015490300867067056,0.004472488907997886,1.823469776574226,1943.0,0.2393206381883685,30
California,San Mateo,95.26444825026097,236.86292885388985,129.0,207.0,54.75144044433831,135.85268978775733,241.0,590.0,1.3522763652496383,4.559214684743624,0.874188741274455,-2.562112992692464,0.43624834442409444,0.008454448991415193,7.1213276774360885,831.0,0.29001203369434414,30
California,Santa Clara,62.576944353828594,585.4313034165258,36.0,372.0,37.81757161384537,345.83473807197635,178.0,1543.0,0.5786583413941888,-4.32173594328192,0.6357400566038676,-11.47687916704256,-0.0940775443042218,0.010666564202759096,7.15514322376064,1721.0,0.10342823939570017,30
California,Solano,139.8891422635506,176.25616913203046,112.0,129.0,76.99164699031378,101.19877464351354,336.0,449.0,0.8013440226652664,-3.1784351333419467,0.7326476956132048,-4.6975443093553775,0.08962539352791579,0.007191889907459091,1.5191091760134308,785.0,0.4280254777070064,30
California,Stanislaus,25.736362033785884,305.19804953606234,18.0,185.0,16.66205273254035,189.12245769245808,79.0,873.0,0.7051282481990688,-1.8952763033808555,0.6068079278932955,-8.740290528612592,0.15016738613376607,0.027185962217718008,6.845014225231736,952.0,0.08298319327731092,30
California,Tulare,14.540900659139606,367.33150960438877,8.0,320.0,9.66094450006424,233.5355634844311,49.0,1102.0,0.5651257323367117,-2.1043974151421505,0.8713228519892303,-3.0972327541420537,-0.4329643348587311,0.047422423011261254,0.9928353389999032,1151.0,0.04257167680278019,30
California,Ventura,23.10537729005827,378.0982898273354,22.0,321.0,13.387285486280978,214.35858513071997,59.0,947.0,0.9531726489064076,-0.3021094257102678,0.8491850297227285,-3.899892714458803,0.11551894985034562,0.02657591785526419,3.5977832887485355,1006.0,0.05864811133200795,30
Colorado,Arapahoe,63.416143460842925,127.56467530450927,48.0,102.0,44.47171882320604,89.72891444718508,242.0,511.0,0.7588067329142387,-2.3117123095979304,0.8003768389392145,-2.6988209597064743,-0.05333555430400019,0.016572256295473563,0.3871086501085439,753.0,0.32138114209827356,30
Colorado,Denver,202.02381534998418,473.84340418644166,199.0,439.0,137.241699138189,318.2043598782575,693.0,1595.0,0.9850693344644003,-0.258114394083642,0.9265439260271734,-1.953293549572798,0.061250573697728565,0.004779861747893537,1.6951791554891562,2288.0,0.30288461538461536,30
Colorado,El Paso,41.77289206866535,150.9717592634255,28.0,93.0,30.34995773274876,107.4572452373643,178.0,626.0,0.6741909201222014,-2.500035058158365,0.6172767811945299,-5.592405171392936,0.08819581987128533,0.022107373662953796,3.092370113234571,804.0,0.22139303482587064,30
Connecticut,Fairfield,305.277483519857,306.20585022128415,384.0,300.0,171.19051310772002,176.37432508738902,743.0,779.0,1.2574503379841924,6.016710585863491,0.9797661172201094,-0.46728690116420785,0.2495275212534135,0.003718004497382684,6.483997487027699,1522.0,0.48817345597897505,30
Connecticut,Hartford,221.77356381100316,240.26745596190273,264.0,204.0,139.20446487320447,152.43993778231487,652.0,744.0,1.1899750715514759,3.5789682607963873,0.8493672833938096,-2.9374312508846145,0.33719593778634793,0.005470945413114953,6.516399511681001,1396.0,0.4670487106017192,30
Connecticut,New Haven,215.01422016922638,236.16859697872113,221.0,159.0,141.28071540085867,159.09364060915107,689.0,827.0,1.0277744077679583,0.5035925490902954,0.6739381651649401,-6.1180665146587705,0.42201261061147327,0.005908353480722347,6.621659063749066,1516.0,0.4544854881266491,30
Connecticut,New London,20.024969225465135,29.1635092501757,12.0,25.0,13.02370787242166,20.056241262973746,63.0,110.0,0.6090143114315304,-2.2236992649331486,0.8596420533032166,-0.9296827252349991,-0.3446743181945461,0.05605954526292174,-1.2940165396981496,173.0,0.36416184971098264,30
Delaware,Kent,10.937743225800512,16.735785298753186,6.0,18.0,8.950857985960916,12.971157044782395,70.0,96.0,0.5682939257927845,-1.6504264249937937,1.0733482507082672,0.35101968939423633,-0.6358994880847311,0.12112979072826621,-2.00144611438803,166.0,0.42168674698795183,30
Delaware,New Castle,103.81111817879213,69.9967680225612,128.0,61.0,77.6260394909287,51.02436533303696,486.0,327.0,1.2318916932684727,2.745440767312818,0.8723804186359019,-1.259498680414582,0.3450806402421289,0.017617201514580173,4.0049394477274,813.0,0.5977859778597786,30
Delaware,Sussex,12.555041449194734,16.457666257051503,7.0,10.0,10.21906696260603,13.325697179831007,81.0,102.0,0.5744907076080266,-1.7377275292732335,0.6191889757019948,-1.7690113780545695,-0.07492659560686928,0.1140285175576567,0.031283848781336054,183.0,0.4426229508196721,30
District of Columbia,District of Columbia,3578.224262090654,271.020011069695,4306.0,314.0,1552.2714368453517,119.10877835704966,6527.0,503.0,1.203361780514542,18.471992356317372,1.1582940010976677,3.9381695886436625,0.03817088982881982,0.001742826249587534,14.53382276767371,7030.0,0.9284495021337127,30
Florida,Alachua,38.507663463502716,36.630485478324005,26.0,44.0,29.22599141558684,26.573878530484112,183.0,155.0,0.6793536871234178,-2.3136175033469293,1.1984761154275283,1.429589685982407,-0.5676642388706574,0.03951422925754025,-3.743207189329336,338.0,0.5414201183431953,30
Florida,Bay,17.916341126090646,49.71000636433554,11.0,16.0,13.77078243142802,35.740064299293955,85.0,204.0,0.6244454270945174,-1.863790513531486,0.3286197551992355,-5.638728312816405,0.6419626161014629,0.05736357454602986,3.774937799284919,289.0,0.29411764705882354,30
Florida,Brevard,54.165037627205805,114.12973548914412,47.0,75.0,39.361945435183706,79.74106885076667,220.0,440.0,0.8689283326562663,-1.142037061615437,0.6586423642855753,-4.381934543042356,0.27707995818154135,0.019538350580911416,3.2398974814269192,660.0,0.3333333333333333,30
Florida,Broward,421.69311050631137,502.6519532285405,451.0,479.0,285.93366211222065,330.16008318271247,1465.0,1659.0,1.0694158402029408,1.733153719278643,0.9529924248991292,-1.3016814890288997,0.11526087970549391,0.002914690917967218,3.034835208307543,3124.0,0.46895006402048656,30
Florida,Collier,10.202006322012886,64.9930259598613,9.0,88.0,7.935476086550604,47.50116832611057,56.0,312.0,0.8876840205615943,-0.42669765709217455,1.3512889151623408,3.3381615975786496,-0.4201983209510245,0.08748861501119501,-3.7648592546708244,368.0,0.15217391304347827,30
Florida,Columbia,10.960158053182356,15.244014100289665,7.0,13.0,8.365034360774027,11.169288937870474,54.0,64.0,0.6544412359057592,-1.3692370896093513,0.8574687442481154,-0.6714486710146828,-0.2702029319126534,0.11770081176204658,-0.6977884185946686,118.0,0.4576271186440678,30
Florida,Duval,666.3818738196661,385.6960888509564,813.0,374.0,432.80043988675453,246.4680598105247,2049.0,1183.0,1.2198562173246013,7.047641724148768,0.9697146367127756,-0.7450069696090176,0.22948643687046363,0.002631433863492641,7.792648693757785,3232.0,0.6339727722772277,30
Florida,Escambia,70.08789319907152,76.10363758614292,64.0,59.0,52.80678126081971,55.58449137200853,334.0,337.0,0.9137544283705638,-0.8377649306752425,0.7767255168932493,-2.294096422103528,0.16247482957727133,0.020347043252963663,1.4563314914282852,671.0,0.4977645305514158,30
Florida,Gadsden,24.896267208200094,8.250820862168984,24.0,7.0,17.896431391473904,6.072191269685414,112.0,36.0,0.9647087030210998,-0.21186259489862155,0.8570624536977489,-0.5076009130349305,0.11831540287942079,0.11807058318623564,0.2957383181363089,148.0,0.7567567567567568,30
Florida,Hendry,7.1278600764301,19.119062569449696,6.0,17.0,5.360222850813687,13.717652910087956,34.0,82.0,0.8521393857347803,-0.4871512272994717,0.8919896115347812,-0.572142059988045,-0.0457043745219001,0.1430301681073864,0.08499083268857333,116.0,0.29310344827586204,30
Florida,Highlands,14.210015005719537,22.151213632070906,17.0,15.0,10.645378761145274,15.87363710500396,63.0,95.0,1.1896656796879992,0.8551086671861228,0.6842900451944967,-1.7949052523358608,0.553045734771607,0.08507012226910989,2.6500139195219834,158.0,0.3987341772151899,30
Florida,Hillsborough,259.3897101957621,409.34074715996223,259.0,381.0,184.32153007735613,280.63172735741153,1042.0,1535.0,0.9985004785473478,-0.02870474774590496,0.9308493668422365,-1.6917761993971834,0.0701571650974451,0.004414310312940348,1.6630714516512783,2577.0,0.40434613892122623,30
Florida,Indian River,15.610887501927175,18.747757457364237,12.0,17.0,11.680210197554096,13.479617089119584,69.0,81.0,0.7758728374526083,-1.056546532098081,0.909196826631066,-0.4760388376503411,-0.1585729641922227,0.0862798754006214,-0.5805076944477399,150.0,0.46,30
Florida,Jackson,7.213186412482328,9.961649993195131,7.0,8.0,5.524852954168412,7.472674649880362,37.0,47.0,0.9723607856621582,-0.09069830262059751,0.8124913379370269,-0.7176017415985397,0.17962166110897032,0.18148900702856413,0.6269034389779422,84.0,0.44047619047619047,30
Florida,Lake,18.170648332122138,38.01590316077032,16.0,23.0,13.583639892436258,27.313872959680214,83.0,160.0,0.8837400665734987,-0.5889540180094522,0.6101375814013237,-2.8731600309220067,0.37047850204389443,0.060040646518767046,2.2842060129125543,243.0,0.34156378600823045,30
Florida,Lee,79.08367165526067,156.29954334720867,118.0,135.0,57.69345695369815,114.22604720146533,330.0,660.0,1.4889989056211992,5.123521674437853,0.8641606799833333,-1.9929101466468393,0.5441005739917487,0.013900447357569068,7.116431821084692,990.0,0.3333333333333333,30
Florida,Leon,71.69077370119726,33.272670678680996,62.0,24.0,49.072341003278375,23.15138564125491,256.0,121.0,0.8657616035352653,-1.3833754485503422,0.7254386315224288,-1.9271536476236617,0.17683310515639347,0.03046024585441385,0.5437781990733195,377.0,0.6790450928381963,30
Florida,Manatee,40.28888051854501,78.65953348960484,44.0,78.0,29.89409513648727,56.941616315663566,183.0,326.0,1.090983607156556,0.6787537324225881,0.9916682999440434,-0.08740211813239833,0.09544628388649537,0.027619785535428362,0.7661558505549864,509.0,0.35952848722986247,30
Florida,Marion,37.29958512959954,82.64864906500829,44.0,78.0,27.377881594326936,56.95852498358574,173.0,325.0,1.1772615981743566,1.2805654296123126,0.944092307965535,-0.6159527445262961,0.22072239576967334,0.028016979299642766,1.8965181741386088,498.0,0.3473895582329317,30
Florida,Martin,10.58446577662658,24.44001336837983,10.0,28.0,7.6844085308161585,17.640006688864588,48.0,108.0,0.9472716332564243,-0.21084041550583368,1.142741969662843,0.8476157039689144,-0.1876000023866738,0.0981240612972604,-1.0584561194747482,156.0,0.3076923076923077,30
Florida,Miami-Dade,1708.9936780429243,1739.3160415742707,1831.0,1718.0,1046.383827079356,1000.2985994517852,4837.0,4628.0,1.0713698585283755,3.771697254585808,0.98774810608426,-0.6739718044401357,0.0812656383750113,0.0006889228650763954,4.445669059025944,9465.0,0.511040676175383,30
Florida,Okaloosa,7.2631605669058,22.784235219153306,4.0,22.0,5.7411713019412165,17.367935175326256,43.0,114.0,0.5796608174231783,-1.3618779600510027,0.9663190475541922,-0.18817947274470567,-0.511050921720857,0.14228655219806585,-1.173698487306297,157.0,0.27388535031847133,30
Florida,Orange,255.8489732962642,262.6523010251387,236.0,238.0,188.04728638243418,186.98782936279233,1089.0,1062.0,0.922570498172721,-1.447453137893023,0.9063192648169789,-1.8028134608654838,0.017772160387077157,0.005583271854539012,0.3553603229724607,2151.0,0.5062761506276151,30
Florida,Osceola,12.607303929907646,42.50432904997446,13.0,31.0,8.976021777113736,31.175587156996666,56.0,194.0,1.0299600949357952,0.13107341245645596,0.732484396242864,-2.0604115426925196,0.34083329908557247,0.07372914203691462,2.1914849551489755,250.0,0.224,30
Florida,Palm Beach,327.677046465893,393.5097695765689,505.0,393.0,232.2690950396377,261.798697126829,1265.0,1364.0,1.5403271052734517,11.635076483415466,0.9987062006682811,-0.03150577538366036,0.4332894369049741,0.003853874155601394,11.666582258799126,2629.0,0.4811715481171548,30
Florida,Pasco,10.925628844040704,92.87238176331775,11.0,61.0,8.65090953684042,68.41454928461053,60.0,422.0,1.006509152097837,0.02528562230502065,0.6586530067947873,-3.853366199886026,0.42404648727911265,0.08040363753199699,3.8786518221910464,482.0,0.12448132780082988,30
Florida,Pinellas,138.7543050396383,279.03805327230083,111.0,227.0,100.51187696866076,189.00387471057317,550.0,987.0,0.8006933786949127,-2.768354263872222,0.8138426855909666,-3.7851725990943277,-0.016289010731720455,0.007648062391025084,1.0168183352221059,1537.0,0.357839947950553,30
Florida,Polk,78.79833089211205,163.3561856400126,70.0,163.0,57.58144822655372,113.57437519453244,352.0,652.0,0.8890477164761202,-1.1594686199698783,0.9978262301260014,-0.03342229193179083,-0.11542823464109295,0.01352967817575632,-1.1260463280380875,1004.0,0.350597609561753,30
Florida,Putnam,17.439646712191514,21.6882059504609,16.0,25.0,12.494095705912738,15.523609914729223,77.0,93.0,0.9197505538828057,-0.4072897827890733,1.1492592081096267,0.840556596938802,-0.22277035073661228,0.07408230346940228,-1.2478463797278754,170.0,0.45294117647058824,30
Florida,Sarasota,26.572700703412856,70.73413487044368,34.0,53.0,19.541822289028403,50.01199942294033,114.0,283.0,1.274346448769732,1.68015131108742,0.751044426907164,-2.5076845154539162,0.5287239299589144,0.03767115179484446,4.1878358265413365,397.0,0.2871536523929471,30
Florida,Seminole,34.18299636239407,66.76162461936813,29.0,58.0,24.81723173940044,46.3944003923954,146.0,262.0,0.8505608826804287,-1.0404093248715929,0.869738135691043,-1.2863284032411946,-0.022296179034288034,0.03164801802123478,0.2459190783696017,408.0,0.35784313725490197,30
Florida,St. Johns,9.750868064696894,33.27715337745087,5.0,28.0,6.896252960151945,23.213317311607934,43.0,137.0,0.536539926695723,-1.8091158484087122,0.8437655974593222,-1.095295019582802,-0.45273374791023835,0.09349408064065172,-0.7138208288259102,180.0,0.2388888888888889,30
Florida,St. Lucie,78.2091254309414,62.31164293341185,83.0,50.0,53.38866816000517,41.65472412472411,274.0,212.0,1.0608680955712317,0.6556774642296619,0.8039910698329652,-1.907584918368714,0.27725464808463196,0.019456566931300455,2.563262382598376,486.0,0.5637860082304527,30
Florida,Taylor,5.98372625353273,6.38795157734273,3.0,4.0,4.740468221872555,4.799878109965353,30.0,30.0,0.5398130431698881,-1.3704031739955826,0.6533146973335769,-1.0899596267901408,-0.1908360754006562,0.25002388513253504,-0.28044354720544185,60.0,0.5,30
Florida,Volusia,53.70641706625248,128.05812473203855,56.0,106.0,38.73869616361025,90.7854937714746,220.0,509.0,1.0423120187217731,0.3685037813560881,0.8284190534202671,-2.3150499090462606,0.22967749011805116,0.0189665919620224,2.6835536904023485,729.0,0.3017832647462277,30
Georgia,Bibb,144.05003002952793,36.71356433530802,98.0,33.0,104.74998052445744,26.481234434310903,590.0,146.0,0.6814249708552736,-4.499382784499549,0.900209388656044,-0.7216420626578302,-0.278441239373894,0.024694588796848715,-3.7777407218417185,736.0,0.8016304347826086,30
Georgia,Carroll,7.298323194980899,15.405282989044338,2.0,8.0,6.146694698284792,11.996177419618455,53.0,89.0,0.32058173757264025,-2.1370644761927653,0.5344136288461422,-2.138061628717016,-0.5110328497039609,0.1659451967685339,0.0009971525242509216,142.0,0.3732394366197183,30
Georgia,Chatham,261.7575097014731,89.04065106492038,267.0,88.0,174.45623365793153,57.595401263249094,866.0,282.0,1.0199898576955695,0.39691214625518073,0.9883778925823773,-0.13712329129098313,0.03148285580220515,0.00981076542979599,0.5340354375461639,1148.0,0.7543554006968641,30
Georgia,Clarke,40.637302710232284,21.17475182785824,29.0,21.0,26.63937099614019,14.135231625451468,135.0,71.0,0.7171107013941952,-2.254708220756212,0.9919375396200092,-0.04648044339929962,-0.32442991727799436,0.04765729142232218,-2.208227777356912,206.0,0.6553398058252428,30
Georgia,Clayton,87.01470230244597,52.95163337446169,108.0,71.0,62.75027783585639,37.5952077498696,350.0,213.0,1.2397916823738941,2.64915462603193,1.3376579065245464,2.943551644549509,-0.07597688635419346,0.02169593191140412,-0.29439701851757905,563.0,0.6216696269982238,30
Georgia,Cobb,65.60283028592106,87.80997698085616,71.0,79.0,46.36565291083881,60.76528785026539,254.0,322.0,1.0816480881489345,0.7926252164202767,0.9002380333224864,-1.1301783768581972,0.18358195467256244,0.018654116475607545,1.922803593278474,576.0,0.4409722222222222,30
Georgia,Coffee,9.562513440324466,7.994833043500849,12.0,13.0,7.595052144286696,6.201710010509909,60.0,44.0,1.2422343656116337,0.8844572570944408,1.5892013334303796,2.009846275042434,-0.24631991813553428,0.18008600144729375,-1.1253890179479935,104.0,0.5769230769230769,30
Georgia,Colquitt,18.682701213376664,10.21421080169848,10.0,11.0,14.203249667135427,7.529356216433628,89.0,44.0,0.5473681669335516,-2.3038860539176675,1.0733408379623213,0.28636974477312344,-0.6734097000293583,0.11286052743463021,-2.590255798690791,133.0,0.6691729323308271,30
Georgia,Coweta,9.066180346658642,10.434887595996239,5.0,10.0,7.2607294848066,7.89127136996569,51.0,52.0,0.5749421190790206,-1.5090252568757907,0.9602293492111001,-0.15481161154324422,-0.5129027880974786,0.16080693988007577,-1.3542136453325464,103.0,0.49514563106796117,30
Georgia,De Kalb,429.34096848566617,126.13202592047804,402.0,131.0,302.387665300831,88.78806244523288,1609.0,472.0,0.9363928278358653,-1.5722871258631401,1.0384418873830459,0.516619705693075,-0.10344160723306003,0.007221331241434582,-2.088906831556215,2081.0,0.7731859682844786,30
Georgia,Dougherty,94.91431133686427,25.326154505332124,52.0,19.0,65.73619220327322,16.919998638740044,350.0,84.0,0.5502319229098298,-5.292975402307281,0.7550485302011953,-1.5379408504234897,-0.3164421582322365,0.033676158254610476,-3.7550345518837913,434.0,0.8064516129032258,30
Georgia,Douglas,6.80822590650104,16.75584387223726,7.0,19.0,5.467625472492818,12.92459522574188,43.0,88.0,1.0262408546140271,0.08201448449835505,1.1300519490312113,0.6242299365159704,-0.09636113397688459,0.16399353138071499,-0.5422154520176153,131.0,0.3282442748091603,30
Georgia,Floyd,18.917888027705402,29.513704048392704,7.0,15.0,14.0457052676289,20.653910539165977,84.0,115.0,0.386241798763028,-3.1800029675405277,0.5164307602623295,-3.1935749808846174,-0.29047762892363393,0.06295752973796884,0.01357201334408975,199.0,0.4221105527638191,30
Georgia,Fulton,1618.94136391743,295.5796847778567,2425.0,428.0,1077.0157397431597,194.6033605064171,5365.0,957.0,1.4977386980734602,24.56154095067021,1.4472455289240662,9.492474727640731,0.03429432140439816,0.002638337561487731,15.069066223029479,6322.0,0.8486238532110092,30
Georgia,Glynn,23.006524921343278,18.410597885467716,18.0,11.0,17.03349505194856,13.749628891579144,107.0,90.0,0.7870155227922486,-1.2130661886885137,0.6081246119054459,-1.9985165999281402,0.25786815747042646,0.07274650850683259,0.7854504112396266,197.0,0.5431472081218274,30
Georgia,Gwinnett,62.70930711840134,92.10342030506209,67.0,114.0,43.54829786654133,66.20049535868789,235.0,370.0,1.0678807137303608,0.6501923230660352,1.2364554097764893,2.691198069544323,-0.14657270264816485,0.018877932403614284,-2.041005746478288,605.0,0.3884297520661157,30
Georgia,Hall,5.571914404902423,25.591240064779157,8.0,23.0,4.608393985252495,19.748204735183144,38.0,147.0,1.3998879814802982,1.131069240550222,0.9006854385477407,-0.5831010714512098,0.44099142733195773,0.17859050991863928,1.714170312001432,185.0,0.20540540540540542,30
Georgia,Henry,11.40721002932171,13.921747852882836,11.0,8.0,8.513103510239755,9.954995479243394,54.0,61.0,0.9658013902233228,-0.139564353729448,0.5893876447368959,-1.8768491918043624,0.49387410524877057,0.11678616005383453,1.7372848380749144,115.0,0.46956521739130436,30
Georgia,Houston,16.92174756972771,19.12054181888768,14.0,13.0,13.587854855631875,14.900480008467055,101.0,101.0,0.8322930832263589,-0.79262404313426,0.6880543934319004,-1.5855857718834971,0.1903167472551763,0.08820943087507424,0.7929617287492371,202.0,0.5,30
Georgia,Liberty,13.613340285937026,5.841240857081811,10.0,4.0,10.551290775509939,4.312830845970187,77.0,31.0,0.7439769599024356,-1.1123874162712535,0.7096402898770927,-0.8866033967388368,0.04725185880342807,0.18333607998912163,-0.22578401953241667,108.0,0.7129629629629629,30
Georgia,Lowndes,34.89864323704065,16.39016809504936,35.0,20.0,26.440925118772313,11.871350580630189,172.0,69.0,1.002863295134806,0.019711261015081416,1.2137238590306694,1.0476999272655745,-0.19083399931919803,0.06590093452559277,-1.0279886662504931,241.0,0.7136929460580913,30
Georgia,Muscogee,125.52208738611331,48.00090117118463,77.0,44.0,88.23540890461902,33.72069054126981,477.0,183.0,0.6149715625845118,-5.165567301816611,0.9175087251046451,-0.6889847255252362,-0.40008606249689904,0.020235354719107555,-4.476582576291375,660.0,0.7227272727272728,30
Georgia,Newton,13.788839665019244,10.622733871844359,9.0,11.0,11.084189777946278,8.035730909549924,86.0,54.0,0.6648545454154066,-1.438395514926065,1.0339184711692724,0.13308684276384142,-0.4415429159283313,0.1295092434765333,-1.5714823576899064,140.0,0.6142857142857143,30
Georgia,Richmond,97.92199848146092,37.811707876319765,182.0,65.0,80.21942962577083,29.848810022858398,646.0,222.0,1.8542602549812712,9.387341026766787,1.709660143876936,4.976435924977065,0.08119122765597632,0.02924332749332717,4.410905101789722,868.0,0.7442396313364056,30
Georgia,Rockdale,8.272068313861629,6.6013336117457335,4.0,7.0,6.438882451503615,4.977271871540601,47.0,37.0,0.5129919009966095,-1.6835768310403585,1.0561396506699623,0.17869563322093052,-0.7221156429600601,0.20831468452480373,-1.862272464261289,84.0,0.5595238095238095,30
Georgia,Spalding,28.97468010040785,12.9024603543644,14.0,8.0,21.223223144517863,9.529853562379765,129.0,55.0,0.4919476632351765,-3.2505128204189306,0.6342119114892248,-1.5880748817103778,-0.2540108085450993,0.08252529834716059,-1.6624379387085528,184.0,0.7010869565217391,30
Georgia,Tift,13.0117172529643,8.804958142610298,11.0,18.0,10.261192615805701,6.766159651220354,73.0,46.0,0.8511131327498025,-0.6280121132119044,1.9881873423248133,3.5349444224494238,-0.8484335586693315,0.1478823681895279,-4.162956535661328,119.0,0.6134453781512605,30
Georgia,Toombs,7.833955132653672,9.241686252256029,6.0,11.0,6.235745714242115,6.8290443021240375,47.0,42.0,0.7799418039259699,-0.7344200217485097,1.1804937771771054,0.6728471336974096,-0.41446877861774445,0.18156479402464176,-1.4072671554459193,89.0,0.5280898876404494,30
Georgia,Troup,23.61385297283114,9.099903270425498,9.0,4.0,18.044114207395456,6.3948638038778345,114.0,37.0,0.3939644158361405,-3.440305027216765,0.46875472317134564,-2.0167231761358946,-0.17381906325015076,0.109584473980217,-1.4235818510808702,151.0,0.7549668874172185,30
Georgia,Walton,6.473767296929088,10.3011127085036,7.0,5.0,4.968440545202222,7.529400400983334,37.0,49.0,1.0754588847985564,0.23608466897975752,0.5092067964136611,-1.9319097823899094,0.7476485052265978,0.18950768139999447,2.1679944513696667,86.0,0.43023255813953487,30
Georgia,Ware,11.436171998411165,10.208826079310525,8.0,8.0,8.856537904585817,7.434040939707028,58.0,45.0,0.7121211055882442,-1.1546301708868723,0.793737795071863,-0.810119427434572,-0.10850518473499643,0.13904795000178827,-0.34451074345230026,103.0,0.5631067961165048,30
Hawaii,Honolulu,8.124074345264448,99.11557263477415,9.0,92.0,5.826343471517792,70.04152211442816,33.0,381.0,1.1015674981068002,0.362885157047412,0.9285696759395003,-0.8502214716336807,0.17084402334197246,0.095406859018202,1.2131066286810928,414.0,0.07971014492753623,30
Illinois,Champaign,9.37463890346697,10.725933629333873,3.0,7.0,6.847571483099875,7.5994607118341415,40.0,45.0,0.354443340583437,-2.4360561901533098,0.6680958793843356,-1.35158613321407,-0.6338831911529693,0.14397219312961046,-1.0844700569392398,85.0,0.47058823529411764,30
Illinois,Cook,5899.4348587785225,2122.2173865053337,6641.0,2398.0,3411.350455590841,1262.7025871340816,16113.0,6051.0,1.1256903947198844,12.696562002675414,1.1299196092932051,7.760976131606216,-0.0037499563504245236,0.00037838133816254756,4.935585871069198,22164.0,0.7269897130481863,30
Illinois,Kane,18.622981897861475,46.17577337406991,17.0,54.0,12.514927396647888,30.2079089815377,68.0,161.0,0.9151292457143949,-0.45877475151401786,1.1676292873226763,1.4235774143250075,-0.24366541457087648,0.050252734650002615,-1.8823521658390254,229.0,0.29694323144104806,30
Illinois,Kankakee,21.83856013544796,8.335785687631919,25.0,11.0,16.16569364016576,5.854034865443502,94.0,33.0,1.1415238871880247,0.7862990540937776,1.3015254564285519,1.1011373773069353,-0.13117289165281995,0.11814434444935079,-0.31483832321315763,127.0,0.7401574803149606,30
Illinois,Lake,20.227058138720704,26.85708955194813,7.0,32.0,14.521982401891666,19.843450078094538,91.0,127.0,0.3618458514375021,-3.4709655992483635,1.187991870929327,1.154517102348966,-1.1888013608687165,0.06300500175672959,-4.625482701597329,218.0,0.41743119266055045,30
Illinois,Macon,11.856387252072107,11.300173536655977,8.0,4.0,7.883076097818158,7.53735664327687,41.0,40.0,0.6879033350605446,-1.3735130151755293,0.38135032387627443,-2.6590325367504644,0.5899298887979525,0.11510454558749314,1.285519521574935,81.0,0.5061728395061729,30
Illinois,Madison,11.182356770427663,28.695930612279003,8.0,26.0,8.188955626839984,19.957210424948933,47.0,118.0,0.7275929135734515,-1.1120763563467564,0.9076607405298748,-0.6034743170678568,-0.22112896786234254,0.08972391860793005,-0.5086020392788996,165.0,0.28484848484848485,30
Illinois,Peoria,15.771453701805276,14.581965126002098,7.0,4.0,11.877209244006588,10.727427917121723,76.0,63.0,0.46092992903073515,-2.5451557944213072,0.29836960650716293,-3.230862856109478,0.43491302540639626,0.09820000398552889,0.6857070616881709,139.0,0.5467625899280576,30
Illinois,Sangamon,18.429555848964846,19.60041941311462,13.0,14.0,12.792071515621107,13.69345544928382,68.0,72.0,0.7131704572317391,-1.5180772268324965,0.7213779823190855,-1.5134358796960068,-0.011442784944467528,0.07330633572384232,-0.004641347136489671,140.0,0.4857142857142857,30
Illinois,St. Clair,188.3043202911763,39.24820908881966,280.0,52.0,125.3400400154442,24.90506836720371,652.0,124.0,1.4856651562178742,8.19037826343177,1.3208142254330437,2.5552142096681485,0.11761420473344797,0.01970252875211223,5.635164053763621,776.0,0.8402061855670103,30
Illinois,Will,32.75072387699667,45.29268609515617,46.0,56.0,23.595726223789047,32.03345977342459,136.0,176.0,1.3984657949708388,2.7275673108353082,1.2338214858720948,1.8918147682999844,0.12525952296176587,0.03761362771840508,0.8357525425353238,312.0,0.4358974358974359,30
Illinois,Winnebago,74.3489015534375,60.17594884499783,62.0,44.0,45.055509862281646,37.92771577517172,227.0,189.0,0.8350155941216967,-1.8397312019351086,0.7334042705072359,-2.6265847652831535,0.12975332176143795,0.018624730130017027,0.7868535633480449,416.0,0.5456730769230769,30
Indiana,Allen,159.00706901090697,108.87804834485152,150.0,106.0,99.7334273311661,69.9815696465513,466.0,349.0,0.9435318505520838,-0.9019098258394265,0.9736871484872587,-0.34403786605919434,-0.031459927150052545,0.009848055642105646,-0.5578719597802322,815.0,0.5717791411042945,30
Indiana,Delaware,14.232293543186755,26.097146620507637,10.0,19.0,9.758820181730233,17.318463077761876,48.0,85.0,0.7127199827521721,-1.3548060395716672,0.7331613529161279,-1.7054111709781312,-0.028277192211357986,0.07360651237859171,0.350605131406464,133.0,0.3609022556390977,30
Indiana,Elkhart,19.49867662360437,39.00157956139945,33.0,35.0,13.557625588212886,28.012594455892536,71.0,156.0,1.675110840107293,3.6667771921452545,0.898698239264595,-0.7560574361089989,0.6226872998084242,0.05407507517631725,4.422834628254254,227.0,0.31277533039647576,30
Indiana,Howard,7.219610647466607,18.428774586140353,5.0,18.0,5.501334721650407,13.128875008218232,33.0,77.0,0.7124711661209195,-0.9463303409614469,0.9773480008339102,-0.11833556251576859,-0.3161033391786399,0.14420326730424848,-0.8279947784456783,110.0,0.3,30
Indiana,La Porte,16.438122361532507,27.006383894850835,10.0,20.0,12.523974471673228,18.957740716462457,75.0,106.0,0.6199034211635011,-1.8192322224425364,0.7452815345835981,-1.609165229962537,-0.18419835217529756,0.07234155949987477,-0.21006699247999938,181.0,0.4143646408839779,30
Indiana,Lake,815.2853141634488,256.79603203977604,1153.0,298.0,508.59647760202637,157.2316347560049,2316.0,719.0,1.41397495146485,14.974877304619458,1.1601422596126711,3.286011476340593,0.1978622174572668,0.00314947651072836,11.688865828278864,3035.0,0.7630971993410214,30
Indiana,Madison,10.810393921552006,21.043727219973867,9.0,11.0,7.870267762720695,14.278741396732347,43.0,75.0,0.8399353785457205,-0.6453247601980976,0.5337980695066538,-2.6579692055435706,0.45330733812205143,0.09958885230000604,2.0126444453454733,118.0,0.3644067796610169,30
Indiana,Marion,794.3776181518933,412.66738322662377,838.0,324.0,521.7169062777319,268.8603985275887,2493.0,1313.0,1.0548793686624736,1.9098177257538,0.7853959755143852,-5.407549114292259,0.2949936788640084,0.002405560705924046,7.317366840046059,3806.0,0.6550183920126117,30
Indiana,St. Joseph,97.8855205994709,78.24493270974612,122.0,88.0,66.7380050674989,52.34103817944411,340.0,270.0,1.2451019139157637,2.9518295784730113,1.1238818417206737,1.3483700680088964,0.10242876221194444,0.015514530478651083,1.603459510464115,610.0,0.5573770491803278,30
Indiana,Vanderburgh,22.06904602087685,42.20165310478321,16.0,19.0,15.921553758622009,30.932028612374097,87.0,179.0,0.7310898291729808,-1.5209947217003277,0.45665679387517,-4.171715928321391,0.47060422685664155,0.05005824305426139,2.6507212066210633,266.0,0.32706766917293234,30
Iowa,Black Hawk,9.267999099855581,13.659984016442921,9.0,8.0,7.0018141635919005,10.194073806027117,44.0,62.0,0.9725635621875166,-0.10128101508480218,0.6002831634647039,-1.7727247899747938,0.48253394993685905,0.13614723959697891,1.6714437748899915,106.0,0.41509433962264153,30
Iowa,Polk,28.594484611393177,58.222725744209676,23.0,54.0,22.431966781721624,44.926025603629085,147.0,291.0,0.807713225165624,-1.181208074360352,0.9280904336320585,-0.6300048253517609,-0.138922101899959,0.04068782510148402,-0.551203249008591,438.0,0.3356164383561644,30
Iowa,Scott,11.456926718218654,21.23660470506495,3.0,10.0,9.02366592714296,16.784212850528707,61.0,117.0,0.292717358103992,-2.81527655117864,0.48305612318345864,-2.7427398325102477,-0.5009253486340138,0.10596198576896168,-0.07253671866839229,178.0,0.34269662921348315,30
Kansas,Sedgwick,69.77051312234187,99.20116093901783,56.0,61.0,52.12713220783061,71.37507101463525,305.0,416.0,0.8040356828138251,-1.9072964790484621,0.6168433689314455,-4.521716031410454,0.2650285172319035,0.017961209526722623,2.6144195523619924,721.0,0.42302357836338417,30
Kansas,Shawnee,27.47621965070075,44.667418614580896,36.0,33.0,20.373842981886348,32.326484087606154,116.0,183.0,1.3046794905002739,1.8884077425292345,0.7416850691835988,-2.052085936660746,0.5647879704358878,0.043189576068506215,3.9404936791899803,299.0,0.3879598662207358,30
Kansas,Wyandotte,108.76956080893976,76.0356739593687,122.0,85.0,75.69518657894272,52.089872443165795,400.0,276.0,1.121080739165722,1.5206880360088029,1.1171261135740478,1.2420554844886413,0.0035337481896046074,0.015408006057561204,0.27863255152016153,676.0,0.591715976331361,30
Kentucky,Christian,20.454163106516564,16.74919644325661,13.0,14.0,14.320240277052099,12.072286816457076,78.0,68.0,0.6442633824779963,-1.969807283447511,0.8406188686933657,-0.7912450404998865,-0.2660307475175988,0.07726141874273043,-1.1785622429476246,146.0,0.5342465753424658,30
Kentucky,Fayette,63.55886471032358,99.81973237264127,60.0,72.0,41.63055133196457,65.94429529583084,204.0,334.0,0.9444438372984459,-0.5515760462432635,0.7226893282639165,-3.4258183551939676,0.26761679058296933,0.016923551677837302,2.874242308950704,538.0,0.379182156133829,30
Kentucky,Jefferson,346.30071610021525,205.2317298382575,421.0,157.0,237.1856247991107,140.8120430607433,1194.0,727.0,1.215395414230341,4.85034082151571,0.7655600821702301,-4.064554379659608,0.4622170471369176,0.005320907349707513,8.914895201175318,1921.0,0.6215512753774076,30
Kentucky,McCracken,13.622858275662754,22.458796875858777,8.0,17.0,9.344984790895017,15.001180757865,50.0,75.0,0.6018611696081128,-1.839364658861806,0.7622350637372155,-1.409399821796131,-0.23622818726632935,0.08009573242029827,-0.429964837065675,125.0,0.4,30
Kentucky,Warren,10.333100884759766,26.929972457213758,13.0,23.0,7.551140887137509,19.039498032306508,42.0,101.0,1.246180585190717,0.9705106391053362,0.8567270724261985,-0.9006618337572758,0.37471922148551834,0.09697474903081782,1.871172472862612,143.0,0.2937062937062937,30
Louisiana,Acadia,5.713746981700277,6.396884459774338,8.0,7.0,4.874076066609505,5.397679727862513,50.0,46.0,1.3679346817681546,1.0355668521951715,1.0874475342806302,0.25959538226003126,0.22946883233766546,0.28120441419526154,0.7759714699351403,96.0,0.5208333333333334,30
Louisiana,Ascension,14.843688234830212,10.944195235793433,9.0,14.0,12.307005384436815,8.665497473024516,101.0,66.0,0.6191470951837366,-1.6657539149294933,1.267017881226727,1.0380752907541808,-0.7160784152350133,0.12820374433127918,-2.7038292056836744,167.0,0.6047904191616766,30
Louisiana,Bossier,24.13391823585044,25.38850790244529,10.0,12.0,18.119778781898194,19.18483492927369,111.0,120.0,0.42624157064543033,-3.3203673065359927,0.48283972359872146,-3.056702314996505,-0.12467851059346255,0.06087328004310388,-0.26366499153948775,231.0,0.4805194805194805,30
Louisiana,Caddo,370.8434132117606,90.2229106952463,283.0,71.0,256.2407240140261,62.005065269887425,1293.0,315.0,0.7634442672565531,-5.4876338436107295,0.7881140436529938,-2.4412123806820665,-0.03180267922938574,0.009480399762189673,-3.046421462928663,1608.0,0.8041044776119403,30
Louisiana,Calcasieu,43.217701772683206,30.25912429739925,22.0,26.0,34.7602135388036,24.283746733941456,258.0,175.0,0.5146656637394196,-3.5987951206747706,0.861532979410621,-0.8642959286771299,-0.515195843395428,0.045132344622495144,-2.7344991919976405,433.0,0.5958429561200924,30
Louisiana,East Baton Rouge,540.3056809011161,113.57309905259957,556.0,94.0,383.2224881751878,80.04924483459584,2034.0,421.0,1.0290202556170143,0.8017094177662651,0.8284161716026113,-2.18766578393491,0.21684676957806673,0.007518641067116985,2.9893752017011748,2455.0,0.8285132382892058,30
Louisiana,Iberia,11.240210984226161,5.187554202724736,3.0,5.0,9.189813686664019,4.141397849361019,71.0,30.0,0.29812070708971994,-2.7182223453219394,0.9670237511521412,-0.09216230403570638,-1.1767245949996246,0.22663139078213157,-2.626060041286233,101.0,0.7029702970297029,30
Louisiana,Jefferson,156.5700305056606,100.44275508097374,282.0,97.0,129.3743680614736,82.76454350459633,1021.0,656.0,1.7985608017680945,11.02750328731583,0.9658939853760475,-0.3784286129303983,0.6216879872942754,0.0134811825232145,11.405931900246227,1677.0,0.6088252832438878,30
Louisiana,Jefferson Davis,5.8302134908361785,6.1777769979535595,7.0,4.0,4.743244235174201,4.903052276791421,36.0,36.0,1.1847941638709725,0.5371169585218922,0.6738769505748768,-0.9835130900413414,0.5642768087742173,0.2680126252058895,1.5206300485632336,72.0,0.5,30
Louisiana,Lafayette,49.433641640407885,42.947570859750904,27.0,48.0,38.04460599905175,31.464930024563586,256.0,198.0,0.550730911997937,-3.637083173482995,1.1162879544303725,0.9007138611296553,-0.7065178064572754,0.03262738232608423,-4.537797034612651,454.0,0.5638766519823789,30
Louisiana,Lafourche,8.383381007870293,12.232914850168168,6.0,12.0,7.180873257684374,10.080883907793075,68.0,92.0,0.7317033902115962,-0.8894158069101369,0.9817076566592219,-0.07335806587958962,-0.29391833484131796,0.16953931848056247,-0.8160577410305473,160.0,0.425,30
Louisiana,Livingston,4.224940368672453,13.85916803950948,3.0,8.0,3.6614518744138373,11.64954767496192,35.0,104.0,0.7407500892933768,-0.640159628818871,0.5919563011319399,-1.7166486729787784,0.2242304904942301,0.2657725122611707,1.0764890441599073,139.0,0.2517985611510791,30
Louisiana,Natchitoches,12.565968274288817,6.205149287020171,8.0,3.0,10.39150135689343,5.032227477938384,84.0,36.0,0.6505449746672262,-1.4164255112231285,0.5219868865224673,-1.4287891057833775,0.22016796821216392,0.19650320893553155,0.012363594560248936,120.0,0.7,30
Louisiana,Orleans,2411.635117496818,334.11072293043816,3429.0,408.0,1515.3415368474052,204.2682822499344,6787.0,916.0,1.4217694419867106,26.13493826987354,1.220821605543474,5.169885790282317,0.1523781025504415,0.0020904172099294595,20.965052479591222,7703.0,0.8810852914448916,30
Louisiana,Ouachita,41.54897839576326,20.502338470865336,40.0,14.0,33.67720274451359,16.33539334151981,256.0,123.0,0.9631625201167948,-0.2669176882314413,0.6903993105393741,-1.6088100634841747,0.33295202082925307,0.0583699050160857,1.3418923752527334,379.0,0.6754617414248021,30
Louisiana,Rapides,61.89107638741854,33.627300793268226,35.0,24.0,46.59438552709739,24.678732950868955,291.0,144.0,0.5689916259748765,-3.939502604987424,0.717900315305122,-1.9379524271192714,-0.23246500586070734,0.03398825650974903,-2.001550177868153,435.0,0.6689655172413793,30
Louisiana,St. Charles,9.390353736533871,9.069284335522376,16.0,9.0,7.6625474453972275,6.6690691575057555,62.0,50.0,1.668292200616731,2.387765259129992,0.9927597160777025,-0.02682887398927409,0.5190670908051209,0.1679789146482885,2.414594133119266,112.0,0.5535714285714286,30
Louisiana,St. John the Baptist,15.31035722601851,4.9666905346633685,22.0,5.0,12.6582818867924,4.081529206673534,101.0,33.0,1.4231177498616285,1.8802497766179627,1.0060931682752887,0.01648755310666691,0.34677538331421753,0.21945964441335739,1.8637622235112958,134.0,0.753731343283582,30
Louisiana,St. Landry,12.515201803627969,8.288752288053631,8.0,6.0,10.583248689206977,6.9674707208679765,93.0,58.0,0.6530824591310322,-1.3879303250710242,0.739581659257289,-0.8670840856008025,-0.12438130232660298,0.16898209333128156,-0.5208462394702217,151.0,0.6158940397350994,30
Louisiana,St. Mary,9.998804556112022,10.973845796428982,8.0,12.0,8.378670161161493,8.82352472081011,69.0,66.0,0.8096159857601701,-0.6905303696063262,1.0894341985919307,0.3454550733786925,-0.2968537129965148,0.1570764354681723,-1.0359854429850186,135.0,0.5111111111111111,30
Louisiana,St. Tammany,12.839503887202394,28.363717704534068,11.0,39.0,10.832931477737292,23.52835419906528,95.0,204.0,0.862101026937953,-0.558891766705075,1.368500080424329,2.192775047783793,-0.46209812282865464,0.09495864681029235,-2.751666814488868,299.0,0.3177257525083612,30
Louisiana,Tangipahoa,23.35582396662274,13.464559551843514,8.0,6.0,19.63889245364806,11.012681898665413,165.0,85.0,0.3563071228179985,-3.465090875880698,0.4654640181001563,-2.24935312119546,-0.2672417329338599,0.09674675413823988,-1.2157377546852381,250.0,0.66,30
Louisiana,Terrebonne,18.116693988267116,21.531395849707025,7.0,21.0,15.011918396574565,17.253067785526085,120.0,127.0,0.40286422523390886,-2.869178404893601,0.9758800643712237,-0.12793370985787428,-0.8847400989064073,0.08295345588865936,-2.7412446950357268,247.0,0.48582995951417,30
Louisiana,Vermilion,6.197387217498141,5.701578282880327,8.0,5.0,5.027711154199142,4.493753147723215,36.0,33.0,1.2691516443594908,0.8039282439941936,0.8868710107526888,-0.3309569694937255,0.3584044098662216,0.2691393635986419,1.134885213487919,69.0,0.5217391304347826,30
Louisiana,Vernon,3.843048873733095,8.54501906505467,6.0,6.0,3.2472455918316996,7.3814908091598515,30.0,70.0,1.4966444516229644,1.196968542030496,0.7186275621145651,-0.9367398550776141,0.7336376197061363,0.320960940080423,2.1337083971081103,100.0,0.3,30
Louisiana,Washington,20.635884487935115,8.094276431130638,9.0,3.0,16.415859192254135,6.557717019662356,111.0,46.0,0.4494725548591465,-2.8718886160299895,0.4072477803159923,-1.9893269741048987,0.09865299795839756,0.13864074796038872,-0.8825616419250908,157.0,0.7070063694267515,30
Louisiana,Webster,11.515265199384915,5.8096071787406744,2.0,4.0,9.799775069067763,4.801647098747975,84.0,40.0,0.2080686492153315,-3.039574855391054,0.7131981235158523,-0.825827216026157,-1.2318911853553245,0.21616859897117696,-2.2137476393648967,124.0,0.6774193548387096,30
Maryland,Anne Arundel,80.51027901214046,90.47684005645225,74.0,49.0,55.155125533264936,61.85073030485636,285.0,333.0,0.919636383289523,-0.8766104891019831,0.5440945186630426,-5.273916457200098,0.5248553770561174,0.016064709737160503,4.397305968098115,618.0,0.46116504854368934,30
Maryland,Baltimore,157.9415181761211,173.61707103279417,162.0,125.0,102.35222782995528,114.17704406452039,510.0,585.0,1.0256150147423326,0.40115753612863325,0.720779411550994,-4.549874245093739,0.352714583463456,0.00789089014140555,4.9510317812223725,1095.0,0.4657534246575342,30
Maryland,Baltimore city,3234.248676036368,323.8959009456203,4051.0,301.0,1911.0913538445532,199.85965124548116,8353.0,907.0,1.2524929772795892,18.683107957469087,0.9294198820673185,-1.6195530373589953,0.29833061719029524,0.002087782755269202,20.30266099482808,9260.0,0.9020518358531318,30
Maryland,Charles,19.459587458764638,11.384915021705135,23.0,9.0,15.275949955277348,9.121313536052526,106.0,68.0,1.1773790439581806,0.9058363764146242,0.7993325978898779,-0.7896674136830912,0.3872689710132105,0.11071213172481567,1.6955037900977155,174.0,0.6091954022988506,30
Maryland,Frederick,7.882419003454661,22.59211439172711,12.0,18.0,6.014562741702649,16.830398042379752,39.0,107.0,1.4912163177298048,1.678959116854327,0.8011392844402215,-1.1193489710508266,0.6213125664134701,0.1297768381897155,2.798308087905154,146.0,0.2671232876712329,30
Maryland,Harford,15.040208719735586,26.125238993120913,17.0,30.0,11.458882195352746,19.823007532602357,74.0,128.0,1.1261110011846585,0.578946847861153,1.1455296235230112,0.8702822935744324,-0.017096978404863312,0.07969992736073406,-0.2913354457132794,202.0,0.36633663366336633,30
Maryland,Howard,19.799693134916204,27.498711363361053,16.0,19.0,13.906483981017717,18.59955525166532,75.0,99.0,0.8128201687748375,-1.0189194541360582,0.6964606244527948,-1.9706150715418895,0.15449863228895855,0.060069962730166966,0.9516956174058313,174.0,0.43103448275862066,30
Maryland,Montgomery,80.13921853923776,108.55171421209486,68.0,82.0,54.44351268057242,73.87987616803255,282.0,394.0,0.8494625969951456,-1.6451960608221408,0.7565218079886906,-3.08908234608798,0.11587255041487227,0.014747055355690548,1.4438862852658392,676.0,0.4171597633136095,30
Maryland,Prince George's,1103.9787560711293,235.50950434219274,1451.0,250.0,657.3945315481669,142.89001036737776,2913.0,659.0,1.3141945845688336,13.534525000988133,1.061397932673073,1.212222406612003,0.21363715109382123,0.0031156243122234307,12.32230259437613,3572.0,0.8155095184770437,30
Maryland,St. Mary's,7.9092874055247195,10.353792921960746,2.0,6.0,6.160967838394629,8.135970298725114,40.0,57.0,0.2972903504710226,-2.3807327272019574,0.5988689895537246,-1.5263814932540027,-0.7003335866587252,0.17438045605373498,-0.8543512339479546,97.0,0.41237113402061853,30
Maryland,Washington,8.05561602181178,22.734137989772286,9.0,14.0,6.00548873104815,17.31458862829566,36.0,110.0,1.1103817627837198,0.3853669203145482,0.6240816855948316,-2.099007353900124,0.5761778994077426,0.12604535005136916,2.484374274214672,146.0,0.2465753424657534,30
Maryland,Wicomico,26.082779345916283,13.321156847668965,25.0,12.0,19.901805153866842,10.162332812809764,122.0,61.0,0.9592676397066576,-0.24271338544253576,0.9044105452075969,-0.4144361906735013,0.05888671778962864,0.08652163701335452,0.17172280523096553,183.0,0.6666666666666666,30
Massachusetts,Bristol,33.59215713843243,94.18294551423364,22.0,49.0,19.44787741917066,59.75536957698331,87.0,285.0,0.6599758386844793,-2.628622103021266,0.5227974238777636,-5.845020936808278,0.23300917210690597,0.023970880368153164,3.2163988337870117,372.0,0.23387096774193547,30
Massachusetts,Essex,16.220783389913286,125.2140261734366,12.0,97.0,10.911744395500103,79.13943554968294,54.0,375.0,0.7475726291353401,-1.2777502443608049,0.7755697830048639,-3.1715282975820505,-0.03676649983289961,0.046519199407291184,1.8937780532212456,429.0,0.1258741258741259,30
Massachusetts,Hampden,86.88324684164868,141.51504518564076,57.0,65.0,50.7652082989582,85.45236459462225,228.0,394.0,0.658020868739273,-4.194157121149617,0.4612187385806835,-8.277225683480188,0.3553642286085778,0.010991990658249297,4.0830685623305705,622.0,0.3665594855305466,30
Massachusetts,Middlesex,30.839931387863846,131.97762956685193,21.0,88.0,19.362398897667827,89.26374110251895,92.0,452.0,0.6860257520642089,-2.2362095026241686,0.6680373153517245,-4.654727642029949,0.026571133192059178,0.025482641619686927,2.41851813940578,544.0,0.16911764705882354,30
Massachusetts,Norfolk,12.906296509687836,53.58529429930324,19.0,39.0,7.806001347332111,36.25943109040054,37.0,182.0,1.454540408375173,2.1810569585971438,0.7303279109735539,-2.422170462642603,0.6889516327755925,0.059490347931419246,4.603227421239747,219.0,0.1689497716894977,30
Massachusetts,Plymouth,53.610896592356006,55.567258136114816,46.0,31.0,30.61800019300638,34.7697396955942,134.0,162.0,0.8593463226142299,-1.3754582437543927,0.5618252264722355,-4.1663520990875655,0.4249811936462437,0.021913620553884905,2.790893855333173,296.0,0.4527027027027027,30
Massachusetts,Suffolk,750.2954140982763,365.9263308927613,1034.0,429.0,393.70800770967963,204.42895469718314,1695.0,892.0,1.3778720282175136,14.298129687351851,1.1721319233625105,4.411404597039803,0.16171605309618198,0.0022260791439255236,9.886725090312048,2587.0,0.6551990722844995,30
Massachusetts,Worcester,25.486108443091645,124.42435977972605,16.0,73.0,15.107404511835332,77.32291333968702,68.0,364.0,0.6349546349402114,-2.4405806076967327,0.588356027035876,-5.8480999847576856,0.07622130248073673,0.028253120679715537,3.407519377060953,432.0,0.1574074074074074,30
Michigan,Berrien,48.61852547934774,21.70590430324328,42.0,11.0,34.564134428431046,15.022191190626856,202.0,85.0,0.8652539868663087,-1.1257667108297522,0.5178802827822855,-2.762210135582322,0.5132789890385725,0.0465068627414548,1.6364434247525697,287.0,0.7038327526132404,30
Michigan,Calhoun,41.60766828554637,44.07650047023697,45.0,29.0,28.45492319198003,30.1302240288856,152.0,170.0,1.0805632763003898,0.6359450682417916,0.6617836682737508,-2.7466249775972766,0.490299018841057,0.03194570530506436,3.3825700458390684,322.0,0.4720496894409938,30
Michigan,Genesee,380.26378995240606,137.44543775996257,583.0,158.0,260.6680985894403,90.53433977775636,1385.0,470.0,1.5324461395684057,12.557043001869236,1.149005016576222,2.1602378064623164,0.28796887784754915,0.006595072915141883,10.39680519540692,1855.0,0.7466307277628033,30
Michigan,Ingham,56.56523227852691,59.867562126081275,57.0,54.0,39.459542679240904,40.621044160619114,217.0,226.0,1.0076187847506,0.06921197932840725,0.9028027318077461,-0.9206237092116891,0.10984111650124964,0.023666151798568427,0.9898356885400964,443.0,0.4898419864559819,30
Michigan,Jackson,23.77204212314361,37.98035811036935,22.0,29.0,17.34850882001911,25.849924710035943,102.0,150.0,0.9269924584774039,-0.42544455097745926,0.7666248821122742,-1.7662981503501058,0.1899478199542515,0.04861947986362675,1.3408535993726467,252.0,0.40476190476190477,30
Michigan,Kalamazoo,35.461583084374254,38.74961494796565,22.0,25.0,24.59718875536298,25.699812771088435,140.0,141.0,0.6256676728388113,-2.714272202874299,0.6496879022585594,-2.712224010976792,-0.037672741131967474,0.0366757374499008,-0.0020481918975070457,281.0,0.498220640569395,30
Michigan,Kent,99.45014617904756,99.07045463703298,104.0,92.0,71.30518824687795,65.52974415986849,408.0,355.0,1.0455212322831622,0.5388115272240335,0.9289904353373989,-0.8734299986874852,0.11817238381312659,0.01388610530424689,1.4122415259115186,763.0,0.5347313237221494,30
Michigan,Macomb,24.043036259228224,113.73053416730816,13.0,77.0,17.10843827102846,82.09142646701632,98.0,475.0,0.5500541928639321,-2.669828191395,0.6784525745672286,-4.0539495816777045,-0.2097977735105138,0.03594254994436854,1.3841213902827043,573.0,0.17102966841186737,30
Michigan,Muskegon,31.193629198390106,26.498755299678248,21.0,14.0,22.08999367221385,18.457876694932402,130.0,101.0,0.6783697715846345,-2.1688575868930506,0.5370617955922139,-2.9092155170396916,0.23357936161075568,0.04898836285510239,0.740357930146641,231.0,0.5627705627705628,30
Michigan,Oakland,104.3424684834809,143.85457096998456,125.0,108.0,73.45640933962213,99.74644155673539,415.0,557.0,1.1970340055449373,2.4102582398449424,0.7516215057891048,-3.5900113742462025,0.46536923365737215,0.01156698359488343,6.000269614091145,972.0,0.4269547325102881,30
Michigan,Saginaw,148.09412917288793,75.05596910300024,203.0,69.0,102.72288066706649,50.18186307148034,547.0,261.0,1.3695022887696295,5.417328719769215,0.9198479064606457,-0.8548900457565286,0.397994322634578,0.013591646250310431,6.272218765525744,808.0,0.676980198019802,30
Michigan,Washtenaw,39.33722268128043,50.8202219621571,36.0,41.0,28.13438872206243,34.416178037715326,167.0,193.0,0.9162285305885896,-0.6291677375257047,0.8086481003648346,-1.6739403736911636,0.12490197968022801,0.03150720054870888,1.044772636165459,360.0,0.4638888888888889,30
Michigan,Wayne,4658.225963476864,892.4382394105115,5912.0,1060.0,3090.291784898735,590.1849126731825,15802.0,3014.0,1.2691238004450962,22.55378979508165,1.1876521277665377,6.897327747979395,0.0663483851417181,0.0008834389946790115,15.656462047102254,18816.0,0.8398171768707483,30
Minnesota,Hennepin,219.06086749177183,160.64718066920227,262.0,147.0,166.4864795299217,117.50212517930208,997.0,684.0,1.1955682403643142,3.3278502960212704,0.9153123212424252,-1.2589836215592882,0.26711152456815845,0.008022379418679422,4.586833917580559,1681.0,0.5930993456276026,30
Minnesota,Ramsey,59.9541158739276,63.52948519919311,74.0,50.0,46.81040292807738,47.84472984304489,305.0,304.0,1.2323395838815012,2.0529477283245012,0.7886991413861373,-1.9559791386868968,0.4462848106212989,0.02487730535976083,4.008926867011398,609.0,0.5008210180623974,30
Mississippi,DeSoto,4.946315537015073,4.842766770413696,5.0,4.0,4.153044764856871,4.0378261895640915,37.0,38.0,1.0098570240045897,0.026343004556278977,0.8422602358237623,-0.4194049898176074,0.18147500425844695,0.34191854251793563,0.44574799437388635,75.0,0.49333333333333335,30
Mississippi,Forrest,17.65346585828815,8.662686106644914,12.0,7.0,14.373436681748291,6.883723015123273,129.0,60.0,0.6885737466100996,-1.491195085442635,0.8185372621856914,-0.6337216938426303,-0.17289649631233753,0.13785265034761754,-0.8574733916000047,189.0,0.6825396825396826,30
Mississippi,Harrison,22.46904455710069,31.252750859547042,33.0,38.0,18.824815824152477,25.32812743567508,190.0,227.0,1.458484697381274,2.4271823608865355,1.2124933732607384,1.3406802304196255,0.18471913978281893,0.0632187874209713,1.08650213046691,417.0,0.4556354916067146,30
Mississippi,Hinds,259.35093712790035,46.215805366194175,410.0,78.0,211.66853619116162,36.96175754764128,1683.0,281.0,1.5797518551874576,10.354718128864148,1.6803734707056215,5.227991881984506,-0.06174829167490736,0.02045188185974011,5.126726246879642,1964.0,0.8569246435845214,30
Mississippi,Jackson,13.756227632340181,13.032034895231671,14.0,16.0,11.910147135297976,10.686232458060221,128.0,95.0,1.0170993599391485,0.07063596978652278,1.2193288095801587,0.9079176981213886,-0.18134573992255137,0.12586045101829713,-0.8372817283348658,223.0,0.5739910313901345,30
Mississippi,Jones,12.495252528324054,4.477239660320173,7.0,4.0,10.336204018650228,3.8617881933748284,107.0,37.0,0.5771338405046943,-1.70925602043494,0.9041155956131971,-0.24285234572099806,-0.44888302458094326,0.2588514296226592,-1.466403674713942,144.0,0.7430555555555556,30
Mississippi,Lauderdale,28.4324793065342,13.219444738430123,24.0,20.0,23.095838642526125,10.782372813178366,201.0,91.0,0.8467991885668382,-0.9223162244529411,1.4942295691148908,2.064943094077748,-0.5679024335821055,0.09026999851448168,-2.987259318530689,292.0,0.6883561643835616,30
Mississippi,Lee,5.735317513277136,5.861122830888657,3.0,4.0,5.096347644352116,5.08733534844299,63.0,59.0,0.561318648576804,-1.211652892422001,0.707422277423834,-0.8251442041256666,-0.23133902295219347,0.3030240841370605,-0.38650868829633434,122.0,0.5163934426229508,30
Mississippi,Lowndes,9.839514206437919,5.157954768695672,14.0,5.0,8.397167455841862,4.219348609164302,88.0,35.0,1.4023869700736564,1.4357460708163274,0.9720827091850215,-0.07689711341237798,0.366490149806845,0.24532853959217635,1.5126431842287054,123.0,0.7154471544715447,30
Mississippi,Madison,9.592210749775397,3.499590179562913,15.0,3.0,8.248252769079146,3.09980205171172,87.0,34.0,1.5358379233553912,1.8829499545322708,0.8750896574064722,-0.2837572144582402,0.5625050427755299,0.34274901806436053,2.166707168990511,121.0,0.71900826446281,30
Mississippi,Rankin,3.95201527500586,5.223105475938704,4.0,2.0,3.4045454718381705,4.5734990090529655,37.0,51.0,1.0107782031350008,0.026005992958154648,0.4368257776325448,-1.5071282947803855,0.8389413738915373,0.38562779230026434,1.53313428773854,88.0,0.42045454545454547,30
Mississippi,Warren,18.071074601979927,5.64100541408601,6.0,2.0,15.590734705418088,4.767404574241474,172.0,46.0,0.35000667108983624,-3.057121104601956,0.4070994619652334,-1.6675555889759517,-0.15110531932155066,0.19756150001065162,-1.3895655156260043,218.0,0.7889908256880734,30
Mississippi,Washington,56.86440908927335,8.821261495167413,56.0,8.0,45.24597451549032,7.107924893285268,370.0,58.0,0.9849312648208732,-0.12850775941941978,0.911893739319169,-0.30804207937668016,0.07704838744783632,0.10533691194300653,0.17953431995726038,428.0,0.8644859813084113,30
Missouri,Boone,12.018996489734867,18.04780835002611,7.0,11.0,9.621307792674104,13.449132546502929,68.0,92.0,0.5990895521178342,-1.6180794333393287,0.6200193458427562,-1.9217945126029563,-0.03433959088259592,0.10789364087363165,0.3037150792636276,160.0,0.425,30
Missouri,Cape Girardeau,5.633830332534629,8.415997252777354,4.0,8.0,4.459604878680407,6.424964553682195,31.0,39.0,0.7336362038140212,-0.7736753564021731,0.953342599713367,-0.16411757626914514,-0.26196106446154344,0.2312149725658691,-0.609557780133028,70.0,0.44285714285714284,30
Missouri,Greene,8.025222521323204,51.5031641405736,10.0,47.0,6.280749947598326,39.56465363826661,43.0,260.0,1.231639405744249,0.7879749547844744,0.9134059587528027,-0.7159193375997611,0.29892098667335326,0.11243637771795918,1.5038942923842356,303.0,0.1419141914191419,30
Missouri,Jackson,1015.0381900533281,506.83010683046615,960.0,456.0,602.2871294909426,309.5014403499327,2772.0,1475.0,0.9458039189541085,-2.2426543980413935,0.8998086134725453,-2.8892803585173668,0.04985318472126159,0.00178943663277638,0.6466259604759732,4247.0,0.6526960207205086,30
Missouri,St. Louis,198.86643558270754,143.681178886745,187.0,82.0,140.95918901193681,100.72224836347353,781.0,555.0,0.9404792710065545,-0.9994788070757776,0.5721967363354974,-6.145963260032232,0.4969067312142442,0.008443210404830962,5.146484452956455,1336.0,0.5845808383233533,30
Missouri,St. Louis city,1985.0113410210433,310.60334114830846,2867.0,381.0,1135.3009738302671,176.9625398002039,5120.0,802.0,1.4442123501170216,26.176253966842925,1.226280626212022,5.291896918019323,0.16357837943682632,0.0021224223467292106,20.884357048823603,5922.0,0.8645727794663964,30
Nebraska,Douglas,81.42371935623635,63.71247301453181,111.0,38.0,57.55163179554708,45.12925577964251,325.0,258.0,1.3610221908401696,3.898654392008767,0.5995719864470433,-3.8274961547612327,0.8197752625888106,0.019798274380324818,7.72615054677,583.0,0.5574614065180102,30
Nebraska,Lancaster,5.697219021118497,28.87606901853656,3.0,13.0,4.418529317543932,22.128479848329853,30.0,153.0,0.5647694535360003,-1.283149748726839,0.4595577438043661,-3.374948795002719,0.2061530005297567,0.16266783647169317,2.09179904627588,183.0,0.16393442622950818,30
Nevada,Clark,498.75924190801345,1103.4665754358434,501.0,1014.0,300.4849966137276,646.9167558523901,1365.0,2937.0,1.0044881654737587,0.129265781845569,0.9189589817060156,-3.5175203117346365,0.08899191493351835,0.001739215565601895,3.6467860935802054,4302.0,0.3172942817294282,30
Nevada,Washoe,15.821661557481479,169.50286915485486,11.0,81.0,10.93043301337245,112.98939660750875,58.0,575.0,0.7045851281439335,-1.4584046472934251,0.47940367362719044,-8.326040240118022,0.38506617393797765,0.047597606525680194,6.867635592824597,633.0,0.09162717219589257,30
New Jersey,Atlantic,107.34318721368338,80.91412457681815,136.0,97.0,69.8518336569082,54.59460116534529,345.0,287.0,1.265726686374126,3.4287749506120724,1.1975808928339462,2.177057261777666,0.055342813426196825,0.014400931396389708,1.2517176888344066,632.0,0.5458860759493671,30
New Jersey,Bergen,28.51605579547984,80.0556834156723,17.0,69.0,19.280510766270098,55.2889594996361,101.0,291.0,0.6031143627290024,-2.622675099839833,0.8627572512962953,-1.486847358235553,-0.35802653179494054,0.032337326915227574,-1.13582774160428,392.0,0.2576530612244898,30
New Jersey,Burlington,25.6250066781313,41.02007561993052,20.0,27.0,17.947407405099078,28.863974508236883,99.0,165.0,0.7846887946313952,-1.3277679511281844,0.6623302002561723,-2.6095900628440223,0.1695229757098892,0.04448606056941219,1.281822111715838,264.0,0.375,30
New Jersey,Camden,359.22321163158546,242.2671041607547,432.0,233.0,205.88171992658786,146.03999434675953,918.0,668.0,1.2023132953759728,5.072055446122541,0.961827183329508,-0.7668459720182461,0.22316793478532124,0.004083657726736517,5.838901418140788,1586.0,0.5788146279949559,30
New Jersey,Cumberland,36.27291518306844,36.80471529267078,26.0,19.0,25.090818945722933,26.583279171605184,132.0,152.0,0.7206390863512921,-2.050861272444742,0.5227221236515145,-3.453271762175019,0.3210884277021218,0.038694602637557626,1.402410489730277,284.0,0.4647887323943662,30
New Jersey,Essex,1419.3483562966549,321.7113130274245,1874.0,416.0,851.5551517377468,196.85020348635834,3861.0,901.0,1.3202114096812412,15.580176568944324,1.2926299703342516,6.720346316591059,0.02111300296017661,0.002324670448748301,8.859830252353266,4762.0,0.8107937841243175,30
New Jersey,Gloucester,11.97575194138309,32.6702662759158,10.0,28.0,8.17534731804763,23.388881593082665,48.0,135.0,0.8416326366004955,-0.6910020110120078,0.8592032322843673,-0.9656881784908047,-0.02066186525504813,0.07891649718631119,0.2746861674787969,183.0,0.26229508196721313,30
New Jersey,Hudson,191.63506181899018,219.4755466986249,199.0,239.0,121.48852901511222,146.50704555377843,596.0,755.0,1.03833208843448,0.6681923036225471,1.0887573805106818,1.6130566759316467,-0.04742136341518411,0.0063496399210790765,-0.9448643723090996,1351.0,0.4411547002220577,30
New Jersey,Mercer,167.22341173386044,84.55455283346144,191.0,91.0,108.92368765939291,55.25634535582623,541.0,283.0,1.1417607000736885,2.278181753629326,1.0757801546397978,0.867085600690197,0.05952542106759305,0.011623916273715378,1.411096152939129,824.0,0.6565533980582524,30
New Jersey,Middlesex,46.05281486844707,89.73918413809525,30.0,75.0,30.505206050307144,60.855954875999906,156.0,322.0,0.6551698342235482,-2.906459098974015,0.8366653657291547,-1.8893912683017449,-0.24452969763450785,0.021940217434529487,-1.0170678306722702,478.0,0.3263598326359833,30
New Jersey,Monmouth,45.561250363080454,64.86610506188872,31.0,54.0,30.60670411053404,44.47983650415564,160.0,239.0,0.6838720128459267,-2.632027281960371,0.8337654499744068,-1.6292671782631807,-0.19818134337018806,0.0253156177513198,-1.0027601036971903,399.0,0.40100250626566414,30
New Jersey,Ocean,15.112249433119581,50.8151916488264,15.0,24.0,10.53606116641217,35.618337730578546,59.0,198.0,0.9928101691174971,-0.034581594563743726,0.4774414595908525,-4.493079276909591,0.7320979220144942,0.05992777016611718,4.458497682345848,257.0,0.22957198443579765,30
New Jersey,Passaic,126.52894387179761,149.96887708536144,109.0,109.0,83.50785967072984,100.67293326211029,423.0,519.0,0.8620082688439221,-1.9181919940134804,0.7277252420637148,-4.083172231800783,0.1693413010338732,0.009692330051135817,2.1649802377873026,942.0,0.44904458598726116,30
New Jersey,Salem,11.571312745487097,8.184717365894308,8.0,5.0,7.980155052531351,5.95373281727028,47.0,33.0,0.7041487681758354,-1.2642187257977073,0.6332963720384283,-1.3051974766330463,0.10605113742094115,0.14847545506064003,0.04097875083533897,80.0,0.5875,30
New Jersey,Union,155.6872004681931,109.28109355089188,168.0,101.0,97.755320157471,71.79674453161567,466.0,355.0,1.0788336015684867,1.2453361853819434,0.9245672156922634,-0.9773166880844676,0.15430998485437739,0.010044999775855039,2.222652873466411,821.0,0.5676004872107187,30
New Mexico,Bernalillo,65.3978298112967,556.9543276541231,70.0,480.0,40.903140151322866,341.3436628236289,186.0,1549.0,1.0698379628264232,0.7195887247418862,0.8619540223537918,-4.165212143756274,0.21606054847296605,0.01066419411003658,4.88480086849816,1735.0,0.10720461095100864,30
New Mexico,Lea,11.27710558953471,48.43682986336348,2.0,19.0,7.189568334169644,30.68329939131412,32.0,139.0,0.21227626609899233,-3.4598804414875532,0.39847288952811105,-5.3142258660081625,-0.6297508963231278,0.0696119947305899,1.8543454245206092,171.0,0.1871345029239766,30
New York,Albany,53.37469026965381,43.94857593367079,45.0,24.0,34.396681244613944,28.938702040189664,166.0,146.0,0.8445524191835391,-1.4279417220001436,0.5511987613857546,-3.7082787639344836,0.42671133301296815,0.027056528415810917,2.28033704193434,312.0,0.532051282051282,30
New York,Broome,10.407432111700617,24.376720809081164,9.0,8.0,7.67186462704392,17.671671706814863,45.0,107.0,0.870965769276635,-0.5081325198581924,0.34168490554820646,-3.8957235236915273,0.9357136920222134,0.10056848020616714,3.387591003833335,152.0,0.29605263157894735,30
New York,Dutchess,37.36527560717446,35.25529842688618,46.0,21.0,24.96365324732503,24.419687607344677,127.0,136.0,1.2280380706165912,1.7282016258594386,0.601309482676086,-2.8847372433480007,0.714063362144954,0.03752695174934631,4.612938869207439,263.0,0.4828897338403042,30
New York,Erie,535.3432271411397,218.35027315722064,755.0,206.0,293.9675094740364,123.838476935141,1275.0,553.0,1.4099273103269128,12.811351067591959,0.9435674766174577,-1.1098103282414784,0.40162554948471996,0.0036231894394381445,13.921161395833437,1828.0,0.6974835886214442,30
New York,Monroe,423.7981291591634,195.06808857921592,463.0,145.0,245.9406863669503,114.7169117134177,1083.0,516.0,1.0923922783221396,2.499721370652166,0.7439864093219095,-4.674630501493521,0.38410255340440297,0.004384118790801736,7.174351872145687,1599.0,0.6772983114446529,30
New York,Nassau,105.43200054039224,138.44968987947203,141.0,143.0,74.87066126828819,96.49610637118985,403.0,522.0,1.3357625578499819,4.110584727349814,1.0327478969148833,0.4632187193085456,0.25727922225967004,0.011769598548415038,3.647366008041269,925.0,0.43567567567567567,30
New York,New York,9812.820573649578,7719.180144093695,10353.0,8078.0,4912.72450375013,3864.1573764275167,20624.0,16259.0,1.0550455294205812,7.70684871901584,1.046481181759951,5.772302263351668,0.008150641177122376,0.00011586969261349738,1.9345464556641714,36883.0,0.5591736030149391,30
New York,Niagara,16.661286184430928,34.146729616333864,14.0,18.0,10.611139318690032,23.209842401821078,51.0,120.0,0.8449250157691968,-0.8169783937475815,0.5339609309410361,-3.351571410258417,0.45892521143309883,0.058130317530023505,2.5345930165108355,171.0,0.2982456140350877,30
New York,Oneida,36.484300861616866,45.865441132061214,46.0,30.0,23.15285392488235,31.003308681851546,110.0,159.0,1.2572902263040677,1.9775999227771315,0.6578175308011805,-2.8493652916072723,0.6477864859544379,0.032131663759871934,4.826965214384404,269.0,0.40892193308550184,30
New York,Onondaga,106.72219954829747,78.30430766306021,79.0,42.0,68.8496204845147,50.5013512355548,335.0,248.0,0.7414509339942219,-3.3410033413602305,0.5393106196899186,-5.1086560009184945,0.3183172943384168,0.014281231443489233,1.767652659558264,583.0,0.5746140651801029,30
New York,Orange,33.803801814277286,62.56307394116083,30.0,37.0,23.943242622860847,42.033905806414516,130.0,217.0,0.8891142785026779,-0.7773675326930486,0.594642754569628,-3.942876760563873,0.40226496176167137,0.03169226678713262,3.165509227870824,347.0,0.3746397694524496,30
New York,Rensselaer,7.678433858811907,21.168085126948146,10.0,14.0,5.816453622735156,14.97204154812617,37.0,90.0,1.2838643903302716,0.9626134519229997,0.6691869593020313,-1.852518878620954,0.6515663817382441,0.13206679340529037,2.8151323305439537,127.0,0.29133858267716534,30
New York,Rockland,19.748161879802694,31.261027208239486,11.0,19.0,12.418289366289846,19.422020741800292,58.0,93.0,0.5679527884193338,-2.4824809420853953,0.6139599916636602,-2.7821442859729943,-0.07789146958069058,0.05171671321734736,0.2996633438875991,151.0,0.3841059602649007,30
New York,Schenectady,27.095154724793144,25.372141667787165,32.0,16.0,16.84982861251261,16.860416829181847,78.0,87.0,1.1777429887283817,1.1948890137272896,0.6377516098925736,-2.282467966468898,0.6134062831050741,0.04914267928431866,3.4773569801961877,165.0,0.4727272727272727,30
New York,Suffolk,133.68592550277535,230.4886563839707,146.0,222.0,79.69293425566661,139.18289759822358,372.0,657.0,1.091768748854141,1.3794052285571747,0.9632507651377474,-0.7195252136340877,0.1252405875948549,0.007079024990615649,2.0989304421912625,1029.0,0.36151603498542273,30
New York,Westchester,169.51371520084203,157.43187075328152,141.0,155.0,102.12026308333452,95.95767716164836,468.0,444.0,0.8322857943127826,-2.8216155820523157,0.9846017732729796,-0.2482564989867669,-0.16806138371356652,0.007425510813709922,-2.5733590830655486,912.0,0.5131578947368421,30
North Carolina,Alamance,23.446693255912383,25.908486279479785,12.0,18.0,18.565046114085213,19.929513336047865,137.0,138.0,0.5219927388894824,-2.656635848900144,0.7005323896347317,-1.7715157532341599,-0.29418692497534066,0.06346030269143252,-0.8851200956659842,275.0,0.49818181818181817,30
North Carolina,Anson,14.195742785407504,5.40030888251081,10.0,11.0,11.377832581344682,4.125763772526342,94.0,31.0,0.7144926359507483,-1.2438817241112878,1.9490505037943546,2.7568421022413316,-1.003524921102273,0.19793122780696631,-4.000723826352619,125.0,0.752,30
North Carolina,Beaufort,10.911479389113444,8.178674101542217,6.0,12.0,8.862980809265048,6.287045353553451,73.0,47.0,0.5696018700433357,-1.6497662751000735,1.440312178305984,1.5240204024569293,-0.9276775163905746,0.16843087112784658,-3.1737866775570027,120.0,0.6083333333333333,30
North Carolina,Bladen,10.486358378913096,6.586919289879015,6.0,4.0,8.505714456410294,5.402796329969333,78.0,47.0,0.591642815191239,-1.5382912276031935,0.6349726610300965,-1.1129446884657002,-0.07067884439394609,0.20187443749906606,-0.4253465391374933,125.0,0.624,30
North Carolina,Brunswick,5.501603931965154,13.499098504780632,5.0,12.0,4.407289217711202,10.87561534743185,37.0,91.0,0.9164216869937784,-0.23893246119058736,0.8929146398770824,-0.4545725969310852,0.025985627458382673,0.20529270072935038,0.21564013574049784,128.0,0.2890625,30
North Carolina,Buncombe,17.70342126034205,46.25876352397366,18.0,44.0,14.223271652839351,35.30282216338906,114.0,248.0,1.0162924724652764,0.0786394129654285,0.9516932580388792,-0.3801596799691137,0.06567367838358948,0.0618797765539988,0.45879909293454224,362.0,0.3149171270718232,30
North Carolina,Cabarrus,20.662521111020173,30.59366641591152,25.0,30.0,16.093755754496573,23.16478238361432,115.0,149.0,1.2049604045862536,1.0812065575352316,0.9809071594204881,-0.12334693688064521,0.2057241697486195,0.062445039117505534,1.204553494415877,264.0,0.4356060606060606,30
North Carolina,Catawba,20.54863586839028,38.24849004874438,19.0,32.0,15.291375018153342,29.312836456071047,105.0,202.0,0.9264258321501994,-0.3960281382553545,0.8387423602601295,-1.1541072255219167,0.09943041111364413,0.05625117881783287,0.7580790872665621,307.0,0.34201954397394135,30
North Carolina,Chatham,8.545421857582404,9.785070174891654,8.0,16.0,6.732877545790934,7.4873801314355655,55.0,58.0,0.939701888295547,-0.21019974277700376,1.6042671288991779,2.2712831965580214,-0.5348596289209262,0.17039973325119462,-2.481482939335025,113.0,0.48672566371681414,30
North Carolina,Cleveland,30.85093280671905,20.60359124378457,32.0,25.0,23.617979605628268,14.758567532141452,159.0,94.0,1.036651770470915,0.23644168940297092,1.2083251473850574,1.1443950239284288,-0.15323915693856466,0.059580825748508925,-0.9079533345254579,253.0,0.6284584980237155,30
North Carolina,Columbus,22.432493749544754,13.461206806902206,25.0,17.0,17.37190356389688,10.239821970748302,137.0,73.0,1.1119593132127732,0.616010059983347,1.253473302275579,1.105882486138334,-0.11979473352421062,0.09103159358239313,-0.48987242615498705,210.0,0.6523809523809524,30
North Carolina,Craven,14.894115098002368,10.413352912901466,16.0,11.0,11.598503198413093,8.092489880061462,87.0,57.0,1.0718381599044389,0.32471993818723105,1.0537549817897867,0.20622239965407138,0.01701512301316706,0.12691230943543028,0.11849753853315967,144.0,0.6041666666666666,30
North Carolina,Cumberland,130.89714668219125,78.74407686536009,197.0,97.0,100.2407809145729,58.24763569269002,693.0,393.0,1.503076778963024,6.602341521551245,1.2303758698035905,2.392019124782588,0.20019448536498993,0.015244206039521885,4.210322396768657,1086.0,0.638121546961326,30
North Carolina,Davidson,7.875477976811228,25.365808536536452,9.0,32.0,6.560570993974821,20.396876452181314,59.0,156.0,1.1342636236764252,0.4390329800330849,1.2564849830266274,1.4689471416829871,-0.10233447583299107,0.137476669709505,-1.0299141616499021,215.0,0.2744186046511628,30
North Carolina,Duplin,14.779977587647325,13.486164179105243,9.0,15.0,11.67994726373367,10.212907868028402,89.0,74.0,0.6217286606284038,-1.691241837125374,1.1082380988460272,0.4737007478828956,-0.5780229742484575,0.10962086892658243,-2.1649425850082693,163.0,0.5460122699386503,30
North Carolina,Durham,141.94793190367204,50.174835941888446,164.0,64.0,106.94445663877144,38.089136525871126,658.0,235.0,1.1548079203511377,2.13240742357896,1.2728210915959475,2.2401119866306867,-0.09730174150783373,0.020437285154585802,-0.1077045630517266,893.0,0.7368421052631579,30
North Carolina,Edgecombe,11.357613641650282,6.749563624856667,17.0,5.0,9.201868502499773,5.1086242802134025,83.0,38.0,1.4758450164483887,1.8600508172235308,0.7586663535363816,-0.7740655850140639,0.6654239034006459,0.18347280408415473,2.634116402237595,121.0,0.6859504132231405,30
North Carolina,Forsyth,103.19325299607063,62.27517831064363,110.0,60.0,77.81668633995761,46.96038273073483,514.0,290.0,1.0656431041293237,0.7716195849218187,0.9637567208589215,-0.332008822979723,0.10049485103273731,0.01941633760516398,1.1036284079015417,804.0,0.6393034825870647,30
North Carolina,Franklin,8.29509538268745,6.664608613634689,10.0,11.0,7.158805368648497,5.268899586790588,72.0,44.0,1.1938472004145106,0.6372059308575849,1.6051121031391435,1.8887233497609908,-0.2960125664064427,0.22266285690360615,-1.251517418903406,116.0,0.6206896551724138,30
North Carolina,Gaston,37.25993517399378,65.66647455100471,27.0,39.0,28.245975709704645,48.61207149364031,190.0,312.0,0.7282851486180502,-1.9304845316038466,0.5969790633102456,-3.8246662145049632,0.19881061622369856,0.031619135486670794,1.8941816829011167,502.0,0.3784860557768924,30
North Carolina,Granville,10.776094282375164,5.194442066812825,10.0,5.0,8.68047357086471,4.220500426490184,72.0,35.0,0.9311734841036031,-0.2634163782945337,0.9658540618147593,-0.09464730547444707,-0.036567146476559474,0.23116941381600564,-0.16876907282008663,107.0,0.6728971962616822,30
North Carolina,Guilford,169.01386987100508,87.13695400450435,222.0,86.0,127.62948367455942,64.65014049098214,800.0,400.0,1.3125769600405899,4.6901496012685655,0.987026545851355,-0.14140284880449328,0.28505069440357944,0.012982538877050375,4.831552450073059,1200.0,0.6666666666666666,30
North Carolina,Halifax,30.861735871691828,8.957139608352772,29.0,9.0,24.345935743653175,7.134101489715369,188.0,54.0,0.9406367083981377,-0.3773156605478596,1.0045320671389235,0.01604672808740534,-0.06572011190246424,0.11448170075749622,-0.3933623886352649,242.0,0.7768595041322314,30
North Carolina,Harnett,16.885351761902836,22.294765098088675,14.0,23.0,13.338383335734068,16.67258020870584,114.0,129.0,0.8340354683978489,-0.7900365240916823,1.0309384588468717,0.17271592767893476,-0.21194886198578475,0.0803250732458068,-0.9627524517706171,243.0,0.4691358024691358,30
North Carolina,Hoke,8.176384082288036,6.803521639876056,10.0,6.0,6.178583183563273,5.069097101330392,46.0,35.0,1.2101815572497179,0.7336500058297891,0.8899816171572688,-0.35688826843501426,0.3073248670152336,0.2019324205148505,1.0905382742648033,81.0,0.5679012345679012,30
North Carolina,Iredell,11.664740607494265,25.644504793541266,11.0,21.0,9.622642048171706,18.57664272277952,83.0,128.0,0.9453551350626629,-0.21429154905044753,0.8223525429065062,-1.0775955795061722,0.1393914737700329,0.0989677180547117,0.8633040304557247,211.0,0.3933649289099526,30
North Carolina,Johnston,22.110287304164757,25.707964907266607,26.0,17.0,17.161518919597935,19.94124848523239,127.0,143.0,1.1720328735105798,0.9389439386124494,0.6677359368391029,-1.9500264295254148,0.5626022275637601,0.06527772896106776,2.8889703681378642,270.0,0.4703703703703704,30
North Carolina,Lee,17.038191016818715,18.53154060010323,14.0,14.0,13.39376986679502,13.506627304144516,94.0,86.0,0.8267671384178015,-0.8301635464212571,0.7618931280803063,-1.2330265191761598,0.081716787527036,0.08546768481093442,0.4028629727549027,180.0,0.5222222222222223,30
North Carolina,Lenoir,29.086653649799313,10.57013726621167,49.0,8.0,22.352344778468076,8.155069571003727,161.0,55.0,1.6730516599107097,4.211945117371552,0.7678314907570065,-0.8999999464993294,0.778834283121519,0.09941068060871021,5.1119450638708805,216.0,0.7453703703703703,30
North Carolina,Mecklenburg,400.15908741896203,174.20674888491592,514.0,213.0,302.13741539512307,129.44097846076951,1849.0,766.0,1.2841341084122138,6.549318537918404,1.2220478107610957,3.409732303816259,0.04955666062447061,0.006152081584605431,3.1395862341021448,2615.0,0.707074569789675,30
North Carolina,Montgomery,5.259070201008622,5.650980353009411,3.0,6.0,4.162734585807476,4.770811905575997,35.0,44.0,0.6077369918823048,-1.107236429617069,1.0567421170220173,0.15979151992240465,-0.553203770539973,0.29990638715229023,-1.2670279495394736,79.0,0.4430379746835443,30
North Carolina,Moore,11.774557326762466,16.69672992688355,10.0,7.0,9.51185257006712,13.10373754567728,73.0,95.0,0.8554279979699665,-0.5753835992404421,0.4361294287860678,-2.678722384248299,0.6736628717979707,0.1156119174362065,2.103338785007857,168.0,0.43452380952380953,30
North Carolina,Nash,57.48704422499386,24.443181305442945,29.0,13.0,45.43524684638101,18.729196367538,324.0,121.0,0.5087343284051158,-4.226208740322865,0.5412300794628035,-2.644156811718287,-0.061918541787089984,0.04509598035241299,-1.582051928604578,445.0,0.7280898876404495,30
North Carolina,New Hanover,44.976788610684345,28.804986276560385,53.0,37.0,34.03506090382363,21.118056919538873,216.0,129.0,1.1764243174248825,1.3752604978632523,1.2796457110097472,1.7832930094499462,-0.08410365280947389,0.042276596133095284,-0.40803251158669385,345.0,0.6260869565217392,30
North Carolina,Onslow,18.62197890517204,22.081864172065075,12.0,21.0,13.8289207392088,17.03005392167971,100.0,124.0,0.6536980331370958,-1.7807118517373792,0.9520914587112168,-0.2621589729973509,-0.37601557845340544,0.07480395373780485,-1.5185528787400284,224.0,0.44642857142857145,30
North Carolina,Orange,13.141403606595182,16.501487556746074,6.0,16.0,10.390060679309103,12.718054244815825,78.0,94.0,0.47649055679706287,-2.2155141932065026,0.9705033130146846,-0.14062088439477702,-0.7113669112693336,0.10686989961071597,-2.0748933088117254,172.0,0.45348837209302323,30
North Carolina,Person,4.916000493278531,7.314100047227678,3.0,5.0,4.146034551351019,5.7285740710765145,39.0,41.0,0.6462333237125139,-0.9409773245996965,0.7038558460678163,-0.9668494727502923,-0.08541295029327473,0.27864129017436756,0.025872148150595797,80.0,0.4875,30
North Carolina,Pitt,44.75098688401078,20.196694066437722,34.0,17.0,34.154853524942595,15.015600016724818,233.0,98.0,0.762414311281914,-1.8395945677105887,0.8455456675266045,-0.8249539937549571,-0.10349205581022507,0.053866203631069226,-1.0146405739556315,331.0,0.7039274924471299,30
North Carolina,Randolph,6.916749206347174,23.876644388713082,5.0,21.0,5.582481139920707,19.245854192921943,48.0,153.0,0.7415647808736958,-0.811244302781697,0.8819917810326252,-0.655718719372469,-0.17342021501359653,0.15044627722365198,-0.15552558340922806,201.0,0.23880597014925373,30
North Carolina,Richmond,16.004763185722183,14.987954099881726,14.0,16.0,12.822799452882242,11.928439085519582,100.0,98.0,0.8785342653412653,-0.5598499626818876,1.0653440663364313,0.29302751445869224,-0.19279818171216098,0.10315978715187792,-0.8528774771405798,198.0,0.5050505050505051,30
North Carolina,Robeson,34.66489196579415,27.65323285599765,48.0,53.0,28.278911854208236,20.784812697258946,231.0,148.0,1.3792165221828998,2.507640015043264,1.9003146201237269,5.55967644072842,-0.3205038616062609,0.05071361172254164,-3.0520364256851558,379.0,0.6094986807387863,30
North Carolina,Rockingham,17.846104319161554,19.483181119865367,17.0,19.0,13.585233113092094,14.770443022440341,101.0,102.0,0.9538809817908949,-0.22955690699894143,0.9758206104940401,-0.12572255407556834,-0.022739862163474303,0.08156713594306214,-0.10383435292337309,203.0,0.4975369458128079,30
North Carolina,Rowan,24.0763420900384,25.846413781038827,30.0,25.0,18.746582552241033,19.282517252297122,131.0,132.0,1.2410309023311754,1.3681348820294617,0.9678736625002079,-0.1927528736742301,0.24859612123499764,0.061204521053936894,1.5608877557036918,263.0,0.49809885931558934,30
North Carolina,Rutherford,4.8095499373710275,17.50559141691212,5.0,19.0,3.9503362326036604,12.545386648209663,35.0,87.0,1.0358693420111746,0.0958217479243931,1.082996917373357,0.42191729475535683,-0.04449110350352972,0.21171371378650233,-0.32609554683096376,122.0,0.28688524590163933,30
North Carolina,Sampson,14.454640546027974,12.457423094849753,22.0,20.0,10.72909683114592,9.636820391996828,81.0,68.0,1.504549703535075,2.303553756584131,1.5821047016785483,2.4297011799101704,-0.05026239714195046,0.11344892091872724,-0.12614742332603956,149.0,0.5436241610738255,30
North Carolina,Scotland,14.874437198618745,8.375424533094517,15.0,13.0,11.836269522453177,6.653010479153695,91.0,50.0,1.0081669852209312,0.03649669797197855,1.5210540013789147,1.7929276597522592,-0.4112697006415887,0.14834037324187171,-1.7564309617802807,141.0,0.6453900709219859,30
North Carolina,Stanly,6.472264267563722,9.99842352103527,8.0,13.0,4.976694938911063,8.009606028599098,34.0,59.0,1.21911615420884,0.6848220358843137,1.2859073529421432,1.0605809840886973,-0.05333844797572215,0.19892462921042883,-0.3757589482043836,93.0,0.3655913978494624,30
North Carolina,Union,14.527665472412368,21.536317112682124,10.0,17.0,11.320654859347856,16.361648841429492,91.0,108.0,0.6987113214142138,-1.3456699565129537,0.7941435908057691,-1.1214757127166084,-0.12802662077191962,0.08891529779037566,-0.22419424379634534,199.0,0.457286432160804,30
North Carolina,Vance,29.0956226288369,11.522228580958515,32.0,12.0,21.733829317604414,8.025558658421806,142.0,51.0,1.0981353698007077,0.6229955124095545,1.0397406700283678,0.16864851809437917,0.05464229678551842,0.0861240898606538,0.45434699431517533,193.0,0.7357512953367875,30
North Carolina,Wake,104.73157465586831,72.93065510577391,72.0,58.0,82.01610797998077,55.20870603011068,589.0,355.0,0.6889567151027801,-3.6142427687914633,0.7966699999575532,-2.0094401675741875,-0.14526209403821888,0.017857044881232992,-1.6048026012172758,944.0,0.6239406779661016,30
North Carolina,Wayne,54.43488722576913,28.379424736396285,64.0,25.0,40.9895840230324,19.796998397298196,270.0,117.0,1.1741172733261573,1.4940094321124322,0.8829815771178694,-0.7595268036589281,0.28496755107967164,0.038413661561578195,2.25353623577136,387.0,0.6976744186046512,30
North Carolina,Wilson,32.89688224217835,19.53023839676973,32.0,15.0,25.440500382352642,14.295931840005975,173.0,93.0,0.9731447314250897,-0.17781672235008056,0.7738300310244776,-1.198160015081511,0.22918056741982046,0.0609878362658494,1.0203432927314304,266.0,0.650375939849624,30
Ohio,Allen,31.760781166110526,15.795670062576072,27.0,10.0,23.055380234446904,11.137965283450278,135.0,61.0,0.8524282117783417,-0.9914985299239605,0.6443429426147896,-1.7366037077565846,0.2798578925999294,0.06749603068201125,0.7451051778326241,196.0,0.6887755102040817,30
Ohio,Butler,22.801141983674857,59.22840308819104,13.0,38.0,16.469756363793813,42.02629976491755,94.0,248.0,0.5793707454106031,-2.415088740932507,0.6445844524447344,-3.274588622361992,-0.10666325651461998,0.04365930161465078,0.8594998814294854,342.0,0.27485380116959063,30
Ohio,Clark,23.313698574399098,37.465699436256926,27.0,33.0,16.766090908347618,25.40880276323609,93.0,139.0,1.1547975176591787,0.9002744726972075,0.8823754203776838,-0.8859258797752693,0.2690626860697609,0.04894833464854021,1.7862003524724768,232.0,0.40086206896551724,30
Ohio,Cuyahoga,893.604553087628,338.60343431698004,1028.0,319.0,638.0724089670698,237.76030089356428,3483.0,1283.0,1.1503128984728483,5.320464784704079,0.9421903987599973,-1.2713422824065894,0.19958189399887938,0.0028728107609548355,6.591807067110668,4766.0,0.7308015107007974,30
Ohio,Franklin,593.8498126819605,369.79022334440424,803.0,395.0,400.9593842474576,248.9789059387626,2076.0,1324.0,1.35189745643944,10.444990917968173,1.0680811295202584,1.5976723566200124,0.2356454272923493,0.002957720911844941,8.84731856134816,3400.0,0.6105882352941177,30
Ohio,Hamilton,407.4391754143259,159.1167433034095,486.0,148.0,275.8260827638962,110.13357785991154,1455.0,609.0,1.1925797504147115,4.730296540790876,0.9303535263698615,-1.0592969050290926,0.24830944738885738,0.006011523294318087,5.7895934458199685,2064.0,0.7049418604651163,30
Ohio,Lorain,18.068292400800985,34.70482880409348,14.0,22.0,13.388476046270663,24.490753608986104,82.0,137.0,0.7809011021053562,-1.1118509884675487,0.6391168701659412,-2.567247519002763,0.20036117893219663,0.061344653153966366,1.4553965305352143,219.0,0.3744292237442922,30
Ohio,Lucas,159.9277020276094,119.65122648811192,197.0,117.0,115.70389741850788,84.99077643614793,659.0,479.0,1.2310841426003254,3.446478019631655,0.9779342536434762,-0.28758149144242107,0.23020803443338297,0.010460366705983371,3.7340595110740757,1138.0,0.5790861159929701,30
Ohio,Mahoning,269.2828582005669,82.26849285655496,411.0,93.0,175.90225460659428,53.12608447902179,849.0,259.0,1.525300765010337,10.685299061068317,1.1296569113810455,1.472335605389303,0.30027764519504707,0.010275271490104813,9.212963455679015,1108.0,0.766245487364621,30
Ohio,Montgomery,323.3695389829465,167.69469883712742,334.0,156.0,214.768646490909,112.73473504742265,1118.0,594.0,1.0328232814065705,0.7253818072079242,0.9304692780570208,-1.1014382849234694,0.10436232236560092,0.006062711946675365,1.8268200921313937,1712.0,0.6530373831775701,30
Ohio,Richland,10.291311813022858,25.61184644505471,8.0,18.0,7.7627549146017865,17.72680925213798,47.0,99.0,0.7876706879827414,-0.8223870382305222,0.7084906859776549,-1.8079013657641732,0.1059431809288677,0.10031895650713736,0.985514327533651,146.0,0.3219178082191781,30
Ohio,Stark,43.83801932921491,67.8557615140078,41.0,46.0,32.571751782538556,48.44168694505522,194.0,280.0,0.9359912920750408,-0.49727289855243056,0.6802645303054812,-3.140192801753807,0.31912443541719004,0.027469540461529676,2.642919903201377,474.0,0.4092827004219409,30
Ohio,Summit,119.79519647819707,93.71556222573862,109.0,52.0,81.23644700494762,64.94924013407343,436.0,358.0,0.9102607851831087,-1.1977194185635518,0.5572327836266692,-5.176200185392831,0.49074805903260893,0.013055937990472891,3.9784807668292794,794.0,0.5491183879093199,30
Ohio,Trumbull,21.597014347664906,28.072125978153565,30.0,19.0,15.220779450930685,20.41197919874488,88.0,121.0,1.3802769695546258,2.153848615873214,0.6824833411034876,-2.0080129706669374,0.7043013424673582,0.058534505483693454,4.161861586540152,209.0,0.42105263157894735,30
Oklahoma,Carter,5.777675427035269,17.147561779928477,5.0,9.0,4.552820327333819,13.396496228642695,30.0,92.0,0.8761204786590029,-0.36446692321114477,0.5383179908062349,-2.226035311066292,0.48705416766321585,0.1819476829833087,1.861568387855147,122.0,0.2459016393442623,30
Oklahoma,Comanche,26.427156965319693,33.0385607964421,21.0,23.0,20.524352769753975,24.612747797594235,135.0,149.0,0.7984504278595214,-1.1979471184059023,0.7006859996954006,-2.0234449934195844,0.1306130294271792,0.051936412534517536,0.8254978750136821,284.0,0.4753521126760563,30
Oklahoma,McCurtain,7.788257197755084,21.730564342481024,9.0,11.0,6.308015171595722,16.615028976524588,46.0,117.0,1.1461999517308805,0.48246307899037005,0.5173058057740946,-2.6325220134727623,0.7955731598342282,0.13918005264547736,3.114985092463132,163.0,0.2822085889570552,30
Oklahoma,Muskogee,18.88503890873685,27.125853557662857,25.0,18.0,14.154932897921354,20.17888622445171,91.0,124.0,1.3154474499665376,1.6253234095937974,0.6696625666745588,-2.0315377629646685,0.6751581991778337,0.06711314533944676,3.656861172558466,215.0,0.4232558139534884,30
Oklahoma,Oklahoma,221.98542860659572,331.3671489678088,225.0,274.0,170.13646276673316,248.68530554402295,1058.0,1568.0,1.0135495228262104,0.2311143298232064,0.8271382113407874,-3.637794858093078,0.2032420230621448,0.005717424591481448,3.8689091879162842,2626.0,0.4028941355674029,30
Oklahoma,Tulsa,171.27833038595068,242.8443166558777,164.0,190.0,129.3721940796611,178.56987251378402,784.0,1051.0,0.9576295195697981,-0.6398987972434569,0.7828413772629553,-3.9545237850347603,0.2015308882358084,0.007437949847918279,3.314624987791303,1835.0,0.42724795640326974,30
Oregon,Multnomah,115.28850711787315,270.6038031063393,121.0,233.0,80.49352417265253,187.06130702652894,417.0,985.0,1.0493269411990305,0.6366037152247889,0.861293708625735,-2.749411771794403,0.19746865797730345,0.008610602838294026,3.3860154870191916,1402.0,0.29743223965763194,30
Pennsylvania,Allegheny,479.4719919157442,167.95393340759958,817.0,139.0,336.30047617810465,122.03872369592082,1825.0,704.0,1.7032243834417458,18.405434540108846,0.8281195765400076,-2.6209500405288826,0.7211208696602024,0.005789160685168802,21.02638458063773,2529.0,0.7216291024120206,30
Pennsylvania,Beaver,17.70492714765242,21.063039653182216,14.0,10.0,12.90193961130731,15.872638941233856,73.0,96.0,0.7964876696510054,-1.0314594762642684,0.48694433479142807,-2.7768338854531867,0.49206183429286915,0.0769364377594546,1.7453744091889183,169.0,0.4319526627218935,30
Pennsylvania,Berks,34.87625493084032,111.21193926076818,50.0,125.0,23.471178709865374,76.63439912672082,122.0,414.0,1.4275111963865654,3.1217052735616946,1.1234251310152845,1.57503899155993,0.23955033450833088,0.02549248783233449,1.5466662820017645,536.0,0.22761194029850745,30
Pennsylvania,Bucks,14.293670852482798,57.5474609270944,17.0,39.0,10.818340193769496,43.258482313135325,67.0,264.0,1.1829383102073685,0.8228113956589459,0.6804776534431133,-2.8199981641569196,0.5529617325957137,0.06601314620827493,3.6428095598158654,331.0,0.20241691842900303,30
Pennsylvania,Cambria,8.116058862151553,23.87028445457773,4.0,20.0,6.206977961667728,17.881221508852516,38.0,109.0,0.5222805544850103,-1.6521195680794851,0.8411883758767233,-0.9152596024564125,-0.4766107210301677,0.1256122374566518,-0.7368599656230727,147.0,0.2585034013605442,30
Pennsylvania,Chester,22.483919306885582,44.67261737607004,37.0,32.0,16.36344181580482,32.71261221379575,98.0,191.0,1.6315755158766874,3.588492521079593,0.71946240638287,-2.2156885312382966,0.8187971258055141,0.04876111794789555,5.804181052317889,289.0,0.3391003460207612,30
Pennsylvania,Dauphin,78.47105192209646,55.26949812377193,79.0,60.0,56.09069370577481,39.527078375497716,319.0,223.0,1.0066979996470775,0.0706264923628633,1.084822385629676,0.7524191868768835,-0.07474060600014168,0.022048708404768906,-0.6817926945140201,542.0,0.5885608856088561,30
Pennsylvania,Delaware,187.04396734020756,80.36803793413539,328.0,86.0,125.56722091564782,57.55412789199684,658.0,322.0,1.7515892654872556,12.578982889867763,1.069643856951886,0.7423718272368109,0.49319777842339124,0.012499784770135892,11.836611062630952,980.0,0.6714285714285714,30
Pennsylvania,Erie,21.98818012439762,40.457502194084896,26.0,29.0,15.769188224742667,29.450841422959698,92.0,180.0,1.1783968223933747,1.0102683724120727,0.7202587662745802,-2.1112569656485194,0.4922996235556486,0.05060883905872493,3.121525338060592,272.0,0.3382352941176471,30
Pennsylvania,Fayette,8.389039070666591,37.23863045304718,8.0,24.0,6.451627044168581,27.451844798252388,39.0,162.0,0.9562338439989085,-0.153164667429749,0.6492021492534519,-2.526721011654293,0.38725834358014527,0.11147001747742519,2.3735563442245438,201.0,0.19402985074626866,30
Pennsylvania,Lancaster,16.978773557752188,58.360425645980015,21.0,47.0,12.985555613318299,43.36536872882315,84.0,266.0,1.2300634211525852,1.115907666817441,0.8069938244363359,-1.7251349821103907,0.4215049932044426,0.05777741502046572,2.8410426489278318,350.0,0.24,30
Pennsylvania,Lawrence,10.028724560738734,21.207548947602696,7.0,28.0,7.27819181012762,15.044935998972777,41.0,85.0,0.7123369935962853,-1.1226594359605109,1.312907324027821,1.7511822444827183,-0.6114481833850952,0.1058166088866514,-2.8738416804432294,126.0,0.3253968253968254,30
Pennsylvania,Lehigh,23.8175803958241,77.89218190336558,62.0,110.0,18.345241854073713,57.39350484180672,112.0,336.0,2.570157021491033,8.91459721060901,1.4095793396363667,4.238180223168046,0.6006756757029496,0.04179876601033395,4.676416987440964,448.0,0.25,30
Pennsylvania,Luzerne,16.864381848906604,69.42557852992557,15.0,41.0,12.153147631983622,51.13126911990337,71.0,296.0,0.8926318330747836,-0.5347988679919419,0.593488117974448,-3.975264461851168,0.408157021286819,0.05333982158616395,3.4404655938592263,367.0,0.19346049046321526,30
Pennsylvania,Montgomery,45.87835382737899,74.07455512053492,41.0,54.0,33.59633319041479,54.364578844851735,199.0,321.0,0.894813993494976,-0.8416419166050831,0.7308122711816597,-2.722625548493387,0.20245925237909398,0.025869408591347905,1.880983631888304,520.0,0.38269230769230766,30
Pennsylvania,Northampton,10.042841897095405,40.154266500457325,15.0,39.0,7.135975236460308,30.120117347402463,38.0,183.0,1.47019182790461,1.8556928880733548,0.971607740101661,-0.21031863856017372,0.4141960029900613,0.08943292701444233,2.0660115266335284,221.0,0.17194570135746606,30
Pennsylvania,Philadelphia,2047.3711301606197,563.0975466733429,2226.0,586.0,1592.8832227261041,432.4687804245686,9969.0,2672.0,1.0872266165622297,4.475686734878779,1.0406361834998037,1.101297430574362,0.043797824272819995,0.0017439218749176534,3.374389304304417,12641.0,0.7886243176963847,30
Pennsylvania,Washington,9.022843852007604,34.13946676233313,6.0,19.0,6.598375446803153,25.017228032143628,40.0,143.0,0.6825692094730369,-1.1767852120488367,0.5629416911580247,-3.02685059849358,0.19268787306602306,0.10251420703173343,1.8500653864447434,183.0,0.2185792349726776,30
Pennsylvania,Westmoreland,9.183164245785466,49.82960369001812,5.0,30.0,6.981091086811861,36.848147747997736,42.0,221.0,0.5679961488202412,-1.5832272805003005,0.6060051692012245,-3.2666770663877784,-0.06477387761584673,0.09762274757586609,1.683449785887478,263.0,0.1596958174904943,30
Pennsylvania,York,28.404595103274037,66.82118266188161,34.0,64.0,20.931682800730062,48.29180013692155,125.0,281.0,1.1935818466487416,1.2230084176222757,0.9580936853701619,-0.40597053019850793,0.21976845457552005,0.036758864891829765,1.6289789478207837,406.0,0.3078817733990148,30
Rhode Island,Providence,125.19243092036872,238.33019903446154,129.0,213.0,70.1561672114762,141.69858437440166,312.0,649.0,1.030292747556482,0.45458475186686903,0.8939405521710989,-2.1279226953938783,0.14195898525957074,0.006970839341666213,2.582507447260747,961.0,0.32466181061394384,30
South Carolina,Aiken,14.782875931946311,15.336751213369773,26.0,20.0,12.957534508687827,13.020117856689087,204.0,178.0,1.7339668343839758,3.1161642180255753,1.2944574126221922,1.2923529192680336,0.2923201305625458,0.11464704122711396,1.8238112987575417,382.0,0.5340314136125655,30
South Carolina,Anderson,15.323247534445784,23.416652740075833,15.0,30.0,13.716515482321057,20.556275472871857,221.0,296.0,0.9795713532419876,-0.08727971550975155,1.2752620666224255,1.4520265234020782,-0.26379189759189087,0.09590560997306005,-1.5393062389118297,517.0,0.4274661508704062,30
South Carolina,Beaufort,7.445553351768221,8.477498304237793,8.0,16.0,6.67477717086658,7.507025953417485,115.0,105.0,1.0697807470021445,0.21460576110615415,1.8379285008843989,2.745543542063569,-0.5411854045454637,0.2248603101745427,-2.530937780957415,220.0,0.5227272727272727,30
South Carolina,Berkeley,11.90970181383239,11.097547409519066,19.0,14.0,10.66832262621741,9.835467701177787,172.0,148.0,1.5713512131503802,2.1707830886544945,1.250264343657578,0.9254812538682521,0.22858089065350504,0.1550754017840007,1.2453018347862423,320.0,0.5375,30
South Carolina,Charleston,78.81238454597002,32.95706043985173,82.0,18.0,67.83795519476658,28.291756727642476,784.0,332.0,1.0401906394855953,0.3870165608318961,0.5529475619431312,-2.812006311184367,0.6318961102041708,0.036968854265167356,3.199022872016263,1116.0,0.7025089605734767,30
South Carolina,Cherokee,4.635292486735531,8.225337545423141,5.0,10.0,4.1727570652323145,7.0622179183850795,66.0,91.0,1.0710198132251492,0.17853902536005078,1.203391839609432,0.667798138458557,-0.1165328116309373,0.2985926925585699,-0.48925911309850617,157.0,0.42038216560509556,30
South Carolina,Chester,4.486072536663652,4.302458537171979,14.0,8.0,4.019426595897416,3.758967595982385,64.0,52.0,2.9081004925978142,4.745454186592986,1.7699267852514122,1.9071232545124366,0.49656193489819167,0.4027896366571003,2.8383309320805497,116.0,0.5517241379310345,30
South Carolina,Chesterfield,6.133488813573096,3.666960661069679,3.0,2.0,5.563116959508755,3.351083096247256,100.0,58.0,0.5276258238106144,-1.3285229258655347,0.59995766779287,-0.9106107068845257,-0.12847173359083103,0.397091967505932,-0.41791221898100894,158.0,0.6329113924050633,30
South Carolina,Clarendon,5.819658554923693,1.7335552970978405,11.0,5.0,5.312414017342691,1.619228888348935,91.0,33.0,1.81971856549754,2.247565871142303,2.462441833048145,2.5669723386227874,-0.30247161789835375,0.6956609944026719,-0.3194064674804844,124.0,0.7338709677419355,30
South Carolina,Colleton,8.4134885294345,4.133731544447237,11.0,4.0,7.246276960490453,3.636479533045826,107.0,53.0,1.2901794804609006,0.960852986037396,0.9711395571442865,-0.07012829600670047,0.28406643667977827,0.3151798889677977,1.0309812820440964,160.0,0.66875,30
South Carolina,Darlington,13.409490160812979,6.517010256691215,17.0,6.0,11.90170635191697,5.756755665317499,174.0,78.0,1.2581338206990877,1.0407621887450582,0.9263204359437541,-0.21548163412554652,0.30616458943446234,0.2017330445939533,1.2562438228706048,252.0,0.6904761904761905,30
South Carolina,Dillon,7.331376556976988,3.375119454754827,9.0,2.0,6.648289529243033,3.0908694830608474,113.0,58.0,1.213068983579449,0.6471476502218393,0.6451414025269503,-0.7821680880448452,0.6314392560565134,0.39502406547744523,1.4293157382666846,171.0,0.6608187134502924,30
South Carolina,Dorchester,6.970355991710293,5.25743122784085,11.0,3.0,6.129546284948604,4.698260534087007,80.0,70.0,1.539417935739786,1.6276181212262941,0.6079099969228063,-1.0414681198888167,0.9291328205245406,0.29613594664623777,2.669086241115111,150.0,0.5333333333333333,30
South Carolina,Florence,19.640780637293187,12.646508168050104,27.0,21.0,17.361730182872044,10.801619970528433,262.0,139.0,1.3653889834379256,1.7661811576154236,1.6354152543906182,2.54169600024572,-0.18045739273036354,0.112544441083846,-0.7755148426302962,401.0,0.6533665835411472,30
South Carolina,Georgetown,5.389645596712596,3.4417205485375986,6.0,4.0,4.862751937084795,3.0237263636054053,80.0,45.0,1.1036317709215109,0.27678402737990826,1.1416334427029655,0.32105571116173853,-0.03385372995473071,0.422667410204016,-0.04427168378183027,125.0,0.64,30
South Carolina,Greenville,39.64796868798478,47.409334843818414,51.0,40.0,34.342744481530225,40.62837378806709,487.0,519.0,1.2827548113390002,1.937118019493843,0.8453467394616851,-1.1624238238550932,0.4170183548673761,0.039923040016688005,3.0995418433489363,1006.0,0.4840954274353877,30
South Carolina,Greenwood,9.878172526030514,6.066766634369155,10.0,8.0,8.623619960567005,5.223378190518241,113.0,59.0,1.0117388175677287,0.04148589223593389,1.2943965383987737,0.8458795903985231,-0.24637414088019993,0.23029422519816595,-0.8043936981625892,172.0,0.6569767441860465,30
South Carolina,Horry,24.676372206337476,32.545583282327655,25.0,30.0,21.511973108991562,27.798489393494325,274.0,324.0,1.0128544252130598,0.06977593893772263,0.9229675185158859,-0.4828105061457564,0.09293374464420524,0.061572309618341245,0.552586445083479,598.0,0.45819397993311034,30
South Carolina,Jasper,8.096530339123442,3.562900926450154,14.0,8.0,6.925195101997128,2.8673009877532443,79.0,44.0,1.686727019854677,2.2433205207119835,2.0921012237004355,2.6203691862842367,-0.21537895460856055,0.33151515828386047,-0.37704866557225314,123.0,0.6422764227642277,30
South Carolina,Kershaw,3.7787251346989104,3.2811432599089607,5.0,0.0,3.4072604300594276,2.9841291841516484,61.0,51.0,1.2854296143954171,0.6616232439012081,0.13223513779587356,-1.8993997774820242,2.2742665869141927,0.5158077422855945,2.561023021383232,112.0,0.5446428571428571,30
South Carolina,Lancaster,9.184677197091618,6.426669396218489,11.0,3.0,8.05444511566021,5.515006675867698,106.0,69.0,1.1874427785216772,0.6396406409069071,0.5052933523737646,-1.459147463885205,0.8544181918293837,0.22900754064564585,2.098788104792112,175.0,0.6057142857142858,30
South Carolina,Laurens,6.800879260032506,7.0973128978969084,0.0,4.0,6.15683679181359,6.388385838756544,107.0,99.0,0.0684849019127285,-2.740856157552993,0.5923146855312083,-1.2254328321094876,-2.1574247461103826,0.2599396798741497,-1.5154233254435052,206.0,0.5194174757281553,30
South Carolina,Lexington,7.3590651268702985,17.220691026712615,5.0,19.0,6.6858893921132765,15.642550167707926,115.0,271.0,0.699828785130612,-0.9123476061309261,1.1004085546441282,0.4498809366992413,-0.45260109068727056,0.17620453105296863,-1.3622285428301675,386.0,0.2979274611398964,30
South Carolina,Marion,6.880098212608746,3.312842115890729,3.0,6.0,6.191539100283443,2.8780158052881193,95.0,39.0,0.474248431277015,-1.5593492962243525,1.7047650551566351,1.5839687050892386,-1.2794512816484607,0.39303611092806073,-3.143318001313591,134.0,0.7089552238805971,30
South Carolina,Marlboro,7.2911893851155964,4.096867212667434,4.0,1.0,6.497209878805354,3.5813281114423967,103.0,53.0,0.57757548656138,-1.291187834989374,0.3263091863664236,-1.6364416643369106,0.570993790180888,0.3355900119144397,0.3452538293475367,156.0,0.6602564102564102,30
South Carolina,Orangeburg,23.572569196188237,6.535336128312395,22.0,8.0,20.781583903745208,5.822574042794555,316.0,89.0,0.9346738113671205,-0.34496135246087006,1.208186765347762,0.6069884945843292,-0.2566783700470903,0.17372556207210754,-0.9519498470451992,405.0,0.7802469135802469,30
South Carolina,Pickens,1.9322646615631025,10.050527408359962,2.0,3.0,1.7819846452803028,8.8826294118564,31.0,124.0,1.027848671037866,0.05074150289594271,0.33173697053539636,-2.365651866609197,1.1308808305262505,0.565212670728768,2.4163933695051396,155.0,0.2,30
South Carolina,Richland,78.16495297606286,24.58236964036019,87.0,26.0,67.65388970995352,20.67966927840453,901.0,245.0,1.112312366431155,1.0741439330211877,1.0565189964092823,0.31173905237387217,0.051461523023169094,0.04529435304243198,0.7624048806473156,1146.0,0.7862129144851658,30
South Carolina,Spartanburg,24.309453930004757,33.47614563777964,42.0,42.0,21.348938009618397,28.81054537992415,332.0,369.0,1.7130566484818979,3.8287155380855515,1.2508776143442915,1.588035771813459,0.3144338921065535,0.06183522601917607,2.2406797662720925,701.0,0.47360912981455067,30
South Carolina,Sumter,20.77980061817655,7.724867334321519,26.0,9.0,18.36251353843253,6.765141674340823,270.0,91.0,1.2453124197679049,1.2182068196283067,1.1550338277624836,0.4902492336356428,0.07525680635830184,0.15589463085633906,0.7279575859926639,361.0,0.7479224376731302,30
South Carolina,Union,2.44369240028493,2.5082488725224996,2.0,4.0,2.2084933708328616,2.2926932537261346,39.0,39.0,0.8492735177622555,-0.29856159351931055,1.4958868732913797,0.9851977202931465,-0.5660932371701707,0.7342528505432748,-1.283759313812457,78.0,0.5,30
South Carolina,Williamsburg,7.07727444531377,3.4966463876804386,8.0,12.0,6.303822404316598,2.9853861135350686,112.0,35.0,1.121775390524082,0.3675111872279298,3.127622208091998,4.92141496385758,-1.0253604375628906,0.3700280968001698,-4.55390377662965,147.0,0.7619047619047619,30
South Carolina,York,11.894746881732418,16.42397591352724,10.0,20.0,10.599661377958146,14.140659653989685,155.0,192.0,0.847133071791492,-0.5819761743693834,1.2112992895253687,0.9509673373371607,-0.35759106361887316,0.12733914543254618,-1.5329435117065442,347.0,0.44668587896253603,30
Tennessee,Davidson,244.21942933072316,192.5394427373116,360.0,251.0,203.25362341084616,155.53650236642082,1642.0,1194.0,1.4731155633450197,8.1211314023739,1.3028425508989976,4.6875594272264305,0.12283113381215714,0.007603418316116365,3.433571975147469,2836.0,0.578984485190409,30
Tennessee,Gibson,4.913258900794249,5.925182054843716,2.0,3.0,4.242503276637543,4.754198681858729,43.0,40.0,0.46182901017965217,-1.4143861299157028,0.5447316465315524,-1.3415727763638954,-0.16509856697474604,0.3111621943919579,-0.0728133535518074,83.0,0.5180722891566265,30
Tennessee,Hamilton,66.39270734048381,52.89207057098046,82.0,45.0,55.33929899470861,42.39664664828935,459.0,329.0,1.2333182985116014,2.0980254272939627,0.852186467267858,-1.2120630344270706,0.369658258314963,0.0277091170001096,3.3100884617210333,788.0,0.5824873096446701,30
Tennessee,Knox,58.76238019013579,91.35363394561348,88.0,119.0,49.254563712032656,74.33970309425432,432.0,597.0,1.4933588511979952,4.16599530539426,1.300982823072149,3.206473410638829,0.13790784889075275,0.023171983361497703,0.9595218947554307,1029.0,0.4198250728862974,30
Tennessee,Madison,36.77527460988344,15.799465600883739,51.0,16.0,30.398195183357114,12.811152234035923,245.0,99.0,1.381612893237946,2.5800016958730776,1.012303127232919,0.0560266667164681,0.3110235210598806,0.07379885526649618,2.5239750291566097,344.0,0.7122093023255814,30
Tennessee,Maury,10.045178673452897,14.637563413171492,17.0,10.0,8.423795341322544,11.880931458858146,73.0,97.0,1.6595261722834163,2.3962497120385664,0.6936387127444661,-1.345440869817142,0.872336164090914,0.13893337944791295,3.7416905818557087,170.0,0.4294117647058823,30
Tennessee,Montgomery,15.987146583926304,19.229806515320682,11.0,19.0,13.178983811552905,15.605648182049919,112.0,129.0,0.6975130560925329,-1.3737609624990534,0.9883523178424365,-0.0581729960291222,-0.3485179992562142,0.09376511560785761,-1.3155879664699313,241.0,0.46473029045643155,30
Tennessee,Robertson,5.907717968473103,11.445380267567332,4.0,13.0,5.109147751137014,9.32668918707553,47.0,73.0,0.7022780999633019,-0.843995127068209,1.1301440136362662,0.5090499788737827,-0.4757708699101922,0.21758705004165535,-1.3530451059419917,120.0,0.39166666666666666,30
Tennessee,Rutherford,7.7966149210481195,17.394674626273048,12.0,21.0,6.461557856623075,13.680600222993611,56.0,108.0,1.5066385651198648,1.6536003653857902,1.2014747654832234,0.9747469592015244,0.22633128006998426,0.1515119524482485,0.6788534061842658,164.0,0.34146341463414637,30
Tennessee,Shelby,717.282122771436,164.86519179623596,665.0,202.0,589.1547969571928,132.0603000418715,4567.0,967.0,0.9271615701857147,-2.1539643127000065,1.2245624233274062,3.231432178513013,-0.27821100972029,0.006003751475622777,-5.38539649121302,5534.0,0.825262016624503,30
Tennessee,Sumner,3.954289206327211,9.91809464249096,5.0,4.0,3.3659968205440736,8.256939762745226,31.0,75.0,1.23476490753842,0.5699735994014558,0.431940787103855,-2.059550038651559,1.0503473607127958,0.2992054685078746,2.6295236380530147,106.0,0.29245283018867924,30
Texas,Anderson,9.521406032012141,14.767826478646272,1.0,14.0,7.648767745385195,11.260444400783985,58.0,80.0,0.14967959537897532,-3.081169018831255,0.949709509751099,-0.2288154363479369,-1.8476591799034525,0.13600265019961888,-2.852353582483318,138.0,0.42028985507246375,30
Texas,Angelina,12.396959638417272,27.84348562319501,10.0,18.0,9.69878697060802,21.135287783936153,69.0,138.0,0.8141453718070696,-0.7696654842099666,0.6527073009277464,-2.141138834514296,0.22101014818958642,0.09037058591906652,1.3714733503043295,207.0,0.3333333333333333,30
Texas,Bell,46.46262087192105,80.7924260531539,59.0,89.0,34.531798278334975,58.50401709346699,214.0,347.0,1.266965064881527,2.1335221765241665,1.1009635749027773,1.0730549457662975,0.1404385543136836,0.0249588285321358,1.060467230757869,561.0,0.38146167557932265,30
Texas,Bexar,309.6081216536905,1509.2508959857914,278.0,1417.0,188.0218247046789,905.9646554766167,928.0,4492.0,0.8980738669947236,-2.3051254023390078,0.9388966112018392,-3.064890517810691,-0.044453045778189385,0.002359208616530749,0.7597651154716831,5420.0,0.17121771217712178,30
Texas,Bowie,29.122052352987257,27.11007646562521,15.0,21.0,21.679814113832734,19.472766040998582,139.0,117.0,0.5232588145917881,-3.0329834469916426,0.7787012117394058,-1.3846270838973425,-0.3975512116515959,0.05205812338576682,-1.6483563630943001,256.0,0.54296875,30
Texas,Brazoria,16.379034280142996,58.19103219023583,15.0,42.0,12.646797646123755,43.7806535138324,85.0,292.0,0.9182989822015272,-0.38777943824973826,0.7241310710338902,-2.4469968834904727,0.23755061292807303,0.06007071820653269,2.0592174452407344,377.0,0.22546419098143236,30
Texas,Brazos,15.657877888768002,33.37842851445009,6.0,25.0,12.127716589292504,24.455884490861713,80.0,147.0,0.4022805497569959,-2.7732702338108326,0.7526913472129777,-1.6942242019322797,-0.6265055161312422,0.07141759700213553,-1.0790460318785529,227.0,0.3524229074889868,30
Texas,Cherokee,7.152227634602695,15.099828052002465,0.0,6.0,5.578379258987611,10.67429604729012,39.0,65.0,0.06534045037278352,-3.028219206312868,0.41667125934542787,-2.7852460325712634,-1.8526862650897187,0.15586602824295645,-0.24297317374160476,104.0,0.375,30
Texas,Collin,9.090068468504924,58.93307561530664,7.0,42.0,6.585932742577546,41.58933943737335,43.0,251.0,0.7820590671100013,-0.8144264462903876,0.7150900329488311,-2.6256983815722394,0.08952181610667773,0.09167920284798158,1.8112719352818518,294.0,0.14625850340136054,30
Texas,Dallas,1696.5203840132194,1781.9275713703996,2059.0,2171.0,1081.2044275103528,1132.3791915511647,5395.0,5604.0,1.2135976794395162,11.023758268229415,1.2182823217498069,11.562041284581529,-0.003852696763505287,0.0007322804132458287,-0.5382830163521142,10999.0,0.4904991362851168,30
Texas,Denton,9.445449140101996,54.800455997609475,6.0,38.0,6.835261683523926,39.65459632821716,44.0,241.0,0.6535652546641387,-1.3178569477539879,0.6961967908847673,-2.6679292155836833,-0.06318998369936263,0.08981891229468211,1.3500722678296955,285.0,0.1543859649122807,30
Texas,Ector,14.09684615900763,83.88770417541585,13.0,77.0,10.384088458972329,59.507274982968546,66.0,357.0,0.9248573186934103,-0.3403780369010976,0.9183802398380403,-0.8928725151687571,0.00702796607544259,0.060710756632090385,0.5524944782676595,423.0,0.15602836879432624,30
Texas,El Paso,14.743893001784139,260.4100521514774,4.0,181.0,11.449064152199808,181.70048670199589,78.0,1071.0,0.2952001827534031,-3.1752409006179048,0.6956420364157758,-5.891114122169771,-0.8571815007247946,0.05534727582358169,2.7158732215518664,1149.0,0.06788511749347259,30
Texas,Ellis,11.820628460765224,30.366340793464328,9.0,28.0,9.11048581673985,22.319467930772618,60.0,142.0,0.7710645630011931,-0.9344909837849292,0.9233358819790721,-0.5008819389304366,-0.1802209614170598,0.0894065786057686,-0.4336090448544926,202.0,0.297029702970297,30
Texas,Fort Bend,29.43024536294303,79.09004075402623,35.0,89.0,19.742890386107312,55.174459952298555,120.0,330.0,1.186091178656121,1.2535183520147155,1.1245125539839913,1.3341443550556085,0.053313520343579224,0.031614653416088496,-0.08062600304089296,450.0,0.26666666666666666,30
Texas,Galveston,75.30081996278987,120.05560998757146,75.0,125.0,55.219130940960255,83.67102203515269,324.0,462.0,0.996031441837469,-0.04048199152021464,1.0410133548570513,0.5405366970354885,-0.04417107220968312,0.015543563156416272,-0.581018688555703,786.0,0.4122137404580153,30
Texas,Grayson,9.543748085905786,36.1797285509885,5.0,31.0,7.058692460977928,25.464149437230688,49.0,150.0,0.5476043358472972,-1.7102205277196902,0.858784981361349,-1.0264609063603343,-0.44996556662407744,0.09695079269190725,-0.683759621359356,199.0,0.24623115577889448,30
Texas,Gregg,45.76957630561869,58.14969309464319,38.0,41.0,34.146162759410046,42.40561004507806,209.0,249.0,0.8320802366051664,-1.3296164612769958,0.7075910854815782,-2.633568959679142,0.16206251043780062,0.02884091239228968,1.303952498402146,458.0,0.45633187772925765,30
Texas,Harris,1532.3357477417803,2300.202080126113,1120.0,1973.0,1126.5138922174856,1617.775434593529,6621.0,9178.0,0.7309980874668106,-12.285213603802841,0.85778163850394,-8.134988394476972,-0.15993872309715237,0.0007855290668467832,-4.150225209325869,15799.0,0.4190771567820748,30
Texas,Harrison,24.252972636575894,14.631053155501787,20.0,4.0,18.317562127044734,11.141411480958565,126.0,74.0,0.8281833580548807,-0.9937079215325418,0.297401638455269,-3.18497613537005,1.0241510335202915,0.08318757175657238,2.191268213837508,200.0,0.63,30
Texas,Hunt,12.822100525563155,25.458923649925325,14.0,24.0,9.842240291085334,18.212450611287732,70.0,107.0,1.0884169483766188,0.3754578994488358,0.9437987618593146,-0.341860065074293,0.14256661119117517,0.0879641961619379,0.7173179645231288,177.0,0.3954802259887006,30
Texas,Jefferson,137.0258930006451,91.15105063609933,91.0,75.0,99.08405894729549,62.86619408520878,565.0,340.0,0.6653292554847893,-4.623813716667742,0.8237766995140393,-2.037005465328357,-0.2136174582944639,0.01284361733063342,-2.5868082513393853,905.0,0.6243093922651933,30
Texas,Kaufman,13.288531159771493,27.476201282772557,10.0,21.0,9.879306144940923,19.50041402672293,69.0,123.0,0.7615024311388661,-1.0462578738389414,0.7685103414393671,-1.4665552272261826,-0.009160654647177552,0.08177680342314905,0.42029735338724117,192.0,0.359375,30
Texas,Lamar,11.368774170957446,15.25797556239154,12.0,13.0,8.15688637088997,10.838026365797257,51.0,64.0,1.0531837424784056,0.22101540992379498,0.8567090326132697,-0.6858736774036565,0.20647464878240232,0.10966378038955954,0.9068890873274514,115.0,0.4434782608695652,30
Texas,Liberty,7.6148426116816,24.45275006813223,6.0,29.0,5.921850995924415,18.319003629274,44.0,123.0,0.80100136392578,-0.6635924910079739,1.182234419831551,1.0624240684721926,-0.3892988531872176,0.1327628468591183,-1.7260165594801666,167.0,0.2634730538922156,30
Texas,Limestone,6.040859598934508,8.691400192840963,3.0,6.0,4.498590406734917,6.197688379381575,30.0,39.0,0.535097863982609,-1.4336995277489781,0.7071827864771625,-1.0810938857622285,-0.27883951713902067,0.20532076858296375,-0.3526056419867496,69.0,0.43478260869565216,30
Texas,Lubbock,55.77864941014754,132.96802352536602,36.0,75.0,37.33474893003824,88.70055622148956,200.0,478.0,0.6485585631949925,-3.236979990551973,0.5656785648410458,-6.154961225427588,0.13672629505797787,0.017016748734410527,2.9179812348756147,678.0,0.2949852507374631,30
Texas,McLennan,64.24378418246624,96.27835166155168,63.0,93.0,46.77787894726923,69.12886781703793,273.0,391.0,0.9807891336879397,-0.18185479917503497,0.9661251550035016,-0.39429912696271113,0.015064100225775907,0.018791524467965736,0.21244432778767616,664.0,0.411144578313253,30
Texas,Midland,16.276831040265222,33.14990848819724,3.0,12.0,12.082202316351749,24.32584323747001,75.0,151.0,0.20862104360470862,-3.8196307118821076,0.3714720354851602,-4.288195144658609,-0.5769541690674236,0.06774057136550089,0.46856443277650106,226.0,0.33185840707964603,30
Texas,Montgomery,12.806826602080784,91.56284415121819,10.0,80.0,9.178426185479946,66.04653021804106,62.0,420.0,0.7890686723428197,-0.926470241400974,0.8744027054799046,-1.4227862803857985,-0.10268767670800016,0.06383887862697735,0.49631603898482446,482.0,0.12863070539419086,30
Texas,Nacogdoches,8.505110237220213,14.859221850383818,3.0,6.0,6.739649765863636,11.556881662226191,49.0,81.0,0.38866820147672226,-2.12054432939272,0.4231985229015732,-2.6060049971684487,-0.08511536308432636,0.145512072669119,0.4854606677757287,130.0,0.3769230769230769,30
Texas,Navarro,6.590672973430036,17.501080007534313,5.0,10.0,4.979936675901127,12.367404228631656,31.0,75.0,0.7756668542759538,-0.7128021352697725,0.5832983351890692,-2.132968883047011,0.28502433687176315,0.15502579912898456,1.4201667477772384,106.0,0.29245283018867924,30
Texas,Nueces,27.556356065217827,245.42703788830573,15.0,139.0,18.78024842955631,162.84335053749024,100.0,861.0,0.5524594841885309,-2.8974300246753555,0.5672414111024165,-8.340017465764905,-0.026404883336319233,0.027435408494010473,5.44258744108955,961.0,0.1040582726326743,30
Texas,Orange,9.09577004185276,30.666807526399044,6.0,19.0,6.914326790981654,22.190425270762105,48.0,138.0,0.6773818017365675,-1.1773178871284855,0.6256656214622889,-2.4766761412004263,0.07941899778016004,0.10716941780346723,1.2993582540719408,186.0,0.25806451612903225,30
Texas,Polk,5.016008995939695,10.680313406490015,2.0,5.0,4.096983355127894,7.830835928759042,31.0,52.0,0.453226236911549,-1.4900489398434043,0.49193612021710653,-2.029870050328117,-0.0819574510601116,0.2314848704467814,0.5398211104847128,83.0,0.37349397590361444,30
Texas,Potter,27.719050763878542,105.62650360219078,15.0,69.0,21.153546820253855,74.92792262775258,133.0,428.0,0.5492743228571171,-2.7654327557455796,0.654878825185053,-4.231298037193305,-0.17585222475546758,0.03424708739559483,1.4658652814477255,561.0,0.23707664884135474,30
Texas,Rusk,10.05225189332513,17.220281691666322,6.0,15.0,7.858680339085814,12.873689507535223,56.0,85.0,0.6159822629055701,-1.4455117358983298,0.8747039279454288,-0.6188089160331397,-0.3506672919013567,0.12118520668921881,-0.8267028198651901,141.0,0.3971631205673759,30
Texas,Shelby,9.428530753448895,10.58256076978882,5.0,8.0,7.593208022706651,8.184954405163761,56.0,54.0,0.5539591039781443,-1.6071152271204632,0.7669707549153343,-0.9026978693208584,-0.32535780696716693,0.15850170040741074,-0.7044173577996048,110.0,0.509090909090909,30
Texas,Smith,40.84385661079087,57.366591320377346,38.0,44.0,31.648968307632657,42.37233883773351,216.0,266.0,0.9312145299466664,-0.5055078643638123,0.769010217892852,-2.053427867181809,0.1913854236562525,0.03184719948021618,1.547920002817997,482.0,0.44813278008298757,30
Texas,Tarrant,448.73562229983486,726.8383150194337,378.0,627.0,306.0748590882893,488.2773625804603,1658.0,2600.0,0.8425422678243811,-4.043191853180751,0.8627346958660275,-4.518184358290572,-0.02368339254645194,0.002444263621016439,0.47499250510982094,4258.0,0.3893846876467825,30
Texas,Taylor,12.513955930000241,49.08329001505142,7.0,31.0,9.08371817933729,34.31390097483086,53.0,198.0,0.5763043950925583,-1.829496002096887,0.6352946726697223,-3.087041022170393,-0.09745295789201558,0.07224924142407402,1.2575450200735059,251.0,0.21115537848605578,30
Texas,Travis,79.49346834990553,268.7233906488919,48.0,159.0,60.551128687066075,189.72072808623838,390.0,1095.0,0.6062995017024697,-4.047243836114994,0.5924448080665181,-7.966027994402468,0.023116373483177237,0.012209335026144526,3.9187841582874743,1485.0,0.26262626262626265,30
Texas,Victoria,6.073747650581183,37.72075346260901,6.0,34.0,4.748708934686846,28.79165576556887,31.0,186.0,0.9887814904828811,-0.03384234230005679,0.9026509651033178,-0.6934219324635479,0.0911374167854288,0.14895987816993259,0.6595795901634911,217.0,0.14285714285714285,30
Texas,Walker,9.423214501656965,12.274905180717553,4.0,8.0,7.260880375610368,9.140519787544267,53.0,56.0,0.45348208478700086,-2.0126216555841454,0.6653669737470853,-1.4139727496935226,-0.383382964222893,0.14243395659331698,-0.5986489058906228,109.0,0.48623853211009177,30
Texas,Waller,7.146825594668375,13.166107877477467,5.0,10.0,5.388882614765521,8.940793072765524,36.0,52.0,0.7192527058332265,-0.924799108851154,0.7683240974048364,-1.0588579129962585,-0.06599888151410145,0.15708244458362655,0.13405880414510452,88.0,0.4090909090909091,30
Texas,Wichita,32.86005871579437,58.65949588753776,21.0,38.0,23.5110714562457,40.45771808729569,139.0,230.0,0.6444832781370613,-2.445967196993248,0.6507830978341757,-3.248022493203718,-0.009727527079364636,0.03353164008400762,0.8020552962104701,369.0,0.37669376693766937,30
Utah,Salt Lake,13.543793691865813,211.6860516715033,8.0,170.0,10.420743138496656,157.00425286187843,65.0,951.0,0.6052495633657174,-1.7173456502061193,0.803540094444852,-3.3268640511989838,-0.2833862092708448,0.06031281619631761,1.6095184009928645,1016.0,0.0639763779527559,30
Virginia,Alexandria,20.781133605048787,12.67183286179038,17.0,14.0,16.46614964422488,10.056098376786442,119.0,73.0,0.8223246150688259,-0.9318070549942354,1.1008338894173524,0.4188301853183552,-0.29168802693342166,0.10075425817207609,-1.3506372403125906,192.0,0.6197916666666666,30
Virginia,Arlington,13.0695989972517,21.85407002867559,6.0,11.0,9.792708012366234,16.138852332315892,61.0,109.0,0.4790119443703877,-2.259141209366429,0.5144477039415153,-2.7018192728435966,-0.07136837252431144,0.0911210568168167,0.4426780634771674,170.0,0.3588235294117647,30
Virginia,Campbell,4.035782492345778,6.6446005798845444,3.0,2.0,3.2470993187916792,5.393741442734588,30.0,49.0,0.7716419396005693,-0.5748053208567537,0.3499145924320376,-1.9998771119381553,0.7908315305420599,0.32152750358287335,1.4250717910814017,79.0,0.379746835443038,30
Virginia,Charlottesville,12.220597559913168,8.45659834586151,11.0,3.0,9.700697423135805,6.611830033645475,68.0,44.0,0.9040455800787475,-0.3918961690811098,0.3907733566747706,-2.122077040372655,0.8387520380872615,0.15741079298278454,1.7301808712915452,112.0,0.6071428571428571,30
Virginia,Chesapeake,45.442711304628084,33.47291514274875,46.0,34.0,34.03823469732494,24.661503388737973,207.0,155.0,1.0121300785161929,0.09552052906155092,1.0155148551437676,0.10613796715804466,-0.0033386316464076578,0.03849371734661293,-0.010617438096493736,362.0,0.5718232044198895,30
Virginia,Chesterfield,16.008838608302,31.761173911943402,16.0,33.0,12.658535647769233,24.932184096147203,97.0,176.0,0.9994646135617586,-0.0024842320091997094,1.0383999073139112,0.24810195128686258,-0.03821650751785964,0.07410819598192436,-0.2505861832960623,273.0,0.3553113553113553,30
Virginia,Danville,31.228764313326334,11.660442702510712,47.0,9.0,23.774458907613845,8.786269001822472,148.0,56.0,1.4970642893914914,3.234524173298874,0.781221558491335,-0.8975355560547271,0.6504025337259585,0.08899927715071737,4.132059729353601,204.0,0.7254901960784313,30
Virginia,Dinwiddie,6.982754739174848,5.193579815156647,12.0,8.0,5.787172551564558,4.197923672604444,54.0,38.0,1.6705077789811968,2.0856052703151264,1.492909606250271,1.3697314461405992,0.11240066780141658,0.27432237508424795,0.7158738241745273,92.0,0.5869565217391305,30
Virginia,Fairfax,24.574264560250096,66.82615537738143,25.0,92.0,18.32673363909364,51.14700140370041,130.0,378.0,1.0169789801302813,0.09944827857328756,1.3739088394623504,3.519974024450356,-0.3008233964263422,0.041800786120442544,-3.420525745877068,508.0,0.2559055118110236,30
Virginia,Franklin,4.078731498654645,8.235878294697514,3.0,4.0,3.449881317312419,6.766697446089628,34.0,57.0,0.7644038531257826,-0.5807795057753731,0.5151170664467019,-1.6283775045711741,0.39470206475196673,0.3071339265384223,1.047597998795801,91.0,0.37362637362637363,30
Virginia,Halifax,9.783770782189151,7.119939869181573,14.0,7.0,8.065342769204442,6.006561286523645,68.0,53.0,1.4099886420176824,1.48461142679955,0.9842597354781416,-0.0489384955722497,0.3594471069926584,0.20274553169475376,1.5335499223717997,121.0,0.5619834710743802,30
Virginia,Hampton,53.90870454346804,19.996817860595694,46.0,13.0,42.47403807260943,15.331890180822603,281.0,103.0,0.8546426604009724,-1.213510602948551,0.6586388234416234,-1.7869101622661108,0.26050812388014805,0.05295715900175293,0.5733995593175598,384.0,0.7317708333333334,30
Virginia,Henrico,66.83990415005061,38.016355348215235,73.0,27.0,47.34137406838394,27.236683048107462,292.0,169.0,1.091477645056089,0.8952968165229819,0.7139824043936777,-2.110866792534969,0.42442937651259494,0.02944240823795812,3.0061636090579507,461.0,0.6334056399132321,30
Virginia,Henry,14.464415967733368,16.985052147737207,5.0,15.0,12.28158049097014,13.694394723365777,108.0,115.0,0.3675385669483682,-2.70063996470108,0.8864714768383405,-0.536414488280878,-0.8804206927455434,0.10617082946190907,-2.164225476420202,223.0,0.484304932735426,30
Virginia,Hopewell,7.549794614394278,5.612888735830443,8.0,8.0,6.088404676805186,4.446134286367886,43.0,34.0,1.0559275617791148,0.18245632810117537,1.3905046153020264,1.132091095219569,-0.27524712772247817,0.24794211369941171,-0.9496347671183937,77.0,0.5584415584415584,30
Virginia,Lynchburg,26.546111287129193,12.065120886771496,15.0,4.0,20.616012236817355,9.359320350689368,135.0,60.0,0.573095327289295,-2.5429241568809196,0.3581342384646359,-2.63626294359925,0.47014418423323534,0.0935507406699971,0.09333878671833062,195.0,0.6923076923076923,30
Virginia,Mecklenburg,7.936822862028269,5.718672897804314,4.0,10.0,6.68141947475789,4.333864545340684,65.0,33.0,0.533376138576195,-1.523040684904966,1.6884631452005354,2.056556964022246,-1.1523471364712532,0.23858683355213625,-3.579597648927212,98.0,0.6632653061224489,30
Virginia,Newport News,121.50245163950196,33.4179424317185,111.0,16.0,92.64313935166594,24.93622814823974,572.0,157.0,0.9139160607154433,-1.0911489994088632,0.486468188134253,-3.4880401025616012,0.630567219698121,0.028604532279625068,2.396891103152738,729.0,0.7846364883401921,30
Virginia,Norfolk,274.95597437654806,69.6876729848542,224.0,52.0,208.116191034425,52.311959055789934,1254.0,323.0,0.8150122737694144,-3.5321747055591795,0.7479945945968173,-2.4455143077763535,0.0858074214937139,0.013524650269173035,-1.086660397782826,1577.0,0.7951807228915663,30
Virginia,Petersburg,42.59195822711102,7.587300579067377,33.0,3.0,33.11628436318715,5.855515196545084,215.0,37.0,0.7774072327704916,-1.666811457817488,0.43277728653478803,-1.8957219629283997,0.5857410762951063,0.11997148645722303,0.2289105051109117,252.0,0.8531746031746031,30
Virginia,Pittsylvania,8.92520466160467,8.97024521916916,7.0,10.0,7.360826245650753,7.577996652060577,68.0,71.0,0.7957386888958125,-0.7096000239513238,1.1087358095803546,0.3740732151228282,-0.3317048833002616,0.18658107904729693,-1.0836732390741521,139.0,0.4892086330935252,30
Virginia,Portsmouth,123.92623635072579,28.965539327650323,208.0,37.0,91.42393000474277,21.40865931120876,532.0,126.0,1.6756916074540078,8.792867856023367,1.27267312445933,1.7364488451855367,0.27510646918568377,0.031469766835657255,7.05641901083783,658.0,0.8085106382978723,30
Virginia,Prince William,19.110119903206808,25.94279424031498,7.0,18.0,15.242097130043945,20.160260527380473,111.0,151.0,0.38245559114473027,-3.1018877718559845,0.6996234903115758,-1.7689894471592846,-0.603929774411578,0.07169121896313688,-1.3328983246966999,262.0,0.42366412213740456,30
Virginia,Richmond,640.4047471075279,108.80179040058184,1091.0,186.0,457.95485224007274,75.55023498537288,2440.0,401.0,1.7030611879940927,21.055971280447626,1.7062849502875777,8.881561316889066,-0.0018911328586271882,0.007498742945756373,12.17440996355856,2841.0,0.8588525167194649,30
Virginia,Roanoke,36.23982685741339,45.41079321957081,37.0,37.0,29.596450112180044,35.876941323988255,220.0,249.0,1.0206907110786567,0.13973098156287245,0.8168013961478351,-1.4042009119792873,0.2228388686891757,0.039933426409507464,1.5439318935421598,469.0,0.4690831556503198,30
Virginia,Suffolk,34.43989779612373,8.960840123820816,34.0,8.0,26.32753144262771,6.967422793707562,174.0,48.0,0.9874098716976633,-0.08573274241136487,0.8984402958674271,-0.36401145285977327,0.094424968100136,0.10896761971315824,0.2782787104484084,222.0,0.7837837837837838,30
Virginia,Virginia Beach,46.97706971558908,59.57645302173319,33.0,37.0,37.83345730915627,47.10521228320856,274.0,340.0,0.7056037830616215,-2.272365130511808,0.6242046278337046,-3.2894343894088576,0.1225756223270255,0.030415175031925354,1.0170692588970494,614.0,0.44625407166123776,30
Washington,King,232.72885033617817,480.3872161432164,275.0,407.0,159.25493063144793,312.1612689748044,803.0,1538.0,1.1812432278549236,3.349636004418425,0.8473920418766956,-4.153659622753749,0.33215929883439116,0.0042929887012499125,7.503295627172174,2341.0,0.3430158052114481,30
Washington,Pierce,96.62585830732557,225.27778766291374,75.0,168.0,68.68069566516586,153.52275992025724,375.0,805.0,0.7773419078686847,-2.6094922443491817,0.746309022442768,-4.622744073787171,0.04074053581747983,0.010381179765281417,2.0132518294379893,1180.0,0.3177966101694915,30
Washington,Spokane,17.05022216624381,148.28235480189534,15.0,118.0,11.067295940394775,98.83207426158381,56.0,516.0,0.8831797029790758,-0.6162829645995939,0.7964654152556162,-3.0460756741366875,0.10334498651987171,0.042564762830873654,2.4297927095370935,572.0,0.0979020979020979,30
West Virginia,Cabell,10.31641786803143,32.513085061526375,13.0,23.0,7.772831288541757,24.268075684527258,47.0,146.0,1.2481026680653728,0.962554371880007,0.7118389558625959,-1.9310953125750931,0.5615281113818112,0.09599058178942668,2.8936496844551,193.0,0.24352331606217617,30
West Virginia,Kanawha,23.265409986769303,71.02585070502244,29.0,55.0,18.57792861931939,55.0254744318252,129.0,367.0,1.2412998562374167,1.3304658420867863,0.7759432352491108,-2.160425002525737,0.4698350136503313,0.04522990222682338,3.4908908446125233,496.0,0.2600806451612903,30
West Virginia,Mercer,5.75549713174278,26.295395188567635,4.0,8.0,4.6274211442189355,21.405733331274813,33.0,153.0,0.7193672869203763,-0.8160760094171842,0.3172186840381649,-3.9543648721208733,0.8187806664541837,0.17065042540387673,3.138288862703689,186.0,0.1774193548387097,30
West Virginia,Raleigh,8.715449943668553,23.550737499031456,4.0,11.0,6.97948789987538,18.88374070162893,56.0,141.0,0.4883103947726081,-1.7848896025688388,0.4781558154074533,-2.8881864898015226,0.0210146054885429,0.1259318667734306,1.1032968872326838,197.0,0.28426395939086296,30
Wisconsin,Dane,7.1405171795192715,24.829162143058298,10.0,23.0,6.1130924863986955,20.05691690677222,63.0,180.0,1.3742525215630288,1.1565302817225747,0.9277843407244484,-0.4084323346379142,0.39286592728554554,0.1524293474971998,1.5649626163604888,243.0,0.25925925925925924,30
Wisconsin,Kenosha,3.614642002750807,18.69338404613689,4.0,16.0,2.9620663044942015,14.393459770728022,32.0,122.0,1.0936552917584481,0.22390664797958124,0.8596712263109747,-0.7099302539027157,0.24073082236342705,0.26789638342128863,0.933836901882297,154.0,0.2077922077922078,30
Wisconsin,Milwaukee,438.3542217519464,180.45471770785008,541.0,202.0,345.71492689066747,139.84560737691277,2698.0,1062.0,1.2338949317572523,5.520545912627005,1.1190644961627063,1.8219135841825427,0.09768271242485785,0.006093648980705882,3.6986323284444627,3760.0,0.7175531914893617,30
Wisconsin,Racine,20.629073845151787,19.1476722211655,37.0,28.0,16.87451242640939,15.198150060501815,149.0,130.0,1.7748056670550487,3.985268926217511,1.4505535148992514,2.270712351144713,0.20174571558065565,0.08110587600509492,1.7145565750727982,279.0,0.5340501792114696,30
Wisconsin,Rock,4.38304137089672,11.460139181074021,11.0,12.0,3.595632742579443,9.569473592469807,34.0,90.0,2.3550896104507393,3.4895606910931596,1.0451383391742017,0.17451701859239135,0.8124295192513306,0.2600280092042847,3.315043672500768,124.0,0.27419354838709675,30
