attribute,group_set,model_a,model_b,metric,quantity,diff,diff_lo,diff_hi,significant,stratum,n_strata,n_strata_used,min_stratum_n,n_standardized,signed_as,gap_a,gap_b
Victim Race,named_all,graphsage_geo_blind_mb,graphsage_fairloss_a0_mb,selection_rate,gap,0.009603794456104625,-0.018358977815952155,0.032676471421566836,False,State|City,2814,3,20,14732,,,
Victim Race,named_all,graphsage_geo_blind_mb,graphsage_fairloss_a0_mb,selection_rate,amplification,0.08456486189548995,-0.2409222261608651,0.4386741020549712,False,State|City,2814,3,20,14732,,,
Victim Race,named_all,graphsage_geo_blind_mb,graphsage_fairloss_a0_mb,tpr,gap,0.016483402277264025,-0.023975115564427545,0.048488545257205605,False,State|City,2814,3,20,14732,,,
Victim Race,named_all,graphsage_geo_blind_mb,graphsage_fairloss_a0_mb,tpr,amplification,0.14514228136761054,-0.3526539061639467,0.7045833291238682,False,State|City,2814,3,20,14732,,,
Victim Race,named_all,graphsage_geo_blind_mb,graphsage_fairloss_a0_mb,fpr,gap,-0.0018889211381276638,-0.02861233186154344,0.01900145029926853,False,State|City,2814,3,20,14732,,,
Victim Race,named_all,graphsage_geo_blind_mb,graphsage_fairloss_a0_mb,fpr,amplification,-0.01663262952027278,-0.5281147479086047,0.2629684115505871,False,State|City,2814,3,20,14732,,,
Victim Race,named_n>=5000,graphsage_geo_blind_mb,graphsage_fairloss_a0_mb,selection_rate,gap,-0.003859254707664239,-0.005952453665741072,-0.001791275719744595,True,State|City,2814,314,20,149428,,,
Victim Race,named_n>=5000,graphsage_geo_blind_mb,graphsage_fairloss_a0_mb,selection_rate,amplification,-0.1506418494032734,-0.2497925664350561,-0.06720711955284545,True,State|City,2814,314,20,149428,,,
Victim Race,named_n>=5000,graphsage_geo_blind_mb,graphsage_fairloss_a0_mb,tpr,gap,-0.003126530452368992,-0.00579899133790269,5.0440875427887006e-05,False,State|City,2814,314,20,149428,,,
Victim Race,named_n>=5000,graphsage_geo_blind_mb,graphsage_fairloss_a0_mb,tpr,amplification,-0.12204074756329727,-0.23758426226458298,0.0019207512959770999,False,State|City,2814,314,20,149428,,,
Victim Race,named_n>=5000,graphsage_geo_blind_mb,graphsage_fairloss_a0_mb,fpr,gap,-0.0051684422470583136,-0.009027129302936674,-0.0012738451292824847,True,State|City,2814,314,20,149428,,,
Victim Race,named_n>=5000,graphsage_geo_blind_mb,graphsage_fairloss_a0_mb,fpr,amplification,-0.20174457443419214,-0.3684874633285587,-0.04956754173631033,True,State|City,2814,314,20,149428,,,
Victim Race,named_n>=5000,graphsage_geo_blind_mb,graphsage_fairloss_a0_mb,selection_rate,signed_gap,0.003859254707664239,0.001791275719744595,0.005952453665741072,True,State|City,2814,314,20,149428,Black-White,-0.016948444562562726,-0.020807699270226965
Victim Race,named_n>=5000,graphsage_geo_blind_mb,graphsage_fairloss_a0_mb,tpr,signed_gap,0.003126530452368992,0.0006029433527786233,0.005878856176403699,True,State|City,2814,314,20,149428,Black-White,-0.004789950870613513,-0.007916481322982505
Victim Race,named_n>=5000,graphsage_geo_blind_mb,graphsage_fairloss_a0_mb,fpr,signed_gap,0.0051684422470583136,0.0012738451292824845,0.009027129302936674,True,State|City,2814,314,20,149428,Black-White,-0.025128349253706828,-0.03029679150076514
Victim Race,named_n>=5000,graphsage_geo_blind_mb,graphsage_fairloss_a0_mb,selection_rate,gap,-0.004015926299842931,-0.006115628680025231,-0.0018988343757443103,True,State|City,2814,243,30,143595,,,
Victim Race,named_n>=5000,graphsage_geo_blind_mb,graphsage_fairloss_a0_mb,selection_rate,amplification,-0.14748676309708542,-0.2425721464225696,-0.06856838147425195,True,State|City,2814,243,30,143595,,,
Victim Race,named_n>=5000,graphsage_geo_blind_mb,graphsage_fairloss_a0_mb,tpr,gap,-0.0033879730189777524,-0.006003302981398745,-0.00046328252981324463,True,State|City,2814,243,30,143595,,,
Victim Race,named_n>=5000,graphsage_geo_blind_mb,graphsage_fairloss_a0_mb,tpr,amplification,-0.1244248864947626,-0.22861403555402485,-0.016524835911928253,True,State|City,2814,243,30,143595,,,
Victim Race,named_n>=5000,graphsage_geo_blind_mb,graphsage_fairloss_a0_mb,fpr,gap,-0.005285935113917728,-0.009194235687382254,-0.0015227074648486122,True,State|City,2814,243,30,143595,,,
Victim Race,named_n>=5000,graphsage_geo_blind_mb,graphsage_fairloss_a0_mb,fpr,amplification,-0.19412842808480824,-0.3586805671509227,-0.05633334600190367,True,State|City,2814,243,30,143595,,,
Victim Race,named_n>=5000,graphsage_geo_blind_mb,graphsage_fairloss_a0_mb,selection_rate,signed_gap,0.004015926299842931,0.0018988343757443099,0.006115628680025231,True,State|City,2814,243,30,143595,Black-White,-0.017316476923529223,-0.021332403223372154
Victim Race,named_n>=5000,graphsage_geo_blind_mb,graphsage_fairloss_a0_mb,tpr,signed_gap,0.0033879730189777524,0.0007282579649058541,0.006048398323806025,True,State|City,2814,243,30,143595,Black-White,-0.005014999157481936,-0.008402972176459689
Victim Race,named_n>=5000,graphsage_geo_blind_mb,graphsage_fairloss_a0_mb,fpr,signed_gap,0.005285935113917728,0.001522707464848612,0.009194235687382254,True,State|City,2814,243,30,143595,Black-White,-0.022499831270569592,-0.02778576638448732
Victim Race,named_n>=5000,graphsage_geo_blind_mb,graphsage_fairloss_a0_mb,selection_rate,gap,-0.0038781031198562577,-0.0062059993833913,-0.0016559571613454069,True,State|City,2814,164,50,134799,,,
Victim Race,named_n>=5000,graphsage_geo_blind_mb,graphsage_fairloss_a0_mb,selection_rate,amplification,-0.1374541489314144,-0.23464615465827238,-0.05800986030622092,True,State|City,2814,164,50,134799,,,
Victim Race,named_n>=5000,graphsage_geo_blind_mb,graphsage_fairloss_a0_mb,tpr,gap,-0.0030676287679113345,-0.005800713963174051,-5.549729062975834e-05,True,State|City,2814,164,50,134799,,,
Victim Race,named_n>=5000,graphsage_geo_blind_mb,graphsage_fairloss_a0_mb,tpr,amplification,-0.10872797563629633,-0.21858729550057981,-0.0018971737916070345,True,State|City,2814,164,50,134799,,,
Victim Race,named_n>=5000,graphsage_geo_blind_mb,graphsage_fairloss_a0_mb,fpr,gap,-0.00542157836974827,-0.00963055105296114,-0.0016351872689068588,True,State|City,2814,164,50,134799,,,
Victim Race,named_n>=5000,graphsage_geo_blind_mb,graphsage_fairloss_a0_mb,fpr,amplification,-0.19216055314855462,-0.35298674634299176,-0.05381793960624294,True,State|City,2814,164,50,134799,,,
Victim Race,named_n>=5000,graphsage_geo_blind_mb,graphsage_fairloss_a0_mb,selection_rate,signed_gap,0.0038781031198562577,0.001655957161345406,0.0062059993833913,True,State|City,2814,164,50,134799,Black-White,-0.018456496966935743,-0.022334600086792
Victim Race,named_n>=5000,graphsage_geo_blind_mb,graphsage_fairloss_a0_mb,tpr,signed_gap,0.0030676287679113345,0.00021331538662502372,0.005872069700841506,True,State|City,2814,164,50,134799,Black-White,-0.005836921081830315,-0.00890454984974165
Victim Race,named_n>=5000,graphsage_geo_blind_mb,graphsage_fairloss_a0_mb,fpr,signed_gap,0.00542157836974827,0.0016351872689068544,0.00963055105296114,True,State|City,2814,164,50,134799,Black-White,-0.023077788932376386,-0.028499367302124656
Victim Race,named_all,graphsage_geo_blind_mb,graphsage_fairloss_a10_mb,selection_rate,gap,0.012159254716996054,-0.0713900855879703,0.08737254199454869,False,State|City,2814,3,20,14732,,,
Victim Race,named_all,graphsage_geo_blind_mb,graphsage_fairloss_a10_mb,selection_rate,amplification,0.10706660795319856,-0.7174570527695263,1.3416585168532118,False,State|City,2814,3,20,14732,,,
Victim Race,named_all,graphsage_geo_blind_mb,graphsage_fairloss_a10_mb,tpr,gap,0.032219136977326535,-0.16974842920426456,0.11636721765865415,False,State|City,2814,3,20,14732,,,
Victim Race,named_all,graphsage_geo_blind_mb,graphsage_fairloss_a10_mb,tpr,amplification,0.2837010809980009,-2.0943705031995927,1.7023795394685841,False,State|City,2814,3,20,14732,,,
Victim Race,named_all,graphsage_geo_blind_mb,graphsage_fairloss_a10_mb,fpr,gap,-0.010962530545750748,-0.11042938790624844,0.09871402403230788,False,State|City,2814,3,20,14732,,,
Victim Race,named_all,graphsage_geo_blind_mb,graphsage_fairloss_a10_mb,fpr,amplification,-0.09652902150953768,-1.3611256608706637,1.648691347094648,False,State|City,2814,3,20,14732,,,
Victim Race,named_n>=5000,graphsage_geo_blind_mb,graphsage_fairloss_a10_mb,selection_rate,gap,0.01639984604964917,0.007703809230952577,0.019894472467009806,True,State|City,2814,314,20,149428,,,
Victim Race,named_n>=5000,graphsage_geo_blind_mb,graphsage_fairloss_a10_mb,selection_rate,amplification,0.6401503207191414,0.30248624891230835,0.8284980532075026,True,State|City,2814,314,20,149428,,,
Victim Race,named_n>=5000,graphsage_geo_blind_mb,graphsage_fairloss_a10_mb,tpr,gap,-0.0057461935319522706,-0.015377452288292159,0.005350216605497158,False,State|City,2814,314,20,149428,,,
Victim Race,named_n>=5000,graphsage_geo_blind_mb,graphsage_fairloss_a10_mb,tpr,amplification,-0.22429647334843075,-0.6103869231431804,0.2026066886047625,False,State|City,2814,314,20,149428,,,
Victim Race,named_n>=5000,graphsage_geo_blind_mb,graphsage_fairloss_a10_mb,fpr,gap,0.023849155379867815,0.010089726295682364,0.028829998288351567,True,State|City,2814,314,20,149428,,,
Victim Race,named_n>=5000,graphsage_geo_blind_mb,graphsage_fairloss_a10_mb,fpr,amplification,0.9309260842500173,0.3869099537093204,1.208796035094727,True,State|City,2814,314,20,149428,,,
Victim Race,named_n>=5000,graphsage_geo_blind_mb,graphsage_fairloss_a10_mb,selection_rate,signed_gap,-0.017497043075476282,-0.020729231165937986,-0.01432539561703744,True,State|City,2814,314,20,149428,Black-White,-0.016948444562562726,0.0005485985129135562
Victim Race,named_n>=5000,graphsage_geo_blind_mb,graphsage_fairloss_a10_mb,tpr,signed_gap,-0.015326095273179297,-0.019560820889001164,-0.011150472083306573,True,State|City,2814,314,20,149428,Black-White,-0.004789950870613513,0.010536144402565784
Victim Race,named_n>=5000,graphsage_geo_blind_mb,graphsage_fairloss_a10_mb,fpr,signed_gap,-0.023849155379867815,-0.02984393832862585,-0.018323377535422153,True,State|City,2814,314,20,149428,Black-White,-0.025128349253706828,-0.001279193873839013
Victim Race,named_n>=5000,graphsage_geo_blind_mb,graphsage_fairloss_a10_mb,selection_rate,gap,0.017101651667045137,0.008346877960952653,0.019784872234374508,True,State|City,2814,243,30,143595,,,
Victim Race,named_n>=5000,graphsage_geo_blind_mb,graphsage_fairloss_a10_mb,selection_rate,amplification,0.6280661196608637,0.3078913676716548,0.7874211714343781,True,State|City,2814,243,30,143595,,,
Victim Race,named_n>=5000,graphsage_geo_blind_mb,graphsage_fairloss_a10_mb,tpr,gap,-0.005287465425517501,-0.015092892774041352,0.006111180506636976,False,State|City,2814,243,30,143595,,,
Victim Race,named_n>=5000,graphsage_geo_blind_mb,graphsage_fairloss_a10_mb,tpr,amplification,-0.19418462949079254,-0.5727805388627247,0.23135710027506415,False,State|City,2814,243,30,143595,,,
Victim Race,named_n>=5000,graphsage_geo_blind_mb,graphsage_fairloss_a10_mb,fpr,gap,0.021707388295803542,0.004639275068343565,0.027938010710487963,True,State|City,2814,243,30,143595,,,
Victim Race,named_n>=5000,graphsage_geo_blind_mb,graphsage_fairloss_a10_mb,fpr,amplification,0.7972139416913195,0.16487240630566635,1.1163268942291784,True,State|City,2814,243,30,143595,,,
Victim Race,named_n>=5000,graphsage_geo_blind_mb,graphsage_fairloss_a10_mb,selection_rate,signed_gap,-0.01753130218001331,-0.02092181629668299,-0.014059513600794993,True,State|City,2814,243,30,143595,Black-White,-0.017316476923529223,0.0002148252564840858
Victim Race,named_n>=5000,graphsage_geo_blind_mb,graphsage_fairloss_a10_mb,tpr,signed_gap,-0.015317463740481374,-0.019641978071230838,-0.011026984608805995,True,State|City,2814,243,30,143595,Black-White,-0.005014999157481936,0.010302464582999438
Victim Race,named_n>=5000,graphsage_geo_blind_mb,graphsage_fairloss_a10_mb,fpr,signed_gap,-0.023292274245335642,-0.029229920669950765,-0.01692599098749519,True,State|City,2814,243,30,143595,Black-White,-0.022499831270569592,0.00079244297476605
Victim Race,named_n>=5000,graphsage_geo_blind_mb,graphsage_fairloss_a10_mb,selection_rate,gap,0.017257535063878282,0.009821658063456636,0.020087722965476174,True,State|City,2814,164,50,134799,,,
Victim Race,named_n>=5000,graphsage_geo_blind_mb,graphsage_fairloss_a10_mb,selection_rate,amplification,0.6116701184952902,0.3534594701088127,0.7922176849537761,True,State|City,2814,164,50,134799,,,
Victim Race,named_n>=5000,graphsage_geo_blind_mb,graphsage_fairloss_a10_mb,tpr,gap,-0.0036553414476284685,-0.01468517351909815,0.008452500137196619,False,State|City,2814,164,50,134799,,,
Victim Race,named_n>=5000,graphsage_geo_blind_mb,graphsage_fairloss_a10_mb,tpr,amplification,-0.12955866107967717,-0.5143398754087378,0.3090603720378524,False,State|City,2814,164,50,134799,,,
Victim Race,named_n>=5000,graphsage_geo_blind_mb,graphsage_fairloss_a10_mb,fpr,gap,0.022094985245793453,0.006469157146537213,0.026774756482820267,True,State|City,2814,164,50,134799,,,
Victim Race,named_n>=5000,graphsage_geo_blind_mb,graphsage_fairloss_a10_mb,fpr,amplification,0.7831270336940565,0.2090261931067818,1.0318020800915664,True,State|City,2814,164,50,134799,,,
Victim Race,named_n>=5000,graphsage_geo_blind_mb,graphsage_fairloss_a10_mb,selection_rate,signed_gap,-0.017257535063878282,-0.020853709246333983,-0.013798635381786141,True,State|City,2814,164,50,134799,Black-White,-0.018456496966935743,-0.0011989619030574605
Victim Race,named_n>=5000,graphsage_geo_blind_mb,graphsage_fairloss_a10_mb,tpr,signed_gap,-0.015329183611289099,-0.019506898157747515,-0.010718250461994584,True,State|City,2814,164,50,134799,Black-White,-0.005836921081830315,0.009492262529458784
Victim Race,named_n>=5000,graphsage_geo_blind_mb,graphsage_fairloss_a10_mb,fpr,signed_gap,-0.022094985245793453,-0.028721081262213392,-0.01589637310350521,True,State|City,2814,164,50,134799,Black-White,-0.023077788932376386,-0.0009828036865829337
Victim Race,named_all,graphsage_geo_blind_mb,graphsage_fairloss_a25_mb,selection_rate,gap,-0.028473142805968146,-0.08409362450867161,0.03765152800488859,False,State|City,2814,3,20,14732,,,
Victim Race,named_all,graphsage_geo_blind_mb,graphsage_fairloss_a25_mb,selection_rate,amplification,-0.2507162559676325,-1.227912239207956,0.4911900490486372,False,State|City,2814,3,20,14732,,,
Victim Race,named_all,graphsage_geo_blind_mb,graphsage_fairloss_a25_mb,tpr,gap,-0.017642602804486873,-0.06769174011355994,0.03275748630591429,False,State|City,2814,3,20,14732,,,
Victim Race,named_all,graphsage_geo_blind_mb,graphsage_fairloss_a25_mb,tpr,amplification,-0.15534945863924277,-1.0632093475766162,0.3934312356718414,False,State|City,2814,3,20,14732,,,
Victim Race,named_all,graphsage_geo_blind_mb,graphsage_fairloss_a25_mb,fpr,gap,0.018748303013847417,-0.0787282263283004,0.11110704012077881,False,State|City,2814,3,20,14732,,,
Victim Race,named_all,graphsage_geo_blind_mb,graphsage_fairloss_a25_mb,fpr,amplification,0.16508554638349404,-0.902471713496297,1.864382405246487,False,State|City,2814,3,20,14732,,,
Victim Race,named_n>=5000,graphsage_geo_blind_mb,graphsage_fairloss_a25_mb,selection_rate,gap,0.010476462428898103,0.0011119908857474714,0.019220889183115892,True,State|City,2814,314,20,149428,,,
Victim Race,named_n>=5000,graphsage_geo_blind_mb,graphsage_fairloss_a25_mb,selection_rate,amplification,0.40893742316590975,0.04725384545657118,0.7625814501971229,True,State|City,2814,314,20,149428,,,
Victim Race,named_n>=5000,graphsage_geo_blind_mb,graphsage_fairloss_a25_mb,tpr,gap,-0.012826411746613031,-0.022855596102505114,-0.0006670514176883998,True,State|City,2814,314,20,149428,,,
Victim Race,named_n>=5000,graphsage_geo_blind_mb,graphsage_fairloss_a25_mb,tpr,amplification,-0.5006651628565588,-0.9462147955030196,-0.022349187552654304,True,State|City,2814,314,20,149428,,,
Victim Race,named_n>=5000,graphsage_geo_blind_mb,graphsage_fairloss_a25_mb,fpr,gap,0.022211248723174815,0.0044089931777950234,0.031838269986610615,True,State|City,2814,314,20,149428,,,
Victim Race,named_n>=5000,graphsage_geo_blind_mb,graphsage_fairloss_a25_mb,fpr,amplification,0.8669921626500356,0.17977921979531536,1.3389391165851934,True,State|City,2814,314,20,149428,,,
Victim Race,named_n>=5000,graphsage_geo_blind_mb,graphsage_fairloss_a25_mb,selection_rate,signed_gap,-0.023420426696227348,-0.02667944491609778,-0.019992980226568112,True,State|City,2814,314,20,149428,Black-White,-0.016948444562562726,0.006471982133664622
Victim Race,named_n>=5000,graphsage_geo_blind_mb,graphsage_fairloss_a25_mb,tpr,signed_gap,-0.022406313487840057,-0.02681986704980481,-0.017829433939818524,True,State|City,2814,314,20,149428,Black-White,-0.004789950870613513,0.017616362617226544
Victim Race,named_n>=5000,graphsage_geo_blind_mb,graphsage_fairloss_a25_mb,fpr,signed_gap,-0.02804544978423884,-0.03412963061902952,-0.021721910745892265,True,State|City,2814,314,20,149428,Black-White,-0.025128349253706828,0.002917100530532013
Victim Race,named_n>=5000,graphsage_geo_blind_mb,graphsage_fairloss_a25_mb,selection_rate,gap,0.011141667225693652,0.002482521290660289,0.0209417978696151,True,State|City,2814,243,30,143595,,,
Victim Race,named_n>=5000,graphsage_geo_blind_mb,graphsage_fairloss_a25_mb,selection_rate,amplification,0.4091829162020999,0.09337661819196512,0.7766909779711956,True,State|City,2814,243,30,143595,,,
Victim Race,named_n>=5000,graphsage_geo_blind_mb,graphsage_fairloss_a25_mb,tpr,gap,-0.012363913106284263,-0.022145343002866292,0.00021026399749673804,False,State|City,2814,243,30,143595,,,
Victim Race,named_n>=5000,graphsage_geo_blind_mb,graphsage_fairloss_a25_mb,tpr,amplification,-0.45407046522014494,-0.8621842928652333,0.008785677712949063,False,State|City,2814,243,30,143595,,,
Victim Race,named_n>=5000,graphsage_geo_blind_mb,graphsage_fairloss_a25_mb,fpr,gap,0.0171872371330144,0.00018285219647689202,0.030069624182555005,True,State|City,2814,243,30,143595,,,
Victim Race,named_n>=5000,graphsage_geo_blind_mb,graphsage_fairloss_a25_mb,fpr,amplification,0.6312092857454743,0.006078178571965703,1.1736807471548498,True,State|City,2814,243,30,143595,,,
Victim Race,named_n>=5000,graphsage_geo_blind_mb,graphsage_fairloss_a25_mb,selection_rate,signed_gap,-0.023491286621364793,-0.027137512614616912,-0.01992861209525967,True,State|City,2814,243,30,143595,Black-White,-0.017316476923529223,0.00617480969783557
Victim Race,named_n>=5000,graphsage_geo_blind_mb,graphsage_fairloss_a25_mb,tpr,signed_gap,-0.022393911421248136,-0.026828782224645662,-0.01776568565013758,True,State|City,2814,243,30,143595,Black-White,-0.005014999157481936,0.0173789122637662
Victim Race,named_n>=5000,graphsage_geo_blind_mb,graphsage_fairloss_a25_mb,fpr,signed_gap,-0.027812425408124786,-0.03374975619923548,-0.021921976310373594,True,State|City,2814,243,30,143595,Black-White,-0.022499831270569592,0.005312594137555193
Victim Race,named_n>=5000,graphsage_geo_blind_mb,graphsage_fairloss_a25_mb,selection_rate,gap,0.01302646617376968,0.003949851534578261,0.02200505370389957,True,State|City,2814,164,50,134799,,,
Victim Race,named_n>=5000,graphsage_geo_blind_mb,graphsage_fairloss_a25_mb,selection_rate,amplification,0.46170557258563466,0.14030295380390517,0.7742074481346488,True,State|City,2814,164,50,134799,,,
Victim Race,named_n>=5000,graphsage_geo_blind_mb,graphsage_fairloss_a25_mb,tpr,gap,-0.011432993130279123,-0.022101813085433516,0.0009498257427764767,False,State|City,2814,164,50,134799,,,
Victim Race,named_n>=5000,graphsage_geo_blind_mb,graphsage_fairloss_a25_mb,tpr,amplification,-0.40522706382275686,-0.8162663712684659,0.03240070082632199,False,State|City,2814,164,50,134799,,,
Victim Race,named_n>=5000,graphsage_geo_blind_mb,graphsage_fairloss_a25_mb,fpr,gap,0.018185788341770093,0.0006076353815801228,0.030476762715689956,True,State|City,2814,164,50,134799,,,
Victim Race,named_n>=5000,graphsage_geo_blind_mb,graphsage_fairloss_a25_mb,fpr,amplification,0.6445708074048062,0.018922282375487213,1.147597350711509,True,State|City,2814,164,50,134799,,,
Victim Race,named_n>=5000,graphsage_geo_blind_mb,graphsage_fairloss_a25_mb,selection_rate,signed_gap,-0.023886527760101806,-0.027771836325128422,-0.020361562149320566,True,State|City,2814,164,50,134799,Black-White,-0.018456496966935743,0.005430030793166063
Victim Race,named_n>=5000,graphsage_geo_blind_mb,graphsage_fairloss_a25_mb,tpr,signed_gap,-0.023106835293939754,-0.027613816781139833,-0.018369805807253874,True,State|City,2814,164,50,134799,Black-White,-0.005836921081830315,0.01726991421210944
Victim Race,named_n>=5000,graphsage_geo_blind_mb,graphsage_fairloss_a25_mb,fpr,signed_gap,-0.02796978952298268,-0.034840259899210836,-0.021296697904610057,True,State|City,2814,164,50,134799,Black-White,-0.023077788932376386,0.0048920005906062936
Victim Race,named_all,graphsage_geo_blind_mb,graphsage_fairloss_a50_mb,selection_rate,gap,0.0020038982322668764,-0.0417033479582555,0.03958034661752098,False,State|City,2814,3,20,14732,,,
Victim Race,named_all,graphsage_geo_blind_mb,graphsage_fairloss_a50_mb,selection_rate,amplification,0.01764504415820234,-0.49939469986259494,0.6976004648330218,False,State|City,2814,3,20,14732,,,
Victim Race,named_all,graphsage_geo_blind_mb,graphsage_fairloss_a50_mb,tpr,gap,-0.03157708650824875,-0.08178534328685297,0.021240592797215206,False,State|City,2814,3,20,14732,,,
Victim Race,named_all,graphsage_geo_blind_mb,graphsage_fairloss_a50_mb,tpr,amplification,-0.27804759585776184,-1.3524597206714457,0.22810180925699772,False,State|City,2814,3,20,14732,,,
Victim Race,named_all,graphsage_geo_blind_mb,graphsage_fairloss_a50_mb,fpr,gap,0.08190863627677109,-0.07393862276174377,0.12405911419988754,False,State|City,2814,3,20,14732,,,
Victim Race,named_all,graphsage_geo_blind_mb,graphsage_fairloss_a50_mb,fpr,amplification,0.7212349812828605,-0.9211681378755044,2.638551116344919,False,State|City,2814,3,20,14732,,,
Victim Race,named_n>=5000,graphsage_geo_blind_mb,graphsage_fairloss_a50_mb,selection_rate,gap,0.015667138274357173,0.006377497027946786,0.019918145807806528,True,State|City,2814,314,20,149428,,,
Victim Race,named_n>=5000,graphsage_geo_blind_mb,graphsage_fairloss_a50_mb,selection_rate,amplification,0.611549862158336,0.25172161711111213,0.8447836893104189,True,State|City,2814,314,20,149428,,,
Victim Race,named_n>=5000,graphsage_geo_blind_mb,graphsage_fairloss_a50_mb,tpr,gap,-0.00940985855589882,-0.019130031617490845,0.001389954537700049,False,State|City,2814,314,20,149428,,,
Victim Race,named_n>=5000,graphsage_geo_blind_mb,graphsage_fairloss_a50_mb,tpr,amplification,-0.3673036901836799,-0.7760385334952372,0.05719925000687376,False,State|City,2814,314,20,149428,,,
Victim Race,named_n>=5000,graphsage_geo_blind_mb,graphsage_fairloss_a50_mb,fpr,gap,0.019257495917021694,0.01202325575983089,0.025781362221595105,True,State|City,2814,314,20,149428,,,
Victim Race,named_n>=5000,graphsage_geo_blind_mb,graphsage_fairloss_a50_mb,fpr,amplification,0.7516956043494512,0.44535733626976753,1.0796313703819118,True,State|City,2814,314,20,149428,,,
Victim Race,named_n>=5000,graphsage_geo_blind_mb,graphsage_fairloss_a50_mb,selection_rate,signed_gap,-0.018229750850768278,-0.021990418695730214,-0.014424565311685645,True,State|City,2814,314,20,149428,Black-White,-0.016948444562562726,0.0012813062882055526
Victim Race,named_n>=5000,graphsage_geo_blind_mb,graphsage_fairloss_a50_mb,tpr,signed_gap,-0.018989760297125846,-0.023378942578117415,-0.014542382510694151,True,State|City,2814,314,20,149428,Black-White,-0.004789950870613513,0.014199809426512333
Victim Race,named_n>=5000,graphsage_geo_blind_mb,graphsage_fairloss_a50_mb,fpr,signed_gap,-0.019257495917021694,-0.025832856025924205,-0.012913109862133084,True,State|City,2814,314,20,149428,Black-White,-0.025128349253706828,-0.005870853336685133
Victim Race,named_n>=5000,graphsage_geo_blind_mb,graphsage_fairloss_a50_mb,selection_rate,gap,0.01645755302391505,0.007061625009241973,0.02018895108366351,True,State|City,2814,243,30,143595,,,
Victim Race,named_n>=5000,graphsage_geo_blind_mb,graphsage_fairloss_a50_mb,selection_rate,amplification,0.6044112971124029,0.2775669704491701,0.7873628886404417,True,State|City,2814,243,30,143595,,,
Victim Race,named_n>=5000,graphsage_geo_blind_mb,graphsage_fairloss_a50_mb,tpr,gap,-0.008739834424898896,-0.01828984915029226,0.004066898251929377,False,State|City,2814,243,30,143595,,,
Victim Race,named_n>=5000,graphsage_geo_blind_mb,graphsage_fairloss_a50_mb,tpr,amplification,-0.32097448834736564,-0.6963391253562494,0.1586805554261809,False,State|City,2814,243,30,143595,,,
Victim Race,named_n>=5000,graphsage_geo_blind_mb,graphsage_fairloss_a50_mb,fpr,gap,0.019536743296786452,0.007457074130212407,0.025101353924885113,True,State|City,2814,243,30,143595,,,
Victim Race,named_n>=5000,graphsage_geo_blind_mb,graphsage_fairloss_a50_mb,fpr,amplification,0.7174959934933092,0.29206740349560417,0.979477884859657,True,State|City,2814,243,30,143595,,,
Victim Race,named_n>=5000,graphsage_geo_blind_mb,graphsage_fairloss_a50_mb,selection_rate,signed_gap,-0.018175400823143395,-0.0216188479971704,-0.01464426479498485,True,State|City,2814,243,30,143595,Black-White,-0.017316476923529223,0.0008589238996141724
Victim Race,named_n>=5000,graphsage_geo_blind_mb,graphsage_fairloss_a50_mb,tpr,signed_gap,-0.01876983273986277,-0.023085852616676457,-0.014187612709559887,True,State|City,2814,243,30,143595,Black-White,-0.005014999157481936,0.013754833582380832
Victim Race,named_n>=5000,graphsage_geo_blind_mb,graphsage_fairloss_a50_mb,fpr,signed_gap,-0.019536743296786452,-0.026332568121634967,-0.013410122478925398,True,State|City,2814,243,30,143595,Black-White,-0.022499831270569592,-0.0029630879737831406
Victim Race,named_n>=5000,graphsage_geo_blind_mb,graphsage_fairloss_a50_mb,selection_rate,gap,0.018212611675960444,0.009228320009344584,0.020830650984122956,True,State|City,2814,164,50,134799,,,
Victim Race,named_n>=5000,graphsage_geo_blind_mb,graphsage_fairloss_a50_mb,selection_rate,amplification,0.6455215244070851,0.3342160251818307,0.7887312788988023,True,State|City,2814,164,50,134799,,,
Victim Race,named_n>=5000,graphsage_geo_blind_mb,graphsage_fairloss_a50_mb,tpr,gap,-0.007719361605822872,-0.018546603362187393,0.0043670675635720455,False,State|City,2814,164,50,134799,,,
Victim Race,named_n>=5000,graphsage_geo_blind_mb,graphsage_fairloss_a50_mb,tpr,amplification,-0.2736023893716234,-0.6818685278247923,0.14833209504042516,False,State|City,2814,164,50,134799,,,
Victim Race,named_n>=5000,graphsage_geo_blind_mb,graphsage_fairloss_a50_mb,fpr,gap,0.018338273757495915,0.009433136206662347,0.024146071206438233,True,State|City,2814,164,50,134799,,,
Victim Race,named_n>=5000,graphsage_geo_blind_mb,graphsage_fairloss_a50_mb,fpr,amplification,0.6499754478682662,0.33348395153603655,0.9081022663235303,True,State|City,2814,164,50,134799,,,
Victim Race,named_n>=5000,graphsage_geo_blind_mb,graphsage_fairloss_a50_mb,selection_rate,signed_gap,-0.018212611675960444,-0.02208759882350639,-0.014148491077081035,True,State|City,2814,164,50,134799,Black-White,-0.018456496966935743,-0.00024388529097529865
Victim Race,named_n>=5000,graphsage_geo_blind_mb,graphsage_fairloss_a50_mb,tpr,signed_gap,-0.019393203769483502,-0.024503257274244888,-0.01421749390958352,True,State|City,2814,164,50,134799,Black-White,-0.005836921081830315,0.013556282687653187
Victim Race,named_n>=5000,graphsage_geo_blind_mb,graphsage_fairloss_a50_mb,fpr,signed_gap,-0.018338273757495915,-0.024715777042459208,-0.011741442315627907,True,State|City,2814,164,50,134799,Black-White,-0.023077788932376386,-0.004739515174880471
Victim Race,named_all,graphsage_geo_blind_mb,graphsage_fairloss_a100_mb,selection_rate,gap,-0.014925885895470226,-0.07730911463218516,0.05218635598088576,False,State|City,2814,3,20,14732,,,
Victim Race,named_all,graphsage_geo_blind_mb,graphsage_fairloss_a100_mb,selection_rate,amplification,-0.13142778983737646,-0.8672275407142892,0.7059425981778009,False,State|City,2814,3,20,14732,,,
Victim Race,named_all,graphsage_geo_blind_mb,graphsage_fairloss_a100_mb,tpr,gap,-0.009052852041826792,-0.06779243018807037,0.043045684594504,False,State|City,2814,3,20,14732,,,
Victim Race,named_all,graphsage_geo_blind_mb,graphsage_fairloss_a100_mb,tpr,amplification,-0.07971361592300263,-0.8283441267418291,0.5024528761379377,False,State|City,2814,3,20,14732,,,
Victim Race,named_all,graphsage_geo_blind_mb,graphsage_fairloss_a100_mb,fpr,gap,0.024226174314417592,-0.06712470312042008,0.12661466647491598,False,State|City,2814,3,20,14732,,,
Victim Race,named_all,graphsage_geo_blind_mb,graphsage_fairloss_a100_mb,fpr,amplification,0.2133201719922846,-0.6006840608666055,2.0203685452415665,False,State|City,2814,3,20,14732,,,
Victim Race,named_n>=5000,graphsage_geo_blind_mb,graphsage_fairloss_a100_mb,selection_rate,gap,0.009055634353004716,0.0004800427924573222,0.018867306098136003,True,State|City,2814,314,20,149428,,,
Victim Race,named_n>=5000,graphsage_geo_blind_mb,graphsage_fairloss_a100_mb,selection_rate,amplification,0.3534769300785756,0.016412298187946046,0.7378776490086852,True,State|City,2814,314,20,149428,,,
Victim Race,named_n>=5000,graphsage_geo_blind_mb,graphsage_fairloss_a100_mb,tpr,gap,-0.015192790200095896,-0.024579701201050304,-0.0034811058904477402,True,State|City,2814,314,20,149428,,,
Victim Race,named_n>=5000,graphsage_geo_blind_mb,graphsage_fairloss_a100_mb,tpr,amplification,-0.5930341961605224,-0.9937231787036679,-0.13079020756658047,True,State|City,2814,314,20,149428,,,
Victim Race,named_n>=5000,graphsage_geo_blind_mb,graphsage_fairloss_a100_mb,fpr,gap,0.02447163494297938,0.008487978357500425,0.03076653007845842,True,State|City,2814,314,20,149428,,,
Victim Race,named_n>=5000,graphsage_geo_blind_mb,graphsage_fairloss_a100_mb,fpr,amplification,0.9552239033125021,0.3041110874771683,1.3057475209734495,True,State|City,2814,314,20,149428,,,
Victim Race,named_n>=5000,graphsage_geo_blind_mb,graphsage_fairloss_a100_mb,selection_rate,signed_gap,-0.024841254772120736,-0.028400463014075415,-0.021252504823614904,True,State|City,2814,314,20,149428,Black-White,-0.016948444562562726,0.00789281020955801
Victim Race,named_n>=5000,graphsage_geo_blind_mb,graphsage_fairloss_a100_mb,tpr,signed_gap,-0.024772691941322922,-0.029476693539654618,-0.019770222173784897,True,State|City,2814,314,20,149428,Black-White,-0.004789950870613513,0.01998274107070941
Victim Race,named_n>=5000,graphsage_geo_blind_mb,graphsage_fairloss_a100_mb,fpr,signed_gap,-0.025785063564434274,-0.03207633316611829,-0.019272081000872295,True,State|City,2814,314,20,149428,Black-White,-0.025128349253706828,0.0006567143107274465
Victim Race,named_n>=5000,graphsage_geo_blind_mb,graphsage_fairloss_a100_mb,selection_rate,gap,0.00974693896964729,0.00048071290320773636,0.018715293648748653,True,State|City,2814,243,30,143595,,,
Victim Race,named_n>=5000,graphsage_geo_blind_mb,graphsage_fairloss_a100_mb,selection_rate,amplification,0.35796087164108137,0.017496805547642214,0.7016661404298213,True,State|City,2814,243,30,143595,,,
Victim Race,named_n>=5000,graphsage_geo_blind_mb,graphsage_fairloss_a100_mb,tpr,gap,-0.014727519153883817,-0.0245147715756157,-0.0031182512963612396,True,State|City,2814,243,30,143595,,,
Victim Race,named_n>=5000,graphsage_geo_blind_mb,graphsage_fairloss_a100_mb,tpr,amplification,-0.54087499776617,-0.9799625135086937,-0.11343751302245458,True,State|City,2814,243,30,143595,,,
Victim Race,named_n>=5000,graphsage_geo_blind_mb,graphsage_fairloss_a100_mb,fpr,gap,0.01959844089028684,0.0032580389111969994,0.02881207729739716,True,State|City,2814,243,30,143595,,,
Victim Race,named_n>=5000,graphsage_geo_blind_mb,graphsage_fairloss_a100_mb,fpr,amplification,0.7197618663397823,0.11694881633905062,1.1637399724388722,True,State|City,2814,243,30,143595,,,
Victim Race,named_n>=5000,graphsage_geo_blind_mb,graphsage_fairloss_a100_mb,selection_rate,signed_gap,-0.024886014877411156,-0.028843349437267945,-0.021009864463079505,True,State|City,2814,243,30,143595,Black-White,-0.017316476923529223,0.007569537953881933
Victim Race,named_n>=5000,graphsage_geo_blind_mb,graphsage_fairloss_a100_mb,tpr,signed_gap,-0.02475751746884769,-0.029441937704242065,-0.020066399615309347,True,State|City,2814,243,30,143595,Black-White,-0.005014999157481936,0.019742518311365753
Victim Race,named_n>=5000,graphsage_geo_blind_mb,graphsage_fairloss_a100_mb,fpr,signed_gap,-0.025401221650852346,-0.03226602172997125,-0.018330884707523712,True,State|City,2814,243,30,143595,Black-White,-0.022499831270569592,0.0029013903802827534
Victim Race,named_n>=5000,graphsage_geo_blind_mb,graphsage_fairloss_a100_mb,selection_rate,gap,0.012048688541790253,0.0030997817577855208,0.020808537929023367,True,State|City,2814,164,50,134799,,,
Victim Race,named_n>=5000,graphsage_geo_blind_mb,graphsage_fairloss_a100_mb,selection_rate,amplification,0.42704955955705715,0.11571548379171477,0.7542016773340867,True,State|City,2814,164,50,134799,,,
Victim Race,named_n>=5000,graphsage_geo_blind_mb,graphsage_fairloss_a100_mb,tpr,gap,-0.013335448047529508,-0.02396899654212182,-0.001636781520256283,True,State|City,2814,164,50,134799,,,
Victim Race,named_n>=5000,graphsage_geo_blind_mb,graphsage_fairloss_a100_mb,tpr,amplification,-0.4726570195122096,-0.8937875489690954,-0.05198308965614794,True,State|City,2814,164,50,134799,,,
Victim Race,named_n>=5000,graphsage_geo_blind_mb,graphsage_fairloss_a100_mb,fpr,gap,0.02115341930494613,0.004449729055677965,0.029410738723956716,True,State|City,2814,164,50,134799,,,
Victim Race,named_n>=5000,graphsage_geo_blind_mb,graphsage_fairloss_a100_mb,fpr,amplification,0.7497544953519681,0.14549525264789695,1.120751647196216,True,State|City,2814,164,50,134799,,,
Victim Race,named_n>=5000,graphsage_geo_blind_mb,graphsage_fairloss_a100_mb,selection_rate,signed_gap,-0.024864305392081232,-0.02886990114693297,-0.020777904326477793,True,State|City,2814,164,50,134799,Black-White,-0.018456496966935743,0.006407808425145489
Victim Race,named_n>=5000,graphsage_geo_blind_mb,graphsage_fairloss_a100_mb,tpr,signed_gap,-0.02500929021119014,-0.03018717979699538,-0.019665826997337748,True,State|City,2814,164,50,134799,Black-White,-0.005836921081830315,0.019172369129359823
Victim Race,named_n>=5000,graphsage_geo_blind_mb,graphsage_fairloss_a100_mb,fpr,signed_gap,-0.025002158559806642,-0.032125649229329103,-0.01828137767469592,True,State|City,2814,164,50,134799,Black-White,-0.023077788932376386,0.0019243696274302557
Victim Race,named_all,graphsage_fairloss_a0_mb,graphsage_fairloss_a10_mb,selection_rate,gap,0.002555460260891429,-0.07039532717912118,0.07478034014052144,False,State|City,2814,3,20,14732,,,
Victim Race,named_all,graphsage_fairloss_a0_mb,graphsage_fairloss_a10_mb,selection_rate,amplification,0.022501746057708605,-0.7073940729422351,1.1185299082362492,False,State|City,2814,3,20,14732,,,
Victim Race,named_all,graphsage_fairloss_a0_mb,graphsage_fairloss_a10_mb,tpr,gap,0.01573573470006251,-0.16637863100216463,0.0996207369772383,False,State|City,2814,3,20,14732,,,
Victim Race,named_all,graphsage_fairloss_a0_mb,graphsage_fairloss_a10_mb,tpr,amplification,0.13855879963039036,-2.0348244706728558,1.2853821043534313,False,State|City,2814,3,20,14732,,,
Victim Race,named_all,graphsage_fairloss_a0_mb,graphsage_fairloss_a10_mb,fpr,gap,-0.009073609407623084,-0.09650191634312638,0.10079645548511175,False,State|City,2814,3,20,14732,,,
Victim Race,named_all,graphsage_fairloss_a0_mb,graphsage_fairloss_a10_mb,fpr,amplification,-0.0798963919892649,-1.1458428037452586,1.749776368213851,False,State|City,2814,3,20,14732,,,
Victim Race,named_n>=5000,graphsage_fairloss_a0_mb,graphsage_fairloss_a10_mb,selection_rate,gap,0.02025910075731341,0.011366196731863195,0.023304391660691596,True,State|City,2814,314,20,149428,,,
Victim Race,named_n>=5000,graphsage_fairloss_a0_mb,graphsage_fairloss_a10_mb,selection_rate,amplification,0.7907921701224148,0.4657840694585808,1.003484724234726,True,State|City,2814,314,20,149428,,,
Victim Race,named_n>=5000,graphsage_fairloss_a0_mb,graphsage_fairloss_a10_mb,tpr,gap,-0.0026196630795832787,-0.013153044899733318,0.00924048919519037,False,State|City,2814,314,20,149428,,,
Victim Race,named_n>=5000,graphsage_fairloss_a0_mb,graphsage_fairloss_a10_mb,tpr,amplification,-0.10225572578513348,-0.5498150198720572,0.36597308938475964,False,State|City,2814,314,20,149428,,,
Victim Race,named_n>=5000,graphsage_fairloss_a0_mb,graphsage_fairloss_a10_mb,fpr,gap,0.029017597626926128,0.01682524420987767,0.03365921637587411,True,State|City,2814,314,20,149428,,,
Victim Race,named_n>=5000,graphsage_fairloss_a0_mb,graphsage_fairloss_a10_mb,fpr,amplification,1.1326706586842095,0.6197051829752707,1.4621721005511887,True,State|City,2814,314,20,149428,,,
Victim Race,named_n>=5000,graphsage_fairloss_a0_mb,graphsage_fairloss_a10_mb,selection_rate,signed_gap,-0.02135629778314052,-0.024558649515236987,-0.018107393636740143,True,State|City,2814,314,20,149428,Black-White,-0.020807699270226965,0.0005485985129135562
Victim Race,named_n>=5000,graphsage_fairloss_a0_mb,graphsage_fairloss_a10_mb,tpr,signed_gap,-0.01845262572554829,-0.022484518251519318,-0.014469762250841484,True,State|City,2814,314,20,149428,Black-White,-0.007916481322982505,0.010536144402565784
Victim Race,named_n>=5000,graphsage_fairloss_a0_mb,graphsage_fairloss_a10_mb,fpr,signed_gap,-0.029017597626926128,-0.034994073136667816,-0.023350068755862294,True,State|City,2814,314,20,149428,Black-White,-0.03029679150076514,-0.001279193873839013
Victim Race,named_n>=5000,graphsage_fairloss_a0_mb,graphsage_fairloss_a10_mb,selection_rate,gap,0.021117577966888068,0.01223379917123128,0.023815498175224145,True,State|City,2814,243,30,143595,,,
Victim Race,named_n>=5000,graphsage_fairloss_a0_mb,graphsage_fairloss_a10_mb,selection_rate,amplification,0.7755528827579491,0.44423681357498307,0.9901357074885454,True,State|City,2814,243,30,143595,,,
Victim Race,named_n>=5000,graphsage_fairloss_a0_mb,graphsage_fairloss_a10_mb,tpr,gap,-0.001899492406539749,-0.013040928496307905,0.010663855063713456,False,State|City,2814,243,30,143595,,,
Victim Race,named_n>=5000,graphsage_fairloss_a0_mb,graphsage_fairloss_a10_mb,tpr,amplification,-0.06975974299602994,-0.49279420566738596,0.4106776186079938,False,State|City,2814,243,30,143595,,,
Victim Race,named_n>=5000,graphsage_fairloss_a0_mb,graphsage_fairloss_a10_mb,fpr,gap,0.02699332340972127,0.010491194516283832,0.032767817150264944,True,State|City,2814,243,30,143595,,,
Victim Race,named_n>=5000,graphsage_fairloss_a0_mb,graphsage_fairloss_a10_mb,fpr,amplification,0.9913423697761278,0.35138041366204076,1.3331359931736158,True,State|City,2814,243,30,143595,,,
Victim Race,named_n>=5000,graphsage_fairloss_a0_mb,graphsage_fairloss_a10_mb,selection_rate,signed_gap,-0.02154722847985624,-0.024797022424827193,-0.018357951642155746,True,State|City,2814,243,30,143595,Black-White,-0.021332403223372154,0.0002148252564840858
Victim Race,named_n>=5000,graphsage_fairloss_a0_mb,graphsage_fairloss_a10_mb,tpr,signed_gap,-0.018705436759459126,-0.022545651255372844,-0.01448549737704082,True,State|City,2814,243,30,143595,Black-White,-0.008402972176459689,0.010302464582999438
Victim Race,named_n>=5000,graphsage_fairloss_a0_mb,graphsage_fairloss_a10_mb,fpr,signed_gap,-0.02857820935925337,-0.034502039798676075,-0.022367166058486692,True,State|City,2814,243,30,143595,Black-White,-0.02778576638448732,0.00079244297476605
Victim Race,named_n>=5000,graphsage_fairloss_a0_mb,graphsage_fairloss_a10_mb,selection_rate,gap,0.02113563818373454,0.013599792288396209,0.02431940182622151,True,State|City,2814,164,50,134799,,,
Victim Race,named_n>=5000,graphsage_fairloss_a0_mb,graphsage_fairloss_a10_mb,selection_rate,amplification,0.7491242674267046,0.47614815240705843,0.9482371831143158,True,State|City,2814,164,50,134799,,,
Victim Race,named_n>=5000,graphsage_fairloss_a0_mb,graphsage_fairloss_a10_mb,tpr,gap,-0.0005877126797171339,-0.012434134908725905,0.01111631107659284,False,State|City,2814,164,50,134799,,,
Victim Race,named_n>=5000,graphsage_fairloss_a0_mb,graphsage_fairloss_a10_mb,tpr,amplification,-0.020830685443380847,-0.451371111784506,0.41913126939836265,False,State|City,2814,164,50,134799,,,
Victim Race,named_n>=5000,graphsage_fairloss_a0_mb,graphsage_fairloss_a10_mb,fpr,gap,0.027516563615541723,0.010345746038276914,0.032338900687434516,True,State|City,2814,164,50,134799,,,
Victim Race,named_n>=5000,graphsage_fairloss_a0_mb,graphsage_fairloss_a10_mb,fpr,amplification,0.9752875868426111,0.345134014171329,1.2619585530371094,True,State|City,2814,164,50,134799,,,
Victim Race,named_n>=5000,graphsage_fairloss_a0_mb,graphsage_fairloss_a10_mb,selection_rate,signed_gap,-0.02113563818373454,-0.024690551878558717,-0.017551374941593232,True,State|City,2814,164,50,134799,Black-White,-0.022334600086792,-0.0011989619030574605
Victim Race,named_n>=5000,graphsage_fairloss_a0_mb,graphsage_fairloss_a10_mb,tpr,signed_gap,-0.018396812379200433,-0.022662941085271174,-0.01399190131954513,True,State|City,2814,164,50,134799,Black-White,-0.00890454984974165,0.009492262529458784
Victim Race,named_n>=5000,graphsage_fairloss_a0_mb,graphsage_fairloss_a10_mb,fpr,signed_gap,-0.027516563615541723,-0.03381290313549969,-0.021282651419466937,True,State|City,2814,164,50,134799,Black-White,-0.028499367302124656,-0.0009828036865829337
Victim Race,named_all,graphsage_fairloss_a0_mb,graphsage_fairloss_a25_mb,selection_rate,gap,-0.03807693726207277,-0.08756280230326183,0.03372296501856804,False,State|City,2814,3,20,14732,,,
Victim Race,named_all,graphsage_fairloss_a0_mb,graphsage_fairloss_a25_mb,selection_rate,amplification,-0.3352811178631224,-1.2310641293871767,0.3928939805978687,False,State|City,2814,3,20,14732,,,
Victim Race,named_all,graphsage_fairloss_a0_mb,graphsage_fairloss_a25_mb,tpr,gap,-0.0341260050817509,-0.078206657241919,0.023286930145791515,False,State|City,2814,3,20,14732,,,
Victim Race,named_all,graphsage_fairloss_a0_mb,graphsage_fairloss_a25_mb,tpr,amplification,-0.3004917400068533,-1.2566167465969296,0.2199291861776249,False,State|City,2814,3,20,14732,,,
Victim Race,named_all,graphsage_fairloss_a0_mb,graphsage_fairloss_a25_mb,fpr,gap,0.02063722415197508,-0.062407724872481016,0.11551337733627157,False,State|City,2814,3,20,14732,,,
Victim Race,named_all,graphsage_fairloss_a0_mb,graphsage_fairloss_a25_mb,fpr,amplification,0.18171817590376682,-0.6549752518636789,1.6676952300739993,False,State|City,2814,3,20,14732,,,
Victim Race,named_n>=5000,graphsage_fairloss_a0_mb,graphsage_fairloss_a25_mb,selection_rate,gap,0.014335717136562343,0.005234494570020932,0.023537541664337254,True,State|City,2814,314,20,149428,,,
Victim Race,named_n>=5000,graphsage_fairloss_a0_mb,graphsage_fairloss_a25_mb,selection_rate,amplification,0.5595792725691832,0.21809729668300645,0.9049281679953963,True,State|City,2814,314,20,149428,,,
Victim Race,named_n>=5000,graphsage_fairloss_a0_mb,graphsage_fairloss_a25_mb,tpr,gap,-0.00969988129424404,-0.020780850188415967,0.0018086928721829235,False,State|City,2814,314,20,149428,,,
Victim Race,named_n>=5000,graphsage_fairloss_a0_mb,graphsage_fairloss_a25_mb,tpr,amplification,-0.3786244152932616,-0.84785936803488,0.0670777045479853,False,State|City,2814,314,20,149428,,,
Victim Race,named_n>=5000,graphsage_fairloss_a0_mb,graphsage_fairloss_a25_mb,fpr,gap,0.027379690970233128,0.011433064089748271,0.03652272861598765,True,State|City,2814,314,20,149428,,,
Victim Race,named_n>=5000,graphsage_fairloss_a0_mb,graphsage_fairloss_a25_mb,fpr,amplification,1.0687367370842278,0.42929423578657067,1.574482116648626,True,State|City,2814,314,20,149428,,,
Victim Race,named_n>=5000,graphsage_fairloss_a0_mb,graphsage_fairloss_a25_mb,selection_rate,signed_gap,-0.027279681403891587,-0.030701037410330083,-0.02382831085780073,True,State|City,2814,314,20,149428,Black-White,-0.020807699270226965,0.006471982133664622
Victim Race,named_n>=5000,graphsage_fairloss_a0_mb,graphsage_fairloss_a25_mb,tpr,signed_gap,-0.02553284394020905,-0.02977796188306143,-0.021274709668253924,True,State|City,2814,314,20,149428,Black-White,-0.007916481322982505,0.017616362617226544
Victim Race,named_n>=5000,graphsage_fairloss_a0_mb,graphsage_fairloss_a25_mb,fpr,signed_gap,-0.033213892031297154,-0.039557504858432686,-0.02681787074197528,True,State|City,2814,314,20,149428,Black-White,-0.03029679150076514,0.002917100530532013
Victim Race,named_n>=5000,graphsage_fairloss_a0_mb,graphsage_fairloss_a25_mb,selection_rate,gap,0.015157593525536583,0.006623992867135862,0.02465478978770269,True,State|City,2814,243,30,143595,,,
Victim Race,named_n>=5000,graphsage_fairloss_a0_mb,graphsage_fairloss_a25_mb,selection_rate,amplification,0.5566696792991853,0.25535294136292735,0.9196269104105875,True,State|City,2814,243,30,143595,,,
Victim Race,named_n>=5000,graphsage_fairloss_a0_mb,graphsage_fairloss_a25_mb,tpr,gap,-0.008975940087306511,-0.020855022219157256,0.0029105205574307146,False,State|City,2814,243,30,143595,,,
Victim Race,named_n>=5000,graphsage_fairloss_a0_mb,graphsage_fairloss_a25_mb,tpr,amplification,-0.32964557872538236,-0.7760172072710687,0.10086950612014717,False,State|City,2814,243,30,143595,,,
Victim Race,named_n>=5000,graphsage_fairloss_a0_mb,graphsage_fairloss_a25_mb,fpr,gap,0.022473172246932127,0.006650851549304465,0.03515038231889034,True,State|City,2814,243,30,143595,,,
Victim Race,named_n>=5000,graphsage_fairloss_a0_mb,graphsage_fairloss_a25_mb,fpr,amplification,0.8253377138302826,0.23490541914036359,1.335156096762818,True,State|City,2814,243,30,143595,,,
Victim Race,named_n>=5000,graphsage_fairloss_a0_mb,graphsage_fairloss_a25_mb,selection_rate,signed_gap,-0.027507212921207724,-0.030938386199029156,-0.024115169644681904,True,State|City,2814,243,30,143595,Black-White,-0.021332403223372154,0.00617480969783557
Victim Race,named_n>=5000,graphsage_fairloss_a0_mb,graphsage_fairloss_a25_mb,tpr,signed_gap,-0.02578188444022589,-0.030103282208336645,-0.021548499192237593,True,State|City,2814,243,30,143595,Black-White,-0.008402972176459689,0.0173789122637662
Victim Race,named_n>=5000,graphsage_fairloss_a0_mb,graphsage_fairloss_a25_mb,fpr,signed_gap,-0.033098360522042514,-0.03929488760565697,-0.026711013433083193,True,State|City,2814,243,30,143595,Black-White,-0.02778576638448732,0.005312594137555193
Victim Race,named_n>=5000,graphsage_fairloss_a0_mb,graphsage_fairloss_a25_mb,selection_rate,gap,0.016904569293625937,0.007683353643309689,0.02587001198208445,True,State|City,2814,164,50,134799,,,
Victim Race,named_n>=5000,graphsage_fairloss_a0_mb,graphsage_fairloss_a25_mb,selection_rate,amplification,0.599159721517049,0.27600313285000233,0.9211713349134794,True,State|City,2814,164,50,134799,,,
Victim Race,named_n>=5000,graphsage_fairloss_a0_mb,graphsage_fairloss_a25_mb,tpr,gap,-0.008365364362367789,-0.020713617222050035,0.0028252609884565627,False,State|City,2814,164,50,134799,,,
Victim Race,named_n>=5000,graphsage_fairloss_a0_mb,graphsage_fairloss_a25_mb,tpr,amplification,-0.29649908818646054,-0.7568769015362824,0.10726700979367726,False,State|City,2814,164,50,134799,,,
Victim Race,named_n>=5000,graphsage_fairloss_a0_mb,graphsage_fairloss_a25_mb,fpr,gap,0.023607366711518363,0.0050100328116451905,0.035572133590870206,True,State|City,2814,164,50,134799,,,
Victim Race,named_n>=5000,graphsage_fairloss_a0_mb,graphsage_fairloss_a25_mb,fpr,amplification,0.8367313605533608,0.17914691325372964,1.3191959684425265,True,State|City,2814,164,50,134799,,,
Victim Race,named_n>=5000,graphsage_fairloss_a0_mb,graphsage_fairloss_a25_mb,selection_rate,signed_gap,-0.027764630879958063,-0.031220803193720528,-0.024149028582417173,True,State|City,2814,164,50,134799,Black-White,-0.022334600086792,0.005430030793166063
Victim Race,named_n>=5000,graphsage_fairloss_a0_mb,graphsage_fairloss_a25_mb,tpr,signed_gap,-0.026174464061851088,-0.03083280716103054,-0.0212456769890348,True,State|City,2814,164,50,134799,Black-White,-0.00890454984974165,0.01726991421210944
Victim Race,named_n>=5000,graphsage_fairloss_a0_mb,graphsage_fairloss_a25_mb,fpr,signed_gap,-0.03339136789273095,-0.039895367484499115,-0.027102670264988058,True,State|City,2814,164,50,134799,Black-White,-0.028499367302124656,0.0048920005906062936
Victim Race,named_all,graphsage_fairloss_a0_mb,graphsage_fairloss_a50_mb,selection_rate,gap,-0.007599896223837749,-0.04668208860730747,0.031588940627919226,False,State|City,2814,3,20,14732,,,
Victim Race,named_all,graphsage_fairloss_a0_mb,graphsage_fairloss_a50_mb,selection_rate,amplification,-0.06691981773728761,-0.5886430222302803,0.4123752283231221,False,State|City,2814,3,20,14732,,,
Victim Race,named_all,graphsage_fairloss_a0_mb,graphsage_fairloss_a50_mb,tpr,gap,-0.04806048878551278,-0.09421911459922004,0.029348079137400087,False,State|City,2814,3,20,14732,,,
Victim Race,named_all,graphsage_fairloss_a0_mb,graphsage_fairloss_a50_mb,tpr,amplification,-0.4231898772253724,-1.6012666111012768,0.24827133113138491,False,State|City,2814,3,20,14732,,,
Victim Race,named_all,graphsage_fairloss_a0_mb,graphsage_fairloss_a50_mb,fpr,gap,0.08379755741489875,-0.054963716538063624,0.12350687564126238,False,State|City,2814,3,20,14732,,,
Victim Race,named_all,graphsage_fairloss_a0_mb,graphsage_fairloss_a50_mb,fpr,amplification,0.7378676108031332,-0.630233537790676,2.1802937980390906,False,State|City,2814,3,20,14732,,,
Victim Race,named_n>=5000,graphsage_fairloss_a0_mb,graphsage_fairloss_a50_mb,selection_rate,gap,0.019526392982021412,0.01007007829267582,0.024167585419620764,True,State|City,2814,314,20,149428,,,
Victim Race,named_n>=5000,graphsage_fairloss_a0_mb,graphsage_fairloss_a50_mb,selection_rate,amplification,0.7621917115616094,0.4075515014704387,1.005369631976403,True,State|City,2814,314,20,149428,,,
Victim Race,named_n>=5000,graphsage_fairloss_a0_mb,graphsage_fairloss_a50_mb,tpr,gap,-0.006283328103529828,-0.01754415139858392,0.004821327398672555,False,State|City,2814,314,20,149428,,,
Victim Race,named_n>=5000,graphsage_fairloss_a0_mb,graphsage_fairloss_a50_mb,tpr,amplification,-0.24526294262038267,-0.7076586916022928,0.1885689296117509,False,State|City,2814,314,20,149428,,,
Victim Race,named_n>=5000,graphsage_fairloss_a0_mb,graphsage_fairloss_a50_mb,fpr,gap,0.024425938164080008,0.01727277057670416,0.0307450266703273,True,State|City,2814,314,20,149428,,,
Victim Race,named_n>=5000,graphsage_fairloss_a0_mb,graphsage_fairloss_a50_mb,fpr,amplification,0.9534401787836433,0.6339098660698566,1.3023880381850135,True,State|City,2814,314,20,149428,,,
Victim Race,named_n>=5000,graphsage_fairloss_a0_mb,graphsage_fairloss_a50_mb,selection_rate,signed_gap,-0.022089005558432517,-0.025365529310836694,-0.01850146989284759,True,State|City,2814,314,20,149428,Black-White,-0.020807699270226965,0.0012813062882055526
Victim Race,named_n>=5000,graphsage_fairloss_a0_mb,graphsage_fairloss_a50_mb,tpr,signed_gap,-0.022116290749494838,-0.026384854542675473,-0.017596573788526654,True,State|City,2814,314,20,149428,Black-White,-0.007916481322982505,0.014199809426512333
Victim Race,named_n>=5000,graphsage_fairloss_a0_mb,graphsage_fairloss_a50_mb,fpr,signed_gap,-0.024425938164080008,-0.031088455191116,-0.018204331891554903,True,State|City,2814,314,20,149428,Black-White,-0.03029679150076514,-0.005870853336685133
Victim Race,named_n>=5000,graphsage_fairloss_a0_mb,graphsage_fairloss_a50_mb,selection_rate,gap,0.02047347932375798,0.010543780126617577,0.02440663185901215,True,State|City,2814,243,30,143595,,,
Victim Race,named_n>=5000,graphsage_fairloss_a0_mb,graphsage_fairloss_a50_mb,selection_rate,amplification,0.7518980602094884,0.3938435415056154,0.960684836170722,True,State|City,2814,243,30,143595,,,
Victim Race,named_n>=5000,graphsage_fairloss_a0_mb,graphsage_fairloss_a50_mb,tpr,gap,-0.005351861405921143,-0.01711408769004041,0.0063060977257213295,False,State|City,2814,243,30,143595,,,
Victim Race,named_n>=5000,graphsage_fairloss_a0_mb,graphsage_fairloss_a50_mb,tpr,amplification,-0.19654960185260306,-0.6707051808794023,0.2271629906541997,False,State|City,2814,243,30,143595,,,
Victim Race,named_n>=5000,graphsage_fairloss_a0_mb,graphsage_fairloss_a50_mb,fpr,gap,0.02482267841070418,0.015069811587945197,0.03006588801726324,True,State|City,2814,243,30,143595,,,
Victim Race,named_n>=5000,graphsage_fairloss_a0_mb,graphsage_fairloss_a50_mb,fpr,amplification,0.9116244215781174,0.534778722847232,1.20009004791296,True,State|City,2814,243,30,143595,,,
Victim Race,named_n>=5000,graphsage_fairloss_a0_mb,graphsage_fairloss_a50_mb,selection_rate,signed_gap,-0.022191327122986326,-0.025552221668502375,-0.018677130744460736,True,State|City,2814,243,30,143595,Black-White,-0.021332403223372154,0.0008589238996141724
Victim Race,named_n>=5000,graphsage_fairloss_a0_mb,graphsage_fairloss_a50_mb,tpr,signed_gap,-0.02215780575884052,-0.026324082624929475,-0.01770578900782339,True,State|City,2814,243,30,143595,Black-White,-0.008402972176459689,0.013754833582380832
Victim Race,named_n>=5000,graphsage_fairloss_a0_mb,graphsage_fairloss_a50_mb,fpr,signed_gap,-0.02482267841070418,-0.030896992902743288,-0.018740071112474627,True,State|City,2814,243,30,143595,Black-White,-0.02778576638448732,-0.0029630879737831406
Victim Race,named_n>=5000,graphsage_fairloss_a0_mb,graphsage_fairloss_a50_mb,selection_rate,gap,0.0220907147958167,0.012893841795542765,0.02488252060943347,True,State|City,2814,164,50,134799,,,
Victim Race,named_n>=5000,graphsage_fairloss_a0_mb,graphsage_fairloss_a50_mb,selection_rate,amplification,0.7829756733384995,0.45869358050722,0.9787336515285828,True,State|City,2814,164,50,134799,,,
Victim Race,named_n>=5000,graphsage_fairloss_a0_mb,graphsage_fairloss_a50_mb,tpr,gap,-0.0046517328379115375,-0.01698963385923643,0.0064582184516488094,False,State|City,2814,164,50,134799,,,
Victim Race,named_n>=5000,graphsage_fairloss_a0_mb,graphsage_fairloss_a50_mb,tpr,amplification,-0.16487441373532707,-0.6156200708778093,0.2477104392798136,False,State|City,2814,164,50,134799,,,
Victim Race,named_n>=5000,graphsage_fairloss_a0_mb,graphsage_fairloss_a50_mb,fpr,gap,0.023759852127244185,0.015201207611561934,0.0299524436926351,True,State|City,2814,164,50,134799,,,
Victim Race,named_n>=5000,graphsage_fairloss_a0_mb,graphsage_fairloss_a50_mb,fpr,amplification,0.8421360010168208,0.5147295351000079,1.146063892212541,True,State|City,2814,164,50,134799,,,
Victim Race,named_n>=5000,graphsage_fairloss_a0_mb,graphsage_fairloss_a50_mb,selection_rate,signed_gap,-0.0220907147958167,-0.02586572008918521,-0.018087984754909883,True,State|City,2814,164,50,134799,Black-White,-0.022334600086792,-0.00024388529097529865
Victim Race,named_n>=5000,graphsage_fairloss_a0_mb,graphsage_fairloss_a50_mb,tpr,signed_gap,-0.022460832537394837,-0.02690784100201155,-0.017442949416552087,True,State|City,2814,164,50,134799,Black-White,-0.00890454984974165,0.013556282687653187
Victim Race,named_n>=5000,graphsage_fairloss_a0_mb,graphsage_fairloss_a50_mb,fpr,signed_gap,-0.023759852127244185,-0.030695945060747756,-0.017250029041268405,True,State|City,2814,164,50,134799,Black-White,-0.028499367302124656,-0.004739515174880471
Victim Race,named_all,graphsage_fairloss_a0_mb,graphsage_fairloss_a100_mb,selection_rate,gap,-0.02452968035157485,-0.07877769063788728,0.051427656165020444,False,State|City,2814,3,20,14732,,,
Victim Race,named_all,graphsage_fairloss_a0_mb,graphsage_fairloss_a100_mb,selection_rate,amplification,-0.21599265173286641,-0.9654809298803606,0.6926206495483157,False,State|City,2814,3,20,14732,,,
Victim Race,named_all,graphsage_fairloss_a0_mb,graphsage_fairloss_a100_mb,tpr,gap,-0.025536254319090818,-0.08070382016920903,0.03617845558145502,False,State|City,2814,3,20,14732,,,
Victim Race,named_all,graphsage_fairloss_a0_mb,graphsage_fairloss_a100_mb,tpr,amplification,-0.22485589729061317,-1.2342592316701975,0.3857337347798152,False,State|City,2814,3,20,14732,,,
Victim Race,named_all,graphsage_fairloss_a0_mb,graphsage_fairloss_a100_mb,fpr,gap,0.026115095452545256,-0.06501988020238542,0.1265279707573309,False,State|City,2814,3,20,14732,,,
Victim Race,named_all,graphsage_fairloss_a0_mb,graphsage_fairloss_a100_mb,fpr,amplification,0.22995280151255737,-0.79177918410422,2.185663665802793,False,State|City,2814,3,20,14732,,,
Victim Race,named_n>=5000,graphsage_fairloss_a0_mb,graphsage_fairloss_a100_mb,selection_rate,gap,0.012914889060668955,0.0038674990051626836,0.02177592121181844,True,State|City,2814,314,20,149428,,,
Victim Race,named_n>=5000,graphsage_fairloss_a0_mb,graphsage_fairloss_a100_mb,selection_rate,amplification,0.504118779481849,0.1646176715207211,0.8642811024139425,True,State|City,2814,314,20,149428,,,
Victim Race,named_n>=5000,graphsage_fairloss_a0_mb,graphsage_fairloss_a100_mb,tpr,gap,-0.012066259747726904,-0.02255251613108831,-0.0011590990105212519,True,State|City,2814,314,20,149428,,,
Victim Race,named_n>=5000,graphsage_fairloss_a0_mb,graphsage_fairloss_a100_mb,tpr,amplification,-0.4709934485972252,-0.9036638412180656,-0.04546917685868912,True,State|City,2814,314,20,149428,,,
Victim Race,named_n>=5000,graphsage_fairloss_a0_mb,graphsage_fairloss_a100_mb,fpr,gap,0.029640077190037695,0.013861261666126624,0.03578311488947892,True,State|City,2814,314,20,149428,,,
Victim Race,named_n>=5000,graphsage_fairloss_a0_mb,graphsage_fairloss_a100_mb,fpr,amplification,1.1569684777466942,0.5318469497577553,1.5535556583517964,True,State|City,2814,314,20,149428,,,
Victim Race,named_n>=5000,graphsage_fairloss_a0_mb,graphsage_fairloss_a100_mb,selection_rate,signed_gap,-0.028700509479784975,-0.032333727123610906,-0.025270604903919733,True,State|City,2814,314,20,149428,Black-White,-0.020807699270226965,0.00789281020955801
Victim Race,named_n>=5000,graphsage_fairloss_a0_mb,graphsage_fairloss_a100_mb,tpr,signed_gap,-0.027899222393691914,-0.03273587493733815,-0.023263191370931635,True,State|City,2814,314,20,149428,Black-White,-0.007916481322982505,0.01998274107070941
Victim Race,named_n>=5000,graphsage_fairloss_a0_mb,graphsage_fairloss_a100_mb,fpr,signed_gap,-0.030953505811492588,-0.038197545040658254,-0.023728555901525946,True,State|City,2814,314,20,149428,Black-White,-0.03029679150076514,0.0006567143107274465
Victim Race,named_n>=5000,graphsage_fairloss_a0_mb,graphsage_fairloss_a100_mb,selection_rate,gap,0.013762865269490221,0.004549019033757892,0.023301558660006404,True,State|City,2814,243,30,143595,,,
Victim Race,named_n>=5000,graphsage_fairloss_a0_mb,graphsage_fairloss_a100_mb,selection_rate,amplification,0.5054476347381668,0.17050467740422307,0.8702361386309497,True,State|City,2814,243,30,143595,,,
Victim Race,named_n>=5000,graphsage_fairloss_a0_mb,graphsage_fairloss_a100_mb,tpr,gap,-0.011339546134906064,-0.023107885048045416,5.185446714261015e-05,False,State|City,2814,243,30,143595,,,
Victim Race,named_n>=5000,graphsage_fairloss_a0_mb,graphsage_fairloss_a100_mb,tpr,amplification,-0.4164501112714074,-0.8845885870844261,0.0019669855027361375,False,State|City,2814,243,30,143595,,,
Victim Race,named_n>=5000,graphsage_fairloss_a0_mb,graphsage_fairloss_a100_mb,fpr,gap,0.024884376004204567,0.009383018883427244,0.0347785739291125,True,State|City,2814,243,30,143595,,,
Victim Race,named_n>=5000,graphsage_fairloss_a0_mb,graphsage_fairloss_a100_mb,fpr,amplification,0.9138902944245906,0.33216889833224805,1.3738535554869702,True,State|City,2814,243,30,143595,,,
Victim Race,named_n>=5000,graphsage_fairloss_a0_mb,graphsage_fairloss_a100_mb,selection_rate,signed_gap,-0.028901941177254087,-0.032689951153672174,-0.025081441509290137,True,State|City,2814,243,30,143595,Black-White,-0.021332403223372154,0.007569537953881933
Victim Race,named_n>=5000,graphsage_fairloss_a0_mb,graphsage_fairloss_a100_mb,tpr,signed_gap,-0.028145490487825442,-0.032837850245474,-0.023196076671000276,True,State|City,2814,243,30,143595,Black-White,-0.008402972176459689,0.019742518311365753
Victim Race,named_n>=5000,graphsage_fairloss_a0_mb,graphsage_fairloss_a100_mb,fpr,signed_gap,-0.030687156764770074,-0.03784542553273185,-0.02326066936635341,True,State|City,2814,243,30,143595,Black-White,-0.02778576638448732,0.0029013903802827534
Victim Race,named_n>=5000,graphsage_fairloss_a0_mb,graphsage_fairloss_a100_mb,selection_rate,gap,0.01592679166164651,0.00642108817662329,0.025330984927574216,True,State|City,2814,164,50,134799,,,
Victim Race,named_n>=5000,graphsage_fairloss_a0_mb,graphsage_fairloss_a100_mb,selection_rate,amplification,0.5645037084884715,0.24149478638142147,0.9153178577046871,True,State|City,2814,164,50,134799,,,
Victim Race,named_n>=5000,graphsage_fairloss_a0_mb,graphsage_fairloss_a100_mb,tpr,gap,-0.010267819279618173,-0.022886860170823222,0.001267825277130966,False,State|City,2814,164,50,134799,,,
Victim Race,named_n>=5000,graphsage_fairloss_a0_mb,graphsage_fairloss_a100_mb,tpr,amplification,-0.3639290438759133,-0.82333392152117,0.049637074533807564,False,State|City,2814,164,50,134799,,,
Victim Race,named_n>=5000,graphsage_fairloss_a0_mb,graphsage_fairloss_a100_mb,fpr,gap,0.0265749976746944,0.009618127669419087,0.03411456284975339,True,State|City,2814,164,50,134799,,,
Victim Race,named_n>=5000,graphsage_fairloss_a0_mb,graphsage_fairloss_a100_mb,fpr,amplification,0.9419150485005228,0.35131471607363746,1.3461731958171712,True,State|City,2814,164,50,134799,,,
Victim Race,named_n>=5000,graphsage_fairloss_a0_mb,graphsage_fairloss_a100_mb,selection_rate,signed_gap,-0.02874240851193749,-0.03260783699769253,-0.024889402769908586,True,State|City,2814,164,50,134799,Black-White,-0.022334600086792,0.006407808425145489
Victim Race,named_n>=5000,graphsage_fairloss_a0_mb,graphsage_fairloss_a100_mb,tpr,signed_gap,-0.028076918979101473,-0.03307296006265199,-0.022988652919486152,True,State|City,2814,164,50,134799,Black-White,-0.00890454984974165,0.019172369129359823
Victim Race,named_n>=5000,graphsage_fairloss_a0_mb,graphsage_fairloss_a100_mb,fpr,signed_gap,-0.030423736929554912,-0.0375288487445631,-0.023469432293918846,True,State|City,2814,164,50,134799,Black-White,-0.028499367302124656,0.0019243696274302557
Victim Race,named_all,graphsage_fairloss_a10_mb,graphsage_fairloss_a25_mb,selection_rate,gap,-0.0406323975229642,-0.07950439541963049,0.030999294253312604,False,State|City,2814,3,20,14732,,,
Victim Race,named_all,graphsage_fairloss_a10_mb,graphsage_fairloss_a25_mb,selection_rate,amplification,-0.35778286392083103,-1.3519019973950344,0.41340378985157306,False,State|City,2814,3,20,14732,,,
Victim Race,named_all,graphsage_fairloss_a10_mb,graphsage_fairloss_a25_mb,tpr,gap,-0.04986173978181341,-0.1273153691353825,0.16161109086009798,False,State|City,2814,3,20,14732,,,
Victim Race,named_all,graphsage_fairloss_a10_mb,graphsage_fairloss_a25_mb,tpr,amplification,-0.43905053963724366,-1.9954119963284744,1.8996053267040878,False,State|City,2814,3,20,14732,,,
Victim Race,named_all,graphsage_fairloss_a10_mb,graphsage_fairloss_a25_mb,fpr,gap,0.029710833559598165,-0.026564762648203455,0.11534303179729596,False,State|City,2814,3,20,14732,,,
Victim Race,named_all,graphsage_fairloss_a10_mb,graphsage_fairloss_a25_mb,fpr,amplification,0.2616145678930317,-0.2914622326694717,1.4464653975046524,False,State|City,2814,3,20,14732,,,
Victim Race,named_n>=5000,graphsage_fairloss_a10_mb,graphsage_fairloss_a25_mb,selection_rate,gap,-0.005923383620751066,-0.007759510205956479,0.002287833491667193,False,State|City,2814,314,20,149428,,,
Victim Race,named_n>=5000,graphsage_fairloss_a10_mb,graphsage_fairloss_a25_mb,selection_rate,amplification,-0.23121289755323166,-0.32804114561381786,0.08268835634110688,False,State|City,2814,314,20,149428,,,
Victim Race,named_n>=5000,graphsage_fairloss_a10_mb,graphsage_fairloss_a25_mb,tpr,gap,-0.007080218214660761,-0.009990840060746057,-0.0040529561749699,True,State|City,2814,314,20,149428,,,
Victim Race,named_n>=5000,graphsage_fairloss_a10_mb,graphsage_fairloss_a25_mb,tpr,amplification,-0.2763686895081281,-0.41550366873864186,-0.15654899288553842,True,State|City,2814,314,20,149428,,,
Victim Race,named_n>=5000,graphsage_fairloss_a10_mb,graphsage_fairloss_a25_mb,fpr,gap,-0.001637906656693,-0.007637005535062217,0.006616028847168026,False,State|City,2814,314,20,149428,,,
Victim Race,named_n>=5000,graphsage_fairloss_a10_mb,graphsage_fairloss_a25_mb,fpr,amplification,-0.06393392159998176,-0.30669162526772453,0.2699040192963869,False,State|City,2814,314,20,149428,,,
Victim Race,named_n>=5000,graphsage_fairloss_a10_mb,graphsage_fairloss_a25_mb,selection_rate,signed_gap,-0.005923383620751066,-0.008240942863459092,-0.0035553637261691528,True,State|City,2814,314,20,149428,Black-White,0.0005485985129135562,0.006471982133664622
Victim Race,named_n>=5000,graphsage_fairloss_a10_mb,graphsage_fairloss_a25_mb,tpr,signed_gap,-0.007080218214660761,-0.009990840060746057,-0.0040529561749699,True,State|City,2814,314,20,149428,Black-White,0.010536144402565784,0.017616362617226544
Victim Race,named_n>=5000,graphsage_fairloss_a10_mb,graphsage_fairloss_a25_mb,fpr,signed_gap,-0.004196294404371026,-0.00878697655203615,0.0006093692284586294,False,State|City,2814,314,20,149428,Black-White,-0.001279193873839013,0.002917100530532013
Victim Race,named_n>=5000,graphsage_fairloss_a10_mb,graphsage_fairloss_a25_mb,selection_rate,gap,-0.005959984441351485,-0.007968321665364772,0.0027701444492957464,False,State|City,2814,243,30,143595,,,
Victim Race,named_n>=5000,graphsage_fairloss_a10_mb,graphsage_fairloss_a25_mb,selection_rate,amplification,-0.21888320345876378,-0.30769035749453816,0.09422075356173708,False,State|City,2814,243,30,143595,,,
Victim Race,named_n>=5000,graphsage_fairloss_a10_mb,graphsage_fairloss_a25_mb,tpr,gap,-0.007076447680766762,-0.010280686885550127,-0.003947191920684976,True,State|City,2814,243,30,143595,,,
Victim Race,named_n>=5000,graphsage_fairloss_a10_mb,graphsage_fairloss_a25_mb,tpr,amplification,-0.2598858357293524,-0.3974153282140221,-0.1384145179368737,True,State|City,2814,243,30,143595,,,
Victim Race,named_n>=5000,graphsage_fairloss_a10_mb,graphsage_fairloss_a25_mb,fpr,gap,-0.004520151162789143,-0.008506525170446486,0.005230298691016397,False,State|City,2814,243,30,143595,,,
Victim Race,named_n>=5000,graphsage_fairloss_a10_mb,graphsage_fairloss_a25_mb,fpr,amplification,-0.16600465594584524,-0.31215171158550153,0.19679697174625835,False,State|City,2814,243,30,143595,,,
Victim Race,named_n>=5000,graphsage_fairloss_a10_mb,graphsage_fairloss_a25_mb,selection_rate,signed_gap,-0.005959984441351485,-0.008574750337478653,-0.00346739835510102,True,State|City,2814,243,30,143595,Black-White,0.0002148252564840858,0.00617480969783557
Victim Race,named_n>=5000,graphsage_fairloss_a10_mb,graphsage_fairloss_a25_mb,tpr,signed_gap,-0.007076447680766762,-0.010280686885550127,-0.003947191920684976,True,State|City,2814,243,30,143595,Black-White,0.010302464582999438,0.0173789122637662
Victim Race,named_n>=5000,graphsage_fairloss_a10_mb,graphsage_fairloss_a25_mb,fpr,signed_gap,-0.004520151162789143,-0.009196787985638477,0.0002445179200608109,False,State|City,2814,243,30,143595,Black-White,0.00079244297476605,0.005312594137555193
Victim Race,named_n>=5000,graphsage_fairloss_a10_mb,graphsage_fairloss_a25_mb,selection_rate,gap,-0.004231068890108602,-0.008245605105011213,0.005142354951108302,False,State|City,2814,164,50,134799,,,
Victim Race,named_n>=5000,graphsage_fairloss_a10_mb,graphsage_fairloss_a25_mb,selection_rate,amplification,-0.14996454590965552,-0.3128290766728876,0.179617690979411,False,State|City,2814,164,50,134799,,,
Victim Race,named_n>=5000,graphsage_fairloss_a10_mb,graphsage_fairloss_a25_mb,tpr,gap,-0.007777651682650655,-0.01121501852831985,-0.004580857991082274,True,State|City,2814,164,50,134799,,,
Victim Race,named_n>=5000,graphsage_fairloss_a10_mb,graphsage_fairloss_a25_mb,tpr,amplification,-0.2756684027430797,-0.41901305032303093,-0.15285876418186972,True,State|City,2814,164,50,134799,,,
Victim Race,named_n>=5000,graphsage_fairloss_a10_mb,graphsage_fairloss_a25_mb,fpr,gap,-0.00390919690402336,-0.009490206635714862,0.007080102912531128,False,State|City,2814,164,50,134799,,,
Victim Race,named_n>=5000,graphsage_fairloss_a10_mb,graphsage_fairloss_a25_mb,fpr,amplification,-0.13855622628925024,-0.34256617560339553,0.2648752812371207,False,State|City,2814,164,50,134799,,,
Victim Race,named_n>=5000,graphsage_fairloss_a10_mb,graphsage_fairloss_a25_mb,selection_rate,signed_gap,-0.0066289926962235235,-0.009172219297032916,-0.004107965812176349,True,State|City,2814,164,50,134799,Black-White,-0.0011989619030574605,0.005430030793166063
Victim Race,named_n>=5000,graphsage_fairloss_a10_mb,graphsage_fairloss_a25_mb,tpr,signed_gap,-0.007777651682650655,-0.01121501852831985,-0.004580857991082274,True,State|City,2814,164,50,134799,Black-White,0.009492262529458784,0.01726991421210944
Victim Race,named_n>=5000,graphsage_fairloss_a10_mb,graphsage_fairloss_a25_mb,fpr,signed_gap,-0.005874804277189227,-0.010815683365369384,-0.0011761422490941676,True,State|City,2814,164,50,134799,Black-White,-0.0009828036865829337,0.0048920005906062936
Victim Race,named_all,graphsage_fairloss_a10_mb,graphsage_fairloss_a50_mb,selection_rate,gap,-0.010155356484729178,-0.07426356975080681,0.059503872646172566,False,State|City,2814,3,20,14732,,,
Victim Race,named_all,graphsage_fairloss_a10_mb,graphsage_fairloss_a50_mb,selection_rate,amplification,-0.08942156379499622,-1.1622882426126357,0.6801307926588156,False,State|City,2814,3,20,14732,,,
Victim Race,named_all,graphsage_fairloss_a10_mb,graphsage_fairloss_a50_mb,tpr,gap,-0.06379622348557529,-0.14079110647571058,0.17281639970546955,False,State|City,2814,3,20,14732,,,
Victim Race,named_all,graphsage_fairloss_a10_mb,graphsage_fairloss_a50_mb,tpr,amplification,-0.5617486768557627,-2.442146614147362,1.8411420344008822,False,State|City,2814,3,20,14732,,,
Victim Race,named_all,graphsage_fairloss_a10_mb,graphsage_fairloss_a50_mb,fpr,gap,0.09287116682252183,-0.09458661928312331,0.1471074914219748,False,State|City,2814,3,20,14732,,,
Victim Race,named_all,graphsage_fairloss_a10_mb,graphsage_fairloss_a50_mb,fpr,amplification,0.8177640027923981,-1.0923461339651621,2.6476085728655057,False,State|City,2814,3,20,14732,,,
Victim Race,named_n>=5000,graphsage_fairloss_a10_mb,graphsage_fairloss_a50_mb,selection_rate,gap,-0.0007327077752919964,-0.0027651752753576177,0.002239827533272481,False,State|City,2814,314,20,149428,,,
Victim Race,named_n>=5000,graphsage_fairloss_a10_mb,graphsage_fairloss_a50_mb,selection_rate,amplification,-0.02860045856080545,-0.10838045772694443,0.09429988836227157,False,State|City,2814,314,20,149428,,,
Victim Race,named_n>=5000,graphsage_fairloss_a10_mb,graphsage_fairloss_a50_mb,tpr,gap,-0.0036636650239465496,-0.006728583640824284,-0.0007589751753845828,True,State|City,2814,314,20,149428,,,
Victim Race,named_n>=5000,graphsage_fairloss_a10_mb,graphsage_fairloss_a50_mb,tpr,amplification,-0.1430072168352492,-0.275377331191657,-0.027345932206877307,True,State|City,2814,314,20,149428,,,
Victim Race,named_n>=5000,graphsage_fairloss_a10_mb,graphsage_fairloss_a50_mb,fpr,gap,-0.0045916594628461205,-0.008613607112196192,0.005165970966090691,False,State|City,2814,314,20,149428,,,
Victim Race,named_n>=5000,graphsage_fairloss_a10_mb,graphsage_fairloss_a50_mb,fpr,amplification,-0.17923047990056615,-0.3504663774218338,0.19087866465344921,False,State|City,2814,314,20,149428,,,
Victim Race,named_n>=5000,graphsage_fairloss_a10_mb,graphsage_fairloss_a50_mb,selection_rate,signed_gap,-0.0007327077752919964,-0.003316585291146526,0.001852277119295517,False,State|City,2814,314,20,149428,Black-White,0.0005485985129135562,0.0012813062882055526
Victim Race,named_n>=5000,graphsage_fairloss_a10_mb,graphsage_fairloss_a50_mb,tpr,signed_gap,-0.0036636650239465496,-0.0067442566637707455,-0.0007589751753845828,True,State|City,2814,314,20,149428,Black-White,0.010536144402565784,0.014199809426512333
Victim Race,named_n>=5000,graphsage_fairloss_a10_mb,graphsage_fairloss_a50_mb,fpr,signed_gap,0.0045916594628461205,-0.00019841603517724564,0.009393417515872865,False,State|City,2814,314,20,149428,Black-White,-0.001279193873839013,-0.005870853336685133
Victim Race,named_n>=5000,graphsage_fairloss_a10_mb,graphsage_fairloss_a50_mb,selection_rate,gap,-0.0006440986431300866,-0.0026017236716599167,0.002322028067220172,False,State|City,2814,243,30,143595,,,
Victim Race,named_n>=5000,graphsage_fairloss_a10_mb,graphsage_fairloss_a50_mb,selection_rate,amplification,-0.02365482254846077,-0.09737356002192138,0.08407372423294521,False,State|City,2814,243,30,143595,,,
Victim Race,named_n>=5000,graphsage_fairloss_a10_mb,graphsage_fairloss_a50_mb,tpr,gap,-0.0034523689993813944,-0.006375562169970733,-0.00029307460033107613,True,State|City,2814,243,30,143595,,,
Victim Race,named_n>=5000,graphsage_fairloss_a10_mb,graphsage_fairloss_a50_mb,tpr,amplification,-0.12678985885657312,-0.24497793558562464,-0.009398358806667709,True,State|City,2814,243,30,143595,,,
Victim Race,named_n>=5000,graphsage_fairloss_a10_mb,graphsage_fairloss_a50_mb,fpr,gap,-0.0021706449990170906,-0.007232122979622754,0.006358668654862463,False,State|City,2814,243,30,143595,,,
Victim Race,named_n>=5000,graphsage_fairloss_a10_mb,graphsage_fairloss_a50_mb,fpr,amplification,-0.07971794819801045,-0.26664176243515686,0.22342616789486827,False,State|City,2814,243,30,143595,,,
Victim Race,named_n>=5000,graphsage_fairloss_a10_mb,graphsage_fairloss_a50_mb,selection_rate,signed_gap,-0.0006440986431300866,-0.0031229017334955503,0.001901832480514451,False,State|City,2814,243,30,143595,Black-White,0.0002148252564840858,0.0008589238996141724
Victim Race,named_n>=5000,graphsage_fairloss_a10_mb,graphsage_fairloss_a50_mb,tpr,signed_gap,-0.0034523689993813944,-0.006375562169970733,-0.00030954668722592873,True,State|City,2814,243,30,143595,Black-White,0.010302464582999438,0.013754833582380832
Victim Race,named_n>=5000,graphsage_fairloss_a10_mb,graphsage_fairloss_a50_mb,fpr,signed_gap,0.0037555309485491906,-0.0011568928963909832,0.00855283841167035,False,State|City,2814,243,30,143595,Black-White,0.00079244297476605,-0.0029630879737831406
Victim Race,named_n>=5000,graphsage_fairloss_a10_mb,graphsage_fairloss_a50_mb,selection_rate,gap,0.0009550766120821619,-0.002711126371013781,0.0028576159989855588,False,State|City,2814,164,50,134799,,,
Victim Race,named_n>=5000,graphsage_fairloss_a10_mb,graphsage_fairloss_a50_mb,selection_rate,amplification,0.03385140591179485,-0.10063670138789231,0.10458136250014329,False,State|City,2814,164,50,134799,,,
Victim Race,named_n>=5000,graphsage_fairloss_a10_mb,graphsage_fairloss_a50_mb,tpr,gap,-0.0040640201581944035,-0.007353448259601114,-0.0005131876692314966,True,State|City,2814,164,50,134799,,,
Victim Race,named_n>=5000,graphsage_fairloss_a10_mb,graphsage_fairloss_a50_mb,tpr,amplification,-0.14404372829194623,-0.2752633673685915,-0.0175890166927232,True,State|City,2814,164,50,134799,,,
Victim Race,named_n>=5000,graphsage_fairloss_a10_mb,graphsage_fairloss_a50_mb,fpr,gap,-0.003756711488297537,-0.007966066788265086,0.005348548718279766,False,State|City,2814,164,50,134799,,,
Victim Race,named_n>=5000,graphsage_fairloss_a10_mb,graphsage_fairloss_a50_mb,fpr,amplification,-0.13315158582579018,-0.29091866097869534,0.20446216861499994,False,State|City,2814,164,50,134799,,,
Victim Race,named_n>=5000,graphsage_fairloss_a10_mb,graphsage_fairloss_a50_mb,selection_rate,signed_gap,-0.0009550766120821619,-0.0036079858514129147,0.00197737305393551,False,State|City,2814,164,50,134799,Black-White,-0.0011989619030574605,-0.00024388529097529865
Victim Race,named_n>=5000,graphsage_fairloss_a10_mb,graphsage_fairloss_a50_mb,tpr,signed_gap,-0.0040640201581944035,-0.007362902323150658,-0.0005131876692314966,True,State|City,2814,164,50,134799,Black-White,0.009492262529458784,0.013556282687653187
Victim Race,named_n>=5000,graphsage_fairloss_a10_mb,graphsage_fairloss_a50_mb,fpr,signed_gap,0.003756711488297537,-0.001194386700829199,0.008664959318506608,False,State|City,2814,164,50,134799,Black-White,-0.0009828036865829337,-0.004739515174880471
Victim Race,named_all,graphsage_fairloss_a10_mb,graphsage_fairloss_a100_mb,selection_rate,gap,-0.02708514061246628,-0.07555841199501878,0.05030270735227817,False,State|City,2814,3,20,14732,,,
Victim Race,named_all,graphsage_fairloss_a10_mb,graphsage_fairloss_a100_mb,selection_rate,amplification,-0.23849439779057502,-1.2580499334064603,0.6528907143480219,False,State|City,2814,3,20,14732,,,
Victim Race,named_all,graphsage_fairloss_a10_mb,graphsage_fairloss_a100_mb,tpr,gap,-0.04127198901915333,-0.13457563563809183,0.17440630044821834,False,State|City,2814,3,20,14732,,,
Victim Race,named_all,graphsage_fairloss_a10_mb,graphsage_fairloss_a100_mb,tpr,amplification,-0.36341469692100353,-2.211732697181351,2.052823242895891,False,State|City,2814,3,20,14732,,,
Victim Race,named_all,graphsage_fairloss_a10_mb,graphsage_fairloss_a100_mb,fpr,gap,0.03518870486016834,-0.01852863900179447,0.11637466852770095,False,State|City,2814,3,20,14732,,,
Victim Race,named_all,graphsage_fairloss_a10_mb,graphsage_fairloss_a100_mb,fpr,amplification,0.3098491935018223,-0.21640321719281974,1.7408368446145484,False,State|City,2814,3,20,14732,,,
Victim Race,named_n>=5000,graphsage_fairloss_a10_mb,graphsage_fairloss_a100_mb,selection_rate,gap,-0.007344211696644454,-0.009545766664785987,0.0012334143456446066,False,State|City,2814,314,20,149428,,,
Victim Race,named_n>=5000,graphsage_fairloss_a10_mb,graphsage_fairloss_a100_mb,selection_rate,amplification,-0.2866733906405658,-0.4092524940454129,0.050396247912934185,False,State|City,2814,314,20,149428,,,
Victim Race,named_n>=5000,graphsage_fairloss_a10_mb,graphsage_fairloss_a100_mb,tpr,gap,-0.009446596668143625,-0.012728092362730006,-0.006156832659075648,True,State|City,2814,314,20,149428,,,
Victim Race,named_n>=5000,graphsage_fairloss_a10_mb,graphsage_fairloss_a100_mb,tpr,amplification,-0.3687377228120917,-0.547329878295876,-0.23116688837072877,True,State|City,2814,314,20,149428,,,
Victim Race,named_n>=5000,graphsage_fairloss_a10_mb,graphsage_fairloss_a100_mb,fpr,gap,0.0006224795631115665,-0.0053024059122256965,0.0058898847196059865,False,State|City,2814,314,20,149428,,,
Victim Race,named_n>=5000,graphsage_fairloss_a10_mb,graphsage_fairloss_a100_mb,fpr,amplification,0.02429781906248472,-0.20654986421226584,0.23248336070000758,False,State|City,2814,314,20,149428,,,
Victim Race,named_n>=5000,graphsage_fairloss_a10_mb,graphsage_fairloss_a100_mb,selection_rate,signed_gap,-0.007344211696644454,-0.010006919650079573,-0.0047525812896883875,True,State|City,2814,314,20,149428,Black-White,0.0005485985129135562,0.00789281020955801
Victim Race,named_n>=5000,graphsage_fairloss_a10_mb,graphsage_fairloss_a100_mb,tpr,signed_gap,-0.009446596668143625,-0.012728092362730006,-0.006156832659075648,True,State|City,2814,314,20,149428,Black-White,0.010536144402565784,0.01998274107070941
Victim Race,named_n>=5000,graphsage_fairloss_a10_mb,graphsage_fairloss_a100_mb,fpr,signed_gap,-0.0019359081845664594,-0.00705492510755811,0.003205132891559017,False,State|City,2814,314,20,149428,Black-White,-0.001279193873839013,0.0006567143107274465
Victim Race,named_n>=5000,graphsage_fairloss_a10_mb,graphsage_fairloss_a100_mb,selection_rate,gap,-0.007354712697397847,-0.009384917571146834,0.0017378849145833785,False,State|City,2814,243,30,143595,,,
Victim Race,named_n>=5000,graphsage_fairloss_a10_mb,graphsage_fairloss_a100_mb,selection_rate,amplification,-0.2701052480197823,-0.37600715902564863,0.05599131801749028,False,State|City,2814,243,30,143595,,,
Victim Race,named_n>=5000,graphsage_fairloss_a10_mb,graphsage_fairloss_a100_mb,tpr,gap,-0.009440053728366316,-0.012878535691235208,-0.005872425337953159,True,State|City,2814,243,30,143595,,,
Victim Race,named_n>=5000,graphsage_fairloss_a10_mb,graphsage_fairloss_a100_mb,tpr,amplification,-0.34669036827537747,-0.5102665789849916,-0.2096543788993349,True,State|City,2814,243,30,143595,,,
Victim Race,named_n>=5000,graphsage_fairloss_a10_mb,graphsage_fairloss_a100_mb,fpr,gap,-0.0021089474055167035,-0.00596602543355469,0.004867236934875701,False,State|City,2814,243,30,143595,,,
Victim Race,named_n>=5000,graphsage_fairloss_a10_mb,graphsage_fairloss_a100_mb,fpr,amplification,-0.07745207535153723,-0.21980039430402112,0.19205344372328226,False,State|City,2814,243,30,143595,,,
Victim Race,named_n>=5000,graphsage_fairloss_a10_mb,graphsage_fairloss_a100_mb,selection_rate,signed_gap,-0.007354712697397847,-0.009971350543535568,-0.00472743382437387,True,State|City,2814,243,30,143595,Black-White,0.0002148252564840858,0.007569537953881933
Victim Race,named_n>=5000,graphsage_fairloss_a10_mb,graphsage_fairloss_a100_mb,tpr,signed_gap,-0.009440053728366316,-0.012878535691235208,-0.005872425337953159,True,State|City,2814,243,30,143595,Black-White,0.010302464582999438,0.019742518311365753
Victim Race,named_n>=5000,graphsage_fairloss_a10_mb,graphsage_fairloss_a100_mb,fpr,signed_gap,-0.0021089474055167035,-0.006853356870611848,0.0031072814856887786,False,State|City,2814,243,30,143595,Black-White,0.00079244297476605,0.0029013903802827534
Victim Race,named_n>=5000,graphsage_fairloss_a10_mb,graphsage_fairloss_a100_mb,selection_rate,gap,-0.005208846522088029,-0.009365656678982929,0.00473276979748517,False,State|City,2814,164,50,134799,,,
Victim Race,named_n>=5000,graphsage_fairloss_a10_mb,graphsage_fairloss_a100_mb,selection_rate,amplification,-0.1846205589382331,-0.3620025592478228,0.15747129766855486,False,State|City,2814,164,50,134799,,,
Victim Race,named_n>=5000,graphsage_fairloss_a10_mb,graphsage_fairloss_a100_mb,tpr,gap,-0.00968010659990104,-0.013177169359152063,-0.006206415159071447,True,State|City,2814,164,50,134799,,,
Victim Race,named_n>=5000,graphsage_fairloss_a10_mb,graphsage_fairloss_a100_mb,tpr,amplification,-0.34309835843253245,-0.505743755859189,-0.21136521748056367,True,State|City,2814,164,50,134799,,,
Victim Race,named_n>=5000,graphsage_fairloss_a10_mb,graphsage_fairloss_a100_mb,fpr,gap,-0.000941565940847322,-0.006410330674201238,0.006157128929527485,False,State|City,2814,164,50,134799,,,
Victim Race,named_n>=5000,graphsage_fairloss_a10_mb,graphsage_fairloss_a100_mb,fpr,amplification,-0.033372538342088275,-0.23561436178250877,0.22034193615638314,False,State|City,2814,164,50,134799,,,
Victim Race,named_n>=5000,graphsage_fairloss_a10_mb,graphsage_fairloss_a100_mb,selection_rate,signed_gap,-0.00760677032820295,-0.010423323053695133,-0.004913917753005524,True,State|City,2814,164,50,134799,Black-White,-0.0011989619030574605,0.006407808425145489
Victim Race,named_n>=5000,graphsage_fairloss_a10_mb,graphsage_fairloss_a100_mb,tpr,signed_gap,-0.00968010659990104,-0.013177169359152063,-0.006206415159071447,True,State|City,2814,164,50,134799,Black-White,0.009492262529458784,0.019172369129359823
Victim Race,named_n>=5000,graphsage_fairloss_a10_mb,graphsage_fairloss_a100_mb,fpr,signed_gap,-0.0029071733140131895,-0.008094774570864232,0.0025619994218241053,False,State|City,2814,164,50,134799,Black-White,-0.0009828036865829337,0.0019243696274302557
Victim Race,named_all,graphsage_fairloss_a25_mb,graphsage_fairloss_a50_mb,selection_rate,gap,0.030477041038235023,-0.024318414819684196,0.0731533319087836,False,State|City,2814,3,20,14732,,,
Victim Race,named_all,graphsage_fairloss_a25_mb,graphsage_fairloss_a50_mb,selection_rate,amplification,0.2683613001258348,-0.30974515355579413,1.1565978422429863,False,State|City,2814,3,20,14732,,,
Victim Race,named_all,graphsage_fairloss_a25_mb,graphsage_fairloss_a50_mb,tpr,gap,-0.01393448370376188,-0.04398708990476357,0.013806753220217353,False,State|City,2814,3,20,14732,,,
Victim Race,named_all,graphsage_fairloss_a25_mb,graphsage_fairloss_a50_mb,tpr,amplification,-0.12269813721851908,-0.6087755999199342,0.17940575441061932,False,State|City,2814,3,20,14732,,,
Victim Race,named_all,graphsage_fairloss_a25_mb,graphsage_fairloss_a50_mb,fpr,gap,0.06316033326292367,-0.09737992899339586,0.08075596842197369,False,State|City,2814,3,20,14732,,,
Victim Race,named_all,graphsage_fairloss_a25_mb,graphsage_fairloss_a50_mb,fpr,amplification,0.5561494348993664,-1.158109165785976,1.275912005822572,False,State|City,2814,3,20,14732,,,
Victim Race,named_n>=5000,graphsage_fairloss_a25_mb,graphsage_fairloss_a50_mb,selection_rate,gap,0.00519067584545907,-0.0016179913136016824,0.007280006053149723,False,State|City,2814,314,20,149428,,,
Victim Race,named_n>=5000,graphsage_fairloss_a25_mb,graphsage_fairloss_a50_mb,selection_rate,amplification,0.2026124389924262,-0.06789932372442657,0.30603701031704444,False,State|City,2814,314,20,149428,,,
Victim Race,named_n>=5000,graphsage_fairloss_a25_mb,graphsage_fairloss_a50_mb,tpr,gap,0.003416553190714211,0.0004891276234787107,0.006299236812633171,True,State|City,2814,314,20,149428,,,
Victim Race,named_n>=5000,graphsage_fairloss_a25_mb,graphsage_fairloss_a50_mb,tpr,amplification,0.1333614726728789,0.019743224636573353,0.263285112345648,True,State|City,2814,314,20,149428,,,
Victim Race,named_n>=5000,graphsage_fairloss_a25_mb,graphsage_fairloss_a50_mb,fpr,gap,-0.0029537528061531204,-0.011943700142828726,0.009488864248447446,False,State|City,2814,314,20,149428,,,
Victim Race,named_n>=5000,graphsage_fairloss_a25_mb,graphsage_fairloss_a50_mb,fpr,amplification,-0.11529655830058438,-0.4765053057690731,0.3672583890141302,False,State|City,2814,314,20,149428,,,
Victim Race,named_n>=5000,graphsage_fairloss_a25_mb,graphsage_fairloss_a50_mb,selection_rate,signed_gap,0.00519067584545907,0.002921372326121252,0.007724941372469085,True,State|City,2814,314,20,149428,Black-White,0.006471982133664622,0.0012813062882055526
Victim Race,named_n>=5000,graphsage_fairloss_a25_mb,graphsage_fairloss_a50_mb,tpr,signed_gap,0.003416553190714211,0.0004891276234787107,0.006299236812633171,True,State|City,2814,314,20,149428,Black-White,0.017616362617226544,0.014199809426512333
Victim Race,named_n>=5000,graphsage_fairloss_a25_mb,graphsage_fairloss_a50_mb,fpr,signed_gap,0.008787953867217146,0.004431904717356432,0.01306893328274386,True,State|City,2814,314,20,149428,Black-White,0.002917100530532013,-0.005870853336685133
Victim Race,named_n>=5000,graphsage_fairloss_a25_mb,graphsage_fairloss_a50_mb,selection_rate,gap,0.005315885798221398,-0.002823515699602405,0.007232636678063037,False,State|City,2814,243,30,143595,,,
Victim Race,named_n>=5000,graphsage_fairloss_a25_mb,graphsage_fairloss_a50_mb,selection_rate,amplification,0.19522838091030303,-0.0980777978132521,0.2877206292862383,False,State|City,2814,243,30,143595,,,
Victim Race,named_n>=5000,graphsage_fairloss_a25_mb,graphsage_fairloss_a50_mb,tpr,gap,0.0036240786813853676,0.000683864700193576,0.006591224844583955,True,State|City,2814,243,30,143595,,,
Victim Race,named_n>=5000,graphsage_fairloss_a25_mb,graphsage_fairloss_a50_mb,tpr,amplification,0.1330959768727793,0.02615593239174087,0.2547625685031338,True,State|City,2814,243,30,143595,,,
Victim Race,named_n>=5000,graphsage_fairloss_a25_mb,graphsage_fairloss_a50_mb,fpr,gap,0.0023495061637720527,-0.010047703374827773,0.010807397595861823,False,State|City,2814,243,30,143595,,,
Victim Race,named_n>=5000,graphsage_fairloss_a25_mb,graphsage_fairloss_a50_mb,fpr,amplification,0.08628670774783477,-0.3778812308947129,0.4158788639851558,False,State|City,2814,243,30,143595,,,
Victim Race,named_n>=5000,graphsage_fairloss_a25_mb,graphsage_fairloss_a50_mb,selection_rate,signed_gap,0.005315885798221398,0.00316481788978048,0.007649319093414763,True,State|City,2814,243,30,143595,Black-White,0.00617480969783557,0.0008589238996141724
Victim Race,named_n>=5000,graphsage_fairloss_a25_mb,graphsage_fairloss_a50_mb,tpr,signed_gap,0.0036240786813853676,0.000683864700193576,0.006591224844583955,True,State|City,2814,243,30,143595,Black-White,0.0173789122637662,0.013754833582380832
Victim Race,named_n>=5000,graphsage_fairloss_a25_mb,graphsage_fairloss_a50_mb,fpr,signed_gap,0.008275682111338334,0.0038232031163122652,0.012661814557904397,True,State|City,2814,243,30,143595,Black-White,0.005312594137555193,-0.0029630879737831406
Victim Race,named_n>=5000,graphsage_fairloss_a25_mb,graphsage_fairloss_a50_mb,selection_rate,gap,0.005186145502190764,-0.0044827520074060545,0.0076356923073535666,False,State|City,2814,164,50,134799,,,
Victim Race,named_n>=5000,graphsage_fairloss_a25_mb,graphsage_fairloss_a50_mb,selection_rate,amplification,0.18381595182145039,-0.1514715400410729,0.2868045035959374,False,State|City,2814,164,50,134799,,,
Victim Race,named_n>=5000,graphsage_fairloss_a25_mb,graphsage_fairloss_a50_mb,tpr,gap,0.0037136315244562512,0.0007090898023517589,0.006740274640856047,True,State|City,2814,164,50,134799,,,
Victim Race,named_n>=5000,graphsage_fairloss_a25_mb,graphsage_fairloss_a50_mb,tpr,amplification,0.13162467445113346,0.02641525348762581,0.2605637884196026,True,State|City,2814,164,50,134799,,,
Victim Race,named_n>=5000,graphsage_fairloss_a25_mb,graphsage_fairloss_a50_mb,fpr,gap,0.00015248541572582264,-0.010938487349770109,0.011131883200592363,False,State|City,2814,164,50,134799,,,
Victim Race,named_n>=5000,graphsage_fairloss_a25_mb,graphsage_fairloss_a50_mb,fpr,amplification,0.005404640463460064,-0.41799330902685483,0.4109516493369899,False,State|City,2814,164,50,134799,,,
Victim Race,named_n>=5000,graphsage_fairloss_a25_mb,graphsage_fairloss_a50_mb,selection_rate,signed_gap,0.005673916084141362,0.00307723186571994,0.008071141469765276,True,State|City,2814,164,50,134799,Black-White,0.005430030793166063,-0.00024388529097529865
Victim Race,named_n>=5000,graphsage_fairloss_a25_mb,graphsage_fairloss_a50_mb,tpr,signed_gap,0.0037136315244562512,0.0007090898023517589,0.006740274640856047,True,State|City,2814,164,50,134799,Black-White,0.01726991421210944,0.013556282687653187
Victim Race,named_n>=5000,graphsage_fairloss_a25_mb,graphsage_fairloss_a50_mb,fpr,signed_gap,0.009631515765486764,0.004752338138264237,0.014017034119929677,True,State|City,2814,164,50,134799,Black-White,0.0048920005906062936,-0.004739515174880471
Victim Race,named_all,graphsage_fairloss_a25_mb,graphsage_fairloss_a100_mb,selection_rate,gap,0.01354725691049792,-0.02172578542984695,0.04877464399311713,False,State|City,2814,3,20,14732,,,
Victim Race,named_all,graphsage_fairloss_a25_mb,graphsage_fairloss_a100_mb,selection_rate,amplification,0.11928846613025601,-0.22725257623098064,0.7505884498701925,False,State|City,2814,3,20,14732,,,
Victim Race,named_all,graphsage_fairloss_a25_mb,graphsage_fairloss_a100_mb,tpr,gap,0.008589750762660081,-0.03927573106041947,0.055043563007773036,False,State|City,2814,3,20,14732,,,
Victim Race,named_all,graphsage_fairloss_a25_mb,graphsage_fairloss_a100_mb,tpr,amplification,0.07563584271624013,-0.4715922739947745,0.8227536266899694,False,State|City,2814,3,20,14732,,,
Victim Race,named_all,graphsage_fairloss_a25_mb,graphsage_fairloss_a100_mb,fpr,gap,0.005477871300570175,0.0,0.030953706810559777,False,State|City,2814,3,20,14732,,,
Victim Race,named_all,graphsage_fairloss_a25_mb,graphsage_fairloss_a100_mb,fpr,amplification,0.04823462560879055,0.0,0.49647612563536414,False,State|City,2814,3,20,14732,,,
Victim Race,named_n>=5000,graphsage_fairloss_a25_mb,graphsage_fairloss_a100_mb,selection_rate,gap,-0.0014208280758933878,-0.0038713436783911815,0.0009853202753226735,False,State|City,2814,314,20,149428,,,
Victim Race,named_n>=5000,graphsage_fairloss_a25_mb,graphsage_fairloss_a100_mb,selection_rate,amplification,-0.05546049308733414,-0.14968320251265088,0.042705335783446194,False,State|City,2814,314,20,149428,,,
Victim Race,named_n>=5000,graphsage_fairloss_a25_mb,graphsage_fairloss_a100_mb,tpr,gap,-0.0023663784534828647,-0.0053475467774964595,0.000816881128000918,False,State|City,2814,314,20,149428,,,
Victim Race,named_n>=5000,graphsage_fairloss_a25_mb,graphsage_fairloss_a100_mb,tpr,amplification,-0.09236903330396362,-0.21444123879780336,0.03317830223422198,False,State|City,2814,314,20,149428,,,
Victim Race,named_n>=5000,graphsage_fairloss_a25_mb,graphsage_fairloss_a100_mb,fpr,gap,0.0022603862198045666,-0.00527043246442576,0.005842091815282539,False,State|City,2814,314,20,149428,,,
Victim Race,named_n>=5000,graphsage_fairloss_a25_mb,graphsage_fairloss_a100_mb,fpr,amplification,0.08823174066246647,-0.19879382737836102,0.23378449424894143,False,State|City,2814,314,20,149428,,,
Victim Race,named_n>=5000,graphsage_fairloss_a25_mb,graphsage_fairloss_a100_mb,selection_rate,signed_gap,-0.0014208280758933878,-0.0038713436783911815,0.0009044732527848274,False,State|City,2814,314,20,149428,Black-White,0.006471982133664622,0.00789281020955801
Victim Race,named_n>=5000,graphsage_fairloss_a25_mb,graphsage_fairloss_a100_mb,tpr,signed_gap,-0.0023663784534828647,-0.0053475467774964595,0.000816881128000918,False,State|City,2814,314,20,149428,Black-White,0.017616362617226544,0.01998274107070941
Victim Race,named_n>=5000,graphsage_fairloss_a25_mb,graphsage_fairloss_a100_mb,fpr,signed_gap,0.0022603862198045666,-0.002360148518925431,0.007280923674572236,False,State|City,2814,314,20,149428,Black-White,0.002917100530532013,0.0006567143107274465
Victim Race,named_n>=5000,graphsage_fairloss_a25_mb,graphsage_fairloss_a100_mb,selection_rate,gap,-0.0013947282560463625,-0.003803207356437241,0.001263471288649831,False,State|City,2814,243,30,143595,,,
Victim Race,named_n>=5000,graphsage_fairloss_a25_mb,graphsage_fairloss_a100_mb,selection_rate,amplification,-0.05122204456101853,-0.1437530430710293,0.048005611719559305,False,State|City,2814,243,30,143595,,,
Victim Race,named_n>=5000,graphsage_fairloss_a25_mb,graphsage_fairloss_a100_mb,tpr,gap,-0.0023636060475995535,-0.005407014106967492,0.0008207262460485909,False,State|City,2814,243,30,143595,,,
Victim Race,named_n>=5000,graphsage_fairloss_a25_mb,graphsage_fairloss_a100_mb,tpr,amplification,-0.08680453254602505,-0.20109086589020195,0.029575712081431102,False,State|City,2814,243,30,143595,,,
Victim Race,named_n>=5000,graphsage_fairloss_a25_mb,graphsage_fairloss_a100_mb,fpr,gap,0.00241120375727244,-0.004119452523603513,0.006845454870794078,False,State|City,2814,243,30,143595,,,
Victim Race,named_n>=5000,graphsage_fairloss_a25_mb,graphsage_fairloss_a100_mb,fpr,amplification,0.08855258059430801,-0.15845189406610272,0.24756466895233212,False,State|City,2814,243,30,143595,,,
Victim Race,named_n>=5000,graphsage_fairloss_a25_mb,graphsage_fairloss_a100_mb,selection_rate,signed_gap,-0.0013947282560463625,-0.0038115039895606937,0.001263471288649831,False,State|City,2814,243,30,143595,Black-White,0.00617480969783557,0.007569537953881933
Victim Race,named_n>=5000,graphsage_fairloss_a25_mb,graphsage_fairloss_a100_mb,tpr,signed_gap,-0.0023636060475995535,-0.005407014106967492,0.0008207262460485909,False,State|City,2814,243,30,143595,Black-White,0.0173789122637662,0.019742518311365753
Victim Race,named_n>=5000,graphsage_fairloss_a25_mb,graphsage_fairloss_a100_mb,fpr,signed_gap,0.00241120375727244,-0.0019234803833615129,0.007062626500669537,False,State|City,2814,243,30,143595,Black-White,0.005312594137555193,0.0029013903802827534
Victim Race,named_n>=5000,graphsage_fairloss_a25_mb,graphsage_fairloss_a100_mb,selection_rate,gap,-0.0009777776319794262,-0.0035351096520231857,0.0016762439371465249,False,State|City,2814,164,50,134799,,,
Victim Race,named_n>=5000,graphsage_fairloss_a25_mb,graphsage_fairloss_a100_mb,selection_rate,amplification,-0.03465601302857754,-0.1285897019932689,0.060201243051078,False,State|City,2814,164,50,134799,,,
Victim Race,named_n>=5000,graphsage_fairloss_a25_mb,graphsage_fairloss_a100_mb,tpr,gap,-0.0019024549172503846,-0.005063719269203626,0.001598331348492288,False,State|City,2814,164,50,134799,,,
Victim Race,named_n>=5000,graphsage_fairloss_a25_mb,graphsage_fairloss_a100_mb,tpr,amplification,-0.06742995568945276,-0.1853585466418218,0.05358129476514001,False,State|City,2814,164,50,134799,,,
Victim Race,named_n>=5000,graphsage_fairloss_a25_mb,graphsage_fairloss_a100_mb,fpr,gap,0.002967630963176038,-0.0046999070862834445,0.007423076512741464,False,State|City,2814,164,50,134799,,,
Victim Race,named_n>=5000,graphsage_fairloss_a25_mb,graphsage_fairloss_a100_mb,fpr,amplification,0.10518368794716197,-0.17408796438235058,0.2724506498052369,False,State|City,2814,164,50,134799,,,
Victim Race,named_n>=5000,graphsage_fairloss_a25_mb,graphsage_fairloss_a100_mb,selection_rate,signed_gap,-0.0009777776319794262,-0.0035351096520231857,0.0016094476658736353,False,State|City,2814,164,50,134799,Black-White,0.005430030793166063,0.006407808425145489
Victim Race,named_n>=5000,graphsage_fairloss_a25_mb,graphsage_fairloss_a100_mb,tpr,signed_gap,-0.0019024549172503846,-0.005063719269203626,0.001598331348492288,False,State|City,2814,164,50,134799,Black-White,0.01726991421210944,0.019172369129359823
Victim Race,named_n>=5000,graphsage_fairloss_a25_mb,graphsage_fairloss_a100_mb,fpr,signed_gap,0.002967630963176038,-0.002094283224894949,0.008207767687135548,False,State|City,2814,164,50,134799,Black-White,0.0048920005906062936,0.0019243696274302557
Victim Race,named_all,graphsage_fairloss_a50_mb,graphsage_fairloss_a100_mb,selection_rate,gap,-0.016929784127737102,-0.06660786578325888,0.04590440452361486,False,State|City,2814,3,20,14732,,,
Victim Race,named_all,graphsage_fairloss_a50_mb,graphsage_fairloss_a100_mb,selection_rate,amplification,-0.1490728339955788,-0.9662389649402271,0.5187282674074931,False,State|City,2814,3,20,14732,,,
Victim Race,named_all,graphsage_fairloss_a50_mb,graphsage_fairloss_a100_mb,tpr,gap,0.02252423446642196,-0.022896430533914172,0.06331005301625085,False,State|City,2814,3,20,14732,,,
Victim Race,named_all,graphsage_fairloss_a50_mb,graphsage_fairloss_a100_mb,tpr,amplification,0.1983339799347592,-0.23459496946049524,0.9792863581723616,False,State|City,2814,3,20,14732,,,
Victim Race,named_all,graphsage_fairloss_a50_mb,graphsage_fairloss_a100_mb,fpr,gap,-0.05768246196235349,-0.07524025097091586,0.10413479758737439,False,State|City,2814,3,20,14732,,,
Victim Race,named_all,graphsage_fairloss_a50_mb,graphsage_fairloss_a100_mb,fpr,amplification,-0.5079148092905759,-1.1304880371436852,1.2536881660963204,False,State|City,2814,3,20,14732,,,
Victim Race,named_n>=5000,graphsage_fairloss_a50_mb,graphsage_fairloss_a100_mb,selection_rate,gap,-0.006611503921352457,-0.008757291279886625,0.0001220883322731172,False,State|City,2814,314,20,149428,,,
Victim Race,named_n>=5000,graphsage_fairloss_a50_mb,graphsage_fairloss_a100_mb,selection_rate,amplification,-0.25807293207976034,-0.36317148370426516,0.004176118318712991,False,State|City,2814,314,20,149428,,,
Victim Race,named_n>=5000,graphsage_fairloss_a50_mb,graphsage_fairloss_a100_mb,tpr,gap,-0.005782931644197076,-0.008929717507869958,-0.0026409725029223293,True,State|City,2814,314,20,149428,,,
Victim Race,named_n>=5000,graphsage_fairloss_a50_mb,graphsage_fairloss_a100_mb,tpr,amplification,-0.22573050597684252,-0.3788812696138653,-0.10088538738279086,True,State|City,2814,314,20,149428,,,
Victim Race,named_n>=5000,graphsage_fairloss_a50_mb,graphsage_fairloss_a100_mb,fpr,gap,0.005214139025957687,-0.007002113439736872,0.010144461311176542,False,State|City,2814,314,20,149428,,,
Victim Race,named_n>=5000,graphsage_fairloss_a50_mb,graphsage_fairloss_a100_mb,fpr,amplification,0.20352829896305086,-0.2671879444446,0.40608172362050127,False,State|City,2814,314,20,149428,,,
Victim Race,named_n>=5000,graphsage_fairloss_a50_mb,graphsage_fairloss_a100_mb,selection_rate,signed_gap,-0.006611503921352457,-0.009260760464091498,-0.004119795681158831,True,State|City,2814,314,20,149428,Black-White,0.0012813062882055526,0.00789281020955801
Victim Race,named_n>=5000,graphsage_fairloss_a50_mb,graphsage_fairloss_a100_mb,tpr,signed_gap,-0.005782931644197076,-0.008929717507869958,-0.0026409725029223293,True,State|City,2814,314,20,149428,Black-White,0.014199809426512333,0.01998274107070941
Victim Race,named_n>=5000,graphsage_fairloss_a50_mb,graphsage_fairloss_a100_mb,fpr,signed_gap,-0.00652756764741258,-0.011474285580588195,-0.0015116517965704595,True,State|City,2814,314,20,149428,Black-White,-0.005870853336685133,0.0006567143107274465
Victim Race,named_n>=5000,graphsage_fairloss_a50_mb,graphsage_fairloss_a100_mb,selection_rate,gap,-0.006710614054267761,-0.00866888376225127,0.0011303744890549551,False,State|City,2814,243,30,143595,,,
Victim Race,named_n>=5000,graphsage_fairloss_a50_mb,graphsage_fairloss_a100_mb,selection_rate,amplification,-0.24645042547132157,-0.34907031456105886,0.03869130024385094,False,State|City,2814,243,30,143595,,,
Victim Race,named_n>=5000,graphsage_fairloss_a50_mb,graphsage_fairloss_a100_mb,tpr,gap,-0.005987684728984921,-0.009094243594144607,-0.0025818552394136418,True,State|City,2814,243,30,143595,,,
Victim Race,named_n>=5000,graphsage_fairloss_a50_mb,graphsage_fairloss_a100_mb,tpr,amplification,-0.21990050941880435,-0.34613771005912053,-0.0967741883410165,True,State|City,2814,243,30,143595,,,
Victim Race,named_n>=5000,graphsage_fairloss_a50_mb,graphsage_fairloss_a100_mb,fpr,gap,6.169759350038717e-05,-0.00827201955056394,0.008881089317817538,False,State|City,2814,243,30,143595,,,
Victim Race,named_n>=5000,graphsage_fairloss_a50_mb,graphsage_fairloss_a100_mb,fpr,amplification,0.002265872846473241,-0.3126081156095607,0.3394297136286228,False,State|City,2814,243,30,143595,,,
Victim Race,named_n>=5000,graphsage_fairloss_a50_mb,graphsage_fairloss_a100_mb,selection_rate,signed_gap,-0.006710614054267761,-0.009239860168518535,-0.004016499902784374,True,State|City,2814,243,30,143595,Black-White,0.0008589238996141724,0.007569537953881933
Victim Race,named_n>=5000,graphsage_fairloss_a50_mb,graphsage_fairloss_a100_mb,tpr,signed_gap,-0.005987684728984921,-0.009094243594144607,-0.0025818552394136418,True,State|City,2814,243,30,143595,Black-White,0.013754833582380832,0.019742518311365753
Victim Race,named_n>=5000,graphsage_fairloss_a50_mb,graphsage_fairloss_a100_mb,fpr,signed_gap,-0.005864478354065894,-0.010567551614937196,-0.0009102131453868756,True,State|City,2814,243,30,143595,Black-White,-0.0029630879737831406,0.0029013903802827534
Victim Race,named_n>=5000,graphsage_fairloss_a50_mb,graphsage_fairloss_a100_mb,selection_rate,gap,-0.0061639231341701906,-0.008541522594630256,0.0033995033344881,False,State|City,2814,164,50,134799,,,
Victim Race,named_n>=5000,graphsage_fairloss_a50_mb,graphsage_fairloss_a100_mb,selection_rate,amplification,-0.21847196485002793,-0.33383193429974384,0.11917907862893282,False,State|City,2814,164,50,134799,,,
Victim Race,named_n>=5000,graphsage_fairloss_a50_mb,graphsage_fairloss_a100_mb,tpr,gap,-0.005616086441706636,-0.009235190087111128,-0.0018583593563623604,True,State|City,2814,164,50,134799,,,
Victim Race,named_n>=5000,graphsage_fairloss_a50_mb,graphsage_fairloss_a100_mb,tpr,amplification,-0.19905463014058622,-0.3545886057348584,-0.0686906402017508,True,State|City,2814,164,50,134799,,,
Victim Race,named_n>=5000,graphsage_fairloss_a50_mb,graphsage_fairloss_a100_mb,fpr,gap,0.002815145547450215,-0.00820018784550772,0.0095848912831753,False,State|City,2814,164,50,134799,,,
Victim Race,named_n>=5000,graphsage_fairloss_a50_mb,graphsage_fairloss_a100_mb,fpr,amplification,0.09977904748370191,-0.30614624335838736,0.35577243781457374,False,State|City,2814,164,50,134799,,,
Victim Race,named_n>=5000,graphsage_fairloss_a50_mb,graphsage_fairloss_a100_mb,selection_rate,signed_gap,-0.006651693716120788,-0.009370668478458266,-0.00397937241393653,True,State|City,2814,164,50,134799,Black-White,-0.00024388529097529865,0.006407808425145489
Victim Race,named_n>=5000,graphsage_fairloss_a50_mb,graphsage_fairloss_a100_mb,tpr,signed_gap,-0.005616086441706636,-0.009235190087111128,-0.0018583593563623604,True,State|City,2814,164,50,134799,Black-White,0.013556282687653187,0.019172369129359823
Victim Race,named_n>=5000,graphsage_fairloss_a50_mb,graphsage_fairloss_a100_mb,fpr,signed_gap,-0.006663884802310727,-0.01136662162582622,-0.0017879688819899397,True,State|City,2814,164,50,134799,Black-White,-0.004739515174880471,0.0019243696274302557
Victim Sex,named_all,graphsage_geo_blind_mb,graphsage_fairloss_a0_mb,selection_rate,gap,-0.005359207376308461,-0.007581068101975649,-0.0028722611893388125,True,State|City,2814,335,20,158686,,,
Victim Sex,named_all,graphsage_geo_blind_mb,graphsage_fairloss_a0_mb,selection_rate,amplification,-0.08308624974338696,-0.11965447881940364,-0.045152269161423675,True,State|City,2814,335,20,158686,,,
Victim Sex,named_all,graphsage_geo_blind_mb,graphsage_fairloss_a0_mb,tpr,gap,-0.004093759716450207,-0.006979828211838443,-0.0012237538775798755,True,State|City,2814,335,20,158686,,,
Victim Sex,named_all,graphsage_geo_blind_mb,graphsage_fairloss_a0_mb,tpr,amplification,-0.06346743432509083,-0.11055756725558352,-0.019144660177991997,True,State|City,2814,335,20,158686,,,
Victim Sex,named_all,graphsage_geo_blind_mb,graphsage_fairloss_a0_mb,fpr,gap,-0.009422914970413865,-0.01358726922334935,-0.0016471280679513773,True,State|City,2814,335,20,158686,,,
Victim Sex,named_all,graphsage_geo_blind_mb,graphsage_fairloss_a0_mb,fpr,amplification,-0.14608777223354907,-0.21109395793827815,-0.025184870316404574,True,State|City,2814,335,20,158686,,,
Victim Sex,named_all,graphsage_geo_blind_mb,graphsage_fairloss_a0_mb,selection_rate,signed_gap,0.005359207376308461,0.002872261189338812,0.007581068101975649,True,State|City,2814,335,20,158686,Male-Female,-0.038679601153334575,-0.044038808529643036
Victim Sex,named_all,graphsage_geo_blind_mb,graphsage_fairloss_a0_mb,tpr,signed_gap,0.004093759716450207,0.001223753877579875,0.006979828211838443,True,State|City,2814,335,20,158686,Male-Female,-0.033246145751984146,-0.03733990546843435
Victim Sex,named_all,graphsage_geo_blind_mb,graphsage_fairloss_a0_mb,fpr,signed_gap,0.009422914970413865,0.0048463021932092275,0.013827093460126038,True,State|City,2814,335,20,158686,Male-Female,-0.0069012703803795206,-0.016324185350793385
Victim Sex,named_all,graphsage_geo_blind_mb,graphsage_fairloss_a0_mb,selection_rate,gap,-0.005672454059523435,-0.008090981131493794,-0.0031353810855338175,True,State|City,2814,242,30,151094,,,
Victim Sex,named_all,graphsage_geo_blind_mb,graphsage_fairloss_a0_mb,selection_rate,amplification,-0.0849816592637469,-0.12327939500855054,-0.04570911409398827,True,State|City,2814,242,30,151094,,,
Victim Sex,named_all,graphsage_geo_blind_mb,graphsage_fairloss_a0_mb,tpr,gap,-0.004453508356249691,-0.007393553845389064,-0.0012536322535185915,True,State|City,2814,242,30,151094,,,
Victim Sex,named_all,graphsage_geo_blind_mb,graphsage_fairloss_a0_mb,tpr,amplification,-0.06672006960085586,-0.11161786113991029,-0.018964318007038482,True,State|City,2814,242,30,151094,,,
Victim Sex,named_all,graphsage_geo_blind_mb,graphsage_fairloss_a0_mb,fpr,gap,-0.00957149401226054,-0.014276148991405446,-0.004455769379856376,True,State|City,2814,242,30,151094,,,
Victim Sex,named_all,graphsage_geo_blind_mb,graphsage_fairloss_a0_mb,fpr,amplification,-0.14339498112449348,-0.21885427515793016,-0.06344581833207923,True,State|City,2814,242,30,151094,,,
Victim Sex,named_all,graphsage_geo_blind_mb,graphsage_fairloss_a0_mb,selection_rate,signed_gap,0.005672454059523435,0.003135381085533817,0.008090981131493792,True,State|City,2814,242,30,151094,Male-Female,-0.04078757941925226,-0.0464600334787757
Victim Sex,named_all,graphsage_geo_blind_mb,graphsage_fairloss_a0_mb,tpr,signed_gap,0.004453508356249691,0.0012536322535185913,0.007393553845389063,True,State|City,2814,242,30,151094,Male-Female,-0.034493521338781696,-0.03894702969503139
Victim Sex,named_all,graphsage_geo_blind_mb,graphsage_fairloss_a0_mb,fpr,signed_gap,0.00957149401226054,0.005074606270878748,0.014326451589701887,True,State|City,2814,242,30,151094,Male-Female,-0.01132841807457774,-0.02089991208683828
Victim Sex,named_all,graphsage_geo_blind_mb,graphsage_fairloss_a0_mb,selection_rate,gap,-0.005407401821933777,-0.007938051419919889,-0.0028833965707293478,True,State|City,2814,156,50,139592,,,
Victim Sex,named_all,graphsage_geo_blind_mb,graphsage_fairloss_a0_mb,selection_rate,amplification,-0.0756794785214403,-0.1116945260309588,-0.040526576668743305,True,State|City,2814,156,50,139592,,,
Victim Sex,named_all,graphsage_geo_blind_mb,graphsage_fairloss_a0_mb,tpr,gap,-0.004368334425917331,-0.007332001508667913,-0.0011308433073476654,True,State|City,2814,156,50,139592,,,
Victim Sex,named_all,graphsage_geo_blind_mb,graphsage_fairloss_a0_mb,tpr,amplification,-0.061137174977400455,-0.10317443324060983,-0.01575538750037196,True,State|City,2814,156,50,139592,,,
Victim Sex,named_all,graphsage_geo_blind_mb,graphsage_fairloss_a0_mb,fpr,gap,-0.008823371749892617,-0.013818122081912347,-0.004016653586013379,True,State|City,2814,156,50,139592,,,
Victim Sex,named_all,graphsage_geo_blind_mb,graphsage_fairloss_a0_mb,fpr,amplification,-0.12348780335208812,-0.19510454448564865,-0.056467765186455514,True,State|City,2814,156,50,139592,,,
Victim Sex,named_all,graphsage_geo_blind_mb,graphsage_fairloss_a0_mb,selection_rate,signed_gap,0.005407401821933777,0.0028833965707293465,0.007938051419919887,True,State|City,2814,156,50,139592,Male-Female,-0.043979159265348455,-0.04938656108728223
Victim Sex,named_all,graphsage_geo_blind_mb,graphsage_fairloss_a0_mb,tpr,signed_gap,0.004368334425917331,0.0011308433073476648,0.007332001508667912,True,State|City,2814,156,50,139592,Male-Female,-0.03682116331789986,-0.041189497743817194
Victim Sex,named_all,graphsage_geo_blind_mb,graphsage_fairloss_a0_mb,fpr,signed_gap,0.008823371749892617,0.004215113146195694,0.013845303134498185,True,State|City,2814,156,50,139592,Male-Female,-0.013946458739559742,-0.02276983048945236
Victim Sex,named_n>=5000,graphsage_geo_blind_mb,graphsage_fairloss_a0_mb,selection_rate,gap,-0.005359207376308461,-0.007581068101975649,-0.0028722611893388125,True,State|City,2814,335,20,158686,,,
Victim Sex,named_n>=5000,graphsage_geo_blind_mb,graphsage_fairloss_a0_mb,selection_rate,amplification,-0.08308624974338696,-0.11965447881940364,-0.045152269161423675,True,State|City,2814,335,20,158686,,,
Victim Sex,named_n>=5000,graphsage_geo_blind_mb,graphsage_fairloss_a0_mb,tpr,gap,-0.004093759716450207,-0.006979828211838443,-0.0012237538775798755,True,State|City,2814,335,20,158686,,,
Victim Sex,named_n>=5000,graphsage_geo_blind_mb,graphsage_fairloss_a0_mb,tpr,amplification,-0.06346743432509083,-0.11055756725558352,-0.019144660177991997,True,State|City,2814,335,20,158686,,,
Victim Sex,named_n>=5000,graphsage_geo_blind_mb,graphsage_fairloss_a0_mb,fpr,gap,-0.009422914970413865,-0.01358726922334935,-0.0016471280679513773,True,State|City,2814,335,20,158686,,,
Victim Sex,named_n>=5000,graphsage_geo_blind_mb,graphsage_fairloss_a0_mb,fpr,amplification,-0.14608777223354907,-0.21109395793827815,-0.025184870316404574,True,State|City,2814,335,20,158686,,,
Victim Sex,named_n>=5000,graphsage_geo_blind_mb,graphsage_fairloss_a0_mb,selection_rate,signed_gap,0.005359207376308461,0.002872261189338812,0.007581068101975649,True,State|City,2814,335,20,158686,Male-Female,-0.038679601153334575,-0.044038808529643036
Victim Sex,named_n>=5000,graphsage_geo_blind_mb,graphsage_fairloss_a0_mb,tpr,signed_gap,0.004093759716450207,0.001223753877579875,0.006979828211838443,True,State|City,2814,335,20,158686,Male-Female,-0.033246145751984146,-0.03733990546843435
Victim Sex,named_n>=5000,graphsage_geo_blind_mb,graphsage_fairloss_a0_mb,fpr,signed_gap,0.009422914970413865,0.0048463021932092275,0.013827093460126038,True,State|City,2814,335,20,158686,Male-Female,-0.0069012703803795206,-0.016324185350793385
Victim Sex,named_n>=5000,graphsage_geo_blind_mb,graphsage_fairloss_a0_mb,selection_rate,gap,-0.005672454059523435,-0.008090981131493794,-0.0031353810855338175,True,State|City,2814,242,30,151094,,,
Victim Sex,named_n>=5000,graphsage_geo_blind_mb,graphsage_fairloss_a0_mb,selection_rate,amplification,-0.0849816592637469,-0.12327939500855054,-0.04570911409398827,True,State|City,2814,242,30,151094,,,
Victim Sex,named_n>=5000,graphsage_geo_blind_mb,graphsage_fairloss_a0_mb,tpr,gap,-0.004453508356249691,-0.007393553845389064,-0.0012536322535185915,True,State|City,2814,242,30,151094,,,
Victim Sex,named_n>=5000,graphsage_geo_blind_mb,graphsage_fairloss_a0_mb,tpr,amplification,-0.06672006960085586,-0.11161786113991029,-0.018964318007038482,True,State|City,2814,242,30,151094,,,
Victim Sex,named_n>=5000,graphsage_geo_blind_mb,graphsage_fairloss_a0_mb,fpr,gap,-0.00957149401226054,-0.014276148991405446,-0.004455769379856376,True,State|City,2814,242,30,151094,,,
Victim Sex,named_n>=5000,graphsage_geo_blind_mb,graphsage_fairloss_a0_mb,fpr,amplification,-0.14339498112449348,-0.21885427515793016,-0.06344581833207923,True,State|City,2814,242,30,151094,,,
Victim Sex,named_n>=5000,graphsage_geo_blind_mb,graphsage_fairloss_a0_mb,selection_rate,signed_gap,0.005672454059523435,0.003135381085533817,0.008090981131493792,True,State|City,2814,242,30,151094,Male-Female,-0.04078757941925226,-0.0464600334787757
Victim Sex,named_n>=5000,graphsage_geo_blind_mb,graphsage_fairloss_a0_mb,tpr,signed_gap,0.004453508356249691,0.0012536322535185913,0.007393553845389063,True,State|City,2814,242,30,151094,Male-Female,-0.034493521338781696,-0.03894702969503139
Victim Sex,named_n>=5000,graphsage_geo_blind_mb,graphsage_fairloss_a0_mb,fpr,signed_gap,0.00957149401226054,0.005074606270878748,0.014326451589701887,True,State|City,2814,242,30,151094,Male-Female,-0.01132841807457774,-0.02089991208683828
Victim Sex,named_n>=5000,graphsage_geo_blind_mb,graphsage_fairloss_a0_mb,selection_rate,gap,-0.005407401821933777,-0.007938051419919889,-0.0028833965707293478,True,State|City,2814,156,50,139592,,,
Victim Sex,named_n>=5000,graphsage_geo_blind_mb,graphsage_fairloss_a0_mb,selection_rate,amplification,-0.0756794785214403,-0.1116945260309588,-0.040526576668743305,True,State|City,2814,156,50,139592,,,
Victim Sex,named_n>=5000,graphsage_geo_blind_mb,graphsage_fairloss_a0_mb,tpr,gap,-0.004368334425917331,-0.007332001508667913,-0.0011308433073476654,True,State|City,2814,156,50,139592,,,
Victim Sex,named_n>=5000,graphsage_geo_blind_mb,graphsage_fairloss_a0_mb,tpr,amplification,-0.061137174977400455,-0.10317443324060983,-0.01575538750037196,True,State|City,2814,156,50,139592,,,
Victim Sex,named_n>=5000,graphsage_geo_blind_mb,graphsage_fairloss_a0_mb,fpr,gap,-0.008823371749892617,-0.013818122081912347,-0.004016653586013379,True,State|City,2814,156,50,139592,,,
Victim Sex,named_n>=5000,graphsage_geo_blind_mb,graphsage_fairloss_a0_mb,fpr,amplification,-0.12348780335208812,-0.19510454448564865,-0.056467765186455514,True,State|City,2814,156,50,139592,,,
Victim Sex,named_n>=5000,graphsage_geo_blind_mb,graphsage_fairloss_a0_mb,selection_rate,signed_gap,0.005407401821933777,0.0028833965707293465,0.007938051419919887,True,State|City,2814,156,50,139592,Male-Female,-0.043979159265348455,-0.04938656108728223
Victim Sex,named_n>=5000,graphsage_geo_blind_mb,graphsage_fairloss_a0_mb,tpr,signed_gap,0.004368334425917331,0.0011308433073476648,0.007332001508667912,True,State|City,2814,156,50,139592,Male-Female,-0.03682116331789986,-0.041189497743817194
Victim Sex,named_n>=5000,graphsage_geo_blind_mb,graphsage_fairloss_a0_mb,fpr,signed_gap,0.008823371749892617,0.004215113146195694,0.013845303134498185,True,State|City,2814,156,50,139592,Male-Female,-0.013946458739559742,-0.02276983048945236
Victim Sex,named_all,graphsage_geo_blind_mb,graphsage_fairloss_a10_mb,selection_rate,gap,0.016047804331077775,0.012857126928830792,0.01954551345753052,True,State|City,2814,335,20,158686,,,
Victim Sex,named_all,graphsage_geo_blind_mb,graphsage_fairloss_a10_mb,selection_rate,amplification,0.2487964702353761,0.19781259920909527,0.3071551251045512,True,State|City,2814,335,20,158686,,,
Victim Sex,named_all,graphsage_geo_blind_mb,graphsage_fairloss_a10_mb,tpr,gap,0.012740605421914797,0.00862811279573349,0.016836601790444404,True,State|City,2814,335,20,158686,,,
Victim Sex,named_all,graphsage_geo_blind_mb,graphsage_fairloss_a10_mb,tpr,amplification,0.1975234488306606,0.13428581411160515,0.2632813881773531,True,State|City,2814,335,20,158686,,,
Victim Sex,named_all,graphsage_geo_blind_mb,graphsage_fairloss_a10_mb,fpr,gap,-0.00914766282182966,-0.024251820564914626,0.009143683735208259,False,State|City,2814,335,20,158686,,,
Victim Sex,named_all,graphsage_geo_blind_mb,graphsage_fairloss_a10_mb,fpr,amplification,-0.14182041194053796,-0.3816934677638204,0.14261316520082162,False,State|City,2814,335,20,158686,,,
Victim Sex,named_all,graphsage_geo_blind_mb,graphsage_fairloss_a10_mb,selection_rate,signed_gap,-0.016047804331077775,-0.01954551345753052,-0.012857126928830792,True,State|City,2814,335,20,158686,Male-Female,-0.038679601153334575,-0.0226317968222568
Victim Sex,named_all,graphsage_geo_blind_mb,graphsage_fairloss_a10_mb,tpr,signed_gap,-0.012740605421914797,-0.016836601790444404,-0.00862811279573349,True,State|City,2814,335,20,158686,Male-Female,-0.033246145751984146,-0.02050554033006935
Victim Sex,named_all,graphsage_geo_blind_mb,graphsage_fairloss_a10_mb,fpr,signed_gap,-0.022950203582588702,-0.02939182823397452,-0.016470406104908405,True,State|City,2814,335,20,158686,Male-Female,-0.0069012703803795206,0.01604893320220918
Victim Sex,named_all,graphsage_geo_blind_mb,graphsage_fairloss_a10_mb,selection_rate,gap,0.01634450151435174,0.012721382903007433,0.019933331038450384,True,State|City,2814,242,30,151094,,,
Victim Sex,named_all,graphsage_geo_blind_mb,graphsage_fairloss_a10_mb,selection_rate,amplification,0.2448645408060175,0.18873130727208773,0.30520152729688355,True,State|City,2814,242,30,151094,,,
Victim Sex,named_all,graphsage_geo_blind_mb,graphsage_fairloss_a10_mb,tpr,gap,0.013002061591534386,0.008585591202168091,0.017270423080484015,True,State|City,2814,242,30,151094,,,
Victim Sex,named_all,graphsage_geo_blind_mb,graphsage_fairloss_a10_mb,tpr,amplification,0.19478990156702236,0.12511819782814132,0.26201941974209747,True,State|City,2814,242,30,151094,,,
Victim Sex,named_all,graphsage_geo_blind_mb,graphsage_fairloss_a10_mb,fpr,gap,-0.00038306427559131606,-0.020620848256336265,0.01676792543346685,False,State|City,2814,242,30,151094,,,
Victim Sex,named_all,graphsage_geo_blind_mb,graphsage_fairloss_a10_mb,fpr,amplification,-0.005738863180348108,-0.30929111965700684,0.2527456677107518,False,State|City,2814,242,30,151094,,,
Victim Sex,named_all,graphsage_geo_blind_mb,graphsage_fairloss_a10_mb,selection_rate,signed_gap,-0.01634450151435174,-0.019933331038450384,-0.012721382903007434,True,State|City,2814,242,30,151094,Male-Female,-0.04078757941925226,-0.024443077904900523
Victim Sex,named_all,graphsage_geo_blind_mb,graphsage_fairloss_a10_mb,tpr,signed_gap,-0.013002061591534386,-0.017270423080484015,-0.008585591202168093,True,State|City,2814,242,30,151094,Male-Female,-0.034493521338781696,-0.02149145974724731
Victim Sex,named_all,graphsage_geo_blind_mb,graphsage_fairloss_a10_mb,fpr,signed_gap,-0.023039900424746795,-0.029964038708059852,-0.016091628305978576,True,State|City,2814,242,30,151094,Male-Female,-0.01132841807457774,0.011711482350169056
Victim Sex,named_all,graphsage_geo_blind_mb,graphsage_fairloss_a10_mb,selection_rate,gap,0.016501516283969564,0.012935165819909103,0.020471852023059386,True,State|City,2814,156,50,139592,,,
Victim Sex,named_all,graphsage_geo_blind_mb,graphsage_fairloss_a10_mb,selection_rate,amplification,0.23094753974419285,0.17993542318623787,0.29092901460488885,True,State|City,2814,156,50,139592,,,
Victim Sex,named_all,graphsage_geo_blind_mb,graphsage_fairloss_a10_mb,tpr,gap,0.013128757866175733,0.008400555432220926,0.017826562710698973,True,State|City,2814,156,50,139592,,,
Victim Sex,named_all,graphsage_geo_blind_mb,graphsage_fairloss_a10_mb,tpr,amplification,0.1837439830929961,0.11713923315110493,0.2566512932302165,True,State|City,2814,156,50,139592,,,
Victim Sex,named_all,graphsage_geo_blind_mb,graphsage_fairloss_a10_mb,fpr,gap,0.00468040654882429,-0.017280056480183888,0.022030639470720023,False,State|City,2814,156,50,139592,,,
Victim Sex,named_all,graphsage_geo_blind_mb,graphsage_fairloss_a10_mb,fpr,amplification,0.06550479112659777,-0.2368350796104117,0.3082452865918289,False,State|City,2814,156,50,139592,,,
Victim Sex,named_all,graphsage_geo_blind_mb,graphsage_fairloss_a10_mb,selection_rate,signed_gap,-0.016501516283969564,-0.020471852023059386,-0.012935165819909103,True,State|City,2814,156,50,139592,Male-Female,-0.043979159265348455,-0.02747764298137889
Victim Sex,named_all,graphsage_geo_blind_mb,graphsage_fairloss_a10_mb,tpr,signed_gap,-0.013128757866175733,-0.017826562710698973,-0.008400555432220928,True,State|City,2814,156,50,139592,Male-Female,-0.03682116331789986,-0.02369240545172413
Victim Sex,named_all,graphsage_geo_blind_mb,graphsage_fairloss_a10_mb,fpr,signed_gap,-0.023212510930295194,-0.029952827903294697,-0.01623351049552371,True,State|City,2814,156,50,139592,Male-Female,-0.013946458739559742,0.009266052190735452
Victim Sex,named_n>=5000,graphsage_geo_blind_mb,graphsage_fairloss_a10_mb,selection_rate,gap,0.016047804331077775,0.012857126928830792,0.01954551345753052,True,State|City,2814,335,20,158686,,,
Victim Sex,named_n>=5000,graphsage_geo_blind_mb,graphsage_fairloss_a10_mb,selection_rate,amplification,0.2487964702353761,0.19781259920909527,0.3071551251045512,True,State|City,2814,335,20,158686,,,
Victim Sex,named_n>=5000,graphsage_geo_blind_mb,graphsage_fairloss_a10_mb,tpr,gap,0.012740605421914797,0.00862811279573349,0.016836601790444404,True,State|City,2814,335,20,158686,,,
Victim Sex,named_n>=5000,graphsage_geo_blind_mb,graphsage_fairloss_a10_mb,tpr,amplification,0.1975234488306606,0.13428581411160515,0.2632813881773531,True,State|City,2814,335,20,158686,,,
Victim Sex,named_n>=5000,graphsage_geo_blind_mb,graphsage_fairloss_a10_mb,fpr,gap,-0.00914766282182966,-0.024251820564914626,0.009143683735208259,False,State|City,2814,335,20,158686,,,
Victim Sex,named_n>=5000,graphsage_geo_blind_mb,graphsage_fairloss_a10_mb,fpr,amplification,-0.14182041194053796,-0.3816934677638204,0.14261316520082162,False,State|City,2814,335,20,158686,,,
Victim Sex,named_n>=5000,graphsage_geo_blind_mb,graphsage_fairloss_a10_mb,selection_rate,signed_gap,-0.016047804331077775,-0.01954551345753052,-0.012857126928830792,True,State|City,2814,335,20,158686,Male-Female,-0.038679601153334575,-0.0226317968222568
Victim Sex,named_n>=5000,graphsage_geo_blind_mb,graphsage_fairloss_a10_mb,tpr,signed_gap,-0.012740605421914797,-0.016836601790444404,-0.00862811279573349,True,State|City,2814,335,20,158686,Male-Female,-0.033246145751984146,-0.02050554033006935
Victim Sex,named_n>=5000,graphsage_geo_blind_mb,graphsage_fairloss_a10_mb,fpr,signed_gap,-0.022950203582588702,-0.02939182823397452,-0.016470406104908405,True,State|City,2814,335,20,158686,Male-Female,-0.0069012703803795206,0.01604893320220918
Victim Sex,named_n>=5000,graphsage_geo_blind_mb,graphsage_fairloss_a10_mb,selection_rate,gap,0.01634450151435174,0.012721382903007433,0.019933331038450384,True,State|City,2814,242,30,151094,,,
Victim Sex,named_n>=5000,graphsage_geo_blind_mb,graphsage_fairloss_a10_mb,selection_rate,amplification,0.2448645408060175,0.18873130727208773,0.30520152729688355,True,State|City,2814,242,30,151094,,,
Victim Sex,named_n>=5000,graphsage_geo_blind_mb,graphsage_fairloss_a10_mb,tpr,gap,0.013002061591534386,0.008585591202168091,0.017270423080484015,True,State|City,2814,242,30,151094,,,
Victim Sex,named_n>=5000,graphsage_geo_blind_mb,graphsage_fairloss_a10_mb,tpr,amplification,0.19478990156702236,0.12511819782814132,0.26201941974209747,True,State|City,2814,242,30,151094,,,
Victim Sex,named_n>=5000,graphsage_geo_blind_mb,graphsage_fairloss_a10_mb,fpr,gap,-0.00038306427559131606,-0.020620848256336265,0.01676792543346685,False,State|City,2814,242,30,151094,,,
Victim Sex,named_n>=5000,graphsage_geo_blind_mb,graphsage_fairloss_a10_mb,fpr,amplification,-0.005738863180348108,-0.30929111965700684,0.2527456677107518,False,State|City,2814,242,30,151094,,,
Victim Sex,named_n>=5000,graphsage_geo_blind_mb,graphsage_fairloss_a10_mb,selection_rate,signed_gap,-0.01634450151435174,-0.019933331038450384,-0.012721382903007434,True,State|City,2814,242,30,151094,Male-Female,-0.04078757941925226,-0.024443077904900523
Victim Sex,named_n>=5000,graphsage_geo_blind_mb,graphsage_fairloss_a10_mb,tpr,signed_gap,-0.013002061591534386,-0.017270423080484015,-0.008585591202168093,True,State|City,2814,242,30,151094,Male-Female,-0.034493521338781696,-0.02149145974724731
Victim Sex,named_n>=5000,graphsage_geo_blind_mb,graphsage_fairloss_a10_mb,fpr,signed_gap,-0.023039900424746795,-0.029964038708059852,-0.016091628305978576,True,State|City,2814,242,30,151094,Male-Female,-0.01132841807457774,0.011711482350169056
Victim Sex,named_n>=5000,graphsage_geo_blind_mb,graphsage_fairloss_a10_mb,selection_rate,gap,0.016501516283969564,0.012935165819909103,0.020471852023059386,True,State|City,2814,156,50,139592,,,
Victim Sex,named_n>=5000,graphsage_geo_blind_mb,graphsage_fairloss_a10_mb,selection_rate,amplification,0.23094753974419285,0.17993542318623787,0.29092901460488885,True,State|City,2814,156,50,139592,,,
Victim Sex,named_n>=5000,graphsage_geo_blind_mb,graphsage_fairloss_a10_mb,tpr,gap,0.013128757866175733,0.008400555432220926,0.017826562710698973,True,State|City,2814,156,50,139592,,,
Victim Sex,named_n>=5000,graphsage_geo_blind_mb,graphsage_fairloss_a10_mb,tpr,amplification,0.1837439830929961,0.11713923315110493,0.2566512932302165,True,State|City,2814,156,50,139592,,,
Victim Sex,named_n>=5000,graphsage_geo_blind_mb,graphsage_fairloss_a10_mb,fpr,gap,0.00468040654882429,-0.017280056480183888,0.022030639470720023,False,State|City,2814,156,50,139592,,,
Victim Sex,named_n>=5000,graphsage_geo_blind_mb,graphsage_fairloss_a10_mb,fpr,amplification,0.06550479112659777,-0.2368350796104117,0.3082452865918289,False,State|City,2814,156,50,139592,,,
Victim Sex,named_n>=5000,graphsage_geo_blind_mb,graphsage_fairloss_a10_mb,selection_rate,signed_gap,-0.016501516283969564,-0.020471852023059386,-0.012935165819909103,True,State|City,2814,156,50,139592,Male-Female,-0.043979159265348455,-0.02747764298137889
Victim Sex,named_n>=5000,graphsage_geo_blind_mb,graphsage_fairloss_a10_mb,tpr,signed_gap,-0.013128757866175733,-0.017826562710698973,-0.008400555432220928,True,State|City,2814,156,50,139592,Male-Female,-0.03682116331789986,-0.02369240545172413
Victim Sex,named_n>=5000,graphsage_geo_blind_mb,graphsage_fairloss_a10_mb,fpr,signed_gap,-0.023212510930295194,-0.029952827903294697,-0.01623351049552371,True,State|City,2814,156,50,139592,Male-Female,-0.013946458739559742,0.009266052190735452
Victim Sex,named_all,graphsage_geo_blind_mb,graphsage_fairloss_a25_mb,selection_rate,gap,0.017390123037323346,0.013759867965475889,0.020837010497314824,True,State|City,2814,335,20,158686,,,
Victim Sex,named_all,graphsage_geo_blind_mb,graphsage_fairloss_a25_mb,selection_rate,amplification,0.2696070527396797,0.20929250709303374,0.3311012391271362,True,State|City,2814,335,20,158686,,,
Victim Sex,named_all,graphsage_geo_blind_mb,graphsage_fairloss_a25_mb,tpr,gap,0.014744707403408608,0.010228054747235992,0.018953926589307106,True,State|City,2814,335,20,158686,,,
Victim Sex,named_all,graphsage_geo_blind_mb,graphsage_fairloss_a25_mb,tpr,amplification,0.2285939609518597,0.15752568901925973,0.3028556406662312,True,State|City,2814,335,20,158686,,,
Victim Sex,named_all,graphsage_geo_blind_mb,graphsage_fairloss_a25_mb,fpr,gap,-0.010585035972472123,-0.0262910751266357,0.006855873159902017,False,State|City,2814,335,20,158686,,,
Victim Sex,named_all,graphsage_geo_blind_mb,graphsage_fairloss_a25_mb,fpr,amplification,-0.16410466708928756,-0.4194811058106353,0.10434665125232064,False,State|City,2814,335,20,158686,,,
Victim Sex,named_all,graphsage_geo_blind_mb,graphsage_fairloss_a25_mb,selection_rate,signed_gap,-0.017390123037323346,-0.020837010497314824,-0.013759867965475889,True,State|City,2814,335,20,158686,Male-Female,-0.038679601153334575,-0.02128947811601123
Victim Sex,named_all,graphsage_geo_blind_mb,graphsage_fairloss_a25_mb,tpr,signed_gap,-0.014744707403408608,-0.018953926589307106,-0.010228054747235992,True,State|City,2814,335,20,158686,Male-Female,-0.033246145751984146,-0.01850143834857554
Victim Sex,named_all,graphsage_geo_blind_mb,graphsage_fairloss_a25_mb,fpr,signed_gap,-0.024387576733231164,-0.03094370571660629,-0.018109790429368118,True,State|City,2814,335,20,158686,Male-Female,-0.0069012703803795206,0.017486306352851644
Victim Sex,named_all,graphsage_geo_blind_mb,graphsage_fairloss_a25_mb,selection_rate,gap,0.01768549088120519,0.01415256842292427,0.021321951708974378,True,State|City,2814,242,30,151094,,,
Victim Sex,named_all,graphsage_geo_blind_mb,graphsage_fairloss_a25_mb,selection_rate,amplification,0.2649545230702056,0.2093339184608534,0.3286071222558532,True,State|City,2814,242,30,151094,,,
Victim Sex,named_all,graphsage_geo_blind_mb,graphsage_fairloss_a25_mb,tpr,gap,0.014876419989999556,0.010340080370892148,0.019630661792029554,True,State|City,2814,242,30,151094,,,
Victim Sex,named_all,graphsage_geo_blind_mb,graphsage_fairloss_a25_mb,tpr,amplification,0.22287053211687857,0.1547593824745545,0.2997284146383776,True,State|City,2814,242,30,151094,,,
Victim Sex,named_all,graphsage_geo_blind_mb,graphsage_fairloss_a25_mb,fpr,gap,-0.0022931039990585766,-0.02384080097740538,0.016926456105663967,False,State|City,2814,242,30,151094,,,
Victim Sex,named_all,graphsage_geo_blind_mb,graphsage_fairloss_a25_mb,fpr,amplification,-0.03435405217203352,-0.3600934968813002,0.25281190977226525,False,State|City,2814,242,30,151094,,,
Victim Sex,named_all,graphsage_geo_blind_mb,graphsage_fairloss_a25_mb,selection_rate,signed_gap,-0.01768549088120519,-0.021321951708974378,-0.01415256842292427,True,State|City,2814,242,30,151094,Male-Female,-0.04078757941925226,-0.023102088538047072
Victim Sex,named_all,graphsage_geo_blind_mb,graphsage_fairloss_a25_mb,tpr,signed_gap,-0.014876419989999556,-0.019630661792029554,-0.01034008037089215,True,State|City,2814,242,30,151094,Male-Female,-0.034493521338781696,-0.01961710134878214
Victim Sex,named_all,graphsage_geo_blind_mb,graphsage_fairloss_a25_mb,fpr,signed_gap,-0.024949940148214056,-0.03224577229466884,-0.01835406788501947,True,State|City,2814,242,30,151094,Male-Female,-0.01132841807457774,0.013621522073636316
Victim Sex,named_all,graphsage_geo_blind_mb,graphsage_fairloss_a25_mb,selection_rate,gap,0.01775383537426445,0.013821785077660884,0.021391292401598434,True,State|City,2814,156,50,139592,,,
Victim Sex,named_all,graphsage_geo_blind_mb,graphsage_fairloss_a25_mb,selection_rate,amplification,0.24847441472350928,0.19217498963547067,0.3097062628559834,True,State|City,2814,156,50,139592,,,
Victim Sex,named_all,graphsage_geo_blind_mb,graphsage_fairloss_a25_mb,tpr,gap,0.014907960519280894,0.009999567828448469,0.020160014139103847,True,State|City,2814,156,50,139592,,,
Victim Sex,named_all,graphsage_geo_blind_mb,graphsage_fairloss_a25_mb,tpr,amplification,0.20864487513042357,0.13908702009069657,0.28721417909751534,True,State|City,2814,156,50,139592,,,
Victim Sex,named_all,graphsage_geo_blind_mb,graphsage_fairloss_a25_mb,fpr,gap,0.0028381314763197274,-0.01814619376244498,0.02300711948026766,False,State|City,2814,156,50,139592,,,
Victim Sex,named_all,graphsage_geo_blind_mb,graphsage_fairloss_a25_mb,fpr,amplification,0.039721166870182845,-0.253277617500966,0.31691024126381556,False,State|City,2814,156,50,139592,,,
Victim Sex,named_all,graphsage_geo_blind_mb,graphsage_fairloss_a25_mb,selection_rate,signed_gap,-0.01775383537426445,-0.021391292401598434,-0.013821785077660884,True,State|City,2814,156,50,139592,Male-Female,-0.043979159265348455,-0.026225323891084007
Victim Sex,named_all,graphsage_geo_blind_mb,graphsage_fairloss_a25_mb,tpr,signed_gap,-0.014907960519280894,-0.02016001413910385,-0.009999567828448469,True,State|City,2814,156,50,139592,Male-Female,-0.03682116331789986,-0.02191320279861897
Victim Sex,named_all,graphsage_geo_blind_mb,graphsage_fairloss_a25_mb,fpr,signed_gap,-0.025054786002799756,-0.031906863026486265,-0.01758536442578563,True,State|City,2814,156,50,139592,Male-Female,-0.013946458739559742,0.011108327263240014
Victim Sex,named_n>=5000,graphsage_geo_blind_mb,graphsage_fairloss_a25_mb,selection_rate,gap,0.017390123037323346,0.013759867965475889,0.020837010497314824,True,State|City,2814,335,20,158686,,,
Victim Sex,named_n>=5000,graphsage_geo_blind_mb,graphsage_fairloss_a25_mb,selection_rate,amplification,0.2696070527396797,0.20929250709303374,0.3311012391271362,True,State|City,2814,335,20,158686,,,
Victim Sex,named_n>=5000,graphsage_geo_blind_mb,graphsage_fairloss_a25_mb,tpr,gap,0.014744707403408608,0.010228054747235992,0.018953926589307106,True,State|City,2814,335,20,158686,,,
Victim Sex,named_n>=5000,graphsage_geo_blind_mb,graphsage_fairloss_a25_mb,tpr,amplification,0.2285939609518597,0.15752568901925973,0.3028556406662312,True,State|City,2814,335,20,158686,,,
Victim Sex,named_n>=5000,graphsage_geo_blind_mb,graphsage_fairloss_a25_mb,fpr,gap,-0.010585035972472123,-0.0262910751266357,0.006855873159902017,False,State|City,2814,335,20,158686,,,
Victim Sex,named_n>=5000,graphsage_geo_blind_mb,graphsage_fairloss_a25_mb,fpr,amplification,-0.16410466708928756,-0.4194811058106353,0.10434665125232064,False,State|City,2814,335,20,158686,,,
Victim Sex,named_n>=5000,graphsage_geo_blind_mb,graphsage_fairloss_a25_mb,selection_rate,signed_gap,-0.017390123037323346,-0.020837010497314824,-0.013759867965475889,True,State|City,2814,335,20,158686,Male-Female,-0.038679601153334575,-0.02128947811601123
Victim Sex,named_n>=5000,graphsage_geo_blind_mb,graphsage_fairloss_a25_mb,tpr,signed_gap,-0.014744707403408608,-0.018953926589307106,-0.010228054747235992,True,State|City,2814,335,20,158686,Male-Female,-0.033246145751984146,-0.01850143834857554
Victim Sex,named_n>=5000,graphsage_geo_blind_mb,graphsage_fairloss_a25_mb,fpr,signed_gap,-0.024387576733231164,-0.03094370571660629,-0.018109790429368118,True,State|City,2814,335,20,158686,Male-Female,-0.0069012703803795206,0.017486306352851644
Victim Sex,named_n>=5000,graphsage_geo_blind_mb,graphsage_fairloss_a25_mb,selection_rate,gap,0.01768549088120519,0.01415256842292427,0.021321951708974378,True,State|City,2814,242,30,151094,,,
Victim Sex,named_n>=5000,graphsage_geo_blind_mb,graphsage_fairloss_a25_mb,selection_rate,amplification,0.2649545230702056,0.2093339184608534,0.3286071222558532,True,State|City,2814,242,30,151094,,,
Victim Sex,named_n>=5000,graphsage_geo_blind_mb,graphsage_fairloss_a25_mb,tpr,gap,0.014876419989999556,0.010340080370892148,0.019630661792029554,True,State|City,2814,242,30,151094,,,
Victim Sex,named_n>=5000,graphsage_geo_blind_mb,graphsage_fairloss_a25_mb,tpr,amplification,0.22287053211687857,0.1547593824745545,0.2997284146383776,True,State|City,2814,242,30,151094,,,
Victim Sex,named_n>=5000,graphsage_geo_blind_mb,graphsage_fairloss_a25_mb,fpr,gap,-0.0022931039990585766,-0.02384080097740538,0.016926456105663967,False,State|City,2814,242,30,151094,,,
Victim Sex,named_n>=5000,graphsage_geo_blind_mb,graphsage_fairloss_a25_mb,fpr,amplification,-0.03435405217203352,-0.3600934968813002,0.25281190977226525,False,State|City,2814,242,30,151094,,,
Victim Sex,named_n>=5000,graphsage_geo_blind_mb,graphsage_fairloss_a25_mb,selection_rate,signed_gap,-0.01768549088120519,-0.021321951708974378,-0.01415256842292427,True,State|City,2814,242,30,151094,Male-Female,-0.04078757941925226,-0.023102088538047072
Victim Sex,named_n>=5000,graphsage_geo_blind_mb,graphsage_fairloss_a25_mb,tpr,signed_gap,-0.014876419989999556,-0.019630661792029554,-0.01034008037089215,True,State|City,2814,242,30,151094,Male-Female,-0.034493521338781696,-0.01961710134878214
Victim Sex,named_n>=5000,graphsage_geo_blind_mb,graphsage_fairloss_a25_mb,fpr,signed_gap,-0.024949940148214056,-0.03224577229466884,-0.01835406788501947,True,State|City,2814,242,30,151094,Male-Female,-0.01132841807457774,0.013621522073636316
Victim Sex,named_n>=5000,graphsage_geo_blind_mb,graphsage_fairloss_a25_mb,selection_rate,gap,0.01775383537426445,0.013821785077660884,0.021391292401598434,True,State|City,2814,156,50,139592,,,
Victim Sex,named_n>=5000,graphsage_geo_blind_mb,graphsage_fairloss_a25_mb,selection_rate,amplification,0.24847441472350928,0.19217498963547067,0.3097062628559834,True,State|City,2814,156,50,139592,,,
Victim Sex,named_n>=5000,graphsage_geo_blind_mb,graphsage_fairloss_a25_mb,tpr,gap,0.014907960519280894,0.009999567828448469,0.020160014139103847,True,State|City,2814,156,50,139592,,,
Victim Sex,named_n>=5000,graphsage_geo_blind_mb,graphsage_fairloss_a25_mb,tpr,amplification,0.20864487513042357,0.13908702009069657,0.28721417909751534,True,State|City,2814,156,50,139592,,,
Victim Sex,named_n>=5000,graphsage_geo_blind_mb,graphsage_fairloss_a25_mb,fpr,gap,0.0028381314763197274,-0.01814619376244498,0.02300711948026766,False,State|City,2814,156,50,139592,,,
Victim Sex,named_n>=5000,graphsage_geo_blind_mb,graphsage_fairloss_a25_mb,fpr,amplification,0.039721166870182845,-0.253277617500966,0.31691024126381556,False,State|City,2814,156,50,139592,,,
Victim Sex,named_n>=5000,graphsage_geo_blind_mb,graphsage_fairloss_a25_mb,selection_rate,signed_gap,-0.01775383537426445,-0.021391292401598434,-0.013821785077660884,True,State|City,2814,156,50,139592,Male-Female,-0.043979159265348455,-0.026225323891084007
Victim Sex,named_n>=5000,graphsage_geo_blind_mb,graphsage_fairloss_a25_mb,tpr,signed_gap,-0.014907960519280894,-0.02016001413910385,-0.009999567828448469,True,State|City,2814,156,50,139592,Male-Female,-0.03682116331789986,-0.02191320279861897
Victim Sex,named_n>=5000,graphsage_geo_blind_mb,graphsage_fairloss_a25_mb,fpr,signed_gap,-0.025054786002799756,-0.031906863026486265,-0.01758536442578563,True,State|City,2814,156,50,139592,Male-Female,-0.013946458739559742,0.011108327263240014
Victim Sex,named_all,graphsage_geo_blind_mb,graphsage_fairloss_a50_mb,selection_rate,gap,0.014844858046852982,0.011290685307352616,0.01832106948909411,True,State|City,2814,335,20,158686,,,
Victim Sex,named_all,graphsage_geo_blind_mb,graphsage_fairloss_a50_mb,selection_rate,amplification,0.23014664230730902,0.17074102549721987,0.2927580524652679,True,State|City,2814,335,20,158686,,,
Victim Sex,named_all,graphsage_geo_blind_mb,graphsage_fairloss_a50_mb,tpr,gap,0.012566013709538026,0.008403749219158943,0.017145559510561882,True,State|City,2814,335,20,158686,,,
Victim Sex,named_all,graphsage_geo_blind_mb,graphsage_fairloss_a50_mb,tpr,amplification,0.1948166734441007,0.12853289525525377,0.2664192657035242,True,State|City,2814,335,20,158686,,,
Victim Sex,named_all,graphsage_geo_blind_mb,graphsage_fairloss_a50_mb,fpr,gap,-0.005684964987683339,-0.022348199798848514,0.011241167517559787,False,State|City,2814,335,20,158686,,,
Victim Sex,named_all,graphsage_geo_blind_mb,graphsage_fairloss_a50_mb,fpr,amplification,-0.08813661938837468,-0.3448756702466568,0.1713834037404083,False,State|City,2814,335,20,158686,,,
Victim Sex,named_all,graphsage_geo_blind_mb,graphsage_fairloss_a50_mb,selection_rate,signed_gap,-0.014844858046852982,-0.018321069489094115,-0.011290685307352617,True,State|City,2814,335,20,158686,Male-Female,-0.038679601153334575,-0.023834743106481593
Victim Sex,named_all,graphsage_geo_blind_mb,graphsage_fairloss_a50_mb,tpr,signed_gap,-0.012566013709538026,-0.017145559510561882,-0.008403749219158943,True,State|City,2814,335,20,158686,Male-Female,-0.033246145751984146,-0.02068013204244612
Victim Sex,named_all,graphsage_geo_blind_mb,graphsage_fairloss_a50_mb,fpr,signed_gap,-0.01948750574844238,-0.02660589982289622,-0.012480735410708918,True,State|City,2814,335,20,158686,Male-Female,-0.0069012703803795206,0.01258623536806286
Victim Sex,named_all,graphsage_geo_blind_mb,graphsage_fairloss_a50_mb,selection_rate,gap,0.014756198884372296,0.011196224917076664,0.018429425443551695,True,State|City,2814,242,30,151094,,,
Victim Sex,named_all,graphsage_geo_blind_mb,graphsage_fairloss_a50_mb,selection_rate,amplification,0.22106944409967832,0.16535231573116801,0.2798346264363536,True,State|City,2814,242,30,151094,,,
Victim Sex,named_all,graphsage_geo_blind_mb,graphsage_fairloss_a50_mb,tpr,gap,0.012279308397858402,0.007620406247375255,0.016812725285808773,True,State|City,2814,242,30,151094,,,
Victim Sex,named_all,graphsage_geo_blind_mb,graphsage_fairloss_a50_mb,tpr,amplification,0.1839620015096145,0.11369372780936805,0.2540379267310605,True,State|City,2814,242,30,151094,,,
Victim Sex,named_all,graphsage_geo_blind_mb,graphsage_fairloss_a50_mb,fpr,gap,0.0026328147443822614,-0.017733820547358597,0.019392355598109017,False,State|City,2814,242,30,151094,,,
Victim Sex,named_all,graphsage_geo_blind_mb,graphsage_fairloss_a50_mb,fpr,amplification,0.03944341605306184,-0.2713572439817949,0.29099821180821794,False,State|City,2814,242,30,151094,,,
Victim Sex,named_all,graphsage_geo_blind_mb,graphsage_fairloss_a50_mb,selection_rate,signed_gap,-0.014756198884372296,-0.018429425443551695,-0.011196224917076664,True,State|City,2814,242,30,151094,Male-Female,-0.04078757941925226,-0.026031380534879967
Victim Sex,named_all,graphsage_geo_blind_mb,graphsage_fairloss_a50_mb,tpr,signed_gap,-0.012279308397858402,-0.016812725285808773,-0.007620406247375257,True,State|City,2814,242,30,151094,Male-Female,-0.034493521338781696,-0.022214212940923295
Victim Sex,named_all,graphsage_geo_blind_mb,graphsage_fairloss_a50_mb,fpr,signed_gap,-0.020024021404773218,-0.027197830808533913,-0.013059327487081978,True,State|City,2814,242,30,151094,Male-Female,-0.01132841807457774,0.008695603330195478
Victim Sex,named_all,graphsage_geo_blind_mb,graphsage_fairloss_a50_mb,selection_rate,gap,0.014664557777041676,0.010749277416903564,0.018674890870413175,True,State|City,2814,156,50,139592,,,
Victim Sex,named_all,graphsage_geo_blind_mb,graphsage_fairloss_a50_mb,selection_rate,amplification,0.2052383236644989,0.15062066198729748,0.26869643684469396,True,State|City,2814,156,50,139592,,,
Victim Sex,named_all,graphsage_geo_blind_mb,graphsage_fairloss_a50_mb,tpr,gap,0.012082425697217292,0.007335247095052894,0.017176371372417606,True,State|City,2814,156,50,139592,,,
Victim Sex,named_all,graphsage_geo_blind_mb,graphsage_fairloss_a50_mb,tpr,amplification,0.1691000051689246,0.10286510357325039,0.23880870162284187,True,State|City,2814,156,50,139592,,,
Victim Sex,named_all,graphsage_geo_blind_mb,graphsage_fairloss_a50_mb,fpr,gap,0.007130537339990417,-0.013010888013910652,0.022323072293807398,False,State|City,2814,156,50,139592,,,
Victim Sex,named_all,graphsage_geo_blind_mb,graphsage_fairloss_a50_mb,fpr,amplification,0.09979568103839379,-0.18139162727818708,0.31178558079879376,False,State|City,2814,156,50,139592,,,
Victim Sex,named_all,graphsage_geo_blind_mb,graphsage_fairloss_a50_mb,selection_rate,signed_gap,-0.014664557777041676,-0.018674890870413175,-0.010749277416903564,True,State|City,2814,156,50,139592,Male-Female,-0.043979159265348455,-0.02931460148830678
Victim Sex,named_all,graphsage_geo_blind_mb,graphsage_fairloss_a50_mb,tpr,signed_gap,-0.012082425697217292,-0.017176371372417606,-0.007335247095052895,True,State|City,2814,156,50,139592,Male-Female,-0.03682116331789986,-0.02473873762068257
Victim Sex,named_all,graphsage_geo_blind_mb,graphsage_fairloss_a50_mb,fpr,signed_gap,-0.020762380139129066,-0.02878347722188871,-0.014078378120618781,True,State|City,2814,156,50,139592,Male-Female,-0.013946458739559742,0.006815921399569325
Victim Sex,named_n>=5000,graphsage_geo_blind_mb,graphsage_fairloss_a50_mb,selection_rate,gap,0.014844858046852982,0.011290685307352616,0.01832106948909411,True,State|City,2814,335,20,158686,,,
Victim Sex,named_n>=5000,graphsage_geo_blind_mb,graphsage_fairloss_a50_mb,selection_rate,amplification,0.23014664230730902,0.17074102549721987,0.2927580524652679,True,State|City,2814,335,20,158686,,,
Victim Sex,named_n>=5000,graphsage_geo_blind_mb,graphsage_fairloss_a50_mb,tpr,gap,0.012566013709538026,0.008403749219158943,0.017145559510561882,True,State|City,2814,335,20,158686,,,
Victim Sex,named_n>=5000,graphsage_geo_blind_mb,graphsage_fairloss_a50_mb,tpr,amplification,0.1948166734441007,0.12853289525525377,0.2664192657035242,True,State|City,2814,335,20,158686,,,
Victim Sex,named_n>=5000,graphsage_geo_blind_mb,graphsage_fairloss_a50_mb,fpr,gap,-0.005684964987683339,-0.022348199798848514,0.011241167517559787,False,State|City,2814,335,20,158686,,,
Victim Sex,named_n>=5000,graphsage_geo_blind_mb,graphsage_fairloss_a50_mb,fpr,amplification,-0.08813661938837468,-0.3448756702466568,0.1713834037404083,False,State|City,2814,335,20,158686,,,
Victim Sex,named_n>=5000,graphsage_geo_blind_mb,graphsage_fairloss_a50_mb,selection_rate,signed_gap,-0.014844858046852982,-0.018321069489094115,-0.011290685307352617,True,State|City,2814,335,20,158686,Male-Female,-0.038679601153334575,-0.023834743106481593
Victim Sex,named_n>=5000,graphsage_geo_blind_mb,graphsage_fairloss_a50_mb,tpr,signed_gap,-0.012566013709538026,-0.017145559510561882,-0.008403749219158943,True,State|City,2814,335,20,158686,Male-Female,-0.033246145751984146,-0.02068013204244612
Victim Sex,named_n>=5000,graphsage_geo_blind_mb,graphsage_fairloss_a50_mb,fpr,signed_gap,-0.01948750574844238,-0.02660589982289622,-0.012480735410708918,True,State|City,2814,335,20,158686,Male-Female,-0.0069012703803795206,0.01258623536806286
Victim Sex,named_n>=5000,graphsage_geo_blind_mb,graphsage_fairloss_a50_mb,selection_rate,gap,0.014756198884372296,0.011196224917076664,0.018429425443551695,True,State|City,2814,242,30,151094,,,
Victim Sex,named_n>=5000,graphsage_geo_blind_mb,graphsage_fairloss_a50_mb,selection_rate,amplification,0.22106944409967832,0.16535231573116801,0.2798346264363536,True,State|City,2814,242,30,151094,,,
Victim Sex,named_n>=5000,graphsage_geo_blind_mb,graphsage_fairloss_a50_mb,tpr,gap,0.012279308397858402,0.007620406247375255,0.016812725285808773,True,State|City,2814,242,30,151094,,,
Victim Sex,named_n>=5000,graphsage_geo_blind_mb,graphsage_fairloss_a50_mb,tpr,amplification,0.1839620015096145,0.11369372780936805,0.2540379267310605,True,State|City,2814,242,30,151094,,,
Victim Sex,named_n>=5000,graphsage_geo_blind_mb,graphsage_fairloss_a50_mb,fpr,gap,0.0026328147443822614,-0.017733820547358597,0.019392355598109017,False,State|City,2814,242,30,151094,,,
Victim Sex,named_n>=5000,graphsage_geo_blind_mb,graphsage_fairloss_a50_mb,fpr,amplification,0.03944341605306184,-0.2713572439817949,0.29099821180821794,False,State|City,2814,242,30,151094,,,
Victim Sex,named_n>=5000,graphsage_geo_blind_mb,graphsage_fairloss_a50_mb,selection_rate,signed_gap,-0.014756198884372296,-0.018429425443551695,-0.011196224917076664,True,State|City,2814,242,30,151094,Male-Female,-0.04078757941925226,-0.026031380534879967
Victim Sex,named_n>=5000,graphsage_geo_blind_mb,graphsage_fairloss_a50_mb,tpr,signed_gap,-0.012279308397858402,-0.016812725285808773,-0.007620406247375257,True,State|City,2814,242,30,151094,Male-Female,-0.034493521338781696,-0.022214212940923295
Victim Sex,named_n>=5000,graphsage_geo_blind_mb,graphsage_fairloss_a50_mb,fpr,signed_gap,-0.020024021404773218,-0.027197830808533913,-0.013059327487081978,True,State|City,2814,242,30,151094,Male-Female,-0.01132841807457774,0.008695603330195478
Victim Sex,named_n>=5000,graphsage_geo_blind_mb,graphsage_fairloss_a50_mb,selection_rate,gap,0.014664557777041676,0.010749277416903564,0.018674890870413175,True,State|City,2814,156,50,139592,,,
Victim Sex,named_n>=5000,graphsage_geo_blind_mb,graphsage_fairloss_a50_mb,selection_rate,amplification,0.2052383236644989,0.15062066198729748,0.26869643684469396,True,State|City,2814,156,50,139592,,,
Victim Sex,named_n>=5000,graphsage_geo_blind_mb,graphsage_fairloss_a50_mb,tpr,gap,0.012082425697217292,0.007335247095052894,0.017176371372417606,True,State|City,2814,156,50,139592,,,
Victim Sex,named_n>=5000,graphsage_geo_blind_mb,graphsage_fairloss_a50_mb,tpr,amplification,0.1691000051689246,0.10286510357325039,0.23880870162284187,True,State|City,2814,156,50,139592,,,
Victim Sex,named_n>=5000,graphsage_geo_blind_mb,graphsage_fairloss_a50_mb,fpr,gap,0.007130537339990417,-0.013010888013910652,0.022323072293807398,False,State|City,2814,156,50,139592,,,
Victim Sex,named_n>=5000,graphsage_geo_blind_mb,graphsage_fairloss_a50_mb,fpr,amplification,0.09979568103839379,-0.18139162727818708,0.31178558079879376,False,State|City,2814,156,50,139592,,,
Victim Sex,named_n>=5000,graphsage_geo_blind_mb,graphsage_fairloss_a50_mb,selection_rate,signed_gap,-0.014664557777041676,-0.018674890870413175,-0.010749277416903564,True,State|City,2814,156,50,139592,Male-Female,-0.043979159265348455,-0.02931460148830678
Victim Sex,named_n>=5000,graphsage_geo_blind_mb,graphsage_fairloss_a50_mb,tpr,signed_gap,-0.012082425697217292,-0.017176371372417606,-0.007335247095052895,True,State|City,2814,156,50,139592,Male-Female,-0.03682116331789986,-0.02473873762068257
Victim Sex,named_n>=5000,graphsage_geo_blind_mb,graphsage_fairloss_a50_mb,fpr,signed_gap,-0.020762380139129066,-0.02878347722188871,-0.014078378120618781,True,State|City,2814,156,50,139592,Male-Female,-0.013946458739559742,0.006815921399569325
Victim Sex,named_all,graphsage_geo_blind_mb,graphsage_fairloss_a100_mb,selection_rate,gap,0.019066125200048245,0.01514138875658021,0.02289853673094698,True,State|City,2814,335,20,158686,,,
Victim Sex,named_all,graphsage_geo_blind_mb,graphsage_fairloss_a100_mb,selection_rate,amplification,0.2955908829005006,0.23295225629047478,0.36558567954263543,True,State|City,2814,335,20,158686,,,
Victim Sex,named_all,graphsage_geo_blind_mb,graphsage_fairloss_a100_mb,tpr,gap,0.01707941708762728,0.01216043936135546,0.02163173375468139,True,State|City,2814,335,20,158686,,,
Victim Sex,named_all,graphsage_geo_blind_mb,graphsage_fairloss_a100_mb,tpr,amplification,0.26479003590854777,0.1888630228361515,0.34451371486787163,True,State|City,2814,335,20,158686,,,
Victim Sex,named_all,graphsage_geo_blind_mb,graphsage_fairloss_a100_mb,fpr,gap,-0.008589550324911321,-0.02432926237072427,0.009661467912972543,False,State|City,2814,335,20,158686,,,
Victim Sex,named_all,graphsage_geo_blind_mb,graphsage_fairloss_a100_mb,fpr,amplification,-0.1331677379445927,-0.38087017451357374,0.15371650339170562,False,State|City,2814,335,20,158686,,,
Victim Sex,named_all,graphsage_geo_blind_mb,graphsage_fairloss_a100_mb,selection_rate,signed_gap,-0.019066125200048245,-0.02289853673094698,-0.01514138875658021,True,State|City,2814,335,20,158686,Male-Female,-0.038679601153334575,-0.01961347595328633
Victim Sex,named_all,graphsage_geo_blind_mb,graphsage_fairloss_a100_mb,tpr,signed_gap,-0.01707941708762728,-0.02163173375468139,-0.012160439361355461,True,State|City,2814,335,20,158686,Male-Female,-0.033246145751984146,-0.016166728664356866
Victim Sex,named_all,graphsage_geo_blind_mb,graphsage_fairloss_a100_mb,fpr,signed_gap,-0.022392091085670363,-0.029993461999258533,-0.01492955480820258,True,State|City,2814,335,20,158686,Male-Female,-0.0069012703803795206,0.015490820705290842
Victim Sex,named_all,graphsage_geo_blind_mb,graphsage_fairloss_a100_mb,selection_rate,gap,0.018976882548686902,0.015258025854196852,0.02293069336934321,True,State|City,2814,242,30,151094,,,
Victim Sex,named_all,graphsage_geo_blind_mb,graphsage_fairloss_a100_mb,selection_rate,amplification,0.2843014592481591,0.2256824751670036,0.3496640151524709,True,State|City,2814,242,30,151094,,,
Victim Sex,named_all,graphsage_geo_blind_mb,graphsage_fairloss_a100_mb,tpr,gap,0.016867440473230744,0.012239034412182017,0.021699822155576077,True,State|City,2814,242,30,151094,,,
Victim Sex,named_all,graphsage_geo_blind_mb,graphsage_fairloss_a100_mb,tpr,amplification,0.252698931345432,0.18130753324855226,0.3334966706021491,True,State|City,2814,242,30,151094,,,
Victim Sex,named_all,graphsage_geo_blind_mb,graphsage_fairloss_a100_mb,fpr,gap,0.00017070978921435165,-0.020783529684079465,0.01820120825881557,False,State|City,2814,242,30,151094,,,
Victim Sex,named_all,graphsage_geo_blind_mb,graphsage_fairloss_a100_mb,fpr,amplification,0.0025574823502790833,-0.31320996385777833,0.27392247659591074,False,State|City,2814,242,30,151094,,,
Victim Sex,named_all,graphsage_geo_blind_mb,graphsage_fairloss_a100_mb,selection_rate,signed_gap,-0.018976882548686902,-0.02293069336934321,-0.015258025854196855,True,State|City,2814,242,30,151094,Male-Female,-0.04078757941925226,-0.02181069687056536
Victim Sex,named_all,graphsage_geo_blind_mb,graphsage_fairloss_a100_mb,tpr,signed_gap,-0.016867440473230744,-0.021699822155576084,-0.012239034412182017,True,State|City,2814,242,30,151094,Male-Female,-0.034493521338781696,-0.017626080865550953
Victim Sex,named_all,graphsage_geo_blind_mb,graphsage_fairloss_a100_mb,fpr,signed_gap,-0.022486126359941128,-0.030124609905374543,-0.01553026388086284,True,State|City,2814,242,30,151094,Male-Female,-0.01132841807457774,0.011157708285363388
Victim Sex,named_all,graphsage_geo_blind_mb,graphsage_fairloss_a100_mb,selection_rate,gap,0.019043954267809193,0.01463859819778935,0.0234218205947942,True,State|City,2814,156,50,139592,,,
Victim Sex,named_all,graphsage_geo_blind_mb,graphsage_fairloss_a100_mb,selection_rate,amplification,0.26653031815167505,0.20475615038308734,0.3312754202282907,True,State|City,2814,156,50,139592,,,
Victim Sex,named_all,graphsage_geo_blind_mb,graphsage_fairloss_a100_mb,tpr,gap,0.01696970701133993,0.01201519070890969,0.02222479507916381,True,State|City,2814,156,50,139592,,,
Victim Sex,named_all,graphsage_geo_blind_mb,graphsage_fairloss_a100_mb,tpr,amplification,0.23750011920152853,0.16573363018847517,0.30981948330306475,True,State|City,2814,156,50,139592,,,
Victim Sex,named_all,graphsage_geo_blind_mb,graphsage_fairloss_a100_mb,fpr,gap,0.005372085676198013,-0.014725490448831905,0.022701095233486342,False,State|City,2814,156,50,139592,,,
Victim Sex,named_all,graphsage_geo_blind_mb,graphsage_fairloss_a100_mb,fpr,amplification,0.07518521018690877,-0.20324446060479234,0.31377736233293807,False,State|City,2814,156,50,139592,,,
Victim Sex,named_all,graphsage_geo_blind_mb,graphsage_fairloss_a100_mb,selection_rate,signed_gap,-0.019043954267809193,-0.023421820594794203,-0.014638598197789352,True,State|City,2814,156,50,139592,Male-Female,-0.043979159265348455,-0.024935204997539262
Victim Sex,named_all,graphsage_geo_blind_mb,graphsage_fairloss_a100_mb,tpr,signed_gap,-0.01696970701133993,-0.022224795079163813,-0.01201519070890969,True,State|City,2814,156,50,139592,Male-Female,-0.03682116331789986,-0.019851456306559934
Victim Sex,named_all,graphsage_geo_blind_mb,graphsage_fairloss_a100_mb,fpr,signed_gap,-0.02252083180292147,-0.030451129652631942,-0.01398181068306108,True,State|City,2814,156,50,139592,Male-Female,-0.013946458739559742,0.008574373063361729
Victim Sex,named_n>=5000,graphsage_geo_blind_mb,graphsage_fairloss_a100_mb,selection_rate,gap,0.019066125200048245,0.01514138875658021,0.02289853673094698,True,State|City,2814,335,20,158686,,,
Victim Sex,named_n>=5000,graphsage_geo_blind_mb,graphsage_fairloss_a100_mb,selection_rate,amplification,0.2955908829005006,0.23295225629047478,0.36558567954263543,True,State|City,2814,335,20,158686,,,
Victim Sex,named_n>=5000,graphsage_geo_blind_mb,graphsage_fairloss_a100_mb,tpr,gap,0.01707941708762728,0.01216043936135546,0.02163173375468139,True,State|City,2814,335,20,158686,,,
Victim Sex,named_n>=5000,graphsage_geo_blind_mb,graphsage_fairloss_a100_mb,tpr,amplification,0.26479003590854777,0.1888630228361515,0.34451371486787163,True,State|City,2814,335,20,158686,,,
Victim Sex,named_n>=5000,graphsage_geo_blind_mb,graphsage_fairloss_a100_mb,fpr,gap,-0.008589550324911321,-0.02432926237072427,0.009661467912972543,False,State|City,2814,335,20,158686,,,
Victim Sex,named_n>=5000,graphsage_geo_blind_mb,graphsage_fairloss_a100_mb,fpr,amplification,-0.1331677379445927,-0.38087017451357374,0.15371650339170562,False,State|City,2814,335,20,158686,,,
Victim Sex,named_n>=5000,graphsage_geo_blind_mb,graphsage_fairloss_a100_mb,selection_rate,signed_gap,-0.019066125200048245,-0.02289853673094698,-0.01514138875658021,True,State|City,2814,335,20,158686,Male-Female,-0.038679601153334575,-0.01961347595328633
Victim Sex,named_n>=5000,graphsage_geo_blind_mb,graphsage_fairloss_a100_mb,tpr,signed_gap,-0.01707941708762728,-0.02163173375468139,-0.012160439361355461,True,State|City,2814,335,20,158686,Male-Female,-0.033246145751984146,-0.016166728664356866
Victim Sex,named_n>=5000,graphsage_geo_blind_mb,graphsage_fairloss_a100_mb,fpr,signed_gap,-0.022392091085670363,-0.029993461999258533,-0.01492955480820258,True,State|City,2814,335,20,158686,Male-Female,-0.0069012703803795206,0.015490820705290842
Victim Sex,named_n>=5000,graphsage_geo_blind_mb,graphsage_fairloss_a100_mb,selection_rate,gap,0.018976882548686902,0.015258025854196852,0.02293069336934321,True,State|City,2814,242,30,151094,,,
Victim Sex,named_n>=5000,graphsage_geo_blind_mb,graphsage_fairloss_a100_mb,selection_rate,amplification,0.2843014592481591,0.2256824751670036,0.3496640151524709,True,State|City,2814,242,30,151094,,,
Victim Sex,named_n>=5000,graphsage_geo_blind_mb,graphsage_fairloss_a100_mb,tpr,gap,0.016867440473230744,0.012239034412182017,0.021699822155576077,True,State|City,2814,242,30,151094,,,
Victim Sex,named_n>=5000,graphsage_geo_blind_mb,graphsage_fairloss_a100_mb,tpr,amplification,0.252698931345432,0.18130753324855226,0.3334966706021491,True,State|City,2814,242,30,151094,,,
Victim Sex,named_n>=5000,graphsage_geo_blind_mb,graphsage_fairloss_a100_mb,fpr,gap,0.00017070978921435165,-0.020783529684079465,0.01820120825881557,False,State|City,2814,242,30,151094,,,
Victim Sex,named_n>=5000,graphsage_geo_blind_mb,graphsage_fairloss_a100_mb,fpr,amplification,0.0025574823502790833,-0.31320996385777833,0.27392247659591074,False,State|City,2814,242,30,151094,,,
Victim Sex,named_n>=5000,graphsage_geo_blind_mb,graphsage_fairloss_a100_mb,selection_rate,signed_gap,-0.018976882548686902,-0.02293069336934321,-0.015258025854196855,True,State|City,2814,242,30,151094,Male-Female,-0.04078757941925226,-0.02181069687056536
Victim Sex,named_n>=5000,graphsage_geo_blind_mb,graphsage_fairloss_a100_mb,tpr,signed_gap,-0.016867440473230744,-0.021699822155576084,-0.012239034412182017,True,State|City,2814,242,30,151094,Male-Female,-0.034493521338781696,-0.017626080865550953
Victim Sex,named_n>=5000,graphsage_geo_blind_mb,graphsage_fairloss_a100_mb,fpr,signed_gap,-0.022486126359941128,-0.030124609905374543,-0.01553026388086284,True,State|City,2814,242,30,151094,Male-Female,-0.01132841807457774,0.011157708285363388
Victim Sex,named_n>=5000,graphsage_geo_blind_mb,graphsage_fairloss_a100_mb,selection_rate,gap,0.019043954267809193,0.01463859819778935,0.0234218205947942,True,State|City,2814,156,50,139592,,,
Victim Sex,named_n>=5000,graphsage_geo_blind_mb,graphsage_fairloss_a100_mb,selection_rate,amplification,0.26653031815167505,0.20475615038308734,0.3312754202282907,True,State|City,2814,156,50,139592,,,
Victim Sex,named_n>=5000,graphsage_geo_blind_mb,graphsage_fairloss_a100_mb,tpr,gap,0.01696970701133993,0.01201519070890969,0.02222479507916381,True,State|City,2814,156,50,139592,,,
Victim Sex,named_n>=5000,graphsage_geo_blind_mb,graphsage_fairloss_a100_mb,tpr,amplification,0.23750011920152853,0.16573363018847517,0.30981948330306475,True,State|City,2814,156,50,139592,,,
Victim Sex,named_n>=5000,graphsage_geo_blind_mb,graphsage_fairloss_a100_mb,fpr,gap,0.005372085676198013,-0.014725490448831905,0.022701095233486342,False,State|City,2814,156,50,139592,,,
Victim Sex,named_n>=5000,graphsage_geo_blind_mb,graphsage_fairloss_a100_mb,fpr,amplification,0.07518521018690877,-0.20324446060479234,0.31377736233293807,False,State|City,2814,156,50,139592,,,
Victim Sex,named_n>=5000,graphsage_geo_blind_mb,graphsage_fairloss_a100_mb,selection_rate,signed_gap,-0.019043954267809193,-0.023421820594794203,-0.014638598197789352,True,State|City,2814,156,50,139592,Male-Female,-0.043979159265348455,-0.024935204997539262
Victim Sex,named_n>=5000,graphsage_geo_blind_mb,graphsage_fairloss_a100_mb,tpr,signed_gap,-0.01696970701133993,-0.022224795079163813,-0.01201519070890969,True,State|City,2814,156,50,139592,Male-Female,-0.03682116331789986,-0.019851456306559934
Victim Sex,named_n>=5000,graphsage_geo_blind_mb,graphsage_fairloss_a100_mb,fpr,signed_gap,-0.02252083180292147,-0.030451129652631942,-0.01398181068306108,True,State|City,2814,156,50,139592,Male-Female,-0.013946458739559742,0.008574373063361729
Victim Sex,named_all,graphsage_fairloss_a0_mb,graphsage_fairloss_a10_mb,selection_rate,gap,0.021407011707386236,0.018111461614742166,0.02493955257314601,True,State|City,2814,335,20,158686,,,
Victim Sex,named_all,graphsage_fairloss_a0_mb,graphsage_fairloss_a10_mb,selection_rate,amplification,0.33188271997876306,0.27414154475279184,0.3961662835324553,True,State|City,2814,335,20,158686,,,
Victim Sex,named_all,graphsage_fairloss_a0_mb,graphsage_fairloss_a10_mb,tpr,gap,0.016834365138365004,0.012613812537257655,0.02154056810691189,True,State|City,2814,335,20,158686,,,
Victim Sex,named_all,graphsage_fairloss_a0_mb,graphsage_fairloss_a10_mb,tpr,amplification,0.2609908831557514,0.19214236395436896,0.34048747466998064,True,State|City,2814,335,20,158686,,,
Victim Sex,named_all,graphsage_fairloss_a0_mb,graphsage_fairloss_a10_mb,fpr,gap,0.0002752521485842041,-0.021404390074029216,0.01688773156494255,False,State|City,2814,335,20,158686,,,
Victim Sex,named_all,graphsage_fairloss_a0_mb,graphsage_fairloss_a10_mb,fpr,amplification,0.004267360293011113,-0.32455425447595393,0.2614356865630301,False,State|City,2814,335,20,158686,,,
Victim Sex,named_all,graphsage_fairloss_a0_mb,graphsage_fairloss_a10_mb,selection_rate,signed_gap,-0.021407011707386236,-0.024939552573146014,-0.018111461614742166,True,State|City,2814,335,20,158686,Male-Female,-0.044038808529643036,-0.0226317968222568
Victim Sex,named_all,graphsage_fairloss_a0_mb,graphsage_fairloss_a10_mb,tpr,signed_gap,-0.016834365138365004,-0.02154056810691189,-0.012613812537257657,True,State|City,2814,335,20,158686,Male-Female,-0.03733990546843435,-0.02050554033006935
Victim Sex,named_all,graphsage_fairloss_a0_mb,graphsage_fairloss_a10_mb,fpr,signed_gap,-0.03237311855300257,-0.039105674753201224,-0.025687225556480706,True,State|City,2814,335,20,158686,Male-Female,-0.016324185350793385,0.01604893320220918
Victim Sex,named_all,graphsage_fairloss_a0_mb,graphsage_fairloss_a10_mb,selection_rate,gap,0.022016955573875174,0.018731047887491217,0.025497289027458122,True,State|City,2814,242,30,151094,,,
Victim Sex,named_all,graphsage_fairloss_a0_mb,graphsage_fairloss_a10_mb,selection_rate,amplification,0.3298462000697644,0.2729031482513444,0.38940722779398557,True,State|City,2814,242,30,151094,,,
Victim Sex,named_all,graphsage_fairloss_a0_mb,graphsage_fairloss_a10_mb,tpr,gap,0.017455569947784078,0.013036808827115193,0.021979392037197065,True,State|City,2814,242,30,151094,,,
Victim Sex,named_all,graphsage_fairloss_a0_mb,graphsage_fairloss_a10_mb,tpr,amplification,0.2615099711678782,0.19422148196408204,0.3314573965395139,True,State|City,2814,242,30,151094,,,
Victim Sex,named_all,graphsage_fairloss_a0_mb,graphsage_fairloss_a10_mb,fpr,gap,0.009188429736669224,-0.014410726029353718,0.027230698990936907,False,State|City,2814,242,30,151094,,,
Victim Sex,named_all,graphsage_fairloss_a0_mb,graphsage_fairloss_a10_mb,fpr,amplification,0.13765611794414537,-0.20954285610287127,0.41183088288595043,False,State|City,2814,242,30,151094,,,
Victim Sex,named_all,graphsage_fairloss_a0_mb,graphsage_fairloss_a10_mb,selection_rate,signed_gap,-0.022016955573875174,-0.025497289027458122,-0.018731047887491217,True,State|City,2814,242,30,151094,Male-Female,-0.0464600334787757,-0.024443077904900523
Victim Sex,named_all,graphsage_fairloss_a0_mb,graphsage_fairloss_a10_mb,tpr,signed_gap,-0.017455569947784078,-0.021979392037197065,-0.013036808827115194,True,State|City,2814,242,30,151094,Male-Female,-0.03894702969503139,-0.02149145974724731
Victim Sex,named_all,graphsage_fairloss_a0_mb,graphsage_fairloss_a10_mb,fpr,signed_gap,-0.032611394437007335,-0.03962348352265528,-0.025713245380900147,True,State|City,2814,242,30,151094,Male-Female,-0.02089991208683828,0.011711482350169056
Victim Sex,named_all,graphsage_fairloss_a0_mb,graphsage_fairloss_a10_mb,selection_rate,gap,0.02190891810590334,0.01816462780106156,0.02549841848590343,True,State|City,2814,156,50,139592,,,
Victim Sex,named_all,graphsage_fairloss_a0_mb,graphsage_fairloss_a10_mb,selection_rate,amplification,0.30662701826563316,0.2535917961047607,0.36676210851353497,True,State|City,2814,156,50,139592,,,
Victim Sex,named_all,graphsage_fairloss_a0_mb,graphsage_fairloss_a10_mb,tpr,gap,0.017497092292093064,0.012845020363872786,0.022095653661503473,True,State|City,2814,156,50,139592,,,
Victim Sex,named_all,graphsage_fairloss_a0_mb,graphsage_fairloss_a10_mb,tpr,amplification,0.24488115807039657,0.17916097711591994,0.31557585727830817,True,State|City,2814,156,50,139592,,,
Victim Sex,named_all,graphsage_fairloss_a0_mb,graphsage_fairloss_a10_mb,fpr,gap,0.013503778298716906,-0.009478151631574495,0.031327022141387,False,State|City,2814,156,50,139592,,,
Victim Sex,named_all,graphsage_fairloss_a0_mb,graphsage_fairloss_a10_mb,fpr,amplification,0.18899259447868588,-0.1313588062498452,0.4410864262348152,False,State|City,2814,156,50,139592,,,
Victim Sex,named_all,graphsage_fairloss_a0_mb,graphsage_fairloss_a10_mb,selection_rate,signed_gap,-0.02190891810590334,-0.02549841848590343,-0.01816462780106156,True,State|City,2814,156,50,139592,Male-Female,-0.04938656108728223,-0.02747764298137889
Victim Sex,named_all,graphsage_fairloss_a0_mb,graphsage_fairloss_a10_mb,tpr,signed_gap,-0.017497092292093064,-0.022095653661503473,-0.012845020363872788,True,State|City,2814,156,50,139592,Male-Female,-0.041189497743817194,-0.02369240545172413
Victim Sex,named_all,graphsage_fairloss_a0_mb,graphsage_fairloss_a10_mb,fpr,signed_gap,-0.03203588268018781,-0.038939836369136456,-0.025039133073910997,True,State|City,2814,156,50,139592,Male-Female,-0.02276983048945236,0.009266052190735452
Victim Sex,named_n>=5000,graphsage_fairloss_a0_mb,graphsage_fairloss_a10_mb,selection_rate,gap,0.021407011707386236,0.018111461614742166,0.02493955257314601,True,State|City,2814,335,20,158686,,,
Victim Sex,named_n>=5000,graphsage_fairloss_a0_mb,graphsage_fairloss_a10_mb,selection_rate,amplification,0.33188271997876306,0.27414154475279184,0.3961662835324553,True,State|City,2814,335,20,158686,,,
Victim Sex,named_n>=5000,graphsage_fairloss_a0_mb,graphsage_fairloss_a10_mb,tpr,gap,0.016834365138365004,0.012613812537257655,0.02154056810691189,True,State|City,2814,335,20,158686,,,
Victim Sex,named_n>=5000,graphsage_fairloss_a0_mb,graphsage_fairloss_a10_mb,tpr,amplification,0.2609908831557514,0.19214236395436896,0.34048747466998064,True,State|City,2814,335,20,158686,,,
Victim Sex,named_n>=5000,graphsage_fairloss_a0_mb,graphsage_fairloss_a10_mb,fpr,gap,0.0002752521485842041,-0.021404390074029216,0.01688773156494255,False,State|City,2814,335,20,158686,,,
Victim Sex,named_n>=5000,graphsage_fairloss_a0_mb,graphsage_fairloss_a10_mb,fpr,amplification,0.004267360293011113,-0.32455425447595393,0.2614356865630301,False,State|City,2814,335,20,158686,,,
Victim Sex,named_n>=5000,graphsage_fairloss_a0_mb,graphsage_fairloss_a10_mb,selection_rate,signed_gap,-0.021407011707386236,-0.024939552573146014,-0.018111461614742166,True,State|City,2814,335,20,158686,Male-Female,-0.044038808529643036,-0.0226317968222568
Victim Sex,named_n>=5000,graphsage_fairloss_a0_mb,graphsage_fairloss_a10_mb,tpr,signed_gap,-0.016834365138365004,-0.02154056810691189,-0.012613812537257657,True,State|City,2814,335,20,158686,Male-Female,-0.03733990546843435,-0.02050554033006935
Victim Sex,named_n>=5000,graphsage_fairloss_a0_mb,graphsage_fairloss_a10_mb,fpr,signed_gap,-0.03237311855300257,-0.039105674753201224,-0.025687225556480706,True,State|City,2814,335,20,158686,Male-Female,-0.016324185350793385,0.01604893320220918
Victim Sex,named_n>=5000,graphsage_fairloss_a0_mb,graphsage_fairloss_a10_mb,selection_rate,gap,0.022016955573875174,0.018731047887491217,0.025497289027458122,True,State|City,2814,242,30,151094,,,
Victim Sex,named_n>=5000,graphsage_fairloss_a0_mb,graphsage_fairloss_a10_mb,selection_rate,amplification,0.3298462000697644,0.2729031482513444,0.38940722779398557,True,State|City,2814,242,30,151094,,,
Victim Sex,named_n>=5000,graphsage_fairloss_a0_mb,graphsage_fairloss_a10_mb,tpr,gap,0.017455569947784078,0.013036808827115193,0.021979392037197065,True,State|City,2814,242,30,151094,,,
Victim Sex,named_n>=5000,graphsage_fairloss_a0_mb,graphsage_fairloss_a10_mb,tpr,amplification,0.2615099711678782,0.19422148196408204,0.3314573965395139,True,State|City,2814,242,30,151094,,,
Victim Sex,named_n>=5000,graphsage_fairloss_a0_mb,graphsage_fairloss_a10_mb,fpr,gap,0.009188429736669224,-0.014410726029353718,0.027230698990936907,False,State|City,2814,242,30,151094,,,
Victim Sex,named_n>=5000,graphsage_fairloss_a0_mb,graphsage_fairloss_a10_mb,fpr,amplification,0.13765611794414537,-0.20954285610287127,0.41183088288595043,False,State|City,2814,242,30,151094,,,
Victim Sex,named_n>=5000,graphsage_fairloss_a0_mb,graphsage_fairloss_a10_mb,selection_rate,signed_gap,-0.022016955573875174,-0.025497289027458122,-0.018731047887491217,True,State|City,2814,242,30,151094,Male-Female,-0.0464600334787757,-0.024443077904900523
Victim Sex,named_n>=5000,graphsage_fairloss_a0_mb,graphsage_fairloss_a10_mb,tpr,signed_gap,-0.017455569947784078,-0.021979392037197065,-0.013036808827115194,True,State|City,2814,242,30,151094,Male-Female,-0.03894702969503139,-0.02149145974724731
Victim Sex,named_n>=5000,graphsage_fairloss_a0_mb,graphsage_fairloss_a10_mb,fpr,signed_gap,-0.032611394437007335,-0.03962348352265528,-0.025713245380900147,True,State|City,2814,242,30,151094,Male-Female,-0.02089991208683828,0.011711482350169056
Victim Sex,named_n>=5000,graphsage_fairloss_a0_mb,graphsage_fairloss_a10_mb,selection_rate,gap,0.02190891810590334,0.01816462780106156,0.02549841848590343,True,State|City,2814,156,50,139592,,,
Victim Sex,named_n>=5000,graphsage_fairloss_a0_mb,graphsage_fairloss_a10_mb,selection_rate,amplification,0.30662701826563316,0.2535917961047607,0.36676210851353497,True,State|City,2814,156,50,139592,,,
Victim Sex,named_n>=5000,graphsage_fairloss_a0_mb,graphsage_fairloss_a10_mb,tpr,gap,0.017497092292093064,0.012845020363872786,0.022095653661503473,True,State|City,2814,156,50,139592,,,
Victim Sex,named_n>=5000,graphsage_fairloss_a0_mb,graphsage_fairloss_a10_mb,tpr,amplification,0.24488115807039657,0.17916097711591994,0.31557585727830817,True,State|City,2814,156,50,139592,,,
Victim Sex,named_n>=5000,graphsage_fairloss_a0_mb,graphsage_fairloss_a10_mb,fpr,gap,0.013503778298716906,-0.009478151631574495,0.031327022141387,False,State|City,2814,156,50,139592,,,
Victim Sex,named_n>=5000,graphsage_fairloss_a0_mb,graphsage_fairloss_a10_mb,fpr,amplification,0.18899259447868588,-0.1313588062498452,0.4410864262348152,False,State|City,2814,156,50,139592,,,
Victim Sex,named_n>=5000,graphsage_fairloss_a0_mb,graphsage_fairloss_a10_mb,selection_rate,signed_gap,-0.02190891810590334,-0.02549841848590343,-0.01816462780106156,True,State|City,2814,156,50,139592,Male-Female,-0.04938656108728223,-0.02747764298137889
Victim Sex,named_n>=5000,graphsage_fairloss_a0_mb,graphsage_fairloss_a10_mb,tpr,signed_gap,-0.017497092292093064,-0.022095653661503473,-0.012845020363872788,True,State|City,2814,156,50,139592,Male-Female,-0.041189497743817194,-0.02369240545172413
Victim Sex,named_n>=5000,graphsage_fairloss_a0_mb,graphsage_fairloss_a10_mb,fpr,signed_gap,-0.03203588268018781,-0.038939836369136456,-0.025039133073910997,True,State|City,2814,156,50,139592,Male-Female,-0.02276983048945236,0.009266052190735452
Victim Sex,named_all,graphsage_fairloss_a0_mb,graphsage_fairloss_a25_mb,selection_rate,gap,0.022749330413631808,0.019360959872540533,0.026331312756273057,True,State|City,2814,335,20,158686,,,
Victim Sex,named_all,graphsage_fairloss_a0_mb,graphsage_fairloss_a25_mb,selection_rate,amplification,0.3526933024830667,0.2895970038503494,0.4188279879593594,True,State|City,2814,335,20,158686,,,
Victim Sex,named_all,graphsage_fairloss_a0_mb,graphsage_fairloss_a25_mb,tpr,gap,0.018838467119858815,0.014397867385807691,0.02313992937500159,True,State|City,2814,335,20,158686,,,
Victim Sex,named_all,graphsage_fairloss_a0_mb,graphsage_fairloss_a25_mb,tpr,amplification,0.2920613952769505,0.21929932514140255,0.36436940878831786,True,State|City,2814,335,20,158686,,,
Victim Sex,named_all,graphsage_fairloss_a0_mb,graphsage_fairloss_a25_mb,fpr,gap,-0.0011621210020582584,-0.023811907487271144,0.016437659543462373,False,State|City,2814,335,20,158686,,,
Victim Sex,named_all,graphsage_fairloss_a0_mb,graphsage_fairloss_a25_mb,fpr,amplification,-0.018016894855738486,-0.37340674530632195,0.25887607976360283,False,State|City,2814,335,20,158686,,,
Victim Sex,named_all,graphsage_fairloss_a0_mb,graphsage_fairloss_a25_mb,selection_rate,signed_gap,-0.022749330413631808,-0.026331312756273057,-0.019360959872540533,True,State|City,2814,335,20,158686,Male-Female,-0.044038808529643036,-0.02128947811601123
Victim Sex,named_all,graphsage_fairloss_a0_mb,graphsage_fairloss_a25_mb,tpr,signed_gap,-0.018838467119858815,-0.023139929375001592,-0.014397867385807693,True,State|City,2814,335,20,158686,Male-Female,-0.03733990546843435,-0.01850143834857554
Victim Sex,named_all,graphsage_fairloss_a0_mb,graphsage_fairloss_a25_mb,fpr,signed_gap,-0.03381049170364503,-0.04056662308158055,-0.026926452916883874,True,State|City,2814,335,20,158686,Male-Female,-0.016324185350793385,0.017486306352851644
Victim Sex,named_all,graphsage_fairloss_a0_mb,graphsage_fairloss_a25_mb,selection_rate,gap,0.023357944940728625,0.01959392990849974,0.026946424852428093,True,State|City,2814,242,30,151094,,,
Victim Sex,named_all,graphsage_fairloss_a0_mb,graphsage_fairloss_a25_mb,selection_rate,amplification,0.3499361823339525,0.2889640515924585,0.41662372772312933,True,State|City,2814,242,30,151094,,,
Victim Sex,named_all,graphsage_fairloss_a0_mb,graphsage_fairloss_a25_mb,tpr,gap,0.019329928346249248,0.014789650172714506,0.023676167547728708,True,State|City,2814,242,30,151094,,,
Victim Sex,named_all,graphsage_fairloss_a0_mb,graphsage_fairloss_a25_mb,tpr,amplification,0.28959060171773443,0.220766546409165,0.3618927214954932,True,State|City,2814,242,30,151094,,,
Victim Sex,named_all,graphsage_fairloss_a0_mb,graphsage_fairloss_a25_mb,fpr,gap,0.007278390013201963,-0.012522084997943314,0.024605977157701554,False,State|City,2814,242,30,151094,,,
Victim Sex,named_all,graphsage_fairloss_a0_mb,graphsage_fairloss_a25_mb,fpr,amplification,0.10904092895245995,-0.18871030232284608,0.3814349011473345,False,State|City,2814,242,30,151094,,,
Victim Sex,named_all,graphsage_fairloss_a0_mb,graphsage_fairloss_a25_mb,selection_rate,signed_gap,-0.023357944940728625,-0.026946424852428093,-0.01959392990849974,True,State|City,2814,242,30,151094,Male-Female,-0.0464600334787757,-0.023102088538047072
Victim Sex,named_all,graphsage_fairloss_a0_mb,graphsage_fairloss_a25_mb,tpr,signed_gap,-0.019329928346249248,-0.023676167547728708,-0.014789650172714506,True,State|City,2814,242,30,151094,Male-Female,-0.03894702969503139,-0.01961710134878214
Victim Sex,named_all,graphsage_fairloss_a0_mb,graphsage_fairloss_a25_mb,fpr,signed_gap,-0.034521434160474596,-0.041308055110894235,-0.027494881886545166,True,State|City,2814,242,30,151094,Male-Female,-0.02089991208683828,0.013621522073636316
Victim Sex,named_all,graphsage_fairloss_a0_mb,graphsage_fairloss_a25_mb,selection_rate,gap,0.023161237196198226,0.019255652096622042,0.02695499733703394,True,State|City,2814,156,50,139592,,,
Victim Sex,named_all,graphsage_fairloss_a0_mb,graphsage_fairloss_a25_mb,selection_rate,amplification,0.3241538932449496,0.26523280576406905,0.3872257637800481,True,State|City,2814,156,50,139592,,,
Victim Sex,named_all,graphsage_fairloss_a0_mb,graphsage_fairloss_a25_mb,tpr,gap,0.019276294945198225,0.01437654598122726,0.024035245886348023,True,State|City,2814,156,50,139592,,,
Victim Sex,named_all,graphsage_fairloss_a0_mb,graphsage_fairloss_a25_mb,tpr,amplification,0.269782050107824,0.19978220333829447,0.3397179751025894,True,State|City,2814,156,50,139592,,,
Victim Sex,named_all,graphsage_fairloss_a0_mb,graphsage_fairloss_a25_mb,fpr,gap,0.011661503226212344,-0.009801043508879068,0.030952931797170923,False,State|City,2814,156,50,139592,,,
Victim Sex,named_all,graphsage_fairloss_a0_mb,graphsage_fairloss_a25_mb,fpr,amplification,0.16320897022227096,-0.13795265071597085,0.4283886749977897,False,State|City,2814,156,50,139592,,,
Victim Sex,named_all,graphsage_fairloss_a0_mb,graphsage_fairloss_a25_mb,selection_rate,signed_gap,-0.023161237196198226,-0.026954997337033944,-0.019255652096622042,True,State|City,2814,156,50,139592,Male-Female,-0.04938656108728223,-0.026225323891084007
Victim Sex,named_all,graphsage_fairloss_a0_mb,graphsage_fairloss_a25_mb,tpr,signed_gap,-0.019276294945198225,-0.024035245886348023,-0.01437654598122726,True,State|City,2814,156,50,139592,Male-Female,-0.041189497743817194,-0.02191320279861897
Victim Sex,named_all,graphsage_fairloss_a0_mb,graphsage_fairloss_a25_mb,fpr,signed_gap,-0.03387815775269237,-0.040812073884002105,-0.02628948176221547,True,State|City,2814,156,50,139592,Male-Female,-0.02276983048945236,0.011108327263240014
Victim Sex,named_n>=5000,graphsage_fairloss_a0_mb,graphsage_fairloss_a25_mb,selection_rate,gap,0.022749330413631808,0.019360959872540533,0.026331312756273057,True,State|City,2814,335,20,158686,,,
Victim Sex,named_n>=5000,graphsage_fairloss_a0_mb,graphsage_fairloss_a25_mb,selection_rate,amplification,0.3526933024830667,0.2895970038503494,0.4188279879593594,True,State|City,2814,335,20,158686,,,
Victim Sex,named_n>=5000,graphsage_fairloss_a0_mb,graphsage_fairloss_a25_mb,tpr,gap,0.018838467119858815,0.014397867385807691,0.02313992937500159,True,State|City,2814,335,20,158686,,,
Victim Sex,named_n>=5000,graphsage_fairloss_a0_mb,graphsage_fairloss_a25_mb,tpr,amplification,0.2920613952769505,0.21929932514140255,0.36436940878831786,True,State|City,2814,335,20,158686,,,
Victim Sex,named_n>=5000,graphsage_fairloss_a0_mb,graphsage_fairloss_a25_mb,fpr,gap,-0.0011621210020582584,-0.023811907487271144,0.016437659543462373,False,State|City,2814,335,20,158686,,,
Victim Sex,named_n>=5000,graphsage_fairloss_a0_mb,graphsage_fairloss_a25_mb,fpr,amplification,-0.018016894855738486,-0.37340674530632195,0.25887607976360283,False,State|City,2814,335,20,158686,,,
Victim Sex,named_n>=5000,graphsage_fairloss_a0_mb,graphsage_fairloss_a25_mb,selection_rate,signed_gap,-0.022749330413631808,-0.026331312756273057,-0.019360959872540533,True,State|City,2814,335,20,158686,Male-Female,-0.044038808529643036,-0.02128947811601123
Victim Sex,named_n>=5000,graphsage_fairloss_a0_mb,graphsage_fairloss_a25_mb,tpr,signed_gap,-0.018838467119858815,-0.023139929375001592,-0.014397867385807693,True,State|City,2814,335,20,158686,Male-Female,-0.03733990546843435,-0.01850143834857554
Victim Sex,named_n>=5000,graphsage_fairloss_a0_mb,graphsage_fairloss_a25_mb,fpr,signed_gap,-0.03381049170364503,-0.04056662308158055,-0.026926452916883874,True,State|City,2814,335,20,158686,Male-Female,-0.016324185350793385,0.017486306352851644
Victim Sex,named_n>=5000,graphsage_fairloss_a0_mb,graphsage_fairloss_a25_mb,selection_rate,gap,0.023357944940728625,0.01959392990849974,0.026946424852428093,True,State|City,2814,242,30,151094,,,
Victim Sex,named_n>=5000,graphsage_fairloss_a0_mb,graphsage_fairloss_a25_mb,selection_rate,amplification,0.3499361823339525,0.2889640515924585,0.41662372772312933,True,State|City,2814,242,30,151094,,,
Victim Sex,named_n>=5000,graphsage_fairloss_a0_mb,graphsage_fairloss_a25_mb,tpr,gap,0.019329928346249248,0.014789650172714506,0.023676167547728708,True,State|City,2814,242,30,151094,,,
Victim Sex,named_n>=5000,graphsage_fairloss_a0_mb,graphsage_fairloss_a25_mb,tpr,amplification,0.28959060171773443,0.220766546409165,0.3618927214954932,True,State|City,2814,242,30,151094,,,
Victim Sex,named_n>=5000,graphsage_fairloss_a0_mb,graphsage_fairloss_a25_mb,fpr,gap,0.007278390013201963,-0.012522084997943314,0.024605977157701554,False,State|City,2814,242,30,151094,,,
Victim Sex,named_n>=5000,graphsage_fairloss_a0_mb,graphsage_fairloss_a25_mb,fpr,amplification,0.10904092895245995,-0.18871030232284608,0.3814349011473345,False,State|City,2814,242,30,151094,,,
Victim Sex,named_n>=5000,graphsage_fairloss_a0_mb,graphsage_fairloss_a25_mb,selection_rate,signed_gap,-0.023357944940728625,-0.026946424852428093,-0.01959392990849974,True,State|City,2814,242,30,151094,Male-Female,-0.0464600334787757,-0.023102088538047072
Victim Sex,named_n>=5000,graphsage_fairloss_a0_mb,graphsage_fairloss_a25_mb,tpr,signed_gap,-0.019329928346249248,-0.023676167547728708,-0.014789650172714506,True,State|City,2814,242,30,151094,Male-Female,-0.03894702969503139,-0.01961710134878214
Victim Sex,named_n>=5000,graphsage_fairloss_a0_mb,graphsage_fairloss_a25_mb,fpr,signed_gap,-0.034521434160474596,-0.041308055110894235,-0.027494881886545166,True,State|City,2814,242,30,151094,Male-Female,-0.02089991208683828,0.013621522073636316
Victim Sex,named_n>=5000,graphsage_fairloss_a0_mb,graphsage_fairloss_a25_mb,selection_rate,gap,0.023161237196198226,0.019255652096622042,0.02695499733703394,True,State|City,2814,156,50,139592,,,
Victim Sex,named_n>=5000,graphsage_fairloss_a0_mb,graphsage_fairloss_a25_mb,selection_rate,amplification,0.3241538932449496,0.26523280576406905,0.3872257637800481,True,State|City,2814,156,50,139592,,,
Victim Sex,named_n>=5000,graphsage_fairloss_a0_mb,graphsage_fairloss_a25_mb,tpr,gap,0.019276294945198225,0.01437654598122726,0.024035245886348023,True,State|City,2814,156,50,139592,,,
Victim Sex,named_n>=5000,graphsage_fairloss_a0_mb,graphsage_fairloss_a25_mb,tpr,amplification,0.269782050107824,0.19978220333829447,0.3397179751025894,True,State|City,2814,156,50,139592,,,
Victim Sex,named_n>=5000,graphsage_fairloss_a0_mb,graphsage_fairloss_a25_mb,fpr,gap,0.011661503226212344,-0.009801043508879068,0.030952931797170923,False,State|City,2814,156,50,139592,,,
Victim Sex,named_n>=5000,graphsage_fairloss_a0_mb,graphsage_fairloss_a25_mb,fpr,amplification,0.16320897022227096,-0.13795265071597085,0.4283886749977897,False,State|City,2814,156,50,139592,,,
Victim Sex,named_n>=5000,graphsage_fairloss_a0_mb,graphsage_fairloss_a25_mb,selection_rate,signed_gap,-0.023161237196198226,-0.026954997337033944,-0.019255652096622042,True,State|City,2814,156,50,139592,Male-Female,-0.04938656108728223,-0.026225323891084007
Victim Sex,named_n>=5000,graphsage_fairloss_a0_mb,graphsage_fairloss_a25_mb,tpr,signed_gap,-0.019276294945198225,-0.024035245886348023,-0.01437654598122726,True,State|City,2814,156,50,139592,Male-Female,-0.041189497743817194,-0.02191320279861897
Victim Sex,named_n>=5000,graphsage_fairloss_a0_mb,graphsage_fairloss_a25_mb,fpr,signed_gap,-0.03387815775269237,-0.040812073884002105,-0.02628948176221547,True,State|City,2814,156,50,139592,Male-Female,-0.02276983048945236,0.011108327263240014
Victim Sex,named_all,graphsage_fairloss_a0_mb,graphsage_fairloss_a50_mb,selection_rate,gap,0.020204065423161444,0.01667291778390869,0.02395983507721147,True,State|City,2814,335,20,158686,,,
Victim Sex,named_all,graphsage_fairloss_a0_mb,graphsage_fairloss_a50_mb,selection_rate,amplification,0.313232892050696,0.2551192643439446,0.3805984124659128,True,State|City,2814,335,20,158686,,,
Victim Sex,named_all,graphsage_fairloss_a0_mb,graphsage_fairloss_a50_mb,tpr,gap,0.016659773425988234,0.012378385178446128,0.02108346776412445,True,State|City,2814,335,20,158686,,,
Victim Sex,named_all,graphsage_fairloss_a0_mb,graphsage_fairloss_a50_mb,tpr,amplification,0.25828410776919153,0.1900314878022575,0.3313124226003619,True,State|City,2814,335,20,158686,,,
Victim Sex,named_all,graphsage_fairloss_a0_mb,graphsage_fairloss_a50_mb,fpr,gap,0.0037379499827305263,-0.018613224247107058,0.021860738275641316,False,State|City,2814,335,20,158686,,,
Victim Sex,named_all,graphsage_fairloss_a0_mb,graphsage_fairloss_a50_mb,fpr,amplification,0.05795115284517441,-0.2882833039085101,0.34493283209238906,False,State|City,2814,335,20,158686,,,
Victim Sex,named_all,graphsage_fairloss_a0_mb,graphsage_fairloss_a50_mb,selection_rate,signed_gap,-0.020204065423161444,-0.02395983507721147,-0.01667291778390869,True,State|City,2814,335,20,158686,Male-Female,-0.044038808529643036,-0.023834743106481593
Victim Sex,named_all,graphsage_fairloss_a0_mb,graphsage_fairloss_a50_mb,tpr,signed_gap,-0.016659773425988234,-0.02108346776412445,-0.012378385178446128,True,State|City,2814,335,20,158686,Male-Female,-0.03733990546843435,-0.02068013204244612
Victim Sex,named_all,graphsage_fairloss_a0_mb,graphsage_fairloss_a50_mb,fpr,signed_gap,-0.028910420718856245,-0.03620951919609138,-0.022102941191355818,True,State|City,2814,335,20,158686,Male-Female,-0.016324185350793385,0.01258623536806286
Victim Sex,named_all,graphsage_fairloss_a0_mb,graphsage_fairloss_a50_mb,selection_rate,gap,0.02042865294389573,0.016537493586826456,0.024409968116652612,True,State|City,2814,242,30,151094,,,
Victim Sex,named_all,graphsage_fairloss_a0_mb,graphsage_fairloss_a50_mb,selection_rate,amplification,0.3060511033634252,0.24546079478636534,0.3728587625195024,True,State|City,2814,242,30,151094,,,
Victim Sex,named_all,graphsage_fairloss_a0_mb,graphsage_fairloss_a50_mb,tpr,gap,0.016732816754108093,0.012162557231706898,0.021942657028549122,True,State|City,2814,242,30,151094,,,
Victim Sex,named_all,graphsage_fairloss_a0_mb,graphsage_fairloss_a50_mb,tpr,amplification,0.25068207111047036,0.17936503959617983,0.3283264093425018,True,State|City,2814,242,30,151094,,,
Victim Sex,named_all,graphsage_fairloss_a0_mb,graphsage_fairloss_a50_mb,fpr,gap,0.012204308756642801,-0.009310705338988215,0.0290369464203667,False,State|City,2814,242,30,151094,,,
Victim Sex,named_all,graphsage_fairloss_a0_mb,graphsage_fairloss_a50_mb,fpr,amplification,0.18283839717755532,-0.13970371570810738,0.4401619535151008,False,State|City,2814,242,30,151094,,,
Victim Sex,named_all,graphsage_fairloss_a0_mb,graphsage_fairloss_a50_mb,selection_rate,signed_gap,-0.02042865294389573,-0.024409968116652612,-0.016537493586826456,True,State|City,2814,242,30,151094,Male-Female,-0.0464600334787757,-0.026031380534879967
Victim Sex,named_all,graphsage_fairloss_a0_mb,graphsage_fairloss_a50_mb,tpr,signed_gap,-0.016732816754108093,-0.021942657028549122,-0.012162557231706898,True,State|City,2814,242,30,151094,Male-Female,-0.03894702969503139,-0.022214212940923295
Victim Sex,named_all,graphsage_fairloss_a0_mb,graphsage_fairloss_a50_mb,fpr,signed_gap,-0.029595515417033758,-0.036512037064389276,-0.02218650992823646,True,State|City,2814,242,30,151094,Male-Female,-0.02089991208683828,0.008695603330195478
Victim Sex,named_all,graphsage_fairloss_a0_mb,graphsage_fairloss_a50_mb,selection_rate,gap,0.020071959598975453,0.016208418106936077,0.023998055537673032,True,State|City,2814,156,50,139592,,,
Victim Sex,named_all,graphsage_fairloss_a0_mb,graphsage_fairloss_a50_mb,selection_rate,amplification,0.2809178021859392,0.22379524696111172,0.3427363894023896,True,State|City,2814,156,50,139592,,,
Victim Sex,named_all,graphsage_fairloss_a0_mb,graphsage_fairloss_a50_mb,tpr,gap,0.016450760123134622,0.011708606533924701,0.02122626562792703,True,State|City,2814,156,50,139592,,,
Victim Sex,named_all,graphsage_fairloss_a0_mb,graphsage_fairloss_a50_mb,tpr,amplification,0.23023718014632505,0.1652609315568045,0.2994669565313106,True,State|City,2814,156,50,139592,,,
Victim Sex,named_all,graphsage_fairloss_a0_mb,graphsage_fairloss_a50_mb,fpr,gap,0.015953909089883034,-0.004779251994392489,0.03027759776337126,False,State|City,2814,156,50,139592,,,
Victim Sex,named_all,graphsage_fairloss_a0_mb,graphsage_fairloss_a50_mb,fpr,amplification,0.2232834843904819,-0.06612806073504629,0.43391479572156766,False,State|City,2814,156,50,139592,,,
Victim Sex,named_all,graphsage_fairloss_a0_mb,graphsage_fairloss_a50_mb,selection_rate,signed_gap,-0.020071959598975453,-0.023998055537673032,-0.016208418106936077,True,State|City,2814,156,50,139592,Male-Female,-0.04938656108728223,-0.02931460148830678
Victim Sex,named_all,graphsage_fairloss_a0_mb,graphsage_fairloss_a50_mb,tpr,signed_gap,-0.016450760123134622,-0.02122626562792703,-0.011708606533924701,True,State|City,2814,156,50,139592,Male-Female,-0.041189497743817194,-0.02473873762068257
Victim Sex,named_all,graphsage_fairloss_a0_mb,graphsage_fairloss_a50_mb,fpr,signed_gap,-0.029585751889021683,-0.037027796861402826,-0.021980641692394942,True,State|City,2814,156,50,139592,Male-Female,-0.02276983048945236,0.006815921399569325
Victim Sex,named_n>=5000,graphsage_fairloss_a0_mb,graphsage_fairloss_a50_mb,selection_rate,gap,0.020204065423161444,0.01667291778390869,0.02395983507721147,True,State|City,2814,335,20,158686,,,
Victim Sex,named_n>=5000,graphsage_fairloss_a0_mb,graphsage_fairloss_a50_mb,selection_rate,amplification,0.313232892050696,0.2551192643439446,0.3805984124659128,True,State|City,2814,335,20,158686,,,
Victim Sex,named_n>=5000,graphsage_fairloss_a0_mb,graphsage_fairloss_a50_mb,tpr,gap,0.016659773425988234,0.012378385178446128,0.02108346776412445,True,State|City,2814,335,20,158686,,,
Victim Sex,named_n>=5000,graphsage_fairloss_a0_mb,graphsage_fairloss_a50_mb,tpr,amplification,0.25828410776919153,0.1900314878022575,0.3313124226003619,True,State|City,2814,335,20,158686,,,
Victim Sex,named_n>=5000,graphsage_fairloss_a0_mb,graphsage_fairloss_a50_mb,fpr,gap,0.0037379499827305263,-0.018613224247107058,0.021860738275641316,False,State|City,2814,335,20,158686,,,
Victim Sex,named_n>=5000,graphsage_fairloss_a0_mb,graphsage_fairloss_a50_mb,fpr,amplification,0.05795115284517441,-0.2882833039085101,0.34493283209238906,False,State|City,2814,335,20,158686,,,
Victim Sex,named_n>=5000,graphsage_fairloss_a0_mb,graphsage_fairloss_a50_mb,selection_rate,signed_gap,-0.020204065423161444,-0.02395983507721147,-0.01667291778390869,True,State|City,2814,335,20,158686,Male-Female,-0.044038808529643036,-0.023834743106481593
Victim Sex,named_n>=5000,graphsage_fairloss_a0_mb,graphsage_fairloss_a50_mb,tpr,signed_gap,-0.016659773425988234,-0.02108346776412445,-0.012378385178446128,True,State|City,2814,335,20,158686,Male-Female,-0.03733990546843435,-0.02068013204244612
Victim Sex,named_n>=5000,graphsage_fairloss_a0_mb,graphsage_fairloss_a50_mb,fpr,signed_gap,-0.028910420718856245,-0.03620951919609138,-0.022102941191355818,True,State|City,2814,335,20,158686,Male-Female,-0.016324185350793385,0.01258623536806286
Victim Sex,named_n>=5000,graphsage_fairloss_a0_mb,graphsage_fairloss_a50_mb,selection_rate,gap,0.02042865294389573,0.016537493586826456,0.024409968116652612,True,State|City,2814,242,30,151094,,,
Victim Sex,named_n>=5000,graphsage_fairloss_a0_mb,graphsage_fairloss_a50_mb,selection_rate,amplification,0.3060511033634252,0.24546079478636534,0.3728587625195024,True,State|City,2814,242,30,151094,,,
Victim Sex,named_n>=5000,graphsage_fairloss_a0_mb,graphsage_fairloss_a50_mb,tpr,gap,0.016732816754108093,0.012162557231706898,0.021942657028549122,True,State|City,2814,242,30,151094,,,
Victim Sex,named_n>=5000,graphsage_fairloss_a0_mb,graphsage_fairloss_a50_mb,tpr,amplification,0.25068207111047036,0.17936503959617983,0.3283264093425018,True,State|City,2814,242,30,151094,,,
Victim Sex,named_n>=5000,graphsage_fairloss_a0_mb,graphsage_fairloss_a50_mb,fpr,gap,0.012204308756642801,-0.009310705338988215,0.0290369464203667,False,State|City,2814,242,30,151094,,,
Victim Sex,named_n>=5000,graphsage_fairloss_a0_mb,graphsage_fairloss_a50_mb,fpr,amplification,0.18283839717755532,-0.13970371570810738,0.4401619535151008,False,State|City,2814,242,30,151094,,,
Victim Sex,named_n>=5000,graphsage_fairloss_a0_mb,graphsage_fairloss_a50_mb,selection_rate,signed_gap,-0.02042865294389573,-0.024409968116652612,-0.016537493586826456,True,State|City,2814,242,30,151094,Male-Female,-0.0464600334787757,-0.026031380534879967
Victim Sex,named_n>=5000,graphsage_fairloss_a0_mb,graphsage_fairloss_a50_mb,tpr,signed_gap,-0.016732816754108093,-0.021942657028549122,-0.012162557231706898,True,State|City,2814,242,30,151094,Male-Female,-0.03894702969503139,-0.022214212940923295
Victim Sex,named_n>=5000,graphsage_fairloss_a0_mb,graphsage_fairloss_a50_mb,fpr,signed_gap,-0.029595515417033758,-0.036512037064389276,-0.02218650992823646,True,State|City,2814,242,30,151094,Male-Female,-0.02089991208683828,0.008695603330195478
Victim Sex,named_n>=5000,graphsage_fairloss_a0_mb,graphsage_fairloss_a50_mb,selection_rate,gap,0.020071959598975453,0.016208418106936077,0.023998055537673032,True,State|City,2814,156,50,139592,,,
Victim Sex,named_n>=5000,graphsage_fairloss_a0_mb,graphsage_fairloss_a50_mb,selection_rate,amplification,0.2809178021859392,0.22379524696111172,0.3427363894023896,True,State|City,2814,156,50,139592,,,
Victim Sex,named_n>=5000,graphsage_fairloss_a0_mb,graphsage_fairloss_a50_mb,tpr,gap,0.016450760123134622,0.011708606533924701,0.02122626562792703,True,State|City,2814,156,50,139592,,,
Victim Sex,named_n>=5000,graphsage_fairloss_a0_mb,graphsage_fairloss_a50_mb,tpr,amplification,0.23023718014632505,0.1652609315568045,0.2994669565313106,True,State|City,2814,156,50,139592,,,
Victim Sex,named_n>=5000,graphsage_fairloss_a0_mb,graphsage_fairloss_a50_mb,fpr,gap,0.015953909089883034,-0.004779251994392489,0.03027759776337126,False,State|City,2814,156,50,139592,,,
Victim Sex,named_n>=5000,graphsage_fairloss_a0_mb,graphsage_fairloss_a50_mb,fpr,amplification,0.2232834843904819,-0.06612806073504629,0.43391479572156766,False,State|City,2814,156,50,139592,,,
Victim Sex,named_n>=5000,graphsage_fairloss_a0_mb,graphsage_fairloss_a50_mb,selection_rate,signed_gap,-0.020071959598975453,-0.023998055537673032,-0.016208418106936077,True,State|City,2814,156,50,139592,Male-Female,-0.04938656108728223,-0.02931460148830678
Victim Sex,named_n>=5000,graphsage_fairloss_a0_mb,graphsage_fairloss_a50_mb,tpr,signed_gap,-0.016450760123134622,-0.02122626562792703,-0.011708606533924701,True,State|City,2814,156,50,139592,Male-Female,-0.041189497743817194,-0.02473873762068257
Victim Sex,named_n>=5000,graphsage_fairloss_a0_mb,graphsage_fairloss_a50_mb,fpr,signed_gap,-0.029585751889021683,-0.037027796861402826,-0.021980641692394942,True,State|City,2814,156,50,139592,Male-Female,-0.02276983048945236,0.006815921399569325
Victim Sex,named_all,graphsage_fairloss_a0_mb,graphsage_fairloss_a100_mb,selection_rate,gap,0.024425332576356706,0.02082330532616326,0.028161622733708248,True,State|City,2814,335,20,158686,,,
Victim Sex,named_all,graphsage_fairloss_a0_mb,graphsage_fairloss_a100_mb,selection_rate,amplification,0.3786771326438876,0.31404996192328566,0.44687037989345746,True,State|City,2814,335,20,158686,,,
Victim Sex,named_all,graphsage_fairloss_a0_mb,graphsage_fairloss_a100_mb,tpr,gap,0.021173176804077487,0.016685731363581653,0.025628212012428375,True,State|City,2814,335,20,158686,,,
Victim Sex,named_all,graphsage_fairloss_a0_mb,graphsage_fairloss_a100_mb,tpr,amplification,0.3282574702336386,0.25609550291560973,0.4068273059429775,True,State|City,2814,335,20,158686,,,
Victim Sex,named_all,graphsage_fairloss_a0_mb,graphsage_fairloss_a100_mb,fpr,gap,0.0008333646455025434,-0.020518467210175355,0.019902925130209283,False,State|City,2814,335,20,158686,,,
Victim Sex,named_all,graphsage_fairloss_a0_mb,graphsage_fairloss_a100_mb,fpr,amplification,0.012920034288956411,-0.3145926049677325,0.30817806559486427,False,State|City,2814,335,20,158686,,,
Victim Sex,named_all,graphsage_fairloss_a0_mb,graphsage_fairloss_a100_mb,selection_rate,signed_gap,-0.024425332576356706,-0.02816162273370825,-0.02082330532616326,True,State|City,2814,335,20,158686,Male-Female,-0.044038808529643036,-0.01961347595328633
Victim Sex,named_all,graphsage_fairloss_a0_mb,graphsage_fairloss_a100_mb,tpr,signed_gap,-0.021173176804077487,-0.025628212012428375,-0.016685731363581653,True,State|City,2814,335,20,158686,Male-Female,-0.03733990546843435,-0.016166728664356866
Victim Sex,named_all,graphsage_fairloss_a0_mb,graphsage_fairloss_a100_mb,fpr,signed_gap,-0.03181500605608423,-0.03917355143691962,-0.02427353358239887,True,State|City,2814,335,20,158686,Male-Female,-0.016324185350793385,0.015490820705290842
Victim Sex,named_all,graphsage_fairloss_a0_mb,graphsage_fairloss_a100_mb,selection_rate,gap,0.024649336608210337,0.02042877148576937,0.028762785957755225,True,State|City,2814,242,30,151094,,,
Victim Sex,named_all,graphsage_fairloss_a0_mb,graphsage_fairloss_a100_mb,selection_rate,amplification,0.369283118511906,0.29910970616611,0.44084328531272726,True,State|City,2814,242,30,151094,,,
Victim Sex,named_all,graphsage_fairloss_a0_mb,graphsage_fairloss_a100_mb,tpr,gap,0.021320948829480435,0.016003134162258688,0.02622342464928568,True,State|City,2814,242,30,151094,,,
Victim Sex,named_all,graphsage_fairloss_a0_mb,graphsage_fairloss_a100_mb,tpr,amplification,0.31941900094628783,0.24116358970931717,0.40094192797260253,True,State|City,2814,242,30,151094,,,
Victim Sex,named_all,graphsage_fairloss_a0_mb,graphsage_fairloss_a100_mb,fpr,gap,0.009742203801474891,-0.010812447412964325,0.027501699720018157,False,State|City,2814,242,30,151094,,,
Victim Sex,named_all,graphsage_fairloss_a0_mb,graphsage_fairloss_a100_mb,fpr,amplification,0.14595246347477256,-0.16328220702789684,0.4254269529809538,False,State|City,2814,242,30,151094,,,
Victim Sex,named_all,graphsage_fairloss_a0_mb,graphsage_fairloss_a100_mb,selection_rate,signed_gap,-0.024649336608210337,-0.02876278595775523,-0.02042877148576937,True,State|City,2814,242,30,151094,Male-Female,-0.0464600334787757,-0.02181069687056536
Victim Sex,named_all,graphsage_fairloss_a0_mb,graphsage_fairloss_a100_mb,tpr,signed_gap,-0.021320948829480435,-0.02622342464928568,-0.016003134162258688,True,State|City,2814,242,30,151094,Male-Female,-0.03894702969503139,-0.017626080865550953
Victim Sex,named_all,graphsage_fairloss_a0_mb,graphsage_fairloss_a100_mb,fpr,signed_gap,-0.03205762037220167,-0.039689429415874056,-0.024226682567035113,True,State|City,2814,242,30,151094,Male-Female,-0.02089991208683828,0.011157708285363388
Victim Sex,named_all,graphsage_fairloss_a0_mb,graphsage_fairloss_a100_mb,selection_rate,gap,0.02445135608974297,0.020128994910952804,0.028851954234505626,True,State|City,2814,156,50,139592,,,
Victim Sex,named_all,graphsage_fairloss_a0_mb,graphsage_fairloss_a100_mb,selection_rate,amplification,0.34220979667311535,0.2777458840397741,0.4165557323799437,True,State|City,2814,156,50,139592,,,
Victim Sex,named_all,graphsage_fairloss_a0_mb,graphsage_fairloss_a100_mb,tpr,gap,0.02133804143725726,0.016063824565764273,0.02649791080031145,True,State|City,2814,156,50,139592,,,
Victim Sex,named_all,graphsage_fairloss_a0_mb,graphsage_fairloss_a100_mb,tpr,amplification,0.298637294178929,0.22224219304572837,0.38324782257831763,True,State|City,2814,156,50,139592,,,
Victim Sex,named_all,graphsage_fairloss_a0_mb,graphsage_fairloss_a100_mb,fpr,gap,0.01419545742609063,-0.008926515882260866,0.030866122605494345,False,State|City,2814,156,50,139592,,,
Victim Sex,named_all,graphsage_fairloss_a0_mb,graphsage_fairloss_a100_mb,fpr,amplification,0.19867301353899688,-0.1237263853221092,0.4489496830805077,False,State|City,2814,156,50,139592,,,
Victim Sex,named_all,graphsage_fairloss_a0_mb,graphsage_fairloss_a100_mb,selection_rate,signed_gap,-0.02445135608974297,-0.028851954234505626,-0.020128994910952804,True,State|City,2814,156,50,139592,Male-Female,-0.04938656108728223,-0.024935204997539262
Victim Sex,named_all,graphsage_fairloss_a0_mb,graphsage_fairloss_a100_mb,tpr,signed_gap,-0.02133804143725726,-0.02649791080031145,-0.016063824565764273,True,State|City,2814,156,50,139592,Male-Female,-0.041189497743817194,-0.019851456306559934
Victim Sex,named_all,graphsage_fairloss_a0_mb,graphsage_fairloss_a100_mb,fpr,signed_gap,-0.03134420355281409,-0.03954377191880388,-0.02352937289217981,True,State|City,2814,156,50,139592,Male-Female,-0.02276983048945236,0.008574373063361729
Victim Sex,named_n>=5000,graphsage_fairloss_a0_mb,graphsage_fairloss_a100_mb,selection_rate,gap,0.024425332576356706,0.02082330532616326,0.028161622733708248,True,State|City,2814,335,20,158686,,,
Victim Sex,named_n>=5000,graphsage_fairloss_a0_mb,graphsage_fairloss_a100_mb,selection_rate,amplification,0.3786771326438876,0.31404996192328566,0.44687037989345746,True,State|City,2814,335,20,158686,,,
Victim Sex,named_n>=5000,graphsage_fairloss_a0_mb,graphsage_fairloss_a100_mb,tpr,gap,0.021173176804077487,0.016685731363581653,0.025628212012428375,True,State|City,2814,335,20,158686,,,
Victim Sex,named_n>=5000,graphsage_fairloss_a0_mb,graphsage_fairloss_a100_mb,tpr,amplification,0.3282574702336386,0.25609550291560973,0.4068273059429775,True,State|City,2814,335,20,158686,,,
Victim Sex,named_n>=5000,graphsage_fairloss_a0_mb,graphsage_fairloss_a100_mb,fpr,gap,0.0008333646455025434,-0.020518467210175355,0.019902925130209283,False,State|City,2814,335,20,158686,,,
Victim Sex,named_n>=5000,graphsage_fairloss_a0_mb,graphsage_fairloss_a100_mb,fpr,amplification,0.012920034288956411,-0.3145926049677325,0.30817806559486427,False,State|City,2814,335,20,158686,,,
Victim Sex,named_n>=5000,graphsage_fairloss_a0_mb,graphsage_fairloss_a100_mb,selection_rate,signed_gap,-0.024425332576356706,-0.02816162273370825,-0.02082330532616326,True,State|City,2814,335,20,158686,Male-Female,-0.044038808529643036,-0.01961347595328633
Victim Sex,named_n>=5000,graphsage_fairloss_a0_mb,graphsage_fairloss_a100_mb,tpr,signed_gap,-0.021173176804077487,-0.025628212012428375,-0.016685731363581653,True,State|City,2814,335,20,158686,Male-Female,-0.03733990546843435,-0.016166728664356866
Victim Sex,named_n>=5000,graphsage_fairloss_a0_mb,graphsage_fairloss_a100_mb,fpr,signed_gap,-0.03181500605608423,-0.03917355143691962,-0.02427353358239887,True,State|City,2814,335,20,158686,Male-Female,-0.016324185350793385,0.015490820705290842
Victim Sex,named_n>=5000,graphsage_fairloss_a0_mb,graphsage_fairloss_a100_mb,selection_rate,gap,0.024649336608210337,0.02042877148576937,0.028762785957755225,True,State|City,2814,242,30,151094,,,
Victim Sex,named_n>=5000,graphsage_fairloss_a0_mb,graphsage_fairloss_a100_mb,selection_rate,amplification,0.369283118511906,0.29910970616611,0.44084328531272726,True,State|City,2814,242,30,151094,,,
Victim Sex,named_n>=5000,graphsage_fairloss_a0_mb,graphsage_fairloss_a100_mb,tpr,gap,0.021320948829480435,0.016003134162258688,0.02622342464928568,True,State|City,2814,242,30,151094,,,
Victim Sex,named_n>=5000,graphsage_fairloss_a0_mb,graphsage_fairloss_a100_mb,tpr,amplification,0.31941900094628783,0.24116358970931717,0.40094192797260253,True,State|City,2814,242,30,151094,,,
Victim Sex,named_n>=5000,graphsage_fairloss_a0_mb,graphsage_fairloss_a100_mb,fpr,gap,0.009742203801474891,-0.010812447412964325,0.027501699720018157,False,State|City,2814,242,30,151094,,,
Victim Sex,named_n>=5000,graphsage_fairloss_a0_mb,graphsage_fairloss_a100_mb,fpr,amplification,0.14595246347477256,-0.16328220702789684,0.4254269529809538,False,State|City,2814,242,30,151094,,,
Victim Sex,named_n>=5000,graphsage_fairloss_a0_mb,graphsage_fairloss_a100_mb,selection_rate,signed_gap,-0.024649336608210337,-0.02876278595775523,-0.02042877148576937,True,State|City,2814,242,30,151094,Male-Female,-0.0464600334787757,-0.02181069687056536
Victim Sex,named_n>=5000,graphsage_fairloss_a0_mb,graphsage_fairloss_a100_mb,tpr,signed_gap,-0.021320948829480435,-0.02622342464928568,-0.016003134162258688,True,State|City,2814,242,30,151094,Male-Female,-0.03894702969503139,-0.017626080865550953
Victim Sex,named_n>=5000,graphsage_fairloss_a0_mb,graphsage_fairloss_a100_mb,fpr,signed_gap,-0.03205762037220167,-0.039689429415874056,-0.024226682567035113,True,State|City,2814,242,30,151094,Male-Female,-0.02089991208683828,0.011157708285363388
Victim Sex,named_n>=5000,graphsage_fairloss_a0_mb,graphsage_fairloss_a100_mb,selection_rate,gap,0.02445135608974297,0.020128994910952804,0.028851954234505626,True,State|City,2814,156,50,139592,,,
Victim Sex,named_n>=5000,graphsage_fairloss_a0_mb,graphsage_fairloss_a100_mb,selection_rate,amplification,0.34220979667311535,0.2777458840397741,0.4165557323799437,True,State|City,2814,156,50,139592,,,
Victim Sex,named_n>=5000,graphsage_fairloss_a0_mb,graphsage_fairloss_a100_mb,tpr,gap,0.02133804143725726,0.016063824565764273,0.02649791080031145,True,State|City,2814,156,50,139592,,,
Victim Sex,named_n>=5000,graphsage_fairloss_a0_mb,graphsage_fairloss_a100_mb,tpr,amplification,0.298637294178929,0.22224219304572837,0.38324782257831763,True,State|City,2814,156,50,139592,,,
Victim Sex,named_n>=5000,graphsage_fairloss_a0_mb,graphsage_fairloss_a100_mb,fpr,gap,0.01419545742609063,-0.008926515882260866,0.030866122605494345,False,State|City,2814,156,50,139592,,,
Victim Sex,named_n>=5000,graphsage_fairloss_a0_mb,graphsage_fairloss_a100_mb,fpr,amplification,0.19867301353899688,-0.1237263853221092,0.4489496830805077,False,State|City,2814,156,50,139592,,,
Victim Sex,named_n>=5000,graphsage_fairloss_a0_mb,graphsage_fairloss_a100_mb,selection_rate,signed_gap,-0.02445135608974297,-0.028851954234505626,-0.020128994910952804,True,State|City,2814,156,50,139592,Male-Female,-0.04938656108728223,-0.024935204997539262
Victim Sex,named_n>=5000,graphsage_fairloss_a0_mb,graphsage_fairloss_a100_mb,tpr,signed_gap,-0.02133804143725726,-0.02649791080031145,-0.016063824565764273,True,State|City,2814,156,50,139592,Male-Female,-0.041189497743817194,-0.019851456306559934
Victim Sex,named_n>=5000,graphsage_fairloss_a0_mb,graphsage_fairloss_a100_mb,fpr,signed_gap,-0.03134420355281409,-0.03954377191880388,-0.02352937289217981,True,State|City,2814,156,50,139592,Male-Female,-0.02276983048945236,0.008574373063361729
Victim Sex,named_all,graphsage_fairloss_a10_mb,graphsage_fairloss_a25_mb,selection_rate,gap,0.001342318706245571,-0.0011316601178103874,0.0037976719936067657,False,State|City,2814,335,20,158686,,,
Victim Sex,named_all,graphsage_fairloss_a10_mb,graphsage_fairloss_a25_mb,selection_rate,amplification,0.02081058250430362,-0.0173526012454712,0.058449132537648815,False,State|City,2814,335,20,158686,,,
Victim Sex,named_all,graphsage_fairloss_a10_mb,graphsage_fairloss_a25_mb,tpr,gap,0.002004101981493811,-0.0012211469307848526,0.004952423248109452,False,State|City,2814,335,20,158686,,,
Victim Sex,named_all,graphsage_fairloss_a10_mb,graphsage_fairloss_a25_mb,tpr,amplification,0.0310705121211991,-0.019880777991693216,0.0765273958572238,False,State|City,2814,335,20,158686,,,
Victim Sex,named_all,graphsage_fairloss_a10_mb,graphsage_fairloss_a25_mb,fpr,gap,-0.0014373731506424625,-0.006293077086634303,0.002698630778768719,False,State|City,2814,335,20,158686,,,
Victim Sex,named_all,graphsage_fairloss_a10_mb,graphsage_fairloss_a25_mb,fpr,amplification,-0.0222842551487496,-0.09921620176372135,0.04283011712837149,False,State|City,2814,335,20,158686,,,
Victim Sex,named_all,graphsage_fairloss_a10_mb,graphsage_fairloss_a25_mb,selection_rate,signed_gap,-0.001342318706245571,-0.003797671993606766,0.0011316601178103874,False,State|City,2814,335,20,158686,Male-Female,-0.0226317968222568,-0.02128947811601123
Victim Sex,named_all,graphsage_fairloss_a10_mb,graphsage_fairloss_a25_mb,tpr,signed_gap,-0.002004101981493811,-0.004952423248109452,0.0012211469307848496,False,State|City,2814,335,20,158686,Male-Female,-0.02050554033006935,-0.01850143834857554
Victim Sex,named_all,graphsage_fairloss_a10_mb,graphsage_fairloss_a25_mb,fpr,signed_gap,-0.0014373731506424625,-0.006293077086634303,0.002698630778768719,False,State|City,2814,335,20,158686,Male-Female,0.01604893320220918,0.017486306352851644
Victim Sex,named_all,graphsage_fairloss_a10_mb,graphsage_fairloss_a25_mb,selection_rate,gap,0.0013409893668534512,-0.0012528615154606458,0.004010952637348917,False,State|City,2814,242,30,151094,,,
Victim Sex,named_all,graphsage_fairloss_a10_mb,graphsage_fairloss_a25_mb,selection_rate,amplification,0.020089982264188122,-0.01898041355573116,0.06104064181325566,False,State|City,2814,242,30,151094,,,
Victim Sex,named_all,graphsage_fairloss_a10_mb,graphsage_fairloss_a25_mb,tpr,gap,0.0018743583984651702,-0.0013914501069456685,0.004899417985270937,False,State|City,2814,242,30,151094,,,
Victim Sex,named_all,graphsage_fairloss_a10_mb,graphsage_fairloss_a25_mb,tpr,amplification,0.02808063054985621,-0.019896618762648813,0.07422122745453413,False,State|City,2814,242,30,151094,,,
Victim Sex,named_all,graphsage_fairloss_a10_mb,graphsage_fairloss_a25_mb,fpr,gap,-0.0019100397234672606,-0.006371458722366018,0.0027692795563281462,False,State|City,2814,242,30,151094,,,
Victim Sex,named_all,graphsage_fairloss_a10_mb,graphsage_fairloss_a25_mb,fpr,amplification,-0.028615188991685414,-0.09829619991057435,0.043074694587938056,False,State|City,2814,242,30,151094,,,
Victim Sex,named_all,graphsage_fairloss_a10_mb,graphsage_fairloss_a25_mb,selection_rate,signed_gap,-0.0013409893668534512,-0.004010952637348917,0.0012528615154606443,False,State|City,2814,242,30,151094,Male-Female,-0.024443077904900523,-0.023102088538047072
Victim Sex,named_all,graphsage_fairloss_a10_mb,graphsage_fairloss_a25_mb,tpr,signed_gap,-0.0018743583984651702,-0.004899417985270937,0.0013914501069456683,False,State|City,2814,242,30,151094,Male-Female,-0.02149145974724731,-0.01961710134878214
Victim Sex,named_all,graphsage_fairloss_a10_mb,graphsage_fairloss_a25_mb,fpr,signed_gap,-0.0019100397234672606,-0.006371458722366018,0.002800948100487812,False,State|City,2814,242,30,151094,Male-Female,0.011711482350169056,0.013621522073636316
Victim Sex,named_all,graphsage_fairloss_a10_mb,graphsage_fairloss_a25_mb,selection_rate,gap,0.0012523190902948844,-0.001333071423807415,0.0039476896248689395,False,State|City,2814,156,50,139592,,,
Victim Sex,named_all,graphsage_fairloss_a10_mb,graphsage_fairloss_a25_mb,selection_rate,amplification,0.01752687497931643,-0.02024627475195536,0.054885898278519134,False,State|City,2814,156,50,139592,,,
Victim Sex,named_all,graphsage_fairloss_a10_mb,graphsage_fairloss_a25_mb,tpr,gap,0.0017792026531051608,-0.001567243881981406,0.00510541678815207,False,State|City,2814,156,50,139592,,,
Victim Sex,named_all,graphsage_fairloss_a10_mb,graphsage_fairloss_a25_mb,tpr,amplification,0.024900892037427458,-0.021861769017356,0.07315610615249724,False,State|City,2814,156,50,139592,,,
Victim Sex,named_all,graphsage_fairloss_a10_mb,graphsage_fairloss_a25_mb,fpr,gap,-0.0018422750725045622,-0.006710284535922352,0.0032887419239473626,False,State|City,2814,156,50,139592,,,
Victim Sex,named_all,graphsage_fairloss_a10_mb,graphsage_fairloss_a25_mb,fpr,amplification,-0.025783624256414922,-0.09365538349060971,0.04582530358877516,False,State|City,2814,156,50,139592,,,
Victim Sex,named_all,graphsage_fairloss_a10_mb,graphsage_fairloss_a25_mb,selection_rate,signed_gap,-0.0012523190902948844,-0.00394768962486894,0.0013330714238074146,False,State|City,2814,156,50,139592,Male-Female,-0.02747764298137889,-0.026225323891084007
Victim Sex,named_all,graphsage_fairloss_a10_mb,graphsage_fairloss_a25_mb,tpr,signed_gap,-0.0017792026531051608,-0.00510541678815207,0.0015672438819814055,False,State|City,2814,156,50,139592,Male-Female,-0.02369240545172413,-0.02191320279861897
Victim Sex,named_all,graphsage_fairloss_a10_mb,graphsage_fairloss_a25_mb,fpr,signed_gap,-0.0018422750725045622,-0.0067249324541202955,0.003226158133029644,False,State|City,2814,156,50,139592,Male-Female,0.009266052190735452,0.011108327263240014
Victim Sex,named_n>=5000,graphsage_fairloss_a10_mb,graphsage_fairloss_a25_mb,selection_rate,gap,0.001342318706245571,-0.0011316601178103874,0.0037976719936067657,False,State|City,2814,335,20,158686,,,
Victim Sex,named_n>=5000,graphsage_fairloss_a10_mb,graphsage_fairloss_a25_mb,selection_rate,amplification,0.02081058250430362,-0.0173526012454712,0.058449132537648815,False,State|City,2814,335,20,158686,,,
Victim Sex,named_n>=5000,graphsage_fairloss_a10_mb,graphsage_fairloss_a25_mb,tpr,gap,0.002004101981493811,-0.0012211469307848526,0.004952423248109452,False,State|City,2814,335,20,158686,,,
Victim Sex,named_n>=5000,graphsage_fairloss_a10_mb,graphsage_fairloss_a25_mb,tpr,amplification,0.0310705121211991,-0.019880777991693216,0.0765273958572238,False,State|City,2814,335,20,158686,,,
Victim Sex,named_n>=5000,graphsage_fairloss_a10_mb,graphsage_fairloss_a25_mb,fpr,gap,-0.0014373731506424625,-0.006293077086634303,0.002698630778768719,False,State|City,2814,335,20,158686,,,
Victim Sex,named_n>=5000,graphsage_fairloss_a10_mb,graphsage_fairloss_a25_mb,fpr,amplification,-0.0222842551487496,-0.09921620176372135,0.04283011712837149,False,State|City,2814,335,20,158686,,,
Victim Sex,named_n>=5000,graphsage_fairloss_a10_mb,graphsage_fairloss_a25_mb,selection_rate,signed_gap,-0.001342318706245571,-0.003797671993606766,0.0011316601178103874,False,State|City,2814,335,20,158686,Male-Female,-0.0226317968222568,-0.02128947811601123
Victim Sex,named_n>=5000,graphsage_fairloss_a10_mb,graphsage_fairloss_a25_mb,tpr,signed_gap,-0.002004101981493811,-0.004952423248109452,0.0012211469307848496,False,State|City,2814,335,20,158686,Male-Female,-0.02050554033006935,-0.01850143834857554
Victim Sex,named_n>=5000,graphsage_fairloss_a10_mb,graphsage_fairloss_a25_mb,fpr,signed_gap,-0.0014373731506424625,-0.006293077086634303,0.002698630778768719,False,State|City,2814,335,20,158686,Male-Female,0.01604893320220918,0.017486306352851644
Victim Sex,named_n>=5000,graphsage_fairloss_a10_mb,graphsage_fairloss_a25_mb,selection_rate,gap,0.0013409893668534512,-0.0012528615154606458,0.004010952637348917,False,State|City,2814,242,30,151094,,,
Victim Sex,named_n>=5000,graphsage_fairloss_a10_mb,graphsage_fairloss_a25_mb,selection_rate,amplification,0.020089982264188122,-0.01898041355573116,0.06104064181325566,False,State|City,2814,242,30,151094,,,
Victim Sex,named_n>=5000,graphsage_fairloss_a10_mb,graphsage_fairloss_a25_mb,tpr,gap,0.0018743583984651702,-0.0013914501069456685,0.004899417985270937,False,State|City,2814,242,30,151094,,,
Victim Sex,named_n>=5000,graphsage_fairloss_a10_mb,graphsage_fairloss_a25_mb,tpr,amplification,0.02808063054985621,-0.019896618762648813,0.07422122745453413,False,State|City,2814,242,30,151094,,,
Victim Sex,named_n>=5000,graphsage_fairloss_a10_mb,graphsage_fairloss_a25_mb,fpr,gap,-0.0019100397234672606,-0.006371458722366018,0.0027692795563281462,False,State|City,2814,242,30,151094,,,
Victim Sex,named_n>=5000,graphsage_fairloss_a10_mb,graphsage_fairloss_a25_mb,fpr,amplification,-0.028615188991685414,-0.09829619991057435,0.043074694587938056,False,State|City,2814,242,30,151094,,,
Victim Sex,named_n>=5000,graphsage_fairloss_a10_mb,graphsage_fairloss_a25_mb,selection_rate,signed_gap,-0.0013409893668534512,-0.004010952637348917,0.0012528615154606443,False,State|City,2814,242,30,151094,Male-Female,-0.024443077904900523,-0.023102088538047072
Victim Sex,named_n>=5000,graphsage_fairloss_a10_mb,graphsage_fairloss_a25_mb,tpr,signed_gap,-0.0018743583984651702,-0.004899417985270937,0.0013914501069456683,False,State|City,2814,242,30,151094,Male-Female,-0.02149145974724731,-0.01961710134878214
Victim Sex,named_n>=5000,graphsage_fairloss_a10_mb,graphsage_fairloss_a25_mb,fpr,signed_gap,-0.0019100397234672606,-0.006371458722366018,0.002800948100487812,False,State|City,2814,242,30,151094,Male-Female,0.011711482350169056,0.013621522073636316
Victim Sex,named_n>=5000,graphsage_fairloss_a10_mb,graphsage_fairloss_a25_mb,selection_rate,gap,0.0012523190902948844,-0.001333071423807415,0.0039476896248689395,False,State|City,2814,156,50,139592,,,
Victim Sex,named_n>=5000,graphsage_fairloss_a10_mb,graphsage_fairloss_a25_mb,selection_rate,amplification,0.01752687497931643,-0.02024627475195536,0.054885898278519134,False,State|City,2814,156,50,139592,,,
Victim Sex,named_n>=5000,graphsage_fairloss_a10_mb,graphsage_fairloss_a25_mb,tpr,gap,0.0017792026531051608,-0.001567243881981406,0.00510541678815207,False,State|City,2814,156,50,139592,,,
Victim Sex,named_n>=5000,graphsage_fairloss_a10_mb,graphsage_fairloss_a25_mb,tpr,amplification,0.024900892037427458,-0.021861769017356,0.07315610615249724,False,State|City,2814,156,50,139592,,,
Victim Sex,named_n>=5000,graphsage_fairloss_a10_mb,graphsage_fairloss_a25_mb,fpr,gap,-0.0018422750725045622,-0.006710284535922352,0.0032887419239473626,False,State|City,2814,156,50,139592,,,
Victim Sex,named_n>=5000,graphsage_fairloss_a10_mb,graphsage_fairloss_a25_mb,fpr,amplification,-0.025783624256414922,-0.09365538349060971,0.04582530358877516,False,State|City,2814,156,50,139592,,,
Victim Sex,named_n>=5000,graphsage_fairloss_a10_mb,graphsage_fairloss_a25_mb,selection_rate,signed_gap,-0.0012523190902948844,-0.00394768962486894,0.0013330714238074146,False,State|City,2814,156,50,139592,Male-Female,-0.02747764298137889,-0.026225323891084007
Victim Sex,named_n>=5000,graphsage_fairloss_a10_mb,graphsage_fairloss_a25_mb,tpr,signed_gap,-0.0017792026531051608,-0.00510541678815207,0.0015672438819814055,False,State|City,2814,156,50,139592,Male-Female,-0.02369240545172413,-0.02191320279861897
Victim Sex,named_n>=5000,graphsage_fairloss_a10_mb,graphsage_fairloss_a25_mb,fpr,signed_gap,-0.0018422750725045622,-0.0067249324541202955,0.003226158133029644,False,State|City,2814,156,50,139592,Male-Female,0.009266052190735452,0.011108327263240014
Victim Sex,named_all,graphsage_fairloss_a10_mb,graphsage_fairloss_a50_mb,selection_rate,gap,-0.0012029462842247929,-0.003515755858586708,0.0010600402534607588,False,State|City,2814,335,20,158686,,,
Victim Sex,named_all,graphsage_fairloss_a10_mb,graphsage_fairloss_a50_mb,selection_rate,amplification,-0.018649827928067075,-0.054456745935415586,0.01616048824140277,False,State|City,2814,335,20,158686,,,
Victim Sex,named_all,graphsage_fairloss_a10_mb,graphsage_fairloss_a50_mb,tpr,gap,-0.0001745917123767704,-0.003215917642025126,0.0028349574303557015,False,State|City,2814,335,20,158686,,,
Victim Sex,named_all,graphsage_fairloss_a10_mb,graphsage_fairloss_a50_mb,tpr,amplification,-0.00270677538655989,-0.05171131836681146,0.04431566273266793,False,State|City,2814,335,20,158686,,,
Victim Sex,named_all,graphsage_fairloss_a10_mb,graphsage_fairloss_a50_mb,fpr,gap,0.003462697834146322,-0.0011382070799032488,0.007890542223276868,False,State|City,2814,335,20,158686,,,
Victim Sex,named_all,graphsage_fairloss_a10_mb,graphsage_fairloss_a50_mb,fpr,amplification,0.053683792552163295,-0.017318933632808706,0.12177484011108215,False,State|City,2814,335,20,158686,,,
Victim Sex,named_all,graphsage_fairloss_a10_mb,graphsage_fairloss_a50_mb,selection_rate,signed_gap,0.0012029462842247929,-0.0010600402534607588,0.0035157558585867067,False,State|City,2814,335,20,158686,Male-Female,-0.0226317968222568,-0.023834743106481593
Victim Sex,named_all,graphsage_fairloss_a10_mb,graphsage_fairloss_a50_mb,tpr,signed_gap,0.0001745917123767704,-0.002834957430355703,0.003215917642025126,False,State|City,2814,335,20,158686,Male-Female,-0.02050554033006935,-0.02068013204244612
Victim Sex,named_all,graphsage_fairloss_a10_mb,graphsage_fairloss_a50_mb,fpr,signed_gap,0.003462697834146322,-0.0010850711130889062,0.007890542223276868,False,State|City,2814,335,20,158686,Male-Female,0.01604893320220918,0.01258623536806286
Victim Sex,named_all,graphsage_fairloss_a10_mb,graphsage_fairloss_a50_mb,selection_rate,gap,-0.0015883026299794434,-0.004160474594645969,0.0010425140750871553,False,State|City,2814,242,30,151094,,,
Victim Sex,named_all,graphsage_fairloss_a10_mb,graphsage_fairloss_a50_mb,selection_rate,amplification,-0.02379509670633917,-0.06273478318039495,0.015609644911362516,False,State|City,2814,242,30,151094,,,
Victim Sex,named_all,graphsage_fairloss_a10_mb,graphsage_fairloss_a50_mb,tpr,gap,-0.0007227531936759846,-0.003899966389162976,0.0027409224669579227,False,State|City,2814,242,30,151094,,,
Victim Sex,named_all,graphsage_fairloss_a10_mb,graphsage_fairloss_a50_mb,tpr,amplification,-0.010827900057407858,-0.0594905812782879,0.04184211986282233,False,State|City,2814,242,30,151094,,,
Victim Sex,named_all,graphsage_fairloss_a10_mb,graphsage_fairloss_a50_mb,fpr,gap,0.0030158790199735774,-0.0020670676236821104,0.0076133876640962946,False,State|City,2814,242,30,151094,,,
Victim Sex,named_all,graphsage_fairloss_a10_mb,graphsage_fairloss_a50_mb,fpr,amplification,0.04518227923340995,-0.030618140147962384,0.1179113100828968,False,State|City,2814,242,30,151094,,,
Victim Sex,named_all,graphsage_fairloss_a10_mb,graphsage_fairloss_a50_mb,selection_rate,signed_gap,0.0015883026299794434,-0.001042514075087156,0.004160474594645968,False,State|City,2814,242,30,151094,Male-Female,-0.024443077904900523,-0.026031380534879967
Victim Sex,named_all,graphsage_fairloss_a10_mb,graphsage_fairloss_a50_mb,tpr,signed_gap,0.0007227531936759846,-0.0027409224669579235,0.0038999663891629757,False,State|City,2814,242,30,151094,Male-Female,-0.02149145974724731,-0.022214212940923295
Victim Sex,named_all,graphsage_fairloss_a10_mb,graphsage_fairloss_a50_mb,fpr,signed_gap,0.0030158790199735774,-0.0015354977588863533,0.007646028574783909,False,State|City,2814,242,30,151094,Male-Female,0.011711482350169056,0.008695603330195478
Victim Sex,named_all,graphsage_fairloss_a10_mb,graphsage_fairloss_a50_mb,selection_rate,gap,-0.0018369585069278882,-0.004490656381292174,0.0009849323751755538,False,State|City,2814,156,50,139592,,,
Victim Sex,named_all,graphsage_fairloss_a10_mb,graphsage_fairloss_a50_mb,selection_rate,amplification,-0.025709216079693953,-0.06425587266654992,0.013178693573213553,False,State|City,2814,156,50,139592,,,
Victim Sex,named_all,graphsage_fairloss_a10_mb,graphsage_fairloss_a50_mb,tpr,gap,-0.0010463321689584415,-0.004601702771108188,0.0023793485386899653,False,State|City,2814,156,50,139592,,,
Victim Sex,named_all,graphsage_fairloss_a10_mb,graphsage_fairloss_a50_mb,tpr,amplification,-0.014643977924071516,-0.06491058703152197,0.03356358965552617,False,State|City,2814,156,50,139592,,,
Victim Sex,named_all,graphsage_fairloss_a10_mb,graphsage_fairloss_a50_mb,fpr,gap,0.0024501307911661274,-0.002709905944531629,0.006941458074998312,False,State|City,2814,156,50,139592,,,
Victim Sex,named_all,graphsage_fairloss_a10_mb,graphsage_fairloss_a50_mb,fpr,amplification,0.03429088991179602,-0.037872323015205274,0.09971828491385103,False,State|City,2814,156,50,139592,,,
Victim Sex,named_all,graphsage_fairloss_a10_mb,graphsage_fairloss_a50_mb,selection_rate,signed_gap,0.0018369585069278882,-0.000984932375175554,0.004490656381292173,False,State|City,2814,156,50,139592,Male-Female,-0.02747764298137889,-0.02931460148830678
Victim Sex,named_all,graphsage_fairloss_a10_mb,graphsage_fairloss_a50_mb,tpr,signed_gap,0.0010463321689584415,-0.0023793485386899653,0.004601702771108184,False,State|City,2814,156,50,139592,Male-Female,-0.02369240545172413,-0.02473873762068257
Victim Sex,named_all,graphsage_fairloss_a10_mb,graphsage_fairloss_a50_mb,fpr,signed_gap,0.0024501307911661274,-0.002479698857949504,0.00715510249615079,False,State|City,2814,156,50,139592,Male-Female,0.009266052190735452,0.006815921399569325
Victim Sex,named_n>=5000,graphsage_fairloss_a10_mb,graphsage_fairloss_a50_mb,selection_rate,gap,-0.0012029462842247929,-0.003515755858586708,0.0010600402534607588,False,State|City,2814,335,20,158686,,,
Victim Sex,named_n>=5000,graphsage_fairloss_a10_mb,graphsage_fairloss_a50_mb,selection_rate,amplification,-0.018649827928067075,-0.054456745935415586,0.01616048824140277,False,State|City,2814,335,20,158686,,,
Victim Sex,named_n>=5000,graphsage_fairloss_a10_mb,graphsage_fairloss_a50_mb,tpr,gap,-0.0001745917123767704,-0.003215917642025126,0.0028349574303557015,False,State|City,2814,335,20,158686,,,
Victim Sex,named_n>=5000,graphsage_fairloss_a10_mb,graphsage_fairloss_a50_mb,tpr,amplification,-0.00270677538655989,-0.05171131836681146,0.04431566273266793,False,State|City,2814,335,20,158686,,,
Victim Sex,named_n>=5000,graphsage_fairloss_a10_mb,graphsage_fairloss_a50_mb,fpr,gap,0.003462697834146322,-0.0011382070799032488,0.007890542223276868,False,State|City,2814,335,20,158686,,,
Victim Sex,named_n>=5000,graphsage_fairloss_a10_mb,graphsage_fairloss_a50_mb,fpr,amplification,0.053683792552163295,-0.017318933632808706,0.12177484011108215,False,State|City,2814,335,20,158686,,,
Victim Sex,named_n>=5000,graphsage_fairloss_a10_mb,graphsage_fairloss_a50_mb,selection_rate,signed_gap,0.0012029462842247929,-0.0010600402534607588,0.0035157558585867067,False,State|City,2814,335,20,158686,Male-Female,-0.0226317968222568,-0.023834743106481593
Victim Sex,named_n>=5000,graphsage_fairloss_a10_mb,graphsage_fairloss_a50_mb,tpr,signed_gap,0.0001745917123767704,-0.002834957430355703,0.003215917642025126,False,State|City,2814,335,20,158686,Male-Female,-0.02050554033006935,-0.02068013204244612
Victim Sex,named_n>=5000,graphsage_fairloss_a10_mb,graphsage_fairloss_a50_mb,fpr,signed_gap,0.003462697834146322,-0.0010850711130889062,0.007890542223276868,False,State|City,2814,335,20,158686,Male-Female,0.01604893320220918,0.01258623536806286
Victim Sex,named_n>=5000,graphsage_fairloss_a10_mb,graphsage_fairloss_a50_mb,selection_rate,gap,-0.0015883026299794434,-0.004160474594645969,0.0010425140750871553,False,State|City,2814,242,30,151094,,,
Victim Sex,named_n>=5000,graphsage_fairloss_a10_mb,graphsage_fairloss_a50_mb,selection_rate,amplification,-0.02379509670633917,-0.06273478318039495,0.015609644911362516,False,State|City,2814,242,30,151094,,,
Victim Sex,named_n>=5000,graphsage_fairloss_a10_mb,graphsage_fairloss_a50_mb,tpr,gap,-0.0007227531936759846,-0.003899966389162976,0.0027409224669579227,False,State|City,2814,242,30,151094,,,
Victim Sex,named_n>=5000,graphsage_fairloss_a10_mb,graphsage_fairloss_a50_mb,tpr,amplification,-0.010827900057407858,-0.0594905812782879,0.04184211986282233,False,State|City,2814,242,30,151094,,,
Victim Sex,named_n>=5000,graphsage_fairloss_a10_mb,graphsage_fairloss_a50_mb,fpr,gap,0.0030158790199735774,-0.0020670676236821104,0.0076133876640962946,False,State|City,2814,242,30,151094,,,
Victim Sex,named_n>=5000,graphsage_fairloss_a10_mb,graphsage_fairloss_a50_mb,fpr,amplification,0.04518227923340995,-0.030618140147962384,0.1179113100828968,False,State|City,2814,242,30,151094,,,
Victim Sex,named_n>=5000,graphsage_fairloss_a10_mb,graphsage_fairloss_a50_mb,selection_rate,signed_gap,0.0015883026299794434,-0.001042514075087156,0.004160474594645968,False,State|City,2814,242,30,151094,Male-Female,-0.024443077904900523,-0.026031380534879967
Victim Sex,named_n>=5000,graphsage_fairloss_a10_mb,graphsage_fairloss_a50_mb,tpr,signed_gap,0.0007227531936759846,-0.0027409224669579235,0.0038999663891629757,False,State|City,2814,242,30,151094,Male-Female,-0.02149145974724731,-0.022214212940923295
Victim Sex,named_n>=5000,graphsage_fairloss_a10_mb,graphsage_fairloss_a50_mb,fpr,signed_gap,0.0030158790199735774,-0.0015354977588863533,0.007646028574783909,False,State|City,2814,242,30,151094,Male-Female,0.011711482350169056,0.008695603330195478
Victim Sex,named_n>=5000,graphsage_fairloss_a10_mb,graphsage_fairloss_a50_mb,selection_rate,gap,-0.0018369585069278882,-0.004490656381292174,0.0009849323751755538,False,State|City,2814,156,50,139592,,,
Victim Sex,named_n>=5000,graphsage_fairloss_a10_mb,graphsage_fairloss_a50_mb,selection_rate,amplification,-0.025709216079693953,-0.06425587266654992,0.013178693573213553,False,State|City,2814,156,50,139592,,,
Victim Sex,named_n>=5000,graphsage_fairloss_a10_mb,graphsage_fairloss_a50_mb,tpr,gap,-0.0010463321689584415,-0.004601702771108188,0.0023793485386899653,False,State|City,2814,156,50,139592,,,
Victim Sex,named_n>=5000,graphsage_fairloss_a10_mb,graphsage_fairloss_a50_mb,tpr,amplification,-0.014643977924071516,-0.06491058703152197,0.03356358965552617,False,State|City,2814,156,50,139592,,,
Victim Sex,named_n>=5000,graphsage_fairloss_a10_mb,graphsage_fairloss_a50_mb,fpr,gap,0.0024501307911661274,-0.002709905944531629,0.006941458074998312,False,State|City,2814,156,50,139592,,,
Victim Sex,named_n>=5000,graphsage_fairloss_a10_mb,graphsage_fairloss_a50_mb,fpr,amplification,0.03429088991179602,-0.037872323015205274,0.09971828491385103,False,State|City,2814,156,50,139592,,,
Victim Sex,named_n>=5000,graphsage_fairloss_a10_mb,graphsage_fairloss_a50_mb,selection_rate,signed_gap,0.0018369585069278882,-0.000984932375175554,0.004490656381292173,False,State|City,2814,156,50,139592,Male-Female,-0.02747764298137889,-0.02931460148830678
Victim Sex,named_n>=5000,graphsage_fairloss_a10_mb,graphsage_fairloss_a50_mb,tpr,signed_gap,0.0010463321689584415,-0.0023793485386899653,0.004601702771108184,False,State|City,2814,156,50,139592,Male-Female,-0.02369240545172413,-0.02473873762068257
Victim Sex,named_n>=5000,graphsage_fairloss_a10_mb,graphsage_fairloss_a50_mb,fpr,signed_gap,0.0024501307911661274,-0.002479698857949504,0.00715510249615079,False,State|City,2814,156,50,139592,Male-Female,0.009266052190735452,0.006815921399569325
Victim Sex,named_all,graphsage_fairloss_a10_mb,graphsage_fairloss_a100_mb,selection_rate,gap,0.00301832086897047,0.00028266287794861684,0.005900744705834665,True,State|City,2814,335,20,158686,,,
Victim Sex,named_all,graphsage_fairloss_a10_mb,graphsage_fairloss_a100_mb,selection_rate,amplification,0.04679441266512452,0.00451147954433407,0.0904284086433369,True,State|City,2814,335,20,158686,,,
Victim Sex,named_all,graphsage_fairloss_a10_mb,graphsage_fairloss_a100_mb,tpr,gap,0.004338811665712483,0.0009596662340538493,0.007705214777722549,True,State|City,2814,335,20,158686,,,
Victim Sex,named_all,graphsage_fairloss_a10_mb,graphsage_fairloss_a100_mb,tpr,amplification,0.06726658707788719,0.01504683158486513,0.12027002926449407,True,State|City,2814,335,20,158686,,,
Victim Sex,named_all,graphsage_fairloss_a10_mb,graphsage_fairloss_a100_mb,fpr,gap,0.0005581124969183393,-0.004521005693661542,0.005687760105499428,False,State|City,2814,335,20,158686,,,
Victim Sex,named_all,graphsage_fairloss_a10_mb,graphsage_fairloss_a100_mb,fpr,amplification,0.008652673995945298,-0.07166692527518236,0.08835398282134405,False,State|City,2814,335,20,158686,,,
Victim Sex,named_all,graphsage_fairloss_a10_mb,graphsage_fairloss_a100_mb,selection_rate,signed_gap,-0.00301832086897047,-0.005900744705834665,-0.0002826628779486176,True,State|City,2814,335,20,158686,Male-Female,-0.0226317968222568,-0.01961347595328633
Victim Sex,named_all,graphsage_fairloss_a10_mb,graphsage_fairloss_a100_mb,tpr,signed_gap,-0.004338811665712483,-0.00770521477772255,-0.00095966623405385,True,State|City,2814,335,20,158686,Male-Female,-0.02050554033006935,-0.016166728664356866
Victim Sex,named_all,graphsage_fairloss_a10_mb,graphsage_fairloss_a100_mb,fpr,signed_gap,0.0005581124969183393,-0.004521005693661542,0.005687760105499428,False,State|City,2814,335,20,158686,Male-Female,0.01604893320220918,0.015490820705290842
Victim Sex,named_all,graphsage_fairloss_a10_mb,graphsage_fairloss_a100_mb,selection_rate,gap,0.002632381034335163,-0.0001392417912618432,0.005506625381883984,False,State|City,2814,242,30,151094,,,
Victim Sex,named_all,graphsage_fairloss_a10_mb,graphsage_fairloss_a100_mb,selection_rate,amplification,0.03943691844214159,-0.0021216119153442707,0.08277574432481433,False,State|City,2814,242,30,151094,,,
Victim Sex,named_all,graphsage_fairloss_a10_mb,graphsage_fairloss_a100_mb,tpr,gap,0.0038653788816963575,0.00036202198985930696,0.00746363846265594,True,State|City,2814,242,30,151094,,,
Victim Sex,named_all,graphsage_fairloss_a10_mb,graphsage_fairloss_a100_mb,tpr,amplification,0.057909029778409615,0.005530839674602296,0.11252254611944859,True,State|City,2814,242,30,151094,,,
Victim Sex,named_all,graphsage_fairloss_a10_mb,graphsage_fairloss_a100_mb,fpr,gap,0.0005537740648056677,-0.004746968935155219,0.0055789546033794225,False,State|City,2814,242,30,151094,,,
Victim Sex,named_all,graphsage_fairloss_a10_mb,graphsage_fairloss_a100_mb,fpr,amplification,0.008296345530627192,-0.07074698703547631,0.08183801317684893,False,State|City,2814,242,30,151094,,,
Victim Sex,named_all,graphsage_fairloss_a10_mb,graphsage_fairloss_a100_mb,selection_rate,signed_gap,-0.002632381034335163,-0.005506625381883984,0.00013924179126184315,False,State|City,2814,242,30,151094,Male-Female,-0.024443077904900523,-0.02181069687056536
Victim Sex,named_all,graphsage_fairloss_a10_mb,graphsage_fairloss_a100_mb,tpr,signed_gap,-0.0038653788816963575,-0.007463638462655941,-0.0003620219898593077,True,State|City,2814,242,30,151094,Male-Female,-0.02149145974724731,-0.017626080865550953
Victim Sex,named_all,graphsage_fairloss_a10_mb,graphsage_fairloss_a100_mb,fpr,signed_gap,0.0005537740648056677,-0.004747957889479562,0.0055789754499273175,False,State|City,2814,242,30,151094,Male-Female,0.011711482350169056,0.011157708285363388
Victim Sex,named_all,graphsage_fairloss_a10_mb,graphsage_fairloss_a100_mb,selection_rate,gap,0.0025424379838396294,-0.0003397469411649423,0.0056502573429772045,False,State|City,2814,156,50,139592,,,
Victim Sex,named_all,graphsage_fairloss_a10_mb,graphsage_fairloss_a100_mb,selection_rate,amplification,0.035582778407482196,-0.005038925633076228,0.07894569584719104,False,State|City,2814,156,50,139592,,,
Victim Sex,named_all,graphsage_fairloss_a10_mb,graphsage_fairloss_a100_mb,tpr,gap,0.0038409491451641964,0.00037753502757498225,0.007484970370246939,True,State|City,2814,156,50,139592,,,
Victim Sex,named_all,graphsage_fairloss_a10_mb,graphsage_fairloss_a100_mb,tpr,amplification,0.053756136108532415,0.005366815447499275,0.10616169407091813,True,State|City,2814,156,50,139592,,,
Victim Sex,named_all,graphsage_fairloss_a10_mb,graphsage_fairloss_a100_mb,fpr,gap,0.0006916791273737233,-0.00471684102083684,0.00589486851987148,False,State|City,2814,156,50,139592,,,
Victim Sex,named_all,graphsage_fairloss_a10_mb,graphsage_fairloss_a100_mb,fpr,amplification,0.009680419060311002,-0.06455185447163264,0.0804271069123981,False,State|City,2814,156,50,139592,,,
Victim Sex,named_all,graphsage_fairloss_a10_mb,graphsage_fairloss_a100_mb,selection_rate,signed_gap,-0.0025424379838396294,-0.005650257342977205,0.0003397469411649418,False,State|City,2814,156,50,139592,Male-Female,-0.02747764298137889,-0.024935204997539262
Victim Sex,named_all,graphsage_fairloss_a10_mb,graphsage_fairloss_a100_mb,tpr,signed_gap,-0.0038409491451641964,-0.00748497037024694,-0.00037753502757498263,True,State|City,2814,156,50,139592,Male-Female,-0.02369240545172413,-0.019851456306559934
Victim Sex,named_all,graphsage_fairloss_a10_mb,graphsage_fairloss_a100_mb,fpr,signed_gap,0.0006916791273737233,-0.00471684102083684,0.005944701760835325,False,State|City,2814,156,50,139592,Male-Female,0.009266052190735452,0.008574373063361729
Victim Sex,named_n>=5000,graphsage_fairloss_a10_mb,graphsage_fairloss_a100_mb,selection_rate,gap,0.00301832086897047,0.00028266287794861684,0.005900744705834665,True,State|City,2814,335,20,158686,,,
Victim Sex,named_n>=5000,graphsage_fairloss_a10_mb,graphsage_fairloss_a100_mb,selection_rate,amplification,0.04679441266512452,0.00451147954433407,0.0904284086433369,True,State|City,2814,335,20,158686,,,
Victim Sex,named_n>=5000,graphsage_fairloss_a10_mb,graphsage_fairloss_a100_mb,tpr,gap,0.004338811665712483,0.0009596662340538493,0.007705214777722549,True,State|City,2814,335,20,158686,,,
Victim Sex,named_n>=5000,graphsage_fairloss_a10_mb,graphsage_fairloss_a100_mb,tpr,amplification,0.06726658707788719,0.01504683158486513,0.12027002926449407,True,State|City,2814,335,20,158686,,,
Victim Sex,named_n>=5000,graphsage_fairloss_a10_mb,graphsage_fairloss_a100_mb,fpr,gap,0.0005581124969183393,-0.004521005693661542,0.005687760105499428,False,State|City,2814,335,20,158686,,,
Victim Sex,named_n>=5000,graphsage_fairloss_a10_mb,graphsage_fairloss_a100_mb,fpr,amplification,0.008652673995945298,-0.07166692527518236,0.08835398282134405,False,State|City,2814,335,20,158686,,,
Victim Sex,named_n>=5000,graphsage_fairloss_a10_mb,graphsage_fairloss_a100_mb,selection_rate,signed_gap,-0.00301832086897047,-0.005900744705834665,-0.0002826628779486176,True,State|City,2814,335,20,158686,Male-Female,-0.0226317968222568,-0.01961347595328633
Victim Sex,named_n>=5000,graphsage_fairloss_a10_mb,graphsage_fairloss_a100_mb,tpr,signed_gap,-0.004338811665712483,-0.00770521477772255,-0.00095966623405385,True,State|City,2814,335,20,158686,Male-Female,-0.02050554033006935,-0.016166728664356866
Victim Sex,named_n>=5000,graphsage_fairloss_a10_mb,graphsage_fairloss_a100_mb,fpr,signed_gap,0.0005581124969183393,-0.004521005693661542,0.005687760105499428,False,State|City,2814,335,20,158686,Male-Female,0.01604893320220918,0.015490820705290842
Victim Sex,named_n>=5000,graphsage_fairloss_a10_mb,graphsage_fairloss_a100_mb,selection_rate,gap,0.002632381034335163,-0.0001392417912618432,0.005506625381883984,False,State|City,2814,242,30,151094,,,
Victim Sex,named_n>=5000,graphsage_fairloss_a10_mb,graphsage_fairloss_a100_mb,selection_rate,amplification,0.03943691844214159,-0.0021216119153442707,0.08277574432481433,False,State|City,2814,242,30,151094,,,
Victim Sex,named_n>=5000,graphsage_fairloss_a10_mb,graphsage_fairloss_a100_mb,tpr,gap,0.0038653788816963575,0.00036202198985930696,0.00746363846265594,True,State|City,2814,242,30,151094,,,
Victim Sex,named_n>=5000,graphsage_fairloss_a10_mb,graphsage_fairloss_a100_mb,tpr,amplification,0.057909029778409615,0.005530839674602296,0.11252254611944859,True,State|City,2814,242,30,151094,,,
Victim Sex,named_n>=5000,graphsage_fairloss_a10_mb,graphsage_fairloss_a100_mb,fpr,gap,0.0005537740648056677,-0.004746968935155219,0.0055789546033794225,False,State|City,2814,242,30,151094,,,
Victim Sex,named_n>=5000,graphsage_fairloss_a10_mb,graphsage_fairloss_a100_mb,fpr,amplification,0.008296345530627192,-0.07074698703547631,0.08183801317684893,False,State|City,2814,242,30,151094,,,
Victim Sex,named_n>=5000,graphsage_fairloss_a10_mb,graphsage_fairloss_a100_mb,selection_rate,signed_gap,-0.002632381034335163,-0.005506625381883984,0.00013924179126184315,False,State|City,2814,242,30,151094,Male-Female,-0.024443077904900523,-0.02181069687056536
Victim Sex,named_n>=5000,graphsage_fairloss_a10_mb,graphsage_fairloss_a100_mb,tpr,signed_gap,-0.0038653788816963575,-0.007463638462655941,-0.0003620219898593077,True,State|City,2814,242,30,151094,Male-Female,-0.02149145974724731,-0.017626080865550953
Victim Sex,named_n>=5000,graphsage_fairloss_a10_mb,graphsage_fairloss_a100_mb,fpr,signed_gap,0.0005537740648056677,-0.004747957889479562,0.0055789754499273175,False,State|City,2814,242,30,151094,Male-Female,0.011711482350169056,0.011157708285363388
Victim Sex,named_n>=5000,graphsage_fairloss_a10_mb,graphsage_fairloss_a100_mb,selection_rate,gap,0.0025424379838396294,-0.0003397469411649423,0.0056502573429772045,False,State|City,2814,156,50,139592,,,
Victim Sex,named_n>=5000,graphsage_fairloss_a10_mb,graphsage_fairloss_a100_mb,selection_rate,amplification,0.035582778407482196,-0.005038925633076228,0.07894569584719104,False,State|City,2814,156,50,139592,,,
Victim Sex,named_n>=5000,graphsage_fairloss_a10_mb,graphsage_fairloss_a100_mb,tpr,gap,0.0038409491451641964,0.00037753502757498225,0.007484970370246939,True,State|City,2814,156,50,139592,,,
Victim Sex,named_n>=5000,graphsage_fairloss_a10_mb,graphsage_fairloss_a100_mb,tpr,amplification,0.053756136108532415,0.005366815447499275,0.10616169407091813,True,State|City,2814,156,50,139592,,,
Victim Sex,named_n>=5000,graphsage_fairloss_a10_mb,graphsage_fairloss_a100_mb,fpr,gap,0.0006916791273737233,-0.00471684102083684,0.00589486851987148,False,State|City,2814,156,50,139592,,,
Victim Sex,named_n>=5000,graphsage_fairloss_a10_mb,graphsage_fairloss_a100_mb,fpr,amplification,0.009680419060311002,-0.06455185447163264,0.0804271069123981,False,State|City,2814,156,50,139592,,,
Victim Sex,named_n>=5000,graphsage_fairloss_a10_mb,graphsage_fairloss_a100_mb,selection_rate,signed_gap,-0.0025424379838396294,-0.005650257342977205,0.0003397469411649418,False,State|City,2814,156,50,139592,Male-Female,-0.02747764298137889,-0.024935204997539262
Victim Sex,named_n>=5000,graphsage_fairloss_a10_mb,graphsage_fairloss_a100_mb,tpr,signed_gap,-0.0038409491451641964,-0.00748497037024694,-0.00037753502757498263,True,State|City,2814,156,50,139592,Male-Female,-0.02369240545172413,-0.019851456306559934
Victim Sex,named_n>=5000,graphsage_fairloss_a10_mb,graphsage_fairloss_a100_mb,fpr,signed_gap,0.0006916791273737233,-0.00471684102083684,0.005944701760835325,False,State|City,2814,156,50,139592,Male-Female,0.009266052190735452,0.008574373063361729
Victim Sex,named_all,graphsage_fairloss_a25_mb,graphsage_fairloss_a50_mb,selection_rate,gap,-0.002545264990470364,-0.004763953274532609,-0.000344910411688683,True,State|City,2814,335,20,158686,,,
Victim Sex,named_all,graphsage_fairloss_a25_mb,graphsage_fairloss_a50_mb,selection_rate,amplification,-0.039460410432370696,-0.07417525614081065,-0.005312929284443398,True,State|City,2814,335,20,158686,,,
Victim Sex,named_all,graphsage_fairloss_a25_mb,graphsage_fairloss_a50_mb,tpr,gap,-0.0021786936938705814,-0.004816027849598251,0.00017075021552272977,False,State|City,2814,335,20,158686,,,
Victim Sex,named_all,graphsage_fairloss_a25_mb,graphsage_fairloss_a50_mb,tpr,amplification,-0.03377728750775899,-0.07556535056147044,0.0026671581914896516,False,State|City,2814,335,20,158686,,,
Victim Sex,named_all,graphsage_fairloss_a25_mb,graphsage_fairloss_a50_mb,fpr,gap,0.004900070984788785,0.0004180110548207383,0.009515221965268208,True,State|City,2814,335,20,158686,,,
Victim Sex,named_all,graphsage_fairloss_a25_mb,graphsage_fairloss_a50_mb,fpr,amplification,0.0759680477009129,0.006398560518946386,0.14551789873797935,True,State|City,2814,335,20,158686,,,
Victim Sex,named_all,graphsage_fairloss_a25_mb,graphsage_fairloss_a50_mb,selection_rate,signed_gap,0.002545264990470364,0.0003449104116886815,0.004763953274532609,True,State|City,2814,335,20,158686,Male-Female,-0.02128947811601123,-0.023834743106481593
Victim Sex,named_all,graphsage_fairloss_a25_mb,graphsage_fairloss_a50_mb,tpr,signed_gap,0.0021786936938705814,-0.00017075021552273025,0.00481602784959825,False,State|City,2814,335,20,158686,Male-Female,-0.01850143834857554,-0.02068013204244612
Victim Sex,named_all,graphsage_fairloss_a25_mb,graphsage_fairloss_a50_mb,fpr,signed_gap,0.004900070984788785,0.00044759582768962166,0.00956386070475416,True,State|City,2814,335,20,158686,Male-Female,0.017486306352851644,0.01258623536806286
Victim Sex,named_all,graphsage_fairloss_a25_mb,graphsage_fairloss_a50_mb,selection_rate,gap,-0.0029292919968328945,-0.005190496080890919,-0.0006654907908745928,True,State|City,2814,242,30,151094,,,
Victim Sex,named_all,graphsage_fairloss_a25_mb,graphsage_fairloss_a50_mb,selection_rate,amplification,-0.04388507897052729,-0.07780457415211686,-0.010046454677837373,True,State|City,2814,242,30,151094,,,
Victim Sex,named_all,graphsage_fairloss_a25_mb,graphsage_fairloss_a50_mb,tpr,gap,-0.0025971115921411547,-0.00545951967542595,0.00022297503590240606,False,State|City,2814,242,30,151094,,,
Victim Sex,named_all,graphsage_fairloss_a25_mb,graphsage_fairloss_a50_mb,tpr,amplification,-0.03890853060726407,-0.08096701190874955,0.003348298391591779,False,State|City,2814,242,30,151094,,,
Victim Sex,named_all,graphsage_fairloss_a25_mb,graphsage_fairloss_a50_mb,fpr,gap,0.004925918743440838,-0.0006891962869818676,0.009584655022364275,False,State|City,2814,242,30,151094,,,
Victim Sex,named_all,graphsage_fairloss_a25_mb,graphsage_fairloss_a50_mb,fpr,amplification,0.07379746822509536,-0.010081651191542852,0.148062087952553,False,State|City,2814,242,30,151094,,,
Victim Sex,named_all,graphsage_fairloss_a25_mb,graphsage_fairloss_a50_mb,selection_rate,signed_gap,0.0029292919968328945,0.0006654907908745927,0.005190496080890919,True,State|City,2814,242,30,151094,Male-Female,-0.023102088538047072,-0.026031380534879967
Victim Sex,named_all,graphsage_fairloss_a25_mb,graphsage_fairloss_a50_mb,tpr,signed_gap,0.0025971115921411547,-0.00022297503590240628,0.005459519675425949,False,State|City,2814,242,30,151094,Male-Female,-0.01961710134878214,-0.022214212940923295
Victim Sex,named_all,graphsage_fairloss_a25_mb,graphsage_fairloss_a50_mb,fpr,signed_gap,0.004925918743440838,0.00038503684324259495,0.009794914980630124,True,State|City,2814,242,30,151094,Male-Female,0.013621522073636316,0.008695603330195478
Victim Sex,named_all,graphsage_fairloss_a25_mb,graphsage_fairloss_a50_mb,selection_rate,gap,-0.0030892775972227726,-0.005450974890337207,-0.0007177333928314434,True,State|City,2814,156,50,139592,,,
Victim Sex,named_all,graphsage_fairloss_a25_mb,graphsage_fairloss_a50_mb,selection_rate,amplification,-0.043236091059010384,-0.0768188946625908,-0.009705988297575295,True,State|City,2814,156,50,139592,,,
Victim Sex,named_all,graphsage_fairloss_a25_mb,graphsage_fairloss_a50_mb,tpr,gap,-0.0028255348220636023,-0.005665842776649302,0.0002444709336666782,False,State|City,2814,156,50,139592,,,
Victim Sex,named_all,graphsage_fairloss_a25_mb,graphsage_fairloss_a50_mb,tpr,amplification,-0.039544869961498974,-0.08141787417749836,0.003577249463094231,False,State|City,2814,156,50,139592,,,
Victim Sex,named_all,graphsage_fairloss_a25_mb,graphsage_fairloss_a50_mb,fpr,gap,0.00429240586367069,-0.0019018699238033425,0.008549476304796093,False,State|City,2814,156,50,139592,,,
Victim Sex,named_all,graphsage_fairloss_a25_mb,graphsage_fairloss_a50_mb,fpr,amplification,0.06007451416821094,-0.02608104863765638,0.11939669108398113,False,State|City,2814,156,50,139592,,,
Victim Sex,named_all,graphsage_fairloss_a25_mb,graphsage_fairloss_a50_mb,selection_rate,signed_gap,0.0030892775972227726,0.0007177333928314433,0.005450974890337207,True,State|City,2814,156,50,139592,Male-Female,-0.026225323891084007,-0.02931460148830678
Victim Sex,named_all,graphsage_fairloss_a25_mb,graphsage_fairloss_a50_mb,tpr,signed_gap,0.0028255348220636023,-0.0002444709336666794,0.005665842776649299,False,State|City,2814,156,50,139592,Male-Female,-0.02191320279861897,-0.02473873762068257
Victim Sex,named_all,graphsage_fairloss_a25_mb,graphsage_fairloss_a50_mb,fpr,signed_gap,0.00429240586367069,-0.0001192752050536219,0.00890028917430771,False,State|City,2814,156,50,139592,Male-Female,0.011108327263240014,0.006815921399569325
Victim Sex,named_n>=5000,graphsage_fairloss_a25_mb,graphsage_fairloss_a50_mb,selection_rate,gap,-0.002545264990470364,-0.004763953274532609,-0.000344910411688683,True,State|City,2814,335,20,158686,,,
Victim Sex,named_n>=5000,graphsage_fairloss_a25_mb,graphsage_fairloss_a50_mb,selection_rate,amplification,-0.039460410432370696,-0.07417525614081065,-0.005312929284443398,True,State|City,2814,335,20,158686,,,
Victim Sex,named_n>=5000,graphsage_fairloss_a25_mb,graphsage_fairloss_a50_mb,tpr,gap,-0.0021786936938705814,-0.004816027849598251,0.00017075021552272977,False,State|City,2814,335,20,158686,,,
Victim Sex,named_n>=5000,graphsage_fairloss_a25_mb,graphsage_fairloss_a50_mb,tpr,amplification,-0.03377728750775899,-0.07556535056147044,0.0026671581914896516,False,State|City,2814,335,20,158686,,,
Victim Sex,named_n>=5000,graphsage_fairloss_a25_mb,graphsage_fairloss_a50_mb,fpr,gap,0.004900070984788785,0.0004180110548207383,0.009515221965268208,True,State|City,2814,335,20,158686,,,
Victim Sex,named_n>=5000,graphsage_fairloss_a25_mb,graphsage_fairloss_a50_mb,fpr,amplification,0.0759680477009129,0.006398560518946386,0.14551789873797935,True,State|City,2814,335,20,158686,,,
Victim Sex,named_n>=5000,graphsage_fairloss_a25_mb,graphsage_fairloss_a50_mb,selection_rate,signed_gap,0.002545264990470364,0.0003449104116886815,0.004763953274532609,True,State|City,2814,335,20,158686,Male-Female,-0.02128947811601123,-0.023834743106481593
Victim Sex,named_n>=5000,graphsage_fairloss_a25_mb,graphsage_fairloss_a50_mb,tpr,signed_gap,0.0021786936938705814,-0.00017075021552273025,0.00481602784959825,False,State|City,2814,335,20,158686,Male-Female,-0.01850143834857554,-0.02068013204244612
Victim Sex,named_n>=5000,graphsage_fairloss_a25_mb,graphsage_fairloss_a50_mb,fpr,signed_gap,0.004900070984788785,0.00044759582768962166,0.00956386070475416,True,State|City,2814,335,20,158686,Male-Female,0.017486306352851644,0.01258623536806286
Victim Sex,named_n>=5000,graphsage_fairloss_a25_mb,graphsage_fairloss_a50_mb,selection_rate,gap,-0.0029292919968328945,-0.005190496080890919,-0.0006654907908745928,True,State|City,2814,242,30,151094,,,
Victim Sex,named_n>=5000,graphsage_fairloss_a25_mb,graphsage_fairloss_a50_mb,selection_rate,amplification,-0.04388507897052729,-0.07780457415211686,-0.010046454677837373,True,State|City,2814,242,30,151094,,,
Victim Sex,named_n>=5000,graphsage_fairloss_a25_mb,graphsage_fairloss_a50_mb,tpr,gap,-0.0025971115921411547,-0.00545951967542595,0.00022297503590240606,False,State|City,2814,242,30,151094,,,
Victim Sex,named_n>=5000,graphsage_fairloss_a25_mb,graphsage_fairloss_a50_mb,tpr,amplification,-0.03890853060726407,-0.08096701190874955,0.003348298391591779,False,State|City,2814,242,30,151094,,,
Victim Sex,named_n>=5000,graphsage_fairloss_a25_mb,graphsage_fairloss_a50_mb,fpr,gap,0.004925918743440838,-0.0006891962869818676,0.009584655022364275,False,State|City,2814,242,30,151094,,,
Victim Sex,named_n>=5000,graphsage_fairloss_a25_mb,graphsage_fairloss_a50_mb,fpr,amplification,0.07379746822509536,-0.010081651191542852,0.148062087952553,False,State|City,2814,242,30,151094,,,
Victim Sex,named_n>=5000,graphsage_fairloss_a25_mb,graphsage_fairloss_a50_mb,selection_rate,signed_gap,0.0029292919968328945,0.0006654907908745927,0.005190496080890919,True,State|City,2814,242,30,151094,Male-Female,-0.023102088538047072,-0.026031380534879967
Victim Sex,named_n>=5000,graphsage_fairloss_a25_mb,graphsage_fairloss_a50_mb,tpr,signed_gap,0.0025971115921411547,-0.00022297503590240628,0.005459519675425949,False,State|City,2814,242,30,151094,Male-Female,-0.01961710134878214,-0.022214212940923295
Victim Sex,named_n>=5000,graphsage_fairloss_a25_mb,graphsage_fairloss_a50_mb,fpr,signed_gap,0.004925918743440838,0.00038503684324259495,0.009794914980630124,True,State|City,2814,242,30,151094,Male-Female,0.013621522073636316,0.008695603330195478
Victim Sex,named_n>=5000,graphsage_fairloss_a25_mb,graphsage_fairloss_a50_mb,selection_rate,gap,-0.0030892775972227726,-0.005450974890337207,-0.0007177333928314434,True,State|City,2814,156,50,139592,,,
Victim Sex,named_n>=5000,graphsage_fairloss_a25_mb,graphsage_fairloss_a50_mb,selection_rate,amplification,-0.043236091059010384,-0.0768188946625908,-0.009705988297575295,True,State|City,2814,156,50,139592,,,
Victim Sex,named_n>=5000,graphsage_fairloss_a25_mb,graphsage_fairloss_a50_mb,tpr,gap,-0.0028255348220636023,-0.005665842776649302,0.0002444709336666782,False,State|City,2814,156,50,139592,,,
Victim Sex,named_n>=5000,graphsage_fairloss_a25_mb,graphsage_fairloss_a50_mb,tpr,amplification,-0.039544869961498974,-0.08141787417749836,0.003577249463094231,False,State|City,2814,156,50,139592,,,
Victim Sex,named_n>=5000,graphsage_fairloss_a25_mb,graphsage_fairloss_a50_mb,fpr,gap,0.00429240586367069,-0.0019018699238033425,0.008549476304796093,False,State|City,2814,156,50,139592,,,
Victim Sex,named_n>=5000,graphsage_fairloss_a25_mb,graphsage_fairloss_a50_mb,fpr,amplification,0.06007451416821094,-0.02608104863765638,0.11939669108398113,False,State|City,2814,156,50,139592,,,
Victim Sex,named_n>=5000,graphsage_fairloss_a25_mb,graphsage_fairloss_a50_mb,selection_rate,signed_gap,0.0030892775972227726,0.0007177333928314433,0.005450974890337207,True,State|City,2814,156,50,139592,Male-Female,-0.026225323891084007,-0.02931460148830678
Victim Sex,named_n>=5000,graphsage_fairloss_a25_mb,graphsage_fairloss_a50_mb,tpr,signed_gap,0.0028255348220636023,-0.0002444709336666794,0.005665842776649299,False,State|City,2814,156,50,139592,Male-Female,-0.02191320279861897,-0.02473873762068257
Victim Sex,named_n>=5000,graphsage_fairloss_a25_mb,graphsage_fairloss_a50_mb,fpr,signed_gap,0.00429240586367069,-0.0001192752050536219,0.00890028917430771,False,State|City,2814,156,50,139592,Male-Female,0.011108327263240014,0.006815921399569325
Victim Sex,named_all,graphsage_fairloss_a25_mb,graphsage_fairloss_a100_mb,selection_rate,gap,0.0016760021627248989,-0.0010241263061990219,0.0041627110292704215,False,State|City,2814,335,20,158686,,,
Victim Sex,named_all,graphsage_fairloss_a25_mb,graphsage_fairloss_a100_mb,selection_rate,amplification,0.025983830160820898,-0.015976604879144922,0.06394902954061733,False,State|City,2814,335,20,158686,,,
Victim Sex,named_all,graphsage_fairloss_a25_mb,graphsage_fairloss_a100_mb,tpr,gap,0.002334709684218672,-0.0006694588428403868,0.005445574019137858,False,State|City,2814,335,20,158686,,,
Victim Sex,named_all,graphsage_fairloss_a25_mb,graphsage_fairloss_a100_mb,tpr,amplification,0.036196074956688085,-0.010682407550704444,0.08356543918494432,False,State|City,2814,335,20,158686,,,
Victim Sex,named_all,graphsage_fairloss_a25_mb,graphsage_fairloss_a100_mb,fpr,gap,0.001995485647560802,-0.002526388999735807,0.006726211906526339,False,State|City,2814,335,20,158686,,,
Victim Sex,named_all,graphsage_fairloss_a25_mb,graphsage_fairloss_a100_mb,fpr,amplification,0.030936929144694897,-0.038157961391362405,0.10491975057406683,False,State|City,2814,335,20,158686,,,
Victim Sex,named_all,graphsage_fairloss_a25_mb,graphsage_fairloss_a100_mb,selection_rate,signed_gap,-0.0016760021627248989,-0.0041627110292704215,0.0010241263061990219,False,State|City,2814,335,20,158686,Male-Female,-0.02128947811601123,-0.01961347595328633
Victim Sex,named_all,graphsage_fairloss_a25_mb,graphsage_fairloss_a100_mb,tpr,signed_gap,-0.002334709684218672,-0.005445574019137858,0.0006694588428403862,False,State|City,2814,335,20,158686,Male-Female,-0.01850143834857554,-0.016166728664356866
Victim Sex,named_all,graphsage_fairloss_a25_mb,graphsage_fairloss_a100_mb,fpr,signed_gap,0.001995485647560802,-0.002526388999735807,0.006726211906526339,False,State|City,2814,335,20,158686,Male-Female,0.017486306352851644,0.015490820705290842
Victim Sex,named_all,graphsage_fairloss_a25_mb,graphsage_fairloss_a100_mb,selection_rate,gap,0.0012913916674817116,-0.0010713346914976996,0.003886516865160025,False,State|City,2814,242,30,151094,,,
Victim Sex,named_all,graphsage_fairloss_a25_mb,graphsage_fairloss_a100_mb,selection_rate,amplification,0.019346936177953467,-0.016431252728982538,0.06079325795932594,False,State|City,2814,242,30,151094,,,
Victim Sex,named_all,graphsage_fairloss_a25_mb,graphsage_fairloss_a100_mb,tpr,gap,0.0019910204832311873,-0.0014333144779735297,0.005114597272826268,False,State|City,2814,242,30,151094,,,
Victim Sex,named_all,graphsage_fairloss_a25_mb,graphsage_fairloss_a100_mb,tpr,amplification,0.029828399228553404,-0.02128106823747124,0.07692877223063561,False,State|City,2814,242,30,151094,,,
Victim Sex,named_all,graphsage_fairloss_a25_mb,graphsage_fairloss_a100_mb,fpr,gap,0.0024638137882729283,-0.0022223396770918572,0.007144582398730259,False,State|City,2814,242,30,151094,,,
Victim Sex,named_all,graphsage_fairloss_a25_mb,graphsage_fairloss_a100_mb,fpr,amplification,0.036911534522312606,-0.03339087724674364,0.10682347592421942,False,State|City,2814,242,30,151094,,,
Victim Sex,named_all,graphsage_fairloss_a25_mb,graphsage_fairloss_a100_mb,selection_rate,signed_gap,-0.0012913916674817116,-0.0038865168651600252,0.0010713346914976993,False,State|City,2814,242,30,151094,Male-Female,-0.023102088538047072,-0.02181069687056536
Victim Sex,named_all,graphsage_fairloss_a25_mb,graphsage_fairloss_a100_mb,tpr,signed_gap,-0.0019910204832311873,-0.005114597272826269,0.0014333144779735294,False,State|City,2814,242,30,151094,Male-Female,-0.01961710134878214,-0.017626080865550953
Victim Sex,named_all,graphsage_fairloss_a25_mb,graphsage_fairloss_a100_mb,fpr,signed_gap,0.0024638137882729283,-0.002269115290932942,0.007157551215669095,False,State|City,2814,242,30,151094,Male-Female,0.013621522073636316,0.011157708285363388
Victim Sex,named_all,graphsage_fairloss_a25_mb,graphsage_fairloss_a100_mb,selection_rate,gap,0.001290118893544745,-0.0016835405149370542,0.0041245974409663995,False,State|City,2814,156,50,139592,,,
Victim Sex,named_all,graphsage_fairloss_a25_mb,graphsage_fairloss_a100_mb,selection_rate,amplification,0.018055903428165765,-0.022798120206387044,0.05874062736863533,False,State|City,2814,156,50,139592,,,
Victim Sex,named_all,graphsage_fairloss_a25_mb,graphsage_fairloss_a100_mb,tpr,gap,0.0020617464920590356,-0.0015394630695103994,0.005752013932826608,False,State|City,2814,156,50,139592,,,
Victim Sex,named_all,graphsage_fairloss_a25_mb,graphsage_fairloss_a100_mb,tpr,amplification,0.028855244071104957,-0.021863391873216897,0.08093348049596058,False,State|City,2814,156,50,139592,,,
Victim Sex,named_all,graphsage_fairloss_a25_mb,graphsage_fairloss_a100_mb,fpr,gap,0.0025339541998782855,-0.0026419723247603955,0.006947959024685338,False,State|City,2814,156,50,139592,,,
Victim Sex,named_all,graphsage_fairloss_a25_mb,graphsage_fairloss_a100_mb,fpr,amplification,0.035464043316725924,-0.03757486776160783,0.09669328579833861,False,State|City,2814,156,50,139592,,,
Victim Sex,named_all,graphsage_fairloss_a25_mb,graphsage_fairloss_a100_mb,selection_rate,signed_gap,-0.001290118893544745,-0.004124597440966401,0.001683540514937054,False,State|City,2814,156,50,139592,Male-Female,-0.026225323891084007,-0.024935204997539262
Victim Sex,named_all,graphsage_fairloss_a25_mb,graphsage_fairloss_a100_mb,tpr,signed_gap,-0.0020617464920590356,-0.005752013932826608,0.0015394630695103992,False,State|City,2814,156,50,139592,Male-Female,-0.02191320279861897,-0.019851456306559934
Victim Sex,named_all,graphsage_fairloss_a25_mb,graphsage_fairloss_a100_mb,fpr,signed_gap,0.0025339541998782855,-0.0018383219593004763,0.007173249344169118,False,State|City,2814,156,50,139592,Male-Female,0.011108327263240014,0.008574373063361729
Victim Sex,named_n>=5000,graphsage_fairloss_a25_mb,graphsage_fairloss_a100_mb,selection_rate,gap,0.0016760021627248989,-0.0010241263061990219,0.0041627110292704215,False,State|City,2814,335,20,158686,,,
Victim Sex,named_n>=5000,graphsage_fairloss_a25_mb,graphsage_fairloss_a100_mb,selection_rate,amplification,0.025983830160820898,-0.015976604879144922,0.06394902954061733,False,State|City,2814,335,20,158686,,,
Victim Sex,named_n>=5000,graphsage_fairloss_a25_mb,graphsage_fairloss_a100_mb,tpr,gap,0.002334709684218672,-0.0006694588428403868,0.005445574019137858,False,State|City,2814,335,20,158686,,,
Victim Sex,named_n>=5000,graphsage_fairloss_a25_mb,graphsage_fairloss_a100_mb,tpr,amplification,0.036196074956688085,-0.010682407550704444,0.08356543918494432,False,State|City,2814,335,20,158686,,,
Victim Sex,named_n>=5000,graphsage_fairloss_a25_mb,graphsage_fairloss_a100_mb,fpr,gap,0.001995485647560802,-0.002526388999735807,0.006726211906526339,False,State|City,2814,335,20,158686,,,
Victim Sex,named_n>=5000,graphsage_fairloss_a25_mb,graphsage_fairloss_a100_mb,fpr,amplification,0.030936929144694897,-0.038157961391362405,0.10491975057406683,False,State|City,2814,335,20,158686,,,
Victim Sex,named_n>=5000,graphsage_fairloss_a25_mb,graphsage_fairloss_a100_mb,selection_rate,signed_gap,-0.0016760021627248989,-0.0041627110292704215,0.0010241263061990219,False,State|City,2814,335,20,158686,Male-Female,-0.02128947811601123,-0.01961347595328633
Victim Sex,named_n>=5000,graphsage_fairloss_a25_mb,graphsage_fairloss_a100_mb,tpr,signed_gap,-0.002334709684218672,-0.005445574019137858,0.0006694588428403862,False,State|City,2814,335,20,158686,Male-Female,-0.01850143834857554,-0.016166728664356866
Victim Sex,named_n>=5000,graphsage_fairloss_a25_mb,graphsage_fairloss_a100_mb,fpr,signed_gap,0.001995485647560802,-0.002526388999735807,0.006726211906526339,False,State|City,2814,335,20,158686,Male-Female,0.017486306352851644,0.015490820705290842
Victim Sex,named_n>=5000,graphsage_fairloss_a25_mb,graphsage_fairloss_a100_mb,selection_rate,gap,0.0012913916674817116,-0.0010713346914976996,0.003886516865160025,False,State|City,2814,242,30,151094,,,
Victim Sex,named_n>=5000,graphsage_fairloss_a25_mb,graphsage_fairloss_a100_mb,selection_rate,amplification,0.019346936177953467,-0.016431252728982538,0.06079325795932594,False,State|City,2814,242,30,151094,,,
Victim Sex,named_n>=5000,graphsage_fairloss_a25_mb,graphsage_fairloss_a100_mb,tpr,gap,0.0019910204832311873,-0.0014333144779735297,0.005114597272826268,False,State|City,2814,242,30,151094,,,
Victim Sex,named_n>=5000,graphsage_fairloss_a25_mb,graphsage_fairloss_a100_mb,tpr,amplification,0.029828399228553404,-0.02128106823747124,0.07692877223063561,False,State|City,2814,242,30,151094,,,
Victim Sex,named_n>=5000,graphsage_fairloss_a25_mb,graphsage_fairloss_a100_mb,fpr,gap,0.0024638137882729283,-0.0022223396770918572,0.007144582398730259,False,State|City,2814,242,30,151094,,,
Victim Sex,named_n>=5000,graphsage_fairloss_a25_mb,graphsage_fairloss_a100_mb,fpr,amplification,0.036911534522312606,-0.03339087724674364,0.10682347592421942,False,State|City,2814,242,30,151094,,,
Victim Sex,named_n>=5000,graphsage_fairloss_a25_mb,graphsage_fairloss_a100_mb,selection_rate,signed_gap,-0.0012913916674817116,-0.0038865168651600252,0.0010713346914976993,False,State|City,2814,242,30,151094,Male-Female,-0.023102088538047072,-0.02181069687056536
Victim Sex,named_n>=5000,graphsage_fairloss_a25_mb,graphsage_fairloss_a100_mb,tpr,signed_gap,-0.0019910204832311873,-0.005114597272826269,0.0014333144779735294,False,State|City,2814,242,30,151094,Male-Female,-0.01961710134878214,-0.017626080865550953
Victim Sex,named_n>=5000,graphsage_fairloss_a25_mb,graphsage_fairloss_a100_mb,fpr,signed_gap,0.0024638137882729283,-0.002269115290932942,0.007157551215669095,False,State|City,2814,242,30,151094,Male-Female,0.013621522073636316,0.011157708285363388
Victim Sex,named_n>=5000,graphsage_fairloss_a25_mb,graphsage_fairloss_a100_mb,selection_rate,gap,0.001290118893544745,-0.0016835405149370542,0.0041245974409663995,False,State|City,2814,156,50,139592,,,
Victim Sex,named_n>=5000,graphsage_fairloss_a25_mb,graphsage_fairloss_a100_mb,selection_rate,amplification,0.018055903428165765,-0.022798120206387044,0.05874062736863533,False,State|City,2814,156,50,139592,,,
Victim Sex,named_n>=5000,graphsage_fairloss_a25_mb,graphsage_fairloss_a100_mb,tpr,gap,0.0020617464920590356,-0.0015394630695103994,0.005752013932826608,False,State|City,2814,156,50,139592,,,
Victim Sex,named_n>=5000,graphsage_fairloss_a25_mb,graphsage_fairloss_a100_mb,tpr,amplification,0.028855244071104957,-0.021863391873216897,0.08093348049596058,False,State|City,2814,156,50,139592,,,
Victim Sex,named_n>=5000,graphsage_fairloss_a25_mb,graphsage_fairloss_a100_mb,fpr,gap,0.0025339541998782855,-0.0026419723247603955,0.006947959024685338,False,State|City,2814,156,50,139592,,,
Victim Sex,named_n>=5000,graphsage_fairloss_a25_mb,graphsage_fairloss_a100_mb,fpr,amplification,0.035464043316725924,-0.03757486776160783,0.09669328579833861,False,State|City,2814,156,50,139592,,,
Victim Sex,named_n>=5000,graphsage_fairloss_a25_mb,graphsage_fairloss_a100_mb,selection_rate,signed_gap,-0.001290118893544745,-0.004124597440966401,0.001683540514937054,False,State|City,2814,156,50,139592,Male-Female,-0.026225323891084007,-0.024935204997539262
Victim Sex,named_n>=5000,graphsage_fairloss_a25_mb,graphsage_fairloss_a100_mb,tpr,signed_gap,-0.0020617464920590356,-0.005752013932826608,0.0015394630695103992,False,State|City,2814,156,50,139592,Male-Female,-0.02191320279861897,-0.019851456306559934
Victim Sex,named_n>=5000,graphsage_fairloss_a25_mb,graphsage_fairloss_a100_mb,fpr,signed_gap,0.0025339541998782855,-0.0018383219593004763,0.007173249344169118,False,State|City,2814,156,50,139592,Male-Female,0.011108327263240014,0.008574373063361729
Victim Sex,named_all,graphsage_fairloss_a50_mb,graphsage_fairloss_a100_mb,selection_rate,gap,0.004221267153195263,0.0018565309764220967,0.006890551323178512,True,State|City,2814,335,20,158686,,,
Victim Sex,named_all,graphsage_fairloss_a50_mb,graphsage_fairloss_a100_mb,selection_rate,amplification,0.0654442405931916,0.028476654241661795,0.10742662753844981,True,State|City,2814,335,20,158686,,,
Victim Sex,named_all,graphsage_fairloss_a50_mb,graphsage_fairloss_a100_mb,tpr,gap,0.0045134033780892535,0.0015453871179991585,0.007599914606016055,True,State|City,2814,335,20,158686,,,
Victim Sex,named_all,graphsage_fairloss_a50_mb,graphsage_fairloss_a100_mb,tpr,amplification,0.06997336246444708,0.02387240108912401,0.11828521547581719,True,State|City,2814,335,20,158686,,,
Victim Sex,named_all,graphsage_fairloss_a50_mb,graphsage_fairloss_a100_mb,fpr,gap,-0.002904585337227983,-0.007446203921577718,0.0013910351463918694,False,State|City,2814,335,20,158686,,,
Victim Sex,named_all,graphsage_fairloss_a50_mb,graphsage_fairloss_a100_mb,fpr,amplification,-0.045031118556218,-0.11790993566063357,0.021552828113761215,False,State|City,2814,335,20,158686,,,
Victim Sex,named_all,graphsage_fairloss_a50_mb,graphsage_fairloss_a100_mb,selection_rate,signed_gap,-0.004221267153195263,-0.006890551323178512,-0.0018565309764220974,True,State|City,2814,335,20,158686,Male-Female,-0.023834743106481593,-0.01961347595328633
Victim Sex,named_all,graphsage_fairloss_a50_mb,graphsage_fairloss_a100_mb,tpr,signed_gap,-0.0045134033780892535,-0.007599914606016056,-0.0015453871179991585,True,State|City,2814,335,20,158686,Male-Female,-0.02068013204244612,-0.016166728664356866
Victim Sex,named_all,graphsage_fairloss_a50_mb,graphsage_fairloss_a100_mb,fpr,signed_gap,-0.002904585337227983,-0.007446203921577718,0.0013910351463918694,False,State|City,2814,335,20,158686,Male-Female,0.01258623536806286,0.015490820705290842
Victim Sex,named_all,graphsage_fairloss_a50_mb,graphsage_fairloss_a100_mb,selection_rate,gap,0.004220683664314606,0.0015999712515436817,0.006953775268772516,True,State|City,2814,242,30,151094,,,
Victim Sex,named_all,graphsage_fairloss_a50_mb,graphsage_fairloss_a100_mb,selection_rate,amplification,0.06323201514848076,0.0239213172795134,0.10328526497631668,True,State|City,2814,242,30,151094,,,
Victim Sex,named_all,graphsage_fairloss_a50_mb,graphsage_fairloss_a100_mb,tpr,gap,0.004588132075372342,0.0013599407191850932,0.008002993191149919,True,State|City,2814,242,30,151094,,,
Victim Sex,named_all,graphsage_fairloss_a50_mb,graphsage_fairloss_a100_mb,tpr,amplification,0.06873692983581747,0.020161695734382177,0.1202349323383511,True,State|City,2814,242,30,151094,,,
Victim Sex,named_all,graphsage_fairloss_a50_mb,graphsage_fairloss_a100_mb,fpr,gap,-0.0024621049551679097,-0.0072390009662182475,0.0028249549454748345,False,State|City,2814,242,30,151094,,,
Victim Sex,named_all,graphsage_fairloss_a50_mb,graphsage_fairloss_a100_mb,fpr,amplification,-0.03688593370278276,-0.10900717710872969,0.04300964537005761,False,State|City,2814,242,30,151094,,,
Victim Sex,named_all,graphsage_fairloss_a50_mb,graphsage_fairloss_a100_mb,selection_rate,signed_gap,-0.004220683664314606,-0.006953775268772516,-0.0015999712515436819,True,State|City,2814,242,30,151094,Male-Female,-0.026031380534879967,-0.02181069687056536
Victim Sex,named_all,graphsage_fairloss_a50_mb,graphsage_fairloss_a100_mb,tpr,signed_gap,-0.004588132075372342,-0.008002993191149919,-0.0013599407191850934,True,State|City,2814,242,30,151094,Male-Female,-0.022214212940923295,-0.017626080865550953
Victim Sex,named_all,graphsage_fairloss_a50_mb,graphsage_fairloss_a100_mb,fpr,signed_gap,-0.0024621049551679097,-0.007563447373208477,0.002615659933933076,False,State|City,2814,242,30,151094,Male-Female,0.008695603330195478,0.011157708285363388
Victim Sex,named_all,graphsage_fairloss_a50_mb,graphsage_fairloss_a100_mb,selection_rate,gap,0.004379396490767518,0.0017194645241045455,0.00711240799123239,True,State|City,2814,156,50,139592,,,
Victim Sex,named_all,graphsage_fairloss_a50_mb,graphsage_fairloss_a100_mb,selection_rate,amplification,0.06129199448717615,0.024694652490533268,0.10260944985943513,True,State|City,2814,156,50,139592,,,
Victim Sex,named_all,graphsage_fairloss_a50_mb,graphsage_fairloss_a100_mb,tpr,gap,0.004887281314122638,0.001570921190749447,0.008623296011444032,True,State|City,2814,156,50,139592,,,
Victim Sex,named_all,graphsage_fairloss_a50_mb,graphsage_fairloss_a100_mb,tpr,amplification,0.06840011403260393,0.022131350999079813,0.12243867186622177,True,State|City,2814,156,50,139592,,,
Victim Sex,named_all,graphsage_fairloss_a50_mb,graphsage_fairloss_a100_mb,fpr,gap,-0.0017584516637924041,-0.006524950295648334,0.0032808686374191,False,State|City,2814,156,50,139592,,,
Victim Sex,named_all,graphsage_fairloss_a50_mb,graphsage_fairloss_a100_mb,fpr,amplification,-0.024610470851485017,-0.09128107880314903,0.046897506641169,False,State|City,2814,156,50,139592,,,
Victim Sex,named_all,graphsage_fairloss_a50_mb,graphsage_fairloss_a100_mb,selection_rate,signed_gap,-0.004379396490767518,-0.007112407991232391,-0.0017194645241045455,True,State|City,2814,156,50,139592,Male-Female,-0.02931460148830678,-0.024935204997539262
Victim Sex,named_all,graphsage_fairloss_a50_mb,graphsage_fairloss_a100_mb,tpr,signed_gap,-0.004887281314122638,-0.008623296011444034,-0.0015709211907494473,True,State|City,2814,156,50,139592,Male-Female,-0.02473873762068257,-0.019851456306559934
Victim Sex,named_all,graphsage_fairloss_a50_mb,graphsage_fairloss_a100_mb,fpr,signed_gap,-0.0017584516637924041,-0.006828525093621689,0.0031455767994008656,False,State|City,2814,156,50,139592,Male-Female,0.006815921399569325,0.008574373063361729
Victim Sex,named_n>=5000,graphsage_fairloss_a50_mb,graphsage_fairloss_a100_mb,selection_rate,gap,0.004221267153195263,0.0018565309764220967,0.006890551323178512,True,State|City,2814,335,20,158686,,,
Victim Sex,named_n>=5000,graphsage_fairloss_a50_mb,graphsage_fairloss_a100_mb,selection_rate,amplification,0.0654442405931916,0.028476654241661795,0.10742662753844981,True,State|City,2814,335,20,158686,,,
Victim Sex,named_n>=5000,graphsage_fairloss_a50_mb,graphsage_fairloss_a100_mb,tpr,gap,0.0045134033780892535,0.0015453871179991585,0.007599914606016055,True,State|City,2814,335,20,158686,,,
Victim Sex,named_n>=5000,graphsage_fairloss_a50_mb,graphsage_fairloss_a100_mb,tpr,amplification,0.06997336246444708,0.02387240108912401,0.11828521547581719,True,State|City,2814,335,20,158686,,,
Victim Sex,named_n>=5000,graphsage_fairloss_a50_mb,graphsage_fairloss_a100_mb,fpr,gap,-0.002904585337227983,-0.007446203921577718,0.0013910351463918694,False,State|City,2814,335,20,158686,,,
Victim Sex,named_n>=5000,graphsage_fairloss_a50_mb,graphsage_fairloss_a100_mb,fpr,amplification,-0.045031118556218,-0.11790993566063357,0.021552828113761215,False,State|City,2814,335,20,158686,,,
Victim Sex,named_n>=5000,graphsage_fairloss_a50_mb,graphsage_fairloss_a100_mb,selection_rate,signed_gap,-0.004221267153195263,-0.006890551323178512,-0.0018565309764220974,True,State|City,2814,335,20,158686,Male-Female,-0.023834743106481593,-0.01961347595328633
Victim Sex,named_n>=5000,graphsage_fairloss_a50_mb,graphsage_fairloss_a100_mb,tpr,signed_gap,-0.0045134033780892535,-0.007599914606016056,-0.0015453871179991585,True,State|City,2814,335,20,158686,Male-Female,-0.02068013204244612,-0.016166728664356866
Victim Sex,named_n>=5000,graphsage_fairloss_a50_mb,graphsage_fairloss_a100_mb,fpr,signed_gap,-0.002904585337227983,-0.007446203921577718,0.0013910351463918694,False,State|City,2814,335,20,158686,Male-Female,0.01258623536806286,0.015490820705290842
Victim Sex,named_n>=5000,graphsage_fairloss_a50_mb,graphsage_fairloss_a100_mb,selection_rate,gap,0.004220683664314606,0.0015999712515436817,0.006953775268772516,True,State|City,2814,242,30,151094,,,
Victim Sex,named_n>=5000,graphsage_fairloss_a50_mb,graphsage_fairloss_a100_mb,selection_rate,amplification,0.06323201514848076,0.0239213172795134,0.10328526497631668,True,State|City,2814,242,30,151094,,,
Victim Sex,named_n>=5000,graphsage_fairloss_a50_mb,graphsage_fairloss_a100_mb,tpr,gap,0.004588132075372342,0.0013599407191850932,0.008002993191149919,True,State|City,2814,242,30,151094,,,
Victim Sex,named_n>=5000,graphsage_fairloss_a50_mb,graphsage_fairloss_a100_mb,tpr,amplification,0.06873692983581747,0.020161695734382177,0.1202349323383511,True,State|City,2814,242,30,151094,,,
Victim Sex,named_n>=5000,graphsage_fairloss_a50_mb,graphsage_fairloss_a100_mb,fpr,gap,-0.0024621049551679097,-0.0072390009662182475,0.0028249549454748345,False,State|City,2814,242,30,151094,,,
Victim Sex,named_n>=5000,graphsage_fairloss_a50_mb,graphsage_fairloss_a100_mb,fpr,amplification,-0.03688593370278276,-0.10900717710872969,0.04300964537005761,False,State|City,2814,242,30,151094,,,
Victim Sex,named_n>=5000,graphsage_fairloss_a50_mb,graphsage_fairloss_a100_mb,selection_rate,signed_gap,-0.004220683664314606,-0.006953775268772516,-0.0015999712515436819,True,State|City,2814,242,30,151094,Male-Female,-0.026031380534879967,-0.02181069687056536
Victim Sex,named_n>=5000,graphsage_fairloss_a50_mb,graphsage_fairloss_a100_mb,tpr,signed_gap,-0.004588132075372342,-0.008002993191149919,-0.0013599407191850934,True,State|City,2814,242,30,151094,Male-Female,-0.022214212940923295,-0.017626080865550953
Victim Sex,named_n>=5000,graphsage_fairloss_a50_mb,graphsage_fairloss_a100_mb,fpr,signed_gap,-0.0024621049551679097,-0.007563447373208477,0.002615659933933076,False,State|City,2814,242,30,151094,Male-Female,0.008695603330195478,0.011157708285363388
Victim Sex,named_n>=5000,graphsage_fairloss_a50_mb,graphsage_fairloss_a100_mb,selection_rate,gap,0.004379396490767518,0.0017194645241045455,0.00711240799123239,True,State|City,2814,156,50,139592,,,
Victim Sex,named_n>=5000,graphsage_fairloss_a50_mb,graphsage_fairloss_a100_mb,selection_rate,amplification,0.06129199448717615,0.024694652490533268,0.10260944985943513,True,State|City,2814,156,50,139592,,,
Victim Sex,named_n>=5000,graphsage_fairloss_a50_mb,graphsage_fairloss_a100_mb,tpr,gap,0.004887281314122638,0.001570921190749447,0.008623296011444032,True,State|City,2814,156,50,139592,,,
Victim Sex,named_n>=5000,graphsage_fairloss_a50_mb,graphsage_fairloss_a100_mb,tpr,amplification,0.06840011403260393,0.022131350999079813,0.12243867186622177,True,State|City,2814,156,50,139592,,,
Victim Sex,named_n>=5000,graphsage_fairloss_a50_mb,graphsage_fairloss_a100_mb,fpr,gap,-0.0017584516637924041,-0.006524950295648334,0.0032808686374191,False,State|City,2814,156,50,139592,,,
Victim Sex,named_n>=5000,graphsage_fairloss_a50_mb,graphsage_fairloss_a100_mb,fpr,amplification,-0.024610470851485017,-0.09128107880314903,0.046897506641169,False,State|City,2814,156,50,139592,,,
Victim Sex,named_n>=5000,graphsage_fairloss_a50_mb,graphsage_fairloss_a100_mb,selection_rate,signed_gap,-0.004379396490767518,-0.007112407991232391,-0.0017194645241045455,True,State|City,2814,156,50,139592,Male-Female,-0.02931460148830678,-0.024935204997539262
Victim Sex,named_n>=5000,graphsage_fairloss_a50_mb,graphsage_fairloss_a100_mb,tpr,signed_gap,-0.004887281314122638,-0.008623296011444034,-0.0015709211907494473,True,State|City,2814,156,50,139592,Male-Female,-0.02473873762068257,-0.019851456306559934
Victim Sex,named_n>=5000,graphsage_fairloss_a50_mb,graphsage_fairloss_a100_mb,fpr,signed_gap,-0.0017584516637924041,-0.006828525093621689,0.0031455767994008656,False,State|City,2814,156,50,139592,Male-Female,0.006815921399569325,0.008574373063361729
