attribute,group_set,model_a,model_b,metric,quantity,diff,diff_lo,diff_hi,significant
Victim Race,named_all,graphsage_geo_blind_mb,graphsage_fairloss_a0_mb,selection_rate,gap,-0.005110919335830633,-0.013007381722682492,0.0022182957689498182,False
Victim Race,named_all,graphsage_geo_blind_mb,graphsage_fairloss_a0_mb,selection_rate,amplification,-0.037981670379044985,-0.09488911660638505,0.01586378080815896,False
Victim Race,named_all,graphsage_geo_blind_mb,graphsage_fairloss_a0_mb,tpr,gap,-0.012630571863448625,-0.021915429956349833,0.0009747295923223865,False
Victim Race,named_all,graphsage_geo_blind_mb,graphsage_fairloss_a0_mb,tpr,amplification,-0.09386378177662591,-0.16970545521584204,0.006823920948489187,False
Victim Race,named_all,graphsage_geo_blind_mb,graphsage_fairloss_a0_mb,fpr,gap,-0.007457613694073106,-0.026079056163175,0.010213561890180238,False
Victim Race,named_all,graphsage_geo_blind_mb,graphsage_fairloss_a0_mb,fpr,amplification,-0.05542107134361629,-0.19439036273765412,0.07743070927259675,False
Victim Race,named_n>=5000,graphsage_geo_blind_mb,graphsage_fairloss_a0_mb,selection_rate,gap,0.00016292129952610868,-0.001399317902869532,0.0017725292268806116,False
Victim Race,named_n>=5000,graphsage_geo_blind_mb,graphsage_fairloss_a0_mb,selection_rate,amplification,0.0021345619439541164,-0.01817061338377471,0.023478633105157194,False
Victim Race,named_n>=5000,graphsage_geo_blind_mb,graphsage_fairloss_a0_mb,tpr,gap,0.0006040344216972082,-0.001428183536107855,0.0025109197496717946,False
Victim Race,named_n>=5000,graphsage_geo_blind_mb,graphsage_fairloss_a0_mb,tpr,amplification,0.007913936932393062,-0.018887857557254865,0.03349845211289117,False
Victim Race,named_n>=5000,graphsage_geo_blind_mb,graphsage_fairloss_a0_mb,fpr,gap,-0.0009854419401799097,-0.003811861410095972,0.0019414013086297723,False
Victim Race,named_n>=5000,graphsage_geo_blind_mb,graphsage_fairloss_a0_mb,fpr,amplification,-0.012911061166358984,-0.05139955769710035,0.025514525861065677,False
Victim Race,named_all,graphsage_geo_blind_mb,graphsage_fairloss_a10_mb,selection_rate,gap,0.032251574458975196,0.01003225002199135,0.056129259330355376,True
Victim Race,named_all,graphsage_geo_blind_mb,graphsage_fairloss_a10_mb,selection_rate,amplification,0.23967677629311157,0.07190614290495834,0.43217998911380956,True
Victim Race,named_all,graphsage_geo_blind_mb,graphsage_fairloss_a10_mb,tpr,gap,-0.01923896499238964,-0.035092703856054494,0.0024169385877751085,False
Victim Race,named_all,graphsage_geo_blind_mb,graphsage_fairloss_a10_mb,tpr,amplification,-0.14297389153690654,-0.2611785014763362,0.01808952427684453,False
Victim Race,named_all,graphsage_geo_blind_mb,graphsage_fairloss_a10_mb,fpr,gap,0.11107378641681381,0.07310743873987424,0.1485345380816225,True
Victim Race,named_all,graphsage_geo_blind_mb,graphsage_fairloss_a10_mb,fpr,amplification,0.8254420909873768,0.5339341836656915,1.1569340550150662,True
Victim Race,named_n>=5000,graphsage_geo_blind_mb,graphsage_fairloss_a10_mb,selection_rate,gap,0.07640614305029858,0.0739974400148263,0.07877775507171945,True
Victim Race,named_n>=5000,graphsage_geo_blind_mb,graphsage_fairloss_a10_mb,selection_rate,amplification,1.0010578464195334,0.9364207796148722,1.0628179726526172,True
Victim Race,named_n>=5000,graphsage_geo_blind_mb,graphsage_fairloss_a10_mb,tpr,gap,0.07143998245989835,0.06863533085953309,0.07432353759129705,True
Victim Race,named_n>=5000,graphsage_geo_blind_mb,graphsage_fairloss_a10_mb,tpr,amplification,0.9359922139045284,0.8704391857324637,0.9984502031413816,True
Victim Race,named_n>=5000,graphsage_geo_blind_mb,graphsage_fairloss_a10_mb,fpr,gap,0.08826396797184316,0.08325505869950871,0.09303174526067601,True
Victim Race,named_n>=5000,graphsage_geo_blind_mb,graphsage_fairloss_a10_mb,fpr,amplification,1.1564166723632399,1.0718159685356776,1.2398416050575904,True
Victim Race,named_all,graphsage_geo_blind_mb,graphsage_fairloss_a25_mb,selection_rate,gap,0.047018886635797785,0.023763148290038436,0.07262308020758652,True
Victim Race,named_all,graphsage_geo_blind_mb,graphsage_fairloss_a25_mb,selection_rate,amplification,0.34941969075321144,0.1789044303435165,0.5484321983368559,True
Victim Race,named_all,graphsage_geo_blind_mb,graphsage_fairloss_a25_mb,tpr,gap,-0.0075181561208957914,-0.023960143244548874,0.019261550091565032,False
Victim Race,named_all,graphsage_geo_blind_mb,graphsage_fairloss_a25_mb,tpr,amplification,-0.05587099088811076,-0.17698428262134072,0.14141725790167892,False
Victim Race,named_all,graphsage_geo_blind_mb,graphsage_fairloss_a25_mb,fpr,gap,0.1674266946368918,0.11513947590906642,0.21077143703723286,True
Victim Race,named_all,graphsage_geo_blind_mb,graphsage_fairloss_a25_mb,fpr,amplification,1.2442273318167967,0.8222735375922963,1.6336843322655312,True
Victim Race,named_n>=5000,graphsage_geo_blind_mb,graphsage_fairloss_a25_mb,selection_rate,gap,0.09723831738696864,0.0944613524599692,0.09995224304619141,True
Victim Race,named_n>=5000,graphsage_geo_blind_mb,graphsage_fairloss_a25_mb,selection_rate,amplification,1.273996784902199,1.197020329652257,1.3555960947731513,True
Victim Race,named_n>=5000,graphsage_geo_blind_mb,graphsage_fairloss_a25_mb,tpr,gap,0.09231802623859153,0.08916729747574001,0.0955974661528903,True
Victim Race,named_n>=5000,graphsage_geo_blind_mb,graphsage_fairloss_a25_mb,tpr,amplification,1.209532124547481,1.134423446638631,1.292334978884726,True
Victim Race,named_n>=5000,graphsage_geo_blind_mb,graphsage_fairloss_a25_mb,fpr,gap,0.1090348668455266,0.10391948644480531,0.11415835003175522,True
Victim Race,named_n>=5000,graphsage_geo_blind_mb,graphsage_fairloss_a25_mb,fpr,amplification,1.4285527921121375,1.3320563770224387,1.5390872520996457,True
Victim Race,named_all,graphsage_geo_blind_mb,graphsage_fairloss_a50_mb,selection_rate,gap,0.03074087791634117,0.007746269288451907,0.05404866363723161,True
Victim Race,named_all,graphsage_geo_blind_mb,graphsage_fairloss_a50_mb,selection_rate,amplification,0.22845007237649373,0.05474659556472899,0.41793130026895153,True
Victim Race,named_all,graphsage_geo_blind_mb,graphsage_fairloss_a50_mb,tpr,gap,-0.018046966731898206,-0.036493821223140294,0.006563566943864317,False
Victim Race,named_all,graphsage_geo_blind_mb,graphsage_fairloss_a50_mb,tpr,amplification,-0.13411558600565265,-0.26673302621664696,0.05131975002916903,False
Victim Race,named_all,graphsage_geo_blind_mb,graphsage_fairloss_a50_mb,fpr,gap,0.12705949141757594,0.0802112905449102,0.16667578974519132,True
Victim Race,named_all,graphsage_geo_blind_mb,graphsage_fairloss_a50_mb,fpr,amplification,0.944239461522852,0.5986974601184666,1.2960295117344562,True
Victim Race,named_n>=5000,graphsage_geo_blind_mb,graphsage_fairloss_a50_mb,selection_rate,gap,0.1016116832203573,0.09882755509842352,0.10431401023652848,True
Victim Race,named_n>=5000,graphsage_geo_blind_mb,graphsage_fairloss_a50_mb,selection_rate,amplification,1.3312957403002585,1.255023170704515,1.4106761927884575,True
Victim Race,named_n>=5000,graphsage_geo_blind_mb,graphsage_fairloss_a50_mb,tpr,gap,0.0972827517370386,0.09306163569782894,0.09997362254883718,True
Victim Race,named_n>=5000,graphsage_geo_blind_mb,graphsage_fairloss_a50_mb,tpr,amplification,1.2745789547777127,1.182296174825917,1.3507127247465218,True
Victim Race,named_n>=5000,graphsage_geo_blind_mb,graphsage_fairloss_a50_mb,fpr,gap,0.11073510331666309,0.10518421000812594,0.11577134447028588,True
Victim Race,named_n>=5000,graphsage_geo_blind_mb,graphsage_fairloss_a50_mb,fpr,amplification,1.4508289467804785,1.3523630127254826,1.553052936208537,True
Victim Race,named_all,graphsage_geo_blind_mb,graphsage_fairloss_a100_mb,selection_rate,gap,0.04290490605421099,0.018093276131417105,0.06714753772896584,True
Victim Race,named_all,graphsage_geo_blind_mb,graphsage_fairloss_a100_mb,selection_rate,amplification,0.31884674601894947,0.1328156711596979,0.5189650446996521,True
Victim Race,named_all,graphsage_geo_blind_mb,graphsage_fairloss_a100_mb,tpr,gap,-0.010598390954555281,-0.029993861377421722,0.015393758812503553,False
Victim Race,named_all,graphsage_geo_blind_mb,graphsage_fairloss_a100_mb,tpr,amplification,-0.07876167971622805,-0.23527536885507083,0.11267111302068944,False
Victim Race,named_all,graphsage_geo_blind_mb,graphsage_fairloss_a100_mb,fpr,gap,0.16030584453628816,0.10714753852362882,0.20925496028506171,True
Victim Race,named_all,graphsage_geo_blind_mb,graphsage_fairloss_a100_mb,fpr,amplification,1.1913089107719534,0.7741359814578314,1.6341478082073349,True
Victim Race,named_n>=5000,graphsage_geo_blind_mb,graphsage_fairloss_a100_mb,selection_rate,gap,0.11201594792207348,0.10901641840768955,0.1149848122122816,True
Victim Race,named_n>=5000,graphsage_geo_blind_mb,graphsage_fairloss_a100_mb,selection_rate,amplification,1.4676103139729846,1.377696921279934,1.5600651690532226,True
Victim Race,named_n>=5000,graphsage_geo_blind_mb,graphsage_fairloss_a100_mb,tpr,gap,0.09307927617957512,0.0835564324247721,0.10248289215235701,True
Victim Race,named_n>=5000,graphsage_geo_blind_mb,graphsage_fairloss_a100_mb,tpr,amplification,1.2195058674441268,1.076183239227994,1.362669528513991,True
Victim Race,named_n>=5000,graphsage_geo_blind_mb,graphsage_fairloss_a100_mb,fpr,gap,0.12354344682574081,0.11844428809095812,0.129046643454349,True
Victim Race,named_n>=5000,graphsage_geo_blind_mb,graphsage_fairloss_a100_mb,fpr,amplification,1.6186412751813273,1.5137227037332288,1.7354274501960036,True
Victim Race,named_all,graphsage_geo_blind_mb,graphsage_fairloss_a5_sstate20_mb,selection_rate,gap,0.02099773603055144,0.011441167282518438,0.030324994549255902,True
Victim Race,named_all,graphsage_geo_blind_mb,graphsage_fairloss_a5_sstate20_mb,selection_rate,amplification,0.1560441549189473,0.07995196754994882,0.23791199427797052,True
Victim Race,named_all,graphsage_geo_blind_mb,graphsage_fairloss_a5_sstate20_mb,tpr,gap,-0.004892367906066508,-0.015911458509382987,0.014483084116300938,False
Victim Race,named_all,graphsage_geo_blind_mb,graphsage_fairloss_a5_sstate20_mb,tpr,amplification,-0.03635751084516703,-0.11969998970800678,0.10729533936266981,False
Victim Race,named_all,graphsage_geo_blind_mb,graphsage_fairloss_a5_sstate20_mb,fpr,gap,0.04968550968397217,0.02071152116477652,0.08015506476228121,True
Victim Race,named_all,graphsage_geo_blind_mb,graphsage_fairloss_a5_sstate20_mb,fpr,amplification,0.36923663384813965,0.14819619659948272,0.6136379421065975,True
Victim Race,named_n>=5000,graphsage_geo_blind_mb,graphsage_fairloss_a5_sstate20_mb,selection_rate,gap,0.027916814287225145,0.02600791967912142,0.029925941227251035,True
Victim Race,named_n>=5000,graphsage_geo_blind_mb,graphsage_fairloss_a5_sstate20_mb,selection_rate,amplification,0.36576045948120206,0.3348645914882159,0.3992378463242688,True
Victim Race,named_n>=5000,graphsage_geo_blind_mb,graphsage_fairloss_a5_sstate20_mb,tpr,gap,0.02668765241727611,0.024496607169693756,0.029076579044503982,True
Victim Race,named_n>=5000,graphsage_geo_blind_mb,graphsage_fairloss_a5_sstate20_mb,tpr,amplification,0.34965622904488514,0.3173548189996628,0.3864926161918669,True
Victim Race,named_n>=5000,graphsage_geo_blind_mb,graphsage_fairloss_a5_sstate20_mb,fpr,gap,0.029920824633864807,0.026437858817109118,0.033756435647090764,True
Victim Race,named_n>=5000,graphsage_geo_blind_mb,graphsage_fairloss_a5_sstate20_mb,fpr,amplification,0.3920165980810646,0.34092837909235807,0.44520779713519887,True
Victim Race,named_all,graphsage_geo_blind_mb,graphsage_fairloss_a10_sstate20_mb,selection_rate,gap,0.02548699495790585,0.004363186841202239,0.03796092680064123,True
Victim Race,named_all,graphsage_geo_blind_mb,graphsage_fairloss_a10_sstate20_mb,selection_rate,amplification,0.18940597137916493,0.033303959029496365,0.2927942899267834,True
Victim Race,named_all,graphsage_geo_blind_mb,graphsage_fairloss_a10_sstate20_mb,tpr,gap,-0.029836486192650558,-0.0413244505889197,-0.007837351134005188,True
Victim Race,named_all,graphsage_geo_blind_mb,graphsage_fairloss_a10_sstate20_mb,tpr,amplification,-0.22172910769565135,-0.31256544199969727,-0.05648229134449175,True
Victim Race,named_all,graphsage_geo_blind_mb,graphsage_fairloss_a10_sstate20_mb,fpr,gap,0.05736745980347846,0.02858496616923644,0.08715506231832602,True
Victim Race,named_all,graphsage_geo_blind_mb,graphsage_fairloss_a10_sstate20_mb,fpr,amplification,0.42632485577757695,0.20259530133200498,0.6654103900250123,True
Victim Race,named_n>=5000,graphsage_geo_blind_mb,graphsage_fairloss_a10_sstate20_mb,selection_rate,gap,0.050303323077848905,0.04822128951694234,0.052336400742310434,True
Victim Race,named_n>=5000,graphsage_geo_blind_mb,graphsage_fairloss_a10_sstate20_mb,selection_rate,amplification,0.6590639738863333,0.6152125928811684,0.7043069053083613,True
Victim Race,named_n>=5000,graphsage_geo_blind_mb,graphsage_fairloss_a10_sstate20_mb,tpr,gap,0.04773131101349182,0.04529052723678102,0.050267506377573094,True
Victim Race,named_n>=5000,graphsage_geo_blind_mb,graphsage_fairloss_a10_sstate20_mb,tpr,amplification,0.6253659915602864,0.580828191957078,0.6734519271985728,True
Victim Race,named_n>=5000,graphsage_geo_blind_mb,graphsage_fairloss_a10_sstate20_mb,fpr,gap,0.05467875206283568,0.05061403311643911,0.058813421424347534,True
Victim Race,named_n>=5000,graphsage_geo_blind_mb,graphsage_fairloss_a10_sstate20_mb,fpr,amplification,0.7163899602797186,0.6508085712385037,0.7858551519656819,True
Victim Race,named_all,graphsage_geo_blind_mb,graphsage_fairloss_a25_sstate20_mb,selection_rate,gap,0.010903872851717789,-0.0116523904810662,0.03137604916383014,False
Victim Race,named_all,graphsage_geo_blind_mb,graphsage_fairloss_a25_sstate20_mb,selection_rate,amplification,0.08103186086415759,-0.0889302821616776,0.23283569548881397,False
Victim Race,named_all,graphsage_geo_blind_mb,graphsage_fairloss_a25_sstate20_mb,tpr,gap,-0.04069623831267666,-0.05456787603642044,-0.018961645779602944,True
Victim Race,named_all,graphsage_geo_blind_mb,graphsage_fairloss_a25_sstate20_mb,tpr,amplification,-0.3024330864356972,-0.41391443472603595,-0.13901705208929177,True
Victim Race,named_all,graphsage_geo_blind_mb,graphsage_fairloss_a25_sstate20_mb,fpr,gap,0.05278405464211,0.020607287858416846,0.08354122104882196,True
Victim Race,named_all,graphsage_geo_blind_mb,graphsage_fairloss_a25_sstate20_mb,fpr,amplification,0.3922633939125333,0.14328453381157194,0.6389140598827164,True
Victim Race,named_n>=5000,graphsage_geo_blind_mb,graphsage_fairloss_a25_sstate20_mb,selection_rate,gap,0.06290183155842166,0.06031983906114649,0.06531112306058269,True
Victim Race,named_n>=5000,graphsage_geo_blind_mb,graphsage_fairloss_a25_sstate20_mb,selection_rate,amplification,0.8241270861462723,0.770621452370918,0.8781429872649256,True
Victim Race,named_n>=5000,graphsage_geo_blind_mb,graphsage_fairloss_a25_sstate20_mb,tpr,gap,0.06012118012258516,0.057385693550281815,0.06295121306939341,True
Victim Race,named_n>=5000,graphsage_geo_blind_mb,graphsage_fairloss_a25_sstate20_mb,tpr,amplification,0.7876955529360509,0.7319205421716857,0.8435170121571918,True
Victim Race,named_n>=5000,graphsage_geo_blind_mb,graphsage_fairloss_a25_sstate20_mb,fpr,gap,0.06723153509421265,0.06228831670114418,0.07193424860536696,True
Victim Race,named_n>=5000,graphsage_geo_blind_mb,graphsage_fairloss_a25_sstate20_mb,fpr,amplification,0.8808539869442968,0.803837619786963,0.9578470505431201,True
Victim Race,named_all,graphsage_geo_blind_mb,graphsage_fairloss_a50_sstate20_mb,selection_rate,gap,0.011166035914245809,-0.009737934408372062,0.03344340126291226,False
Victim Race,named_all,graphsage_geo_blind_mb,graphsage_fairloss_a50_sstate20_mb,selection_rate,amplification,0.08298011916608239,-0.07379220087864996,0.2520040672245484,False
Victim Race,named_all,graphsage_geo_blind_mb,graphsage_fairloss_a50_sstate20_mb,tpr,gap,-0.03746466623178957,-0.053419006338241426,-0.013012925991966878,True
Victim Race,named_all,graphsage_geo_blind_mb,graphsage_fairloss_a50_sstate20_mb,tpr,amplification,-0.2784177386054365,-0.40855410677364584,-0.096039556444024,True
Victim Race,named_all,graphsage_geo_blind_mb,graphsage_fairloss_a50_sstate20_mb,fpr,gap,0.07575955235215454,0.041248441374731326,0.11159883629694049,True
Victim Race,named_all,graphsage_geo_blind_mb,graphsage_fairloss_a50_sstate20_mb,fpr,amplification,0.5630052357372757,0.298056885659601,0.8498407630511865,True
Victim Race,named_n>=5000,graphsage_geo_blind_mb,graphsage_fairloss_a50_sstate20_mb,selection_rate,gap,0.07498179535622851,0.07224837663722283,0.07765473581932117,True
Victim Race,named_n>=5000,graphsage_geo_blind_mb,graphsage_fairloss_a50_sstate20_mb,selection_rate,amplification,0.9823963307578965,0.9187988593465524,1.045952309557591,True
Victim Race,named_n>=5000,graphsage_geo_blind_mb,graphsage_fairloss_a50_sstate20_mb,tpr,gap,0.0715421292855235,0.0683990465843062,0.0746374825217687,True
Victim Race,named_n>=5000,graphsage_geo_blind_mb,graphsage_fairloss_a50_sstate20_mb,tpr,amplification,0.9373305209724769,0.8735791414396137,1.0033541532779495,True
Victim Race,named_n>=5000,graphsage_geo_blind_mb,graphsage_fairloss_a50_sstate20_mb,fpr,gap,0.08006769087077897,0.074813457244139,0.08498912278854406,True
Victim Race,named_n>=5000,graphsage_geo_blind_mb,graphsage_fairloss_a50_sstate20_mb,fpr,amplification,1.049030706053598,0.962757454811736,1.1356120695366734,True
Victim Race,named_all,graphsage_geo_blind_mb,graphsage_fairloss_a100_sstate20_mb,selection_rate,gap,0.007989903857448577,-0.014452263782206503,0.03116227988004029,False
Victim Race,named_all,graphsage_geo_blind_mb,graphsage_fairloss_a100_sstate20_mb,selection_rate,amplification,0.059376772500861597,-0.1089636118455928,0.23727175801935504,False
Victim Race,named_all,graphsage_geo_blind_mb,graphsage_fairloss_a100_sstate20_mb,tpr,gap,-0.04407958251793864,-0.06052688498899995,-0.02072243917924,True
Victim Race,named_all,graphsage_geo_blind_mb,graphsage_fairloss_a100_sstate20_mb,tpr,amplification,-0.32757632504684375,-0.465839617226269,-0.15411231131519756,True
Victim Race,named_all,graphsage_geo_blind_mb,graphsage_fairloss_a100_sstate20_mb,fpr,gap,0.06809996598845469,0.03434468341347287,0.10216500146628248,True
Victim Race,named_all,graphsage_geo_blind_mb,graphsage_fairloss_a100_sstate20_mb,fpr,amplification,0.5060832095048673,0.25184871805092224,0.7741106759187298,True
Victim Race,named_n>=5000,graphsage_geo_blind_mb,graphsage_fairloss_a100_sstate20_mb,selection_rate,gap,0.08058951704214579,0.07783068392604937,0.08356174808628843,True
Victim Race,named_n>=5000,graphsage_geo_blind_mb,graphsage_fairloss_a100_sstate20_mb,selection_rate,amplification,1.0558675671024527,0.9909355042001262,1.1229690247666468,True
Victim Race,named_n>=5000,graphsage_geo_blind_mb,graphsage_fairloss_a100_sstate20_mb,tpr,gap,0.07637856925668496,0.07309837662836474,0.07972990166134634,True
Victim Race,named_n>=5000,graphsage_geo_blind_mb,graphsage_fairloss_a100_sstate20_mb,tpr,amplification,1.0006965801476013,0.931727609915755,1.068818870991102,True
Victim Race,named_n>=5000,graphsage_geo_blind_mb,graphsage_fairloss_a100_sstate20_mb,fpr,gap,0.08549849143388716,0.08006124063190552,0.09130118485101783,True
Victim Race,named_n>=5000,graphsage_geo_blind_mb,graphsage_fairloss_a100_sstate20_mb,fpr,amplification,1.1201839575985706,1.0283545735009583,1.2201782715035059,True
Victim Race,named_all,graphsage_fairloss_a0_mb,graphsage_fairloss_a10_mb,selection_rate,gap,0.03736249379480583,0.015634331204159226,0.058036265718881055,True
Victim Race,named_all,graphsage_fairloss_a0_mb,graphsage_fairloss_a10_mb,selection_rate,amplification,0.27765844667215656,0.11340959669029269,0.45884770606201625,True
Victim Race,named_all,graphsage_fairloss_a0_mb,graphsage_fairloss_a10_mb,tpr,gap,-0.006608393128941015,-0.02322033731883178,0.01125597946401684,False
Victim Race,named_all,graphsage_fairloss_a0_mb,graphsage_fairloss_a10_mb,tpr,amplification,-0.04911010976028063,-0.18192537567633302,0.08420162381458307,False
Victim Race,named_all,graphsage_fairloss_a0_mb,graphsage_fairloss_a10_mb,fpr,gap,0.11853140011088692,0.08043450320214453,0.15240826285139605,True
Victim Race,named_all,graphsage_fairloss_a0_mb,graphsage_fairloss_a10_mb,fpr,amplification,0.880863162330993,0.5773436561034819,1.193260067793091,True
Victim Race,named_n>=5000,graphsage_fairloss_a0_mb,graphsage_fairloss_a10_mb,selection_rate,gap,0.07624322175077247,0.07385849707173431,0.07856878664207938,True
Victim Race,named_n>=5000,graphsage_fairloss_a0_mb,graphsage_fairloss_a10_mb,selection_rate,amplification,0.9989232844755792,0.9382975578780016,1.063738765662768,True
Victim Race,named_n>=5000,graphsage_fairloss_a0_mb,graphsage_fairloss_a10_mb,tpr,gap,0.07083594803820115,0.06794465876183932,0.0737281625058455,True
Victim Race,named_n>=5000,graphsage_fairloss_a0_mb,graphsage_fairloss_a10_mb,tpr,amplification,0.9280782769721353,0.869943125014581,0.9939432839931255,True
Victim Race,named_n>=5000,graphsage_fairloss_a0_mb,graphsage_fairloss_a10_mb,fpr,gap,0.08924940991202307,0.0846407594643921,0.09347893387619306,True
Victim Race,named_n>=5000,graphsage_fairloss_a0_mb,graphsage_fairloss_a10_mb,fpr,amplification,1.1693277335295988,1.0865940446706204,1.2576086191038345,True
Victim Race,named_all,graphsage_fairloss_a0_mb,graphsage_fairloss_a25_mb,selection_rate,gap,0.05212980597162842,0.029911028453845422,0.07609443494837954,True
Victim Race,named_all,graphsage_fairloss_a0_mb,graphsage_fairloss_a25_mb,selection_rate,amplification,0.3874013611322564,0.21869320116659308,0.6015726546131005,True
Victim Race,named_all,graphsage_fairloss_a0_mb,graphsage_fairloss_a25_mb,tpr,gap,0.005112415742552834,-0.013821230252983882,0.028631818345895562,False
Victim Race,named_all,graphsage_fairloss_a0_mb,graphsage_fairloss_a25_mb,tpr,amplification,0.03799279088851515,-0.10139654628120341,0.20423802738235422,False
Victim Race,named_all,graphsage_fairloss_a0_mb,graphsage_fairloss_a25_mb,fpr,gap,0.1748843083309649,0.11456999603616232,0.21845114937787094,True
Victim Race,named_all,graphsage_fairloss_a0_mb,graphsage_fairloss_a25_mb,fpr,amplification,1.299648403160413,0.8371906180403579,1.6902477130824252,True
Victim Race,named_n>=5000,graphsage_fairloss_a0_mb,graphsage_fairloss_a25_mb,selection_rate,gap,0.09707539608744253,0.0945271482713966,0.09964491226297867,True
Victim Race,named_n>=5000,graphsage_fairloss_a0_mb,graphsage_fairloss_a25_mb,selection_rate,amplification,1.2718622229582448,1.1966706935432305,1.3564470520888374,True
Victim Race,named_n>=5000,graphsage_fairloss_a0_mb,graphsage_fairloss_a25_mb,tpr,gap,0.09171399181689432,0.08875777252756599,0.0947822724612708,True
Victim Race,named_n>=5000,graphsage_fairloss_a0_mb,graphsage_fairloss_a25_mb,tpr,amplification,1.201618187615088,1.1259191849008108,1.285812336131713,True
Victim Race,named_n>=5000,graphsage_fairloss_a0_mb,graphsage_fairloss_a25_mb,fpr,gap,0.11002030878570651,0.1048759468920761,0.11501256311143515,True
Victim Race,named_n>=5000,graphsage_fairloss_a0_mb,graphsage_fairloss_a25_mb,fpr,amplification,1.4414638532784965,1.342371471265111,1.5488227147577476,True
Victim Race,named_all,graphsage_fairloss_a0_mb,graphsage_fairloss_a50_mb,selection_rate,gap,0.0358517972521718,0.012401541043783581,0.05957605651837149,True
Victim Race,named_all,graphsage_fairloss_a0_mb,graphsage_fairloss_a50_mb,selection_rate,amplification,0.2664317427555387,0.09319358634728743,0.46658203788350755,True
Victim Race,named_all,graphsage_fairloss_a0_mb,graphsage_fairloss_a50_mb,tpr,gap,-0.005416394868449581,-0.0226332299387974,0.015111056867725245,False
Victim Race,named_all,graphsage_fairloss_a0_mb,graphsage_fairloss_a50_mb,tpr,amplification,-0.040251804229026744,-0.17254541828479494,0.11578411217082368,False
Victim Race,named_all,graphsage_fairloss_a0_mb,graphsage_fairloss_a50_mb,fpr,gap,0.13451710511164905,0.08650096378646349,0.1777943246030232,True
Victim Race,named_all,graphsage_fairloss_a0_mb,graphsage_fairloss_a50_mb,fpr,amplification,0.9996605328664683,0.6283700270854965,1.3816975618426799,True
Victim Race,named_n>=5000,graphsage_fairloss_a0_mb,graphsage_fairloss_a50_mb,selection_rate,gap,0.10144876192083119,0.09873587970893187,0.10410706556395144,True
Victim Race,named_n>=5000,graphsage_fairloss_a0_mb,graphsage_fairloss_a50_mb,selection_rate,amplification,1.3291611783563044,1.2573042909072067,1.4100925335048555,True
Victim Race,named_n>=5000,graphsage_fairloss_a0_mb,graphsage_fairloss_a50_mb,tpr,gap,0.09667871731534139,0.09254070611274652,0.09946690039575545,True
Victim Race,named_n>=5000,graphsage_fairloss_a0_mb,graphsage_fairloss_a50_mb,tpr,amplification,1.2666650178453196,1.1838233868435852,1.3410271643215625,True
Victim Race,named_n>=5000,graphsage_fairloss_a0_mb,graphsage_fairloss_a50_mb,fpr,gap,0.111720545256843,0.10638312511146047,0.11716780259308408,True
Victim Race,named_n>=5000,graphsage_fairloss_a0_mb,graphsage_fairloss_a50_mb,fpr,amplification,1.4637400079468375,1.3692249378090995,1.5770895184002658,True
Victim Race,named_all,graphsage_fairloss_a0_mb,graphsage_fairloss_a100_mb,selection_rate,gap,0.04801582539004162,0.0224166408331659,0.07306811709567274,True
Victim Race,named_all,graphsage_fairloss_a0_mb,graphsage_fairloss_a100_mb,selection_rate,amplification,0.35682841639799445,0.16143630839122924,0.5658017748961636,True
Victim Race,named_all,graphsage_fairloss_a0_mb,graphsage_fairloss_a100_mb,tpr,gap,0.002032180908893344,-0.018611953129758614,0.02541548640691819,False
Victim Race,named_all,graphsage_fairloss_a0_mb,graphsage_fairloss_a100_mb,tpr,amplification,0.01510210206039786,-0.13379180985367048,0.19071552932485525,False
Victim Race,named_all,graphsage_fairloss_a0_mb,graphsage_fairloss_a100_mb,fpr,gap,0.16776345823036126,0.10989077387283303,0.21843523559328423,True
Victim Race,named_all,graphsage_fairloss_a0_mb,graphsage_fairloss_a100_mb,fpr,amplification,1.2467299821155697,0.7815472063470796,1.7100636920342365,True
Victim Race,named_n>=5000,graphsage_fairloss_a0_mb,graphsage_fairloss_a100_mb,selection_rate,gap,0.11185302662254737,0.10896298808055184,0.11478015877976834,True
Victim Race,named_n>=5000,graphsage_fairloss_a0_mb,graphsage_fairloss_a100_mb,selection_rate,amplification,1.4654757520290302,1.3762724082182665,1.5543631793444634,True
Victim Race,named_n>=5000,graphsage_fairloss_a0_mb,graphsage_fairloss_a100_mb,tpr,gap,0.09247524175787791,0.08330028951476932,0.10147263359949193,True
Victim Race,named_n>=5000,graphsage_fairloss_a0_mb,graphsage_fairloss_a100_mb,tpr,amplification,1.2115919305117338,1.0782300349051437,1.347367558644894,True
Victim Race,named_n>=5000,graphsage_fairloss_a0_mb,graphsage_fairloss_a100_mb,fpr,gap,0.12452888876592072,0.11919011872770702,0.12998785352768766,True
Victim Race,named_n>=5000,graphsage_fairloss_a0_mb,graphsage_fairloss_a100_mb,fpr,amplification,1.6315523363476863,1.5245877041705223,1.747849283492702,True
Victim Race,named_all,graphsage_fairloss_a0_mb,graphsage_fairloss_a5_sstate20_mb,selection_rate,gap,0.026108655366382072,0.016623940598810425,0.035595581286681555,True
Victim Race,named_all,graphsage_fairloss_a0_mb,graphsage_fairloss_a5_sstate20_mb,selection_rate,amplification,0.19402582529799228,0.1191630280483923,0.27533247461607474,True
Victim Race,named_all,graphsage_fairloss_a0_mb,graphsage_fairloss_a5_sstate20_mb,tpr,gap,0.007738203957382117,-0.0036592548738030918,0.02164787553166844,False
Victim Race,named_all,graphsage_fairloss_a0_mb,graphsage_fairloss_a5_sstate20_mb,tpr,amplification,0.05750627093145888,-0.028121077741021155,0.16842779539547376,False
Victim Race,named_all,graphsage_fairloss_a0_mb,graphsage_fairloss_a5_sstate20_mb,fpr,gap,0.05714312337804528,0.029557647218153363,0.08532768711390395,True
Victim Race,named_all,graphsage_fairloss_a0_mb,graphsage_fairloss_a5_sstate20_mb,fpr,amplification,0.42465770519175594,0.21566709249343666,0.6487297696305032,True
Victim Race,named_n>=5000,graphsage_fairloss_a0_mb,graphsage_fairloss_a5_sstate20_mb,selection_rate,gap,0.027753892987699036,0.025797984325131758,0.029838575912799377,True
Victim Race,named_n>=5000,graphsage_fairloss_a0_mb,graphsage_fairloss_a5_sstate20_mb,selection_rate,amplification,0.36362589753724794,0.3307184677412964,0.3956569756033378,True
Victim Race,named_n>=5000,graphsage_fairloss_a0_mb,graphsage_fairloss_a5_sstate20_mb,tpr,gap,0.0260836179955789,0.02386192495679166,0.028381986838918016,True
Victim Race,named_n>=5000,graphsage_fairloss_a0_mb,graphsage_fairloss_a5_sstate20_mb,tpr,amplification,0.3417422921124921,0.30671448339522606,0.37965697004254256,True
Victim Race,named_n>=5000,graphsage_fairloss_a0_mb,graphsage_fairloss_a5_sstate20_mb,fpr,gap,0.030906266574044716,0.02695810326453245,0.03465466199513343,True
Victim Race,named_n>=5000,graphsage_fairloss_a0_mb,graphsage_fairloss_a5_sstate20_mb,fpr,amplification,0.4049276592474236,0.3503681657213214,0.4587531253836259,True
Victim Race,named_all,graphsage_fairloss_a0_mb,graphsage_fairloss_a10_sstate20_mb,selection_rate,gap,0.030597914293736483,0.00997100028579409,0.04251468260255964,True
Victim Race,named_all,graphsage_fairloss_a0_mb,graphsage_fairloss_a10_sstate20_mb,selection_rate,amplification,0.2273876417582099,0.07722417581168065,0.3294276629891662,True
Victim Race,named_all,graphsage_fairloss_a0_mb,graphsage_fairloss_a10_sstate20_mb,tpr,gap,-0.017205914329201932,-0.03094535950087256,-0.0016749857256436584,True
Victim Race,named_all,graphsage_fairloss_a0_mb,graphsage_fairloss_a10_sstate20_mb,tpr,amplification,-0.12786532591902544,-0.2364082060835079,-0.012800382263528967,True
Victim Race,named_all,graphsage_fairloss_a0_mb,graphsage_fairloss_a10_sstate20_mb,fpr,gap,0.06482507349755157,0.0345016501750655,0.09517197735185738,True
Victim Race,named_all,graphsage_fairloss_a0_mb,graphsage_fairloss_a10_sstate20_mb,fpr,amplification,0.48174592712119324,0.2471785721072151,0.7194431978740564,True
Victim Race,named_n>=5000,graphsage_fairloss_a0_mb,graphsage_fairloss_a10_sstate20_mb,selection_rate,gap,0.050140401778322796,0.04797620704029211,0.05241251936625633,True
Victim Race,named_n>=5000,graphsage_fairloss_a0_mb,graphsage_fairloss_a10_sstate20_mb,selection_rate,amplification,0.6569294119423792,0.611058997916303,0.7022277838065915,True
Victim Race,named_n>=5000,graphsage_fairloss_a0_mb,graphsage_fairloss_a10_sstate20_mb,tpr,gap,0.04712727659179461,0.04463604335866699,0.049722667250550925,True
Victim Race,named_n>=5000,graphsage_fairloss_a0_mb,graphsage_fairloss_a10_sstate20_mb,tpr,amplification,0.6174520546278933,0.5711361574491705,0.6653525707233803,True
Victim Race,named_n>=5000,graphsage_fairloss_a0_mb,graphsage_fairloss_a10_sstate20_mb,fpr,gap,0.05566419400301559,0.051672892886509086,0.05991822751924579,True
Victim Race,named_n>=5000,graphsage_fairloss_a0_mb,graphsage_fairloss_a10_sstate20_mb,fpr,amplification,0.7293010214460776,0.6634559775877168,0.8014229017811378,True
Victim Race,named_all,graphsage_fairloss_a0_mb,graphsage_fairloss_a25_sstate20_mb,selection_rate,gap,0.01601479218754842,-0.004145677977047782,0.036406998708523215,False
Victim Race,named_all,graphsage_fairloss_a0_mb,graphsage_fairloss_a25_sstate20_mb,selection_rate,amplification,0.11901353124320257,-0.030569640606660453,0.276329106736207,False
Victim Race,named_all,graphsage_fairloss_a0_mb,graphsage_fairloss_a25_sstate20_mb,tpr,gap,-0.028065666449228033,-0.043513156567215557,-0.008408476123984198,True
Victim Race,named_all,graphsage_fairloss_a0_mb,graphsage_fairloss_a25_sstate20_mb,tpr,amplification,-0.2085693046590713,-0.3336661517514037,-0.06528703484183251,True
Victim Race,named_all,graphsage_fairloss_a0_mb,graphsage_fairloss_a25_sstate20_mb,fpr,gap,0.06024166833618311,0.02893685041470797,0.09168131450898045,True
Victim Race,named_all,graphsage_fairloss_a0_mb,graphsage_fairloss_a25_sstate20_mb,fpr,amplification,0.4476844652561496,0.22284333563286188,0.6931648864678709,True
Victim Race,named_n>=5000,graphsage_fairloss_a0_mb,graphsage_fairloss_a25_sstate20_mb,selection_rate,gap,0.06273891025889555,0.06023571527936014,0.06517511157037878,True
Victim Race,named_n>=5000,graphsage_fairloss_a0_mb,graphsage_fairloss_a25_sstate20_mb,selection_rate,amplification,0.8219925242023182,0.770721310156412,0.8773713097191924,True
Victim Race,named_n>=5000,graphsage_fairloss_a0_mb,graphsage_fairloss_a25_sstate20_mb,tpr,gap,0.05951714570088795,0.05667511531266366,0.0622845571354635,True
Victim Race,named_n>=5000,graphsage_fairloss_a0_mb,graphsage_fairloss_a25_sstate20_mb,tpr,amplification,0.7797816160036578,0.7266773076671216,0.8405610353550169,True
Victim Race,named_n>=5000,graphsage_fairloss_a0_mb,graphsage_fairloss_a25_sstate20_mb,fpr,gap,0.06821697703439256,0.06344178006201952,0.072718480240438,True
Victim Race,named_n>=5000,graphsage_fairloss_a0_mb,graphsage_fairloss_a25_sstate20_mb,fpr,amplification,0.8937650481106558,0.8149646599085502,0.9722068985385848,True
Victim Race,named_all,graphsage_fairloss_a0_mb,graphsage_fairloss_a50_sstate20_mb,selection_rate,gap,0.01627695525007644,-0.00719516187463041,0.037403597057650166,False
Victim Race,named_all,graphsage_fairloss_a0_mb,graphsage_fairloss_a50_sstate20_mb,selection_rate,amplification,0.12096178954512737,-0.05301071464223419,0.283885360506896,False
Victim Race,named_all,graphsage_fairloss_a0_mb,graphsage_fairloss_a50_sstate20_mb,tpr,gap,-0.024834094368340942,-0.04316767581632268,-0.00586725866223465,True
Victim Race,named_all,graphsage_fairloss_a0_mb,graphsage_fairloss_a50_sstate20_mb,tpr,amplification,-0.1845539568288106,-0.3378226244467761,-0.0424186795026433,True
Victim Race,named_all,graphsage_fairloss_a0_mb,graphsage_fairloss_a50_sstate20_mb,fpr,gap,0.08321716604622764,0.047009849580756116,0.11902508398995816,True
Victim Race,named_all,graphsage_fairloss_a0_mb,graphsage_fairloss_a50_sstate20_mb,fpr,amplification,0.618426307080892,0.34734214317894624,0.9212010019970036,True
Victim Race,named_n>=5000,graphsage_fairloss_a0_mb,graphsage_fairloss_a50_sstate20_mb,selection_rate,gap,0.0748188740567024,0.07223178442347424,0.07752867263974382,True
Victim Race,named_n>=5000,graphsage_fairloss_a0_mb,graphsage_fairloss_a50_sstate20_mb,selection_rate,amplification,0.9802617688139423,0.921324377583817,1.0481190027007574,True
Victim Race,named_n>=5000,graphsage_fairloss_a0_mb,graphsage_fairloss_a50_sstate20_mb,tpr,gap,0.0709380948638263,0.06777011551130296,0.07417075755557995,True
Victim Race,named_n>=5000,graphsage_fairloss_a0_mb,graphsage_fairloss_a50_sstate20_mb,tpr,amplification,0.9294165840400839,0.8659548201819004,0.998462104511769,True
Victim Race,named_n>=5000,graphsage_fairloss_a0_mb,graphsage_fairloss_a50_sstate20_mb,fpr,gap,0.08105313281095888,0.0761953735881616,0.0866114485948263,True
Victim Race,named_n>=5000,graphsage_fairloss_a0_mb,graphsage_fairloss_a50_sstate20_mb,fpr,amplification,1.061941767219957,0.9777977272414964,1.1586789291564574,True
Victim Race,named_all,graphsage_fairloss_a0_mb,graphsage_fairloss_a100_sstate20_mb,selection_rate,gap,0.01310082319327921,-0.00997802768879832,0.03529589479121161,False
Victim Race,named_all,graphsage_fairloss_a0_mb,graphsage_fairloss_a100_sstate20_mb,selection_rate,amplification,0.09735844287990658,-0.07436075581614773,0.26835243290871436,False
Victim Race,named_all,graphsage_fairloss_a0_mb,graphsage_fairloss_a100_sstate20_mb,tpr,gap,-0.03144901065449002,-0.0497013728365245,-0.01227926642216764,True
Victim Race,named_all,graphsage_fairloss_a0_mb,graphsage_fairloss_a100_sstate20_mb,tpr,amplification,-0.23371254327021784,-0.38037335020085133,-0.0924987296137351,True
Victim Race,named_all,graphsage_fairloss_a0_mb,graphsage_fairloss_a100_sstate20_mb,fpr,gap,0.0755575796825278,0.03847450269797289,0.10794091105873217,True
Victim Race,named_all,graphsage_fairloss_a0_mb,graphsage_fairloss_a100_sstate20_mb,fpr,amplification,0.5615042808484836,0.28900073476802574,0.848250490601916,True
Victim Race,named_n>=5000,graphsage_fairloss_a0_mb,graphsage_fairloss_a100_sstate20_mb,selection_rate,gap,0.08042659574261968,0.07763292232852356,0.08344639890833734,True
Victim Race,named_n>=5000,graphsage_fairloss_a0_mb,graphsage_fairloss_a100_sstate20_mb,selection_rate,amplification,1.0537330051584985,0.9878909852833426,1.1280145099880692,True
Victim Race,named_n>=5000,graphsage_fairloss_a0_mb,graphsage_fairloss_a100_sstate20_mb,tpr,gap,0.07577453483498775,0.07263211766807721,0.07918343298620843,True
Victim Race,named_n>=5000,graphsage_fairloss_a0_mb,graphsage_fairloss_a100_sstate20_mb,tpr,amplification,0.9927826432152083,0.9256078834948249,1.069402313581769,True
Victim Race,named_n>=5000,graphsage_fairloss_a0_mb,graphsage_fairloss_a100_sstate20_mb,fpr,gap,0.08648393337406707,0.08092074796060994,0.09207982144879351,True
Victim Race,named_n>=5000,graphsage_fairloss_a0_mb,graphsage_fairloss_a100_sstate20_mb,fpr,amplification,1.1330950187649296,1.0343236864285903,1.229866366740797,True
Victim Race,named_all,graphsage_fairloss_a10_mb,graphsage_fairloss_a25_mb,selection_rate,gap,0.014767312176822589,0.0012641884290976485,0.028046631711591698,True
Victim Race,named_all,graphsage_fairloss_a10_mb,graphsage_fairloss_a25_mb,selection_rate,amplification,0.10974291446009987,0.009846830111295543,0.21530688628038114,True
Victim Race,named_all,graphsage_fairloss_a10_mb,graphsage_fairloss_a25_mb,tpr,gap,0.011720808871493849,-0.0034358797866954616,0.02634604364217746,False
Victim Race,named_all,graphsage_fairloss_a10_mb,graphsage_fairloss_a25_mb,tpr,amplification,0.08710290064879578,-0.02602243359757716,0.19891744224575003,False
Victim Race,named_all,graphsage_fairloss_a10_mb,graphsage_fairloss_a25_mb,fpr,gap,0.05635290822007799,0.01673360777571091,0.08772440832988802,True
Victim Race,named_all,graphsage_fairloss_a10_mb,graphsage_fairloss_a25_mb,fpr,amplification,0.41878524082942004,0.12536896327714508,0.6823355138852895,True
Victim Race,named_n>=5000,graphsage_fairloss_a10_mb,graphsage_fairloss_a25_mb,selection_rate,gap,0.020832174336670062,0.019062747746776448,0.02262073377193482,True
Victim Race,named_n>=5000,graphsage_fairloss_a10_mb,graphsage_fairloss_a25_mb,selection_rate,amplification,0.2729389384826656,0.2459044557440346,0.3012020441290241,True
Victim Race,named_n>=5000,graphsage_fairloss_a10_mb,graphsage_fairloss_a25_mb,tpr,gap,0.02087804377869318,0.018830195121769068,0.023006382701845927,True
Victim Race,named_n>=5000,graphsage_fairloss_a10_mb,graphsage_fairloss_a25_mb,tpr,amplification,0.2735399106429526,0.24372094126214966,0.30544002421445227,True
Victim Race,named_n>=5000,graphsage_fairloss_a10_mb,graphsage_fairloss_a25_mb,fpr,gap,0.02077089887368344,0.017594514121974488,0.023914622407527415,True
Victim Race,named_n>=5000,graphsage_fairloss_a10_mb,graphsage_fairloss_a25_mb,fpr,amplification,0.2721361197488975,0.2282038138662628,0.3161809398778561,True
Victim Race,named_all,graphsage_fairloss_a10_mb,graphsage_fairloss_a50_mb,selection_rate,gap,-0.0015106965426340269,-0.013886676033081802,0.010349912853714859,False
Victim Race,named_all,graphsage_fairloss_a10_mb,graphsage_fairloss_a50_mb,selection_rate,amplification,-0.011226703916617842,-0.10215360165846943,0.07869664575480737,False
Victim Race,named_all,graphsage_fairloss_a10_mb,graphsage_fairloss_a50_mb,tpr,gap,0.0011919982604914336,-0.012440916326343823,0.014808484617233884,False
Victim Race,named_all,graphsage_fairloss_a10_mb,graphsage_fairloss_a50_mb,tpr,amplification,0.008858305531253885,-0.09384248944735248,0.10744868399520764,False
Victim Race,named_all,graphsage_fairloss_a10_mb,graphsage_fairloss_a50_mb,fpr,gap,0.01598570500076213,-0.018871630254744788,0.04505373088975329,False
Victim Race,named_all,graphsage_fairloss_a10_mb,graphsage_fairloss_a50_mb,fpr,amplification,0.11879737053547523,-0.1418576816346841,0.3389237348263335,False
Victim Race,named_n>=5000,graphsage_fairloss_a10_mb,graphsage_fairloss_a50_mb,selection_rate,gap,0.025205540170058716,0.023482312614746027,0.02688829933081651,True
Victim Race,named_n>=5000,graphsage_fairloss_a10_mb,graphsage_fairloss_a50_mb,selection_rate,amplification,0.33023789388072516,0.3016849492716,0.35858004235717733,True
Victim Race,named_n>=5000,graphsage_fairloss_a10_mb,graphsage_fairloss_a50_mb,tpr,gap,0.025842769277140243,0.02180020351027244,0.02765567656643653,True
Victim Race,named_n>=5000,graphsage_fairloss_a10_mb,graphsage_fairloss_a50_mb,tpr,amplification,0.3385867408731842,0.2850067221523489,0.36735094375331123,True
Victim Race,named_n>=5000,graphsage_fairloss_a10_mb,graphsage_fairloss_a50_mb,fpr,gap,0.022471135344819926,0.01938247039783865,0.026140749276074415,True
Victim Race,named_n>=5000,graphsage_fairloss_a10_mb,graphsage_fairloss_a50_mb,fpr,amplification,0.2944122744172385,0.2529727604784016,0.34524331963944627,True
Victim Race,named_all,graphsage_fairloss_a10_mb,graphsage_fairloss_a100_mb,selection_rate,gap,0.010653331595235793,-0.003913332898808998,0.02654888037542911,False
Victim Race,named_all,graphsage_fairloss_a10_mb,graphsage_fairloss_a100_mb,selection_rate,amplification,0.0791699697258379,-0.02932471287222248,0.2002316038407844,False
Victim Race,named_all,graphsage_fairloss_a10_mb,graphsage_fairloss_a100_mb,tpr,gap,0.008640574037834359,-0.008466605722284555,0.025764411441801742,False
Victim Race,named_all,graphsage_fairloss_a10_mb,graphsage_fairloss_a100_mb,tpr,amplification,0.06421221182067849,-0.06326477498068422,0.19547172068735696,False
Victim Race,named_all,graphsage_fairloss_a10_mb,graphsage_fairloss_a100_mb,fpr,gap,0.04923205811947434,0.009354728824261064,0.09017275725035558,True
Victim Race,named_all,graphsage_fairloss_a10_mb,graphsage_fairloss_a100_mb,fpr,amplification,0.3658668197845767,0.07107751241174753,0.6758131561799243,True
Victim Race,named_n>=5000,graphsage_fairloss_a10_mb,graphsage_fairloss_a100_mb,selection_rate,gap,0.0356098048717749,0.03362800909912509,0.03735189737490518,True
Victim Race,named_n>=5000,graphsage_fairloss_a10_mb,graphsage_fairloss_a100_mb,selection_rate,amplification,0.46655246755345114,0.4324456852534617,0.5026627026275028,True
Victim Race,named_n>=5000,graphsage_fairloss_a10_mb,graphsage_fairloss_a100_mb,tpr,gap,0.021639293719676767,0.012079989838108674,0.031225123285960794,True
Victim Race,named_n>=5000,graphsage_fairloss_a10_mb,graphsage_fairloss_a100_mb,tpr,amplification,0.2835136535395985,0.16035207731543102,0.4127350849037298,True
Victim Race,named_n>=5000,graphsage_fairloss_a10_mb,graphsage_fairloss_a100_mb,fpr,gap,0.03527947885389765,0.03153970563432798,0.03894417647487133,True
Victim Race,named_n>=5000,graphsage_fairloss_a10_mb,graphsage_fairloss_a100_mb,fpr,amplification,0.4622246028180875,0.4095963440744738,0.5202757724475224,True
Victim Race,named_all,graphsage_fairloss_a10_mb,graphsage_fairloss_a5_sstate20_mb,selection_rate,gap,-0.011253838428423757,-0.03190037176657182,0.00929860787659889,False
Victim Race,named_all,graphsage_fairloss_a10_mb,graphsage_fairloss_a5_sstate20_mb,selection_rate,amplification,-0.08363262137416427,-0.23698080600987184,0.0694709809140017,False
Victim Race,named_all,graphsage_fairloss_a10_mb,graphsage_fairloss_a5_sstate20_mb,tpr,gap,0.014346597086323132,-0.003181965046812299,0.03003817957943515,False
Victim Race,named_all,graphsage_fairloss_a10_mb,graphsage_fairloss_a5_sstate20_mb,tpr,amplification,0.10661638069173951,-0.023274835705172657,0.23550683578619072,False
Victim Race,named_all,graphsage_fairloss_a10_mb,graphsage_fairloss_a5_sstate20_mb,fpr,gap,-0.06138827673284164,-0.09521906457896177,-0.02679694042972028,True
Victim Race,named_all,graphsage_fairloss_a10_mb,graphsage_fairloss_a5_sstate20_mb,fpr,amplification,-0.4562054571392371,-0.7160110615019301,-0.2007205885088747,True
Victim Race,named_n>=5000,graphsage_fairloss_a10_mb,graphsage_fairloss_a5_sstate20_mb,selection_rate,gap,-0.048489328763073436,-0.05095573451143675,-0.04610872007238462,True
Victim Race,named_n>=5000,graphsage_fairloss_a10_mb,graphsage_fairloss_a5_sstate20_mb,selection_rate,amplification,-0.6352973869383313,-0.6824105317650602,-0.5890531151030131,True
Victim Race,named_n>=5000,graphsage_fairloss_a10_mb,graphsage_fairloss_a5_sstate20_mb,tpr,gap,-0.044752330042622246,-0.04740668005432127,-0.04198240774744629,True
Victim Race,named_n>=5000,graphsage_fairloss_a10_mb,graphsage_fairloss_a5_sstate20_mb,tpr,amplification,-0.5863359848596432,-0.6352563231307519,-0.5400105323606934,True
Victim Race,named_n>=5000,graphsage_fairloss_a10_mb,graphsage_fairloss_a5_sstate20_mb,fpr,gap,-0.058343143337978354,-0.06279140013599288,-0.05382450307437433,True
Victim Race,named_n>=5000,graphsage_fairloss_a10_mb,graphsage_fairloss_a5_sstate20_mb,fpr,amplification,-0.7644000742821753,-0.8414297401598949,-0.6933702615955102,True
Victim Race,named_all,graphsage_fairloss_a10_mb,graphsage_fairloss_a10_sstate20_mb,selection_rate,gap,-0.0067645795010693455,-0.0277202502960306,0.008585007459335749,False
Victim Race,named_all,graphsage_fairloss_a10_mb,graphsage_fairloss_a10_sstate20_mb,selection_rate,amplification,-0.05027080491394664,-0.20772221302408408,0.06518196182508056,False
Victim Race,named_all,graphsage_fairloss_a10_mb,graphsage_fairloss_a10_sstate20_mb,tpr,gap,-0.010597521200260918,-0.02818288162743794,0.007060147196980054,False
Victim Race,named_all,graphsage_fairloss_a10_mb,graphsage_fairloss_a10_sstate20_mb,tpr,amplification,-0.07875521615874481,-0.216844724598306,0.05213802314037494,False
Victim Race,named_all,graphsage_fairloss_a10_mb,graphsage_fairloss_a10_sstate20_mb,fpr,gap,-0.05370632661333535,-0.09231220448981711,-0.015458397786866536,True
Victim Race,named_all,graphsage_fairloss_a10_mb,graphsage_fairloss_a10_sstate20_mb,fpr,amplification,-0.3991172352097998,-0.7031963399049304,-0.10638852361190584,True
Victim Race,named_n>=5000,graphsage_fairloss_a10_mb,graphsage_fairloss_a10_sstate20_mb,selection_rate,gap,-0.026102819972449676,-0.028529844590661855,-0.023712036035500508,True
Victim Race,named_n>=5000,graphsage_fairloss_a10_mb,graphsage_fairloss_a10_sstate20_mb,selection_rate,amplification,-0.3419938725332,-0.3797705120365426,-0.30637696560830713,True
Victim Race,named_n>=5000,graphsage_fairloss_a10_mb,graphsage_fairloss_a10_sstate20_mb,tpr,gap,-0.023708671446406537,-0.02646196594661627,-0.02090822618291952,True
Victim Race,named_n>=5000,graphsage_fairloss_a10_mb,graphsage_fairloss_a10_sstate20_mb,tpr,amplification,-0.310626222344242,-0.35194846246813094,-0.2716575254924417,True
Victim Race,named_n>=5000,graphsage_fairloss_a10_mb,graphsage_fairloss_a10_sstate20_mb,fpr,gap,-0.03358521590900748,-0.037988451163334006,-0.029115987171092192,True
Victim Race,named_n>=5000,graphsage_fairloss_a10_mb,graphsage_fairloss_a10_sstate20_mb,fpr,amplification,-0.4400267120835213,-0.5054410408384429,-0.3741504563590657,True
Victim Race,named_all,graphsage_fairloss_a10_mb,graphsage_fairloss_a25_sstate20_mb,selection_rate,gap,-0.021347701607257408,-0.038382935502092826,-0.0058214080522202205,True
Victim Race,named_all,graphsage_fairloss_a10_mb,graphsage_fairloss_a25_sstate20_mb,selection_rate,amplification,-0.15864491542895398,-0.2964623002612442,-0.04350477409276406,True
Victim Race,named_all,graphsage_fairloss_a10_mb,graphsage_fairloss_a25_sstate20_mb,tpr,gap,-0.021457273320287018,-0.04035273650251401,-0.004242209366355091,True
Victim Race,named_all,graphsage_fairloss_a10_mb,graphsage_fairloss_a25_sstate20_mb,tpr,amplification,-0.15945919489879068,-0.30979971748042856,-0.0317990057808502,True
Victim Race,named_all,graphsage_fairloss_a10_mb,graphsage_fairloss_a25_sstate20_mb,fpr,gap,-0.05828973177470381,-0.09182488528010471,-0.02129272513535708,True
Victim Race,named_all,graphsage_fairloss_a10_mb,graphsage_fairloss_a25_sstate20_mb,fpr,amplification,-0.43317869707484347,-0.7128600972616669,-0.15589370479535214,True
Victim Race,named_n>=5000,graphsage_fairloss_a10_mb,graphsage_fairloss_a25_sstate20_mb,selection_rate,gap,-0.01350431149187692,-0.01606872385482187,-0.011182202521343571,True
Victim Race,named_n>=5000,graphsage_fairloss_a10_mb,graphsage_fairloss_a25_sstate20_mb,selection_rate,amplification,-0.17693076027326105,-0.2122945803891866,-0.14540773296546272,True
Victim Race,named_n>=5000,graphsage_fairloss_a10_mb,graphsage_fairloss_a25_sstate20_mb,tpr,gap,-0.011318802337313194,-0.014311649653453867,-0.008587169986759183,True
Victim Race,named_n>=5000,graphsage_fairloss_a10_mb,graphsage_fairloss_a25_sstate20_mb,tpr,amplification,-0.1482966609684775,-0.18904231143900946,-0.1115594223547661,True
Victim Race,named_n>=5000,graphsage_fairloss_a10_mb,graphsage_fairloss_a25_sstate20_mb,fpr,gap,-0.021032432877630514,-0.025541977839471028,-0.016338350546263137,True
Victim Race,named_n>=5000,graphsage_fairloss_a10_mb,graphsage_fairloss_a25_sstate20_mb,fpr,amplification,-0.275562685418943,-0.3389561854568955,-0.21187840457415594,True
Victim Race,named_all,graphsage_fairloss_a10_mb,graphsage_fairloss_a50_sstate20_mb,selection_rate,gap,-0.021085538544729387,-0.03844575445508225,-0.004279618873809354,True
Victim Race,named_all,graphsage_fairloss_a10_mb,graphsage_fairloss_a50_sstate20_mb,selection_rate,amplification,-0.15669665712702918,-0.29744280485588925,-0.031457100740965784,True
Victim Race,named_all,graphsage_fairloss_a10_mb,graphsage_fairloss_a50_sstate20_mb,tpr,gap,-0.018225701239399927,-0.03877454408105898,0.0014042449520274235,False
Victim Race,named_all,graphsage_fairloss_a10_mb,graphsage_fairloss_a50_sstate20_mb,tpr,amplification,-0.13544384706852997,-0.297053249174296,0.010240688687557729,False
Victim Race,named_all,graphsage_fairloss_a10_mb,graphsage_fairloss_a50_sstate20_mb,fpr,gap,-0.03531423406465928,-0.06517332651054224,-0.0038296789958581134,True
Victim Race,named_all,graphsage_fairloss_a10_mb,graphsage_fairloss_a50_sstate20_mb,fpr,amplification,-0.2624368552501011,-0.5033517710716345,-0.027140740377764577,True
Victim Race,named_n>=5000,graphsage_fairloss_a10_mb,graphsage_fairloss_a50_sstate20_mb,selection_rate,gap,-0.0014243476940700717,-0.004056805691162219,0.00124377777723218,False
Victim Race,named_n>=5000,graphsage_fairloss_a10_mb,graphsage_fairloss_a50_sstate20_mb,selection_rate,amplification,-0.018661515661636874,-0.05317841060051891,0.016307526185523294,False
Victim Race,named_n>=5000,graphsage_fairloss_a10_mb,graphsage_fairloss_a50_sstate20_mb,tpr,gap,0.00010214682562514898,-0.003209192088819493,0.003234226019213168,False
Victim Race,named_n>=5000,graphsage_fairloss_a10_mb,graphsage_fairloss_a50_sstate20_mb,tpr,amplification,0.0013383070679485742,-0.04107809253285837,0.04143180736521149,False
Victim Race,named_n>=5000,graphsage_fairloss_a10_mb,graphsage_fairloss_a50_sstate20_mb,fpr,gap,-0.008196277101064187,-0.012753499703496415,-0.002990552015477492,True
Victim Race,named_n>=5000,graphsage_fairloss_a10_mb,graphsage_fairloss_a50_sstate20_mb,fpr,amplification,-0.10738596630964203,-0.1681895365125576,-0.039444418439870815,True
Victim Race,named_all,graphsage_fairloss_a10_mb,graphsage_fairloss_a100_sstate20_mb,selection_rate,gap,-0.02426167060152662,-0.0432195120773647,-0.004620207557827854,True
Victim Race,named_all,graphsage_fairloss_a10_mb,graphsage_fairloss_a100_sstate20_mb,selection_rate,amplification,-0.18030000379224997,-0.3286298429814981,-0.03569977060799395,True
Victim Race,named_all,graphsage_fairloss_a10_mb,graphsage_fairloss_a100_sstate20_mb,tpr,gap,-0.024840617525549002,-0.0449454190201701,-0.003733981059434125,True
Victim Race,named_all,graphsage_fairloss_a10_mb,graphsage_fairloss_a100_sstate20_mb,tpr,amplification,-0.1846024335099372,-0.34319139916851665,-0.03041436688799134,True
Victim Race,named_all,graphsage_fairloss_a10_mb,graphsage_fairloss_a100_sstate20_mb,fpr,gap,-0.04297382042835912,-0.07660902170494367,-0.007909577918917136,True
Victim Race,named_all,graphsage_fairloss_a10_mb,graphsage_fairloss_a100_sstate20_mb,fpr,amplification,-0.31935888148250946,-0.5912399796566195,-0.05406003853685407,True
Victim Race,named_n>=5000,graphsage_fairloss_a10_mb,graphsage_fairloss_a100_sstate20_mb,selection_rate,gap,0.004183373991847206,0.0012823895671499024,0.006943947109342312,True
Victim Race,named_n>=5000,graphsage_fairloss_a10_mb,graphsage_fairloss_a100_sstate20_mb,selection_rate,amplification,0.05480972068291934,0.016828438855040827,0.09200494309800888,True
Victim Race,named_n>=5000,graphsage_fairloss_a10_mb,graphsage_fairloss_a100_sstate20_mb,tpr,gap,0.004938586796786604,0.0013730700882502195,0.008196363275840876,True
Victim Race,named_n>=5000,graphsage_fairloss_a10_mb,graphsage_fairloss_a100_sstate20_mb,tpr,amplification,0.06470436624307291,0.018520193349333507,0.10784707928987879,True
Victim Race,named_n>=5000,graphsage_fairloss_a10_mb,graphsage_fairloss_a100_sstate20_mb,fpr,gap,-0.002765476537956002,-0.008232972346127406,0.0026228077107749923,False
Victim Race,named_n>=5000,graphsage_fairloss_a10_mb,graphsage_fairloss_a100_sstate20_mb,fpr,amplification,-0.03623271476466927,-0.10923177384587306,0.03417071762860794,False
Victim Race,named_all,graphsage_fairloss_a25_mb,graphsage_fairloss_a50_mb,selection_rate,gap,-0.016278008719456616,-0.027932056072961488,-0.00552247939630071,True
Victim Race,named_all,graphsage_fairloss_a25_mb,graphsage_fairloss_a50_mb,selection_rate,amplification,-0.12096961837671771,-0.21307791528301812,-0.039594949357079766,True
Victim Race,named_all,graphsage_fairloss_a25_mb,graphsage_fairloss_a50_mb,tpr,gap,-0.010528810611002415,-0.02278834268600024,0.0018537747502039678,False
Victim Race,named_all,graphsage_fairloss_a25_mb,graphsage_fairloss_a50_mb,tpr,amplification,-0.07824459511754189,-0.1754606807433771,0.01310538257770015,False
Victim Race,named_all,graphsage_fairloss_a25_mb,graphsage_fairloss_a50_mb,fpr,gap,-0.04036720321931586,-0.06825952697159428,-0.010089884723819815,True
Victim Race,named_all,graphsage_fairloss_a25_mb,graphsage_fairloss_a50_mb,fpr,amplification,-0.2999878702939448,-0.5175464728897972,-0.07173168257133292,True
Victim Race,named_n>=5000,graphsage_fairloss_a25_mb,graphsage_fairloss_a50_mb,selection_rate,gap,0.004373365833388654,0.002634369243897128,0.00603658015611497,True
Victim Race,named_n>=5000,graphsage_fairloss_a25_mb,graphsage_fairloss_a50_mb,selection_rate,amplification,0.05729895539805957,0.03486807857198966,0.07854013443704112,True
Victim Race,named_n>=5000,graphsage_fairloss_a25_mb,graphsage_fairloss_a50_mb,tpr,gap,0.004964725498447065,0.00041959920992173114,0.006773879617450148,True
Victim Race,named_n>=5000,graphsage_fairloss_a25_mb,graphsage_fairloss_a50_mb,tpr,amplification,0.0650468302302316,0.005258951144854636,0.089451705559622,True
Victim Race,named_n>=5000,graphsage_fairloss_a25_mb,graphsage_fairloss_a50_mb,fpr,gap,0.0017002364711364848,-0.0013715003845688534,0.004866872647167099,False
Victim Race,named_n>=5000,graphsage_fairloss_a25_mb,graphsage_fairloss_a50_mb,fpr,amplification,0.022276154668340986,-0.018785893405394705,0.06287152890345224,False
Victim Race,named_all,graphsage_fairloss_a25_mb,graphsage_fairloss_a100_mb,selection_rate,gap,-0.004113980581586796,-0.01634344085398535,0.007777956817929543,False
Victim Race,named_all,graphsage_fairloss_a25_mb,graphsage_fairloss_a100_mb,selection_rate,amplification,-0.030572944734261975,-0.1249525085332018,0.05710854150519779,False
Victim Race,named_all,graphsage_fairloss_a25_mb,graphsage_fairloss_a100_mb,tpr,gap,-0.00308023483365949,-0.01721327567899859,0.010298494300707313,False
Victim Race,named_all,graphsage_fairloss_a25_mb,graphsage_fairloss_a100_mb,tpr,amplification,-0.02289068882811729,-0.13210946193283643,0.07750069542936365,False
Victim Race,named_all,graphsage_fairloss_a25_mb,graphsage_fairloss_a100_mb,fpr,gap,-0.007120850100603648,-0.03519522398634416,0.030079747648521775,False
Victim Race,named_all,graphsage_fairloss_a25_mb,graphsage_fairloss_a100_mb,fpr,amplification,-0.052918421044843345,-0.2521933053868092,0.22995398841785125,False
Victim Race,named_n>=5000,graphsage_fairloss_a25_mb,graphsage_fairloss_a100_mb,selection_rate,gap,0.014777630535104835,0.0130269860203885,0.016531503132870485,True
Victim Race,named_n>=5000,graphsage_fairloss_a25_mb,graphsage_fairloss_a100_mb,selection_rate,amplification,0.19361352907078555,0.16897274039206964,0.21812429643470285,True
Victim Race,named_n>=5000,graphsage_fairloss_a25_mb,graphsage_fairloss_a100_mb,tpr,gap,0.0007612499409835882,-0.008394953165445373,0.010609951836054291,False
Victim Race,named_n>=5000,graphsage_fairloss_a25_mb,graphsage_fairloss_a100_mb,tpr,amplification,0.009973742896645918,-0.10851638531963366,0.13808689733383545,False
Victim Race,named_n>=5000,graphsage_fairloss_a25_mb,graphsage_fairloss_a100_mb,fpr,gap,0.014508579980214209,0.011325235099705436,0.017620214861887782,True
Victim Race,named_n>=5000,graphsage_fairloss_a25_mb,graphsage_fairloss_a100_mb,fpr,amplification,0.19008848306919002,0.1477669485386623,0.23378283400391714,True
Victim Race,named_all,graphsage_fairloss_a25_mb,graphsage_fairloss_a5_sstate20_mb,selection_rate,gap,-0.026021150605246346,-0.05079459173195613,-0.002810742922020772,True
Victim Race,named_all,graphsage_fairloss_a25_mb,graphsage_fairloss_a5_sstate20_mb,selection_rate,amplification,-0.19337553583426415,-0.40069793378191304,-0.021947679562889927,True
Victim Race,named_all,graphsage_fairloss_a25_mb,graphsage_fairloss_a5_sstate20_mb,tpr,gap,0.0026257882148292833,-0.017051588684413886,0.02287169685487591,False
Victim Race,named_all,graphsage_fairloss_a25_mb,graphsage_fairloss_a5_sstate20_mb,tpr,amplification,0.01951348004294373,-0.12472689701247468,0.1773615095442484,False
Victim Race,named_all,graphsage_fairloss_a25_mb,graphsage_fairloss_a5_sstate20_mb,fpr,gap,-0.11774118495291963,-0.1578394618089984,-0.0635210726553618,True
Victim Race,named_all,graphsage_fairloss_a25_mb,graphsage_fairloss_a5_sstate20_mb,fpr,amplification,-0.8749906979686571,-1.2188303936674378,-0.4573536493690558,True
Victim Race,named_n>=5000,graphsage_fairloss_a25_mb,graphsage_fairloss_a5_sstate20_mb,selection_rate,gap,-0.0693215030997435,-0.07182166324505626,-0.06702375407872711,True
Victim Race,named_n>=5000,graphsage_fairloss_a25_mb,graphsage_fairloss_a5_sstate20_mb,selection_rate,amplification,-0.9082363254209969,-0.9746271650849947,-0.8496880045302575,True
Victim Race,named_n>=5000,graphsage_fairloss_a25_mb,graphsage_fairloss_a5_sstate20_mb,tpr,gap,-0.06563037382131542,-0.06852471182755926,-0.06293424316074293,True
Victim Race,named_n>=5000,graphsage_fairloss_a25_mb,graphsage_fairloss_a5_sstate20_mb,tpr,amplification,-0.8598758955025958,-0.9242422257831087,-0.8053967389797023,True
Victim Race,named_n>=5000,graphsage_fairloss_a25_mb,graphsage_fairloss_a5_sstate20_mb,fpr,gap,-0.0791140422116618,-0.0839846119957501,-0.07450210225355815,True
Victim Race,named_n>=5000,graphsage_fairloss_a25_mb,graphsage_fairloss_a5_sstate20_mb,fpr,amplification,-1.0365361940310729,-1.1262663516918956,-0.9568093048952959,True
Victim Race,named_all,graphsage_fairloss_a25_mb,graphsage_fairloss_a10_sstate20_mb,selection_rate,gap,-0.021531891677891934,-0.04517378524831653,-0.004187113454324229,True
Victim Race,named_all,graphsage_fairloss_a25_mb,graphsage_fairloss_a10_sstate20_mb,selection_rate,amplification,-0.16001371937404651,-0.35476587103951,-0.03013823583168762,True
Victim Race,named_all,graphsage_fairloss_a25_mb,graphsage_fairloss_a10_sstate20_mb,tpr,gap,-0.022318330071754766,-0.0440326173145317,-0.0018446559394786116,True
Victim Race,named_all,graphsage_fairloss_a25_mb,graphsage_fairloss_a10_sstate20_mb,tpr,amplification,-0.1658581168075406,-0.3402619795617967,-0.01290352985211518,True
Victim Race,named_all,graphsage_fairloss_a25_mb,graphsage_fairloss_a10_sstate20_mb,fpr,gap,-0.11005923483341334,-0.1541802683793143,-0.057660709425786175,True
Victim Race,named_all,graphsage_fairloss_a25_mb,graphsage_fairloss_a10_sstate20_mb,fpr,amplification,-0.8179024760392198,-1.1694897711562127,-0.41680229036233946,True
Victim Race,named_n>=5000,graphsage_fairloss_a25_mb,graphsage_fairloss_a10_sstate20_mb,selection_rate,gap,-0.04693499430911974,-0.04930796211432757,-0.0444369611503964,True
Victim Race,named_n>=5000,graphsage_fairloss_a25_mb,graphsage_fairloss_a10_sstate20_mb,selection_rate,amplification,-0.6149328110158656,-0.6666253514403002,-0.5724090403272273,True
Victim Race,named_n>=5000,graphsage_fairloss_a25_mb,graphsage_fairloss_a10_sstate20_mb,tpr,gap,-0.044586715225099716,-0.047431150281925,-0.04174840829465445,True
Victim Race,named_n>=5000,graphsage_fairloss_a25_mb,graphsage_fairloss_a10_sstate20_mb,tpr,amplification,-0.5841661329871946,-0.6369764398594737,-0.537289353749196,True
Victim Race,named_n>=5000,graphsage_fairloss_a25_mb,graphsage_fairloss_a10_sstate20_mb,fpr,gap,-0.05435611478269092,-0.05881220535187698,-0.04960965279148714,True
Victim Race,named_n>=5000,graphsage_fairloss_a25_mb,graphsage_fairloss_a10_sstate20_mb,fpr,amplification,-0.7121628318324188,-0.7922828308573304,-0.6358217192031717,True
Victim Race,named_all,graphsage_fairloss_a25_mb,graphsage_fairloss_a25_sstate20_mb,selection_rate,gap,-0.03611501378408,-0.05655201257223967,-0.019047836309825632,True
Victim Race,named_all,graphsage_fairloss_a25_mb,graphsage_fairloss_a25_sstate20_mb,selection_rate,amplification,-0.26838782988905385,-0.44277672248166583,-0.13677100717256102,True
Victim Race,named_all,graphsage_fairloss_a25_mb,graphsage_fairloss_a25_sstate20_mb,tpr,gap,-0.03317808219178087,-0.054981642392193684,-0.013531124410466364,True
Victim Race,named_all,graphsage_fairloss_a25_mb,graphsage_fairloss_a25_sstate20_mb,tpr,amplification,-0.24656209554758646,-0.43139650723119627,-0.09926116690801513,True
Victim Race,named_all,graphsage_fairloss_a25_mb,graphsage_fairloss_a25_sstate20_mb,fpr,gap,-0.1146426399947818,-0.1588280932236042,-0.06322238699274613,True
Victim Race,named_all,graphsage_fairloss_a25_mb,graphsage_fairloss_a25_sstate20_mb,fpr,amplification,-0.8519639379042635,-1.2086004996695399,-0.45790745623041157,True
Victim Race,named_n>=5000,graphsage_fairloss_a25_mb,graphsage_fairloss_a25_sstate20_mb,selection_rate,gap,-0.03433648582854698,-0.037017790796833434,-0.03184684665790733,True
Victim Race,named_n>=5000,graphsage_fairloss_a25_mb,graphsage_fairloss_a25_sstate20_mb,selection_rate,amplification,-0.44986969875592664,-0.4936896262759209,-0.40995491209615087,True
Victim Race,named_n>=5000,graphsage_fairloss_a25_mb,graphsage_fairloss_a25_sstate20_mb,tpr,gap,-0.03219684611600637,-0.03510800070913088,-0.02914422042638024,True
Victim Race,named_n>=5000,graphsage_fairloss_a25_mb,graphsage_fairloss_a25_sstate20_mb,tpr,amplification,-0.42183657161143007,-0.46604698056868815,-0.37830525543219734,True
Victim Race,named_n>=5000,graphsage_fairloss_a25_mb,graphsage_fairloss_a25_sstate20_mb,fpr,gap,-0.041803331751313955,-0.04675780700116896,-0.03701940614808346,True
Victim Race,named_n>=5000,graphsage_fairloss_a25_mb,graphsage_fairloss_a25_sstate20_mb,fpr,amplification,-0.5476988051678405,-0.6247716391270742,-0.4830596997648926,True
Victim Race,named_all,graphsage_fairloss_a25_mb,graphsage_fairloss_a50_sstate20_mb,selection_rate,gap,-0.035852850721551976,-0.0540576251792414,-0.017781107119923964,True
Victim Race,named_all,graphsage_fairloss_a25_mb,graphsage_fairloss_a50_sstate20_mb,selection_rate,amplification,-0.26643957158712905,-0.4205382111510023,-0.12789994110849623,True
Victim Race,named_all,graphsage_fairloss_a25_mb,graphsage_fairloss_a50_sstate20_mb,tpr,gap,-0.029946510110893776,-0.04920985931443238,-0.008887479921556078,True
Victim Race,named_all,graphsage_fairloss_a25_mb,graphsage_fairloss_a50_sstate20_mb,tpr,amplification,-0.22254674771732574,-0.38147127036932243,-0.06660327039168941,True
Victim Race,named_all,graphsage_fairloss_a25_mb,graphsage_fairloss_a50_sstate20_mb,fpr,gap,-0.09166714228473727,-0.13410742515481047,-0.042875057667103124,True
Victim Race,named_all,graphsage_fairloss_a25_mb,graphsage_fairloss_a50_sstate20_mb,fpr,amplification,-0.6812220960795211,-1.0539503003006736,-0.311805132524733,True
Victim Race,named_n>=5000,graphsage_fairloss_a25_mb,graphsage_fairloss_a50_sstate20_mb,selection_rate,gap,-0.022256522030740133,-0.02470817034757366,-0.01954051412745401,True
Victim Race,named_n>=5000,graphsage_fairloss_a25_mb,graphsage_fairloss_a50_sstate20_mb,selection_rate,amplification,-0.29160045414430247,-0.3296819850240961,-0.2551434102471277,True
Victim Race,named_n>=5000,graphsage_fairloss_a25_mb,graphsage_fairloss_a50_sstate20_mb,tpr,gap,-0.02077589695306803,-0.023798327250225147,-0.01772750884033404,True
Victim Race,named_n>=5000,graphsage_fairloss_a25_mb,graphsage_fairloss_a50_sstate20_mb,tpr,amplification,-0.272201603575004,-0.3163496856767771,-0.23092261906228562,True
Victim Race,named_n>=5000,graphsage_fairloss_a25_mb,graphsage_fairloss_a50_sstate20_mb,fpr,gap,-0.028967175974747628,-0.033694644429204786,-0.024103749955708766,True
Victim Race,named_n>=5000,graphsage_fairloss_a25_mb,graphsage_fairloss_a50_sstate20_mb,fpr,amplification,-0.37952208605853954,-0.446975181391594,-0.3177460203063117,True
Victim Race,named_all,graphsage_fairloss_a25_mb,graphsage_fairloss_a100_sstate20_mb,selection_rate,gap,-0.03902898277834921,-0.0617585082294097,-0.019227439733877902,True
Victim Race,named_all,graphsage_fairloss_a25_mb,graphsage_fairloss_a100_sstate20_mb,selection_rate,amplification,-0.29004291825234985,-0.4725957927578457,-0.14294974859784176,True
Victim Race,named_all,graphsage_fairloss_a25_mb,graphsage_fairloss_a100_sstate20_mb,tpr,gap,-0.03656142639704285,-0.05957743866108564,-0.014215835524556167,True
Victim Race,named_all,graphsage_fairloss_a25_mb,graphsage_fairloss_a100_sstate20_mb,tpr,amplification,-0.271705334158733,-0.44196624441940224,-0.10764680896800852,True
Victim Race,named_all,graphsage_fairloss_a25_mb,graphsage_fairloss_a100_sstate20_mb,fpr,gap,-0.09932672864843711,-0.1397547278562928,-0.04379513054592771,True
Victim Race,named_all,graphsage_fairloss_a25_mb,graphsage_fairloss_a100_sstate20_mb,fpr,amplification,-0.7381441223119295,-1.1025833666686187,-0.33615086600781935,True
Victim Race,named_n>=5000,graphsage_fairloss_a25_mb,graphsage_fairloss_a100_sstate20_mb,selection_rate,gap,-0.016648800344822856,-0.019781692887307252,-0.013757966582227476,True
Victim Race,named_n>=5000,graphsage_fairloss_a25_mb,graphsage_fairloss_a100_sstate20_mb,selection_rate,amplification,-0.21812921779974626,-0.26080337138448956,-0.17895123088844458,True
Victim Race,named_n>=5000,graphsage_fairloss_a25_mb,graphsage_fairloss_a100_sstate20_mb,tpr,gap,-0.015939456981906575,-0.019537740181201475,-0.012436521446337357,True
Victim Race,named_n>=5000,graphsage_fairloss_a25_mb,graphsage_fairloss_a100_sstate20_mb,tpr,amplification,-0.2088355443998797,-0.25931797976060006,-0.1634953865197322,True
Victim Race,named_n>=5000,graphsage_fairloss_a25_mb,graphsage_fairloss_a100_sstate20_mb,fpr,gap,-0.023536375411639443,-0.02900566390295447,-0.017788484777869366,True
Victim Race,named_n>=5000,graphsage_fairloss_a25_mb,graphsage_fairloss_a100_sstate20_mb,fpr,amplification,-0.3083688345135668,-0.38839236973421165,-0.23219005518341068,True
Victim Race,named_all,graphsage_fairloss_a50_mb,graphsage_fairloss_a100_mb,selection_rate,gap,0.01216402813786982,-0.0006868020451616149,0.02528032256195597,False
Victim Race,named_all,graphsage_fairloss_a50_mb,graphsage_fairloss_a100_mb,selection_rate,amplification,0.09039667364245574,-0.005069989161602534,0.19583397704133013,False
Victim Race,named_all,graphsage_fairloss_a50_mb,graphsage_fairloss_a100_mb,tpr,gap,0.007448575777342925,-0.006446546796100502,0.02098909176646658,False
Victim Race,named_all,graphsage_fairloss_a50_mb,graphsage_fairloss_a100_mb,tpr,amplification,0.055353906289424604,-0.046671136401830834,0.155780356687417,False
Victim Race,named_all,graphsage_fairloss_a50_mb,graphsage_fairloss_a100_mb,fpr,gap,0.03324635311871221,-0.0008455311424076012,0.07076047760230256,False
Victim Race,named_all,graphsage_fairloss_a50_mb,graphsage_fairloss_a100_mb,fpr,amplification,0.24706944924910146,-0.006816016037485374,0.5415477207691568,False
Victim Race,named_n>=5000,graphsage_fairloss_a50_mb,graphsage_fairloss_a100_mb,selection_rate,gap,0.010404264701716182,0.008763510102388017,0.012163134452266439,True
Victim Race,named_n>=5000,graphsage_fairloss_a50_mb,graphsage_fairloss_a100_mb,selection_rate,amplification,0.13631457367272598,0.11367775103312172,0.16096963979830198,True
Victim Race,named_n>=5000,graphsage_fairloss_a50_mb,graphsage_fairloss_a100_mb,tpr,gap,-0.004203475557463476,-0.01039355199151237,0.00622676985968604,False
Victim Race,named_n>=5000,graphsage_fairloss_a50_mb,graphsage_fairloss_a100_mb,tpr,amplification,-0.05507308733358568,-0.13744535283043707,0.08229012620713232,False
Victim Race,named_n>=5000,graphsage_fairloss_a50_mb,graphsage_fairloss_a100_mb,fpr,gap,0.012808343509077724,0.009523488288111264,0.016120642645654895,True
Victim Race,named_n>=5000,graphsage_fairloss_a50_mb,graphsage_fairloss_a100_mb,fpr,amplification,0.16781232840084903,0.12476651934069602,0.2125956281518185,True
Victim Race,named_all,graphsage_fairloss_a50_mb,graphsage_fairloss_a5_sstate20_mb,selection_rate,gap,-0.00974314188578973,-0.033974405722496,0.013066178774661139,False
Victim Race,named_all,graphsage_fairloss_a50_mb,graphsage_fairloss_a5_sstate20_mb,selection_rate,amplification,-0.07240591745754643,-0.2582749963417051,0.09477568446439824,False
Victim Race,named_all,graphsage_fairloss_a50_mb,graphsage_fairloss_a5_sstate20_mb,tpr,gap,0.013154598825831698,-0.004513005978802736,0.030822905872152872,False
Victim Race,named_all,graphsage_fairloss_a50_mb,graphsage_fairloss_a5_sstate20_mb,tpr,amplification,0.09775807516048562,-0.03272768127233957,0.2348639634900337,False
Victim Race,named_all,graphsage_fairloss_a50_mb,graphsage_fairloss_a5_sstate20_mb,fpr,gap,-0.07737398173360377,-0.11787377469881481,-0.03075744844317156,True
Victim Race,named_all,graphsage_fairloss_a50_mb,graphsage_fairloss_a5_sstate20_mb,fpr,amplification,-0.5750028276747123,-0.9202722703962878,-0.22860710957059663,True
Victim Race,named_n>=5000,graphsage_fairloss_a50_mb,graphsage_fairloss_a5_sstate20_mb,selection_rate,gap,-0.07369486893313215,-0.07613726833397821,-0.07115561189211209,True
Victim Race,named_n>=5000,graphsage_fairloss_a50_mb,graphsage_fairloss_a5_sstate20_mb,selection_rate,amplification,-0.9655352808190565,-1.027143237092823,-0.9057072869221009,True
Victim Race,named_n>=5000,graphsage_fairloss_a50_mb,graphsage_fairloss_a5_sstate20_mb,tpr,gap,-0.07059509931976249,-0.07321646026301915,-0.06617245302529526,True
Victim Race,named_n>=5000,graphsage_fairloss_a50_mb,graphsage_fairloss_a5_sstate20_mb,tpr,amplification,-0.9249227257328274,-0.9885894294528332,-0.852624587213023,True
Victim Race,named_n>=5000,graphsage_fairloss_a50_mb,graphsage_fairloss_a5_sstate20_mb,fpr,gap,-0.08081427868279828,-0.08547673584045054,-0.07593496121642693,True
Victim Race,named_n>=5000,graphsage_fairloss_a50_mb,graphsage_fairloss_a5_sstate20_mb,fpr,amplification,-1.0588123486994139,-1.147481378166817,-0.975378827418954,True
Victim Race,named_all,graphsage_fairloss_a50_mb,graphsage_fairloss_a10_sstate20_mb,selection_rate,gap,-0.005253882958435319,-0.02657013789090351,0.010702040574924075,False
Victim Race,named_all,graphsage_fairloss_a50_mb,graphsage_fairloss_a10_sstate20_mb,selection_rate,amplification,-0.0390441009973288,-0.20721917736386886,0.08089621611801416,False
Victim Race,named_all,graphsage_fairloss_a50_mb,graphsage_fairloss_a10_sstate20_mb,tpr,gap,-0.011789519460752351,-0.03149671726248461,0.007953324246064509,False
Victim Race,named_all,graphsage_fairloss_a50_mb,graphsage_fairloss_a10_sstate20_mb,tpr,amplification,-0.0876135216899987,-0.23575937701551988,0.05998923282234771,False
Victim Race,named_all,graphsage_fairloss_a50_mb,graphsage_fairloss_a10_sstate20_mb,fpr,gap,-0.06969203161409748,-0.11257120013189477,-0.02145892653171412,True
Victim Race,named_all,graphsage_fairloss_a50_mb,graphsage_fairloss_a10_sstate20_mb,fpr,amplification,-0.517914605745275,-0.8535970031045745,-0.16158911873112555,True
Victim Race,named_n>=5000,graphsage_fairloss_a50_mb,graphsage_fairloss_a10_sstate20_mb,selection_rate,gap,-0.05130836014250839,-0.054006840136379554,-0.04866744304916233,True
Victim Race,named_n>=5000,graphsage_fairloss_a50_mb,graphsage_fairloss_a10_sstate20_mb,selection_rate,amplification,-0.6722317664139252,-0.7259451764839254,-0.6237527562703047,True
Victim Race,named_n>=5000,graphsage_fairloss_a50_mb,graphsage_fairloss_a10_sstate20_mb,tpr,gap,-0.04955144072354678,-0.052288646400980465,-0.04507343365970686,True
Victim Race,named_n>=5000,graphsage_fairloss_a50_mb,graphsage_fairloss_a10_sstate20_mb,tpr,amplification,-0.6492129632174262,-0.7009350570033144,-0.5818494731215278,True
Victim Race,named_n>=5000,graphsage_fairloss_a50_mb,graphsage_fairloss_a10_sstate20_mb,fpr,gap,-0.05605635125382741,-0.060873739726693604,-0.051032401172020604,True
Victim Race,named_n>=5000,graphsage_fairloss_a50_mb,graphsage_fairloss_a10_sstate20_mb,fpr,amplification,-0.7344389865007598,-0.8123556542107291,-0.6597394092683914,True
Victim Race,named_all,graphsage_fairloss_a50_mb,graphsage_fairloss_a25_sstate20_mb,selection_rate,gap,-0.01983700506462338,-0.037270540934613815,-0.003097422787425775,True
Victim Race,named_all,graphsage_fairloss_a50_mb,graphsage_fairloss_a25_sstate20_mb,selection_rate,amplification,-0.14741821151233614,-0.2854997337063923,-0.02303294575872079,True
Victim Race,named_all,graphsage_fairloss_a50_mb,graphsage_fairloss_a25_sstate20_mb,tpr,gap,-0.02264927158077845,-0.041882607558517,-0.004923372712351976,True
Victim Race,named_all,graphsage_fairloss_a50_mb,graphsage_fairloss_a25_sstate20_mb,tpr,amplification,-0.16831750043004456,-0.3171696145572806,-0.03641130876370933,True
Victim Race,named_all,graphsage_fairloss_a50_mb,graphsage_fairloss_a25_sstate20_mb,fpr,gap,-0.07427543677546594,-0.11593301510180129,-0.027961166810095927,True
Victim Race,named_all,graphsage_fairloss_a50_mb,graphsage_fairloss_a25_sstate20_mb,fpr,amplification,-0.5519760676103187,-0.8767286023357218,-0.20613337214764885,True
Victim Race,named_n>=5000,graphsage_fairloss_a50_mb,graphsage_fairloss_a25_sstate20_mb,selection_rate,gap,-0.038709851661935635,-0.041437540099999996,-0.036044240369689944,True
Victim Race,named_n>=5000,graphsage_fairloss_a50_mb,graphsage_fairloss_a25_sstate20_mb,selection_rate,amplification,-0.5071686541539862,-0.5527325775997827,-0.46423562942988467,True
Victim Race,named_n>=5000,graphsage_fairloss_a50_mb,graphsage_fairloss_a25_sstate20_mb,tpr,gap,-0.03716157161445344,-0.040200836165791384,-0.03245753834941068,True
Victim Race,named_n>=5000,graphsage_fairloss_a50_mb,graphsage_fairloss_a25_sstate20_mb,tpr,amplification,-0.4868834018416617,-0.5336406979514774,-0.42105084240737833,True
Victim Race,named_n>=5000,graphsage_fairloss_a50_mb,graphsage_fairloss_a25_sstate20_mb,fpr,gap,-0.04350356822245044,-0.0483867974908288,-0.03837453619884416,True
Victim Race,named_n>=5000,graphsage_fairloss_a50_mb,graphsage_fairloss_a25_sstate20_mb,fpr,amplification,-0.5699749598361815,-0.6434866414217973,-0.49805341832667666,True
Victim Race,named_all,graphsage_fairloss_a50_mb,graphsage_fairloss_a50_sstate20_mb,selection_rate,gap,-0.01957484200209536,-0.0370830496854526,-0.002714510218565822,True
Victim Race,named_all,graphsage_fairloss_a50_mb,graphsage_fairloss_a50_sstate20_mb,selection_rate,amplification,-0.14546995321041134,-0.2835273740576645,-0.019605038495597426,True
Victim Race,named_all,graphsage_fairloss_a50_mb,graphsage_fairloss_a50_sstate20_mb,tpr,gap,-0.01941769949989136,-0.038790726230599294,1.0932930540779671e-05,False
Victim Race,named_all,graphsage_fairloss_a50_mb,graphsage_fairloss_a50_sstate20_mb,tpr,amplification,-0.14430215259978385,-0.2974896761171672,6.478642593164393e-05,False
Victim Race,named_all,graphsage_fairloss_a50_mb,graphsage_fairloss_a50_sstate20_mb,fpr,gap,-0.05129993906542141,-0.09174296151351422,-0.006867071199608415,True
Victim Race,named_all,graphsage_fairloss_a50_mb,graphsage_fairloss_a50_sstate20_mb,fpr,amplification,-0.3812342257855763,-0.7107272532214762,-0.04835870480003048,True
Victim Race,named_n>=5000,graphsage_fairloss_a50_mb,graphsage_fairloss_a50_sstate20_mb,selection_rate,gap,-0.026629887864128787,-0.029446935811994358,-0.02405958952641132,True
Victim Race,named_n>=5000,graphsage_fairloss_a50_mb,graphsage_fairloss_a50_sstate20_mb,selection_rate,amplification,-0.34889940954236204,-0.3903313183659956,-0.3107194335607701,True
Victim Race,named_n>=5000,graphsage_fairloss_a50_mb,graphsage_fairloss_a50_sstate20_mb,tpr,gap,-0.025740622451515094,-0.028870558589588056,-0.021119164946633608,True
Victim Race,named_n>=5000,graphsage_fairloss_a50_mb,graphsage_fairloss_a50_sstate20_mb,tpr,amplification,-0.3372484338052356,-0.38234006733719583,-0.27124167155536655,True
Victim Race,named_n>=5000,graphsage_fairloss_a50_mb,graphsage_fairloss_a50_sstate20_mb,fpr,gap,-0.030667412445884112,-0.03542530805724605,-0.02561549538761529,True
Victim Race,named_n>=5000,graphsage_fairloss_a50_mb,graphsage_fairloss_a50_sstate20_mb,fpr,amplification,-0.40179824072688053,-0.4720061556505708,-0.33324873220166606,True
Victim Race,named_all,graphsage_fairloss_a50_mb,graphsage_fairloss_a100_sstate20_mb,selection_rate,gap,-0.022750974058892592,-0.042641274749786406,-0.002773460697266828,True
Victim Race,named_all,graphsage_fairloss_a50_mb,graphsage_fairloss_a100_sstate20_mb,selection_rate,amplification,-0.16907329987563213,-0.32802819345465967,-0.019231153537401437,True
Victim Race,named_all,graphsage_fairloss_a50_mb,graphsage_fairloss_a100_sstate20_mb,tpr,gap,-0.026032615786040436,-0.04838079918774614,-0.0041971898758479936,True
Victim Race,named_all,graphsage_fairloss_a50_mb,graphsage_fairloss_a100_sstate20_mb,tpr,amplification,-0.1934607390411911,-0.36657799364174115,-0.030210971508431855,True
Victim Race,named_all,graphsage_fairloss_a50_mb,graphsage_fairloss_a100_sstate20_mb,fpr,gap,-0.05895952542912125,-0.10072432510359002,-0.00881968914540674,True
Victim Race,named_all,graphsage_fairloss_a50_mb,graphsage_fairloss_a100_sstate20_mb,fpr,amplification,-0.4381562520179847,-0.7653140450933539,-0.06350272625660883,True
Victim Race,named_n>=5000,graphsage_fairloss_a50_mb,graphsage_fairloss_a100_sstate20_mb,selection_rate,gap,-0.02102216617821151,-0.02404457885557041,-0.01801420949982947,True
Victim Race,named_n>=5000,graphsage_fairloss_a50_mb,graphsage_fairloss_a100_sstate20_mb,selection_rate,amplification,-0.2754281731978058,-0.3225500867080521,-0.2346039744719497,True
Victim Race,named_n>=5000,graphsage_fairloss_a50_mb,graphsage_fairloss_a100_sstate20_mb,tpr,gap,-0.02090418248035364,-0.024210667975689968,-0.016338013993476185,True
Victim Race,named_n>=5000,graphsage_fairloss_a50_mb,graphsage_fairloss_a100_sstate20_mb,tpr,amplification,-0.2738823746301113,-0.3184365509183967,-0.2116682416659542,True
Victim Race,named_n>=5000,graphsage_fairloss_a50_mb,graphsage_fairloss_a100_sstate20_mb,fpr,gap,-0.025236611882775928,-0.030377432039901543,-0.019581910265075716,True
Victim Race,named_n>=5000,graphsage_fairloss_a50_mb,graphsage_fairloss_a100_sstate20_mb,fpr,amplification,-0.33064498918190777,-0.4041002427455775,-0.25523907092857373,True
Victim Race,named_all,graphsage_fairloss_a100_mb,graphsage_fairloss_a5_sstate20_mb,selection_rate,gap,-0.02190717002365955,-0.04738686236454735,0.00281986758220118,False
Victim Race,named_all,graphsage_fairloss_a100_mb,graphsage_fairloss_a5_sstate20_mb,selection_rate,amplification,-0.16280259110000217,-0.34167912936403205,0.022117022012578664,False
Victim Race,named_all,graphsage_fairloss_a100_mb,graphsage_fairloss_a5_sstate20_mb,tpr,gap,0.005706023048488773,-0.015815310327331106,0.028440878264348414,False
Victim Race,named_all,graphsage_fairloss_a100_mb,graphsage_fairloss_a5_sstate20_mb,tpr,amplification,0.04240416887106102,-0.11399370488800273,0.2121365115300231,False
Victim Race,named_all,graphsage_fairloss_a100_mb,graphsage_fairloss_a5_sstate20_mb,fpr,gap,-0.11062033485231598,-0.16211937405916665,-0.055943221592966,True
Victim Race,named_all,graphsage_fairloss_a100_mb,graphsage_fairloss_a5_sstate20_mb,fpr,amplification,-0.8220722769238138,-1.2383610975434727,-0.42411740853922214,True
Victim Race,named_n>=5000,graphsage_fairloss_a100_mb,graphsage_fairloss_a5_sstate20_mb,selection_rate,gap,-0.08409913363484833,-0.08690888451928586,-0.08136371604655453,True
Victim Race,named_n>=5000,graphsage_fairloss_a100_mb,graphsage_fairloss_a5_sstate20_mb,selection_rate,amplification,-1.1018498544917823,-1.1793770230692069,-1.0320540738216866,True
Victim Race,named_n>=5000,graphsage_fairloss_a100_mb,graphsage_fairloss_a5_sstate20_mb,tpr,gap,-0.06639162376229901,-0.07603547932609075,-0.05685109857314526,True
Victim Race,named_n>=5000,graphsage_fairloss_a100_mb,graphsage_fairloss_a5_sstate20_mb,tpr,amplification,-0.8698496383992418,-1.0117450268325046,-0.7407515888112721,True
Victim Race,named_n>=5000,graphsage_fairloss_a100_mb,graphsage_fairloss_a5_sstate20_mb,fpr,gap,-0.093622622191876,-0.0987865908215769,-0.0883410359015256,True
Victim Race,named_n>=5000,graphsage_fairloss_a100_mb,graphsage_fairloss_a5_sstate20_mb,fpr,amplification,-1.2266246771002627,-1.3325510958416171,-1.133784060637749,True
Victim Race,named_all,graphsage_fairloss_a100_mb,graphsage_fairloss_a10_sstate20_mb,selection_rate,gap,-0.01741791109630514,-0.041507244487575104,0.0009350663615339675,False
Victim Race,named_all,graphsage_fairloss_a100_mb,graphsage_fairloss_a10_sstate20_mb,selection_rate,amplification,-0.12944077463978454,-0.3137977962082685,0.006825330473672316,False
Victim Race,named_all,graphsage_fairloss_a100_mb,graphsage_fairloss_a10_sstate20_mb,tpr,gap,-0.019238095238095276,-0.04162869153016212,0.002496504232986559,False
Victim Race,named_all,graphsage_fairloss_a100_mb,graphsage_fairloss_a10_sstate20_mb,tpr,amplification,-0.1429674279794233,-0.31681296797164904,0.016835496692578864,False
Victim Race,named_all,graphsage_fairloss_a100_mb,graphsage_fairloss_a10_sstate20_mb,fpr,gap,-0.1029383847328097,-0.1541127793278278,-0.05270515201727806,True
Victim Race,named_all,graphsage_fairloss_a100_mb,graphsage_fairloss_a10_sstate20_mb,fpr,amplification,-0.7649840549943765,-1.2027007587396477,-0.36770051001163034,True
Victim Race,named_n>=5000,graphsage_fairloss_a100_mb,graphsage_fairloss_a10_sstate20_mb,selection_rate,gap,-0.06171262484422457,-0.06430513426406365,-0.059103835482873776,True
Victim Race,named_n>=5000,graphsage_fairloss_a100_mb,graphsage_fairloss_a10_sstate20_mb,selection_rate,amplification,-0.8085463400866512,-0.8684315693045837,-0.7552640497211399,True
Victim Race,named_n>=5000,graphsage_fairloss_a100_mb,graphsage_fairloss_a10_sstate20_mb,tpr,gap,-0.045347965166083304,-0.05481885324661409,-0.035594335263758256,True
Victim Race,named_n>=5000,graphsage_fairloss_a100_mb,graphsage_fairloss_a10_sstate20_mb,tpr,amplification,-0.5941398758838405,-0.7224943613615598,-0.47072495489802296,True
Victim Race,named_n>=5000,graphsage_fairloss_a100_mb,graphsage_fairloss_a10_sstate20_mb,fpr,gap,-0.06886469476290513,-0.07397403496045857,-0.06383491169295745,True
Victim Race,named_n>=5000,graphsage_fairloss_a100_mb,graphsage_fairloss_a10_sstate20_mb,fpr,amplification,-0.9022513149016088,-0.9856580317896265,-0.8218825936474617,True
Victim Race,named_all,graphsage_fairloss_a100_mb,graphsage_fairloss_a25_sstate20_mb,selection_rate,gap,-0.0320010332024932,-0.05267572891470281,-0.013093922451876398,True
Victim Race,named_all,graphsage_fairloss_a100_mb,graphsage_fairloss_a25_sstate20_mb,selection_rate,amplification,-0.23781488515479188,-0.4050584881097212,-0.09305121786004138,True
Victim Race,named_all,graphsage_fairloss_a100_mb,graphsage_fairloss_a25_sstate20_mb,tpr,gap,-0.030097847358121377,-0.05223781746782403,-0.009174263871451297,True
Victim Race,named_all,graphsage_fairloss_a100_mb,graphsage_fairloss_a25_sstate20_mb,tpr,amplification,-0.22367140671946917,-0.3996175299301647,-0.06594440026057082,True
Victim Race,named_all,graphsage_fairloss_a100_mb,graphsage_fairloss_a25_sstate20_mb,fpr,gap,-0.10752178989417815,-0.15640768702415675,-0.05498162667427555,True
Victim Race,named_all,graphsage_fairloss_a100_mb,graphsage_fairloss_a25_sstate20_mb,fpr,amplification,-0.7990455168594202,-1.2143979968069225,-0.39753728110139186,True
Victim Race,named_n>=5000,graphsage_fairloss_a100_mb,graphsage_fairloss_a25_sstate20_mb,selection_rate,gap,-0.049114116363651816,-0.05199748437479579,-0.04629765631611391,True
Victim Race,named_n>=5000,graphsage_fairloss_a100_mb,graphsage_fairloss_a25_sstate20_mb,selection_rate,amplification,-0.6434832278267122,-0.6940234686121276,-0.5963563909527442,True
Victim Race,named_n>=5000,graphsage_fairloss_a100_mb,graphsage_fairloss_a25_sstate20_mb,tpr,gap,-0.03295809605698996,-0.04242904018398895,-0.023276432582877857,True
Victim Race,named_n>=5000,graphsage_fairloss_a100_mb,graphsage_fairloss_a25_sstate20_mb,tpr,amplification,-0.431810314508076,-0.5601015070559499,-0.3051252616845382,True
Victim Race,named_n>=5000,graphsage_fairloss_a100_mb,graphsage_fairloss_a25_sstate20_mb,fpr,gap,-0.056311911731528164,-0.061194114637946856,-0.05113181030623072,True
Victim Race,named_n>=5000,graphsage_fairloss_a100_mb,graphsage_fairloss_a25_sstate20_mb,fpr,amplification,-0.7377872882370305,-0.8220545972846087,-0.6551707858201069,True
Victim Race,named_all,graphsage_fairloss_a100_mb,graphsage_fairloss_a50_sstate20_mb,selection_rate,gap,-0.03173887013996518,-0.052085234377640344,-0.011788599045011918,True
Victim Race,named_all,graphsage_fairloss_a100_mb,graphsage_fairloss_a50_sstate20_mb,selection_rate,amplification,-0.23586662685286708,-0.41509058252614717,-0.08545829431952205,True
Victim Race,named_all,graphsage_fairloss_a100_mb,graphsage_fairloss_a50_sstate20_mb,tpr,gap,-0.026866275277234286,-0.050431031539798506,-0.005160004459522714,True
Victim Race,named_all,graphsage_fairloss_a100_mb,graphsage_fairloss_a50_sstate20_mb,tpr,amplification,-0.19965605888920845,-0.39340031604774034,-0.03859398524234956,True
Victim Race,named_all,graphsage_fairloss_a100_mb,graphsage_fairloss_a50_sstate20_mb,fpr,gap,-0.08454629218413362,-0.13362959277728248,-0.03407341456873868,True
Victim Race,named_all,graphsage_fairloss_a100_mb,graphsage_fairloss_a50_sstate20_mb,fpr,amplification,-0.6283036750346778,-1.033812699803076,-0.24353411049581797,True
Victim Race,named_n>=5000,graphsage_fairloss_a100_mb,graphsage_fairloss_a50_sstate20_mb,selection_rate,gap,-0.03703415256584497,-0.04001396914389016,-0.034189468348381054,True
Victim Race,named_n>=5000,graphsage_fairloss_a100_mb,graphsage_fairloss_a50_sstate20_mb,selection_rate,amplification,-0.485213983215088,-0.5321345016206598,-0.4393894951050679,True
Victim Race,named_n>=5000,graphsage_fairloss_a100_mb,graphsage_fairloss_a50_sstate20_mb,tpr,gap,-0.021537146894051618,-0.030741875768013,-0.011832204978642728,True
Victim Race,named_n>=5000,graphsage_fairloss_a100_mb,graphsage_fairloss_a50_sstate20_mb,tpr,amplification,-0.28217534647164993,-0.40517774473746476,-0.15520605696031223,True
Victim Race,named_n>=5000,graphsage_fairloss_a100_mb,graphsage_fairloss_a50_sstate20_mb,fpr,gap,-0.04347575595496184,-0.04860356660456496,-0.03819138845100795,True
Victim Race,named_n>=5000,graphsage_fairloss_a100_mb,graphsage_fairloss_a50_sstate20_mb,fpr,amplification,-0.5696105691277296,-0.646654550681879,-0.4938614671968331,True
Victim Race,named_all,graphsage_fairloss_a100_mb,graphsage_fairloss_a100_sstate20_mb,selection_rate,gap,-0.03491500219676241,-0.05599355817557683,-0.012275634526344135,True
Victim Race,named_all,graphsage_fairloss_a100_mb,graphsage_fairloss_a100_sstate20_mb,selection_rate,amplification,-0.25946997351808787,-0.4343762543092956,-0.0875295214136508,True
Victim Race,named_all,graphsage_fairloss_a100_mb,graphsage_fairloss_a100_sstate20_mb,tpr,gap,-0.03348119156338336,-0.05771673832457796,-0.008333359604285578,True
Victim Race,named_all,graphsage_fairloss_a100_mb,graphsage_fairloss_a100_sstate20_mb,tpr,amplification,-0.2488146453306157,-0.4346826441581292,-0.06019823229764115,True
Victim Race,named_all,graphsage_fairloss_a100_mb,graphsage_fairloss_a100_sstate20_mb,fpr,gap,-0.09220587854783346,-0.14315360184663714,-0.03730962675992123,True
Victim Race,named_all,graphsage_fairloss_a100_mb,graphsage_fairloss_a100_sstate20_mb,fpr,amplification,-0.6852257012670862,-1.1439229826054842,-0.28087393437626496,True
Victim Race,named_n>=5000,graphsage_fairloss_a100_mb,graphsage_fairloss_a100_sstate20_mb,selection_rate,gap,-0.03142643087992769,-0.034204616207058565,-0.02842217103305905,True
Victim Race,named_n>=5000,graphsage_fairloss_a100_mb,graphsage_fairloss_a100_sstate20_mb,selection_rate,amplification,-0.4117427468705318,-0.45805906583350636,-0.36688443336007215,True
Victim Race,named_n>=5000,graphsage_fairloss_a100_mb,graphsage_fairloss_a100_sstate20_mb,tpr,gap,-0.016700706922890163,-0.02642804285407807,-0.007633609218858657,True
Victim Race,named_n>=5000,graphsage_fairloss_a100_mb,graphsage_fairloss_a100_sstate20_mb,tpr,amplification,-0.2188092872965256,-0.3484183680468477,-0.10078614768899506,True
Victim Race,named_n>=5000,graphsage_fairloss_a100_mb,graphsage_fairloss_a100_sstate20_mb,fpr,gap,-0.03804495539185365,-0.04364619934328935,-0.03223375207110104,True
Victim Race,named_n>=5000,graphsage_fairloss_a100_mb,graphsage_fairloss_a100_sstate20_mb,fpr,amplification,-0.4984573175827568,-0.5733512645350908,-0.4195853936199345,True
Victim Race,named_all,graphsage_fairloss_a5_sstate20_mb,graphsage_fairloss_a10_sstate20_mb,selection_rate,gap,0.0044892589273544115,-0.015808410231062005,0.01590383811211811,False
Victim Race,named_all,graphsage_fairloss_a5_sstate20_mb,graphsage_fairloss_a10_sstate20_mb,selection_rate,amplification,0.03336181646021763,-0.11296349648452,0.11871289665700929,False
Victim Race,named_all,graphsage_fairloss_a5_sstate20_mb,graphsage_fairloss_a10_sstate20_mb,tpr,gap,-0.02494411828658405,-0.03726325785252142,-0.012545859691387553,True
Victim Race,named_all,graphsage_fairloss_a5_sstate20_mb,graphsage_fairloss_a10_sstate20_mb,tpr,amplification,-0.18537159685048432,-0.2842138176159443,-0.0907011866618589,True
Victim Race,named_all,graphsage_fairloss_a5_sstate20_mb,graphsage_fairloss_a10_sstate20_mb,fpr,gap,0.007681950119506287,-0.019472240498748628,0.032173872951121625,False
Victim Race,named_all,graphsage_fairloss_a5_sstate20_mb,graphsage_fairloss_a10_sstate20_mb,fpr,amplification,0.0570882219294373,-0.13791283161044582,0.24429263672908363,False
Victim Race,named_n>=5000,graphsage_fairloss_a5_sstate20_mb,graphsage_fairloss_a10_sstate20_mb,selection_rate,gap,0.02238650879062376,0.020658668028634922,0.024273260703247843,True
Victim Race,named_n>=5000,graphsage_fairloss_a5_sstate20_mb,graphsage_fairloss_a10_sstate20_mb,selection_rate,amplification,0.29330351440513125,0.2656663977278403,0.32303456993458235,True
Victim Race,named_n>=5000,graphsage_fairloss_a5_sstate20_mb,graphsage_fairloss_a10_sstate20_mb,tpr,gap,0.02104365859621571,0.01898620893364778,0.023322265366612978,True
Victim Race,named_n>=5000,graphsage_fairloss_a5_sstate20_mb,graphsage_fairloss_a10_sstate20_mb,tpr,amplification,0.27570976251540125,0.24609792893736918,0.3082028718646686,True
Victim Race,named_n>=5000,graphsage_fairloss_a5_sstate20_mb,graphsage_fairloss_a10_sstate20_mb,fpr,gap,0.02475792742897087,0.021702250935779474,0.02814043263888131,True
Victim Race,named_n>=5000,graphsage_fairloss_a5_sstate20_mb,graphsage_fairloss_a10_sstate20_mb,fpr,amplification,0.324373362198654,0.2806306579196197,0.3755365379819129,True
Victim Race,named_all,graphsage_fairloss_a5_sstate20_mb,graphsage_fairloss_a25_sstate20_mb,selection_rate,gap,-0.01009386317883365,-0.030517945509952314,0.009154095434094895,False
Victim Race,named_all,graphsage_fairloss_a5_sstate20_mb,graphsage_fairloss_a25_sstate20_mb,selection_rate,amplification,-0.07501229405478971,-0.23069160698466548,0.0686952078264682,False
Victim Race,named_all,graphsage_fairloss_a5_sstate20_mb,graphsage_fairloss_a25_sstate20_mb,tpr,gap,-0.03580387040661015,-0.049825811537502825,-0.021775911167127078,True
Victim Race,named_all,graphsage_fairloss_a5_sstate20_mb,graphsage_fairloss_a25_sstate20_mb,tpr,amplification,-0.2660755755905302,-0.3863590102336121,-0.15692243663792496,True
Victim Race,named_all,graphsage_fairloss_a5_sstate20_mb,graphsage_fairloss_a25_sstate20_mb,fpr,gap,0.0030985449581378277,-0.024524082234222068,0.031048302229856346,False
Victim Race,named_all,graphsage_fairloss_a5_sstate20_mb,graphsage_fairloss_a25_sstate20_mb,fpr,amplification,0.023026760064393637,-0.1810512215488998,0.23552271827011284,False
Victim Race,named_n>=5000,graphsage_fairloss_a5_sstate20_mb,graphsage_fairloss_a25_sstate20_mb,selection_rate,gap,0.03498501727119652,0.03290874985590134,0.0371540758511213,True
Victim Race,named_n>=5000,graphsage_fairloss_a5_sstate20_mb,graphsage_fairloss_a25_sstate20_mb,selection_rate,amplification,0.4583666266650702,0.4251437549445766,0.499214756097703,True
Victim Race,named_n>=5000,graphsage_fairloss_a5_sstate20_mb,graphsage_fairloss_a25_sstate20_mb,tpr,gap,0.03343352770530905,0.0310839837620265,0.03601717176782187,True
Victim Race,named_n>=5000,graphsage_fairloss_a5_sstate20_mb,graphsage_fairloss_a25_sstate20_mb,tpr,amplification,0.43803932389116573,0.4020650495393565,0.4813426218655627,True
Victim Race,named_n>=5000,graphsage_fairloss_a5_sstate20_mb,graphsage_fairloss_a25_sstate20_mb,fpr,gap,0.03731071046034784,0.03338237975291975,0.04127618348978178,True
Victim Race,named_n>=5000,graphsage_fairloss_a5_sstate20_mb,graphsage_fairloss_a25_sstate20_mb,fpr,amplification,0.48883738886323225,0.43302411575329786,0.5477917221573065,True
Victim Race,named_all,graphsage_fairloss_a5_sstate20_mb,graphsage_fairloss_a50_sstate20_mb,selection_rate,gap,-0.00983170011630563,-0.03156218373085057,0.012063505377506905,False
Victim Race,named_all,graphsage_fairloss_a5_sstate20_mb,graphsage_fairloss_a50_sstate20_mb,selection_rate,amplification,-0.07306403575286491,-0.24150918662320184,0.09005847361673217,False
Victim Race,named_all,graphsage_fairloss_a5_sstate20_mb,graphsage_fairloss_a50_sstate20_mb,tpr,gap,-0.03257229832572306,-0.051016972746362584,-0.01389780010817667,True
Victim Race,named_all,graphsage_fairloss_a5_sstate20_mb,graphsage_fairloss_a50_sstate20_mb,tpr,amplification,-0.24206022776026948,-0.38939372067064304,-0.09969030260203945,True
Victim Race,named_all,graphsage_fairloss_a5_sstate20_mb,graphsage_fairloss_a50_sstate20_mb,fpr,gap,0.026074042668182362,-0.006100047832764685,0.05610083246448495,False
Victim Race,named_all,graphsage_fairloss_a5_sstate20_mb,graphsage_fairloss_a50_sstate20_mb,fpr,amplification,0.19376860188913603,-0.042402074093162836,0.4219021725835057,False
Victim Race,named_n>=5000,graphsage_fairloss_a5_sstate20_mb,graphsage_fairloss_a50_sstate20_mb,selection_rate,gap,0.047064981069003364,0.044561832738353985,0.04941682980341685,True
Victim Race,named_n>=5000,graphsage_fairloss_a5_sstate20_mb,graphsage_fairloss_a50_sstate20_mb,selection_rate,amplification,0.6166358712766944,0.575305652866136,0.663383604969342,True
Victim Race,named_n>=5000,graphsage_fairloss_a5_sstate20_mb,graphsage_fairloss_a50_sstate20_mb,tpr,gap,0.044854476868247395,0.04222562467845961,0.047690025258062325,True
Victim Race,named_n>=5000,graphsage_fairloss_a5_sstate20_mb,graphsage_fairloss_a50_sstate20_mb,tpr,amplification,0.5876742919275918,0.5425032414786712,0.6356830005557059,True
Victim Race,named_n>=5000,graphsage_fairloss_a5_sstate20_mb,graphsage_fairloss_a50_sstate20_mb,fpr,gap,0.05014686623691417,0.045334400747321,0.05477647125099357,True
Victim Race,named_n>=5000,graphsage_fairloss_a5_sstate20_mb,graphsage_fairloss_a50_sstate20_mb,fpr,amplification,0.6570141079725332,0.586394232201462,0.7281014151319196,True
Victim Race,named_all,graphsage_fairloss_a5_sstate20_mb,graphsage_fairloss_a100_sstate20_mb,selection_rate,gap,-0.013007832173102862,-0.034274086295033916,0.008919988865018607,False
Victim Race,named_all,graphsage_fairloss_a5_sstate20_mb,graphsage_fairloss_a100_sstate20_mb,selection_rate,amplification,-0.0966673824180857,-0.26356506621827097,0.06690288341439943,False
Victim Race,named_all,graphsage_fairloss_a5_sstate20_mb,graphsage_fairloss_a100_sstate20_mb,tpr,gap,-0.039187214611872134,-0.05684025100862204,-0.020413345547557117,True
Victim Race,named_all,graphsage_fairloss_a5_sstate20_mb,graphsage_fairloss_a100_sstate20_mb,tpr,amplification,-0.2912188142016767,-0.43916780348024315,-0.14937585438689863,True
Victim Race,named_all,graphsage_fairloss_a5_sstate20_mb,graphsage_fairloss_a100_sstate20_mb,fpr,gap,0.018414456304482518,-0.013572059919641692,0.04785378540081494,False
Victim Race,named_all,graphsage_fairloss_a5_sstate20_mb,graphsage_fairloss_a100_sstate20_mb,fpr,amplification,0.13684657565672764,-0.10082201486504104,0.36587329807596947,False
Victim Race,named_n>=5000,graphsage_fairloss_a5_sstate20_mb,graphsage_fairloss_a100_sstate20_mb,selection_rate,gap,0.05267270275492064,0.05001505748029288,0.055373267465575936,True
Victim Race,named_n>=5000,graphsage_fairloss_a5_sstate20_mb,graphsage_fairloss_a100_sstate20_mb,selection_rate,amplification,0.6901071076212506,0.6400589690874757,0.7408817796931061,True
Victim Race,named_n>=5000,graphsage_fairloss_a5_sstate20_mb,graphsage_fairloss_a100_sstate20_mb,tpr,gap,0.04969091683940885,0.04679853199162409,0.05277637766314641,True
Victim Race,named_n>=5000,graphsage_fairloss_a5_sstate20_mb,graphsage_fairloss_a100_sstate20_mb,tpr,amplification,0.6510403511027161,0.5998381911449325,0.7057869198400126,True
Victim Race,named_n>=5000,graphsage_fairloss_a5_sstate20_mb,graphsage_fairloss_a100_sstate20_mb,fpr,gap,0.05557766680002235,0.05064740348329122,0.06085069630634735,True
Victim Race,named_n>=5000,graphsage_fairloss_a5_sstate20_mb,graphsage_fairloss_a100_sstate20_mb,fpr,amplification,0.728167359517506,0.6509906778741548,0.8120544762173715,True
Victim Race,named_all,graphsage_fairloss_a10_sstate20_mb,graphsage_fairloss_a25_sstate20_mb,selection_rate,gap,-0.014583122106188062,-0.02351574909594787,0.0011308343839187703,False
Victim Race,named_all,graphsage_fairloss_a10_sstate20_mb,graphsage_fairloss_a25_sstate20_mb,selection_rate,amplification,-0.10837411051500734,-0.17884001279963946,0.00886654074352502,False
Victim Race,named_all,graphsage_fairloss_a10_sstate20_mb,graphsage_fairloss_a25_sstate20_mb,tpr,gap,-0.0108597521200261,-0.021707504991473635,0.0007134376509666524,False
Victim Race,named_all,graphsage_fairloss_a10_sstate20_mb,graphsage_fairloss_a25_sstate20_mb,tpr,amplification,-0.08070397874004587,-0.16766770513705723,0.00466886312011985,False
Victim Race,named_all,graphsage_fairloss_a10_sstate20_mb,graphsage_fairloss_a25_sstate20_mb,fpr,gap,-0.004583405161368459,-0.026289635533527686,0.016071375855102623,False
Victim Race,named_all,graphsage_fairloss_a10_sstate20_mb,graphsage_fairloss_a25_sstate20_mb,fpr,amplification,-0.03406146186504366,-0.1906339729470124,0.11691490825323511,False
Victim Race,named_n>=5000,graphsage_fairloss_a10_sstate20_mb,graphsage_fairloss_a25_sstate20_mb,selection_rate,gap,0.012598508480572757,0.011025111185229742,0.014326604353199957,True
Victim Race,named_n>=5000,graphsage_fairloss_a10_sstate20_mb,graphsage_fairloss_a25_sstate20_mb,selection_rate,amplification,0.16506311225993897,0.14470030229614103,0.18840438769021844,True
Victim Race,named_n>=5000,graphsage_fairloss_a10_sstate20_mb,graphsage_fairloss_a25_sstate20_mb,tpr,gap,0.012389869109093343,0.010407104286937613,0.014331508389164213,True
Victim Race,named_n>=5000,graphsage_fairloss_a10_sstate20_mb,graphsage_fairloss_a25_sstate20_mb,tpr,amplification,0.1623295613757645,0.13658284124420386,0.18985296473113641,True
Victim Race,named_n>=5000,graphsage_fairloss_a10_sstate20_mb,graphsage_fairloss_a25_sstate20_mb,fpr,gap,0.012552783031376968,0.009833611802286,0.015627386066953974,True
Victim Race,named_n>=5000,graphsage_fairloss_a10_sstate20_mb,graphsage_fairloss_a25_sstate20_mb,fpr,amplification,0.16446402666457827,0.1283231388520571,0.20792345464662806,True
Victim Race,named_all,graphsage_fairloss_a10_sstate20_mb,graphsage_fairloss_a50_sstate20_mb,selection_rate,gap,-0.014320959043660042,-0.027970790528853363,0.004756526242165606,False
Victim Race,named_all,graphsage_fairloss_a10_sstate20_mb,graphsage_fairloss_a50_sstate20_mb,selection_rate,amplification,-0.10642585221308254,-0.20801557766345213,0.034252274495715274,False
Victim Race,named_all,graphsage_fairloss_a10_sstate20_mb,graphsage_fairloss_a50_sstate20_mb,tpr,gap,-0.00762818003913901,-0.023827106927031893,0.008062259551318314,False
Victim Race,named_all,graphsage_fairloss_a10_sstate20_mb,graphsage_fairloss_a50_sstate20_mb,tpr,amplification,-0.056688630909785154,-0.1902123798392166,0.056144903543883413,False
Victim Race,named_all,graphsage_fairloss_a10_sstate20_mb,graphsage_fairloss_a50_sstate20_mb,fpr,gap,0.018392092548676076,-0.006153847665031271,0.042222194817220476,False
Victim Race,named_all,graphsage_fairloss_a10_sstate20_mb,graphsage_fairloss_a50_sstate20_mb,fpr,amplification,0.13668037995969873,-0.04618332218209836,0.3203751670290805,False
Victim Race,named_n>=5000,graphsage_fairloss_a10_sstate20_mb,graphsage_fairloss_a50_sstate20_mb,selection_rate,gap,0.024678472278379604,0.022605039795197422,0.02685051101824592,True
Victim Race,named_n>=5000,graphsage_fairloss_a10_sstate20_mb,graphsage_fairloss_a50_sstate20_mb,selection_rate,amplification,0.32333235687156314,0.2910346861958536,0.3576125707580629,True
Victim Race,named_n>=5000,graphsage_fairloss_a10_sstate20_mb,graphsage_fairloss_a50_sstate20_mb,tpr,gap,0.023810818272031686,0.021334518015498603,0.02625866309157333,True
Victim Race,named_n>=5000,graphsage_fairloss_a10_sstate20_mb,graphsage_fairloss_a50_sstate20_mb,tpr,amplification,0.31196452941219055,0.2773664780369271,0.3482056079624265,True
Victim Race,named_n>=5000,graphsage_fairloss_a10_sstate20_mb,graphsage_fairloss_a50_sstate20_mb,fpr,gap,0.025388938807943295,0.021291999542575473,0.02939476676202548,True
Victim Race,named_n>=5000,graphsage_fairloss_a10_sstate20_mb,graphsage_fairloss_a50_sstate20_mb,fpr,amplification,0.33264074577387925,0.2781703277535313,0.3919325345311167,True
Victim Race,named_all,graphsage_fairloss_a10_sstate20_mb,graphsage_fairloss_a100_sstate20_mb,selection_rate,gap,-0.017497091100457274,-0.030085919413805833,0.0011979097137089145,False
Victim Race,named_all,graphsage_fairloss_a10_sstate20_mb,graphsage_fairloss_a100_sstate20_mb,selection_rate,amplification,-0.13002919887830333,-0.2341949292686686,0.009062239063808994,False
Victim Race,named_all,graphsage_fairloss_a10_sstate20_mb,graphsage_fairloss_a100_sstate20_mb,tpr,gap,-0.014243096325288085,-0.029623126226816753,0.0025699473751550407,False
Victim Race,named_all,graphsage_fairloss_a10_sstate20_mb,graphsage_fairloss_a100_sstate20_mb,tpr,amplification,-0.1058472173511924,-0.23186564724429967,0.018326763122244818,False
Victim Race,named_all,graphsage_fairloss_a10_sstate20_mb,graphsage_fairloss_a100_sstate20_mb,fpr,gap,0.010732506184976232,-0.01367060642967245,0.03610940604658668,False
Victim Race,named_all,graphsage_fairloss_a10_sstate20_mb,graphsage_fairloss_a100_sstate20_mb,fpr,amplification,0.07975835372729034,-0.105480874931366,0.26862182285513797,False
Victim Race,named_n>=5000,graphsage_fairloss_a10_sstate20_mb,graphsage_fairloss_a100_sstate20_mb,selection_rate,gap,0.03028619396429688,0.02787198087476562,0.03261059959911496,True
Victim Race,named_n>=5000,graphsage_fairloss_a10_sstate20_mb,graphsage_fairloss_a100_sstate20_mb,selection_rate,amplification,0.39680359321611935,0.3609295834252654,0.4344728695800375,True
Victim Race,named_n>=5000,graphsage_fairloss_a10_sstate20_mb,graphsage_fairloss_a100_sstate20_mb,tpr,gap,0.02864725824319314,0.025782457384128418,0.031512778419441737,True
Victim Race,named_n>=5000,graphsage_fairloss_a10_sstate20_mb,graphsage_fairloss_a100_sstate20_mb,tpr,amplification,0.3753305885873149,0.3359785046584433,0.42140171707365676,True
Victim Race,named_n>=5000,graphsage_fairloss_a10_sstate20_mb,graphsage_fairloss_a100_sstate20_mb,fpr,gap,0.03081973937105148,0.026495330858125075,0.03524600454137822,True
Victim Race,named_n>=5000,graphsage_fairloss_a10_sstate20_mb,graphsage_fairloss_a100_sstate20_mb,fpr,amplification,0.403793997318852,0.34616530597199463,0.46681983290431606,True
Victim Race,named_all,graphsage_fairloss_a25_sstate20_mb,graphsage_fairloss_a50_sstate20_mb,selection_rate,gap,0.00026216306252802024,-0.01023642956117865,0.011722997928766944,False
Victim Race,named_all,graphsage_fairloss_a25_sstate20_mb,graphsage_fairloss_a50_sstate20_mb,selection_rate,amplification,0.001948258301924799,-0.07700972836943261,0.08547810046521044,False
Victim Race,named_all,graphsage_fairloss_a25_sstate20_mb,graphsage_fairloss_a50_sstate20_mb,tpr,gap,0.0032315720808870907,-0.00880842800609651,0.016081100931088624,False
Victim Race,named_all,graphsage_fairloss_a25_sstate20_mb,graphsage_fairloss_a50_sstate20_mb,tpr,amplification,0.024015347830260714,-0.06442827720266144,0.1194722270303657,False
Victim Race,named_all,graphsage_fairloss_a25_sstate20_mb,graphsage_fairloss_a50_sstate20_mb,fpr,gap,0.022975497710044535,0.0028255217643966407,0.04122532582507561,True
Victim Race,named_all,graphsage_fairloss_a25_sstate20_mb,graphsage_fairloss_a50_sstate20_mb,fpr,amplification,0.1707418418247424,0.019973885776702376,0.3259180973186858,True
Victim Race,named_n>=5000,graphsage_fairloss_a25_sstate20_mb,graphsage_fairloss_a50_sstate20_mb,selection_rate,gap,0.012079963797806847,0.010432241374765353,0.013887822533135129,True
Victim Race,named_n>=5000,graphsage_fairloss_a25_sstate20_mb,graphsage_fairloss_a50_sstate20_mb,selection_rate,amplification,0.15826924461162417,0.13420374453855796,0.18260654706136006,True
Victim Race,named_n>=5000,graphsage_fairloss_a25_sstate20_mb,graphsage_fairloss_a50_sstate20_mb,tpr,gap,0.011420949162938343,0.009335858612179232,0.013528469352084693,True
Victim Race,named_n>=5000,graphsage_fairloss_a25_sstate20_mb,graphsage_fairloss_a50_sstate20_mb,tpr,amplification,0.14963496803642606,0.12111631145964602,0.17754441955748737,True
Victim Race,named_n>=5000,graphsage_fairloss_a25_sstate20_mb,graphsage_fairloss_a50_sstate20_mb,fpr,gap,0.012836155776566327,0.009803194337478777,0.016150081710920645,True
Victim Race,named_n>=5000,graphsage_fairloss_a25_sstate20_mb,graphsage_fairloss_a50_sstate20_mb,fpr,amplification,0.168176719109301,0.1276890827015517,0.21346036668358773,True
Victim Race,named_all,graphsage_fairloss_a25_sstate20_mb,graphsage_fairloss_a100_sstate20_mb,selection_rate,gap,-0.0029139689942692115,-0.015336309825562538,0.010930763362832725,False
Victim Race,named_all,graphsage_fairloss_a25_sstate20_mb,graphsage_fairloss_a100_sstate20_mb,selection_rate,amplification,-0.021655088363295993,-0.11293048979049157,0.07936820169518538,False
Victim Race,named_all,graphsage_fairloss_a25_sstate20_mb,graphsage_fairloss_a100_sstate20_mb,tpr,gap,-0.0033833442052619844,-0.01804819385815058,0.011892879205968258,False
Victim Race,named_all,graphsage_fairloss_a25_sstate20_mb,graphsage_fairloss_a100_sstate20_mb,tpr,amplification,-0.025143238611146534,-0.1334270167246085,0.08708626571828576,False
Victim Race,named_all,graphsage_fairloss_a25_sstate20_mb,graphsage_fairloss_a100_sstate20_mb,fpr,gap,0.01531591134634469,-0.003850514038299879,0.034738837698768586,False
Victim Race,named_all,graphsage_fairloss_a25_sstate20_mb,graphsage_fairloss_a100_sstate20_mb,fpr,amplification,0.113819815592334,-0.026540190089172248,0.26334402171471577,False
Victim Race,named_n>=5000,graphsage_fairloss_a25_sstate20_mb,graphsage_fairloss_a100_sstate20_mb,selection_rate,gap,0.017687685483724125,0.015593364383242797,0.019771681841972238,True
Victim Race,named_n>=5000,graphsage_fairloss_a25_sstate20_mb,graphsage_fairloss_a100_sstate20_mb,selection_rate,amplification,0.23174048095618038,0.20226526594333308,0.2606956390275469,True
Victim Race,named_n>=5000,graphsage_fairloss_a25_sstate20_mb,graphsage_fairloss_a100_sstate20_mb,tpr,gap,0.016257389134099798,0.01374565612642532,0.018655640320775022,True
Victim Race,named_n>=5000,graphsage_fairloss_a25_sstate20_mb,graphsage_fairloss_a100_sstate20_mb,tpr,amplification,0.2130010272115504,0.17768878444817496,0.2463259626136834,True
Victim Race,named_n>=5000,graphsage_fairloss_a25_sstate20_mb,graphsage_fairloss_a100_sstate20_mb,fpr,gap,0.01826695633967451,0.014368237187192,0.02266946094518659,True
Victim Race,named_n>=5000,graphsage_fairloss_a25_sstate20_mb,graphsage_fairloss_a100_sstate20_mb,fpr,amplification,0.23932997065427375,0.1886699781728004,0.2992004699396703,True
Victim Race,named_all,graphsage_fairloss_a50_sstate20_mb,graphsage_fairloss_a100_sstate20_mb,selection_rate,gap,-0.0031761320567972318,-0.014860034858514018,0.009112230413812018,False
Victim Race,named_all,graphsage_fairloss_a50_sstate20_mb,graphsage_fairloss_a100_sstate20_mb,selection_rate,amplification,-0.023603346665220792,-0.11323997864043767,0.06619357044413074,False
Victim Race,named_all,graphsage_fairloss_a50_sstate20_mb,graphsage_fairloss_a100_sstate20_mb,tpr,gap,-0.006614916286149075,-0.01994983141539161,0.006623314578770732,False
Victim Race,named_all,graphsage_fairloss_a50_sstate20_mb,graphsage_fairloss_a100_sstate20_mb,tpr,amplification,-0.04915858644140725,-0.14699848758310557,0.049306319972017204,False
Victim Race,named_all,graphsage_fairloss_a50_sstate20_mb,graphsage_fairloss_a100_sstate20_mb,fpr,gap,-0.007659586363699844,-0.03023993467776701,0.0136158828258865,False
Victim Race,named_all,graphsage_fairloss_a50_sstate20_mb,graphsage_fairloss_a100_sstate20_mb,fpr,amplification,-0.056922026232408385,-0.2298281803867433,0.09930039997128526,False
Victim Race,named_n>=5000,graphsage_fairloss_a50_sstate20_mb,graphsage_fairloss_a100_sstate20_mb,selection_rate,gap,0.005607721685917277,0.0036907430176991497,0.007566865554838159,True
Victim Race,named_n>=5000,graphsage_fairloss_a50_sstate20_mb,graphsage_fairloss_a100_sstate20_mb,selection_rate,amplification,0.07347123634455621,0.04814824242894932,0.09997126998845982,True
Victim Race,named_n>=5000,graphsage_fairloss_a50_sstate20_mb,graphsage_fairloss_a100_sstate20_mb,tpr,gap,0.004836439971161455,0.0024968815167816434,0.007120967140979778,True
Victim Race,named_n>=5000,graphsage_fairloss_a50_sstate20_mb,graphsage_fairloss_a100_sstate20_mb,tpr,amplification,0.06336605917512433,0.03240272673495255,0.09519261397519506,True
Victim Race,named_n>=5000,graphsage_fairloss_a50_sstate20_mb,graphsage_fairloss_a100_sstate20_mb,fpr,gap,0.005430800563108185,0.001887782566782667,0.00918041300046113,True
Victim Race,named_n>=5000,graphsage_fairloss_a50_sstate20_mb,graphsage_fairloss_a100_sstate20_mb,fpr,amplification,0.07115325154497276,0.02385338581960641,0.12208645142870346,True
Victim Sex,named_all,graphsage_geo_blind_mb,graphsage_fairloss_a0_mb,selection_rate,gap,-0.007121615289307437,-0.008930438602388282,-0.005359522016329399,True
Victim Sex,named_all,graphsage_geo_blind_mb,graphsage_fairloss_a0_mb,selection_rate,amplification,-0.08626337246271087,-0.10804092900602304,-0.06529765605011656,True
Victim Sex,named_all,graphsage_geo_blind_mb,graphsage_fairloss_a0_mb,tpr,gap,-0.005699108039954548,-0.0078030042361782095,-0.003817324267944985,True
Victim Sex,named_all,graphsage_geo_blind_mb,graphsage_fairloss_a0_mb,tpr,amplification,-0.06903269266650303,-0.09479915449562887,-0.04684070929518699,True
Victim Sex,named_all,graphsage_geo_blind_mb,graphsage_fairloss_a0_mb,fpr,gap,-0.011739354827327075,-0.01615743233900158,-0.007759296876639192,True
Victim Sex,named_all,graphsage_geo_blind_mb,graphsage_fairloss_a0_mb,fpr,amplification,-0.14219756288465835,-0.19610306713523296,-0.09569625081412553,True
Victim Sex,named_n>=5000,graphsage_geo_blind_mb,graphsage_fairloss_a0_mb,selection_rate,gap,-0.007121615289307437,-0.008930438602388282,-0.005359522016329399,True
Victim Sex,named_n>=5000,graphsage_geo_blind_mb,graphsage_fairloss_a0_mb,selection_rate,amplification,-0.08626337246271087,-0.10804092900602304,-0.06529765605011656,True
Victim Sex,named_n>=5000,graphsage_geo_blind_mb,graphsage_fairloss_a0_mb,tpr,gap,-0.005699108039954548,-0.0078030042361782095,-0.003817324267944985,True
Victim Sex,named_n>=5000,graphsage_geo_blind_mb,graphsage_fairloss_a0_mb,tpr,amplification,-0.06903269266650303,-0.09479915449562887,-0.04684070929518699,True
Victim Sex,named_n>=5000,graphsage_geo_blind_mb,graphsage_fairloss_a0_mb,fpr,gap,-0.011739354827327075,-0.01615743233900158,-0.007759296876639192,True
Victim Sex,named_n>=5000,graphsage_geo_blind_mb,graphsage_fairloss_a0_mb,fpr,amplification,-0.14219756288465835,-0.19610306713523296,-0.09569625081412553,True
Victim Sex,named_all,graphsage_geo_blind_mb,graphsage_fairloss_a10_mb,selection_rate,gap,0.018566689714546114,0.015742037700715597,0.021390490358687456,True
Victim Sex,named_all,graphsage_geo_blind_mb,graphsage_fairloss_a10_mb,selection_rate,amplification,0.2248963479746222,0.18838663731521277,0.26457697205644437,True
Victim Sex,named_all,graphsage_geo_blind_mb,graphsage_fairloss_a10_mb,tpr,gap,0.01630600910981339,0.013063043715935774,0.019595678379305953,True
Victim Sex,named_all,graphsage_geo_blind_mb,graphsage_fairloss_a10_mb,tpr,amplification,0.19751296301165122,0.15856690594176143,0.2411155831451631,True
Victim Sex,named_all,graphsage_geo_blind_mb,graphsage_fairloss_a10_mb,fpr,gap,0.023754339400039792,0.017537657773423396,0.02983541170978918,True
Victim Sex,named_all,graphsage_geo_blind_mb,graphsage_fairloss_a10_mb,fpr,amplification,0.28773379971084556,0.20902290164753487,0.3635345770708607,True
Victim Sex,named_n>=5000,graphsage_geo_blind_mb,graphsage_fairloss_a10_mb,selection_rate,gap,0.018566689714546114,0.015742037700715597,0.021390490358687456,True
Victim Sex,named_n>=5000,graphsage_geo_blind_mb,graphsage_fairloss_a10_mb,selection_rate,amplification,0.2248963479746222,0.18838663731521277,0.26457697205644437,True
Victim Sex,named_n>=5000,graphsage_geo_blind_mb,graphsage_fairloss_a10_mb,tpr,gap,0.01630600910981339,0.013063043715935774,0.019595678379305953,True
Victim Sex,named_n>=5000,graphsage_geo_blind_mb,graphsage_fairloss_a10_mb,tpr,amplification,0.19751296301165122,0.15856690594176143,0.2411155831451631,True
Victim Sex,named_n>=5000,graphsage_geo_blind_mb,graphsage_fairloss_a10_mb,fpr,gap,0.023754339400039792,0.017537657773423396,0.02983541170978918,True
Victim Sex,named_n>=5000,graphsage_geo_blind_mb,graphsage_fairloss_a10_mb,fpr,amplification,0.28773379971084556,0.20902290164753487,0.3635345770708607,True
Victim Sex,named_all,graphsage_geo_blind_mb,graphsage_fairloss_a25_mb,selection_rate,gap,0.025749150554505107,0.022475573225881135,0.02884669368904046,True
Victim Sex,named_all,graphsage_geo_blind_mb,graphsage_fairloss_a25_mb,selection_rate,amplification,0.3118967361543201,0.2693905790049111,0.3550380208500919,True
Victim Sex,named_all,graphsage_geo_blind_mb,graphsage_fairloss_a25_mb,tpr,gap,0.02263904161458752,0.0190121365789786,0.0261415744125434,True
Victim Sex,named_all,graphsage_geo_blind_mb,graphsage_fairloss_a25_mb,tpr,amplification,0.27422431564509475,0.22770414941392214,0.3196765778506574,True
Victim Sex,named_all,graphsage_geo_blind_mb,graphsage_fairloss_a25_mb,fpr,gap,0.03322293851510799,0.02643249042578119,0.03958904429661303,True
Victim Sex,named_all,graphsage_geo_blind_mb,graphsage_fairloss_a25_mb,fpr,amplification,0.40242593892111367,0.3176635341202614,0.4852464074809128,True
Victim Sex,named_n>=5000,graphsage_geo_blind_mb,graphsage_fairloss_a25_mb,selection_rate,gap,0.025749150554505107,0.022475573225881135,0.02884669368904046,True
Victim Sex,named_n>=5000,graphsage_geo_blind_mb,graphsage_fairloss_a25_mb,selection_rate,amplification,0.3118967361543201,0.2693905790049111,0.3550380208500919,True
Victim Sex,named_n>=5000,graphsage_geo_blind_mb,graphsage_fairloss_a25_mb,tpr,gap,0.02263904161458752,0.0190121365789786,0.0261415744125434,True
Victim Sex,named_n>=5000,graphsage_geo_blind_mb,graphsage_fairloss_a25_mb,tpr,amplification,0.27422431564509475,0.22770414941392214,0.3196765778506574,True
Victim Sex,named_n>=5000,graphsage_geo_blind_mb,graphsage_fairloss_a25_mb,fpr,gap,0.03322293851510799,0.02643249042578119,0.03958904429661303,True
Victim Sex,named_n>=5000,graphsage_geo_blind_mb,graphsage_fairloss_a25_mb,fpr,amplification,0.40242593892111367,0.3176635341202614,0.4852464074809128,True
Victim Sex,named_all,graphsage_geo_blind_mb,graphsage_fairloss_a50_mb,selection_rate,gap,0.023842214110352145,0.02082899404720804,0.026844155938878633,True
Victim Sex,named_all,graphsage_geo_blind_mb,graphsage_fairloss_a50_mb,selection_rate,amplification,0.28879821677885387,0.2506856152615042,0.3269228418320233,True
Victim Sex,named_all,graphsage_geo_blind_mb,graphsage_fairloss_a50_mb,tpr,gap,0.021272550054461492,0.017720931469467904,0.024900750934975045,True
Victim Sex,named_all,graphsage_geo_blind_mb,graphsage_fairloss_a50_mb,tpr,amplification,0.2576721479654832,0.21039689923369176,0.302195738776245,True
Victim Sex,named_all,graphsage_geo_blind_mb,graphsage_fairloss_a50_mb,fpr,gap,0.02792556042288652,0.021296820922301826,0.03422179280387057,True
Victim Sex,named_all,graphsage_geo_blind_mb,graphsage_fairloss_a50_mb,fpr,amplification,0.33825935860453704,0.25514793350972365,0.4210118252480046,True
Victim Sex,named_n>=5000,graphsage_geo_blind_mb,graphsage_fairloss_a50_mb,selection_rate,gap,0.023842214110352145,0.02082899404720804,0.026844155938878633,True
Victim Sex,named_n>=5000,graphsage_geo_blind_mb,graphsage_fairloss_a50_mb,selection_rate,amplification,0.28879821677885387,0.2506856152615042,0.3269228418320233,True
Victim Sex,named_n>=5000,graphsage_geo_blind_mb,graphsage_fairloss_a50_mb,tpr,gap,0.021272550054461492,0.017720931469467904,0.024900750934975045,True
Victim Sex,named_n>=5000,graphsage_geo_blind_mb,graphsage_fairloss_a50_mb,tpr,amplification,0.2576721479654832,0.21039689923369176,0.302195738776245,True
Victim Sex,named_n>=5000,graphsage_geo_blind_mb,graphsage_fairloss_a50_mb,fpr,gap,0.02792556042288652,0.021296820922301826,0.03422179280387057,True
Victim Sex,named_n>=5000,graphsage_geo_blind_mb,graphsage_fairloss_a50_mb,fpr,amplification,0.33825935860453704,0.25514793350972365,0.4210118252480046,True
Victim Sex,named_all,graphsage_geo_blind_mb,graphsage_fairloss_a100_mb,selection_rate,gap,0.02734102598224275,0.023992875260451265,0.030652108165251588,True
Victim Sex,named_all,graphsage_geo_blind_mb,graphsage_fairloss_a100_mb,selection_rate,amplification,0.3311789547744899,0.2888036284181243,0.3778103591160704,True
Victim Sex,named_all,graphsage_geo_blind_mb,graphsage_fairloss_a100_mb,tpr,gap,0.02431372838255641,0.02016099356676374,0.028357648855932657,True
Victim Sex,named_all,graphsage_geo_blind_mb,graphsage_fairloss_a100_mb,tpr,amplification,0.2945096192672345,0.24235546152992324,0.3450844484535967,True
Victim Sex,named_all,graphsage_geo_blind_mb,graphsage_fairloss_a100_mb,fpr,gap,0.03279562236799177,0.025941803117857765,0.03981803134419121,True
Victim Sex,named_all,graphsage_geo_blind_mb,graphsage_fairloss_a100_mb,fpr,amplification,0.39724990364532986,0.31180986001090305,0.4866957199031779,True
Victim Sex,named_n>=5000,graphsage_geo_blind_mb,graphsage_fairloss_a100_mb,selection_rate,gap,0.02734102598224275,0.023992875260451265,0.030652108165251588,True
Victim Sex,named_n>=5000,graphsage_geo_blind_mb,graphsage_fairloss_a100_mb,selection_rate,amplification,0.3311789547744899,0.2888036284181243,0.3778103591160704,True
Victim Sex,named_n>=5000,graphsage_geo_blind_mb,graphsage_fairloss_a100_mb,tpr,gap,0.02431372838255641,0.02016099356676374,0.028357648855932657,True
Victim Sex,named_n>=5000,graphsage_geo_blind_mb,graphsage_fairloss_a100_mb,tpr,amplification,0.2945096192672345,0.24235546152992324,0.3450844484535967,True
Victim Sex,named_n>=5000,graphsage_geo_blind_mb,graphsage_fairloss_a100_mb,fpr,gap,0.03279562236799177,0.025941803117857765,0.03981803134419121,True
Victim Sex,named_n>=5000,graphsage_geo_blind_mb,graphsage_fairloss_a100_mb,fpr,amplification,0.39724990364532986,0.31180986001090305,0.4866957199031779,True
Victim Sex,named_all,graphsage_geo_blind_mb,graphsage_fairloss_a5_sstate20_mb,selection_rate,gap,0.013304148557601314,0.011074067211113193,0.015565467870046684,True
Victim Sex,named_all,graphsage_geo_blind_mb,graphsage_fairloss_a5_sstate20_mb,selection_rate,amplification,0.1611517437689629,0.1321312301218269,0.1905422151838231,True
Victim Sex,named_all,graphsage_geo_blind_mb,graphsage_fairloss_a5_sstate20_mb,tpr,gap,0.012391789175180912,0.009867829729475036,0.015054407733642361,True
Victim Sex,named_all,graphsage_geo_blind_mb,graphsage_fairloss_a5_sstate20_mb,tpr,amplification,0.1501004311062658,0.11950905104498902,0.184503347019396,True
Victim Sex,named_all,graphsage_geo_blind_mb,graphsage_fairloss_a5_sstate20_mb,fpr,gap,0.014405631749048575,0.00959509324032011,0.01935324595763077,True
Victim Sex,named_all,graphsage_geo_blind_mb,graphsage_fairloss_a5_sstate20_mb,fpr,amplification,0.17449389311925034,0.11343849610183794,0.23773999608895754,True
Victim Sex,named_n>=5000,graphsage_geo_blind_mb,graphsage_fairloss_a5_sstate20_mb,selection_rate,gap,0.013304148557601314,0.011074067211113193,0.015565467870046684,True
Victim Sex,named_n>=5000,graphsage_geo_blind_mb,graphsage_fairloss_a5_sstate20_mb,selection_rate,amplification,0.1611517437689629,0.1321312301218269,0.1905422151838231,True
Victim Sex,named_n>=5000,graphsage_geo_blind_mb,graphsage_fairloss_a5_sstate20_mb,tpr,gap,0.012391789175180912,0.009867829729475036,0.015054407733642361,True
Victim Sex,named_n>=5000,graphsage_geo_blind_mb,graphsage_fairloss_a5_sstate20_mb,tpr,amplification,0.1501004311062658,0.11950905104498902,0.184503347019396,True
Victim Sex,named_n>=5000,graphsage_geo_blind_mb,graphsage_fairloss_a5_sstate20_mb,fpr,gap,0.014405631749048575,0.00959509324032011,0.01935324595763077,True
Victim Sex,named_n>=5000,graphsage_geo_blind_mb,graphsage_fairloss_a5_sstate20_mb,fpr,amplification,0.17449389311925034,0.11343849610183794,0.23773999608895754,True
Victim Sex,named_all,graphsage_geo_blind_mb,graphsage_fairloss_a10_sstate20_mb,selection_rate,gap,0.02372397359701428,0.021067760757301678,0.02625992138905764,True
Victim Sex,named_all,graphsage_geo_blind_mb,graphsage_fairloss_a10_sstate20_mb,selection_rate,amplification,0.2873659819517971,0.25179468559855844,0.322584248165733,True
Victim Sex,named_all,graphsage_geo_blind_mb,graphsage_fairloss_a10_sstate20_mb,tpr,gap,0.022445512881022145,0.019431493556823363,0.0252753558808162,True
Victim Sex,named_all,graphsage_geo_blind_mb,graphsage_fairloss_a10_sstate20_mb,tpr,amplification,0.2718801225726535,0.23208951615525886,0.31000105794992855,True
Victim Sex,named_all,graphsage_geo_blind_mb,graphsage_fairloss_a10_sstate20_mb,fpr,gap,0.02448506445226939,0.01863860507495356,0.02997672331982688,True
Victim Sex,named_all,graphsage_geo_blind_mb,graphsage_fairloss_a10_sstate20_mb,fpr,amplification,0.29658499495063295,0.22469969051441566,0.3663023654074581,True
Victim Sex,named_n>=5000,graphsage_geo_blind_mb,graphsage_fairloss_a10_sstate20_mb,selection_rate,gap,0.02372397359701428,0.021067760757301678,0.02625992138905764,True
Victim Sex,named_n>=5000,graphsage_geo_blind_mb,graphsage_fairloss_a10_sstate20_mb,selection_rate,amplification,0.2873659819517971,0.25179468559855844,0.322584248165733,True
Victim Sex,named_n>=5000,graphsage_geo_blind_mb,graphsage_fairloss_a10_sstate20_mb,tpr,gap,0.022445512881022145,0.019431493556823363,0.0252753558808162,True
Victim Sex,named_n>=5000,graphsage_geo_blind_mb,graphsage_fairloss_a10_sstate20_mb,tpr,amplification,0.2718801225726535,0.23208951615525886,0.31000105794992855,True
Victim Sex,named_n>=5000,graphsage_geo_blind_mb,graphsage_fairloss_a10_sstate20_mb,fpr,gap,0.02448506445226939,0.01863860507495356,0.02997672331982688,True
Victim Sex,named_n>=5000,graphsage_geo_blind_mb,graphsage_fairloss_a10_sstate20_mb,fpr,amplification,0.29658499495063295,0.22469969051441566,0.3663023654074581,True
Victim Sex,named_all,graphsage_geo_blind_mb,graphsage_fairloss_a25_sstate20_mb,selection_rate,gap,0.027609779841707316,0.024650031979936437,0.030463010262991454,True
Victim Sex,named_all,graphsage_geo_blind_mb,graphsage_fairloss_a25_sstate20_mb,selection_rate,amplification,0.33443434183739273,0.29548661456674635,0.37459766980736536,True
Victim Sex,named_all,graphsage_geo_blind_mb,graphsage_fairloss_a25_sstate20_mb,tpr,gap,0.02598085754599666,0.02255072028614607,0.029509416794958557,True
Victim Sex,named_all,graphsage_geo_blind_mb,graphsage_fairloss_a25_sstate20_mb,tpr,amplification,0.3147033784253875,0.2726960904424695,0.3597061007183145,True
Victim Sex,named_all,graphsage_geo_blind_mb,graphsage_fairloss_a25_sstate20_mb,fpr,gap,0.028450784251379535,0.022473126850302238,0.03421722503741345,True
Victim Sex,named_all,graphsage_geo_blind_mb,graphsage_fairloss_a25_sstate20_mb,fpr,amplification,0.3446213392652461,0.2703389369099,0.42028840522675504,True
Victim Sex,named_n>=5000,graphsage_geo_blind_mb,graphsage_fairloss_a25_sstate20_mb,selection_rate,gap,0.027609779841707316,0.024650031979936437,0.030463010262991454,True
Victim Sex,named_n>=5000,graphsage_geo_blind_mb,graphsage_fairloss_a25_sstate20_mb,selection_rate,amplification,0.33443434183739273,0.29548661456674635,0.37459766980736536,True
Victim Sex,named_n>=5000,graphsage_geo_blind_mb,graphsage_fairloss_a25_sstate20_mb,tpr,gap,0.02598085754599666,0.02255072028614607,0.029509416794958557,True
Victim Sex,named_n>=5000,graphsage_geo_blind_mb,graphsage_fairloss_a25_sstate20_mb,tpr,amplification,0.3147033784253875,0.2726960904424695,0.3597061007183145,True
Victim Sex,named_n>=5000,graphsage_geo_blind_mb,graphsage_fairloss_a25_sstate20_mb,fpr,gap,0.028450784251379535,0.022473126850302238,0.03421722503741345,True
Victim Sex,named_n>=5000,graphsage_geo_blind_mb,graphsage_fairloss_a25_sstate20_mb,fpr,amplification,0.3446213392652461,0.2703389369099,0.42028840522675504,True
Victim Sex,named_all,graphsage_geo_blind_mb,graphsage_fairloss_a50_sstate20_mb,selection_rate,gap,0.03463588962721453,0.03113262898506511,0.037872813933520495,True
Victim Sex,named_all,graphsage_geo_blind_mb,graphsage_fairloss_a50_sstate20_mb,selection_rate,amplification,0.4195408662379896,0.3735048217813008,0.4691850140896754,True
Victim Sex,named_all,graphsage_geo_blind_mb,graphsage_fairloss_a50_sstate20_mb,tpr,gap,0.03289258393516936,0.028978275464689267,0.036765923040885495,True
Victim Sex,named_all,graphsage_geo_blind_mb,graphsage_fairloss_a50_sstate20_mb,tpr,amplification,0.3984243888490683,0.34648355865233205,0.4543969926664013,True
Victim Sex,named_all,graphsage_geo_blind_mb,graphsage_fairloss_a50_sstate20_mb,fpr,gap,0.03472264150575166,0.02814155231630981,0.04094023913939545,True
Victim Sex,named_all,graphsage_geo_blind_mb,graphsage_fairloss_a50_sstate20_mb,fpr,amplification,0.420591682563511,0.3338284073774893,0.49896804083766416,True
Victim Sex,named_n>=5000,graphsage_geo_blind_mb,graphsage_fairloss_a50_sstate20_mb,selection_rate,gap,0.03463588962721453,0.03113262898506511,0.037872813933520495,True
Victim Sex,named_n>=5000,graphsage_geo_blind_mb,graphsage_fairloss_a50_sstate20_mb,selection_rate,amplification,0.4195408662379896,0.3735048217813008,0.4691850140896754,True
Victim Sex,named_n>=5000,graphsage_geo_blind_mb,graphsage_fairloss_a50_sstate20_mb,tpr,gap,0.03289258393516936,0.028978275464689267,0.036765923040885495,True
Victim Sex,named_n>=5000,graphsage_geo_blind_mb,graphsage_fairloss_a50_sstate20_mb,tpr,amplification,0.3984243888490683,0.34648355865233205,0.4543969926664013,True
Victim Sex,named_n>=5000,graphsage_geo_blind_mb,graphsage_fairloss_a50_sstate20_mb,fpr,gap,0.03472264150575166,0.02814155231630981,0.04094023913939545,True
Victim Sex,named_n>=5000,graphsage_geo_blind_mb,graphsage_fairloss_a50_sstate20_mb,fpr,amplification,0.420591682563511,0.3338284073774893,0.49896804083766416,True
Victim Sex,named_all,graphsage_geo_blind_mb,graphsage_fairloss_a100_sstate20_mb,selection_rate,gap,0.044534578706260874,0.04098657687692483,0.04778032922160237,True
Victim Sex,named_all,graphsage_geo_blind_mb,graphsage_fairloss_a100_sstate20_mb,selection_rate,amplification,0.5394426396741931,0.48981355489492956,0.5899981813018786,True
Victim Sex,named_all,graphsage_geo_blind_mb,graphsage_fairloss_a100_sstate20_mb,tpr,gap,0.03980070897344812,0.03595160203613632,0.04376849841276553,True
Victim Sex,named_all,graphsage_geo_blind_mb,graphsage_fairloss_a100_sstate20_mb,tpr,amplification,0.48210177649042896,0.42699349630319594,0.5358402821450231,True
Victim Sex,named_all,graphsage_geo_blind_mb,graphsage_fairloss_a100_sstate20_mb,fpr,gap,0.0510405799073837,0.04386501348978517,0.058288428631627295,True
Victim Sex,named_all,graphsage_geo_blind_mb,graphsage_fairloss_a100_sstate20_mb,fpr,amplification,0.6182491438247255,0.522780651889136,0.7165854057166404,True
Victim Sex,named_n>=5000,graphsage_geo_blind_mb,graphsage_fairloss_a100_sstate20_mb,selection_rate,gap,0.044534578706260874,0.04098657687692483,0.04778032922160237,True
Victim Sex,named_n>=5000,graphsage_geo_blind_mb,graphsage_fairloss_a100_sstate20_mb,selection_rate,amplification,0.5394426396741931,0.48981355489492956,0.5899981813018786,True
Victim Sex,named_n>=5000,graphsage_geo_blind_mb,graphsage_fairloss_a100_sstate20_mb,tpr,gap,0.03980070897344812,0.03595160203613632,0.04376849841276553,True
Victim Sex,named_n>=5000,graphsage_geo_blind_mb,graphsage_fairloss_a100_sstate20_mb,tpr,amplification,0.48210177649042896,0.42699349630319594,0.5358402821450231,True
Victim Sex,named_n>=5000,graphsage_geo_blind_mb,graphsage_fairloss_a100_sstate20_mb,fpr,gap,0.0510405799073837,0.04386501348978517,0.058288428631627295,True
Victim Sex,named_n>=5000,graphsage_geo_blind_mb,graphsage_fairloss_a100_sstate20_mb,fpr,amplification,0.6182491438247255,0.522780651889136,0.7165854057166404,True
Victim Sex,named_all,graphsage_fairloss_a0_mb,graphsage_fairloss_a10_mb,selection_rate,gap,0.02568830500385355,0.02289655172482975,0.02846345270642426,True
Victim Sex,named_all,graphsage_fairloss_a0_mb,graphsage_fairloss_a10_mb,selection_rate,amplification,0.3111597204373331,0.27397905776820886,0.3501654564015496,True
Victim Sex,named_all,graphsage_fairloss_a0_mb,graphsage_fairloss_a10_mb,tpr,gap,0.02200511714976794,0.01873858469396191,0.02526771304506134,True
Victim Sex,named_all,graphsage_fairloss_a0_mb,graphsage_fairloss_a10_mb,tpr,amplification,0.26654565567815425,0.22478629241461084,0.3065888137073286,True
Victim Sex,named_all,graphsage_fairloss_a0_mb,graphsage_fairloss_a10_mb,fpr,gap,0.03549369422736687,0.029574139118197142,0.04146237908045016,True
Victim Sex,named_all,graphsage_fairloss_a0_mb,graphsage_fairloss_a10_mb,fpr,amplification,0.4299313625955039,0.3568974070465335,0.5092122777158032,True
Victim Sex,named_n>=5000,graphsage_fairloss_a0_mb,graphsage_fairloss_a10_mb,selection_rate,gap,0.02568830500385355,0.02289655172482975,0.02846345270642426,True
Victim Sex,named_n>=5000,graphsage_fairloss_a0_mb,graphsage_fairloss_a10_mb,selection_rate,amplification,0.3111597204373331,0.27397905776820886,0.3501654564015496,True
Victim Sex,named_n>=5000,graphsage_fairloss_a0_mb,graphsage_fairloss_a10_mb,tpr,gap,0.02200511714976794,0.01873858469396191,0.02526771304506134,True
Victim Sex,named_n>=5000,graphsage_fairloss_a0_mb,graphsage_fairloss_a10_mb,tpr,amplification,0.26654565567815425,0.22478629241461084,0.3065888137073286,True
Victim Sex,named_n>=5000,graphsage_fairloss_a0_mb,graphsage_fairloss_a10_mb,fpr,gap,0.03549369422736687,0.029574139118197142,0.04146237908045016,True
Victim Sex,named_n>=5000,graphsage_fairloss_a0_mb,graphsage_fairloss_a10_mb,fpr,amplification,0.4299313625955039,0.3568974070465335,0.5092122777158032,True
Victim Sex,named_all,graphsage_fairloss_a0_mb,graphsage_fairloss_a25_mb,selection_rate,gap,0.032870765843812544,0.02963625352827464,0.0358967128595293,True
Victim Sex,named_all,graphsage_fairloss_a0_mb,graphsage_fairloss_a25_mb,selection_rate,amplification,0.398160108617031,0.3544630651702355,0.4431679526332948,True
Victim Sex,named_all,graphsage_fairloss_a0_mb,graphsage_fairloss_a25_mb,tpr,gap,0.028338149654542066,0.024656966877154123,0.0322052988679688,True
Victim Sex,named_all,graphsage_fairloss_a0_mb,graphsage_fairloss_a25_mb,tpr,amplification,0.3432570083115978,0.2956776714210757,0.394577487549469,True
Victim Sex,named_all,graphsage_fairloss_a0_mb,graphsage_fairloss_a25_mb,fpr,gap,0.04496229334243507,0.03818562448053132,0.051094584893469124,True
Victim Sex,named_all,graphsage_fairloss_a0_mb,graphsage_fairloss_a25_mb,fpr,amplification,0.544623501805772,0.4565388748047716,0.623779198116912,True
Victim Sex,named_n>=5000,graphsage_fairloss_a0_mb,graphsage_fairloss_a25_mb,selection_rate,gap,0.032870765843812544,0.02963625352827464,0.0358967128595293,True
Victim Sex,named_n>=5000,graphsage_fairloss_a0_mb,graphsage_fairloss_a25_mb,selection_rate,amplification,0.398160108617031,0.3544630651702355,0.4431679526332948,True
Victim Sex,named_n>=5000,graphsage_fairloss_a0_mb,graphsage_fairloss_a25_mb,tpr,gap,0.028338149654542066,0.024656966877154123,0.0322052988679688,True
Victim Sex,named_n>=5000,graphsage_fairloss_a0_mb,graphsage_fairloss_a25_mb,tpr,amplification,0.3432570083115978,0.2956776714210757,0.394577487549469,True
Victim Sex,named_n>=5000,graphsage_fairloss_a0_mb,graphsage_fairloss_a25_mb,fpr,gap,0.04496229334243507,0.03818562448053132,0.051094584893469124,True
Victim Sex,named_n>=5000,graphsage_fairloss_a0_mb,graphsage_fairloss_a25_mb,fpr,amplification,0.544623501805772,0.4565388748047716,0.623779198116912,True
Victim Sex,named_all,graphsage_fairloss_a0_mb,graphsage_fairloss_a50_mb,selection_rate,gap,0.03096382939965958,0.027798267233625204,0.03399858304391217,True
Victim Sex,named_all,graphsage_fairloss_a0_mb,graphsage_fairloss_a50_mb,selection_rate,amplification,0.37506158924156474,0.33465266128982857,0.4218701325504128,True
Victim Sex,named_all,graphsage_fairloss_a0_mb,graphsage_fairloss_a50_mb,tpr,gap,0.02697165809441604,0.023292207865186862,0.0305951976114113,True
Victim Sex,named_all,graphsage_fairloss_a0_mb,graphsage_fairloss_a50_mb,tpr,amplification,0.32670484063198624,0.28154829460566244,0.3770658560276588,True
Victim Sex,named_all,graphsage_fairloss_a0_mb,graphsage_fairloss_a50_mb,fpr,gap,0.039664915250213595,0.03232129753676752,0.0460796130094095,True
Victim Sex,named_all,graphsage_fairloss_a0_mb,graphsage_fairloss_a50_mb,fpr,amplification,0.4804569214891954,0.39060551604744476,0.5674869221367322,True
Victim Sex,named_n>=5000,graphsage_fairloss_a0_mb,graphsage_fairloss_a50_mb,selection_rate,gap,0.03096382939965958,0.027798267233625204,0.03399858304391217,True
Victim Sex,named_n>=5000,graphsage_fairloss_a0_mb,graphsage_fairloss_a50_mb,selection_rate,amplification,0.37506158924156474,0.33465266128982857,0.4218701325504128,True
Victim Sex,named_n>=5000,graphsage_fairloss_a0_mb,graphsage_fairloss_a50_mb,tpr,gap,0.02697165809441604,0.023292207865186862,0.0305951976114113,True
Victim Sex,named_n>=5000,graphsage_fairloss_a0_mb,graphsage_fairloss_a50_mb,tpr,amplification,0.32670484063198624,0.28154829460566244,0.3770658560276588,True
Victim Sex,named_n>=5000,graphsage_fairloss_a0_mb,graphsage_fairloss_a50_mb,fpr,gap,0.039664915250213595,0.03232129753676752,0.0460796130094095,True
Victim Sex,named_n>=5000,graphsage_fairloss_a0_mb,graphsage_fairloss_a50_mb,fpr,amplification,0.4804569214891954,0.39060551604744476,0.5674869221367322,True
Victim Sex,named_all,graphsage_fairloss_a0_mb,graphsage_fairloss_a100_mb,selection_rate,gap,0.03446264127155019,0.030768491191743248,0.037807445933975434,True
Victim Sex,named_all,graphsage_fairloss_a0_mb,graphsage_fairloss_a100_mb,selection_rate,amplification,0.41744232723720076,0.3684525997866337,0.4702250967752452,True
Victim Sex,named_all,graphsage_fairloss_a0_mb,graphsage_fairloss_a100_mb,tpr,gap,0.030012836422510958,0.025805807147601716,0.03389598545466019,True
Victim Sex,named_all,graphsage_fairloss_a0_mb,graphsage_fairloss_a100_mb,tpr,amplification,0.36354231193373754,0.3102709945962915,0.4182528606567297,True
Victim Sex,named_all,graphsage_fairloss_a0_mb,graphsage_fairloss_a100_mb,fpr,gap,0.04453497719531885,0.03713696458477801,0.05169586869948895,True
Victim Sex,named_all,graphsage_fairloss_a0_mb,graphsage_fairloss_a100_mb,fpr,amplification,0.5394474665299882,0.4500700701510383,0.6423451642676039,True
Victim Sex,named_n>=5000,graphsage_fairloss_a0_mb,graphsage_fairloss_a100_mb,selection_rate,gap,0.03446264127155019,0.030768491191743248,0.037807445933975434,True
Victim Sex,named_n>=5000,graphsage_fairloss_a0_mb,graphsage_fairloss_a100_mb,selection_rate,amplification,0.41744232723720076,0.3684525997866337,0.4702250967752452,True
Victim Sex,named_n>=5000,graphsage_fairloss_a0_mb,graphsage_fairloss_a100_mb,tpr,gap,0.030012836422510958,0.025805807147601716,0.03389598545466019,True
Victim Sex,named_n>=5000,graphsage_fairloss_a0_mb,graphsage_fairloss_a100_mb,tpr,amplification,0.36354231193373754,0.3102709945962915,0.4182528606567297,True
Victim Sex,named_n>=5000,graphsage_fairloss_a0_mb,graphsage_fairloss_a100_mb,fpr,gap,0.04453497719531885,0.03713696458477801,0.05169586869948895,True
Victim Sex,named_n>=5000,graphsage_fairloss_a0_mb,graphsage_fairloss_a100_mb,fpr,amplification,0.5394474665299882,0.4500700701510383,0.6423451642676039,True
Victim Sex,named_all,graphsage_fairloss_a0_mb,graphsage_fairloss_a5_sstate20_mb,selection_rate,gap,0.02042576384690875,0.018174921594749684,0.022930914275382772,True
Victim Sex,named_all,graphsage_fairloss_a0_mb,graphsage_fairloss_a5_sstate20_mb,selection_rate,amplification,0.24741511623167378,0.21721247937897709,0.2779991684452112,True
Victim Sex,named_all,graphsage_fairloss_a0_mb,graphsage_fairloss_a5_sstate20_mb,tpr,gap,0.01809089721513546,0.015338416198783405,0.021039645979347855,True
Victim Sex,named_all,graphsage_fairloss_a0_mb,graphsage_fairloss_a5_sstate20_mb,tpr,amplification,0.21913312377276883,0.18482701245159724,0.25702837531557754,True
Victim Sex,named_all,graphsage_fairloss_a0_mb,graphsage_fairloss_a5_sstate20_mb,fpr,gap,0.02614498657637565,0.02143116825896737,0.031193438255201447,True
Victim Sex,named_all,graphsage_fairloss_a0_mb,graphsage_fairloss_a5_sstate20_mb,fpr,amplification,0.3166914560039087,0.2562035832935526,0.38165327734398763,True
Victim Sex,named_n>=5000,graphsage_fairloss_a0_mb,graphsage_fairloss_a5_sstate20_mb,selection_rate,gap,0.02042576384690875,0.018174921594749684,0.022930914275382772,True
Victim Sex,named_n>=5000,graphsage_fairloss_a0_mb,graphsage_fairloss_a5_sstate20_mb,selection_rate,amplification,0.24741511623167378,0.21721247937897709,0.2779991684452112,True
Victim Sex,named_n>=5000,graphsage_fairloss_a0_mb,graphsage_fairloss_a5_sstate20_mb,tpr,gap,0.01809089721513546,0.015338416198783405,0.021039645979347855,True
Victim Sex,named_n>=5000,graphsage_fairloss_a0_mb,graphsage_fairloss_a5_sstate20_mb,tpr,amplification,0.21913312377276883,0.18482701245159724,0.25702837531557754,True
Victim Sex,named_n>=5000,graphsage_fairloss_a0_mb,graphsage_fairloss_a5_sstate20_mb,fpr,gap,0.02614498657637565,0.02143116825896737,0.031193438255201447,True
Victim Sex,named_n>=5000,graphsage_fairloss_a0_mb,graphsage_fairloss_a5_sstate20_mb,fpr,amplification,0.3166914560039087,0.2562035832935526,0.38165327734398763,True
Victim Sex,named_all,graphsage_fairloss_a0_mb,graphsage_fairloss_a10_sstate20_mb,selection_rate,gap,0.030845588886321718,0.02829943277311852,0.033444680467151634,True
Victim Sex,named_all,graphsage_fairloss_a0_mb,graphsage_fairloss_a10_sstate20_mb,selection_rate,amplification,0.37362935441450795,0.34055560331738793,0.4118041059638706,True
Victim Sex,named_all,graphsage_fairloss_a0_mb,graphsage_fairloss_a10_sstate20_mb,tpr,gap,0.028144620920976693,0.025209201114208796,0.031201360005498602,True
Victim Sex,named_all,graphsage_fairloss_a0_mb,graphsage_fairloss_a10_sstate20_mb,tpr,amplification,0.3409128152391565,0.30278341584428814,0.38365791364961666,True
Victim Sex,named_all,graphsage_fairloss_a0_mb,graphsage_fairloss_a10_sstate20_mb,fpr,gap,0.036224419279596465,0.030793119679383852,0.04170139594547759,True
Victim Sex,named_all,graphsage_fairloss_a0_mb,graphsage_fairloss_a10_sstate20_mb,fpr,amplification,0.4387825578352913,0.36816524183744126,0.5154545615994746,True
Victim Sex,named_n>=5000,graphsage_fairloss_a0_mb,graphsage_fairloss_a10_sstate20_mb,selection_rate,gap,0.030845588886321718,0.02829943277311852,0.033444680467151634,True
Victim Sex,named_n>=5000,graphsage_fairloss_a0_mb,graphsage_fairloss_a10_sstate20_mb,selection_rate,amplification,0.37362935441450795,0.34055560331738793,0.4118041059638706,True
Victim Sex,named_n>=5000,graphsage_fairloss_a0_mb,graphsage_fairloss_a10_sstate20_mb,tpr,gap,0.028144620920976693,0.025209201114208796,0.031201360005498602,True
Victim Sex,named_n>=5000,graphsage_fairloss_a0_mb,graphsage_fairloss_a10_sstate20_mb,tpr,amplification,0.3409128152391565,0.30278341584428814,0.38365791364961666,True
Victim Sex,named_n>=5000,graphsage_fairloss_a0_mb,graphsage_fairloss_a10_sstate20_mb,fpr,gap,0.036224419279596465,0.030793119679383852,0.04170139594547759,True
Victim Sex,named_n>=5000,graphsage_fairloss_a0_mb,graphsage_fairloss_a10_sstate20_mb,fpr,amplification,0.4387825578352913,0.36816524183744126,0.5154545615994746,True
Victim Sex,named_all,graphsage_fairloss_a0_mb,graphsage_fairloss_a25_sstate20_mb,selection_rate,gap,0.03473139513101475,0.031726692158142465,0.037718089232163333,True
Victim Sex,named_all,graphsage_fairloss_a0_mb,graphsage_fairloss_a25_sstate20_mb,selection_rate,amplification,0.4206977143001036,0.38141530741344465,0.46477485894773485,True
Victim Sex,named_all,graphsage_fairloss_a0_mb,graphsage_fairloss_a25_sstate20_mb,tpr,gap,0.03167996558595121,0.028274240602552535,0.03520299778098103,True
Victim Sex,named_all,graphsage_fairloss_a0_mb,graphsage_fairloss_a25_sstate20_mb,tpr,amplification,0.3837360710918905,0.3410956724504583,0.4308225060647086,True
Victim Sex,named_all,graphsage_fairloss_a0_mb,graphsage_fairloss_a25_sstate20_mb,fpr,gap,0.04019013907870661,0.03384538043024511,0.046452103880631514,True
Victim Sex,named_all,graphsage_fairloss_a0_mb,graphsage_fairloss_a25_sstate20_mb,fpr,amplification,0.4868189021499044,0.40335494452813114,0.5646600450383308,True
Victim Sex,named_n>=5000,graphsage_fairloss_a0_mb,graphsage_fairloss_a25_sstate20_mb,selection_rate,gap,0.03473139513101475,0.031726692158142465,0.037718089232163333,True
Victim Sex,named_n>=5000,graphsage_fairloss_a0_mb,graphsage_fairloss_a25_sstate20_mb,selection_rate,amplification,0.4206977143001036,0.38141530741344465,0.46477485894773485,True
Victim Sex,named_n>=5000,graphsage_fairloss_a0_mb,graphsage_fairloss_a25_sstate20_mb,tpr,gap,0.03167996558595121,0.028274240602552535,0.03520299778098103,True
Victim Sex,named_n>=5000,graphsage_fairloss_a0_mb,graphsage_fairloss_a25_sstate20_mb,tpr,amplification,0.3837360710918905,0.3410956724504583,0.4308225060647086,True
Victim Sex,named_n>=5000,graphsage_fairloss_a0_mb,graphsage_fairloss_a25_sstate20_mb,fpr,gap,0.04019013907870661,0.03384538043024511,0.046452103880631514,True
Victim Sex,named_n>=5000,graphsage_fairloss_a0_mb,graphsage_fairloss_a25_sstate20_mb,fpr,amplification,0.4868189021499044,0.40335494452813114,0.5646600450383308,True
Victim Sex,named_all,graphsage_fairloss_a0_mb,graphsage_fairloss_a50_sstate20_mb,selection_rate,gap,0.04175750491652197,0.03826685883793282,0.044945365988088105,True
Victim Sex,named_all,graphsage_fairloss_a0_mb,graphsage_fairloss_a50_sstate20_mb,selection_rate,amplification,0.5058042387007005,0.45945114947875,0.5547146634564419,True
Victim Sex,named_all,graphsage_fairloss_a0_mb,graphsage_fairloss_a50_sstate20_mb,tpr,gap,0.03859169197512391,0.03461754683758921,0.04212102234324605,True
Victim Sex,named_all,graphsage_fairloss_a0_mb,graphsage_fairloss_a50_sstate20_mb,tpr,amplification,0.4674570815155713,0.4145517482305383,0.522413291336354,True
Victim Sex,named_all,graphsage_fairloss_a0_mb,graphsage_fairloss_a50_sstate20_mb,fpr,gap,0.04646199633307874,0.039462084683132594,0.053060771085240765,True
Victim Sex,named_all,graphsage_fairloss_a0_mb,graphsage_fairloss_a50_sstate20_mb,fpr,amplification,0.5627892454481693,0.4750368366768662,0.6584495261709167,True
Victim Sex,named_n>=5000,graphsage_fairloss_a0_mb,graphsage_fairloss_a50_sstate20_mb,selection_rate,gap,0.04175750491652197,0.03826685883793282,0.044945365988088105,True
Victim Sex,named_n>=5000,graphsage_fairloss_a0_mb,graphsage_fairloss_a50_sstate20_mb,selection_rate,amplification,0.5058042387007005,0.45945114947875,0.5547146634564419,True
Victim Sex,named_n>=5000,graphsage_fairloss_a0_mb,graphsage_fairloss_a50_sstate20_mb,tpr,gap,0.03859169197512391,0.03461754683758921,0.04212102234324605,True
Victim Sex,named_n>=5000,graphsage_fairloss_a0_mb,graphsage_fairloss_a50_sstate20_mb,tpr,amplification,0.4674570815155713,0.4145517482305383,0.522413291336354,True
Victim Sex,named_n>=5000,graphsage_fairloss_a0_mb,graphsage_fairloss_a50_sstate20_mb,fpr,gap,0.04646199633307874,0.039462084683132594,0.053060771085240765,True
Victim Sex,named_n>=5000,graphsage_fairloss_a0_mb,graphsage_fairloss_a50_sstate20_mb,fpr,amplification,0.5627892454481693,0.4750368366768662,0.6584495261709167,True
Victim Sex,named_all,graphsage_fairloss_a0_mb,graphsage_fairloss_a100_sstate20_mb,selection_rate,gap,0.05165619399556831,0.047985917466508286,0.055508174682072434,True
Victim Sex,named_all,graphsage_fairloss_a0_mb,graphsage_fairloss_a100_sstate20_mb,selection_rate,amplification,0.625706012136904,0.5724250021144808,0.6840000491497954,True
Victim Sex,named_all,graphsage_fairloss_a0_mb,graphsage_fairloss_a100_sstate20_mb,tpr,gap,0.045499817013402666,0.041322330238510493,0.04962349305466782,True
Victim Sex,named_all,graphsage_fairloss_a0_mb,graphsage_fairloss_a100_sstate20_mb,tpr,amplification,0.551134469156932,0.4942344110973046,0.6104536796721285,True
Victim Sex,named_all,graphsage_fairloss_a0_mb,graphsage_fairloss_a100_sstate20_mb,fpr,gap,0.06277993473471077,0.055409675560498445,0.07011020468430586,True
Victim Sex,named_all,graphsage_fairloss_a0_mb,graphsage_fairloss_a100_sstate20_mb,fpr,amplification,0.7604467067093839,0.6640192234448625,0.8605794765544961,True
Victim Sex,named_n>=5000,graphsage_fairloss_a0_mb,graphsage_fairloss_a100_sstate20_mb,selection_rate,gap,0.05165619399556831,0.047985917466508286,0.055508174682072434,True
Victim Sex,named_n>=5000,graphsage_fairloss_a0_mb,graphsage_fairloss_a100_sstate20_mb,selection_rate,amplification,0.625706012136904,0.5724250021144808,0.6840000491497954,True
Victim Sex,named_n>=5000,graphsage_fairloss_a0_mb,graphsage_fairloss_a100_sstate20_mb,tpr,gap,0.045499817013402666,0.041322330238510493,0.04962349305466782,True
Victim Sex,named_n>=5000,graphsage_fairloss_a0_mb,graphsage_fairloss_a100_sstate20_mb,tpr,amplification,0.551134469156932,0.4942344110973046,0.6104536796721285,True
Victim Sex,named_n>=5000,graphsage_fairloss_a0_mb,graphsage_fairloss_a100_sstate20_mb,fpr,gap,0.06277993473471077,0.055409675560498445,0.07011020468430586,True
Victim Sex,named_n>=5000,graphsage_fairloss_a0_mb,graphsage_fairloss_a100_sstate20_mb,fpr,amplification,0.7604467067093839,0.6640192234448625,0.8605794765544961,True
Victim Sex,named_all,graphsage_fairloss_a10_mb,graphsage_fairloss_a25_mb,selection_rate,gap,0.007182460839958993,0.005277436729210988,0.009402333583158843,True
Victim Sex,named_all,graphsage_fairloss_a10_mb,graphsage_fairloss_a25_mb,selection_rate,amplification,0.08700038817969791,0.06338758315842288,0.11517431383193544,True
Victim Sex,named_all,graphsage_fairloss_a10_mb,graphsage_fairloss_a25_mb,tpr,gap,0.006333032504774128,0.003946749944452449,0.008831653643343809,True
Victim Sex,named_all,graphsage_fairloss_a10_mb,graphsage_fairloss_a25_mb,tpr,amplification,0.07671135263344353,0.04758511347466016,0.1071689442507035,True
Victim Sex,named_all,graphsage_fairloss_a10_mb,graphsage_fairloss_a25_mb,fpr,gap,0.0094685991150682,0.0051603982291814,0.013628116550334453,True
Victim Sex,named_all,graphsage_fairloss_a10_mb,graphsage_fairloss_a25_mb,fpr,amplification,0.11469213921026811,0.06274603328349061,0.16613670855392448,True
Victim Sex,named_n>=5000,graphsage_fairloss_a10_mb,graphsage_fairloss_a25_mb,selection_rate,gap,0.007182460839958993,0.005277436729210988,0.009402333583158843,True
Victim Sex,named_n>=5000,graphsage_fairloss_a10_mb,graphsage_fairloss_a25_mb,selection_rate,amplification,0.08700038817969791,0.06338758315842288,0.11517431383193544,True
Victim Sex,named_n>=5000,graphsage_fairloss_a10_mb,graphsage_fairloss_a25_mb,tpr,gap,0.006333032504774128,0.003946749944452449,0.008831653643343809,True
Victim Sex,named_n>=5000,graphsage_fairloss_a10_mb,graphsage_fairloss_a25_mb,tpr,amplification,0.07671135263344353,0.04758511347466016,0.1071689442507035,True
Victim Sex,named_n>=5000,graphsage_fairloss_a10_mb,graphsage_fairloss_a25_mb,fpr,gap,0.0094685991150682,0.0051603982291814,0.013628116550334453,True
Victim Sex,named_n>=5000,graphsage_fairloss_a10_mb,graphsage_fairloss_a25_mb,fpr,amplification,0.11469213921026811,0.06274603328349061,0.16613670855392448,True
Victim Sex,named_all,graphsage_fairloss_a10_mb,graphsage_fairloss_a50_mb,selection_rate,gap,0.0052755243958060305,0.0031082621670084493,0.007400569715317354,True
Victim Sex,named_all,graphsage_fairloss_a10_mb,graphsage_fairloss_a50_mb,selection_rate,amplification,0.06390186880423165,0.03744735394857603,0.0903335415061533,True
Victim Sex,named_all,graphsage_fairloss_a10_mb,graphsage_fairloss_a50_mb,tpr,gap,0.004966540944648101,0.002572713153342196,0.007286849545659979,True
Victim Sex,named_all,graphsage_fairloss_a10_mb,graphsage_fairloss_a50_mb,tpr,amplification,0.06015918495383199,0.030590278188695277,0.08821541069006468,True
Victim Sex,named_all,graphsage_fairloss_a10_mb,graphsage_fairloss_a50_mb,fpr,gap,0.004171221022846727,-0.0004459244374091051,0.008400692983046411,False
Victim Sex,named_all,graphsage_fairloss_a10_mb,graphsage_fairloss_a50_mb,fpr,amplification,0.05052555889369148,-0.0050329706127316964,0.10077338610082028,False
Victim Sex,named_n>=5000,graphsage_fairloss_a10_mb,graphsage_fairloss_a50_mb,selection_rate,gap,0.0052755243958060305,0.0031082621670084493,0.007400569715317354,True
Victim Sex,named_n>=5000,graphsage_fairloss_a10_mb,graphsage_fairloss_a50_mb,selection_rate,amplification,0.06390186880423165,0.03744735394857603,0.0903335415061533,True
Victim Sex,named_n>=5000,graphsage_fairloss_a10_mb,graphsage_fairloss_a50_mb,tpr,gap,0.004966540944648101,0.002572713153342196,0.007286849545659979,True
Victim Sex,named_n>=5000,graphsage_fairloss_a10_mb,graphsage_fairloss_a50_mb,tpr,amplification,0.06015918495383199,0.030590278188695277,0.08821541069006468,True
Victim Sex,named_n>=5000,graphsage_fairloss_a10_mb,graphsage_fairloss_a50_mb,fpr,gap,0.004171221022846727,-0.0004459244374091051,0.008400692983046411,False
Victim Sex,named_n>=5000,graphsage_fairloss_a10_mb,graphsage_fairloss_a50_mb,fpr,amplification,0.05052555889369148,-0.0050329706127316964,0.10077338610082028,False
Victim Sex,named_all,graphsage_fairloss_a10_mb,graphsage_fairloss_a100_mb,selection_rate,gap,0.008774336267696636,0.0063538839455603065,0.011103012362071243,True
Victim Sex,named_all,graphsage_fairloss_a10_mb,graphsage_fairloss_a100_mb,selection_rate,amplification,0.10628260679986767,0.07756890859578494,0.1354662245362822,True
Victim Sex,named_all,graphsage_fairloss_a10_mb,graphsage_fairloss_a100_mb,tpr,gap,0.008007719272743019,0.005111369316222336,0.010527515498292079,True
Victim Sex,named_all,graphsage_fairloss_a10_mb,graphsage_fairloss_a100_mb,tpr,amplification,0.09699665625558329,0.06183582082737832,0.13034525306570885,True
Victim Sex,named_all,graphsage_fairloss_a10_mb,graphsage_fairloss_a100_mb,fpr,gap,0.00904128296795198,0.004175662981084956,0.013795443267171817,True
Victim Sex,named_all,graphsage_fairloss_a10_mb,graphsage_fairloss_a100_mb,fpr,amplification,0.1095161039344843,0.05053507745371234,0.16713973245292424,True
Victim Sex,named_n>=5000,graphsage_fairloss_a10_mb,graphsage_fairloss_a100_mb,selection_rate,gap,0.008774336267696636,0.0063538839455603065,0.011103012362071243,True
Victim Sex,named_n>=5000,graphsage_fairloss_a10_mb,graphsage_fairloss_a100_mb,selection_rate,amplification,0.10628260679986767,0.07756890859578494,0.1354662245362822,True
Victim Sex,named_n>=5000,graphsage_fairloss_a10_mb,graphsage_fairloss_a100_mb,tpr,gap,0.008007719272743019,0.005111369316222336,0.010527515498292079,True
Victim Sex,named_n>=5000,graphsage_fairloss_a10_mb,graphsage_fairloss_a100_mb,tpr,amplification,0.09699665625558329,0.06183582082737832,0.13034525306570885,True
Victim Sex,named_n>=5000,graphsage_fairloss_a10_mb,graphsage_fairloss_a100_mb,fpr,gap,0.00904128296795198,0.004175662981084956,0.013795443267171817,True
Victim Sex,named_n>=5000,graphsage_fairloss_a10_mb,graphsage_fairloss_a100_mb,fpr,amplification,0.1095161039344843,0.05053507745371234,0.16713973245292424,True
Victim Sex,named_all,graphsage_fairloss_a10_mb,graphsage_fairloss_a5_sstate20_mb,selection_rate,gap,-0.0052625411569448,-0.00814614677964104,-0.0025695360880231403,True
Victim Sex,named_all,graphsage_fairloss_a10_mb,graphsage_fairloss_a5_sstate20_mb,selection_rate,amplification,-0.0637446042056593,-0.09894613034610648,-0.031174444526172577,True
Victim Sex,named_all,graphsage_fairloss_a10_mb,graphsage_fairloss_a5_sstate20_mb,tpr,gap,-0.003914219934632479,-0.0070608005096228135,-0.0007619547593628628,True
Victim Sex,named_all,graphsage_fairloss_a10_mb,graphsage_fairloss_a5_sstate20_mb,tpr,amplification,-0.04741253190538541,-0.08586241534546202,-0.009139072806181014,True
Victim Sex,named_all,graphsage_fairloss_a10_mb,graphsage_fairloss_a5_sstate20_mb,fpr,gap,-0.009348707650991217,-0.015262161882457848,-0.0034877252069360058,True
Victim Sex,named_all,graphsage_fairloss_a10_mb,graphsage_fairloss_a5_sstate20_mb,fpr,amplification,-0.11323990659159522,-0.18627525935674732,-0.042768871000322894,True
Victim Sex,named_n>=5000,graphsage_fairloss_a10_mb,graphsage_fairloss_a5_sstate20_mb,selection_rate,gap,-0.0052625411569448,-0.00814614677964104,-0.0025695360880231403,True
Victim Sex,named_n>=5000,graphsage_fairloss_a10_mb,graphsage_fairloss_a5_sstate20_mb,selection_rate,amplification,-0.0637446042056593,-0.09894613034610648,-0.031174444526172577,True
Victim Sex,named_n>=5000,graphsage_fairloss_a10_mb,graphsage_fairloss_a5_sstate20_mb,tpr,gap,-0.003914219934632479,-0.0070608005096228135,-0.0007619547593628628,True
Victim Sex,named_n>=5000,graphsage_fairloss_a10_mb,graphsage_fairloss_a5_sstate20_mb,tpr,amplification,-0.04741253190538541,-0.08586241534546202,-0.009139072806181014,True
Victim Sex,named_n>=5000,graphsage_fairloss_a10_mb,graphsage_fairloss_a5_sstate20_mb,fpr,gap,-0.009348707650991217,-0.015262161882457848,-0.0034877252069360058,True
Victim Sex,named_n>=5000,graphsage_fairloss_a10_mb,graphsage_fairloss_a5_sstate20_mb,fpr,amplification,-0.11323990659159522,-0.18627525935674732,-0.042768871000322894,True
Victim Sex,named_all,graphsage_fairloss_a10_mb,graphsage_fairloss_a10_sstate20_mb,selection_rate,gap,0.005157283882468167,0.002544597490534581,0.007947154345778447,True
Victim Sex,named_all,graphsage_fairloss_a10_mb,graphsage_fairloss_a10_sstate20_mb,selection_rate,amplification,0.062469633977174865,0.03063393293588664,0.09535751322345122,True
Victim Sex,named_all,graphsage_fairloss_a10_mb,graphsage_fairloss_a10_sstate20_mb,tpr,gap,0.006139503771208754,0.003045315241856619,0.009524901490287873,True
Victim Sex,named_all,graphsage_fairloss_a10_mb,graphsage_fairloss_a10_sstate20_mb,tpr,amplification,0.07436715956100226,0.0370704480750269,0.11611589854343571,True
Victim Sex,named_all,graphsage_fairloss_a10_mb,graphsage_fairloss_a10_sstate20_mb,fpr,gap,0.0007307250522295972,-0.005014770330197049,0.006429668475238846,False
Victim Sex,named_all,graphsage_fairloss_a10_mb,graphsage_fairloss_a10_sstate20_mb,fpr,amplification,0.00885119523978739,-0.06115702487064409,0.07853205543443102,False
Victim Sex,named_n>=5000,graphsage_fairloss_a10_mb,graphsage_fairloss_a10_sstate20_mb,selection_rate,gap,0.005157283882468167,0.002544597490534581,0.007947154345778447,True
Victim Sex,named_n>=5000,graphsage_fairloss_a10_mb,graphsage_fairloss_a10_sstate20_mb,selection_rate,amplification,0.062469633977174865,0.03063393293588664,0.09535751322345122,True
Victim Sex,named_n>=5000,graphsage_fairloss_a10_mb,graphsage_fairloss_a10_sstate20_mb,tpr,gap,0.006139503771208754,0.003045315241856619,0.009524901490287873,True
Victim Sex,named_n>=5000,graphsage_fairloss_a10_mb,graphsage_fairloss_a10_sstate20_mb,tpr,amplification,0.07436715956100226,0.0370704480750269,0.11611589854343571,True
Victim Sex,named_n>=5000,graphsage_fairloss_a10_mb,graphsage_fairloss_a10_sstate20_mb,fpr,gap,0.0007307250522295972,-0.005014770330197049,0.006429668475238846,False
Victim Sex,named_n>=5000,graphsage_fairloss_a10_mb,graphsage_fairloss_a10_sstate20_mb,fpr,amplification,0.00885119523978739,-0.06115702487064409,0.07853205543443102,False
Victim Sex,named_all,graphsage_fairloss_a10_mb,graphsage_fairloss_a25_sstate20_mb,selection_rate,gap,0.009043090127161202,0.006124048455071207,0.011974407424635321,True
Victim Sex,named_all,graphsage_fairloss_a10_mb,graphsage_fairloss_a25_sstate20_mb,selection_rate,amplification,0.10953799386277052,0.07339636040317182,0.1461460229603711,True
Victim Sex,named_all,graphsage_fairloss_a10_mb,graphsage_fairloss_a25_sstate20_mb,tpr,gap,0.00967484843618327,0.006182681425151498,0.013070659356740183,True
Victim Sex,named_all,graphsage_fairloss_a10_mb,graphsage_fairloss_a25_sstate20_mb,tpr,amplification,0.11719041541373626,0.07485788503819979,0.15947192044249214,True
Victim Sex,named_all,graphsage_fairloss_a10_mb,graphsage_fairloss_a25_sstate20_mb,fpr,gap,0.004696444851339743,-0.001103965108987899,0.010726308634707209,False
Victim Sex,named_all,graphsage_fairloss_a10_mb,graphsage_fairloss_a25_sstate20_mb,fpr,amplification,0.05688753955440051,-0.013017431475550598,0.1320760310097221,False
Victim Sex,named_n>=5000,graphsage_fairloss_a10_mb,graphsage_fairloss_a25_sstate20_mb,selection_rate,gap,0.009043090127161202,0.006124048455071207,0.011974407424635321,True
Victim Sex,named_n>=5000,graphsage_fairloss_a10_mb,graphsage_fairloss_a25_sstate20_mb,selection_rate,amplification,0.10953799386277052,0.07339636040317182,0.1461460229603711,True
Victim Sex,named_n>=5000,graphsage_fairloss_a10_mb,graphsage_fairloss_a25_sstate20_mb,tpr,gap,0.00967484843618327,0.006182681425151498,0.013070659356740183,True
Victim Sex,named_n>=5000,graphsage_fairloss_a10_mb,graphsage_fairloss_a25_sstate20_mb,tpr,amplification,0.11719041541373626,0.07485788503819979,0.15947192044249214,True
Victim Sex,named_n>=5000,graphsage_fairloss_a10_mb,graphsage_fairloss_a25_sstate20_mb,fpr,gap,0.004696444851339743,-0.001103965108987899,0.010726308634707209,False
Victim Sex,named_n>=5000,graphsage_fairloss_a10_mb,graphsage_fairloss_a25_sstate20_mb,fpr,amplification,0.05688753955440051,-0.013017431475550598,0.1320760310097221,False
Victim Sex,named_all,graphsage_fairloss_a10_mb,graphsage_fairloss_a50_sstate20_mb,selection_rate,gap,0.01606919991266842,0.012852505295465977,0.019121992377365716,True
Victim Sex,named_all,graphsage_fairloss_a10_mb,graphsage_fairloss_a50_sstate20_mb,selection_rate,amplification,0.19464451826336737,0.15452267850483975,0.2343476825086701,True
Victim Sex,named_all,graphsage_fairloss_a10_mb,graphsage_fairloss_a50_sstate20_mb,tpr,gap,0.01658657482535597,0.013062101397346083,0.020208499592899904,True
Victim Sex,named_all,graphsage_fairloss_a10_mb,graphsage_fairloss_a50_sstate20_mb,tpr,amplification,0.20091142583741706,0.1566872936840422,0.2470944729983878,True
Victim Sex,named_all,graphsage_fairloss_a10_mb,graphsage_fairloss_a50_sstate20_mb,fpr,gap,0.010968302105711869,0.005212570870716059,0.01719669531338574,True
Victim Sex,named_all,graphsage_fairloss_a10_mb,graphsage_fairloss_a50_sstate20_mb,fpr,amplification,0.13285788285266542,0.0618864975762856,0.20855932225053736,True
Victim Sex,named_n>=5000,graphsage_fairloss_a10_mb,graphsage_fairloss_a50_sstate20_mb,selection_rate,gap,0.01606919991266842,0.012852505295465977,0.019121992377365716,True
Victim Sex,named_n>=5000,graphsage_fairloss_a10_mb,graphsage_fairloss_a50_sstate20_mb,selection_rate,amplification,0.19464451826336737,0.15452267850483975,0.2343476825086701,True
Victim Sex,named_n>=5000,graphsage_fairloss_a10_mb,graphsage_fairloss_a50_sstate20_mb,tpr,gap,0.01658657482535597,0.013062101397346083,0.020208499592899904,True
Victim Sex,named_n>=5000,graphsage_fairloss_a10_mb,graphsage_fairloss_a50_sstate20_mb,tpr,amplification,0.20091142583741706,0.1566872936840422,0.2470944729983878,True
Victim Sex,named_n>=5000,graphsage_fairloss_a10_mb,graphsage_fairloss_a50_sstate20_mb,fpr,gap,0.010968302105711869,0.005212570870716059,0.01719669531338574,True
Victim Sex,named_n>=5000,graphsage_fairloss_a10_mb,graphsage_fairloss_a50_sstate20_mb,fpr,amplification,0.13285788285266542,0.0618864975762856,0.20855932225053736,True
Victim Sex,named_all,graphsage_fairloss_a10_mb,graphsage_fairloss_a100_sstate20_mb,selection_rate,gap,0.02596788899171476,0.022399159528275252,0.029621061152936213,True
Victim Sex,named_all,graphsage_fairloss_a10_mb,graphsage_fairloss_a100_sstate20_mb,selection_rate,amplification,0.31454629169957093,0.2697450640637298,0.3627352216145671,True
Victim Sex,named_all,graphsage_fairloss_a10_mb,graphsage_fairloss_a100_sstate20_mb,tpr,gap,0.023494699863634727,0.019404578012575644,0.02760896146743456,True
Victim Sex,named_all,graphsage_fairloss_a10_mb,graphsage_fairloss_a100_sstate20_mb,tpr,amplification,0.28458881347877774,0.23558938174617888,0.3385819355819656,True
Victim Sex,named_all,graphsage_fairloss_a10_mb,graphsage_fairloss_a100_sstate20_mb,fpr,gap,0.027286240507343906,0.019931753955302497,0.03423855079055481,True
Victim Sex,named_all,graphsage_fairloss_a10_mb,graphsage_fairloss_a100_sstate20_mb,fpr,amplification,0.33051534411387995,0.23678240000394168,0.41818564191578866,True
Victim Sex,named_n>=5000,graphsage_fairloss_a10_mb,graphsage_fairloss_a100_sstate20_mb,selection_rate,gap,0.02596788899171476,0.022399159528275252,0.029621061152936213,True
Victim Sex,named_n>=5000,graphsage_fairloss_a10_mb,graphsage_fairloss_a100_sstate20_mb,selection_rate,amplification,0.31454629169957093,0.2697450640637298,0.3627352216145671,True
Victim Sex,named_n>=5000,graphsage_fairloss_a10_mb,graphsage_fairloss_a100_sstate20_mb,tpr,gap,0.023494699863634727,0.019404578012575644,0.02760896146743456,True
Victim Sex,named_n>=5000,graphsage_fairloss_a10_mb,graphsage_fairloss_a100_sstate20_mb,tpr,amplification,0.28458881347877774,0.23558938174617888,0.3385819355819656,True
Victim Sex,named_n>=5000,graphsage_fairloss_a10_mb,graphsage_fairloss_a100_sstate20_mb,fpr,gap,0.027286240507343906,0.019931753955302497,0.03423855079055481,True
Victim Sex,named_n>=5000,graphsage_fairloss_a10_mb,graphsage_fairloss_a100_sstate20_mb,fpr,amplification,0.33051534411387995,0.23678240000394168,0.41818564191578866,True
Victim Sex,named_all,graphsage_fairloss_a25_mb,graphsage_fairloss_a50_mb,selection_rate,gap,-0.0019069364441529624,-0.0038248386225368525,-0.00013796366427820827,True
Victim Sex,named_all,graphsage_fairloss_a25_mb,graphsage_fairloss_a50_mb,selection_rate,amplification,-0.023098519375466253,-0.04659893736378666,-0.001661632225984928,True
Victim Sex,named_all,graphsage_fairloss_a25_mb,graphsage_fairloss_a50_mb,tpr,gap,-0.0013664915601260264,-0.0034778386390613867,0.0006886254612410351,False
Victim Sex,named_all,graphsage_fairloss_a25_mb,graphsage_fairloss_a50_mb,tpr,amplification,-0.01655216767961154,-0.04294990683324382,0.008264635976363515,False
Victim Sex,named_all,graphsage_fairloss_a25_mb,graphsage_fairloss_a50_mb,fpr,gap,-0.005297378092221472,-0.009194174118152095,-0.0010568919925296391,True
Victim Sex,named_all,graphsage_fairloss_a25_mb,graphsage_fairloss_a50_mb,fpr,amplification,-0.06416658031657663,-0.1131248064623977,-0.012781825661796722,True
Victim Sex,named_n>=5000,graphsage_fairloss_a25_mb,graphsage_fairloss_a50_mb,selection_rate,gap,-0.0019069364441529624,-0.0038248386225368525,-0.00013796366427820827,True
Victim Sex,named_n>=5000,graphsage_fairloss_a25_mb,graphsage_fairloss_a50_mb,selection_rate,amplification,-0.023098519375466253,-0.04659893736378666,-0.001661632225984928,True
Victim Sex,named_n>=5000,graphsage_fairloss_a25_mb,graphsage_fairloss_a50_mb,tpr,gap,-0.0013664915601260264,-0.0034778386390613867,0.0006886254612410351,False
Victim Sex,named_n>=5000,graphsage_fairloss_a25_mb,graphsage_fairloss_a50_mb,tpr,amplification,-0.01655216767961154,-0.04294990683324382,0.008264635976363515,False
Victim Sex,named_n>=5000,graphsage_fairloss_a25_mb,graphsage_fairloss_a50_mb,fpr,gap,-0.005297378092221472,-0.009194174118152095,-0.0010568919925296391,True
Victim Sex,named_n>=5000,graphsage_fairloss_a25_mb,graphsage_fairloss_a50_mb,fpr,amplification,-0.06416658031657663,-0.1131248064623977,-0.012781825661796722,True
Victim Sex,named_all,graphsage_fairloss_a25_mb,graphsage_fairloss_a100_mb,selection_rate,gap,0.0015918754277376435,-0.00048418218125917677,0.003416983431399467,False
Victim Sex,named_all,graphsage_fairloss_a25_mb,graphsage_fairloss_a100_mb,selection_rate,amplification,0.019282218620169767,-0.0059106305837159975,0.04150390461794106,False
Victim Sex,named_all,graphsage_fairloss_a25_mb,graphsage_fairloss_a100_mb,tpr,gap,0.0016746867679688915,-0.000730026314394347,0.00409935903953598,False
Victim Sex,named_all,graphsage_fairloss_a25_mb,graphsage_fairloss_a100_mb,tpr,amplification,0.02028530362213976,-0.00884532293242511,0.05002537609769646,False
Victim Sex,named_all,graphsage_fairloss_a25_mb,graphsage_fairloss_a100_mb,fpr,gap,-0.000427316147116219,-0.004634709823477496,0.003467240982077748,False
Victim Sex,named_all,graphsage_fairloss_a25_mb,graphsage_fairloss_a100_mb,fpr,amplification,-0.005176035275783808,-0.05636183971174706,0.04202234101530046,False
Victim Sex,named_n>=5000,graphsage_fairloss_a25_mb,graphsage_fairloss_a100_mb,selection_rate,gap,0.0015918754277376435,-0.00048418218125917677,0.003416983431399467,False
Victim Sex,named_n>=5000,graphsage_fairloss_a25_mb,graphsage_fairloss_a100_mb,selection_rate,amplification,0.019282218620169767,-0.0059106305837159975,0.04150390461794106,False
Victim Sex,named_n>=5000,graphsage_fairloss_a25_mb,graphsage_fairloss_a100_mb,tpr,gap,0.0016746867679688915,-0.000730026314394347,0.00409935903953598,False
Victim Sex,named_n>=5000,graphsage_fairloss_a25_mb,graphsage_fairloss_a100_mb,tpr,amplification,0.02028530362213976,-0.00884532293242511,0.05002537609769646,False
Victim Sex,named_n>=5000,graphsage_fairloss_a25_mb,graphsage_fairloss_a100_mb,fpr,gap,-0.000427316147116219,-0.004634709823477496,0.003467240982077748,False
Victim Sex,named_n>=5000,graphsage_fairloss_a25_mb,graphsage_fairloss_a100_mb,fpr,amplification,-0.005176035275783808,-0.05636183971174706,0.04202234101530046,False
Victim Sex,named_all,graphsage_fairloss_a25_mb,graphsage_fairloss_a5_sstate20_mb,selection_rate,gap,-0.012445001996903793,-0.015462186690010116,-0.009512523235282106,True
Victim Sex,named_all,graphsage_fairloss_a25_mb,graphsage_fairloss_a5_sstate20_mb,selection_rate,amplification,-0.1507449923853572,-0.1893020716268007,-0.11517834736085429,True
Victim Sex,named_all,graphsage_fairloss_a25_mb,graphsage_fairloss_a5_sstate20_mb,tpr,gap,-0.010247252439406607,-0.013463685188314986,-0.006864229770896277,True
Victim Sex,named_all,graphsage_fairloss_a25_mb,graphsage_fairloss_a5_sstate20_mb,tpr,amplification,-0.12412388453882894,-0.16453016387501226,-0.08195197088115778,True
Victim Sex,named_all,graphsage_fairloss_a25_mb,graphsage_fairloss_a5_sstate20_mb,fpr,gap,-0.018817306766059416,-0.024734901795034292,-0.01296939819711881,True
Victim Sex,named_all,graphsage_fairloss_a25_mb,graphsage_fairloss_a5_sstate20_mb,fpr,amplification,-0.22793204580186333,-0.3038497911774284,-0.15651462832911342,True
Victim Sex,named_n>=5000,graphsage_fairloss_a25_mb,graphsage_fairloss_a5_sstate20_mb,selection_rate,gap,-0.012445001996903793,-0.015462186690010116,-0.009512523235282106,True
Victim Sex,named_n>=5000,graphsage_fairloss_a25_mb,graphsage_fairloss_a5_sstate20_mb,selection_rate,amplification,-0.1507449923853572,-0.1893020716268007,-0.11517834736085429,True
Victim Sex,named_n>=5000,graphsage_fairloss_a25_mb,graphsage_fairloss_a5_sstate20_mb,tpr,gap,-0.010247252439406607,-0.013463685188314986,-0.006864229770896277,True
Victim Sex,named_n>=5000,graphsage_fairloss_a25_mb,graphsage_fairloss_a5_sstate20_mb,tpr,amplification,-0.12412388453882894,-0.16453016387501226,-0.08195197088115778,True
Victim Sex,named_n>=5000,graphsage_fairloss_a25_mb,graphsage_fairloss_a5_sstate20_mb,fpr,gap,-0.018817306766059416,-0.024734901795034292,-0.01296939819711881,True
Victim Sex,named_n>=5000,graphsage_fairloss_a25_mb,graphsage_fairloss_a5_sstate20_mb,fpr,amplification,-0.22793204580186333,-0.3038497911774284,-0.15651462832911342,True
Victim Sex,named_all,graphsage_fairloss_a25_mb,graphsage_fairloss_a10_sstate20_mb,selection_rate,gap,-0.0020251769574908263,-0.004900752643500819,0.0009326782728466812,False
Victim Sex,named_all,graphsage_fairloss_a25_mb,graphsage_fairloss_a10_sstate20_mb,selection_rate,amplification,-0.024530754202523042,-0.0593058364421952,0.011035792713153088,False
Victim Sex,named_all,graphsage_fairloss_a25_mb,graphsage_fairloss_a10_sstate20_mb,tpr,gap,-0.00019352873356537348,-0.0036306512341515245,0.00320441303764904,False
Victim Sex,named_all,graphsage_fairloss_a25_mb,graphsage_fairloss_a10_sstate20_mb,tpr,amplification,-0.0023441930724412696,-0.04346806520945916,0.03830877410265405,False
Victim Sex,named_all,graphsage_fairloss_a25_mb,graphsage_fairloss_a10_sstate20_mb,fpr,gap,-0.008737874062838602,-0.01480780290016118,-0.0027880825286689527,True
Victim Sex,named_all,graphsage_fairloss_a25_mb,graphsage_fairloss_a10_sstate20_mb,fpr,amplification,-0.10584094397048072,-0.17805541340225506,-0.033793594939041646,True
Victim Sex,named_n>=5000,graphsage_fairloss_a25_mb,graphsage_fairloss_a10_sstate20_mb,selection_rate,gap,-0.0020251769574908263,-0.004900752643500819,0.0009326782728466812,False
Victim Sex,named_n>=5000,graphsage_fairloss_a25_mb,graphsage_fairloss_a10_sstate20_mb,selection_rate,amplification,-0.024530754202523042,-0.0593058364421952,0.011035792713153088,False
Victim Sex,named_n>=5000,graphsage_fairloss_a25_mb,graphsage_fairloss_a10_sstate20_mb,tpr,gap,-0.00019352873356537348,-0.0036306512341515245,0.00320441303764904,False
Victim Sex,named_n>=5000,graphsage_fairloss_a25_mb,graphsage_fairloss_a10_sstate20_mb,tpr,amplification,-0.0023441930724412696,-0.04346806520945916,0.03830877410265405,False
Victim Sex,named_n>=5000,graphsage_fairloss_a25_mb,graphsage_fairloss_a10_sstate20_mb,fpr,gap,-0.008737874062838602,-0.01480780290016118,-0.0027880825286689527,True
Victim Sex,named_n>=5000,graphsage_fairloss_a25_mb,graphsage_fairloss_a10_sstate20_mb,fpr,amplification,-0.10584094397048072,-0.17805541340225506,-0.033793594939041646,True
Victim Sex,named_all,graphsage_fairloss_a25_mb,graphsage_fairloss_a25_sstate20_mb,selection_rate,gap,0.001860629287202209,-0.0011262955715267919,0.00492395535935211,False
Victim Sex,named_all,graphsage_fairloss_a25_mb,graphsage_fairloss_a25_sstate20_mb,selection_rate,amplification,0.022537605683072615,-0.013782229341483179,0.05940439938066769,False
Victim Sex,named_all,graphsage_fairloss_a25_mb,graphsage_fairloss_a25_sstate20_mb,tpr,gap,0.0033418159314091422,2.2733709183983607e-05,0.0068753106117472925,True
Victim Sex,named_all,graphsage_fairloss_a25_mb,graphsage_fairloss_a25_sstate20_mb,tpr,amplification,0.04047906278029273,0.0002883693682025534,0.08397821912905822,True
Victim Sex,named_all,graphsage_fairloss_a25_mb,graphsage_fairloss_a25_sstate20_mb,fpr,gap,-0.004772154263728456,-0.011132624362711794,0.0015802821879796224,False
Victim Sex,named_all,graphsage_fairloss_a25_mb,graphsage_fairloss_a25_sstate20_mb,fpr,amplification,-0.057804599655867595,-0.1344199330569287,0.019656240153546223,False
Victim Sex,named_n>=5000,graphsage_fairloss_a25_mb,graphsage_fairloss_a25_sstate20_mb,selection_rate,gap,0.001860629287202209,-0.0011262955715267919,0.00492395535935211,False
Victim Sex,named_n>=5000,graphsage_fairloss_a25_mb,graphsage_fairloss_a25_sstate20_mb,selection_rate,amplification,0.022537605683072615,-0.013782229341483179,0.05940439938066769,False
Victim Sex,named_n>=5000,graphsage_fairloss_a25_mb,graphsage_fairloss_a25_sstate20_mb,tpr,gap,0.0033418159314091422,2.2733709183983607e-05,0.0068753106117472925,True
Victim Sex,named_n>=5000,graphsage_fairloss_a25_mb,graphsage_fairloss_a25_sstate20_mb,tpr,amplification,0.04047906278029273,0.0002883693682025534,0.08397821912905822,True
Victim Sex,named_n>=5000,graphsage_fairloss_a25_mb,graphsage_fairloss_a25_sstate20_mb,fpr,gap,-0.004772154263728456,-0.011132624362711794,0.0015802821879796224,False
Victim Sex,named_n>=5000,graphsage_fairloss_a25_mb,graphsage_fairloss_a25_sstate20_mb,fpr,amplification,-0.057804599655867595,-0.1344199330569287,0.019656240153546223,False
Victim Sex,named_all,graphsage_fairloss_a25_mb,graphsage_fairloss_a50_sstate20_mb,selection_rate,gap,0.008886739072709426,0.005634888500910396,0.012037983857435677,True
Victim Sex,named_all,graphsage_fairloss_a25_mb,graphsage_fairloss_a50_sstate20_mb,selection_rate,amplification,0.10764413008366946,0.06732205662914906,0.14685453246141172,True
Victim Sex,named_all,graphsage_fairloss_a25_mb,graphsage_fairloss_a50_sstate20_mb,tpr,gap,0.010253542320581843,0.006582376315590324,0.014161053983444267,True
Victim Sex,named_all,graphsage_fairloss_a25_mb,graphsage_fairloss_a50_sstate20_mb,tpr,amplification,0.12420007320397353,0.08030456472470321,0.17000909591260494,True
Victim Sex,named_all,graphsage_fairloss_a25_mb,graphsage_fairloss_a50_sstate20_mb,fpr,gap,0.0014997029906436699,-0.004646277520990639,0.008071961946038915,False
Victim Sex,named_all,graphsage_fairloss_a25_mb,graphsage_fairloss_a50_sstate20_mb,fpr,amplification,0.018165743642397314,-0.05706441349918055,0.09759056293579244,False
Victim Sex,named_n>=5000,graphsage_fairloss_a25_mb,graphsage_fairloss_a50_sstate20_mb,selection_rate,gap,0.008886739072709426,0.005634888500910396,0.012037983857435677,True
Victim Sex,named_n>=5000,graphsage_fairloss_a25_mb,graphsage_fairloss_a50_sstate20_mb,selection_rate,amplification,0.10764413008366946,0.06732205662914906,0.14685453246141172,True
Victim Sex,named_n>=5000,graphsage_fairloss_a25_mb,graphsage_fairloss_a50_sstate20_mb,tpr,gap,0.010253542320581843,0.006582376315590324,0.014161053983444267,True
Victim Sex,named_n>=5000,graphsage_fairloss_a25_mb,graphsage_fairloss_a50_sstate20_mb,tpr,amplification,0.12420007320397353,0.08030456472470321,0.17000909591260494,True
Victim Sex,named_n>=5000,graphsage_fairloss_a25_mb,graphsage_fairloss_a50_sstate20_mb,fpr,gap,0.0014997029906436699,-0.004646277520990639,0.008071961946038915,False
Victim Sex,named_n>=5000,graphsage_fairloss_a25_mb,graphsage_fairloss_a50_sstate20_mb,fpr,amplification,0.018165743642397314,-0.05706441349918055,0.09759056293579244,False
Victim Sex,named_all,graphsage_fairloss_a25_mb,graphsage_fairloss_a100_sstate20_mb,selection_rate,gap,0.018785428151755768,0.015160260517325613,0.022396098305032065,True
Victim Sex,named_all,graphsage_fairloss_a25_mb,graphsage_fairloss_a100_sstate20_mb,selection_rate,amplification,0.22754590351987303,0.18564384418808802,0.27194043745161706,True
Victim Sex,named_all,graphsage_fairloss_a25_mb,graphsage_fairloss_a100_sstate20_mb,tpr,gap,0.0171616673588606,0.013151904382123412,0.021330445813187156,True
Victim Sex,named_all,graphsage_fairloss_a25_mb,graphsage_fairloss_a100_sstate20_mb,tpr,amplification,0.2078774608453342,0.15654937619580922,0.25659660547323726,True
Victim Sex,named_all,graphsage_fairloss_a25_mb,graphsage_fairloss_a100_sstate20_mb,fpr,gap,0.017817641392275707,0.011014370329577165,0.025012403997224396,True
Victim Sex,named_all,graphsage_fairloss_a25_mb,graphsage_fairloss_a100_sstate20_mb,fpr,amplification,0.21582320490361184,0.13202965444444328,0.3055408241454009,True
Victim Sex,named_n>=5000,graphsage_fairloss_a25_mb,graphsage_fairloss_a100_sstate20_mb,selection_rate,gap,0.018785428151755768,0.015160260517325613,0.022396098305032065,True
Victim Sex,named_n>=5000,graphsage_fairloss_a25_mb,graphsage_fairloss_a100_sstate20_mb,selection_rate,amplification,0.22754590351987303,0.18564384418808802,0.27194043745161706,True
Victim Sex,named_n>=5000,graphsage_fairloss_a25_mb,graphsage_fairloss_a100_sstate20_mb,tpr,gap,0.0171616673588606,0.013151904382123412,0.021330445813187156,True
Victim Sex,named_n>=5000,graphsage_fairloss_a25_mb,graphsage_fairloss_a100_sstate20_mb,tpr,amplification,0.2078774608453342,0.15654937619580922,0.25659660547323726,True
Victim Sex,named_n>=5000,graphsage_fairloss_a25_mb,graphsage_fairloss_a100_sstate20_mb,fpr,gap,0.017817641392275707,0.011014370329577165,0.025012403997224396,True
Victim Sex,named_n>=5000,graphsage_fairloss_a25_mb,graphsage_fairloss_a100_sstate20_mb,fpr,amplification,0.21582320490361184,0.13202965444444328,0.3055408241454009,True
Victim Sex,named_all,graphsage_fairloss_a50_mb,graphsage_fairloss_a100_mb,selection_rate,gap,0.003498811871890606,0.001388996932774228,0.005411054698084508,True
Victim Sex,named_all,graphsage_fairloss_a50_mb,graphsage_fairloss_a100_mb,selection_rate,amplification,0.04238073799563602,0.016695944946461254,0.06603744107963021,True
Victim Sex,named_all,graphsage_fairloss_a50_mb,graphsage_fairloss_a100_mb,tpr,gap,0.003041178328094918,0.0005956711683525962,0.005297964804559859,True
Victim Sex,named_all,graphsage_fairloss_a50_mb,graphsage_fairloss_a100_mb,tpr,amplification,0.0368374713017513,0.007176800813204135,0.06382603650704861,True
Victim Sex,named_all,graphsage_fairloss_a50_mb,graphsage_fairloss_a100_mb,fpr,gap,0.004870061945105253,0.0005164184385168568,0.009117868210061617,True
Victim Sex,named_all,graphsage_fairloss_a50_mb,graphsage_fairloss_a100_mb,fpr,amplification,0.05899054504079282,0.00602051136746669,0.11172038691669972,True
Victim Sex,named_n>=5000,graphsage_fairloss_a50_mb,graphsage_fairloss_a100_mb,selection_rate,gap,0.003498811871890606,0.001388996932774228,0.005411054698084508,True
Victim Sex,named_n>=5000,graphsage_fairloss_a50_mb,graphsage_fairloss_a100_mb,selection_rate,amplification,0.04238073799563602,0.016695944946461254,0.06603744107963021,True
Victim Sex,named_n>=5000,graphsage_fairloss_a50_mb,graphsage_fairloss_a100_mb,tpr,gap,0.003041178328094918,0.0005956711683525962,0.005297964804559859,True
Victim Sex,named_n>=5000,graphsage_fairloss_a50_mb,graphsage_fairloss_a100_mb,tpr,amplification,0.0368374713017513,0.007176800813204135,0.06382603650704861,True
Victim Sex,named_n>=5000,graphsage_fairloss_a50_mb,graphsage_fairloss_a100_mb,fpr,gap,0.004870061945105253,0.0005164184385168568,0.009117868210061617,True
Victim Sex,named_n>=5000,graphsage_fairloss_a50_mb,graphsage_fairloss_a100_mb,fpr,amplification,0.05899054504079282,0.00602051136746669,0.11172038691669972,True
Victim Sex,named_all,graphsage_fairloss_a50_mb,graphsage_fairloss_a5_sstate20_mb,selection_rate,gap,-0.01053806555275083,-0.01339230047287151,-0.007550809338048328,True
Victim Sex,named_all,graphsage_fairloss_a50_mb,graphsage_fairloss_a5_sstate20_mb,selection_rate,amplification,-0.12764647300989096,-0.16522317484053226,-0.09073642895943626,True
Victim Sex,named_all,graphsage_fairloss_a50_mb,graphsage_fairloss_a5_sstate20_mb,tpr,gap,-0.00888076087928058,-0.012376207331004396,-0.005306798779957587,True
Victim Sex,named_all,graphsage_fairloss_a50_mb,graphsage_fairloss_a5_sstate20_mb,tpr,amplification,-0.1075717168592174,-0.15223965145220442,-0.06365856802684128,True
Victim Sex,named_all,graphsage_fairloss_a50_mb,graphsage_fairloss_a5_sstate20_mb,fpr,gap,-0.013519928673837944,-0.020136879417839863,-0.007281764618470724,True
Victim Sex,named_all,graphsage_fairloss_a50_mb,graphsage_fairloss_a5_sstate20_mb,fpr,amplification,-0.1637654654852867,-0.2420043324203539,-0.0878912096358955,True
Victim Sex,named_n>=5000,graphsage_fairloss_a50_mb,graphsage_fairloss_a5_sstate20_mb,selection_rate,gap,-0.01053806555275083,-0.01339230047287151,-0.007550809338048328,True
Victim Sex,named_n>=5000,graphsage_fairloss_a50_mb,graphsage_fairloss_a5_sstate20_mb,selection_rate,amplification,-0.12764647300989096,-0.16522317484053226,-0.09073642895943626,True
Victim Sex,named_n>=5000,graphsage_fairloss_a50_mb,graphsage_fairloss_a5_sstate20_mb,tpr,gap,-0.00888076087928058,-0.012376207331004396,-0.005306798779957587,True
Victim Sex,named_n>=5000,graphsage_fairloss_a50_mb,graphsage_fairloss_a5_sstate20_mb,tpr,amplification,-0.1075717168592174,-0.15223965145220442,-0.06365856802684128,True
Victim Sex,named_n>=5000,graphsage_fairloss_a50_mb,graphsage_fairloss_a5_sstate20_mb,fpr,gap,-0.013519928673837944,-0.020136879417839863,-0.007281764618470724,True
Victim Sex,named_n>=5000,graphsage_fairloss_a50_mb,graphsage_fairloss_a5_sstate20_mb,fpr,amplification,-0.1637654654852867,-0.2420043324203539,-0.0878912096358955,True
Victim Sex,named_all,graphsage_fairloss_a50_mb,graphsage_fairloss_a10_sstate20_mb,selection_rate,gap,-0.0001182405133378639,-0.0030708426956712912,0.0028419573159187235,False
Victim Sex,named_all,graphsage_fairloss_a50_mb,graphsage_fairloss_a10_sstate20_mb,selection_rate,amplification,-0.0014322348270567886,-0.036915644081545886,0.034491141131442256,False
Victim Sex,named_all,graphsage_fairloss_a50_mb,graphsage_fairloss_a10_sstate20_mb,tpr,gap,0.0011729628265606529,-0.0023667622299409054,0.004329075148619801,False
Victim Sex,named_all,graphsage_fairloss_a50_mb,graphsage_fairloss_a10_sstate20_mb,tpr,amplification,0.01420797460717027,-0.02788470787592509,0.05232944965129946,False
Victim Sex,named_all,graphsage_fairloss_a50_mb,graphsage_fairloss_a10_sstate20_mb,fpr,gap,-0.00344049597061713,-0.00977166111310367,0.0027971977394567523,False
Victim Sex,named_all,graphsage_fairloss_a50_mb,graphsage_fairloss_a10_sstate20_mb,fpr,amplification,-0.04167436365390409,-0.1178756653427641,0.03440127671299713,False
Victim Sex,named_n>=5000,graphsage_fairloss_a50_mb,graphsage_fairloss_a10_sstate20_mb,selection_rate,gap,-0.0001182405133378639,-0.0030708426956712912,0.0028419573159187235,False
Victim Sex,named_n>=5000,graphsage_fairloss_a50_mb,graphsage_fairloss_a10_sstate20_mb,selection_rate,amplification,-0.0014322348270567886,-0.036915644081545886,0.034491141131442256,False
Victim Sex,named_n>=5000,graphsage_fairloss_a50_mb,graphsage_fairloss_a10_sstate20_mb,tpr,gap,0.0011729628265606529,-0.0023667622299409054,0.004329075148619801,False
Victim Sex,named_n>=5000,graphsage_fairloss_a50_mb,graphsage_fairloss_a10_sstate20_mb,tpr,amplification,0.01420797460717027,-0.02788470787592509,0.05232944965129946,False
Victim Sex,named_n>=5000,graphsage_fairloss_a50_mb,graphsage_fairloss_a10_sstate20_mb,fpr,gap,-0.00344049597061713,-0.00977166111310367,0.0027971977394567523,False
Victim Sex,named_n>=5000,graphsage_fairloss_a50_mb,graphsage_fairloss_a10_sstate20_mb,fpr,amplification,-0.04167436365390409,-0.1178756653427641,0.03440127671299713,False
Victim Sex,named_all,graphsage_fairloss_a50_mb,graphsage_fairloss_a25_sstate20_mb,selection_rate,gap,0.0037675657313551714,0.0007112356224661388,0.006987815672800381,True
Victim Sex,named_all,graphsage_fairloss_a50_mb,graphsage_fairloss_a25_sstate20_mb,selection_rate,amplification,0.04563612505853887,0.008165581842183273,0.08413502282181073,True
Victim Sex,named_all,graphsage_fairloss_a50_mb,graphsage_fairloss_a25_sstate20_mb,tpr,gap,0.004708307491535169,0.0011667487639945712,0.008491367407929289,True
Victim Sex,named_all,graphsage_fairloss_a50_mb,graphsage_fairloss_a25_sstate20_mb,tpr,amplification,0.05703123045990427,0.014243411773227731,0.10219287196780436,True
Victim Sex,named_all,graphsage_fairloss_a50_mb,graphsage_fairloss_a25_sstate20_mb,fpr,gap,0.0005252238284930155,-0.005957987562737857,0.00744110967644273,False
Victim Sex,named_all,graphsage_fairloss_a50_mb,graphsage_fairloss_a25_sstate20_mb,fpr,amplification,0.006361980660709032,-0.07196281497350632,0.0875164719915699,False
Victim Sex,named_n>=5000,graphsage_fairloss_a50_mb,graphsage_fairloss_a25_sstate20_mb,selection_rate,gap,0.0037675657313551714,0.0007112356224661388,0.006987815672800381,True
Victim Sex,named_n>=5000,graphsage_fairloss_a50_mb,graphsage_fairloss_a25_sstate20_mb,selection_rate,amplification,0.04563612505853887,0.008165581842183273,0.08413502282181073,True
Victim Sex,named_n>=5000,graphsage_fairloss_a50_mb,graphsage_fairloss_a25_sstate20_mb,tpr,gap,0.004708307491535169,0.0011667487639945712,0.008491367407929289,True
Victim Sex,named_n>=5000,graphsage_fairloss_a50_mb,graphsage_fairloss_a25_sstate20_mb,tpr,amplification,0.05703123045990427,0.014243411773227731,0.10219287196780436,True
Victim Sex,named_n>=5000,graphsage_fairloss_a50_mb,graphsage_fairloss_a25_sstate20_mb,fpr,gap,0.0005252238284930155,-0.005957987562737857,0.00744110967644273,False
Victim Sex,named_n>=5000,graphsage_fairloss_a50_mb,graphsage_fairloss_a25_sstate20_mb,fpr,amplification,0.006361980660709032,-0.07196281497350632,0.0875164719915699,False
Victim Sex,named_all,graphsage_fairloss_a50_mb,graphsage_fairloss_a50_sstate20_mb,selection_rate,gap,0.010793675516862389,0.007720523086320733,0.014111789591409633,True
Victim Sex,named_all,graphsage_fairloss_a50_mb,graphsage_fairloss_a50_sstate20_mb,selection_rate,amplification,0.13074264945913572,0.0931483343565542,0.17062105714725967,True
Victim Sex,named_all,graphsage_fairloss_a50_mb,graphsage_fairloss_a50_sstate20_mb,tpr,gap,0.01162003388070787,0.008090515597438097,0.015168274841130673,True
Victim Sex,named_all,graphsage_fairloss_a50_mb,graphsage_fairloss_a50_sstate20_mb,tpr,amplification,0.14075224088358507,0.09781725762224884,0.18610851713298243,True
Victim Sex,named_all,graphsage_fairloss_a50_mb,graphsage_fairloss_a50_sstate20_mb,fpr,gap,0.006797081082865142,0.00012908241276020783,0.013639776330362265,True
Victim Sex,named_all,graphsage_fairloss_a50_mb,graphsage_fairloss_a50_sstate20_mb,fpr,amplification,0.08233232395897394,0.0015408900668038828,0.16631608056761052,True
Victim Sex,named_n>=5000,graphsage_fairloss_a50_mb,graphsage_fairloss_a50_sstate20_mb,selection_rate,gap,0.010793675516862389,0.007720523086320733,0.014111789591409633,True
Victim Sex,named_n>=5000,graphsage_fairloss_a50_mb,graphsage_fairloss_a50_sstate20_mb,selection_rate,amplification,0.13074264945913572,0.0931483343565542,0.17062105714725967,True
Victim Sex,named_n>=5000,graphsage_fairloss_a50_mb,graphsage_fairloss_a50_sstate20_mb,tpr,gap,0.01162003388070787,0.008090515597438097,0.015168274841130673,True
Victim Sex,named_n>=5000,graphsage_fairloss_a50_mb,graphsage_fairloss_a50_sstate20_mb,tpr,amplification,0.14075224088358507,0.09781725762224884,0.18610851713298243,True
Victim Sex,named_n>=5000,graphsage_fairloss_a50_mb,graphsage_fairloss_a50_sstate20_mb,fpr,gap,0.006797081082865142,0.00012908241276020783,0.013639776330362265,True
Victim Sex,named_n>=5000,graphsage_fairloss_a50_mb,graphsage_fairloss_a50_sstate20_mb,fpr,amplification,0.08233232395897394,0.0015408900668038828,0.16631608056761052,True
Victim Sex,named_all,graphsage_fairloss_a50_mb,graphsage_fairloss_a100_sstate20_mb,selection_rate,gap,0.02069236459590873,0.017092821793375172,0.024232606074070063,True
Victim Sex,named_all,graphsage_fairloss_a50_mb,graphsage_fairloss_a100_sstate20_mb,selection_rate,amplification,0.2506444228953393,0.204455920711142,0.2955952710823114,True
Victim Sex,named_all,graphsage_fairloss_a50_mb,graphsage_fairloss_a100_sstate20_mb,tpr,gap,0.018528158918986626,0.014573034131526028,0.022687659348991782,True
Victim Sex,named_all,graphsage_fairloss_a50_mb,graphsage_fairloss_a100_sstate20_mb,tpr,amplification,0.22442962852494575,0.17648813425359242,0.27889233461911367,True
Victim Sex,named_all,graphsage_fairloss_a50_mb,graphsage_fairloss_a100_sstate20_mb,fpr,gap,0.02311501948449718,0.016071788683372695,0.03073300574806098,True
Victim Sex,named_all,graphsage_fairloss_a50_mb,graphsage_fairloss_a100_sstate20_mb,fpr,amplification,0.27998978522018847,0.1925691489517984,0.37284963981422375,True
Victim Sex,named_n>=5000,graphsage_fairloss_a50_mb,graphsage_fairloss_a100_sstate20_mb,selection_rate,gap,0.02069236459590873,0.017092821793375172,0.024232606074070063,True
Victim Sex,named_n>=5000,graphsage_fairloss_a50_mb,graphsage_fairloss_a100_sstate20_mb,selection_rate,amplification,0.2506444228953393,0.204455920711142,0.2955952710823114,True
Victim Sex,named_n>=5000,graphsage_fairloss_a50_mb,graphsage_fairloss_a100_sstate20_mb,tpr,gap,0.018528158918986626,0.014573034131526028,0.022687659348991782,True
Victim Sex,named_n>=5000,graphsage_fairloss_a50_mb,graphsage_fairloss_a100_sstate20_mb,tpr,amplification,0.22442962852494575,0.17648813425359242,0.27889233461911367,True
Victim Sex,named_n>=5000,graphsage_fairloss_a50_mb,graphsage_fairloss_a100_sstate20_mb,fpr,gap,0.02311501948449718,0.016071788683372695,0.03073300574806098,True
Victim Sex,named_n>=5000,graphsage_fairloss_a50_mb,graphsage_fairloss_a100_sstate20_mb,fpr,amplification,0.27998978522018847,0.1925691489517984,0.37284963981422375,True
Victim Sex,named_all,graphsage_fairloss_a100_mb,graphsage_fairloss_a5_sstate20_mb,selection_rate,gap,-0.014036877424641436,-0.01728681401336732,-0.01064378135652851,True
Victim Sex,named_all,graphsage_fairloss_a100_mb,graphsage_fairloss_a5_sstate20_mb,selection_rate,amplification,-0.17002721100552698,-0.2108148399565946,-0.12983283372507454,True
Victim Sex,named_all,graphsage_fairloss_a100_mb,graphsage_fairloss_a5_sstate20_mb,tpr,gap,-0.011921939207375498,-0.015676570861777008,-0.008078822776641865,True
Victim Sex,named_all,graphsage_fairloss_a100_mb,graphsage_fairloss_a5_sstate20_mb,tpr,amplification,-0.1444091881609687,-0.19113176593962772,-0.09716155225785725,True
Victim Sex,named_all,graphsage_fairloss_a100_mb,graphsage_fairloss_a5_sstate20_mb,fpr,gap,-0.018389990618943197,-0.025243914379787163,-0.011527081177736213,True
Victim Sex,named_all,graphsage_fairloss_a100_mb,graphsage_fairloss_a5_sstate20_mb,fpr,amplification,-0.22275601052607952,-0.3080609981320327,-0.1380450465198118,True
Victim Sex,named_n>=5000,graphsage_fairloss_a100_mb,graphsage_fairloss_a5_sstate20_mb,selection_rate,gap,-0.014036877424641436,-0.01728681401336732,-0.01064378135652851,True
Victim Sex,named_n>=5000,graphsage_fairloss_a100_mb,graphsage_fairloss_a5_sstate20_mb,selection_rate,amplification,-0.17002721100552698,-0.2108148399565946,-0.12983283372507454,True
Victim Sex,named_n>=5000,graphsage_fairloss_a100_mb,graphsage_fairloss_a5_sstate20_mb,tpr,gap,-0.011921939207375498,-0.015676570861777008,-0.008078822776641865,True
Victim Sex,named_n>=5000,graphsage_fairloss_a100_mb,graphsage_fairloss_a5_sstate20_mb,tpr,amplification,-0.1444091881609687,-0.19113176593962772,-0.09716155225785725,True
Victim Sex,named_n>=5000,graphsage_fairloss_a100_mb,graphsage_fairloss_a5_sstate20_mb,fpr,gap,-0.018389990618943197,-0.025243914379787163,-0.011527081177736213,True
Victim Sex,named_n>=5000,graphsage_fairloss_a100_mb,graphsage_fairloss_a5_sstate20_mb,fpr,amplification,-0.22275601052607952,-0.3080609981320327,-0.1380450465198118,True
Victim Sex,named_all,graphsage_fairloss_a100_mb,graphsage_fairloss_a10_sstate20_mb,selection_rate,gap,-0.0036170523852284697,-0.006627521542939161,-0.0005710287703712021,True
Victim Sex,named_all,graphsage_fairloss_a100_mb,graphsage_fairloss_a10_sstate20_mb,selection_rate,amplification,-0.04381297282269281,-0.08121684615912057,-0.007074349486428509,True
Victim Sex,named_all,graphsage_fairloss_a100_mb,graphsage_fairloss_a10_sstate20_mb,tpr,gap,-0.001868215501534265,-0.005322719322158426,0.001657096881880686,False
Victim Sex,named_all,graphsage_fairloss_a100_mb,graphsage_fairloss_a10_sstate20_mb,tpr,amplification,-0.02262949669458103,-0.06381674656488537,0.02041823289262434,False
Victim Sex,named_all,graphsage_fairloss_a100_mb,graphsage_fairloss_a10_sstate20_mb,fpr,gap,-0.008310557915722383,-0.014924685766042238,-0.001613095715776516,True
Victim Sex,named_all,graphsage_fairloss_a100_mb,graphsage_fairloss_a10_sstate20_mb,fpr,amplification,-0.10066490869469691,-0.18079011184411134,-0.01896366814513967,True
Victim Sex,named_n>=5000,graphsage_fairloss_a100_mb,graphsage_fairloss_a10_sstate20_mb,selection_rate,gap,-0.0036170523852284697,-0.006627521542939161,-0.0005710287703712021,True
Victim Sex,named_n>=5000,graphsage_fairloss_a100_mb,graphsage_fairloss_a10_sstate20_mb,selection_rate,amplification,-0.04381297282269281,-0.08121684615912057,-0.007074349486428509,True
Victim Sex,named_n>=5000,graphsage_fairloss_a100_mb,graphsage_fairloss_a10_sstate20_mb,tpr,gap,-0.001868215501534265,-0.005322719322158426,0.001657096881880686,False
Victim Sex,named_n>=5000,graphsage_fairloss_a100_mb,graphsage_fairloss_a10_sstate20_mb,tpr,amplification,-0.02262949669458103,-0.06381674656488537,0.02041823289262434,False
Victim Sex,named_n>=5000,graphsage_fairloss_a100_mb,graphsage_fairloss_a10_sstate20_mb,fpr,gap,-0.008310557915722383,-0.014924685766042238,-0.001613095715776516,True
Victim Sex,named_n>=5000,graphsage_fairloss_a100_mb,graphsage_fairloss_a10_sstate20_mb,fpr,amplification,-0.10066490869469691,-0.18079011184411134,-0.01896366814513967,True
Victim Sex,named_all,graphsage_fairloss_a100_mb,graphsage_fairloss_a25_sstate20_mb,selection_rate,gap,0.00026875385946456554,-0.003065451820071341,0.003479438188003923,False
Victim Sex,named_all,graphsage_fairloss_a100_mb,graphsage_fairloss_a25_sstate20_mb,selection_rate,amplification,0.003255387062902848,-0.037149992143772126,0.04210139804035289,False
Victim Sex,named_all,graphsage_fairloss_a100_mb,graphsage_fairloss_a25_sstate20_mb,tpr,gap,0.0016671291634402507,-0.0023545624993786237,0.005115774845674028,False
Victim Sex,named_all,graphsage_fairloss_a100_mb,graphsage_fairloss_a25_sstate20_mb,tpr,amplification,0.02019375915815297,-0.0282368367594694,0.06159720161507738,False
Victim Sex,named_all,graphsage_fairloss_a100_mb,graphsage_fairloss_a25_sstate20_mb,fpr,gap,-0.004344838116612237,-0.010855046986799644,0.002119819135203649,False
Victim Sex,named_all,graphsage_fairloss_a100_mb,graphsage_fairloss_a25_sstate20_mb,fpr,amplification,-0.05262856438008379,-0.13072221646131318,0.026320229060701895,False
Victim Sex,named_n>=5000,graphsage_fairloss_a100_mb,graphsage_fairloss_a25_sstate20_mb,selection_rate,gap,0.00026875385946456554,-0.003065451820071341,0.003479438188003923,False
Victim Sex,named_n>=5000,graphsage_fairloss_a100_mb,graphsage_fairloss_a25_sstate20_mb,selection_rate,amplification,0.003255387062902848,-0.037149992143772126,0.04210139804035289,False
Victim Sex,named_n>=5000,graphsage_fairloss_a100_mb,graphsage_fairloss_a25_sstate20_mb,tpr,gap,0.0016671291634402507,-0.0023545624993786237,0.005115774845674028,False
Victim Sex,named_n>=5000,graphsage_fairloss_a100_mb,graphsage_fairloss_a25_sstate20_mb,tpr,amplification,0.02019375915815297,-0.0282368367594694,0.06159720161507738,False
Victim Sex,named_n>=5000,graphsage_fairloss_a100_mb,graphsage_fairloss_a25_sstate20_mb,fpr,gap,-0.004344838116612237,-0.010855046986799644,0.002119819135203649,False
Victim Sex,named_n>=5000,graphsage_fairloss_a100_mb,graphsage_fairloss_a25_sstate20_mb,fpr,amplification,-0.05262856438008379,-0.13072221646131318,0.026320229060701895,False
Victim Sex,named_all,graphsage_fairloss_a100_mb,graphsage_fairloss_a50_sstate20_mb,selection_rate,gap,0.007294863644971783,0.0037922382425089607,0.010767702546266739,True
Victim Sex,named_all,graphsage_fairloss_a100_mb,graphsage_fairloss_a50_sstate20_mb,selection_rate,amplification,0.0883619114634997,0.04561691323992211,0.13110488436390677,True
Victim Sex,named_all,graphsage_fairloss_a100_mb,graphsage_fairloss_a50_sstate20_mb,tpr,gap,0.008578855552612952,0.004384245688288974,0.012460997359787809,True
Victim Sex,named_all,graphsage_fairloss_a100_mb,graphsage_fairloss_a50_sstate20_mb,tpr,amplification,0.10391476958183377,0.0535385093995706,0.15136905973059175,True
Victim Sex,named_all,graphsage_fairloss_a100_mb,graphsage_fairloss_a50_sstate20_mb,fpr,gap,0.0019270191377598889,-0.00487761900155567,0.008997524353170843,False
Victim Sex,named_all,graphsage_fairloss_a100_mb,graphsage_fairloss_a50_sstate20_mb,fpr,amplification,0.023341778918181122,-0.05804669605827894,0.1113883084628046,False
Victim Sex,named_n>=5000,graphsage_fairloss_a100_mb,graphsage_fairloss_a50_sstate20_mb,selection_rate,gap,0.007294863644971783,0.0037922382425089607,0.010767702546266739,True
Victim Sex,named_n>=5000,graphsage_fairloss_a100_mb,graphsage_fairloss_a50_sstate20_mb,selection_rate,amplification,0.0883619114634997,0.04561691323992211,0.13110488436390677,True
Victim Sex,named_n>=5000,graphsage_fairloss_a100_mb,graphsage_fairloss_a50_sstate20_mb,tpr,gap,0.008578855552612952,0.004384245688288974,0.012460997359787809,True
Victim Sex,named_n>=5000,graphsage_fairloss_a100_mb,graphsage_fairloss_a50_sstate20_mb,tpr,amplification,0.10391476958183377,0.0535385093995706,0.15136905973059175,True
Victim Sex,named_n>=5000,graphsage_fairloss_a100_mb,graphsage_fairloss_a50_sstate20_mb,fpr,gap,0.0019270191377598889,-0.00487761900155567,0.008997524353170843,False
Victim Sex,named_n>=5000,graphsage_fairloss_a100_mb,graphsage_fairloss_a50_sstate20_mb,fpr,amplification,0.023341778918181122,-0.05804669605827894,0.1113883084628046,False
Victim Sex,named_all,graphsage_fairloss_a100_mb,graphsage_fairloss_a100_sstate20_mb,selection_rate,gap,0.017193552724018124,0.013541681233834734,0.02116440348962965,True
Victim Sex,named_all,graphsage_fairloss_a100_mb,graphsage_fairloss_a100_sstate20_mb,selection_rate,amplification,0.20826368489970326,0.1625354752217386,0.2595263958352968,True
Victim Sex,named_all,graphsage_fairloss_a100_mb,graphsage_fairloss_a100_sstate20_mb,tpr,gap,0.015486980590891708,0.011124685653261131,0.019979071992531443,True
Victim Sex,named_all,graphsage_fairloss_a100_mb,graphsage_fairloss_a100_sstate20_mb,tpr,amplification,0.18759215722319444,0.13412229958243901,0.2443930030085799,True
Victim Sex,named_all,graphsage_fairloss_a100_mb,graphsage_fairloss_a100_sstate20_mb,fpr,gap,0.018244957539391926,0.010936513837829306,0.026948674738430677,True
Victim Sex,named_all,graphsage_fairloss_a100_mb,graphsage_fairloss_a100_sstate20_mb,fpr,amplification,0.22099924017939565,0.12993776774630322,0.3176698374452174,True
Victim Sex,named_n>=5000,graphsage_fairloss_a100_mb,graphsage_fairloss_a100_sstate20_mb,selection_rate,gap,0.017193552724018124,0.013541681233834734,0.02116440348962965,True
Victim Sex,named_n>=5000,graphsage_fairloss_a100_mb,graphsage_fairloss_a100_sstate20_mb,selection_rate,amplification,0.20826368489970326,0.1625354752217386,0.2595263958352968,True
Victim Sex,named_n>=5000,graphsage_fairloss_a100_mb,graphsage_fairloss_a100_sstate20_mb,tpr,gap,0.015486980590891708,0.011124685653261131,0.019979071992531443,True
Victim Sex,named_n>=5000,graphsage_fairloss_a100_mb,graphsage_fairloss_a100_sstate20_mb,tpr,amplification,0.18759215722319444,0.13412229958243901,0.2443930030085799,True
Victim Sex,named_n>=5000,graphsage_fairloss_a100_mb,graphsage_fairloss_a100_sstate20_mb,fpr,gap,0.018244957539391926,0.010936513837829306,0.026948674738430677,True
Victim Sex,named_n>=5000,graphsage_fairloss_a100_mb,graphsage_fairloss_a100_sstate20_mb,fpr,amplification,0.22099924017939565,0.12993776774630322,0.3176698374452174,True
Victim Sex,named_all,graphsage_fairloss_a5_sstate20_mb,graphsage_fairloss_a10_sstate20_mb,selection_rate,gap,0.010419825039412967,0.008478593614476124,0.01231043050432305,True
Victim Sex,named_all,graphsage_fairloss_a5_sstate20_mb,graphsage_fairloss_a10_sstate20_mb,selection_rate,amplification,0.12621423818283417,0.1012532099152454,0.15216539086580774,True
Victim Sex,named_all,graphsage_fairloss_a5_sstate20_mb,graphsage_fairloss_a10_sstate20_mb,tpr,gap,0.010053723705841233,0.00797611359253302,0.01239744904415914,True
Victim Sex,named_all,graphsage_fairloss_a5_sstate20_mb,graphsage_fairloss_a10_sstate20_mb,tpr,amplification,0.12177969146638767,0.09500882175286876,0.15148368783133798,True
Victim Sex,named_all,graphsage_fairloss_a5_sstate20_mb,graphsage_fairloss_a10_sstate20_mb,fpr,gap,0.010079432703220814,0.0056915128110169,0.014564860782277544,True
Victim Sex,named_all,graphsage_fairloss_a5_sstate20_mb,graphsage_fairloss_a10_sstate20_mb,fpr,amplification,0.12209110183138261,0.06715606284901478,0.17660125202157137,True
Victim Sex,named_n>=5000,graphsage_fairloss_a5_sstate20_mb,graphsage_fairloss_a10_sstate20_mb,selection_rate,gap,0.010419825039412967,0.008478593614476124,0.01231043050432305,True
Victim Sex,named_n>=5000,graphsage_fairloss_a5_sstate20_mb,graphsage_fairloss_a10_sstate20_mb,selection_rate,amplification,0.12621423818283417,0.1012532099152454,0.15216539086580774,True
Victim Sex,named_n>=5000,graphsage_fairloss_a5_sstate20_mb,graphsage_fairloss_a10_sstate20_mb,tpr,gap,0.010053723705841233,0.00797611359253302,0.01239744904415914,True
Victim Sex,named_n>=5000,graphsage_fairloss_a5_sstate20_mb,graphsage_fairloss_a10_sstate20_mb,tpr,amplification,0.12177969146638767,0.09500882175286876,0.15148368783133798,True
Victim Sex,named_n>=5000,graphsage_fairloss_a5_sstate20_mb,graphsage_fairloss_a10_sstate20_mb,fpr,gap,0.010079432703220814,0.0056915128110169,0.014564860782277544,True
Victim Sex,named_n>=5000,graphsage_fairloss_a5_sstate20_mb,graphsage_fairloss_a10_sstate20_mb,fpr,amplification,0.12209110183138261,0.06715606284901478,0.17660125202157137,True
Victim Sex,named_all,graphsage_fairloss_a5_sstate20_mb,graphsage_fairloss_a25_sstate20_mb,selection_rate,gap,0.014305631284106002,0.011753501747026773,0.016802745475024573,True
Victim Sex,named_all,graphsage_fairloss_a5_sstate20_mb,graphsage_fairloss_a25_sstate20_mb,selection_rate,amplification,0.17328259806842983,0.14153425092926006,0.20482985252698516,True
Victim Sex,named_all,graphsage_fairloss_a5_sstate20_mb,graphsage_fairloss_a25_sstate20_mb,tpr,gap,0.013589068370815749,0.010697546197744847,0.01630876707016328,True
Victim Sex,named_all,graphsage_fairloss_a5_sstate20_mb,graphsage_fairloss_a25_sstate20_mb,tpr,amplification,0.16460294731912167,0.1294988964782607,0.1993125720644542,True
Victim Sex,named_all,graphsage_fairloss_a5_sstate20_mb,graphsage_fairloss_a25_sstate20_mb,fpr,gap,0.01404515250233096,0.008690702092821374,0.019226058418738062,True
Victim Sex,named_all,graphsage_fairloss_a5_sstate20_mb,graphsage_fairloss_a25_sstate20_mb,fpr,amplification,0.17012744614599573,0.1046337658449518,0.2344045149026825,True
Victim Sex,named_n>=5000,graphsage_fairloss_a5_sstate20_mb,graphsage_fairloss_a25_sstate20_mb,selection_rate,gap,0.014305631284106002,0.011753501747026773,0.016802745475024573,True
Victim Sex,named_n>=5000,graphsage_fairloss_a5_sstate20_mb,graphsage_fairloss_a25_sstate20_mb,selection_rate,amplification,0.17328259806842983,0.14153425092926006,0.20482985252698516,True
Victim Sex,named_n>=5000,graphsage_fairloss_a5_sstate20_mb,graphsage_fairloss_a25_sstate20_mb,tpr,gap,0.013589068370815749,0.010697546197744847,0.01630876707016328,True
Victim Sex,named_n>=5000,graphsage_fairloss_a5_sstate20_mb,graphsage_fairloss_a25_sstate20_mb,tpr,amplification,0.16460294731912167,0.1294988964782607,0.1993125720644542,True
Victim Sex,named_n>=5000,graphsage_fairloss_a5_sstate20_mb,graphsage_fairloss_a25_sstate20_mb,fpr,gap,0.01404515250233096,0.008690702092821374,0.019226058418738062,True
Victim Sex,named_n>=5000,graphsage_fairloss_a5_sstate20_mb,graphsage_fairloss_a25_sstate20_mb,fpr,amplification,0.17012744614599573,0.1046337658449518,0.2344045149026825,True
Victim Sex,named_all,graphsage_fairloss_a5_sstate20_mb,graphsage_fairloss_a50_sstate20_mb,selection_rate,gap,0.02133174106961322,0.018468636763044916,0.02410218031050212,True
Victim Sex,named_all,graphsage_fairloss_a5_sstate20_mb,graphsage_fairloss_a50_sstate20_mb,selection_rate,amplification,0.2583891224690267,0.2219549321581698,0.29826171936808704,True
Victim Sex,named_all,graphsage_fairloss_a5_sstate20_mb,graphsage_fairloss_a50_sstate20_mb,tpr,gap,0.02050079475998845,0.017040061010220677,0.023805796307927583,True
Victim Sex,named_all,graphsage_fairloss_a5_sstate20_mb,graphsage_fairloss_a50_sstate20_mb,tpr,amplification,0.24832395774280247,0.20399560420884044,0.2947145426238544,True
Victim Sex,named_all,graphsage_fairloss_a5_sstate20_mb,graphsage_fairloss_a50_sstate20_mb,fpr,gap,0.020317009756703086,0.013989209987894467,0.026409678347574697,True
Victim Sex,named_all,graphsage_fairloss_a5_sstate20_mb,graphsage_fairloss_a50_sstate20_mb,fpr,amplification,0.24609778944426064,0.1705099507998193,0.32268122616954736,True
Victim Sex,named_n>=5000,graphsage_fairloss_a5_sstate20_mb,graphsage_fairloss_a50_sstate20_mb,selection_rate,gap,0.02133174106961322,0.018468636763044916,0.02410218031050212,True
Victim Sex,named_n>=5000,graphsage_fairloss_a5_sstate20_mb,graphsage_fairloss_a50_sstate20_mb,selection_rate,amplification,0.2583891224690267,0.2219549321581698,0.29826171936808704,True
Victim Sex,named_n>=5000,graphsage_fairloss_a5_sstate20_mb,graphsage_fairloss_a50_sstate20_mb,tpr,gap,0.02050079475998845,0.017040061010220677,0.023805796307927583,True
Victim Sex,named_n>=5000,graphsage_fairloss_a5_sstate20_mb,graphsage_fairloss_a50_sstate20_mb,tpr,amplification,0.24832395774280247,0.20399560420884044,0.2947145426238544,True
Victim Sex,named_n>=5000,graphsage_fairloss_a5_sstate20_mb,graphsage_fairloss_a50_sstate20_mb,fpr,gap,0.020317009756703086,0.013989209987894467,0.026409678347574697,True
Victim Sex,named_n>=5000,graphsage_fairloss_a5_sstate20_mb,graphsage_fairloss_a50_sstate20_mb,fpr,amplification,0.24609778944426064,0.1705099507998193,0.32268122616954736,True
Victim Sex,named_all,graphsage_fairloss_a5_sstate20_mb,graphsage_fairloss_a100_sstate20_mb,selection_rate,gap,0.03123043014865956,0.027839336765595343,0.03443229850707554,True
Victim Sex,named_all,graphsage_fairloss_a5_sstate20_mb,graphsage_fairloss_a100_sstate20_mb,selection_rate,amplification,0.37829089590523024,0.3337543287463922,0.42290911063339365,True
Victim Sex,named_all,graphsage_fairloss_a5_sstate20_mb,graphsage_fairloss_a100_sstate20_mb,tpr,gap,0.027408919798267206,0.02374134619037765,0.031016967768043434,True
Victim Sex,named_all,graphsage_fairloss_a5_sstate20_mb,graphsage_fairloss_a100_sstate20_mb,tpr,amplification,0.33200134538416315,0.28232715746437237,0.38108896929095687,True
Victim Sex,named_all,graphsage_fairloss_a5_sstate20_mb,graphsage_fairloss_a100_sstate20_mb,fpr,gap,0.03663494815833512,0.029886395232338034,0.04312419686759921,True
Victim Sex,named_all,graphsage_fairloss_a5_sstate20_mb,graphsage_fairloss_a100_sstate20_mb,fpr,amplification,0.44375525070547517,0.357487567064929,0.5278495765211406,True
Victim Sex,named_n>=5000,graphsage_fairloss_a5_sstate20_mb,graphsage_fairloss_a100_sstate20_mb,selection_rate,gap,0.03123043014865956,0.027839336765595343,0.03443229850707554,True
Victim Sex,named_n>=5000,graphsage_fairloss_a5_sstate20_mb,graphsage_fairloss_a100_sstate20_mb,selection_rate,amplification,0.37829089590523024,0.3337543287463922,0.42290911063339365,True
Victim Sex,named_n>=5000,graphsage_fairloss_a5_sstate20_mb,graphsage_fairloss_a100_sstate20_mb,tpr,gap,0.027408919798267206,0.02374134619037765,0.031016967768043434,True
Victim Sex,named_n>=5000,graphsage_fairloss_a5_sstate20_mb,graphsage_fairloss_a100_sstate20_mb,tpr,amplification,0.33200134538416315,0.28232715746437237,0.38108896929095687,True
Victim Sex,named_n>=5000,graphsage_fairloss_a5_sstate20_mb,graphsage_fairloss_a100_sstate20_mb,fpr,gap,0.03663494815833512,0.029886395232338034,0.04312419686759921,True
Victim Sex,named_n>=5000,graphsage_fairloss_a5_sstate20_mb,graphsage_fairloss_a100_sstate20_mb,fpr,amplification,0.44375525070547517,0.357487567064929,0.5278495765211406,True
Victim Sex,named_all,graphsage_fairloss_a10_sstate20_mb,graphsage_fairloss_a25_sstate20_mb,selection_rate,gap,0.0038858062446930353,0.0019808054996686307,0.005858431202010505,True
Victim Sex,named_all,graphsage_fairloss_a10_sstate20_mb,graphsage_fairloss_a25_sstate20_mb,selection_rate,amplification,0.047068359885595656,0.02401228477410522,0.07094946807540624,True
Victim Sex,named_all,graphsage_fairloss_a10_sstate20_mb,graphsage_fairloss_a25_sstate20_mb,tpr,gap,0.0035353446649745157,0.0013487641602475148,0.005845870327229005,True
Victim Sex,named_all,graphsage_fairloss_a10_sstate20_mb,graphsage_fairloss_a25_sstate20_mb,tpr,amplification,0.042823255852734,0.016409873207594766,0.07029464096224754,True
Victim Sex,named_all,graphsage_fairloss_a10_sstate20_mb,graphsage_fairloss_a25_sstate20_mb,fpr,gap,0.003965719799110146,-0.000277201091605296,0.007895635474642702,False
Victim Sex,named_all,graphsage_fairloss_a10_sstate20_mb,graphsage_fairloss_a25_sstate20_mb,fpr,amplification,0.04803634431461312,-0.0034601558590136687,0.09587659593149836,False
Victim Sex,named_n>=5000,graphsage_fairloss_a10_sstate20_mb,graphsage_fairloss_a25_sstate20_mb,selection_rate,gap,0.0038858062446930353,0.0019808054996686307,0.005858431202010505,True
Victim Sex,named_n>=5000,graphsage_fairloss_a10_sstate20_mb,graphsage_fairloss_a25_sstate20_mb,selection_rate,amplification,0.047068359885595656,0.02401228477410522,0.07094946807540624,True
Victim Sex,named_n>=5000,graphsage_fairloss_a10_sstate20_mb,graphsage_fairloss_a25_sstate20_mb,tpr,gap,0.0035353446649745157,0.0013487641602475148,0.005845870327229005,True
Victim Sex,named_n>=5000,graphsage_fairloss_a10_sstate20_mb,graphsage_fairloss_a25_sstate20_mb,tpr,amplification,0.042823255852734,0.016409873207594766,0.07029464096224754,True
Victim Sex,named_n>=5000,graphsage_fairloss_a10_sstate20_mb,graphsage_fairloss_a25_sstate20_mb,fpr,gap,0.003965719799110146,-0.000277201091605296,0.007895635474642702,False
Victim Sex,named_n>=5000,graphsage_fairloss_a10_sstate20_mb,graphsage_fairloss_a25_sstate20_mb,fpr,amplification,0.04803634431461312,-0.0034601558590136687,0.09587659593149836,False
Victim Sex,named_all,graphsage_fairloss_a10_sstate20_mb,graphsage_fairloss_a50_sstate20_mb,selection_rate,gap,0.010911916030200253,0.008369535787336815,0.013349397811146677,True
Victim Sex,named_all,graphsage_fairloss_a10_sstate20_mb,graphsage_fairloss_a50_sstate20_mb,selection_rate,amplification,0.1321748842861925,0.10035097105024739,0.16211332974514492,True
Victim Sex,named_all,graphsage_fairloss_a10_sstate20_mb,graphsage_fairloss_a50_sstate20_mb,tpr,gap,0.010447071054147217,0.0075568198716410686,0.013215117908396556,True
Victim Sex,named_all,graphsage_fairloss_a10_sstate20_mb,graphsage_fairloss_a50_sstate20_mb,tpr,amplification,0.1265442662764148,0.09005462497681764,0.16223741058697339,True
Victim Sex,named_all,graphsage_fairloss_a10_sstate20_mb,graphsage_fairloss_a50_sstate20_mb,fpr,gap,0.010237577053482272,0.005262786918809081,0.015368341713913701,True
Victim Sex,named_all,graphsage_fairloss_a10_sstate20_mb,graphsage_fairloss_a50_sstate20_mb,fpr,amplification,0.12400668761287803,0.06341977535430483,0.18705081578942825,True
Victim Sex,named_n>=5000,graphsage_fairloss_a10_sstate20_mb,graphsage_fairloss_a50_sstate20_mb,selection_rate,gap,0.010911916030200253,0.008369535787336815,0.013349397811146677,True
Victim Sex,named_n>=5000,graphsage_fairloss_a10_sstate20_mb,graphsage_fairloss_a50_sstate20_mb,selection_rate,amplification,0.1321748842861925,0.10035097105024739,0.16211332974514492,True
Victim Sex,named_n>=5000,graphsage_fairloss_a10_sstate20_mb,graphsage_fairloss_a50_sstate20_mb,tpr,gap,0.010447071054147217,0.0075568198716410686,0.013215117908396556,True
Victim Sex,named_n>=5000,graphsage_fairloss_a10_sstate20_mb,graphsage_fairloss_a50_sstate20_mb,tpr,amplification,0.1265442662764148,0.09005462497681764,0.16223741058697339,True
Victim Sex,named_n>=5000,graphsage_fairloss_a10_sstate20_mb,graphsage_fairloss_a50_sstate20_mb,fpr,gap,0.010237577053482272,0.005262786918809081,0.015368341713913701,True
Victim Sex,named_n>=5000,graphsage_fairloss_a10_sstate20_mb,graphsage_fairloss_a50_sstate20_mb,fpr,amplification,0.12400668761287803,0.06341977535430483,0.18705081578942825,True
Victim Sex,named_all,graphsage_fairloss_a10_sstate20_mb,graphsage_fairloss_a100_sstate20_mb,selection_rate,gap,0.020810605109246594,0.018179972462436474,0.02364421389098227,True
Victim Sex,named_all,graphsage_fairloss_a10_sstate20_mb,graphsage_fairloss_a100_sstate20_mb,selection_rate,amplification,0.25207665772239607,0.2182885524151497,0.2896945782894378,True
Victim Sex,named_all,graphsage_fairloss_a10_sstate20_mb,graphsage_fairloss_a100_sstate20_mb,tpr,gap,0.017355196092425973,0.014078099102186117,0.020421132461339597,True
Victim Sex,named_all,graphsage_fairloss_a10_sstate20_mb,graphsage_fairloss_a100_sstate20_mb,tpr,amplification,0.21022165391777548,0.17000309464083047,0.2500293897695468,True
Victim Sex,named_all,graphsage_fairloss_a10_sstate20_mb,graphsage_fairloss_a100_sstate20_mb,fpr,gap,0.02655551545511431,0.020799780112531054,0.03253898894217322,True
Victim Sex,named_all,graphsage_fairloss_a10_sstate20_mb,graphsage_fairloss_a100_sstate20_mb,fpr,amplification,0.32166414887409256,0.25265875066168625,0.3971993462617512,True
Victim Sex,named_n>=5000,graphsage_fairloss_a10_sstate20_mb,graphsage_fairloss_a100_sstate20_mb,selection_rate,gap,0.020810605109246594,0.018179972462436474,0.02364421389098227,True
Victim Sex,named_n>=5000,graphsage_fairloss_a10_sstate20_mb,graphsage_fairloss_a100_sstate20_mb,selection_rate,amplification,0.25207665772239607,0.2182885524151497,0.2896945782894378,True
Victim Sex,named_n>=5000,graphsage_fairloss_a10_sstate20_mb,graphsage_fairloss_a100_sstate20_mb,tpr,gap,0.017355196092425973,0.014078099102186117,0.020421132461339597,True
Victim Sex,named_n>=5000,graphsage_fairloss_a10_sstate20_mb,graphsage_fairloss_a100_sstate20_mb,tpr,amplification,0.21022165391777548,0.17000309464083047,0.2500293897695468,True
Victim Sex,named_n>=5000,graphsage_fairloss_a10_sstate20_mb,graphsage_fairloss_a100_sstate20_mb,fpr,gap,0.02655551545511431,0.020799780112531054,0.03253898894217322,True
Victim Sex,named_n>=5000,graphsage_fairloss_a10_sstate20_mb,graphsage_fairloss_a100_sstate20_mb,fpr,amplification,0.32166414887409256,0.25265875066168625,0.3971993462617512,True
Victim Sex,named_all,graphsage_fairloss_a25_sstate20_mb,graphsage_fairloss_a50_sstate20_mb,selection_rate,gap,0.007026109785507217,0.004967082442521961,0.009101504157484865,True
Victim Sex,named_all,graphsage_fairloss_a25_sstate20_mb,graphsage_fairloss_a50_sstate20_mb,selection_rate,amplification,0.08510652440059685,0.05984379682985432,0.11062204983255637,True
Victim Sex,named_all,graphsage_fairloss_a25_sstate20_mb,graphsage_fairloss_a50_sstate20_mb,tpr,gap,0.006911726389172701,0.004582767987425818,0.009276324357011003,True
Victim Sex,named_all,graphsage_fairloss_a25_sstate20_mb,graphsage_fairloss_a50_sstate20_mb,tpr,amplification,0.0837210104236808,0.05505892837107729,0.11364298404803726,True
Victim Sex,named_all,graphsage_fairloss_a25_sstate20_mb,graphsage_fairloss_a50_sstate20_mb,fpr,gap,0.006271857254372126,0.0022872239097784727,0.010457762726421651,True
Victim Sex,named_all,graphsage_fairloss_a25_sstate20_mb,graphsage_fairloss_a50_sstate20_mb,fpr,amplification,0.07597034329826491,0.02745247755797617,0.1281068192269696,True
Victim Sex,named_n>=5000,graphsage_fairloss_a25_sstate20_mb,graphsage_fairloss_a50_sstate20_mb,selection_rate,gap,0.007026109785507217,0.004967082442521961,0.009101504157484865,True
Victim Sex,named_n>=5000,graphsage_fairloss_a25_sstate20_mb,graphsage_fairloss_a50_sstate20_mb,selection_rate,amplification,0.08510652440059685,0.05984379682985432,0.11062204983255637,True
Victim Sex,named_n>=5000,graphsage_fairloss_a25_sstate20_mb,graphsage_fairloss_a50_sstate20_mb,tpr,gap,0.006911726389172701,0.004582767987425818,0.009276324357011003,True
Victim Sex,named_n>=5000,graphsage_fairloss_a25_sstate20_mb,graphsage_fairloss_a50_sstate20_mb,tpr,amplification,0.0837210104236808,0.05505892837107729,0.11364298404803726,True
Victim Sex,named_n>=5000,graphsage_fairloss_a25_sstate20_mb,graphsage_fairloss_a50_sstate20_mb,fpr,gap,0.006271857254372126,0.0022872239097784727,0.010457762726421651,True
Victim Sex,named_n>=5000,graphsage_fairloss_a25_sstate20_mb,graphsage_fairloss_a50_sstate20_mb,fpr,amplification,0.07597034329826491,0.02745247755797617,0.1281068192269696,True
Victim Sex,named_all,graphsage_fairloss_a25_sstate20_mb,graphsage_fairloss_a100_sstate20_mb,selection_rate,gap,0.01692479886455356,0.014450223215957254,0.019457116435081287,True
Victim Sex,named_all,graphsage_fairloss_a25_sstate20_mb,graphsage_fairloss_a100_sstate20_mb,selection_rate,amplification,0.2050082978368004,0.17368860968285393,0.23813346454138873,True
Victim Sex,named_all,graphsage_fairloss_a25_sstate20_mb,graphsage_fairloss_a100_sstate20_mb,tpr,gap,0.013819851427451457,0.010865624864267964,0.016825471966198335,True
Victim Sex,named_all,graphsage_fairloss_a25_sstate20_mb,graphsage_fairloss_a100_sstate20_mb,tpr,amplification,0.16739839806504148,0.13087375717070454,0.20623438796408053,True
Victim Sex,named_all,graphsage_fairloss_a25_sstate20_mb,graphsage_fairloss_a100_sstate20_mb,fpr,gap,0.022589795656004164,0.017372054887179456,0.027811812272487618,True
Victim Sex,named_all,graphsage_fairloss_a25_sstate20_mb,graphsage_fairloss_a100_sstate20_mb,fpr,amplification,0.27362780455947944,0.20974313392645888,0.3392414357577797,True
Victim Sex,named_n>=5000,graphsage_fairloss_a25_sstate20_mb,graphsage_fairloss_a100_sstate20_mb,selection_rate,gap,0.01692479886455356,0.014450223215957254,0.019457116435081287,True
Victim Sex,named_n>=5000,graphsage_fairloss_a25_sstate20_mb,graphsage_fairloss_a100_sstate20_mb,selection_rate,amplification,0.2050082978368004,0.17368860968285393,0.23813346454138873,True
Victim Sex,named_n>=5000,graphsage_fairloss_a25_sstate20_mb,graphsage_fairloss_a100_sstate20_mb,tpr,gap,0.013819851427451457,0.010865624864267964,0.016825471966198335,True
Victim Sex,named_n>=5000,graphsage_fairloss_a25_sstate20_mb,graphsage_fairloss_a100_sstate20_mb,tpr,amplification,0.16739839806504148,0.13087375717070454,0.20623438796408053,True
Victim Sex,named_n>=5000,graphsage_fairloss_a25_sstate20_mb,graphsage_fairloss_a100_sstate20_mb,fpr,gap,0.022589795656004164,0.017372054887179456,0.027811812272487618,True
Victim Sex,named_n>=5000,graphsage_fairloss_a25_sstate20_mb,graphsage_fairloss_a100_sstate20_mb,fpr,amplification,0.27362780455947944,0.20974313392645888,0.3392414357577797,True
Victim Sex,named_all,graphsage_fairloss_a50_sstate20_mb,graphsage_fairloss_a100_sstate20_mb,selection_rate,gap,0.009898689079046341,0.007672061357322893,0.012182907827070698,True
Victim Sex,named_all,graphsage_fairloss_a50_sstate20_mb,graphsage_fairloss_a100_sstate20_mb,selection_rate,amplification,0.11990177343620356,0.0929531737002564,0.14972819092417244,True
Victim Sex,named_all,graphsage_fairloss_a50_sstate20_mb,graphsage_fairloss_a100_sstate20_mb,tpr,gap,0.006908125038278756,0.004444023960111973,0.009397261872544646,True
Victim Sex,named_all,graphsage_fairloss_a50_sstate20_mb,graphsage_fairloss_a100_sstate20_mb,tpr,amplification,0.08367738764136068,0.053185846670991,0.11533790149989204,True
Victim Sex,named_all,graphsage_fairloss_a50_sstate20_mb,graphsage_fairloss_a100_sstate20_mb,fpr,gap,0.016317938401632037,0.011316737125546376,0.021062293895110284,True
Victim Sex,named_all,graphsage_fairloss_a50_sstate20_mb,graphsage_fairloss_a100_sstate20_mb,fpr,amplification,0.19765746126121453,0.13576558462071614,0.2566073154768074,True
Victim Sex,named_n>=5000,graphsage_fairloss_a50_sstate20_mb,graphsage_fairloss_a100_sstate20_mb,selection_rate,gap,0.009898689079046341,0.007672061357322893,0.012182907827070698,True
Victim Sex,named_n>=5000,graphsage_fairloss_a50_sstate20_mb,graphsage_fairloss_a100_sstate20_mb,selection_rate,amplification,0.11990177343620356,0.0929531737002564,0.14972819092417244,True
Victim Sex,named_n>=5000,graphsage_fairloss_a50_sstate20_mb,graphsage_fairloss_a100_sstate20_mb,tpr,gap,0.006908125038278756,0.004444023960111973,0.009397261872544646,True
Victim Sex,named_n>=5000,graphsage_fairloss_a50_sstate20_mb,graphsage_fairloss_a100_sstate20_mb,tpr,amplification,0.08367738764136068,0.053185846670991,0.11533790149989204,True
Victim Sex,named_n>=5000,graphsage_fairloss_a50_sstate20_mb,graphsage_fairloss_a100_sstate20_mb,fpr,gap,0.016317938401632037,0.011316737125546376,0.021062293895110284,True
Victim Sex,named_n>=5000,graphsage_fairloss_a50_sstate20_mb,graphsage_fairloss_a100_sstate20_mb,fpr,amplification,0.19765746126121453,0.13576558462071614,0.2566073154768074,True
