attribute,group_set,model_a,model_b,metric,quantity,diff,diff_lo,diff_hi,significant,stratum,n_strata,n_strata_used,min_stratum_n,n_standardized,signed_as,gap_a,gap_b
Victim Race,named_n>=5000,graphsage_geo_blind_mb,graphsage_fairloss_a0_mb,selection_rate,gap,-0.005764589643456386,-0.007335361281411451,-0.004138545564996074,True,State,51,39,100,182377,,,
Victim Race,named_n>=5000,graphsage_geo_blind_mb,graphsage_fairloss_a0_mb,selection_rate,amplification,-0.08722554778832325,-0.11331893673105754,-0.061237060926753635,True,State,51,39,100,182377,,,
Victim Race,named_n>=5000,graphsage_geo_blind_mb,graphsage_fairloss_a0_mb,tpr,gap,-0.00589751778227765,-0.00786670243443984,-0.003968327168853736,True,State,51,39,100,182377,,,
Victim Race,named_n>=5000,graphsage_geo_blind_mb,graphsage_fairloss_a0_mb,tpr,amplification,-0.08923691901200237,-0.12055540461875254,-0.05908479276122792,True,State,51,39,100,182377,,,
Victim Race,named_n>=5000,graphsage_geo_blind_mb,graphsage_fairloss_a0_mb,fpr,gap,-0.006930205605684137,-0.010215045117566377,-0.0032747565583786846,True,State,51,39,100,182377,,,
Victim Race,named_n>=5000,graphsage_geo_blind_mb,graphsage_fairloss_a0_mb,fpr,amplification,-0.10486279468785575,-0.15559176413418385,-0.04881857174841693,True,State,51,39,100,182377,,,
Victim Race,named_n>=5000,graphsage_geo_blind_mb,graphsage_fairloss_a0_mb,selection_rate,signed_gap,0.005764589643456386,0.004138545564996074,0.007335361281411451,True,State,51,39,100,182377,Black-White,-0.1029455690793667,-0.10871015872282308
Victim Race,named_n>=5000,graphsage_geo_blind_mb,graphsage_fairloss_a0_mb,tpr,signed_gap,0.00589751778227765,0.0039683271688537355,0.00786670243443984,True,State,51,39,100,182377,Black-White,-0.08725125351451068,-0.09314877129678834
Victim Race,named_n>=5000,graphsage_geo_blind_mb,graphsage_fairloss_a0_mb,fpr,signed_gap,0.006930205605684137,0.0032747565583786846,0.010215045117566377,True,State,51,39,100,182377,Black-White,-0.09078818951497997,-0.0977183951206641
Victim Race,named_n>=5000,graphsage_geo_blind_mb,graphsage_fairloss_a10_mb,selection_rate,gap,0.03088789475651532,0.028243645579011174,0.03343055244407224,True,State,51,39,100,182377,,,
Victim Race,named_n>=5000,graphsage_geo_blind_mb,graphsage_fairloss_a10_mb,selection_rate,amplification,0.4673729973517602,0.41838402949621495,0.5202861591247971,True,State,51,39,100,182377,,,
Victim Race,named_n>=5000,graphsage_geo_blind_mb,graphsage_fairloss_a10_mb,tpr,gap,0.027879758824512102,0.024488198516242503,0.030992006766632448,True,State,51,39,100,182377,,,
Victim Race,named_n>=5000,graphsage_geo_blind_mb,graphsage_fairloss_a10_mb,tpr,amplification,0.4218560879584671,0.36543065374324635,0.47914830614282716,True,State,51,39,100,182377,,,
Victim Race,named_n>=5000,graphsage_geo_blind_mb,graphsage_fairloss_a10_mb,fpr,gap,0.03846070522953987,0.03347003655044032,0.04386483167766497,True,State,51,39,100,182377,,,
Victim Race,named_n>=5000,graphsage_geo_blind_mb,graphsage_fairloss_a10_mb,fpr,amplification,0.5819592181691474,0.5014936345206066,0.6727093190307746,True,State,51,39,100,182377,,,
Victim Race,named_n>=5000,graphsage_geo_blind_mb,graphsage_fairloss_a10_mb,selection_rate,signed_gap,-0.03088789475651532,-0.03343055244407224,-0.028243645579011174,True,State,51,39,100,182377,Black-White,-0.1029455690793667,-0.07205767432285137
Victim Race,named_n>=5000,graphsage_geo_blind_mb,graphsage_fairloss_a10_mb,tpr,signed_gap,-0.027879758824512102,-0.030992006766632448,-0.024488198516242503,True,State,51,39,100,182377,Black-White,-0.08725125351451068,-0.05937149468999858
Victim Race,named_n>=5000,graphsage_geo_blind_mb,graphsage_fairloss_a10_mb,fpr,signed_gap,-0.03846070522953987,-0.04386483167766497,-0.03347003655044032,True,State,51,39,100,182377,Black-White,-0.09078818951497997,-0.052327484285440096
Victim Race,named_n>=5000,graphsage_geo_blind_mb,graphsage_fairloss_a25_mb,selection_rate,gap,0.04316942743845875,0.040356422527708186,0.04572849924283212,True,State,51,39,100,182377,,,
Victim Race,named_n>=5000,graphsage_geo_blind_mb,graphsage_fairloss_a25_mb,selection_rate,amplification,0.6532081533855887,0.5916627752925695,0.7108598793115359,True,State,51,39,100,182377,,,
Victim Race,named_n>=5000,graphsage_geo_blind_mb,graphsage_fairloss_a25_mb,tpr,gap,0.041808184967679796,0.03822371966641843,0.04489606050365638,True,State,51,39,100,182377,,,
Victim Race,named_n>=5000,graphsage_geo_blind_mb,graphsage_fairloss_a25_mb,tpr,amplification,0.6326108294596426,0.5651647770111659,0.6957333831137784,True,State,51,39,100,182377,,,
Victim Race,named_n>=5000,graphsage_geo_blind_mb,graphsage_fairloss_a25_mb,fpr,gap,0.04855404978834771,0.04277062846691085,0.05393763573023249,True,State,51,39,100,182377,,,
Victim Race,named_n>=5000,graphsage_geo_blind_mb,graphsage_fairloss_a25_mb,fpr,amplification,0.7346843144225607,0.6355135590671452,0.8305924968461403,True,State,51,39,100,182377,,,
Victim Race,named_n>=5000,graphsage_geo_blind_mb,graphsage_fairloss_a25_mb,selection_rate,signed_gap,-0.04316942743845875,-0.04572849924283212,-0.04035642252770819,True,State,51,39,100,182377,Black-White,-0.1029455690793667,-0.05977614164090794
Victim Race,named_n>=5000,graphsage_geo_blind_mb,graphsage_fairloss_a25_mb,tpr,signed_gap,-0.041808184967679796,-0.04489606050365638,-0.03822371966641843,True,State,51,39,100,182377,Black-White,-0.08725125351451068,-0.04544306854683089
Victim Race,named_n>=5000,graphsage_geo_blind_mb,graphsage_fairloss_a25_mb,fpr,signed_gap,-0.04855404978834771,-0.05393763573023249,-0.042770628466910855,True,State,51,39,100,182377,Black-White,-0.09078818951497997,-0.04223413972663226
Victim Race,named_n>=5000,graphsage_geo_blind_mb,graphsage_fairloss_a50_mb,selection_rate,gap,0.04203907359513981,0.03925656840036334,0.04485229949601482,True,State,51,39,100,182377,,,
Victim Race,named_n>=5000,graphsage_geo_blind_mb,graphsage_fairloss_a50_mb,selection_rate,amplification,0.6361044670390591,0.5763651911863548,0.7006811804001939,True,State,51,39,100,182377,,,
Victim Race,named_n>=5000,graphsage_geo_blind_mb,graphsage_fairloss_a50_mb,tpr,gap,0.041543029702501344,0.03821279041456943,0.04499573192626466,True,State,51,39,100,182377,,,
Victim Race,named_n>=5000,graphsage_geo_blind_mb,graphsage_fairloss_a50_mb,tpr,amplification,0.6285986942193827,0.5648648030875781,0.7008970203447572,True,State,51,39,100,182377,,,
Victim Race,named_n>=5000,graphsage_geo_blind_mb,graphsage_fairloss_a50_mb,fpr,gap,0.044469591279335086,0.03880023861114333,0.04996232584440432,True,State,51,39,100,182377,,,
Victim Race,named_n>=5000,graphsage_geo_blind_mb,graphsage_fairloss_a50_mb,fpr,amplification,0.6728812802253703,0.5794491522429261,0.776981829111473,True,State,51,39,100,182377,,,
Victim Race,named_n>=5000,graphsage_geo_blind_mb,graphsage_fairloss_a50_mb,selection_rate,signed_gap,-0.04203907359513981,-0.04485229949601482,-0.03925656840036334,True,State,51,39,100,182377,Black-White,-0.1029455690793667,-0.060906495484226886
Victim Race,named_n>=5000,graphsage_geo_blind_mb,graphsage_fairloss_a50_mb,tpr,signed_gap,-0.041543029702501344,-0.04499573192626466,-0.03821279041456943,True,State,51,39,100,182377,Black-White,-0.08725125351451068,-0.04570822381200934
Victim Race,named_n>=5000,graphsage_geo_blind_mb,graphsage_fairloss_a50_mb,fpr,signed_gap,-0.044469591279335086,-0.049962325844404326,-0.03880023861114333,True,State,51,39,100,182377,Black-White,-0.09078818951497997,-0.04631859823564488
Victim Race,named_n>=5000,graphsage_geo_blind_mb,graphsage_fairloss_a100_mb,selection_rate,gap,0.04594042818011013,0.04301154536299682,0.04897454977143539,True,State,51,39,100,182377,,,
Victim Race,named_n>=5000,graphsage_geo_blind_mb,graphsage_fairloss_a100_mb,selection_rate,amplification,0.6951369067855392,0.6325210161729058,0.7627734943019158,True,State,51,39,100,182377,,,
Victim Race,named_n>=5000,graphsage_geo_blind_mb,graphsage_fairloss_a100_mb,tpr,gap,0.04363164570011413,0.039965981925747046,0.04750984897530882,True,State,51,39,100,182377,,,
Victim Race,named_n>=5000,graphsage_geo_blind_mb,graphsage_fairloss_a100_mb,tpr,amplification,0.660202101535293,0.5960126086362462,0.7385511202448498,True,State,51,39,100,182377,,,
Victim Race,named_n>=5000,graphsage_geo_blind_mb,graphsage_fairloss_a100_mb,fpr,gap,0.051825135225139374,0.04591060471811871,0.057934850451064,True,State,51,39,100,182377,,,
Victim Race,named_n>=5000,graphsage_geo_blind_mb,graphsage_fairloss_a100_mb,fpr,amplification,0.7841799831056628,0.686583249240395,0.8890724086789695,True,State,51,39,100,182377,,,
Victim Race,named_n>=5000,graphsage_geo_blind_mb,graphsage_fairloss_a100_mb,selection_rate,signed_gap,-0.04594042818011013,-0.04897454977143539,-0.04301154536299682,True,State,51,39,100,182377,Black-White,-0.1029455690793667,-0.05700514089925657
Victim Race,named_n>=5000,graphsage_geo_blind_mb,graphsage_fairloss_a100_mb,tpr,signed_gap,-0.04363164570011413,-0.04750984897530882,-0.039965981925747046,True,State,51,39,100,182377,Black-White,-0.08725125351451068,-0.043619607814396555
Victim Race,named_n>=5000,graphsage_geo_blind_mb,graphsage_fairloss_a100_mb,fpr,signed_gap,-0.051825135225139374,-0.057934850451064,-0.04591060471811871,True,State,51,39,100,182377,Black-White,-0.09078818951497997,-0.03896305428984059
Victim Race,named_n>=5000,graphsage_geo_blind_mb,graphsage_fairloss_a5_sstate20_mb,selection_rate,gap,0.027590029889665968,0.025460943747871806,0.029829751735926592,True,State,51,39,100,182377,,,
Victim Race,named_n>=5000,graphsage_geo_blind_mb,graphsage_fairloss_a5_sstate20_mb,selection_rate,amplification,0.4174721219495825,0.37784836293034674,0.46269461282801416,True,State,51,39,100,182377,,,
Victim Race,named_n>=5000,graphsage_geo_blind_mb,graphsage_fairloss_a5_sstate20_mb,tpr,gap,0.0258447728412714,0.023296108617930477,0.02841704854626755,True,State,51,39,100,182377,,,
Victim Race,named_n>=5000,graphsage_geo_blind_mb,graphsage_fairloss_a5_sstate20_mb,tpr,amplification,0.39106417073479793,0.34767612506382356,0.44053595250553673,True,State,51,39,100,182377,,,
Victim Race,named_n>=5000,graphsage_geo_blind_mb,graphsage_fairloss_a5_sstate20_mb,fpr,gap,0.03296398535250056,0.028543415269445285,0.037084976175764915,True,State,51,39,100,182377,,,
Victim Race,named_n>=5000,graphsage_geo_blind_mb,graphsage_fairloss_a5_sstate20_mb,fpr,amplification,0.49878687946539146,0.4267738777645546,0.5697517012181949,True,State,51,39,100,182377,,,
Victim Race,named_n>=5000,graphsage_geo_blind_mb,graphsage_fairloss_a5_sstate20_mb,selection_rate,signed_gap,-0.027590029889665968,-0.029829751735926592,-0.025460943747871806,True,State,51,39,100,182377,Black-White,-0.1029455690793667,-0.07535553918970073
Victim Race,named_n>=5000,graphsage_geo_blind_mb,graphsage_fairloss_a5_sstate20_mb,tpr,signed_gap,-0.0258447728412714,-0.02841704854626755,-0.023296108617930477,True,State,51,39,100,182377,Black-White,-0.08725125351451068,-0.06140648067323928
Victim Race,named_n>=5000,graphsage_geo_blind_mb,graphsage_fairloss_a5_sstate20_mb,fpr,signed_gap,-0.03296398535250056,-0.037084976175764915,-0.028543415269445285,True,State,51,39,100,182377,Black-White,-0.09078818951497997,-0.05782420416247941
Victim Race,named_n>=5000,graphsage_geo_blind_mb,graphsage_fairloss_a10_sstate20_mb,selection_rate,gap,0.05025424576396742,0.04790176694634203,0.05266831818822459,True,State,51,39,100,182377,,,
Victim Race,named_n>=5000,graphsage_geo_blind_mb,graphsage_fairloss_a10_sstate20_mb,selection_rate,amplification,0.7604104344924034,0.7026275895277545,0.8248122693364783,True,State,51,39,100,182377,,,
Victim Race,named_n>=5000,graphsage_geo_blind_mb,graphsage_fairloss_a10_sstate20_mb,tpr,gap,0.0475332103923618,0.044570151770395736,0.05046853029437979,True,State,51,39,100,182377,,,
Victim Race,named_n>=5000,graphsage_geo_blind_mb,graphsage_fairloss_a10_sstate20_mb,tpr,amplification,0.7192377204711856,0.6562479654319893,0.7904356456464878,True,State,51,39,100,182377,,,
Victim Race,named_n>=5000,graphsage_geo_blind_mb,graphsage_fairloss_a10_sstate20_mb,fpr,gap,0.058369248776892146,0.05374690448160879,0.06354117055744044,True,State,51,39,100,182377,,,
Victim Race,named_n>=5000,graphsage_geo_blind_mb,graphsage_fairloss_a10_sstate20_mb,fpr,amplification,0.8832007156548701,0.7971511852774227,0.9904145682912086,True,State,51,39,100,182377,,,
Victim Race,named_n>=5000,graphsage_geo_blind_mb,graphsage_fairloss_a10_sstate20_mb,selection_rate,signed_gap,-0.05025424576396742,-0.05266831818822459,-0.04790176694634203,True,State,51,39,100,182377,Black-White,-0.1029455690793667,-0.052691323315399274
Victim Race,named_n>=5000,graphsage_geo_blind_mb,graphsage_fairloss_a10_sstate20_mb,tpr,signed_gap,-0.0475332103923618,-0.05046853029437979,-0.044570151770395736,True,State,51,39,100,182377,Black-White,-0.08725125351451068,-0.03971804312214888
Victim Race,named_n>=5000,graphsage_geo_blind_mb,graphsage_fairloss_a10_sstate20_mb,fpr,signed_gap,-0.058369248776892146,-0.06354117055744044,-0.05374690448160879,True,State,51,39,100,182377,Black-White,-0.09078818951497997,-0.03241894073808782
Victim Race,named_n>=5000,graphsage_geo_blind_mb,graphsage_fairloss_a25_sstate20_mb,selection_rate,gap,0.06296327512578981,0.060486676935108376,0.06549594539058538,True,State,51,39,100,182377,,,
Victim Race,named_n>=5000,graphsage_geo_blind_mb,graphsage_fairloss_a25_sstate20_mb,selection_rate,amplification,0.9527141571348647,0.8857771321939715,1.0320455367386354,True,State,51,39,100,182377,,,
Victim Race,named_n>=5000,graphsage_geo_blind_mb,graphsage_fairloss_a25_sstate20_mb,tpr,gap,0.061846778813716585,0.058780590706947244,0.06485343632671253,True,State,51,39,100,182377,,,
Victim Race,named_n>=5000,graphsage_geo_blind_mb,graphsage_fairloss_a25_sstate20_mb,tpr,amplification,0.9358201528001802,0.8625155494217329,1.0229196389698236,True,State,51,39,100,182377,,,
Victim Race,named_n>=5000,graphsage_geo_blind_mb,graphsage_fairloss_a25_sstate20_mb,fpr,gap,0.06604590740158667,0.06068522725241251,0.07126945289889221,True,State,51,39,100,182377,,,
Victim Race,named_n>=5000,graphsage_geo_blind_mb,graphsage_fairloss_a25_sstate20_mb,fpr,amplification,0.9993582906321326,0.8962103467411916,1.1069448354413662,True,State,51,39,100,182377,,,
Victim Race,named_n>=5000,graphsage_geo_blind_mb,graphsage_fairloss_a25_sstate20_mb,selection_rate,signed_gap,-0.06296327512578981,-0.06549594539058538,-0.060486676935108376,True,State,51,39,100,182377,Black-White,-0.1029455690793667,-0.039982293953576886
Victim Race,named_n>=5000,graphsage_geo_blind_mb,graphsage_fairloss_a25_sstate20_mb,tpr,signed_gap,-0.061846778813716585,-0.06485343632671253,-0.058780590706947244,True,State,51,39,100,182377,Black-White,-0.08725125351451068,-0.0254044747007941
Victim Race,named_n>=5000,graphsage_geo_blind_mb,graphsage_fairloss_a25_sstate20_mb,fpr,signed_gap,-0.06604590740158667,-0.07126945289889221,-0.06068522725241251,True,State,51,39,100,182377,Black-White,-0.09078818951497997,-0.0247422821133933
Victim Race,named_n>=5000,graphsage_geo_blind_mb,graphsage_fairloss_a50_sstate20_mb,selection_rate,gap,0.07644327321522526,0.07363535038704488,0.07926091818548872,True,State,51,39,100,182377,,,
Victim Race,named_n>=5000,graphsage_geo_blind_mb,graphsage_fairloss_a50_sstate20_mb,selection_rate,amplification,1.1566836138109795,1.0802617397489171,1.2485971407221659,True,State,51,39,100,182377,,,
Victim Race,named_n>=5000,graphsage_geo_blind_mb,graphsage_fairloss_a50_sstate20_mb,tpr,gap,0.07498701956252452,0.07129284602479259,0.07860966095847959,True,State,51,39,100,182377,,,
Victim Race,named_n>=5000,graphsage_geo_blind_mb,graphsage_fairloss_a50_sstate20_mb,tpr,amplification,1.1346486502781012,1.0495766812915939,1.2326372856215562,True,State,51,39,100,182377,,,
Victim Race,named_n>=5000,graphsage_geo_blind_mb,graphsage_fairloss_a50_sstate20_mb,fpr,gap,0.07881089237939559,0.07271380787401518,0.08422345513536514,True,State,51,39,100,182377,,,
Victim Race,named_n>=5000,graphsage_geo_blind_mb,graphsage_fairloss_a50_sstate20_mb,fpr,amplification,1.1925086926669073,1.0828615142471762,1.3112485685100965,True,State,51,39,100,182377,,,
Victim Race,named_n>=5000,graphsage_geo_blind_mb,graphsage_fairloss_a50_sstate20_mb,selection_rate,signed_gap,-0.07644327321522526,-0.07926091818548872,-0.07363535038704488,True,State,51,39,100,182377,Black-White,-0.1029455690793667,-0.026502295864141434
Victim Race,named_n>=5000,graphsage_geo_blind_mb,graphsage_fairloss_a50_sstate20_mb,tpr,signed_gap,-0.07498701956252452,-0.07860966095847959,-0.07129284602479259,True,State,51,39,100,182377,Black-White,-0.08725125351451068,-0.01226423395198617
Victim Race,named_n>=5000,graphsage_geo_blind_mb,graphsage_fairloss_a50_sstate20_mb,fpr,signed_gap,-0.07881089237939559,-0.08422345513536514,-0.07271380787401518,True,State,51,39,100,182377,Black-White,-0.09078818951497997,-0.011977297135584375
Victim Race,named_n>=5000,graphsage_geo_blind_mb,graphsage_fairloss_a100_sstate20_mb,selection_rate,gap,0.09244957089291839,0.08961260915337889,0.09560651201228443,True,State,51,39,100,182377,,,
Victim Race,named_n>=5000,graphsage_geo_blind_mb,graphsage_fairloss_a100_sstate20_mb,selection_rate,amplification,1.3988791852831977,1.304893502231816,1.5180782338168428,True,State,51,39,100,182377,,,
Victim Race,named_n>=5000,graphsage_geo_blind_mb,graphsage_fairloss_a100_sstate20_mb,tpr,gap,0.08509580681005158,0.07665366960846239,0.09094453290750044,True,State,51,39,100,182377,,,
Victim Race,named_n>=5000,graphsage_geo_blind_mb,graphsage_fairloss_a100_sstate20_mb,tpr,amplification,1.2876074139850837,1.138370030355414,1.4323365398297196,True,State,51,39,100,182377,,,
Victim Race,named_n>=5000,graphsage_geo_blind_mb,graphsage_fairloss_a100_sstate20_mb,fpr,gap,0.08712215904841358,0.07283408816160641,0.09745311050478295,True,State,51,39,100,182377,,,
Victim Race,named_n>=5000,graphsage_geo_blind_mb,graphsage_fairloss_a100_sstate20_mb,fpr,amplification,1.3182686917056683,1.0919676106382392,1.4983139638939773,True,State,51,39,100,182377,,,
Victim Race,named_n>=5000,graphsage_geo_blind_mb,graphsage_fairloss_a100_sstate20_mb,selection_rate,signed_gap,-0.09244957089291839,-0.09560651201228443,-0.08961260915337889,True,State,51,39,100,182377,Black-White,-0.1029455690793667,-0.010495998186448308
Victim Race,named_n>=5000,graphsage_geo_blind_mb,graphsage_fairloss_a100_sstate20_mb,tpr,signed_gap,-0.08940670021896979,-0.0933533687634122,-0.08608506730577715,True,State,51,39,100,182377,Black-White,-0.08725125351451068,0.0021554467044591075
Victim Race,named_n>=5000,graphsage_geo_blind_mb,graphsage_fairloss_a100_sstate20_mb,fpr,signed_gap,-0.09445421998154635,-0.10065216845465927,-0.088537559156768,True,State,51,39,100,182377,Black-White,-0.09078818951497997,0.0036660304665663834
Victim Race,named_n>=5000,graphsage_fairloss_a0_mb,graphsage_fairloss_a10_mb,selection_rate,gap,0.03665248439997171,0.03406807275668596,0.03902394276777348,True,State,51,39,100,182377,,,
Victim Race,named_n>=5000,graphsage_fairloss_a0_mb,graphsage_fairloss_a10_mb,selection_rate,amplification,0.5545985451400834,0.5027311946832175,0.6089762036725282,True,State,51,39,100,182377,,,
Victim Race,named_n>=5000,graphsage_fairloss_a0_mb,graphsage_fairloss_a10_mb,tpr,gap,0.03377727660678975,0.030650768017772122,0.03684312951081775,True,State,51,39,100,182377,,,
Victim Race,named_n>=5000,graphsage_fairloss_a0_mb,graphsage_fairloss_a10_mb,tpr,amplification,0.5110930069704694,0.4541338839350774,0.5741011070579838,True,State,51,39,100,182377,,,
Victim Race,named_n>=5000,graphsage_fairloss_a0_mb,graphsage_fairloss_a10_mb,fpr,gap,0.04539091083522401,0.03998747704151012,0.05047908076067261,True,State,51,39,100,182377,,,
Victim Race,named_n>=5000,graphsage_fairloss_a0_mb,graphsage_fairloss_a10_mb,fpr,amplification,0.6868220128570032,0.588945970927653,0.7837695640282163,True,State,51,39,100,182377,,,
Victim Race,named_n>=5000,graphsage_fairloss_a0_mb,graphsage_fairloss_a10_mb,selection_rate,signed_gap,-0.03665248439997171,-0.03902394276777348,-0.03406807275668596,True,State,51,39,100,182377,Black-White,-0.10871015872282308,-0.07205767432285137
Victim Race,named_n>=5000,graphsage_fairloss_a0_mb,graphsage_fairloss_a10_mb,tpr,signed_gap,-0.03377727660678975,-0.03684312951081775,-0.030650768017772122,True,State,51,39,100,182377,Black-White,-0.09314877129678834,-0.05937149468999858
Victim Race,named_n>=5000,graphsage_fairloss_a0_mb,graphsage_fairloss_a10_mb,fpr,signed_gap,-0.04539091083522401,-0.05047908076067261,-0.03998747704151013,True,State,51,39,100,182377,Black-White,-0.0977183951206641,-0.052327484285440096
Victim Race,named_n>=5000,graphsage_fairloss_a0_mb,graphsage_fairloss_a25_mb,selection_rate,gap,0.04893401708191514,0.04622555291013429,0.051823328980904575,True,State,51,39,100,182377,,,
Victim Race,named_n>=5000,graphsage_fairloss_a0_mb,graphsage_fairloss_a25_mb,selection_rate,amplification,0.7404337011739119,0.6760881005846682,0.8078403525952204,True,State,51,39,100,182377,,,
Victim Race,named_n>=5000,graphsage_fairloss_a0_mb,graphsage_fairloss_a25_mb,tpr,gap,0.047705702749957446,0.04425764282723376,0.05105599214392752,True,State,51,39,100,182377,,,
Victim Race,named_n>=5000,graphsage_fairloss_a0_mb,graphsage_fairloss_a25_mb,tpr,amplification,0.721847748471645,0.6542822182759414,0.795171862135674,True,State,51,39,100,182377,,,
Victim Race,named_n>=5000,graphsage_fairloss_a0_mb,graphsage_fairloss_a25_mb,fpr,gap,0.055484255394031845,0.04980124346443859,0.06111078030472097,True,State,51,39,100,182377,,,
Victim Race,named_n>=5000,graphsage_fairloss_a0_mb,graphsage_fairloss_a25_mb,fpr,amplification,0.8395471091104164,0.7339997799634688,0.9453116631433248,True,State,51,39,100,182377,,,
Victim Race,named_n>=5000,graphsage_fairloss_a0_mb,graphsage_fairloss_a25_mb,selection_rate,signed_gap,-0.04893401708191514,-0.051823328980904575,-0.04622555291013429,True,State,51,39,100,182377,Black-White,-0.10871015872282308,-0.05977614164090794
Victim Race,named_n>=5000,graphsage_fairloss_a0_mb,graphsage_fairloss_a25_mb,tpr,signed_gap,-0.047705702749957446,-0.05105599214392752,-0.04425764282723376,True,State,51,39,100,182377,Black-White,-0.09314877129678834,-0.04544306854683089
Victim Race,named_n>=5000,graphsage_fairloss_a0_mb,graphsage_fairloss_a25_mb,fpr,signed_gap,-0.055484255394031845,-0.061110780304720974,-0.04980124346443859,True,State,51,39,100,182377,Black-White,-0.0977183951206641,-0.04223413972663226
Victim Race,named_n>=5000,graphsage_fairloss_a0_mb,graphsage_fairloss_a50_mb,selection_rate,gap,0.047803663238596195,0.04494490175484073,0.050423047475737934,True,State,51,39,100,182377,,,
Victim Race,named_n>=5000,graphsage_fairloss_a0_mb,graphsage_fairloss_a50_mb,selection_rate,amplification,0.7233300148273824,0.664567917131511,0.7924549471313173,True,State,51,39,100,182377,,,
Victim Race,named_n>=5000,graphsage_fairloss_a0_mb,graphsage_fairloss_a50_mb,tpr,gap,0.047440547484778994,0.04413372471513738,0.05053902447633535,True,State,51,39,100,182377,,,
Victim Race,named_n>=5000,graphsage_fairloss_a0_mb,graphsage_fairloss_a50_mb,tpr,amplification,0.7178356132313851,0.6503194860814636,0.7912732223393095,True,State,51,39,100,182377,,,
Victim Race,named_n>=5000,graphsage_fairloss_a0_mb,graphsage_fairloss_a50_mb,fpr,gap,0.05139979688501922,0.04569393121429099,0.05675352380561448,True,State,51,39,100,182377,,,
Victim Race,named_n>=5000,graphsage_fairloss_a0_mb,graphsage_fairloss_a50_mb,fpr,amplification,0.7777440749132261,0.6806652323574918,0.8775032109786842,True,State,51,39,100,182377,,,
Victim Race,named_n>=5000,graphsage_fairloss_a0_mb,graphsage_fairloss_a50_mb,selection_rate,signed_gap,-0.047803663238596195,-0.050423047475737934,-0.04494490175484073,True,State,51,39,100,182377,Black-White,-0.10871015872282308,-0.060906495484226886
Victim Race,named_n>=5000,graphsage_fairloss_a0_mb,graphsage_fairloss_a50_mb,tpr,signed_gap,-0.047440547484778994,-0.05053902447633535,-0.04413372471513738,True,State,51,39,100,182377,Black-White,-0.09314877129678834,-0.04570822381200934
Victim Race,named_n>=5000,graphsage_fairloss_a0_mb,graphsage_fairloss_a50_mb,fpr,signed_gap,-0.05139979688501922,-0.05675352380561448,-0.04569393121429099,True,State,51,39,100,182377,Black-White,-0.0977183951206641,-0.04631859823564488
Victim Race,named_n>=5000,graphsage_fairloss_a0_mb,graphsage_fairloss_a100_mb,selection_rate,gap,0.05170501782356651,0.04878778756683834,0.05468398572652242,True,State,51,39,100,182377,,,
Victim Race,named_n>=5000,graphsage_fairloss_a0_mb,graphsage_fairloss_a100_mb,selection_rate,amplification,0.7823624545738624,0.7146258725218108,0.8592896385485306,True,State,51,39,100,182377,,,
Victim Race,named_n>=5000,graphsage_fairloss_a0_mb,graphsage_fairloss_a100_mb,tpr,gap,0.04952916348239178,0.04587264510235045,0.053245993972187454,True,State,51,39,100,182377,,,
Victim Race,named_n>=5000,graphsage_fairloss_a0_mb,graphsage_fairloss_a100_mb,tpr,amplification,0.7494390205472954,0.6742898505218431,0.8380575533142051,True,State,51,39,100,182377,,,
Victim Race,named_n>=5000,graphsage_fairloss_a0_mb,graphsage_fairloss_a100_mb,fpr,gap,0.05875534083082351,0.052480817797589736,0.0651405881104967,True,State,51,39,100,182377,,,
Victim Race,named_n>=5000,graphsage_fairloss_a0_mb,graphsage_fairloss_a100_mb,fpr,amplification,0.8890427777935186,0.77596846068829,1.0116924724764542,True,State,51,39,100,182377,,,
Victim Race,named_n>=5000,graphsage_fairloss_a0_mb,graphsage_fairloss_a100_mb,selection_rate,signed_gap,-0.05170501782356651,-0.05468398572652242,-0.04878778756683834,True,State,51,39,100,182377,Black-White,-0.10871015872282308,-0.05700514089925657
Victim Race,named_n>=5000,graphsage_fairloss_a0_mb,graphsage_fairloss_a100_mb,tpr,signed_gap,-0.04952916348239178,-0.05324599397218746,-0.04587264510235045,True,State,51,39,100,182377,Black-White,-0.09314877129678834,-0.043619607814396555
Victim Race,named_n>=5000,graphsage_fairloss_a0_mb,graphsage_fairloss_a100_mb,fpr,signed_gap,-0.05875534083082351,-0.06514058811049671,-0.05248081779758974,True,State,51,39,100,182377,Black-White,-0.0977183951206641,-0.03896305428984059
Victim Race,named_n>=5000,graphsage_fairloss_a0_mb,graphsage_fairloss_a5_sstate20_mb,selection_rate,gap,0.033354619533122354,0.03090937804028624,0.0357695002795396,True,State,51,39,100,182377,,,
Victim Race,named_n>=5000,graphsage_fairloss_a0_mb,graphsage_fairloss_a5_sstate20_mb,selection_rate,amplification,0.5046976697379058,0.46130382690286176,0.5549319614617867,True,State,51,39,100,182377,,,
Victim Race,named_n>=5000,graphsage_fairloss_a0_mb,graphsage_fairloss_a5_sstate20_mb,tpr,gap,0.03174229062354905,0.028999563431690113,0.0344829331063376,True,State,51,39,100,182377,,,
Victim Race,named_n>=5000,graphsage_fairloss_a0_mb,graphsage_fairloss_a5_sstate20_mb,tpr,amplification,0.4803010897468003,0.4317370884277709,0.5366176484483445,True,State,51,39,100,182377,,,
Victim Race,named_n>=5000,graphsage_fairloss_a0_mb,graphsage_fairloss_a5_sstate20_mb,fpr,gap,0.039894190958184694,0.035384066992158236,0.04479512757005925,True,State,51,39,100,182377,,,
Victim Race,named_n>=5000,graphsage_fairloss_a0_mb,graphsage_fairloss_a5_sstate20_mb,fpr,amplification,0.6036496741532472,0.5282536045707938,0.6935530886980297,True,State,51,39,100,182377,,,
Victim Race,named_n>=5000,graphsage_fairloss_a0_mb,graphsage_fairloss_a5_sstate20_mb,selection_rate,signed_gap,-0.033354619533122354,-0.0357695002795396,-0.030909378040286244,True,State,51,39,100,182377,Black-White,-0.10871015872282308,-0.07535553918970073
Victim Race,named_n>=5000,graphsage_fairloss_a0_mb,graphsage_fairloss_a5_sstate20_mb,tpr,signed_gap,-0.03174229062354905,-0.0344829331063376,-0.028999563431690117,True,State,51,39,100,182377,Black-White,-0.09314877129678834,-0.06140648067323928
Victim Race,named_n>=5000,graphsage_fairloss_a0_mb,graphsage_fairloss_a5_sstate20_mb,fpr,signed_gap,-0.039894190958184694,-0.044795127570059254,-0.035384066992158236,True,State,51,39,100,182377,Black-White,-0.0977183951206641,-0.05782420416247941
Victim Race,named_n>=5000,graphsage_fairloss_a0_mb,graphsage_fairloss_a10_sstate20_mb,selection_rate,gap,0.056018835407423806,0.053448347246504394,0.05862683883111369,True,State,51,39,100,182377,,,
Victim Race,named_n>=5000,graphsage_fairloss_a0_mb,graphsage_fairloss_a10_sstate20_mb,selection_rate,amplification,0.8476359822807267,0.7858033979954314,0.9185764711891535,True,State,51,39,100,182377,,,
Victim Race,named_n>=5000,graphsage_fairloss_a0_mb,graphsage_fairloss_a10_sstate20_mb,tpr,gap,0.05343072817463945,0.05036118767901449,0.05641533930813195,True,State,51,39,100,182377,,,
Victim Race,named_n>=5000,graphsage_fairloss_a0_mb,graphsage_fairloss_a10_sstate20_mb,tpr,amplification,0.808474639483188,0.7425827456807074,0.8832143864650247,True,State,51,39,100,182377,,,
Victim Race,named_n>=5000,graphsage_fairloss_a0_mb,graphsage_fairloss_a10_sstate20_mb,fpr,gap,0.06529945438257628,0.05983059803656687,0.07066424683582755,True,State,51,39,100,182377,,,
Victim Race,named_n>=5000,graphsage_fairloss_a0_mb,graphsage_fairloss_a10_sstate20_mb,fpr,amplification,0.9880635103427259,0.8907290000976437,1.089745182752416,True,State,51,39,100,182377,,,
Victim Race,named_n>=5000,graphsage_fairloss_a0_mb,graphsage_fairloss_a10_sstate20_mb,selection_rate,signed_gap,-0.056018835407423806,-0.05862683883111369,-0.053448347246504394,True,State,51,39,100,182377,Black-White,-0.10871015872282308,-0.052691323315399274
Victim Race,named_n>=5000,graphsage_fairloss_a0_mb,graphsage_fairloss_a10_sstate20_mb,tpr,signed_gap,-0.05343072817463945,-0.05641533930813195,-0.05036118767901449,True,State,51,39,100,182377,Black-White,-0.09314877129678834,-0.03971804312214888
Victim Race,named_n>=5000,graphsage_fairloss_a0_mb,graphsage_fairloss_a10_sstate20_mb,fpr,signed_gap,-0.06529945438257628,-0.07066424683582755,-0.05983059803656687,True,State,51,39,100,182377,Black-White,-0.0977183951206641,-0.03241894073808782
Victim Race,named_n>=5000,graphsage_fairloss_a0_mb,graphsage_fairloss_a25_sstate20_mb,selection_rate,gap,0.0687278647692462,0.06585287269629704,0.07149769047794154,True,State,51,39,100,182377,,,
Victim Race,named_n>=5000,graphsage_fairloss_a0_mb,graphsage_fairloss_a25_sstate20_mb,selection_rate,amplification,1.039939704923188,0.9564889965130492,1.125848771901211,True,State,51,39,100,182377,,,
Victim Race,named_n>=5000,graphsage_fairloss_a0_mb,graphsage_fairloss_a25_sstate20_mb,tpr,gap,0.06774429659599424,0.06447119790820376,0.07105064474149006,True,State,51,39,100,182377,,,
Victim Race,named_n>=5000,graphsage_fairloss_a0_mb,graphsage_fairloss_a25_sstate20_mb,tpr,amplification,1.0250570718121825,0.9368351886745403,1.116578317274596,True,State,51,39,100,182377,,,
Victim Race,named_n>=5000,graphsage_fairloss_a0_mb,graphsage_fairloss_a25_sstate20_mb,fpr,gap,0.0729761130072708,0.06780612532764028,0.07865937017935619,True,State,51,39,100,182377,,,
Victim Race,named_n>=5000,graphsage_fairloss_a0_mb,graphsage_fairloss_a25_sstate20_mb,fpr,amplification,1.1042210853199883,0.9955615110561925,1.2185409430324525,True,State,51,39,100,182377,,,
Victim Race,named_n>=5000,graphsage_fairloss_a0_mb,graphsage_fairloss_a25_sstate20_mb,selection_rate,signed_gap,-0.0687278647692462,-0.07149769047794154,-0.06585287269629704,True,State,51,39,100,182377,Black-White,-0.10871015872282308,-0.039982293953576886
Victim Race,named_n>=5000,graphsage_fairloss_a0_mb,graphsage_fairloss_a25_sstate20_mb,tpr,signed_gap,-0.06774429659599424,-0.07105064474149006,-0.06447119790820376,True,State,51,39,100,182377,Black-White,-0.09314877129678834,-0.0254044747007941
Victim Race,named_n>=5000,graphsage_fairloss_a0_mb,graphsage_fairloss_a25_sstate20_mb,fpr,signed_gap,-0.0729761130072708,-0.07865937017935619,-0.06780612532764028,True,State,51,39,100,182377,Black-White,-0.0977183951206641,-0.0247422821133933
Victim Race,named_n>=5000,graphsage_fairloss_a0_mb,graphsage_fairloss_a50_sstate20_mb,selection_rate,gap,0.08220786285868165,0.07945453935448604,0.08507975138643914,True,State,51,39,100,182377,,,
Victim Race,named_n>=5000,graphsage_fairloss_a0_mb,graphsage_fairloss_a50_sstate20_mb,selection_rate,amplification,1.2439091615993028,1.1594592326615567,1.3515363091680583,True,State,51,39,100,182377,,,
Victim Race,named_n>=5000,graphsage_fairloss_a0_mb,graphsage_fairloss_a50_sstate20_mb,tpr,gap,0.08088453734480217,0.07741760316150219,0.08470286089633779,True,State,51,39,100,182377,,,
Victim Race,named_n>=5000,graphsage_fairloss_a0_mb,graphsage_fairloss_a50_sstate20_mb,tpr,amplification,1.2238855692901036,1.130625086934765,1.337134958211374,True,State,51,39,100,182377,,,
Victim Race,named_n>=5000,graphsage_fairloss_a0_mb,graphsage_fairloss_a50_sstate20_mb,fpr,gap,0.08574109798507973,0.08010090608235947,0.0918270021558425,True,State,51,39,100,182377,,,
Victim Race,named_n>=5000,graphsage_fairloss_a0_mb,graphsage_fairloss_a50_sstate20_mb,fpr,amplification,1.297371487354763,1.1853127047343772,1.4365015597505177,True,State,51,39,100,182377,,,
Victim Race,named_n>=5000,graphsage_fairloss_a0_mb,graphsage_fairloss_a50_sstate20_mb,selection_rate,signed_gap,-0.08220786285868165,-0.08507975138643914,-0.07945453935448604,True,State,51,39,100,182377,Black-White,-0.10871015872282308,-0.026502295864141434
Victim Race,named_n>=5000,graphsage_fairloss_a0_mb,graphsage_fairloss_a50_sstate20_mb,tpr,signed_gap,-0.08088453734480217,-0.08470286089633779,-0.07741760316150219,True,State,51,39,100,182377,Black-White,-0.09314877129678834,-0.01226423395198617
Victim Race,named_n>=5000,graphsage_fairloss_a0_mb,graphsage_fairloss_a50_sstate20_mb,fpr,signed_gap,-0.08574109798507973,-0.0918270021558425,-0.08010090608235947,True,State,51,39,100,182377,Black-White,-0.0977183951206641,-0.011977297135584375
Victim Race,named_n>=5000,graphsage_fairloss_a0_mb,graphsage_fairloss_a100_sstate20_mb,selection_rate,gap,0.09821416053637477,0.09518030338787092,0.10139335673052399,True,State,51,39,100,182377,,,
Victim Race,named_n>=5000,graphsage_fairloss_a0_mb,graphsage_fairloss_a100_sstate20_mb,selection_rate,amplification,1.486104733071521,1.3818062051718052,1.5999808757227805,True,State,51,39,100,182377,,,
Victim Race,named_n>=5000,graphsage_fairloss_a0_mb,graphsage_fairloss_a100_sstate20_mb,tpr,gap,0.09099332459232923,0.08144891121944646,0.09670213720878418,True,State,51,39,100,182377,,,
Victim Race,named_n>=5000,graphsage_fairloss_a0_mb,graphsage_fairloss_a100_sstate20_mb,tpr,amplification,1.376844332997086,1.2177239911411508,1.5124916815375784,True,State,51,39,100,182377,,,
Victim Race,named_n>=5000,graphsage_fairloss_a0_mb,graphsage_fairloss_a100_sstate20_mb,fpr,gap,0.09405236465409772,0.07826796511009494,0.10363359611818826,True,State,51,39,100,182377,,,
Victim Race,named_n>=5000,graphsage_fairloss_a0_mb,graphsage_fairloss_a100_sstate20_mb,fpr,amplification,1.423131486393524,1.165574833254077,1.6097575367781496,True,State,51,39,100,182377,,,
Victim Race,named_n>=5000,graphsage_fairloss_a0_mb,graphsage_fairloss_a100_sstate20_mb,selection_rate,signed_gap,-0.09821416053637477,-0.10139335673052399,-0.09518030338787092,True,State,51,39,100,182377,Black-White,-0.10871015872282308,-0.010495998186448308
Victim Race,named_n>=5000,graphsage_fairloss_a0_mb,graphsage_fairloss_a100_sstate20_mb,tpr,signed_gap,-0.09530421800124744,-0.09900388142164637,-0.09168852970197298,True,State,51,39,100,182377,Black-White,-0.09314877129678834,0.0021554467044591075
Victim Race,named_n>=5000,graphsage_fairloss_a0_mb,graphsage_fairloss_a100_sstate20_mb,fpr,signed_gap,-0.10138442558723049,-0.10746632937486868,-0.0948346094159398,True,State,51,39,100,182377,Black-White,-0.0977183951206641,0.0036660304665663834
Victim Race,named_n>=5000,graphsage_fairloss_a10_mb,graphsage_fairloss_a25_mb,selection_rate,gap,0.01228153268194343,0.010383081200445104,0.014195514010448804,True,State,51,39,100,182377,,,
Victim Race,named_n>=5000,graphsage_fairloss_a10_mb,graphsage_fairloss_a25_mb,selection_rate,amplification,0.1858351560338285,0.15501654711428492,0.21835631216652004,True,State,51,39,100,182377,,,
Victim Race,named_n>=5000,graphsage_fairloss_a10_mb,graphsage_fairloss_a25_mb,tpr,gap,0.013928426143167694,0.011533839121881906,0.016156182529180874,True,State,51,39,100,182377,,,
Victim Race,named_n>=5000,graphsage_fairloss_a10_mb,graphsage_fairloss_a25_mb,tpr,amplification,0.21075474150117557,0.17275231091676035,0.25165057294261517,True,State,51,39,100,182377,,,
Victim Race,named_n>=5000,graphsage_fairloss_a10_mb,graphsage_fairloss_a25_mb,fpr,gap,0.010093344558807837,0.005580738368208674,0.014443642405784766,True,State,51,39,100,182377,,,
Victim Race,named_n>=5000,graphsage_fairloss_a10_mb,graphsage_fairloss_a25_mb,fpr,amplification,0.15272509625341324,0.08532148384045164,0.21751825834544714,True,State,51,39,100,182377,,,
Victim Race,named_n>=5000,graphsage_fairloss_a10_mb,graphsage_fairloss_a25_mb,selection_rate,signed_gap,-0.01228153268194343,-0.014195514010448804,-0.010383081200445106,True,State,51,39,100,182377,Black-White,-0.07205767432285137,-0.05977614164090794
Victim Race,named_n>=5000,graphsage_fairloss_a10_mb,graphsage_fairloss_a25_mb,tpr,signed_gap,-0.013928426143167694,-0.016156182529180878,-0.011533839121881906,True,State,51,39,100,182377,Black-White,-0.05937149468999858,-0.04544306854683089
Victim Race,named_n>=5000,graphsage_fairloss_a10_mb,graphsage_fairloss_a25_mb,fpr,signed_gap,-0.010093344558807837,-0.014443642405784766,-0.005580738368208675,True,State,51,39,100,182377,Black-White,-0.052327484285440096,-0.04223413972663226
Victim Race,named_n>=5000,graphsage_fairloss_a10_mb,graphsage_fairloss_a50_mb,selection_rate,gap,0.011151178838624487,0.009145092884231909,0.013156436960137552,True,State,51,39,100,182377,,,
Victim Race,named_n>=5000,graphsage_fairloss_a10_mb,graphsage_fairloss_a50_mb,selection_rate,amplification,0.1687314696872989,0.13825098605268626,0.20405735876740722,True,State,51,39,100,182377,,,
Victim Race,named_n>=5000,graphsage_fairloss_a10_mb,graphsage_fairloss_a50_mb,tpr,gap,0.013663270877989242,0.011399462429662138,0.016020995803805473,True,State,51,39,100,182377,,,
Victim Race,named_n>=5000,graphsage_fairloss_a10_mb,graphsage_fairloss_a50_mb,tpr,amplification,0.20674260626091567,0.1707363571880252,0.24790284920659544,True,State,51,39,100,182377,,,
Victim Race,named_n>=5000,graphsage_fairloss_a10_mb,graphsage_fairloss_a50_mb,fpr,gap,0.006008886049795215,0.0019718005755656244,0.010068539317014253,True,State,51,39,100,182377,,,
Victim Race,named_n>=5000,graphsage_fairloss_a10_mb,graphsage_fairloss_a50_mb,fpr,amplification,0.09092206205622289,0.029567661690587638,0.15352979331602476,True,State,51,39,100,182377,,,
Victim Race,named_n>=5000,graphsage_fairloss_a10_mb,graphsage_fairloss_a50_mb,selection_rate,signed_gap,-0.011151178838624487,-0.013156436960137552,-0.00914509288423191,True,State,51,39,100,182377,Black-White,-0.07205767432285137,-0.060906495484226886
Victim Race,named_n>=5000,graphsage_fairloss_a10_mb,graphsage_fairloss_a50_mb,tpr,signed_gap,-0.013663270877989242,-0.016020995803805473,-0.011399462429662138,True,State,51,39,100,182377,Black-White,-0.05937149468999858,-0.04570822381200934
Victim Race,named_n>=5000,graphsage_fairloss_a10_mb,graphsage_fairloss_a50_mb,fpr,signed_gap,-0.006008886049795215,-0.010068539317014253,-0.001971800575565625,True,State,51,39,100,182377,Black-White,-0.052327484285440096,-0.04631859823564488
Victim Race,named_n>=5000,graphsage_fairloss_a10_mb,graphsage_fairloss_a100_mb,selection_rate,gap,0.015052533423594805,0.012753652418438732,0.017277253157519826,True,State,51,39,100,182377,,,
Victim Race,named_n>=5000,graphsage_fairloss_a10_mb,graphsage_fairloss_a100_mb,selection_rate,amplification,0.227763909433779,0.19164654875549397,0.26627431961041964,True,State,51,39,100,182377,,,
Victim Race,named_n>=5000,graphsage_fairloss_a10_mb,graphsage_fairloss_a100_mb,tpr,gap,0.015751886875602028,0.012809020112910413,0.018569547900330805,True,State,51,39,100,182377,,,
Victim Race,named_n>=5000,graphsage_fairloss_a10_mb,graphsage_fairloss_a100_mb,tpr,amplification,0.23834601357682594,0.1906301793411069,0.28607440268585327,True,State,51,39,100,182377,,,
Victim Race,named_n>=5000,graphsage_fairloss_a10_mb,graphsage_fairloss_a100_mb,fpr,gap,0.013364429995599503,0.008839875091888404,0.017784641410489008,True,State,51,39,100,182377,,,
Victim Race,named_n>=5000,graphsage_fairloss_a10_mb,graphsage_fairloss_a100_mb,fpr,amplification,0.20222076493651542,0.1359640194427838,0.2728030079396839,True,State,51,39,100,182377,,,
Victim Race,named_n>=5000,graphsage_fairloss_a10_mb,graphsage_fairloss_a100_mb,selection_rate,signed_gap,-0.015052533423594805,-0.017277253157519826,-0.012753652418438732,True,State,51,39,100,182377,Black-White,-0.07205767432285137,-0.05700514089925657
Victim Race,named_n>=5000,graphsage_fairloss_a10_mb,graphsage_fairloss_a100_mb,tpr,signed_gap,-0.015751886875602028,-0.018569547900330805,-0.012809020112910418,True,State,51,39,100,182377,Black-White,-0.05937149468999858,-0.043619607814396555
Victim Race,named_n>=5000,graphsage_fairloss_a10_mb,graphsage_fairloss_a100_mb,fpr,signed_gap,-0.013364429995599503,-0.017784641410489008,-0.008839875091888404,True,State,51,39,100,182377,Black-White,-0.052327484285440096,-0.03896305428984059
Victim Race,named_n>=5000,graphsage_fairloss_a10_mb,graphsage_fairloss_a5_sstate20_mb,selection_rate,gap,-0.0032978648668493538,-0.005505520188094038,-0.0008865219015015996,True,State,51,39,100,182377,,,
Victim Race,named_n>=5000,graphsage_fairloss_a10_mb,graphsage_fairloss_a5_sstate20_mb,selection_rate,amplification,-0.04990087540217769,-0.08255012244434828,-0.013631348579331298,True,State,51,39,100,182377,,,
Victim Race,named_n>=5000,graphsage_fairloss_a10_mb,graphsage_fairloss_a5_sstate20_mb,tpr,gap,-0.0020349859832407002,-0.004707312668103892,0.0007558217272950251,False,State,51,39,100,182377,,,
Victim Race,named_n>=5000,graphsage_fairloss_a10_mb,graphsage_fairloss_a5_sstate20_mb,tpr,amplification,-0.03079191722366914,-0.07291513437019846,0.011185395523959805,False,State,51,39,100,182377,,,
Victim Race,named_n>=5000,graphsage_fairloss_a10_mb,graphsage_fairloss_a5_sstate20_mb,fpr,gap,-0.005496719877039313,-0.01039860380350548,-0.0004126790515117323,True,State,51,39,100,182377,,,
Victim Race,named_n>=5000,graphsage_fairloss_a10_mb,graphsage_fairloss_a5_sstate20_mb,fpr,amplification,-0.08317233870375595,-0.15821966169476515,-0.00596099539225054,True,State,51,39,100,182377,,,
Victim Race,named_n>=5000,graphsage_fairloss_a10_mb,graphsage_fairloss_a5_sstate20_mb,selection_rate,signed_gap,0.0032978648668493538,0.0008865219015015996,0.005505520188094038,True,State,51,39,100,182377,Black-White,-0.07205767432285137,-0.07535553918970073
Victim Race,named_n>=5000,graphsage_fairloss_a10_mb,graphsage_fairloss_a5_sstate20_mb,tpr,signed_gap,0.0020349859832407002,-0.0007558217272950251,0.004707312668103891,False,State,51,39,100,182377,Black-White,-0.05937149468999858,-0.06140648067323928
Victim Race,named_n>=5000,graphsage_fairloss_a10_mb,graphsage_fairloss_a5_sstate20_mb,fpr,signed_gap,0.005496719877039313,0.00041267905151173156,0.010398603803505478,True,State,51,39,100,182377,Black-White,-0.052327484285440096,-0.05782420416247941
Victim Race,named_n>=5000,graphsage_fairloss_a10_mb,graphsage_fairloss_a10_sstate20_mb,selection_rate,gap,0.0193663510074521,0.016755856644931576,0.02194214640685901,True,State,51,39,100,182377,,,
Victim Race,named_n>=5000,graphsage_fairloss_a10_mb,graphsage_fairloss_a10_sstate20_mb,selection_rate,amplification,0.29303743714064323,0.25215587096661035,0.3388284154330112,True,State,51,39,100,182377,,,
Victim Race,named_n>=5000,graphsage_fairloss_a10_mb,graphsage_fairloss_a10_sstate20_mb,tpr,gap,0.0196534515678497,0.016641210460035735,0.022778154361971645,True,State,51,39,100,182377,,,
Victim Race,named_n>=5000,graphsage_fairloss_a10_mb,graphsage_fairloss_a10_sstate20_mb,tpr,amplification,0.29738163251271854,0.2502438833342133,0.3505514701969104,True,State,51,39,100,182377,,,
Victim Race,named_n>=5000,graphsage_fairloss_a10_mb,graphsage_fairloss_a10_sstate20_mb,fpr,gap,0.019908543547352275,0.014835604704518963,0.025191896374485462,True,State,51,39,100,182377,,,
Victim Race,named_n>=5000,graphsage_fairloss_a10_mb,graphsage_fairloss_a10_sstate20_mb,fpr,amplification,0.3012414974857227,0.22160468386750573,0.38608122222735297,True,State,51,39,100,182377,,,
Victim Race,named_n>=5000,graphsage_fairloss_a10_mb,graphsage_fairloss_a10_sstate20_mb,selection_rate,signed_gap,-0.0193663510074521,-0.02194214640685901,-0.016755856644931576,True,State,51,39,100,182377,Black-White,-0.07205767432285137,-0.052691323315399274
Victim Race,named_n>=5000,graphsage_fairloss_a10_mb,graphsage_fairloss_a10_sstate20_mb,tpr,signed_gap,-0.0196534515678497,-0.022778154361971645,-0.016641210460035735,True,State,51,39,100,182377,Black-White,-0.05937149468999858,-0.03971804312214888
Victim Race,named_n>=5000,graphsage_fairloss_a10_mb,graphsage_fairloss_a10_sstate20_mb,fpr,signed_gap,-0.019908543547352275,-0.025191896374485462,-0.014835604704518963,True,State,51,39,100,182377,Black-White,-0.052327484285440096,-0.03241894073808782
Victim Race,named_n>=5000,graphsage_fairloss_a10_mb,graphsage_fairloss_a25_sstate20_mb,selection_rate,gap,0.03207538036927449,0.02927824348647991,0.034698992285179635,True,State,51,39,100,182377,,,
Victim Race,named_n>=5000,graphsage_fairloss_a10_mb,graphsage_fairloss_a25_sstate20_mb,selection_rate,amplification,0.48534115978310455,0.4346036818107821,0.5415065940120897,True,State,51,39,100,182377,,,
Victim Race,named_n>=5000,graphsage_fairloss_a10_mb,graphsage_fairloss_a25_sstate20_mb,tpr,gap,0.03396701998920448,0.0308670539446717,0.03735658953769195,True,State,51,39,100,182377,,,
Victim Race,named_n>=5000,graphsage_fairloss_a10_mb,graphsage_fairloss_a25_sstate20_mb,tpr,amplification,0.5139640648417131,0.4587132376666278,0.5801658454069428,True,State,51,39,100,182377,,,
Victim Race,named_n>=5000,graphsage_fairloss_a10_mb,graphsage_fairloss_a25_sstate20_mb,fpr,gap,0.027585202172046797,0.022256806983453115,0.03288622995845666,True,State,51,39,100,182377,,,
Victim Race,named_n>=5000,graphsage_fairloss_a10_mb,graphsage_fairloss_a25_sstate20_mb,fpr,amplification,0.4173990724629851,0.3318128298823435,0.5072941130963808,True,State,51,39,100,182377,,,
Victim Race,named_n>=5000,graphsage_fairloss_a10_mb,graphsage_fairloss_a25_sstate20_mb,selection_rate,signed_gap,-0.03207538036927449,-0.034698992285179635,-0.02927824348647991,True,State,51,39,100,182377,Black-White,-0.07205767432285137,-0.039982293953576886
Victim Race,named_n>=5000,graphsage_fairloss_a10_mb,graphsage_fairloss_a25_sstate20_mb,tpr,signed_gap,-0.03396701998920448,-0.03735658953769195,-0.030867053944671704,True,State,51,39,100,182377,Black-White,-0.05937149468999858,-0.0254044747007941
Victim Race,named_n>=5000,graphsage_fairloss_a10_mb,graphsage_fairloss_a25_sstate20_mb,fpr,signed_gap,-0.027585202172046797,-0.03288622995845666,-0.022256806983453118,True,State,51,39,100,182377,Black-White,-0.052327484285440096,-0.0247422821133933
Victim Race,named_n>=5000,graphsage_fairloss_a10_mb,graphsage_fairloss_a50_sstate20_mb,selection_rate,gap,0.04555537845870994,0.04282481808667028,0.04834426566235353,True,State,51,39,100,182377,,,
Victim Race,named_n>=5000,graphsage_fairloss_a10_mb,graphsage_fairloss_a50_sstate20_mb,selection_rate,amplification,0.6893106164592194,0.6299766627973957,0.7545605400112887,True,State,51,39,100,182377,,,
Victim Race,named_n>=5000,graphsage_fairloss_a10_mb,graphsage_fairloss_a50_sstate20_mb,tpr,gap,0.04710726073801241,0.04368465358942433,0.05062323645935664,True,State,51,39,100,182377,,,
Victim Race,named_n>=5000,graphsage_fairloss_a10_mb,graphsage_fairloss_a50_sstate20_mb,tpr,amplification,0.7127925623196342,0.6456205963687182,0.7875058748884174,True,State,51,39,100,182377,,,
Victim Race,named_n>=5000,graphsage_fairloss_a10_mb,graphsage_fairloss_a50_sstate20_mb,fpr,gap,0.04035018714985572,0.0344110513063603,0.04591683720698178,True,State,51,39,100,182377,,,
Victim Race,named_n>=5000,graphsage_fairloss_a10_mb,graphsage_fairloss_a50_sstate20_mb,fpr,amplification,0.61054947449776,0.5187426688371077,0.7047817508939126,True,State,51,39,100,182377,,,
Victim Race,named_n>=5000,graphsage_fairloss_a10_mb,graphsage_fairloss_a50_sstate20_mb,selection_rate,signed_gap,-0.04555537845870994,-0.04834426566235353,-0.04282481808667028,True,State,51,39,100,182377,Black-White,-0.07205767432285137,-0.026502295864141434
Victim Race,named_n>=5000,graphsage_fairloss_a10_mb,graphsage_fairloss_a50_sstate20_mb,tpr,signed_gap,-0.04710726073801241,-0.05062323645935664,-0.04368465358942433,True,State,51,39,100,182377,Black-White,-0.05937149468999858,-0.01226423395198617
Victim Race,named_n>=5000,graphsage_fairloss_a10_mb,graphsage_fairloss_a50_sstate20_mb,fpr,signed_gap,-0.04035018714985572,-0.04592305851473223,-0.0344110513063603,True,State,51,39,100,182377,Black-White,-0.052327484285440096,-0.011977297135584375
Victim Race,named_n>=5000,graphsage_fairloss_a10_mb,graphsage_fairloss_a100_sstate20_mb,selection_rate,gap,0.061561676136403065,0.058377383887946145,0.06452357594715158,True,State,51,39,100,182377,,,
Victim Race,named_n>=5000,graphsage_fairloss_a10_mb,graphsage_fairloss_a100_sstate20_mb,selection_rate,amplification,0.9315061879314374,0.855444245150025,1.0095276791576415,True,State,51,39,100,182377,,,
Victim Race,named_n>=5000,graphsage_fairloss_a10_mb,graphsage_fairloss_a100_sstate20_mb,tpr,gap,0.057216047985539475,0.049112837484095666,0.06294885153277564,True,State,51,39,100,182377,,,
Victim Race,named_n>=5000,graphsage_fairloss_a10_mb,graphsage_fairloss_a100_sstate20_mb,tpr,amplification,0.8657513260266168,0.7392774473039414,0.9775320138780093,True,State,51,39,100,182377,,,
Victim Race,named_n>=5000,graphsage_fairloss_a10_mb,graphsage_fairloss_a100_sstate20_mb,fpr,gap,0.04866145381887371,0.03452924243396324,0.05798671761243564,True,State,51,39,100,182377,,,
Victim Race,named_n>=5000,graphsage_fairloss_a10_mb,graphsage_fairloss_a100_sstate20_mb,fpr,amplification,0.736309473536521,0.5171847696989627,0.892355032854494,True,State,51,39,100,182377,,,
Victim Race,named_n>=5000,graphsage_fairloss_a10_mb,graphsage_fairloss_a100_sstate20_mb,selection_rate,signed_gap,-0.061561676136403065,-0.06452357594715158,-0.058377383887946145,True,State,51,39,100,182377,Black-White,-0.07205767432285137,-0.010495998186448308
Victim Race,named_n>=5000,graphsage_fairloss_a10_mb,graphsage_fairloss_a100_sstate20_mb,tpr,signed_gap,-0.06152694139445769,-0.06516626624365207,-0.05745644532973078,True,State,51,39,100,182377,Black-White,-0.05937149468999858,0.0021554467044591075
Victim Race,named_n>=5000,graphsage_fairloss_a10_mb,graphsage_fairloss_a100_sstate20_mb,fpr,signed_gap,-0.05599351475200648,-0.062000865955178425,-0.04982482102791232,True,State,51,39,100,182377,Black-White,-0.052327484285440096,0.0036660304665663834
Victim Race,named_n>=5000,graphsage_fairloss_a25_mb,graphsage_fairloss_a50_mb,selection_rate,gap,-0.001130353843318943,-0.0029581481936364505,0.0008044376368575709,False,State,51,39,100,182377,,,
Victim Race,named_n>=5000,graphsage_fairloss_a25_mb,graphsage_fairloss_a50_mb,selection_rate,amplification,-0.01710368634652959,-0.04515904196081634,0.01245937348941026,False,State,51,39,100,182377,,,
Victim Race,named_n>=5000,graphsage_fairloss_a25_mb,graphsage_fairloss_a50_mb,tpr,gap,-0.00026515526517845167,-0.0024235751274166357,0.0019533015155855037,False,State,51,39,100,182377,,,
Victim Race,named_n>=5000,graphsage_fairloss_a25_mb,graphsage_fairloss_a50_mb,tpr,amplification,-0.004012135240259895,-0.03661460112433465,0.028693791418518955,False,State,51,39,100,182377,,,
Victim Race,named_n>=5000,graphsage_fairloss_a25_mb,graphsage_fairloss_a50_mb,fpr,gap,-0.004084458509012623,-0.008398492217052713,-5.445668130739263e-05,True,State,51,39,100,182377,,,
Victim Race,named_n>=5000,graphsage_fairloss_a25_mb,graphsage_fairloss_a50_mb,fpr,amplification,-0.061803034197190354,-0.12582078949756298,-0.0008355808372489709,True,State,51,39,100,182377,,,
Victim Race,named_n>=5000,graphsage_fairloss_a25_mb,graphsage_fairloss_a50_mb,selection_rate,signed_gap,0.001130353843318943,-0.0008044376368575717,0.0029581481936364505,False,State,51,39,100,182377,Black-White,-0.05977614164090794,-0.060906495484226886
Victim Race,named_n>=5000,graphsage_fairloss_a25_mb,graphsage_fairloss_a50_mb,tpr,signed_gap,0.00026515526517845167,-0.0019533015155855037,0.0024235751274166353,False,State,51,39,100,182377,Black-White,-0.04544306854683089,-0.04570822381200934
Victim Race,named_n>=5000,graphsage_fairloss_a25_mb,graphsage_fairloss_a50_mb,fpr,signed_gap,0.004084458509012623,5.445668130739241e-05,0.008398492217052711,True,State,51,39,100,182377,Black-White,-0.04223413972663226,-0.04631859823564488
Victim Race,named_n>=5000,graphsage_fairloss_a25_mb,graphsage_fairloss_a100_mb,selection_rate,gap,0.002771000741651375,0.0008891055763240397,0.004697069332205677,True,State,51,39,100,182377,,,
Victim Race,named_n>=5000,graphsage_fairloss_a25_mb,graphsage_fairloss_a100_mb,selection_rate,amplification,0.0419287533999505,0.01335902356521712,0.0708868109361076,True,State,51,39,100,182377,,,
Victim Race,named_n>=5000,graphsage_fairloss_a25_mb,graphsage_fairloss_a100_mb,tpr,gap,0.0018234607324343344,-0.0005758949954638103,0.004198740671179446,False,State,51,39,100,182377,,,
Victim Race,named_n>=5000,graphsage_fairloss_a25_mb,graphsage_fairloss_a100_mb,tpr,amplification,0.027591272075650375,-0.009008219288088553,0.06403176205080234,False,State,51,39,100,182377,,,
Victim Race,named_n>=5000,graphsage_fairloss_a25_mb,graphsage_fairloss_a100_mb,fpr,gap,0.0032710854367916653,-0.00040754072744611367,0.006903790578158664,False,State,51,39,100,182377,,,
Victim Race,named_n>=5000,graphsage_fairloss_a25_mb,graphsage_fairloss_a100_mb,fpr,amplification,0.04949566868310218,-0.0062221687421535506,0.10470212455491024,False,State,51,39,100,182377,,,
Victim Race,named_n>=5000,graphsage_fairloss_a25_mb,graphsage_fairloss_a100_mb,selection_rate,signed_gap,-0.002771000741651375,-0.004697069332205678,-0.0008891055763240398,True,State,51,39,100,182377,Black-White,-0.05977614164090794,-0.05700514089925657
Victim Race,named_n>=5000,graphsage_fairloss_a25_mb,graphsage_fairloss_a100_mb,tpr,signed_gap,-0.0018234607324343344,-0.0041987406711794465,0.0005758949954638096,False,State,51,39,100,182377,Black-White,-0.04544306854683089,-0.043619607814396555
Victim Race,named_n>=5000,graphsage_fairloss_a25_mb,graphsage_fairloss_a100_mb,fpr,signed_gap,-0.0032710854367916653,-0.006903790578158665,0.0004075407274461123,False,State,51,39,100,182377,Black-White,-0.04223413972663226,-0.03896305428984059
Victim Race,named_n>=5000,graphsage_fairloss_a25_mb,graphsage_fairloss_a5_sstate20_mb,selection_rate,gap,-0.015579397548792784,-0.018369281226104504,-0.013032748010415535,True,State,51,39,100,182377,,,
Victim Race,named_n>=5000,graphsage_fairloss_a25_mb,graphsage_fairloss_a5_sstate20_mb,selection_rate,amplification,-0.2357360314360062,-0.2803330448238856,-0.19275409555401382,True,State,51,39,100,182377,,,
Victim Race,named_n>=5000,graphsage_fairloss_a25_mb,graphsage_fairloss_a5_sstate20_mb,tpr,gap,-0.015963412126408394,-0.019336002951720225,-0.012625381214820458,True,State,51,39,100,182377,,,
Victim Race,named_n>=5000,graphsage_fairloss_a25_mb,graphsage_fairloss_a5_sstate20_mb,tpr,amplification,-0.2415466587248447,-0.29305659775381454,-0.19035734012298267,True,State,51,39,100,182377,,,
Victim Race,named_n>=5000,graphsage_fairloss_a25_mb,graphsage_fairloss_a5_sstate20_mb,fpr,gap,-0.01559006443584715,-0.021255566325010907,-0.010258192279311754,True,State,51,39,100,182377,,,
Victim Race,named_n>=5000,graphsage_fairloss_a25_mb,graphsage_fairloss_a5_sstate20_mb,fpr,amplification,-0.2358974349571692,-0.3239994045048966,-0.15105132030076387,True,State,51,39,100,182377,,,
Victim Race,named_n>=5000,graphsage_fairloss_a25_mb,graphsage_fairloss_a5_sstate20_mb,selection_rate,signed_gap,0.015579397548792784,0.013032748010415535,0.018369281226104504,True,State,51,39,100,182377,Black-White,-0.05977614164090794,-0.07535553918970073
Victim Race,named_n>=5000,graphsage_fairloss_a25_mb,graphsage_fairloss_a5_sstate20_mb,tpr,signed_gap,0.015963412126408394,0.012625381214820458,0.019336002951720225,True,State,51,39,100,182377,Black-White,-0.04544306854683089,-0.06140648067323928
Victim Race,named_n>=5000,graphsage_fairloss_a25_mb,graphsage_fairloss_a5_sstate20_mb,fpr,signed_gap,0.01559006443584715,0.010258192279311752,0.021255566325010904,True,State,51,39,100,182377,Black-White,-0.04223413972663226,-0.05782420416247941
Victim Race,named_n>=5000,graphsage_fairloss_a25_mb,graphsage_fairloss_a10_sstate20_mb,selection_rate,gap,0.007084818325508668,0.004375582640285927,0.009738727792155821,True,State,51,39,100,182377,,,
Victim Race,named_n>=5000,graphsage_fairloss_a25_mb,graphsage_fairloss_a10_sstate20_mb,selection_rate,amplification,0.10720228110681473,0.06722339731350763,0.14846869749984626,True,State,51,39,100,182377,,,
Victim Race,named_n>=5000,graphsage_fairloss_a25_mb,graphsage_fairloss_a10_sstate20_mb,tpr,gap,0.0057250254246820065,0.0028187839784067996,0.00889109152657778,True,State,51,39,100,182377,,,
Victim Race,named_n>=5000,graphsage_fairloss_a25_mb,graphsage_fairloss_a10_sstate20_mb,tpr,amplification,0.08662689101154297,0.042263544025515354,0.1344062845269946,True,State,51,39,100,182377,,,
Victim Race,named_n>=5000,graphsage_fairloss_a25_mb,graphsage_fairloss_a10_sstate20_mb,fpr,gap,0.009815198988544438,0.004398637312342528,0.01529019835144317,True,State,51,39,100,182377,,,
Victim Race,named_n>=5000,graphsage_fairloss_a25_mb,graphsage_fairloss_a10_sstate20_mb,fpr,amplification,0.14851640123230947,0.06705828998700211,0.23283634517342758,True,State,51,39,100,182377,,,
Victim Race,named_n>=5000,graphsage_fairloss_a25_mb,graphsage_fairloss_a10_sstate20_mb,selection_rate,signed_gap,-0.007084818325508668,-0.009738727792155821,-0.004375582640285928,True,State,51,39,100,182377,Black-White,-0.05977614164090794,-0.052691323315399274
Victim Race,named_n>=5000,graphsage_fairloss_a25_mb,graphsage_fairloss_a10_sstate20_mb,tpr,signed_gap,-0.0057250254246820065,-0.00889109152657778,-0.0028187839784068,True,State,51,39,100,182377,Black-White,-0.04544306854683089,-0.03971804312214888
Victim Race,named_n>=5000,graphsage_fairloss_a25_mb,graphsage_fairloss_a10_sstate20_mb,fpr,signed_gap,-0.009815198988544438,-0.01529019835144317,-0.004398637312342528,True,State,51,39,100,182377,Black-White,-0.04223413972663226,-0.03241894073808782
Victim Race,named_n>=5000,graphsage_fairloss_a25_mb,graphsage_fairloss_a25_sstate20_mb,selection_rate,gap,0.019793847687331056,0.017103862560790866,0.022543839151357638,True,State,51,39,100,182377,,,
Victim Race,named_n>=5000,graphsage_fairloss_a25_mb,graphsage_fairloss_a25_sstate20_mb,selection_rate,amplification,0.29950600374927605,0.25747575984296894,0.34680315700985836,True,State,51,39,100,182377,,,
Victim Race,named_n>=5000,graphsage_fairloss_a25_mb,graphsage_fairloss_a25_sstate20_mb,tpr,gap,0.02003859384603679,0.01693256059171873,0.023361559976302432,True,State,51,39,100,182377,,,
Victim Race,named_n>=5000,graphsage_fairloss_a25_mb,graphsage_fairloss_a25_sstate20_mb,tpr,amplification,0.3032093233405375,0.25213223784909744,0.35953474302162347,True,State,51,39,100,182377,,,
Victim Race,named_n>=5000,graphsage_fairloss_a25_mb,graphsage_fairloss_a25_sstate20_mb,fpr,gap,0.01749185761323896,0.011768422834978903,0.02352394113091597,True,State,51,39,100,182377,,,
Victim Race,named_n>=5000,graphsage_fairloss_a25_mb,graphsage_fairloss_a25_sstate20_mb,fpr,amplification,0.26467397620957184,0.17981867202853563,0.35760500124479944,True,State,51,39,100,182377,,,
Victim Race,named_n>=5000,graphsage_fairloss_a25_mb,graphsage_fairloss_a25_sstate20_mb,selection_rate,signed_gap,-0.019793847687331056,-0.022543839151357638,-0.017103862560790866,True,State,51,39,100,182377,Black-White,-0.05977614164090794,-0.039982293953576886
Victim Race,named_n>=5000,graphsage_fairloss_a25_mb,graphsage_fairloss_a25_sstate20_mb,tpr,signed_gap,-0.02003859384603679,-0.023361559976302435,-0.01693256059171873,True,State,51,39,100,182377,Black-White,-0.04544306854683089,-0.0254044747007941
Victim Race,named_n>=5000,graphsage_fairloss_a25_mb,graphsage_fairloss_a25_sstate20_mb,fpr,signed_gap,-0.01749185761323896,-0.023523941130915972,-0.011768422834978903,True,State,51,39,100,182377,Black-White,-0.04223413972663226,-0.0247422821133933
Victim Race,named_n>=5000,graphsage_fairloss_a25_mb,graphsage_fairloss_a50_sstate20_mb,selection_rate,gap,0.03327384577676651,0.0304509862037153,0.036205577718310414,True,State,51,39,100,182377,,,
Victim Race,named_n>=5000,graphsage_fairloss_a25_mb,graphsage_fairloss_a50_sstate20_mb,selection_rate,amplification,0.5034754604253909,0.4498442048694296,0.5571436711816992,True,State,51,39,100,182377,,,
Victim Race,named_n>=5000,graphsage_fairloss_a25_mb,graphsage_fairloss_a50_sstate20_mb,tpr,gap,0.03317883459484472,0.029656999451621417,0.03697093683525663,True,State,51,39,100,182377,,,
Victim Race,named_n>=5000,graphsage_fairloss_a25_mb,graphsage_fairloss_a50_sstate20_mb,tpr,amplification,0.5020378208184586,0.43691849167241975,0.5678746166002389,True,State,51,39,100,182377,,,
Victim Race,named_n>=5000,graphsage_fairloss_a25_mb,graphsage_fairloss_a50_sstate20_mb,fpr,gap,0.030256842591047883,0.02462964183930735,0.03590782506912242,True,State,51,39,100,182377,,,
Victim Race,named_n>=5000,graphsage_fairloss_a25_mb,graphsage_fairloss_a50_sstate20_mb,fpr,amplification,0.4578243782443467,0.36917731576104085,0.5485861166961205,True,State,51,39,100,182377,,,
Victim Race,named_n>=5000,graphsage_fairloss_a25_mb,graphsage_fairloss_a50_sstate20_mb,selection_rate,signed_gap,-0.03327384577676651,-0.036205577718310414,-0.0304509862037153,True,State,51,39,100,182377,Black-White,-0.05977614164090794,-0.026502295864141434
Victim Race,named_n>=5000,graphsage_fairloss_a25_mb,graphsage_fairloss_a50_sstate20_mb,tpr,signed_gap,-0.03317883459484472,-0.03697093683525663,-0.029656999451621417,True,State,51,39,100,182377,Black-White,-0.04544306854683089,-0.01226423395198617
Victim Race,named_n>=5000,graphsage_fairloss_a25_mb,graphsage_fairloss_a50_sstate20_mb,fpr,signed_gap,-0.030256842591047883,-0.03590782506912243,-0.02462964183930735,True,State,51,39,100,182377,Black-White,-0.04223413972663226,-0.011977297135584375
Victim Race,named_n>=5000,graphsage_fairloss_a25_mb,graphsage_fairloss_a100_sstate20_mb,selection_rate,gap,0.049280143454459635,0.04609368190588304,0.052391651911328545,True,State,51,39,100,182377,,,
Victim Race,named_n>=5000,graphsage_fairloss_a25_mb,graphsage_fairloss_a100_sstate20_mb,selection_rate,amplification,0.7456710318976089,0.6803350778437649,0.8170644131719953,True,State,51,39,100,182377,,,
Victim Race,named_n>=5000,graphsage_fairloss_a25_mb,graphsage_fairloss_a100_sstate20_mb,tpr,gap,0.04328762184237178,0.03404866054974978,0.0492200995834137,True,State,51,39,100,182377,,,
Victim Race,named_n>=5000,graphsage_fairloss_a25_mb,graphsage_fairloss_a100_sstate20_mb,tpr,amplification,0.6549965845254412,0.5114246648015552,0.7640885985395618,True,State,51,39,100,182377,,,
Victim Race,named_n>=5000,graphsage_fairloss_a25_mb,graphsage_fairloss_a100_sstate20_mb,fpr,gap,0.038568109260065875,0.024245488136574032,0.049235302048267475,True,State,51,39,100,182377,,,
Victim Race,named_n>=5000,graphsage_fairloss_a25_mb,graphsage_fairloss_a100_sstate20_mb,fpr,amplification,0.5835843772831077,0.36404287112346373,0.7473877671117599,True,State,51,39,100,182377,,,
Victim Race,named_n>=5000,graphsage_fairloss_a25_mb,graphsage_fairloss_a100_sstate20_mb,selection_rate,signed_gap,-0.049280143454459635,-0.052391651911328545,-0.04609368190588304,True,State,51,39,100,182377,Black-White,-0.05977614164090794,-0.010495998186448308
Victim Race,named_n>=5000,graphsage_fairloss_a25_mb,graphsage_fairloss_a100_sstate20_mb,tpr,signed_gap,-0.04759851525129,-0.0513204804646458,-0.04398012402561732,True,State,51,39,100,182377,Black-White,-0.04544306854683089,0.0021554467044591075
Victim Race,named_n>=5000,graphsage_fairloss_a25_mb,graphsage_fairloss_a100_sstate20_mb,fpr,signed_gap,-0.04590017019319864,-0.05244619458509807,-0.03927787985885672,True,State,51,39,100,182377,Black-White,-0.04223413972663226,0.0036660304665663834
Victim Race,named_n>=5000,graphsage_fairloss_a50_mb,graphsage_fairloss_a100_mb,selection_rate,gap,0.003901354584970318,0.002015463265057271,0.0059409229879392594,True,State,51,39,100,182377,,,
Victim Race,named_n>=5000,graphsage_fairloss_a50_mb,graphsage_fairloss_a100_mb,selection_rate,amplification,0.05903243974648009,0.030766183250694575,0.09009222555859632,True,State,51,39,100,182377,,,
Victim Race,named_n>=5000,graphsage_fairloss_a50_mb,graphsage_fairloss_a100_mb,tpr,gap,0.002088615997612786,-0.0001934200300000188,0.004428173757472301,False,State,51,39,100,182377,,,
Victim Race,named_n>=5000,graphsage_fairloss_a50_mb,graphsage_fairloss_a100_mb,tpr,amplification,0.03160340731591027,-0.0028782542953012993,0.06807692373808351,False,State,51,39,100,182377,,,
Victim Race,named_n>=5000,graphsage_fairloss_a50_mb,graphsage_fairloss_a100_mb,fpr,gap,0.007355543945804288,0.0028455907054694848,0.011084882769636971,True,State,51,39,100,182377,,,
Victim Race,named_n>=5000,graphsage_fairloss_a50_mb,graphsage_fairloss_a100_mb,fpr,amplification,0.11129870288029253,0.04311129573991464,0.16692963966360957,True,State,51,39,100,182377,,,
Victim Race,named_n>=5000,graphsage_fairloss_a50_mb,graphsage_fairloss_a100_mb,selection_rate,signed_gap,-0.003901354584970318,-0.0059409229879392594,-0.0020154632650572716,True,State,51,39,100,182377,Black-White,-0.060906495484226886,-0.05700514089925657
Victim Race,named_n>=5000,graphsage_fairloss_a50_mb,graphsage_fairloss_a100_mb,tpr,signed_gap,-0.002088615997612786,-0.004428173757472301,0.00019342003000001829,False,State,51,39,100,182377,Black-White,-0.04570822381200934,-0.043619607814396555
Victim Race,named_n>=5000,graphsage_fairloss_a50_mb,graphsage_fairloss_a100_mb,fpr,signed_gap,-0.007355543945804288,-0.011084882769636973,-0.002845590705469485,True,State,51,39,100,182377,Black-White,-0.04631859823564488,-0.03896305428984059
Victim Race,named_n>=5000,graphsage_fairloss_a50_mb,graphsage_fairloss_a5_sstate20_mb,selection_rate,gap,-0.01444904370547384,-0.01713631552051175,-0.011833901701377544,True,State,51,39,100,182377,,,
Victim Race,named_n>=5000,graphsage_fairloss_a50_mb,graphsage_fairloss_a5_sstate20_mb,selection_rate,amplification,-0.2186323450894766,-0.2662924059878909,-0.17563104348666234,True,State,51,39,100,182377,,,
Victim Race,named_n>=5000,graphsage_fairloss_a50_mb,graphsage_fairloss_a5_sstate20_mb,tpr,gap,-0.015698256861229942,-0.018986013793353095,-0.012428443246472878,True,State,51,39,100,182377,,,
Victim Race,named_n>=5000,graphsage_fairloss_a50_mb,graphsage_fairloss_a5_sstate20_mb,tpr,amplification,-0.23753452348458481,-0.2956758185752721,-0.18704765601561063,True,State,51,39,100,182377,,,
Victim Race,named_n>=5000,graphsage_fairloss_a50_mb,graphsage_fairloss_a5_sstate20_mb,fpr,gap,-0.011505605926834528,-0.01679954819808887,-0.006457798835028385,True,State,51,39,100,182377,,,
Victim Race,named_n>=5000,graphsage_fairloss_a50_mb,graphsage_fairloss_a5_sstate20_mb,fpr,amplification,-0.17409440075997884,-0.25682504070745665,-0.09597616147664541,True,State,51,39,100,182377,,,
Victim Race,named_n>=5000,graphsage_fairloss_a50_mb,graphsage_fairloss_a5_sstate20_mb,selection_rate,signed_gap,0.01444904370547384,0.011833901701377544,0.01713631552051175,True,State,51,39,100,182377,Black-White,-0.060906495484226886,-0.07535553918970073
Victim Race,named_n>=5000,graphsage_fairloss_a50_mb,graphsage_fairloss_a5_sstate20_mb,tpr,signed_gap,0.015698256861229942,0.012428443246472876,0.018986013793353095,True,State,51,39,100,182377,Black-White,-0.04570822381200934,-0.06140648067323928
Victim Race,named_n>=5000,graphsage_fairloss_a50_mb,graphsage_fairloss_a5_sstate20_mb,fpr,signed_gap,0.011505605926834528,0.006457798835028383,0.016799548198088866,True,State,51,39,100,182377,Black-White,-0.04631859823564488,-0.05782420416247941
Victim Race,named_n>=5000,graphsage_fairloss_a50_mb,graphsage_fairloss_a10_sstate20_mb,selection_rate,gap,0.008215172168827611,0.00571869166563963,0.010952474378017132,True,State,51,39,100,182377,,,
Victim Race,named_n>=5000,graphsage_fairloss_a50_mb,graphsage_fairloss_a10_sstate20_mb,selection_rate,amplification,0.12430596745334432,0.08603580690950022,0.16659997783165464,True,State,51,39,100,182377,,,
Victim Race,named_n>=5000,graphsage_fairloss_a50_mb,graphsage_fairloss_a10_sstate20_mb,tpr,gap,0.005990180689860458,0.0029245434752938836,0.009098021809867967,True,State,51,39,100,182377,,,
Victim Race,named_n>=5000,graphsage_fairloss_a50_mb,graphsage_fairloss_a10_sstate20_mb,tpr,amplification,0.09063902625180287,0.044731871770701315,0.13957044339789765,True,State,51,39,100,182377,,,
Victim Race,named_n>=5000,graphsage_fairloss_a50_mb,graphsage_fairloss_a10_sstate20_mb,fpr,gap,0.01389965749755706,0.008498358767189209,0.01927980357868403,True,State,51,39,100,182377,,,
Victim Race,named_n>=5000,graphsage_fairloss_a50_mb,graphsage_fairloss_a10_sstate20_mb,fpr,amplification,0.21031943542949982,0.12980963622596997,0.2964097113494471,True,State,51,39,100,182377,,,
Victim Race,named_n>=5000,graphsage_fairloss_a50_mb,graphsage_fairloss_a10_sstate20_mb,selection_rate,signed_gap,-0.008215172168827611,-0.010952474378017132,-0.005718691665639632,True,State,51,39,100,182377,Black-White,-0.060906495484226886,-0.052691323315399274
Victim Race,named_n>=5000,graphsage_fairloss_a50_mb,graphsage_fairloss_a10_sstate20_mb,tpr,signed_gap,-0.005990180689860458,-0.00909802180986797,-0.002924543475293884,True,State,51,39,100,182377,Black-White,-0.04570822381200934,-0.03971804312214888
Victim Race,named_n>=5000,graphsage_fairloss_a50_mb,graphsage_fairloss_a10_sstate20_mb,fpr,signed_gap,-0.01389965749755706,-0.01927980357868403,-0.00849835876718921,True,State,51,39,100,182377,Black-White,-0.04631859823564488,-0.03241894073808782
Victim Race,named_n>=5000,graphsage_fairloss_a50_mb,graphsage_fairloss_a25_sstate20_mb,selection_rate,gap,0.02092420153065,0.018183402641905096,0.023776076831202784,True,State,51,39,100,182377,,,
Victim Race,named_n>=5000,graphsage_fairloss_a50_mb,graphsage_fairloss_a25_sstate20_mb,selection_rate,amplification,0.31660969009580564,0.27426852100857935,0.36438469061203604,True,State,51,39,100,182377,,,
Victim Race,named_n>=5000,graphsage_fairloss_a50_mb,graphsage_fairloss_a25_sstate20_mb,tpr,gap,0.02030374911121524,0.016706206166518984,0.023950487408286397,True,State,51,39,100,182377,,,
Victim Race,named_n>=5000,graphsage_fairloss_a50_mb,graphsage_fairloss_a25_sstate20_mb,tpr,amplification,0.3072214585807974,0.25396973701385034,0.3665284731849506,True,State,51,39,100,182377,,,
Victim Race,named_n>=5000,graphsage_fairloss_a50_mb,graphsage_fairloss_a25_sstate20_mb,fpr,gap,0.021576316122251582,0.016027525108994082,0.027190765023437407,True,State,51,39,100,182377,,,
Victim Race,named_n>=5000,graphsage_fairloss_a50_mb,graphsage_fairloss_a25_sstate20_mb,fpr,amplification,0.3264770104067622,0.24108538718489603,0.4175383233736784,True,State,51,39,100,182377,,,
Victim Race,named_n>=5000,graphsage_fairloss_a50_mb,graphsage_fairloss_a25_sstate20_mb,selection_rate,signed_gap,-0.02092420153065,-0.023776076831202787,-0.018183402641905096,True,State,51,39,100,182377,Black-White,-0.060906495484226886,-0.039982293953576886
Victim Race,named_n>=5000,graphsage_fairloss_a50_mb,graphsage_fairloss_a25_sstate20_mb,tpr,signed_gap,-0.02030374911121524,-0.023950487408286397,-0.016706206166518984,True,State,51,39,100,182377,Black-White,-0.04570822381200934,-0.0254044747007941
Victim Race,named_n>=5000,graphsage_fairloss_a50_mb,graphsage_fairloss_a25_sstate20_mb,fpr,signed_gap,-0.021576316122251582,-0.02719076502343741,-0.016027525108994085,True,State,51,39,100,182377,Black-White,-0.04631859823564488,-0.0247422821133933
Victim Race,named_n>=5000,graphsage_fairloss_a50_mb,graphsage_fairloss_a50_sstate20_mb,selection_rate,gap,0.03440419962008545,0.03140447321260369,0.037188957065103896,True,State,51,39,100,182377,,,
Victim Race,named_n>=5000,graphsage_fairloss_a50_mb,graphsage_fairloss_a50_sstate20_mb,selection_rate,amplification,0.5205791467719205,0.46559507355399143,0.5768794157743508,True,State,51,39,100,182377,,,
Victim Race,named_n>=5000,graphsage_fairloss_a50_mb,graphsage_fairloss_a50_sstate20_mb,tpr,gap,0.03344398986002317,0.029932266099667263,0.03688762438275468,True,State,51,39,100,182377,,,
Victim Race,named_n>=5000,graphsage_fairloss_a50_mb,graphsage_fairloss_a50_sstate20_mb,tpr,amplification,0.5060499560587185,0.445096404185707,0.5704595415862767,True,State,51,39,100,182377,,,
Victim Race,named_n>=5000,graphsage_fairloss_a50_mb,graphsage_fairloss_a50_sstate20_mb,fpr,gap,0.034341301100060506,0.028658446840661295,0.03982313807302726,True,State,51,39,100,182377,,,
Victim Race,named_n>=5000,graphsage_fairloss_a50_mb,graphsage_fairloss_a50_sstate20_mb,fpr,amplification,0.519627412441537,0.4207073929127917,0.613227138854056,True,State,51,39,100,182377,,,
Victim Race,named_n>=5000,graphsage_fairloss_a50_mb,graphsage_fairloss_a50_sstate20_mb,selection_rate,signed_gap,-0.03440419962008545,-0.037188957065103896,-0.03140447321260369,True,State,51,39,100,182377,Black-White,-0.060906495484226886,-0.026502295864141434
Victim Race,named_n>=5000,graphsage_fairloss_a50_mb,graphsage_fairloss_a50_sstate20_mb,tpr,signed_gap,-0.03344398986002317,-0.03688762438275468,-0.029932266099667263,True,State,51,39,100,182377,Black-White,-0.04570822381200934,-0.01226423395198617
Victim Race,named_n>=5000,graphsage_fairloss_a50_mb,graphsage_fairloss_a50_sstate20_mb,fpr,signed_gap,-0.034341301100060506,-0.03982313807302726,-0.028658446840661295,True,State,51,39,100,182377,Black-White,-0.04631859823564488,-0.011977297135584375
Victim Race,named_n>=5000,graphsage_fairloss_a50_mb,graphsage_fairloss_a100_sstate20_mb,selection_rate,gap,0.05041049729777858,0.04722923932614695,0.05350989007951384,True,State,51,39,100,182377,,,
Victim Race,named_n>=5000,graphsage_fairloss_a50_mb,graphsage_fairloss_a100_sstate20_mb,selection_rate,amplification,0.7627747182441384,0.6970363481360181,0.8359265582646204,True,State,51,39,100,182377,,,
Victim Race,named_n>=5000,graphsage_fairloss_a50_mb,graphsage_fairloss_a100_sstate20_mb,tpr,gap,0.04355277710755023,0.03450318923832153,0.04979482879634686,True,State,51,39,100,182377,,,
Victim Race,named_n>=5000,graphsage_fairloss_a50_mb,graphsage_fairloss_a100_sstate20_mb,tpr,amplification,0.6590087197657011,0.5143066211105136,0.7627970918344305,True,State,51,39,100,182377,,,
Victim Race,named_n>=5000,graphsage_fairloss_a50_mb,graphsage_fairloss_a100_sstate20_mb,fpr,gap,0.0426525677690785,0.02751949321820029,0.05225314262316346,True,State,51,39,100,182377,,,
Victim Race,named_n>=5000,graphsage_fairloss_a50_mb,graphsage_fairloss_a100_sstate20_mb,fpr,amplification,0.645387411480298,0.40953594847053304,0.8044488215037253,True,State,51,39,100,182377,,,
Victim Race,named_n>=5000,graphsage_fairloss_a50_mb,graphsage_fairloss_a100_sstate20_mb,selection_rate,signed_gap,-0.05041049729777858,-0.05350989007951384,-0.047229239326146956,True,State,51,39,100,182377,Black-White,-0.060906495484226886,-0.010495998186448308
Victim Race,named_n>=5000,graphsage_fairloss_a50_mb,graphsage_fairloss_a100_sstate20_mb,tpr,signed_gap,-0.04786367051646845,-0.05194104292558621,-0.043973512573355834,True,State,51,39,100,182377,Black-White,-0.04570822381200934,0.0021554467044591075
Victim Race,named_n>=5000,graphsage_fairloss_a50_mb,graphsage_fairloss_a100_sstate20_mb,fpr,signed_gap,-0.049984628702211265,-0.056086509923436646,-0.04321262551780652,True,State,51,39,100,182377,Black-White,-0.04631859823564488,0.0036660304665663834
Victim Race,named_n>=5000,graphsage_fairloss_a100_mb,graphsage_fairloss_a5_sstate20_mb,selection_rate,gap,-0.01835039829044416,-0.021254743437618802,-0.015095524057529775,True,State,51,39,100,182377,,,
Victim Race,named_n>=5000,graphsage_fairloss_a100_mb,graphsage_fairloss_a5_sstate20_mb,selection_rate,amplification,-0.2776647848359567,-0.325024980387343,-0.22509457470136468,True,State,51,39,100,182377,,,
Victim Race,named_n>=5000,graphsage_fairloss_a100_mb,graphsage_fairloss_a5_sstate20_mb,tpr,gap,-0.01778687285884273,-0.021375244890454177,-0.014098959346709607,True,State,51,39,100,182377,,,
Victim Race,named_n>=5000,graphsage_fairloss_a100_mb,graphsage_fairloss_a5_sstate20_mb,tpr,amplification,-0.2691379308004951,-0.3250511859681828,-0.20793070830470342,True,State,51,39,100,182377,,,
Victim Race,named_n>=5000,graphsage_fairloss_a100_mb,graphsage_fairloss_a5_sstate20_mb,fpr,gap,-0.018861149872638816,-0.024841449534077957,-0.01346831104819475,True,State,51,39,100,182377,,,
Victim Race,named_n>=5000,graphsage_fairloss_a100_mb,graphsage_fairloss_a5_sstate20_mb,fpr,amplification,-0.2853931036402714,-0.3780816969868196,-0.20200756821077662,True,State,51,39,100,182377,,,
Victim Race,named_n>=5000,graphsage_fairloss_a100_mb,graphsage_fairloss_a5_sstate20_mb,selection_rate,signed_gap,0.01835039829044416,0.015095524057529775,0.0212547434376188,True,State,51,39,100,182377,Black-White,-0.05700514089925657,-0.07535553918970073
Victim Race,named_n>=5000,graphsage_fairloss_a100_mb,graphsage_fairloss_a5_sstate20_mb,tpr,signed_gap,0.01778687285884273,0.014098959346709605,0.021375244890454177,True,State,51,39,100,182377,Black-White,-0.043619607814396555,-0.06140648067323928
Victim Race,named_n>=5000,graphsage_fairloss_a100_mb,graphsage_fairloss_a5_sstate20_mb,fpr,signed_gap,0.018861149872638816,0.01346831104819475,0.024841449534077957,True,State,51,39,100,182377,Black-White,-0.03896305428984059,-0.05782420416247941
Victim Race,named_n>=5000,graphsage_fairloss_a100_mb,graphsage_fairloss_a10_sstate20_mb,selection_rate,gap,0.004313817583857293,0.0015432429981575124,0.007389007421200874,True,State,51,39,100,182377,,,
Victim Race,named_n>=5000,graphsage_fairloss_a100_mb,graphsage_fairloss_a10_sstate20_mb,selection_rate,amplification,0.06527352770686423,0.023274561926326817,0.11385826063220007,True,State,51,39,100,182377,,,
Victim Race,named_n>=5000,graphsage_fairloss_a100_mb,graphsage_fairloss_a10_sstate20_mb,tpr,gap,0.003901564692247672,0.0004748895584301583,0.007723797053753051,True,State,51,39,100,182377,,,
Victim Race,named_n>=5000,graphsage_fairloss_a100_mb,graphsage_fairloss_a10_sstate20_mb,tpr,amplification,0.0590356189358926,0.007068215014911303,0.11878826230524112,True,State,51,39,100,182377,,,
Victim Race,named_n>=5000,graphsage_fairloss_a100_mb,graphsage_fairloss_a10_sstate20_mb,fpr,gap,0.006544113551752773,0.0015376659711183061,0.012271175709743872,True,State,51,39,100,182377,,,
Victim Race,named_n>=5000,graphsage_fairloss_a100_mb,graphsage_fairloss_a10_sstate20_mb,fpr,amplification,0.09902073254920729,0.0218560605257374,0.1871169486959704,True,State,51,39,100,182377,,,
Victim Race,named_n>=5000,graphsage_fairloss_a100_mb,graphsage_fairloss_a10_sstate20_mb,selection_rate,signed_gap,-0.004313817583857293,-0.007389007421200874,-0.0015432429981575126,True,State,51,39,100,182377,Black-White,-0.05700514089925657,-0.052691323315399274
Victim Race,named_n>=5000,graphsage_fairloss_a100_mb,graphsage_fairloss_a10_sstate20_mb,tpr,signed_gap,-0.003901564692247672,-0.007723797053753051,-0.0004748895584301587,True,State,51,39,100,182377,Black-White,-0.043619607814396555,-0.03971804312214888
Victim Race,named_n>=5000,graphsage_fairloss_a100_mb,graphsage_fairloss_a10_sstate20_mb,fpr,signed_gap,-0.006544113551752773,-0.012271175709743872,-0.0015376659711183111,True,State,51,39,100,182377,Black-White,-0.03896305428984059,-0.03241894073808782
Victim Race,named_n>=5000,graphsage_fairloss_a100_mb,graphsage_fairloss_a25_sstate20_mb,selection_rate,gap,0.01702284694567968,0.014190899279512522,0.02027313917563582,True,State,51,39,100,182377,,,
Victim Race,named_n>=5000,graphsage_fairloss_a100_mb,graphsage_fairloss_a25_sstate20_mb,selection_rate,amplification,0.25757725034932555,0.21106660381715467,0.30684452624917025,True,State,51,39,100,182377,,,
Victim Race,named_n>=5000,graphsage_fairloss_a100_mb,graphsage_fairloss_a25_sstate20_mb,tpr,gap,0.018215133113602455,0.014494015367493104,0.02194201106054417,True,State,51,39,100,182377,,,
Victim Race,named_n>=5000,graphsage_fairloss_a100_mb,graphsage_fairloss_a25_sstate20_mb,tpr,amplification,0.27561805126488714,0.21771189136175836,0.3321031431692578,True,State,51,39,100,182377,,,
Victim Race,named_n>=5000,graphsage_fairloss_a100_mb,graphsage_fairloss_a25_sstate20_mb,fpr,gap,0.014220772176447294,0.008162197936219591,0.01962087449198137,True,State,51,39,100,182377,,,
Victim Race,named_n>=5000,graphsage_fairloss_a100_mb,graphsage_fairloss_a25_sstate20_mb,fpr,amplification,0.21517830752646966,0.12543364877755653,0.3000297382336209,True,State,51,39,100,182377,,,
Victim Race,named_n>=5000,graphsage_fairloss_a100_mb,graphsage_fairloss_a25_sstate20_mb,selection_rate,signed_gap,-0.01702284694567968,-0.02027313917563582,-0.014190899279512522,True,State,51,39,100,182377,Black-White,-0.05700514089925657,-0.039982293953576886
Victim Race,named_n>=5000,graphsage_fairloss_a100_mb,graphsage_fairloss_a25_sstate20_mb,tpr,signed_gap,-0.018215133113602455,-0.02194201106054417,-0.014494015367493106,True,State,51,39,100,182377,Black-White,-0.043619607814396555,-0.0254044747007941
Victim Race,named_n>=5000,graphsage_fairloss_a100_mb,graphsage_fairloss_a25_sstate20_mb,fpr,signed_gap,-0.014220772176447294,-0.01962087449198137,-0.008162197936219593,True,State,51,39,100,182377,Black-White,-0.03896305428984059,-0.0247422821133933
Victim Race,named_n>=5000,graphsage_fairloss_a100_mb,graphsage_fairloss_a50_sstate20_mb,selection_rate,gap,0.030502845035115134,0.027383438104912422,0.03350528293962442,True,State,51,39,100,182377,,,
Victim Race,named_n>=5000,graphsage_fairloss_a100_mb,graphsage_fairloss_a50_sstate20_mb,selection_rate,amplification,0.46154670702544043,0.4055049798661639,0.5204355853905216,True,State,51,39,100,182377,,,
Victim Race,named_n>=5000,graphsage_fairloss_a100_mb,graphsage_fairloss_a50_sstate20_mb,tpr,gap,0.031355373862410385,0.027353705436500717,0.03513583401162543,True,State,51,39,100,182377,,,
Victim Race,named_n>=5000,graphsage_fairloss_a100_mb,graphsage_fairloss_a50_sstate20_mb,tpr,amplification,0.4744465487428082,0.40557005055684103,0.5404546610426764,True,State,51,39,100,182377,,,
Victim Race,named_n>=5000,graphsage_fairloss_a100_mb,graphsage_fairloss_a50_sstate20_mb,fpr,gap,0.026985757154256218,0.020678636877744627,0.03294048282436439,True,State,51,39,100,182377,,,
Victim Race,named_n>=5000,graphsage_fairloss_a100_mb,graphsage_fairloss_a50_sstate20_mb,fpr,amplification,0.4083287095612445,0.3122418657550685,0.505934665068407,True,State,51,39,100,182377,,,
Victim Race,named_n>=5000,graphsage_fairloss_a100_mb,graphsage_fairloss_a50_sstate20_mb,selection_rate,signed_gap,-0.030502845035115134,-0.03350528293962442,-0.027383438104912422,True,State,51,39,100,182377,Black-White,-0.05700514089925657,-0.026502295864141434
Victim Race,named_n>=5000,graphsage_fairloss_a100_mb,graphsage_fairloss_a50_sstate20_mb,tpr,signed_gap,-0.031355373862410385,-0.03513583401162543,-0.027353705436500717,True,State,51,39,100,182377,Black-White,-0.043619607814396555,-0.01226423395198617
Victim Race,named_n>=5000,graphsage_fairloss_a100_mb,graphsage_fairloss_a50_sstate20_mb,fpr,signed_gap,-0.026985757154256218,-0.03294048282436439,-0.02067863687774463,True,State,51,39,100,182377,Black-White,-0.03896305428984059,-0.011977297135584375
Victim Race,named_n>=5000,graphsage_fairloss_a100_mb,graphsage_fairloss_a100_sstate20_mb,selection_rate,gap,0.04650914271280826,0.043220734763685736,0.049582487199588916,True,State,51,39,100,182377,,,
Victim Race,named_n>=5000,graphsage_fairloss_a100_mb,graphsage_fairloss_a100_sstate20_mb,selection_rate,amplification,0.7037422784976584,0.6337113176215857,0.7707530373028887,True,State,51,39,100,182377,,,
Victim Race,named_n>=5000,graphsage_fairloss_a100_mb,graphsage_fairloss_a100_sstate20_mb,tpr,gap,0.04146416110993745,0.032930234910463305,0.04743256199393569,True,State,51,39,100,182377,,,
Victim Race,named_n>=5000,graphsage_fairloss_a100_mb,graphsage_fairloss_a100_sstate20_mb,tpr,amplification,0.6274053124497908,0.49497936229365513,0.7355536344020636,True,State,51,39,100,182377,,,
Victim Race,named_n>=5000,graphsage_fairloss_a100_mb,graphsage_fairloss_a100_sstate20_mb,fpr,gap,0.03529702382327421,0.02050829946441298,0.04547796744508175,True,State,51,39,100,182377,,,
Victim Race,named_n>=5000,graphsage_fairloss_a100_mb,graphsage_fairloss_a100_sstate20_mb,fpr,amplification,0.5340887086000055,0.31101197724290935,0.7067588220744363,True,State,51,39,100,182377,,,
Victim Race,named_n>=5000,graphsage_fairloss_a100_mb,graphsage_fairloss_a100_sstate20_mb,selection_rate,signed_gap,-0.04650914271280826,-0.049582487199588916,-0.043220734763685736,True,State,51,39,100,182377,Black-White,-0.05700514089925657,-0.010495998186448308
Victim Race,named_n>=5000,graphsage_fairloss_a100_mb,graphsage_fairloss_a100_sstate20_mb,tpr,signed_gap,-0.04577505451885566,-0.04976385615824483,-0.041330118232499116,True,State,51,39,100,182377,Black-White,-0.043619607814396555,0.0021554467044591075
Victim Race,named_n>=5000,graphsage_fairloss_a100_mb,graphsage_fairloss_a100_sstate20_mb,fpr,signed_gap,-0.042629084756406976,-0.04887433711858422,-0.03658699369068238,True,State,51,39,100,182377,Black-White,-0.03896305428984059,0.0036660304665663834
Victim Race,named_n>=5000,graphsage_fairloss_a5_sstate20_mb,graphsage_fairloss_a10_sstate20_mb,selection_rate,gap,0.022664215874301452,0.02091013258318044,0.024658290035160686,True,State,51,39,100,182377,,,
Victim Race,named_n>=5000,graphsage_fairloss_a5_sstate20_mb,graphsage_fairloss_a10_sstate20_mb,selection_rate,amplification,0.3429383125428209,0.3110826861218214,0.382533092241575,True,State,51,39,100,182377,,,
Victim Race,named_n>=5000,graphsage_fairloss_a5_sstate20_mb,graphsage_fairloss_a10_sstate20_mb,tpr,gap,0.0216884375510904,0.019452342705247306,0.02403743418710776,True,State,51,39,100,182377,,,
Victim Race,named_n>=5000,graphsage_fairloss_a5_sstate20_mb,graphsage_fairloss_a10_sstate20_mb,tpr,amplification,0.3281735497363877,0.28816143235539576,0.37510869456212453,True,State,51,39,100,182377,,,
Victim Race,named_n>=5000,graphsage_fairloss_a5_sstate20_mb,graphsage_fairloss_a10_sstate20_mb,fpr,gap,0.02540526342439159,0.021694233491038585,0.029648242908272924,True,State,51,39,100,182377,,,
Victim Race,named_n>=5000,graphsage_fairloss_a5_sstate20_mb,graphsage_fairloss_a10_sstate20_mb,fpr,amplification,0.38441383618947866,0.32567318644182913,0.45566367997553175,True,State,51,39,100,182377,,,
Victim Race,named_n>=5000,graphsage_fairloss_a5_sstate20_mb,graphsage_fairloss_a10_sstate20_mb,selection_rate,signed_gap,-0.022664215874301452,-0.024658290035160686,-0.02091013258318044,True,State,51,39,100,182377,Black-White,-0.07535553918970073,-0.052691323315399274
Victim Race,named_n>=5000,graphsage_fairloss_a5_sstate20_mb,graphsage_fairloss_a10_sstate20_mb,tpr,signed_gap,-0.0216884375510904,-0.024037434187107763,-0.019452342705247306,True,State,51,39,100,182377,Black-White,-0.06140648067323928,-0.03971804312214888
Victim Race,named_n>=5000,graphsage_fairloss_a5_sstate20_mb,graphsage_fairloss_a10_sstate20_mb,fpr,signed_gap,-0.02540526342439159,-0.029648242908272927,-0.021694233491038585,True,State,51,39,100,182377,Black-White,-0.05782420416247941,-0.03241894073808782
Victim Race,named_n>=5000,graphsage_fairloss_a5_sstate20_mb,graphsage_fairloss_a25_sstate20_mb,selection_rate,gap,0.03537324523612384,0.03317959404654734,0.0376222551615609,True,State,51,39,100,182377,,,
Victim Race,named_n>=5000,graphsage_fairloss_a5_sstate20_mb,graphsage_fairloss_a25_sstate20_mb,selection_rate,amplification,0.5352420351852822,0.4903379376319671,0.5886790388459971,True,State,51,39,100,182377,,,
Victim Race,named_n>=5000,graphsage_fairloss_a5_sstate20_mb,graphsage_fairloss_a25_sstate20_mb,tpr,gap,0.036002005972445184,0.03335107445613927,0.03865770339085627,True,State,51,39,100,182377,,,
Victim Race,named_n>=5000,graphsage_fairloss_a5_sstate20_mb,graphsage_fairloss_a25_sstate20_mb,tpr,amplification,0.5447559820653822,0.4937747879330683,0.6030973668254799,True,State,51,39,100,182377,,,
Victim Race,named_n>=5000,graphsage_fairloss_a5_sstate20_mb,graphsage_fairloss_a25_sstate20_mb,fpr,gap,0.03308192204908611,0.028860329785267275,0.03773884167968028,True,State,51,39,100,182377,,,
Victim Race,named_n>=5000,graphsage_fairloss_a5_sstate20_mb,graphsage_fairloss_a25_sstate20_mb,fpr,amplification,0.500571411166741,0.4301031389309991,0.5858430529645547,True,State,51,39,100,182377,,,
Victim Race,named_n>=5000,graphsage_fairloss_a5_sstate20_mb,graphsage_fairloss_a25_sstate20_mb,selection_rate,signed_gap,-0.03537324523612384,-0.0376222551615609,-0.03317959404654734,True,State,51,39,100,182377,Black-White,-0.07535553918970073,-0.039982293953576886
Victim Race,named_n>=5000,graphsage_fairloss_a5_sstate20_mb,graphsage_fairloss_a25_sstate20_mb,tpr,signed_gap,-0.036002005972445184,-0.03865770339085627,-0.03335107445613927,True,State,51,39,100,182377,Black-White,-0.06140648067323928,-0.0254044747007941
Victim Race,named_n>=5000,graphsage_fairloss_a5_sstate20_mb,graphsage_fairloss_a25_sstate20_mb,fpr,signed_gap,-0.03308192204908611,-0.03773884167968028,-0.028860329785267275,True,State,51,39,100,182377,Black-White,-0.05782420416247941,-0.0247422821133933
Victim Race,named_n>=5000,graphsage_fairloss_a5_sstate20_mb,graphsage_fairloss_a50_sstate20_mb,selection_rate,gap,0.04885324332555929,0.04637242233682087,0.051575236497169774,True,State,51,39,100,182377,,,
Victim Race,named_n>=5000,graphsage_fairloss_a5_sstate20_mb,graphsage_fairloss_a50_sstate20_mb,selection_rate,amplification,0.7392114918613971,0.6809660091262096,0.8038984716133899,True,State,51,39,100,182377,,,
Victim Race,named_n>=5000,graphsage_fairloss_a5_sstate20_mb,graphsage_fairloss_a50_sstate20_mb,tpr,gap,0.04914224672125311,0.04604927144568845,0.05240806447358927,True,State,51,39,100,182377,,,
Victim Race,named_n>=5000,graphsage_fairloss_a5_sstate20_mb,graphsage_fairloss_a50_sstate20_mb,tpr,amplification,0.7435844795433033,0.6781351207360323,0.8178458218732204,True,State,51,39,100,182377,,,
Victim Race,named_n>=5000,graphsage_fairloss_a5_sstate20_mb,graphsage_fairloss_a50_sstate20_mb,fpr,gap,0.045846907026895034,0.040835670353724846,0.05085627198946664,True,State,51,39,100,182377,,,
Victim Race,named_n>=5000,graphsage_fairloss_a5_sstate20_mb,graphsage_fairloss_a50_sstate20_mb,fpr,amplification,0.6937218132015159,0.608590644935921,0.7856287042948475,True,State,51,39,100,182377,,,
Victim Race,named_n>=5000,graphsage_fairloss_a5_sstate20_mb,graphsage_fairloss_a50_sstate20_mb,selection_rate,signed_gap,-0.04885324332555929,-0.051575236497169774,-0.04637242233682087,True,State,51,39,100,182377,Black-White,-0.07535553918970073,-0.026502295864141434
Victim Race,named_n>=5000,graphsage_fairloss_a5_sstate20_mb,graphsage_fairloss_a50_sstate20_mb,tpr,signed_gap,-0.04914224672125311,-0.05240806447358927,-0.04604927144568845,True,State,51,39,100,182377,Black-White,-0.06140648067323928,-0.01226423395198617
Victim Race,named_n>=5000,graphsage_fairloss_a5_sstate20_mb,graphsage_fairloss_a50_sstate20_mb,fpr,signed_gap,-0.045846907026895034,-0.05085627198946664,-0.04086878411302467,True,State,51,39,100,182377,Black-White,-0.05782420416247941,-0.011977297135584375
Victim Race,named_n>=5000,graphsage_fairloss_a5_sstate20_mb,graphsage_fairloss_a100_sstate20_mb,selection_rate,gap,0.06485954100325242,0.06194939733808713,0.06754466903053678,True,State,51,39,100,182377,,,
Victim Race,named_n>=5000,graphsage_fairloss_a5_sstate20_mb,graphsage_fairloss_a100_sstate20_mb,selection_rate,amplification,0.981407063333615,0.9072892670805183,1.0640577649752117,True,State,51,39,100,182377,,,
Victim Race,named_n>=5000,graphsage_fairloss_a5_sstate20_mb,graphsage_fairloss_a100_sstate20_mb,tpr,gap,0.059251033968780176,0.050719099429435484,0.06483034198598385,True,State,51,39,100,182377,,,
Victim Race,named_n>=5000,graphsage_fairloss_a5_sstate20_mb,graphsage_fairloss_a100_sstate20_mb,tpr,amplification,0.8965432432502859,0.7487360357873858,1.0128026201716087,True,State,51,39,100,182377,,,
Victim Race,named_n>=5000,graphsage_fairloss_a5_sstate20_mb,graphsage_fairloss_a100_sstate20_mb,fpr,gap,0.054158173695913026,0.03988313005314251,0.06399558350047707,True,State,51,39,100,182377,,,
Victim Race,named_n>=5000,graphsage_fairloss_a5_sstate20_mb,graphsage_fairloss_a100_sstate20_mb,fpr,amplification,0.8194818122402769,0.595716473488987,0.9875794184698755,True,State,51,39,100,182377,,,
Victim Race,named_n>=5000,graphsage_fairloss_a5_sstate20_mb,graphsage_fairloss_a100_sstate20_mb,selection_rate,signed_gap,-0.06485954100325242,-0.06754466903053678,-0.06194939733808713,True,State,51,39,100,182377,Black-White,-0.07535553918970073,-0.010495998186448308
Victim Race,named_n>=5000,graphsage_fairloss_a5_sstate20_mb,graphsage_fairloss_a100_sstate20_mb,tpr,signed_gap,-0.06356192737769839,-0.06683468797143541,-0.060008048903619424,True,State,51,39,100,182377,Black-White,-0.06140648067323928,0.0021554467044591075
Victim Race,named_n>=5000,graphsage_fairloss_a5_sstate20_mb,graphsage_fairloss_a100_sstate20_mb,fpr,signed_gap,-0.06149023462904579,-0.06685439352152822,-0.05610953815376695,True,State,51,39,100,182377,Black-White,-0.05782420416247941,0.0036660304665663834
Victim Race,named_n>=5000,graphsage_fairloss_a10_sstate20_mb,graphsage_fairloss_a25_sstate20_mb,selection_rate,gap,0.012709029361822388,0.010953371720419103,0.014410191295987937,True,State,51,39,100,182377,,,
Victim Race,named_n>=5000,graphsage_fairloss_a10_sstate20_mb,graphsage_fairloss_a25_sstate20_mb,selection_rate,amplification,0.19230372264246132,0.1642867628546901,0.22194720210691896,True,State,51,39,100,182377,,,
Victim Race,named_n>=5000,graphsage_fairloss_a10_sstate20_mb,graphsage_fairloss_a25_sstate20_mb,tpr,gap,0.014313568421354783,0.012142470815202977,0.0164114233351274,True,State,51,39,100,182377,,,
Victim Race,named_n>=5000,graphsage_fairloss_a10_sstate20_mb,graphsage_fairloss_a25_sstate20_mb,tpr,amplification,0.21658243232899455,0.18091365287694627,0.25294358088054036,True,State,51,39,100,182377,,,
Victim Race,named_n>=5000,graphsage_fairloss_a10_sstate20_mb,graphsage_fairloss_a25_sstate20_mb,fpr,gap,0.007676658624694521,0.004075719048638427,0.011496840808500601,True,State,51,39,100,182377,,,
Victim Race,named_n>=5000,graphsage_fairloss_a10_sstate20_mb,graphsage_fairloss_a25_sstate20_mb,fpr,amplification,0.11615757497726237,0.06328867715163033,0.17405291444470372,True,State,51,39,100,182377,,,
Victim Race,named_n>=5000,graphsage_fairloss_a10_sstate20_mb,graphsage_fairloss_a25_sstate20_mb,selection_rate,signed_gap,-0.012709029361822388,-0.014410191295987937,-0.010953371720419103,True,State,51,39,100,182377,Black-White,-0.052691323315399274,-0.039982293953576886
Victim Race,named_n>=5000,graphsage_fairloss_a10_sstate20_mb,graphsage_fairloss_a25_sstate20_mb,tpr,signed_gap,-0.014313568421354783,-0.0164114233351274,-0.012142470815202979,True,State,51,39,100,182377,Black-White,-0.03971804312214888,-0.0254044747007941
Victim Race,named_n>=5000,graphsage_fairloss_a10_sstate20_mb,graphsage_fairloss_a25_sstate20_mb,fpr,signed_gap,-0.007676658624694521,-0.011496840808500603,-0.004075719048638427,True,State,51,39,100,182377,Black-White,-0.03241894073808782,-0.0247422821133933
Victim Race,named_n>=5000,graphsage_fairloss_a10_sstate20_mb,graphsage_fairloss_a50_sstate20_mb,selection_rate,gap,0.02618902745125784,0.02398559444599575,0.028512326846648207,True,State,51,39,100,182377,,,
Victim Race,named_n>=5000,graphsage_fairloss_a10_sstate20_mb,graphsage_fairloss_a50_sstate20_mb,selection_rate,amplification,0.3962731793185762,0.3553565105696876,0.4407595450780129,True,State,51,39,100,182377,,,
Victim Race,named_n>=5000,graphsage_fairloss_a10_sstate20_mb,graphsage_fairloss_a50_sstate20_mb,tpr,gap,0.027453809170162713,0.024577333174835753,0.030625346488852276,True,State,51,39,100,182377,,,
Victim Race,named_n>=5000,graphsage_fairloss_a10_sstate20_mb,graphsage_fairloss_a50_sstate20_mb,tpr,amplification,0.41541092980691563,0.3675791760468044,0.4714315976778857,True,State,51,39,100,182377,,,
Victim Race,named_n>=5000,graphsage_fairloss_a10_sstate20_mb,graphsage_fairloss_a50_sstate20_mb,fpr,gap,0.020441643602503445,0.016063581947878647,0.024625026342139325,True,State,51,39,100,182377,,,
Victim Race,named_n>=5000,graphsage_fairloss_a10_sstate20_mb,graphsage_fairloss_a50_sstate20_mb,fpr,amplification,0.3093079770120372,0.24189573738815176,0.37926842935468175,True,State,51,39,100,182377,,,
Victim Race,named_n>=5000,graphsage_fairloss_a10_sstate20_mb,graphsage_fairloss_a50_sstate20_mb,selection_rate,signed_gap,-0.02618902745125784,-0.028512326846648207,-0.02398559444599575,True,State,51,39,100,182377,Black-White,-0.052691323315399274,-0.026502295864141434
Victim Race,named_n>=5000,graphsage_fairloss_a10_sstate20_mb,graphsage_fairloss_a50_sstate20_mb,tpr,signed_gap,-0.027453809170162713,-0.030625346488852276,-0.024577333174835753,True,State,51,39,100,182377,Black-White,-0.03971804312214888,-0.01226423395198617
Victim Race,named_n>=5000,graphsage_fairloss_a10_sstate20_mb,graphsage_fairloss_a50_sstate20_mb,fpr,signed_gap,-0.020441643602503445,-0.024625026342139325,-0.016063581947878647,True,State,51,39,100,182377,Black-White,-0.03241894073808782,-0.011977297135584375
Victim Race,named_n>=5000,graphsage_fairloss_a10_sstate20_mb,graphsage_fairloss_a100_sstate20_mb,selection_rate,gap,0.04219532512895097,0.03955934052798355,0.0446508150458264,True,State,51,39,100,182377,,,
Victim Race,named_n>=5000,graphsage_fairloss_a10_sstate20_mb,graphsage_fairloss_a100_sstate20_mb,selection_rate,amplification,0.6384687507907941,0.5877655300744918,0.6992855937164326,True,State,51,39,100,182377,,,
Victim Race,named_n>=5000,graphsage_fairloss_a10_sstate20_mb,graphsage_fairloss_a100_sstate20_mb,tpr,gap,0.037562596417689775,0.02836222002478693,0.043544086771154164,True,State,51,39,100,182377,,,
Victim Race,named_n>=5000,graphsage_fairloss_a10_sstate20_mb,graphsage_fairloss_a100_sstate20_mb,tpr,amplification,0.5683696935138982,0.4258908231069495,0.6730872389844752,True,State,51,39,100,182377,,,
Victim Race,named_n>=5000,graphsage_fairloss_a10_sstate20_mb,graphsage_fairloss_a100_sstate20_mb,fpr,gap,0.028752910271521437,0.014333725513453825,0.038611398950115464,True,State,51,39,100,182377,,,
Victim Race,named_n>=5000,graphsage_fairloss_a10_sstate20_mb,graphsage_fairloss_a100_sstate20_mb,fpr,amplification,0.4350679760507982,0.2141114227136179,0.5952147026446576,True,State,51,39,100,182377,,,
Victim Race,named_n>=5000,graphsage_fairloss_a10_sstate20_mb,graphsage_fairloss_a100_sstate20_mb,selection_rate,signed_gap,-0.04219532512895097,-0.0446508150458264,-0.03955934052798355,True,State,51,39,100,182377,Black-White,-0.052691323315399274,-0.010495998186448308
Victim Race,named_n>=5000,graphsage_fairloss_a10_sstate20_mb,graphsage_fairloss_a100_sstate20_mb,tpr,signed_gap,-0.04187348982660799,-0.045138547276640024,-0.03866778915425623,True,State,51,39,100,182377,Black-White,-0.03971804312214888,0.0021554467044591075
Victim Race,named_n>=5000,graphsage_fairloss_a10_sstate20_mb,graphsage_fairloss_a100_sstate20_mb,fpr,signed_gap,-0.036084971204654204,-0.040665720706627426,-0.031293713686316116,True,State,51,39,100,182377,Black-White,-0.03241894073808782,0.0036660304665663834
Victim Race,named_n>=5000,graphsage_fairloss_a25_sstate20_mb,graphsage_fairloss_a50_sstate20_mb,selection_rate,gap,0.013479998089435452,0.011400427357004746,0.01528864767004239,True,State,51,39,100,182377,,,
Victim Race,named_n>=5000,graphsage_fairloss_a25_sstate20_mb,graphsage_fairloss_a50_sstate20_mb,selection_rate,amplification,0.20396945667611488,0.17167764330162333,0.23553313333489875,True,State,51,39,100,182377,,,
Victim Race,named_n>=5000,graphsage_fairloss_a25_sstate20_mb,graphsage_fairloss_a50_sstate20_mb,tpr,gap,0.01314024074880793,0.010446060730605708,0.01563877171097311,True,State,51,39,100,182377,,,
Victim Race,named_n>=5000,graphsage_fairloss_a25_sstate20_mb,graphsage_fairloss_a50_sstate20_mb,tpr,amplification,0.1988284974779211,0.15525867093410511,0.23994736537111072,True,State,51,39,100,182377,,,
Victim Race,named_n>=5000,graphsage_fairloss_a25_sstate20_mb,graphsage_fairloss_a50_sstate20_mb,fpr,gap,0.012764984977808924,0.009367254545651616,0.016507400723151742,True,State,51,39,100,182377,,,
Victim Race,named_n>=5000,graphsage_fairloss_a25_sstate20_mb,graphsage_fairloss_a50_sstate20_mb,fpr,amplification,0.19315040203477485,0.13975385021917833,0.2512295180689541,True,State,51,39,100,182377,,,
Victim Race,named_n>=5000,graphsage_fairloss_a25_sstate20_mb,graphsage_fairloss_a50_sstate20_mb,selection_rate,signed_gap,-0.013479998089435452,-0.01528864767004239,-0.011400427357004748,True,State,51,39,100,182377,Black-White,-0.039982293953576886,-0.026502295864141434
Victim Race,named_n>=5000,graphsage_fairloss_a25_sstate20_mb,graphsage_fairloss_a50_sstate20_mb,tpr,signed_gap,-0.01314024074880793,-0.01563877171097311,-0.010446060730605708,True,State,51,39,100,182377,Black-White,-0.0254044747007941,-0.01226423395198617
Victim Race,named_n>=5000,graphsage_fairloss_a25_sstate20_mb,graphsage_fairloss_a50_sstate20_mb,fpr,signed_gap,-0.012764984977808924,-0.016507400723151742,-0.009367254545651616,True,State,51,39,100,182377,Black-White,-0.0247422821133933,-0.011977297135584375
Victim Race,named_n>=5000,graphsage_fairloss_a25_sstate20_mb,graphsage_fairloss_a100_sstate20_mb,selection_rate,gap,0.02948629576712858,0.026938915800929587,0.0319173107665331,True,State,51,39,100,182377,,,
Victim Race,named_n>=5000,graphsage_fairloss_a25_sstate20_mb,graphsage_fairloss_a100_sstate20_mb,selection_rate,amplification,0.4461650281483328,0.3993379512958333,0.4968493971053622,True,State,51,39,100,182377,,,
Victim Race,named_n>=5000,graphsage_fairloss_a25_sstate20_mb,graphsage_fairloss_a100_sstate20_mb,tpr,gap,0.023249027996334992,0.014333625601737909,0.028978677421571945,True,State,51,39,100,182377,,,
Victim Race,named_n>=5000,graphsage_fairloss_a25_sstate20_mb,graphsage_fairloss_a100_sstate20_mb,tpr,amplification,0.35178726118490367,0.216518750226157,0.4460649341172113,True,State,51,39,100,182377,,,
Victim Race,named_n>=5000,graphsage_fairloss_a25_sstate20_mb,graphsage_fairloss_a100_sstate20_mb,fpr,gap,0.021076251646826916,0.005213692012722615,0.030524858914091867,True,State,51,39,100,182377,,,
Victim Race,named_n>=5000,graphsage_fairloss_a25_sstate20_mb,graphsage_fairloss_a100_sstate20_mb,fpr,amplification,0.31891040107353585,0.0746239083553679,0.46858155441279686,True,State,51,39,100,182377,,,
Victim Race,named_n>=5000,graphsage_fairloss_a25_sstate20_mb,graphsage_fairloss_a100_sstate20_mb,selection_rate,signed_gap,-0.02948629576712858,-0.031917310766533105,-0.026938915800929587,True,State,51,39,100,182377,Black-White,-0.039982293953576886,-0.010495998186448308
Victim Race,named_n>=5000,graphsage_fairloss_a25_sstate20_mb,graphsage_fairloss_a100_sstate20_mb,tpr,signed_gap,-0.027559921405253207,-0.030609409069680595,-0.024446985950300204,True,State,51,39,100,182377,Black-White,-0.0254044747007941,0.0021554467044591075
Victim Race,named_n>=5000,graphsage_fairloss_a25_sstate20_mb,graphsage_fairloss_a100_sstate20_mb,fpr,signed_gap,-0.028408312579959683,-0.033181995442742536,-0.02359751673081188,True,State,51,39,100,182377,Black-White,-0.0247422821133933,0.0036660304665663834
Victim Race,named_n>=5000,graphsage_fairloss_a50_sstate20_mb,graphsage_fairloss_a100_sstate20_mb,selection_rate,gap,0.016006297677693127,0.013730918779913823,0.018114467096681533,True,State,51,39,100,182377,,,
Victim Race,named_n>=5000,graphsage_fairloss_a50_sstate20_mb,graphsage_fairloss_a100_sstate20_mb,selection_rate,amplification,0.24219557147221796,0.20716102092834524,0.2811690360021573,True,State,51,39,100,182377,,,
Victim Race,named_n>=5000,graphsage_fairloss_a50_sstate20_mb,graphsage_fairloss_a100_sstate20_mb,tpr,gap,0.010108787247527062,0.001455778531143709,0.015752096731961547,True,State,51,39,100,182377,,,
Victim Race,named_n>=5000,graphsage_fairloss_a50_sstate20_mb,graphsage_fairloss_a100_sstate20_mb,tpr,amplification,0.15295876370698253,0.021823990936132017,0.23813556944025946,True,State,51,39,100,182377,,,
Victim Race,named_n>=5000,graphsage_fairloss_a50_sstate20_mb,graphsage_fairloss_a100_sstate20_mb,fpr,gap,0.008311266669017991,-0.0076119644085613815,0.01767367220262224,False,State,51,39,100,182377,,,
Victim Race,named_n>=5000,graphsage_fairloss_a50_sstate20_mb,graphsage_fairloss_a100_sstate20_mb,fpr,amplification,0.125759999038761,-0.11464950755814755,0.26893515947372626,False,State,51,39,100,182377,,,
Victim Race,named_n>=5000,graphsage_fairloss_a50_sstate20_mb,graphsage_fairloss_a100_sstate20_mb,selection_rate,signed_gap,-0.016006297677693127,-0.018114467096681533,-0.013730918779913823,True,State,51,39,100,182377,Black-White,-0.026502295864141434,-0.010495998186448308
Victim Race,named_n>=5000,graphsage_fairloss_a50_sstate20_mb,graphsage_fairloss_a100_sstate20_mb,tpr,signed_gap,-0.014419680656445277,-0.016945059492838182,-0.011764289356436705,True,State,51,39,100,182377,Black-White,-0.01226423395198617,0.0021554467044591075
Victim Race,named_n>=5000,graphsage_fairloss_a50_sstate20_mb,graphsage_fairloss_a100_sstate20_mb,fpr,signed_gap,-0.01564332760215076,-0.01993620008464484,-0.011174461296015393,True,State,51,39,100,182377,Black-White,-0.011977297135584375,0.0036660304665663834
Victim Sex,named_all,graphsage_geo_blind_mb,graphsage_fairloss_a0_mb,selection_rate,gap,-0.005812758669756279,-0.0075911817747916,-0.004011228581323917,True,State,51,44,100,190039,,,
Victim Sex,named_all,graphsage_geo_blind_mb,graphsage_fairloss_a0_mb,selection_rate,amplification,-0.08185068473032775,-0.10864252081629992,-0.05590254839579672,True,State,51,44,100,190039,,,
Victim Sex,named_all,graphsage_geo_blind_mb,graphsage_fairloss_a0_mb,tpr,gap,-0.005004911490790076,-0.007127544625968751,-0.0029492829846014704,True,State,51,44,100,190039,,,
Victim Sex,named_all,graphsage_geo_blind_mb,graphsage_fairloss_a0_mb,tpr,amplification,-0.0704752176737159,-0.10057287245159935,-0.041236365855868574,True,State,51,44,100,190039,,,
Victim Sex,named_all,graphsage_geo_blind_mb,graphsage_fairloss_a0_mb,fpr,gap,-0.009516262209455117,-0.01376290468107388,-0.005462602497664905,True,State,51,44,100,190039,,,
Victim Sex,named_all,graphsage_geo_blind_mb,graphsage_fairloss_a0_mb,fpr,amplification,-0.13400050168432354,-0.1945266492170969,-0.07691249326532347,True,State,51,44,100,190039,,,
Victim Sex,named_all,graphsage_geo_blind_mb,graphsage_fairloss_a0_mb,selection_rate,signed_gap,0.005812758669756279,0.0040112285813239165,0.0075911817747916,True,State,51,44,100,190039,Male-Female,-0.07137255524890462,-0.0771853139186609
Victim Sex,named_all,graphsage_geo_blind_mb,graphsage_fairloss_a0_mb,tpr,signed_gap,0.005004911490790076,0.00294928298460147,0.007127544625968751,True,State,51,44,100,190039,Male-Female,-0.058175899601838,-0.06318081109262808
Victim Sex,named_all,graphsage_geo_blind_mb,graphsage_fairloss_a0_mb,fpr,signed_gap,0.009516262209455117,0.0054626024976649045,0.01376290468107388,True,State,51,44,100,190039,Male-Female,-0.04067401735494103,-0.050190279564396145
Victim Sex,named_n>=5000,graphsage_geo_blind_mb,graphsage_fairloss_a0_mb,selection_rate,gap,-0.005812758669756279,-0.0075911817747916,-0.004011228581323917,True,State,51,44,100,190039,,,
Victim Sex,named_n>=5000,graphsage_geo_blind_mb,graphsage_fairloss_a0_mb,selection_rate,amplification,-0.08185068473032775,-0.10864252081629992,-0.05590254839579672,True,State,51,44,100,190039,,,
Victim Sex,named_n>=5000,graphsage_geo_blind_mb,graphsage_fairloss_a0_mb,tpr,gap,-0.005004911490790076,-0.007127544625968751,-0.0029492829846014704,True,State,51,44,100,190039,,,
Victim Sex,named_n>=5000,graphsage_geo_blind_mb,graphsage_fairloss_a0_mb,tpr,amplification,-0.0704752176737159,-0.10057287245159935,-0.041236365855868574,True,State,51,44,100,190039,,,
Victim Sex,named_n>=5000,graphsage_geo_blind_mb,graphsage_fairloss_a0_mb,fpr,gap,-0.009516262209455117,-0.01376290468107388,-0.005462602497664905,True,State,51,44,100,190039,,,
Victim Sex,named_n>=5000,graphsage_geo_blind_mb,graphsage_fairloss_a0_mb,fpr,amplification,-0.13400050168432354,-0.1945266492170969,-0.07691249326532347,True,State,51,44,100,190039,,,
Victim Sex,named_n>=5000,graphsage_geo_blind_mb,graphsage_fairloss_a0_mb,selection_rate,signed_gap,0.005812758669756279,0.0040112285813239165,0.0075911817747916,True,State,51,44,100,190039,Male-Female,-0.07137255524890462,-0.0771853139186609
Victim Sex,named_n>=5000,graphsage_geo_blind_mb,graphsage_fairloss_a0_mb,tpr,signed_gap,0.005004911490790076,0.00294928298460147,0.007127544625968751,True,State,51,44,100,190039,Male-Female,-0.058175899601838,-0.06318081109262808
Victim Sex,named_n>=5000,graphsage_geo_blind_mb,graphsage_fairloss_a0_mb,fpr,signed_gap,0.009516262209455117,0.0054626024976649045,0.01376290468107388,True,State,51,44,100,190039,Male-Female,-0.04067401735494103,-0.050190279564396145
Victim Sex,named_all,graphsage_geo_blind_mb,graphsage_fairloss_a10_mb,selection_rate,gap,0.021265430197282997,0.01843169219548601,0.024002843660115382,True,State,51,44,100,190039,,,
Victim Sex,named_all,graphsage_geo_blind_mb,graphsage_fairloss_a10_mb,selection_rate,amplification,0.2994430220867196,0.25480247816229806,0.34000305765935607,True,State,51,44,100,190039,,,
Victim Sex,named_all,graphsage_geo_blind_mb,graphsage_fairloss_a10_mb,tpr,gap,0.018112745026259036,0.014708554243848487,0.02121779854413022,True,State,51,44,100,190039,,,
Victim Sex,named_all,graphsage_geo_blind_mb,graphsage_fairloss_a10_mb,tpr,amplification,0.2550493951277871,0.20729965028258796,0.3054904046039104,True,State,51,44,100,190039,,,
Victim Sex,named_all,graphsage_geo_blind_mb,graphsage_fairloss_a10_mb,fpr,gap,0.02776214521411563,0.021585554415212788,0.0337710232743039,True,State,51,44,100,190039,,,
Victim Sex,named_all,graphsage_geo_blind_mb,graphsage_fairloss_a10_mb,fpr,amplification,0.39092464085618583,0.30668112405639414,0.4764302952468041,True,State,51,44,100,190039,,,
Victim Sex,named_all,graphsage_geo_blind_mb,graphsage_fairloss_a10_mb,selection_rate,signed_gap,-0.021265430197282997,-0.024002843660115382,-0.01843169219548601,True,State,51,44,100,190039,Male-Female,-0.07137255524890462,-0.050107125051621626
Victim Sex,named_all,graphsage_geo_blind_mb,graphsage_fairloss_a10_mb,tpr,signed_gap,-0.018112745026259036,-0.02121779854413022,-0.014708554243848487,True,State,51,44,100,190039,Male-Female,-0.058175899601838,-0.04006315457557896
Victim Sex,named_all,graphsage_geo_blind_mb,graphsage_fairloss_a10_mb,fpr,signed_gap,-0.02776214521411563,-0.03384561406750539,-0.02161144452917284,True,State,51,44,100,190039,Male-Female,-0.04067401735494103,-0.012911872140825398
Victim Sex,named_n>=5000,graphsage_geo_blind_mb,graphsage_fairloss_a10_mb,selection_rate,gap,0.021265430197282997,0.01843169219548601,0.024002843660115382,True,State,51,44,100,190039,,,
Victim Sex,named_n>=5000,graphsage_geo_blind_mb,graphsage_fairloss_a10_mb,selection_rate,amplification,0.2994430220867196,0.25480247816229806,0.34000305765935607,True,State,51,44,100,190039,,,
Victim Sex,named_n>=5000,graphsage_geo_blind_mb,graphsage_fairloss_a10_mb,tpr,gap,0.018112745026259036,0.014708554243848487,0.02121779854413022,True,State,51,44,100,190039,,,
Victim Sex,named_n>=5000,graphsage_geo_blind_mb,graphsage_fairloss_a10_mb,tpr,amplification,0.2550493951277871,0.20729965028258796,0.3054904046039104,True,State,51,44,100,190039,,,
Victim Sex,named_n>=5000,graphsage_geo_blind_mb,graphsage_fairloss_a10_mb,fpr,gap,0.02776214521411563,0.021585554415212788,0.0337710232743039,True,State,51,44,100,190039,,,
Victim Sex,named_n>=5000,graphsage_geo_blind_mb,graphsage_fairloss_a10_mb,fpr,amplification,0.39092464085618583,0.30668112405639414,0.4764302952468041,True,State,51,44,100,190039,,,
Victim Sex,named_n>=5000,graphsage_geo_blind_mb,graphsage_fairloss_a10_mb,selection_rate,signed_gap,-0.021265430197282997,-0.024002843660115382,-0.01843169219548601,True,State,51,44,100,190039,Male-Female,-0.07137255524890462,-0.050107125051621626
Victim Sex,named_n>=5000,graphsage_geo_blind_mb,graphsage_fairloss_a10_mb,tpr,signed_gap,-0.018112745026259036,-0.02121779854413022,-0.014708554243848487,True,State,51,44,100,190039,Male-Female,-0.058175899601838,-0.04006315457557896
Victim Sex,named_n>=5000,graphsage_geo_blind_mb,graphsage_fairloss_a10_mb,fpr,signed_gap,-0.02776214521411563,-0.03384561406750539,-0.02161144452917284,True,State,51,44,100,190039,Male-Female,-0.04067401735494103,-0.012911872140825398
Victim Sex,named_all,graphsage_geo_blind_mb,graphsage_fairloss_a25_mb,selection_rate,gap,0.02698938077768187,0.02411914684835601,0.030140613764663773,True,State,51,44,100,190039,,,
Victim Sex,named_all,graphsage_geo_blind_mb,graphsage_fairloss_a25_mb,selection_rate,amplification,0.3800431813202094,0.33527417406122917,0.428972018841151,True,State,51,44,100,190039,,,
Victim Sex,named_all,graphsage_geo_blind_mb,graphsage_fairloss_a25_mb,tpr,gap,0.02399286619860319,0.020285663664520337,0.027780841577168473,True,State,51,44,100,190039,,,
Victim Sex,named_all,graphsage_geo_blind_mb,graphsage_fairloss_a25_mb,tpr,amplification,0.33784862551005346,0.2827680114033418,0.39124827304289095,True,State,51,44,100,190039,,,
Victim Sex,named_all,graphsage_geo_blind_mb,graphsage_fairloss_a25_mb,fpr,gap,0.032994209573245226,0.026477137254609318,0.039112346736425045,True,State,51,44,100,190039,,,
Victim Sex,named_all,graphsage_geo_blind_mb,graphsage_fairloss_a25_mb,fpr,amplification,0.4645984461314797,0.3706518127635863,0.5613412386672799,True,State,51,44,100,190039,,,
Victim Sex,named_all,graphsage_geo_blind_mb,graphsage_fairloss_a25_mb,selection_rate,signed_gap,-0.02698938077768187,-0.030140613764663773,-0.02411914684835601,True,State,51,44,100,190039,Male-Female,-0.07137255524890462,-0.04438317447122275
Victim Sex,named_all,graphsage_geo_blind_mb,graphsage_fairloss_a25_mb,tpr,signed_gap,-0.02399286619860319,-0.027780841577168473,-0.020285663664520337,True,State,51,44,100,190039,Male-Female,-0.058175899601838,-0.03418303340323481
Victim Sex,named_all,graphsage_geo_blind_mb,graphsage_fairloss_a25_mb,fpr,signed_gap,-0.032994209573245226,-0.03937880657911969,-0.027149559993042048,True,State,51,44,100,190039,Male-Female,-0.04067401735494103,-0.007679807781695802
Victim Sex,named_n>=5000,graphsage_geo_blind_mb,graphsage_fairloss_a25_mb,selection_rate,gap,0.02698938077768187,0.02411914684835601,0.030140613764663773,True,State,51,44,100,190039,,,
Victim Sex,named_n>=5000,graphsage_geo_blind_mb,graphsage_fairloss_a25_mb,selection_rate,amplification,0.3800431813202094,0.33527417406122917,0.428972018841151,True,State,51,44,100,190039,,,
Victim Sex,named_n>=5000,graphsage_geo_blind_mb,graphsage_fairloss_a25_mb,tpr,gap,0.02399286619860319,0.020285663664520337,0.027780841577168473,True,State,51,44,100,190039,,,
Victim Sex,named_n>=5000,graphsage_geo_blind_mb,graphsage_fairloss_a25_mb,tpr,amplification,0.33784862551005346,0.2827680114033418,0.39124827304289095,True,State,51,44,100,190039,,,
Victim Sex,named_n>=5000,graphsage_geo_blind_mb,graphsage_fairloss_a25_mb,fpr,gap,0.032994209573245226,0.026477137254609318,0.039112346736425045,True,State,51,44,100,190039,,,
Victim Sex,named_n>=5000,graphsage_geo_blind_mb,graphsage_fairloss_a25_mb,fpr,amplification,0.4645984461314797,0.3706518127635863,0.5613412386672799,True,State,51,44,100,190039,,,
Victim Sex,named_n>=5000,graphsage_geo_blind_mb,graphsage_fairloss_a25_mb,selection_rate,signed_gap,-0.02698938077768187,-0.030140613764663773,-0.02411914684835601,True,State,51,44,100,190039,Male-Female,-0.07137255524890462,-0.04438317447122275
Victim Sex,named_n>=5000,graphsage_geo_blind_mb,graphsage_fairloss_a25_mb,tpr,signed_gap,-0.02399286619860319,-0.027780841577168473,-0.020285663664520337,True,State,51,44,100,190039,Male-Female,-0.058175899601838,-0.03418303340323481
Victim Sex,named_n>=5000,graphsage_geo_blind_mb,graphsage_fairloss_a25_mb,fpr,signed_gap,-0.032994209573245226,-0.03937880657911969,-0.027149559993042048,True,State,51,44,100,190039,Male-Female,-0.04067401735494103,-0.007679807781695802
Victim Sex,named_all,graphsage_geo_blind_mb,graphsage_fairloss_a50_mb,selection_rate,gap,0.025748760787750347,0.022572318202262295,0.028818045876148397,True,State,51,44,100,190039,,,
Victim Sex,named_all,graphsage_geo_blind_mb,graphsage_fairloss_a50_mb,selection_rate,amplification,0.3625737487434936,0.31454345339858975,0.4125980395802603,True,State,51,44,100,190039,,,
Victim Sex,named_all,graphsage_geo_blind_mb,graphsage_fairloss_a50_mb,tpr,gap,0.02295607685729284,0.01918433831600514,0.02656792743317823,True,State,51,44,100,190039,,,
Victim Sex,named_all,graphsage_geo_blind_mb,graphsage_fairloss_a50_mb,tpr,amplification,0.3232493754243939,0.26666734173179557,0.3782451151646436,True,State,51,44,100,190039,,,
Victim Sex,named_all,graphsage_geo_blind_mb,graphsage_fairloss_a50_mb,fpr,gap,0.03036599164093623,0.023908087492906,0.03688850580584972,True,State,51,44,100,190039,,,
Victim Sex,named_all,graphsage_geo_blind_mb,graphsage_fairloss_a50_mb,fpr,amplification,0.4275899533311005,0.3283259227186747,0.5220104664490943,True,State,51,44,100,190039,,,
Victim Sex,named_all,graphsage_geo_blind_mb,graphsage_fairloss_a50_mb,selection_rate,signed_gap,-0.025748760787750347,-0.028818045876148397,-0.022572318202262295,True,State,51,44,100,190039,Male-Female,-0.07137255524890462,-0.04562379446115428
Victim Sex,named_all,graphsage_geo_blind_mb,graphsage_fairloss_a50_mb,tpr,signed_gap,-0.02295607685729284,-0.02656792743317823,-0.01918433831600514,True,State,51,44,100,190039,Male-Female,-0.058175899601838,-0.03521982274454516
Victim Sex,named_all,graphsage_geo_blind_mb,graphsage_fairloss_a50_mb,fpr,signed_gap,-0.03036599164093623,-0.03688850580584972,-0.02393002586326694,True,State,51,44,100,190039,Male-Female,-0.04067401735494103,-0.010308025714004798
Victim Sex,named_n>=5000,graphsage_geo_blind_mb,graphsage_fairloss_a50_mb,selection_rate,gap,0.025748760787750347,0.022572318202262295,0.028818045876148397,True,State,51,44,100,190039,,,
Victim Sex,named_n>=5000,graphsage_geo_blind_mb,graphsage_fairloss_a50_mb,selection_rate,amplification,0.3625737487434936,0.31454345339858975,0.4125980395802603,True,State,51,44,100,190039,,,
Victim Sex,named_n>=5000,graphsage_geo_blind_mb,graphsage_fairloss_a50_mb,tpr,gap,0.02295607685729284,0.01918433831600514,0.02656792743317823,True,State,51,44,100,190039,,,
Victim Sex,named_n>=5000,graphsage_geo_blind_mb,graphsage_fairloss_a50_mb,tpr,amplification,0.3232493754243939,0.26666734173179557,0.3782451151646436,True,State,51,44,100,190039,,,
Victim Sex,named_n>=5000,graphsage_geo_blind_mb,graphsage_fairloss_a50_mb,fpr,gap,0.03036599164093623,0.023908087492906,0.03688850580584972,True,State,51,44,100,190039,,,
Victim Sex,named_n>=5000,graphsage_geo_blind_mb,graphsage_fairloss_a50_mb,fpr,amplification,0.4275899533311005,0.3283259227186747,0.5220104664490943,True,State,51,44,100,190039,,,
Victim Sex,named_n>=5000,graphsage_geo_blind_mb,graphsage_fairloss_a50_mb,selection_rate,signed_gap,-0.025748760787750347,-0.028818045876148397,-0.022572318202262295,True,State,51,44,100,190039,Male-Female,-0.07137255524890462,-0.04562379446115428
Victim Sex,named_n>=5000,graphsage_geo_blind_mb,graphsage_fairloss_a50_mb,tpr,signed_gap,-0.02295607685729284,-0.02656792743317823,-0.01918433831600514,True,State,51,44,100,190039,Male-Female,-0.058175899601838,-0.03521982274454516
Victim Sex,named_n>=5000,graphsage_geo_blind_mb,graphsage_fairloss_a50_mb,fpr,signed_gap,-0.03036599164093623,-0.03688850580584972,-0.02393002586326694,True,State,51,44,100,190039,Male-Female,-0.04067401735494103,-0.010308025714004798
Victim Sex,named_all,graphsage_geo_blind_mb,graphsage_fairloss_a100_mb,selection_rate,gap,0.029286360794824384,0.02578605101457217,0.03248016071109732,True,State,51,44,100,190039,,,
Victim Sex,named_all,graphsage_geo_blind_mb,graphsage_fairloss_a100_mb,selection_rate,amplification,0.4123874429516453,0.36082000446888834,0.46709606587364394,True,State,51,44,100,190039,,,
Victim Sex,named_all,graphsage_geo_blind_mb,graphsage_fairloss_a100_mb,tpr,gap,0.02643639208856363,0.02240267367666197,0.030336838679862102,True,State,51,44,100,190039,,,
Victim Sex,named_all,graphsage_geo_blind_mb,graphsage_fairloss_a100_mb,tpr,amplification,0.37225643058377267,0.3141998904808885,0.4356477451926826,True,State,51,44,100,190039,,,
Victim Sex,named_all,graphsage_geo_blind_mb,graphsage_fairloss_a100_mb,fpr,gap,0.03241874739982731,0.025384513879749424,0.038995819468710516,True,State,51,44,100,190039,,,
Victim Sex,named_all,graphsage_geo_blind_mb,graphsage_fairloss_a100_mb,fpr,amplification,0.4564952415075324,0.35195746329273975,0.554643512913927,True,State,51,44,100,190039,,,
Victim Sex,named_all,graphsage_geo_blind_mb,graphsage_fairloss_a100_mb,selection_rate,signed_gap,-0.029286360794824384,-0.03248016071109733,-0.02578605101457217,True,State,51,44,100,190039,Male-Female,-0.07137255524890462,-0.04208619445408024
Victim Sex,named_all,graphsage_geo_blind_mb,graphsage_fairloss_a100_mb,tpr,signed_gap,-0.02643639208856363,-0.030336838679862106,-0.02240267367666197,True,State,51,44,100,190039,Male-Female,-0.058175899601838,-0.03173950751327437
Victim Sex,named_all,graphsage_geo_blind_mb,graphsage_fairloss_a100_mb,fpr,signed_gap,-0.03241874739982731,-0.03924995234941954,-0.025652980591614284,True,State,51,44,100,190039,Male-Female,-0.04067401735494103,-0.00825526995511372
Victim Sex,named_n>=5000,graphsage_geo_blind_mb,graphsage_fairloss_a100_mb,selection_rate,gap,0.029286360794824384,0.02578605101457217,0.03248016071109732,True,State,51,44,100,190039,,,
Victim Sex,named_n>=5000,graphsage_geo_blind_mb,graphsage_fairloss_a100_mb,selection_rate,amplification,0.4123874429516453,0.36082000446888834,0.46709606587364394,True,State,51,44,100,190039,,,
Victim Sex,named_n>=5000,graphsage_geo_blind_mb,graphsage_fairloss_a100_mb,tpr,gap,0.02643639208856363,0.02240267367666197,0.030336838679862102,True,State,51,44,100,190039,,,
Victim Sex,named_n>=5000,graphsage_geo_blind_mb,graphsage_fairloss_a100_mb,tpr,amplification,0.37225643058377267,0.3141998904808885,0.4356477451926826,True,State,51,44,100,190039,,,
Victim Sex,named_n>=5000,graphsage_geo_blind_mb,graphsage_fairloss_a100_mb,fpr,gap,0.03241874739982731,0.025384513879749424,0.038995819468710516,True,State,51,44,100,190039,,,
Victim Sex,named_n>=5000,graphsage_geo_blind_mb,graphsage_fairloss_a100_mb,fpr,amplification,0.4564952415075324,0.35195746329273975,0.554643512913927,True,State,51,44,100,190039,,,
Victim Sex,named_n>=5000,graphsage_geo_blind_mb,graphsage_fairloss_a100_mb,selection_rate,signed_gap,-0.029286360794824384,-0.03248016071109733,-0.02578605101457217,True,State,51,44,100,190039,Male-Female,-0.07137255524890462,-0.04208619445408024
Victim Sex,named_n>=5000,graphsage_geo_blind_mb,graphsage_fairloss_a100_mb,tpr,signed_gap,-0.02643639208856363,-0.030336838679862106,-0.02240267367666197,True,State,51,44,100,190039,Male-Female,-0.058175899601838,-0.03173950751327437
Victim Sex,named_n>=5000,graphsage_geo_blind_mb,graphsage_fairloss_a100_mb,fpr,signed_gap,-0.03241874739982731,-0.03924995234941954,-0.025652980591614284,True,State,51,44,100,190039,Male-Female,-0.04067401735494103,-0.00825526995511372
Victim Sex,named_all,graphsage_geo_blind_mb,graphsage_fairloss_a5_sstate20_mb,selection_rate,gap,0.014118545065158972,0.011810552910694768,0.016563255749793476,True,State,51,44,100,190039,,,
Victim Sex,named_all,graphsage_geo_blind_mb,graphsage_fairloss_a5_sstate20_mb,selection_rate,amplification,0.1988062203565908,0.16188785978271183,0.23645211521960835,True,State,51,44,100,190039,,,
Victim Sex,named_all,graphsage_geo_blind_mb,graphsage_fairloss_a5_sstate20_mb,tpr,gap,0.013071293874202583,0.01038304007166602,0.015958023811722042,True,State,51,44,100,190039,,,
Victim Sex,named_all,graphsage_geo_blind_mb,graphsage_fairloss_a5_sstate20_mb,tpr,amplification,0.18405965475247887,0.14526980302502446,0.22783667335781838,True,State,51,44,100,190039,,,
Victim Sex,named_all,graphsage_geo_blind_mb,graphsage_fairloss_a5_sstate20_mb,fpr,gap,0.016282112041515695,0.011419059213595853,0.02087410543204761,True,State,51,44,100,190039,,,
Victim Sex,named_all,graphsage_geo_blind_mb,graphsage_fairloss_a5_sstate20_mb,fpr,amplification,0.22927186473231848,0.15707870220119502,0.29768284741629286,True,State,51,44,100,190039,,,
Victim Sex,named_all,graphsage_geo_blind_mb,graphsage_fairloss_a5_sstate20_mb,selection_rate,signed_gap,-0.014118545065158972,-0.016563255749793476,-0.01181055291069477,True,State,51,44,100,190039,Male-Female,-0.07137255524890462,-0.05725401018374565
Victim Sex,named_all,graphsage_geo_blind_mb,graphsage_fairloss_a5_sstate20_mb,tpr,signed_gap,-0.013071293874202583,-0.015958023811722042,-0.01038304007166602,True,State,51,44,100,190039,Male-Female,-0.058175899601838,-0.045104605727635416
Victim Sex,named_all,graphsage_geo_blind_mb,graphsage_fairloss_a5_sstate20_mb,fpr,signed_gap,-0.016282112041515695,-0.020874105432047613,-0.011419059213595853,True,State,51,44,100,190039,Male-Female,-0.04067401735494103,-0.024391905313425333
Victim Sex,named_n>=5000,graphsage_geo_blind_mb,graphsage_fairloss_a5_sstate20_mb,selection_rate,gap,0.014118545065158972,0.011810552910694768,0.016563255749793476,True,State,51,44,100,190039,,,
Victim Sex,named_n>=5000,graphsage_geo_blind_mb,graphsage_fairloss_a5_sstate20_mb,selection_rate,amplification,0.1988062203565908,0.16188785978271183,0.23645211521960835,True,State,51,44,100,190039,,,
Victim Sex,named_n>=5000,graphsage_geo_blind_mb,graphsage_fairloss_a5_sstate20_mb,tpr,gap,0.013071293874202583,0.01038304007166602,0.015958023811722042,True,State,51,44,100,190039,,,
Victim Sex,named_n>=5000,graphsage_geo_blind_mb,graphsage_fairloss_a5_sstate20_mb,tpr,amplification,0.18405965475247887,0.14526980302502446,0.22783667335781838,True,State,51,44,100,190039,,,
Victim Sex,named_n>=5000,graphsage_geo_blind_mb,graphsage_fairloss_a5_sstate20_mb,fpr,gap,0.016282112041515695,0.011419059213595853,0.02087410543204761,True,State,51,44,100,190039,,,
Victim Sex,named_n>=5000,graphsage_geo_blind_mb,graphsage_fairloss_a5_sstate20_mb,fpr,amplification,0.22927186473231848,0.15707870220119502,0.29768284741629286,True,State,51,44,100,190039,,,
Victim Sex,named_n>=5000,graphsage_geo_blind_mb,graphsage_fairloss_a5_sstate20_mb,selection_rate,signed_gap,-0.014118545065158972,-0.016563255749793476,-0.01181055291069477,True,State,51,44,100,190039,Male-Female,-0.07137255524890462,-0.05725401018374565
Victim Sex,named_n>=5000,graphsage_geo_blind_mb,graphsage_fairloss_a5_sstate20_mb,tpr,signed_gap,-0.013071293874202583,-0.015958023811722042,-0.01038304007166602,True,State,51,44,100,190039,Male-Female,-0.058175899601838,-0.045104605727635416
Victim Sex,named_n>=5000,graphsage_geo_blind_mb,graphsage_fairloss_a5_sstate20_mb,fpr,signed_gap,-0.016282112041515695,-0.020874105432047613,-0.011419059213595853,True,State,51,44,100,190039,Male-Female,-0.04067401735494103,-0.024391905313425333
Victim Sex,named_all,graphsage_geo_blind_mb,graphsage_fairloss_a10_sstate20_mb,selection_rate,gap,0.027437635478814837,0.02484875288889987,0.030000724987958007,True,State,51,44,100,190039,,,
Victim Sex,named_all,graphsage_geo_blind_mb,graphsage_fairloss_a10_sstate20_mb,selection_rate,amplification,0.3863551506115236,0.34481483121237594,0.4335136876521692,True,State,51,44,100,190039,,,
Victim Sex,named_all,graphsage_geo_blind_mb,graphsage_fairloss_a10_sstate20_mb,tpr,gap,0.025258809002923654,0.022267305717639324,0.02824348578778876,True,State,51,44,100,190039,,,
Victim Sex,named_all,graphsage_geo_blind_mb,graphsage_fairloss_a10_sstate20_mb,tpr,amplification,0.35567463399414656,0.3112964441694826,0.40573422827812966,True,State,51,44,100,190039,,,
Victim Sex,named_all,graphsage_geo_blind_mb,graphsage_fairloss_a10_sstate20_mb,fpr,gap,0.03217234942934066,0.025542389687166572,0.03729469734719552,True,State,51,44,100,190039,,,
Victim Sex,named_all,graphsage_geo_blind_mb,graphsage_fairloss_a10_sstate20_mb,fpr,amplification,0.45302565955061613,0.354914906501387,0.5329223380408333,True,State,51,44,100,190039,,,
Victim Sex,named_all,graphsage_geo_blind_mb,graphsage_fairloss_a10_sstate20_mb,selection_rate,signed_gap,-0.027437635478814837,-0.030000724987958007,-0.024848752888899872,True,State,51,44,100,190039,Male-Female,-0.07137255524890462,-0.043934919770089786
Victim Sex,named_all,graphsage_geo_blind_mb,graphsage_fairloss_a10_sstate20_mb,tpr,signed_gap,-0.025258809002923654,-0.02824348578778876,-0.022267305717639324,True,State,51,44,100,190039,Male-Female,-0.058175899601838,-0.032917090598914345
Victim Sex,named_all,graphsage_geo_blind_mb,graphsage_fairloss_a10_sstate20_mb,fpr,signed_gap,-0.03217234942934066,-0.037330959784212255,-0.02656241077656811,True,State,51,44,100,190039,Male-Female,-0.04067401735494103,-0.008501667925600365
Victim Sex,named_n>=5000,graphsage_geo_blind_mb,graphsage_fairloss_a10_sstate20_mb,selection_rate,gap,0.027437635478814837,0.02484875288889987,0.030000724987958007,True,State,51,44,100,190039,,,
Victim Sex,named_n>=5000,graphsage_geo_blind_mb,graphsage_fairloss_a10_sstate20_mb,selection_rate,amplification,0.3863551506115236,0.34481483121237594,0.4335136876521692,True,State,51,44,100,190039,,,
Victim Sex,named_n>=5000,graphsage_geo_blind_mb,graphsage_fairloss_a10_sstate20_mb,tpr,gap,0.025258809002923654,0.022267305717639324,0.02824348578778876,True,State,51,44,100,190039,,,
Victim Sex,named_n>=5000,graphsage_geo_blind_mb,graphsage_fairloss_a10_sstate20_mb,tpr,amplification,0.35567463399414656,0.3112964441694826,0.40573422827812966,True,State,51,44,100,190039,,,
Victim Sex,named_n>=5000,graphsage_geo_blind_mb,graphsage_fairloss_a10_sstate20_mb,fpr,gap,0.03217234942934066,0.025542389687166572,0.03729469734719552,True,State,51,44,100,190039,,,
Victim Sex,named_n>=5000,graphsage_geo_blind_mb,graphsage_fairloss_a10_sstate20_mb,fpr,amplification,0.45302565955061613,0.354914906501387,0.5329223380408333,True,State,51,44,100,190039,,,
Victim Sex,named_n>=5000,graphsage_geo_blind_mb,graphsage_fairloss_a10_sstate20_mb,selection_rate,signed_gap,-0.027437635478814837,-0.030000724987958007,-0.024848752888899872,True,State,51,44,100,190039,Male-Female,-0.07137255524890462,-0.043934919770089786
Victim Sex,named_n>=5000,graphsage_geo_blind_mb,graphsage_fairloss_a10_sstate20_mb,tpr,signed_gap,-0.025258809002923654,-0.02824348578778876,-0.022267305717639324,True,State,51,44,100,190039,Male-Female,-0.058175899601838,-0.032917090598914345
Victim Sex,named_n>=5000,graphsage_geo_blind_mb,graphsage_fairloss_a10_sstate20_mb,fpr,signed_gap,-0.03217234942934066,-0.037330959784212255,-0.02656241077656811,True,State,51,44,100,190039,Male-Female,-0.04067401735494103,-0.008501667925600365
Victim Sex,named_all,graphsage_geo_blind_mb,graphsage_fairloss_a25_sstate20_mb,selection_rate,gap,0.032915801193283634,0.03001893134378252,0.03593692884999407,True,State,51,44,100,190039,,,
Victim Sex,named_all,graphsage_geo_blind_mb,graphsage_fairloss_a25_sstate20_mb,selection_rate,amplification,0.46349436114308273,0.4148968337172936,0.5207640332106975,True,State,51,44,100,190039,,,
Victim Sex,named_all,graphsage_geo_blind_mb,graphsage_fairloss_a25_sstate20_mb,tpr,gap,0.03015505155127618,0.02670780893614107,0.033800493411907946,True,State,51,44,100,190039,,,
Victim Sex,named_all,graphsage_geo_blind_mb,graphsage_fairloss_a25_sstate20_mb,tpr,amplification,0.4246196612965138,0.36766823943335764,0.4888607250005059,True,State,51,44,100,190039,,,
Victim Sex,named_all,graphsage_geo_blind_mb,graphsage_fairloss_a25_sstate20_mb,fpr,gap,0.03587218739045217,0.025778180081807447,0.04131116106696163,True,State,51,44,100,190039,,,
Victim Sex,named_all,graphsage_geo_blind_mb,graphsage_fairloss_a25_sstate20_mb,fpr,amplification,0.5051238607169367,0.3637714698704986,0.5887346615395153,True,State,51,44,100,190039,,,
Victim Sex,named_all,graphsage_geo_blind_mb,graphsage_fairloss_a25_sstate20_mb,selection_rate,signed_gap,-0.032915801193283634,-0.03593692884999407,-0.03001893134378252,True,State,51,44,100,190039,Male-Female,-0.07137255524890462,-0.03845675405562099
Victim Sex,named_all,graphsage_geo_blind_mb,graphsage_fairloss_a25_sstate20_mb,tpr,signed_gap,-0.03015505155127618,-0.033800493411907946,-0.02670780893614107,True,State,51,44,100,190039,Male-Female,-0.058175899601838,-0.02802084805056182
Victim Sex,named_all,graphsage_geo_blind_mb,graphsage_fairloss_a25_sstate20_mb,fpr,signed_gap,-0.03587218739045217,-0.041607546748743826,-0.029879991202221675,True,State,51,44,100,190039,Male-Female,-0.04067401735494103,-0.004801829964488857
Victim Sex,named_n>=5000,graphsage_geo_blind_mb,graphsage_fairloss_a25_sstate20_mb,selection_rate,gap,0.032915801193283634,0.03001893134378252,0.03593692884999407,True,State,51,44,100,190039,,,
Victim Sex,named_n>=5000,graphsage_geo_blind_mb,graphsage_fairloss_a25_sstate20_mb,selection_rate,amplification,0.46349436114308273,0.4148968337172936,0.5207640332106975,True,State,51,44,100,190039,,,
Victim Sex,named_n>=5000,graphsage_geo_blind_mb,graphsage_fairloss_a25_sstate20_mb,tpr,gap,0.03015505155127618,0.02670780893614107,0.033800493411907946,True,State,51,44,100,190039,,,
Victim Sex,named_n>=5000,graphsage_geo_blind_mb,graphsage_fairloss_a25_sstate20_mb,tpr,amplification,0.4246196612965138,0.36766823943335764,0.4888607250005059,True,State,51,44,100,190039,,,
Victim Sex,named_n>=5000,graphsage_geo_blind_mb,graphsage_fairloss_a25_sstate20_mb,fpr,gap,0.03587218739045217,0.025778180081807447,0.04131116106696163,True,State,51,44,100,190039,,,
Victim Sex,named_n>=5000,graphsage_geo_blind_mb,graphsage_fairloss_a25_sstate20_mb,fpr,amplification,0.5051238607169367,0.3637714698704986,0.5887346615395153,True,State,51,44,100,190039,,,
Victim Sex,named_n>=5000,graphsage_geo_blind_mb,graphsage_fairloss_a25_sstate20_mb,selection_rate,signed_gap,-0.032915801193283634,-0.03593692884999407,-0.03001893134378252,True,State,51,44,100,190039,Male-Female,-0.07137255524890462,-0.03845675405562099
Victim Sex,named_n>=5000,graphsage_geo_blind_mb,graphsage_fairloss_a25_sstate20_mb,tpr,signed_gap,-0.03015505155127618,-0.033800493411907946,-0.02670780893614107,True,State,51,44,100,190039,Male-Female,-0.058175899601838,-0.02802084805056182
Victim Sex,named_n>=5000,graphsage_geo_blind_mb,graphsage_fairloss_a25_sstate20_mb,fpr,signed_gap,-0.03587218739045217,-0.041607546748743826,-0.029879991202221675,True,State,51,44,100,190039,Male-Female,-0.04067401735494103,-0.004801829964488857
Victim Sex,named_all,graphsage_geo_blind_mb,graphsage_fairloss_a50_sstate20_mb,selection_rate,gap,0.04246324127900081,0.03916225196590022,0.04579062085781928,True,State,51,44,100,190039,,,
Victim Sex,named_all,graphsage_geo_blind_mb,graphsage_fairloss_a50_sstate20_mb,selection_rate,amplification,0.5979338850998712,0.5421620164849096,0.6581436668495116,True,State,51,44,100,190039,,,
Victim Sex,named_all,graphsage_geo_blind_mb,graphsage_fairloss_a50_sstate20_mb,tpr,gap,0.038919118208544656,0.034753639961477976,0.042802249119021064,True,State,51,44,100,190039,,,
Victim Sex,named_all,graphsage_geo_blind_mb,graphsage_fairloss_a50_sstate20_mb,tpr,amplification,0.5480283382560436,0.484544304506918,0.6131058391168505,True,State,51,44,100,190039,,,
Victim Sex,named_all,graphsage_geo_blind_mb,graphsage_fairloss_a50_sstate20_mb,fpr,gap,0.03732197236354401,0.018952535741322055,0.047344445725735436,True,State,51,44,100,190039,,,
Victim Sex,named_all,graphsage_geo_blind_mb,graphsage_fairloss_a50_sstate20_mb,fpr,amplification,0.5255385896780277,0.26844532879534094,0.6739376940374001,True,State,51,44,100,190039,,,
Victim Sex,named_all,graphsage_geo_blind_mb,graphsage_fairloss_a50_sstate20_mb,selection_rate,signed_gap,-0.04246324127900081,-0.04579062085781928,-0.03916225196590022,True,State,51,44,100,190039,Male-Female,-0.07137255524890462,-0.028909313969903816
Victim Sex,named_all,graphsage_geo_blind_mb,graphsage_fairloss_a50_sstate20_mb,tpr,signed_gap,-0.038919118208544656,-0.04280224911902107,-0.034753639961477976,True,State,51,44,100,190039,Male-Female,-0.058175899601838,-0.019256781393293343
Victim Sex,named_all,graphsage_geo_blind_mb,graphsage_fairloss_a50_sstate20_mb,fpr,signed_gap,-0.044026062346338046,-0.05048843872720965,-0.03708589713367873,True,State,51,44,100,190039,Male-Female,-0.04067401735494103,0.0033520449913970185
Victim Sex,named_n>=5000,graphsage_geo_blind_mb,graphsage_fairloss_a50_sstate20_mb,selection_rate,gap,0.04246324127900081,0.03916225196590022,0.04579062085781928,True,State,51,44,100,190039,,,
Victim Sex,named_n>=5000,graphsage_geo_blind_mb,graphsage_fairloss_a50_sstate20_mb,selection_rate,amplification,0.5979338850998712,0.5421620164849096,0.6581436668495116,True,State,51,44,100,190039,,,
Victim Sex,named_n>=5000,graphsage_geo_blind_mb,graphsage_fairloss_a50_sstate20_mb,tpr,gap,0.038919118208544656,0.034753639961477976,0.042802249119021064,True,State,51,44,100,190039,,,
Victim Sex,named_n>=5000,graphsage_geo_blind_mb,graphsage_fairloss_a50_sstate20_mb,tpr,amplification,0.5480283382560436,0.484544304506918,0.6131058391168505,True,State,51,44,100,190039,,,
Victim Sex,named_n>=5000,graphsage_geo_blind_mb,graphsage_fairloss_a50_sstate20_mb,fpr,gap,0.03732197236354401,0.018952535741322055,0.047344445725735436,True,State,51,44,100,190039,,,
Victim Sex,named_n>=5000,graphsage_geo_blind_mb,graphsage_fairloss_a50_sstate20_mb,fpr,amplification,0.5255385896780277,0.26844532879534094,0.6739376940374001,True,State,51,44,100,190039,,,
Victim Sex,named_n>=5000,graphsage_geo_blind_mb,graphsage_fairloss_a50_sstate20_mb,selection_rate,signed_gap,-0.04246324127900081,-0.04579062085781928,-0.03916225196590022,True,State,51,44,100,190039,Male-Female,-0.07137255524890462,-0.028909313969903816
Victim Sex,named_n>=5000,graphsage_geo_blind_mb,graphsage_fairloss_a50_sstate20_mb,tpr,signed_gap,-0.038919118208544656,-0.04280224911902107,-0.034753639961477976,True,State,51,44,100,190039,Male-Female,-0.058175899601838,-0.019256781393293343
Victim Sex,named_n>=5000,graphsage_geo_blind_mb,graphsage_fairloss_a50_sstate20_mb,fpr,signed_gap,-0.044026062346338046,-0.05048843872720965,-0.03708589713367873,True,State,51,44,100,190039,Male-Female,-0.04067401735494103,0.0033520449913970185
Victim Sex,named_all,graphsage_geo_blind_mb,graphsage_fairloss_a100_sstate20_mb,selection_rate,gap,0.05377939279319688,0.05020804377641755,0.05716292399832381,True,State,51,44,100,190039,,,
Victim Sex,named_all,graphsage_geo_blind_mb,graphsage_fairloss_a100_sstate20_mb,selection_rate,amplification,0.7572790089166008,0.6910976573670288,0.824212596781647,True,State,51,44,100,190039,,,
Victim Sex,named_all,graphsage_geo_blind_mb,graphsage_fairloss_a100_sstate20_mb,tpr,gap,0.04642474048299117,0.04203699232986527,0.05070974646499989,True,State,51,44,100,190039,,,
Victim Sex,named_all,graphsage_geo_blind_mb,graphsage_fairloss_a100_sstate20_mb,tpr,amplification,0.6537165935911657,0.5796996378525029,0.7278326636343515,True,State,51,44,100,190039,,,
Victim Sex,named_all,graphsage_geo_blind_mb,graphsage_fairloss_a100_sstate20_mb,fpr,gap,0.01922194074479905,0.0011223132535340783,0.03701246733593746,True,State,51,44,100,190039,,,
Victim Sex,named_all,graphsage_geo_blind_mb,graphsage_fairloss_a100_sstate20_mb,fpr,amplification,0.27066821473143227,0.015970584388103195,0.523516344701464,True,State,51,44,100,190039,,,
Victim Sex,named_all,graphsage_geo_blind_mb,graphsage_fairloss_a100_sstate20_mb,selection_rate,signed_gap,-0.05377939279319688,-0.05716292399832381,-0.05020804377641755,True,State,51,44,100,190039,Male-Female,-0.07137255524890462,-0.017593162455707745
Victim Sex,named_all,graphsage_geo_blind_mb,graphsage_fairloss_a100_sstate20_mb,tpr,signed_gap,-0.04642474048299117,-0.05070974646499989,-0.04203699232986527,True,State,51,44,100,190039,Male-Female,-0.058175899601838,-0.011751159118846832
Victim Sex,named_all,graphsage_geo_blind_mb,graphsage_fairloss_a100_sstate20_mb,fpr,signed_gap,-0.06212609396508301,-0.06891018746295069,-0.05499041592609984,True,State,51,44,100,190039,Male-Female,-0.04067401735494103,0.02145207661014198
Victim Sex,named_n>=5000,graphsage_geo_blind_mb,graphsage_fairloss_a100_sstate20_mb,selection_rate,gap,0.05377939279319688,0.05020804377641755,0.05716292399832381,True,State,51,44,100,190039,,,
Victim Sex,named_n>=5000,graphsage_geo_blind_mb,graphsage_fairloss_a100_sstate20_mb,selection_rate,amplification,0.7572790089166008,0.6910976573670288,0.824212596781647,True,State,51,44,100,190039,,,
Victim Sex,named_n>=5000,graphsage_geo_blind_mb,graphsage_fairloss_a100_sstate20_mb,tpr,gap,0.04642474048299117,0.04203699232986527,0.05070974646499989,True,State,51,44,100,190039,,,
Victim Sex,named_n>=5000,graphsage_geo_blind_mb,graphsage_fairloss_a100_sstate20_mb,tpr,amplification,0.6537165935911657,0.5796996378525029,0.7278326636343515,True,State,51,44,100,190039,,,
Victim Sex,named_n>=5000,graphsage_geo_blind_mb,graphsage_fairloss_a100_sstate20_mb,fpr,gap,0.01922194074479905,0.0011223132535340783,0.03701246733593746,True,State,51,44,100,190039,,,
Victim Sex,named_n>=5000,graphsage_geo_blind_mb,graphsage_fairloss_a100_sstate20_mb,fpr,amplification,0.27066821473143227,0.015970584388103195,0.523516344701464,True,State,51,44,100,190039,,,
Victim Sex,named_n>=5000,graphsage_geo_blind_mb,graphsage_fairloss_a100_sstate20_mb,selection_rate,signed_gap,-0.05377939279319688,-0.05716292399832381,-0.05020804377641755,True,State,51,44,100,190039,Male-Female,-0.07137255524890462,-0.017593162455707745
Victim Sex,named_n>=5000,graphsage_geo_blind_mb,graphsage_fairloss_a100_sstate20_mb,tpr,signed_gap,-0.04642474048299117,-0.05070974646499989,-0.04203699232986527,True,State,51,44,100,190039,Male-Female,-0.058175899601838,-0.011751159118846832
Victim Sex,named_n>=5000,graphsage_geo_blind_mb,graphsage_fairloss_a100_sstate20_mb,fpr,signed_gap,-0.06212609396508301,-0.06891018746295069,-0.05499041592609984,True,State,51,44,100,190039,Male-Female,-0.04067401735494103,0.02145207661014198
Victim Sex,named_all,graphsage_fairloss_a0_mb,graphsage_fairloss_a10_mb,selection_rate,gap,0.027078188867039277,0.024184672435413983,0.029867752128671154,True,State,51,44,100,190039,,,
Victim Sex,named_all,graphsage_fairloss_a0_mb,graphsage_fairloss_a10_mb,selection_rate,amplification,0.38129370681704733,0.33567294217766297,0.4296338448249025,True,State,51,44,100,190039,,,
Victim Sex,named_all,graphsage_fairloss_a0_mb,graphsage_fairloss_a10_mb,tpr,gap,0.023117656517049112,0.019956854222549985,0.026514558087550804,True,State,51,44,100,190039,,,
Victim Sex,named_all,graphsage_fairloss_a0_mb,graphsage_fairloss_a10_mb,tpr,amplification,0.325524612801503,0.27664417129885727,0.3788418891870914,True,State,51,44,100,190039,,,
Victim Sex,named_all,graphsage_fairloss_a0_mb,graphsage_fairloss_a10_mb,fpr,gap,0.03727840742357075,0.03074750598687101,0.04354250933870524,True,State,51,44,100,190039,,,
Victim Sex,named_all,graphsage_fairloss_a0_mb,graphsage_fairloss_a10_mb,fpr,amplification,0.5249251425405094,0.4294834937007163,0.6234433442842496,True,State,51,44,100,190039,,,
Victim Sex,named_all,graphsage_fairloss_a0_mb,graphsage_fairloss_a10_mb,selection_rate,signed_gap,-0.027078188867039277,-0.029867752128671154,-0.024184672435413987,True,State,51,44,100,190039,Male-Female,-0.0771853139186609,-0.050107125051621626
Victim Sex,named_all,graphsage_fairloss_a0_mb,graphsage_fairloss_a10_mb,tpr,signed_gap,-0.023117656517049112,-0.026514558087550804,-0.019956854222549985,True,State,51,44,100,190039,Male-Female,-0.06318081109262808,-0.04006315457557896
Victim Sex,named_all,graphsage_fairloss_a0_mb,graphsage_fairloss_a10_mb,fpr,signed_gap,-0.03727840742357075,-0.04369200574437785,-0.03074750598687101,True,State,51,44,100,190039,Male-Female,-0.050190279564396145,-0.012911872140825398
Victim Sex,named_n>=5000,graphsage_fairloss_a0_mb,graphsage_fairloss_a10_mb,selection_rate,gap,0.027078188867039277,0.024184672435413983,0.029867752128671154,True,State,51,44,100,190039,,,
Victim Sex,named_n>=5000,graphsage_fairloss_a0_mb,graphsage_fairloss_a10_mb,selection_rate,amplification,0.38129370681704733,0.33567294217766297,0.4296338448249025,True,State,51,44,100,190039,,,
Victim Sex,named_n>=5000,graphsage_fairloss_a0_mb,graphsage_fairloss_a10_mb,tpr,gap,0.023117656517049112,0.019956854222549985,0.026514558087550804,True,State,51,44,100,190039,,,
Victim Sex,named_n>=5000,graphsage_fairloss_a0_mb,graphsage_fairloss_a10_mb,tpr,amplification,0.325524612801503,0.27664417129885727,0.3788418891870914,True,State,51,44,100,190039,,,
Victim Sex,named_n>=5000,graphsage_fairloss_a0_mb,graphsage_fairloss_a10_mb,fpr,gap,0.03727840742357075,0.03074750598687101,0.04354250933870524,True,State,51,44,100,190039,,,
Victim Sex,named_n>=5000,graphsage_fairloss_a0_mb,graphsage_fairloss_a10_mb,fpr,amplification,0.5249251425405094,0.4294834937007163,0.6234433442842496,True,State,51,44,100,190039,,,
Victim Sex,named_n>=5000,graphsage_fairloss_a0_mb,graphsage_fairloss_a10_mb,selection_rate,signed_gap,-0.027078188867039277,-0.029867752128671154,-0.024184672435413987,True,State,51,44,100,190039,Male-Female,-0.0771853139186609,-0.050107125051621626
Victim Sex,named_n>=5000,graphsage_fairloss_a0_mb,graphsage_fairloss_a10_mb,tpr,signed_gap,-0.023117656517049112,-0.026514558087550804,-0.019956854222549985,True,State,51,44,100,190039,Male-Female,-0.06318081109262808,-0.04006315457557896
Victim Sex,named_n>=5000,graphsage_fairloss_a0_mb,graphsage_fairloss_a10_mb,fpr,signed_gap,-0.03727840742357075,-0.04369200574437785,-0.03074750598687101,True,State,51,44,100,190039,Male-Female,-0.050190279564396145,-0.012911872140825398
Victim Sex,named_all,graphsage_fairloss_a0_mb,graphsage_fairloss_a25_mb,selection_rate,gap,0.03280213944743815,0.029241554899147197,0.03579660188273548,True,State,51,44,100,190039,,,
Victim Sex,named_all,graphsage_fairloss_a0_mb,graphsage_fairloss_a25_mb,selection_rate,amplification,0.46189386605053717,0.40904863870954317,0.5189227312428576,True,State,51,44,100,190039,,,
Victim Sex,named_all,graphsage_fairloss_a0_mb,graphsage_fairloss_a25_mb,tpr,gap,0.028997777689393267,0.02516335258038603,0.032646687345062785,True,State,51,44,100,190039,,,
Victim Sex,named_all,graphsage_fairloss_a0_mb,graphsage_fairloss_a25_mb,tpr,amplification,0.40832384318376935,0.3514381060169825,0.4667799872924199,True,State,51,44,100,190039,,,
Victim Sex,named_all,graphsage_fairloss_a0_mb,graphsage_fairloss_a25_mb,fpr,gap,0.04251047178270034,0.03508678987712749,0.04892537114210534,True,State,51,44,100,190039,,,
Victim Sex,named_all,graphsage_fairloss_a0_mb,graphsage_fairloss_a25_mb,fpr,amplification,0.5985989478158033,0.491464522763676,0.7033412902792704,True,State,51,44,100,190039,,,
Victim Sex,named_all,graphsage_fairloss_a0_mb,graphsage_fairloss_a25_mb,selection_rate,signed_gap,-0.03280213944743815,-0.03579660188273548,-0.029241554899147197,True,State,51,44,100,190039,Male-Female,-0.0771853139186609,-0.04438317447122275
Victim Sex,named_all,graphsage_fairloss_a0_mb,graphsage_fairloss_a25_mb,tpr,signed_gap,-0.028997777689393267,-0.032646687345062785,-0.02516335258038603,True,State,51,44,100,190039,Male-Female,-0.06318081109262808,-0.03418303340323481
Victim Sex,named_all,graphsage_fairloss_a0_mb,graphsage_fairloss_a25_mb,fpr,signed_gap,-0.04251047178270034,-0.0491039057006632,-0.03559699579834313,True,State,51,44,100,190039,Male-Female,-0.050190279564396145,-0.007679807781695802
Victim Sex,named_n>=5000,graphsage_fairloss_a0_mb,graphsage_fairloss_a25_mb,selection_rate,gap,0.03280213944743815,0.029241554899147197,0.03579660188273548,True,State,51,44,100,190039,,,
Victim Sex,named_n>=5000,graphsage_fairloss_a0_mb,graphsage_fairloss_a25_mb,selection_rate,amplification,0.46189386605053717,0.40904863870954317,0.5189227312428576,True,State,51,44,100,190039,,,
Victim Sex,named_n>=5000,graphsage_fairloss_a0_mb,graphsage_fairloss_a25_mb,tpr,gap,0.028997777689393267,0.02516335258038603,0.032646687345062785,True,State,51,44,100,190039,,,
Victim Sex,named_n>=5000,graphsage_fairloss_a0_mb,graphsage_fairloss_a25_mb,tpr,amplification,0.40832384318376935,0.3514381060169825,0.4667799872924199,True,State,51,44,100,190039,,,
Victim Sex,named_n>=5000,graphsage_fairloss_a0_mb,graphsage_fairloss_a25_mb,fpr,gap,0.04251047178270034,0.03508678987712749,0.04892537114210534,True,State,51,44,100,190039,,,
Victim Sex,named_n>=5000,graphsage_fairloss_a0_mb,graphsage_fairloss_a25_mb,fpr,amplification,0.5985989478158033,0.491464522763676,0.7033412902792704,True,State,51,44,100,190039,,,
Victim Sex,named_n>=5000,graphsage_fairloss_a0_mb,graphsage_fairloss_a25_mb,selection_rate,signed_gap,-0.03280213944743815,-0.03579660188273548,-0.029241554899147197,True,State,51,44,100,190039,Male-Female,-0.0771853139186609,-0.04438317447122275
Victim Sex,named_n>=5000,graphsage_fairloss_a0_mb,graphsage_fairloss_a25_mb,tpr,signed_gap,-0.028997777689393267,-0.032646687345062785,-0.02516335258038603,True,State,51,44,100,190039,Male-Female,-0.06318081109262808,-0.03418303340323481
Victim Sex,named_n>=5000,graphsage_fairloss_a0_mb,graphsage_fairloss_a25_mb,fpr,signed_gap,-0.04251047178270034,-0.0491039057006632,-0.03559699579834313,True,State,51,44,100,190039,Male-Female,-0.050190279564396145,-0.007679807781695802
Victim Sex,named_all,graphsage_fairloss_a0_mb,graphsage_fairloss_a50_mb,selection_rate,gap,0.031561519457506626,0.02829575538201084,0.034614775710225115,True,State,51,44,100,190039,,,
Victim Sex,named_all,graphsage_fairloss_a0_mb,graphsage_fairloss_a50_mb,selection_rate,amplification,0.4444244334738213,0.39397875482705397,0.4992472927051932,True,State,51,44,100,190039,,,
Victim Sex,named_all,graphsage_fairloss_a0_mb,graphsage_fairloss_a50_mb,tpr,gap,0.027960988348082916,0.0241189180600229,0.03144264799490046,True,State,51,44,100,190039,,,
Victim Sex,named_all,graphsage_fairloss_a0_mb,graphsage_fairloss_a50_mb,tpr,amplification,0.3937245930981098,0.3350928102044497,0.45243754253014884,True,State,51,44,100,190039,,,
Victim Sex,named_all,graphsage_fairloss_a0_mb,graphsage_fairloss_a50_mb,fpr,gap,0.03988225385039135,0.03288132218848969,0.045674498765606523,True,State,51,44,100,190039,,,
Victim Sex,named_all,graphsage_fairloss_a0_mb,graphsage_fairloss_a50_mb,fpr,amplification,0.561590455015424,0.4634847995168788,0.6523292756007675,True,State,51,44,100,190039,,,
Victim Sex,named_all,graphsage_fairloss_a0_mb,graphsage_fairloss_a50_mb,selection_rate,signed_gap,-0.031561519457506626,-0.034614775710225115,-0.02829575538201084,True,State,51,44,100,190039,Male-Female,-0.0771853139186609,-0.04562379446115428
Victim Sex,named_all,graphsage_fairloss_a0_mb,graphsage_fairloss_a50_mb,tpr,signed_gap,-0.027960988348082916,-0.03144264799490046,-0.024118918060022903,True,State,51,44,100,190039,Male-Female,-0.06318081109262808,-0.03521982274454516
Victim Sex,named_all,graphsage_fairloss_a0_mb,graphsage_fairloss_a50_mb,fpr,signed_gap,-0.03988225385039135,-0.04568286081075954,-0.033101787466812624,True,State,51,44,100,190039,Male-Female,-0.050190279564396145,-0.010308025714004798
Victim Sex,named_n>=5000,graphsage_fairloss_a0_mb,graphsage_fairloss_a50_mb,selection_rate,gap,0.031561519457506626,0.02829575538201084,0.034614775710225115,True,State,51,44,100,190039,,,
Victim Sex,named_n>=5000,graphsage_fairloss_a0_mb,graphsage_fairloss_a50_mb,selection_rate,amplification,0.4444244334738213,0.39397875482705397,0.4992472927051932,True,State,51,44,100,190039,,,
Victim Sex,named_n>=5000,graphsage_fairloss_a0_mb,graphsage_fairloss_a50_mb,tpr,gap,0.027960988348082916,0.0241189180600229,0.03144264799490046,True,State,51,44,100,190039,,,
Victim Sex,named_n>=5000,graphsage_fairloss_a0_mb,graphsage_fairloss_a50_mb,tpr,amplification,0.3937245930981098,0.3350928102044497,0.45243754253014884,True,State,51,44,100,190039,,,
Victim Sex,named_n>=5000,graphsage_fairloss_a0_mb,graphsage_fairloss_a50_mb,fpr,gap,0.03988225385039135,0.03288132218848969,0.045674498765606523,True,State,51,44,100,190039,,,
Victim Sex,named_n>=5000,graphsage_fairloss_a0_mb,graphsage_fairloss_a50_mb,fpr,amplification,0.561590455015424,0.4634847995168788,0.6523292756007675,True,State,51,44,100,190039,,,
Victim Sex,named_n>=5000,graphsage_fairloss_a0_mb,graphsage_fairloss_a50_mb,selection_rate,signed_gap,-0.031561519457506626,-0.034614775710225115,-0.02829575538201084,True,State,51,44,100,190039,Male-Female,-0.0771853139186609,-0.04562379446115428
Victim Sex,named_n>=5000,graphsage_fairloss_a0_mb,graphsage_fairloss_a50_mb,tpr,signed_gap,-0.027960988348082916,-0.03144264799490046,-0.024118918060022903,True,State,51,44,100,190039,Male-Female,-0.06318081109262808,-0.03521982274454516
Victim Sex,named_n>=5000,graphsage_fairloss_a0_mb,graphsage_fairloss_a50_mb,fpr,signed_gap,-0.03988225385039135,-0.04568286081075954,-0.033101787466812624,True,State,51,44,100,190039,Male-Female,-0.050190279564396145,-0.010308025714004798
Victim Sex,named_all,graphsage_fairloss_a0_mb,graphsage_fairloss_a100_mb,selection_rate,gap,0.035099119464580664,0.03162584713429405,0.038384120902252565,True,State,51,44,100,190039,,,
Victim Sex,named_all,graphsage_fairloss_a0_mb,graphsage_fairloss_a100_mb,selection_rate,amplification,0.49423812768197306,0.4383614288311127,0.5505892212741441,True,State,51,44,100,190039,,,
Victim Sex,named_all,graphsage_fairloss_a0_mb,graphsage_fairloss_a100_mb,tpr,gap,0.03144130357935371,0.0275129773283309,0.035431361213626604,True,State,51,44,100,190039,,,
Victim Sex,named_all,graphsage_fairloss_a0_mb,graphsage_fairloss_a100_mb,tpr,amplification,0.44273164825748856,0.38035944582673165,0.5057255600045009,True,State,51,44,100,190039,,,
Victim Sex,named_all,graphsage_fairloss_a0_mb,graphsage_fairloss_a100_mb,fpr,gap,0.041935009609282425,0.034767599585586006,0.04866616640636838,True,State,51,44,100,190039,,,
Victim Sex,named_all,graphsage_fairloss_a0_mb,graphsage_fairloss_a100_mb,fpr,amplification,0.5904957431918559,0.47990304529793526,0.7006001351331412,True,State,51,44,100,190039,,,
Victim Sex,named_all,graphsage_fairloss_a0_mb,graphsage_fairloss_a100_mb,selection_rate,signed_gap,-0.035099119464580664,-0.038384120902252565,-0.03162584713429405,True,State,51,44,100,190039,Male-Female,-0.0771853139186609,-0.04208619445408024
Victim Sex,named_all,graphsage_fairloss_a0_mb,graphsage_fairloss_a100_mb,tpr,signed_gap,-0.03144130357935371,-0.035431361213626604,-0.0275129773283309,True,State,51,44,100,190039,Male-Female,-0.06318081109262808,-0.03173950751327437
Victim Sex,named_all,graphsage_fairloss_a0_mb,graphsage_fairloss_a100_mb,fpr,signed_gap,-0.041935009609282425,-0.0491024786957052,-0.03477572971494499,True,State,51,44,100,190039,Male-Female,-0.050190279564396145,-0.00825526995511372
Victim Sex,named_n>=5000,graphsage_fairloss_a0_mb,graphsage_fairloss_a100_mb,selection_rate,gap,0.035099119464580664,0.03162584713429405,0.038384120902252565,True,State,51,44,100,190039,,,
Victim Sex,named_n>=5000,graphsage_fairloss_a0_mb,graphsage_fairloss_a100_mb,selection_rate,amplification,0.49423812768197306,0.4383614288311127,0.5505892212741441,True,State,51,44,100,190039,,,
Victim Sex,named_n>=5000,graphsage_fairloss_a0_mb,graphsage_fairloss_a100_mb,tpr,gap,0.03144130357935371,0.0275129773283309,0.035431361213626604,True,State,51,44,100,190039,,,
Victim Sex,named_n>=5000,graphsage_fairloss_a0_mb,graphsage_fairloss_a100_mb,tpr,amplification,0.44273164825748856,0.38035944582673165,0.5057255600045009,True,State,51,44,100,190039,,,
Victim Sex,named_n>=5000,graphsage_fairloss_a0_mb,graphsage_fairloss_a100_mb,fpr,gap,0.041935009609282425,0.034767599585586006,0.04866616640636838,True,State,51,44,100,190039,,,
Victim Sex,named_n>=5000,graphsage_fairloss_a0_mb,graphsage_fairloss_a100_mb,fpr,amplification,0.5904957431918559,0.47990304529793526,0.7006001351331412,True,State,51,44,100,190039,,,
Victim Sex,named_n>=5000,graphsage_fairloss_a0_mb,graphsage_fairloss_a100_mb,selection_rate,signed_gap,-0.035099119464580664,-0.038384120902252565,-0.03162584713429405,True,State,51,44,100,190039,Male-Female,-0.0771853139186609,-0.04208619445408024
Victim Sex,named_n>=5000,graphsage_fairloss_a0_mb,graphsage_fairloss_a100_mb,tpr,signed_gap,-0.03144130357935371,-0.035431361213626604,-0.0275129773283309,True,State,51,44,100,190039,Male-Female,-0.06318081109262808,-0.03173950751327437
Victim Sex,named_n>=5000,graphsage_fairloss_a0_mb,graphsage_fairloss_a100_mb,fpr,signed_gap,-0.041935009609282425,-0.0491024786957052,-0.03477572971494499,True,State,51,44,100,190039,Male-Female,-0.050190279564396145,-0.00825526995511372
Victim Sex,named_all,graphsage_fairloss_a0_mb,graphsage_fairloss_a5_sstate20_mb,selection_rate,gap,0.01993130373491525,0.01744889624954894,0.0223208335456641,True,State,51,44,100,190039,,,
Victim Sex,named_all,graphsage_fairloss_a0_mb,graphsage_fairloss_a5_sstate20_mb,selection_rate,amplification,0.28065690508691854,0.24079221895477235,0.32113947141179544,True,State,51,44,100,190039,,,
Victim Sex,named_all,graphsage_fairloss_a0_mb,graphsage_fairloss_a5_sstate20_mb,tpr,gap,0.01807620536499266,0.015199028642694587,0.020567864685865512,True,State,51,44,100,190039,,,
Victim Sex,named_all,graphsage_fairloss_a0_mb,graphsage_fairloss_a5_sstate20_mb,tpr,amplification,0.25453487242619477,0.21121196262713537,0.29650258480458197,True,State,51,44,100,190039,,,
Victim Sex,named_all,graphsage_fairloss_a0_mb,graphsage_fairloss_a5_sstate20_mb,fpr,gap,0.025798374250970812,0.020542492016973737,0.031067752664257355,True,State,51,44,100,190039,,,
Victim Sex,named_all,graphsage_fairloss_a0_mb,graphsage_fairloss_a5_sstate20_mb,fpr,amplification,0.363272366416642,0.28633648709613807,0.44642215220988485,True,State,51,44,100,190039,,,
Victim Sex,named_all,graphsage_fairloss_a0_mb,graphsage_fairloss_a5_sstate20_mb,selection_rate,signed_gap,-0.01993130373491525,-0.0223208335456641,-0.01744889624954894,True,State,51,44,100,190039,Male-Female,-0.0771853139186609,-0.05725401018374565
Victim Sex,named_all,graphsage_fairloss_a0_mb,graphsage_fairloss_a5_sstate20_mb,tpr,signed_gap,-0.01807620536499266,-0.020567864685865515,-0.015199028642694588,True,State,51,44,100,190039,Male-Female,-0.06318081109262808,-0.045104605727635416
Victim Sex,named_all,graphsage_fairloss_a0_mb,graphsage_fairloss_a5_sstate20_mb,fpr,signed_gap,-0.025798374250970812,-0.031067752664257355,-0.020542492016973737,True,State,51,44,100,190039,Male-Female,-0.050190279564396145,-0.024391905313425333
Victim Sex,named_n>=5000,graphsage_fairloss_a0_mb,graphsage_fairloss_a5_sstate20_mb,selection_rate,gap,0.01993130373491525,0.01744889624954894,0.0223208335456641,True,State,51,44,100,190039,,,
Victim Sex,named_n>=5000,graphsage_fairloss_a0_mb,graphsage_fairloss_a5_sstate20_mb,selection_rate,amplification,0.28065690508691854,0.24079221895477235,0.32113947141179544,True,State,51,44,100,190039,,,
Victim Sex,named_n>=5000,graphsage_fairloss_a0_mb,graphsage_fairloss_a5_sstate20_mb,tpr,gap,0.01807620536499266,0.015199028642694587,0.020567864685865512,True,State,51,44,100,190039,,,
Victim Sex,named_n>=5000,graphsage_fairloss_a0_mb,graphsage_fairloss_a5_sstate20_mb,tpr,amplification,0.25453487242619477,0.21121196262713537,0.29650258480458197,True,State,51,44,100,190039,,,
Victim Sex,named_n>=5000,graphsage_fairloss_a0_mb,graphsage_fairloss_a5_sstate20_mb,fpr,gap,0.025798374250970812,0.020542492016973737,0.031067752664257355,True,State,51,44,100,190039,,,
Victim Sex,named_n>=5000,graphsage_fairloss_a0_mb,graphsage_fairloss_a5_sstate20_mb,fpr,amplification,0.363272366416642,0.28633648709613807,0.44642215220988485,True,State,51,44,100,190039,,,
Victim Sex,named_n>=5000,graphsage_fairloss_a0_mb,graphsage_fairloss_a5_sstate20_mb,selection_rate,signed_gap,-0.01993130373491525,-0.0223208335456641,-0.01744889624954894,True,State,51,44,100,190039,Male-Female,-0.0771853139186609,-0.05725401018374565
Victim Sex,named_n>=5000,graphsage_fairloss_a0_mb,graphsage_fairloss_a5_sstate20_mb,tpr,signed_gap,-0.01807620536499266,-0.020567864685865515,-0.015199028642694588,True,State,51,44,100,190039,Male-Female,-0.06318081109262808,-0.045104605727635416
Victim Sex,named_n>=5000,graphsage_fairloss_a0_mb,graphsage_fairloss_a5_sstate20_mb,fpr,signed_gap,-0.025798374250970812,-0.031067752664257355,-0.020542492016973737,True,State,51,44,100,190039,Male-Female,-0.050190279564396145,-0.024391905313425333
Victim Sex,named_all,graphsage_fairloss_a0_mb,graphsage_fairloss_a10_sstate20_mb,selection_rate,gap,0.033250394148571116,0.0306567950512428,0.03593471523431584,True,State,51,44,100,190039,,,
Victim Sex,named_all,graphsage_fairloss_a0_mb,graphsage_fairloss_a10_sstate20_mb,selection_rate,amplification,0.46820583534185134,0.4237880982473741,0.5216601985121281,True,State,51,44,100,190039,,,
Victim Sex,named_all,graphsage_fairloss_a0_mb,graphsage_fairloss_a10_sstate20_mb,tpr,gap,0.03026372049371373,0.02721122263759277,0.033890171000842295,True,State,51,44,100,190039,,,
Victim Sex,named_all,graphsage_fairloss_a0_mb,graphsage_fairloss_a10_sstate20_mb,tpr,amplification,0.42614985166786246,0.3775504319712122,0.4873541154960093,True,State,51,44,100,190039,,,
Victim Sex,named_all,graphsage_fairloss_a0_mb,graphsage_fairloss_a10_sstate20_mb,fpr,gap,0.04168861163879578,0.035895647911097936,0.04693352273336183,True,State,51,44,100,190039,,,
Victim Sex,named_all,graphsage_fairloss_a0_mb,graphsage_fairloss_a10_sstate20_mb,fpr,amplification,0.5870261612349397,0.4992816138212261,0.6721986228825564,True,State,51,44,100,190039,,,
Victim Sex,named_all,graphsage_fairloss_a0_mb,graphsage_fairloss_a10_sstate20_mb,selection_rate,signed_gap,-0.033250394148571116,-0.03593471523431584,-0.0306567950512428,True,State,51,44,100,190039,Male-Female,-0.0771853139186609,-0.043934919770089786
Victim Sex,named_all,graphsage_fairloss_a0_mb,graphsage_fairloss_a10_sstate20_mb,tpr,signed_gap,-0.03026372049371373,-0.033890171000842295,-0.02721122263759277,True,State,51,44,100,190039,Male-Female,-0.06318081109262808,-0.032917090598914345
Victim Sex,named_all,graphsage_fairloss_a0_mb,graphsage_fairloss_a10_sstate20_mb,fpr,signed_gap,-0.04168861163879578,-0.047028840819395935,-0.03621197841650324,True,State,51,44,100,190039,Male-Female,-0.050190279564396145,-0.008501667925600365
Victim Sex,named_n>=5000,graphsage_fairloss_a0_mb,graphsage_fairloss_a10_sstate20_mb,selection_rate,gap,0.033250394148571116,0.0306567950512428,0.03593471523431584,True,State,51,44,100,190039,,,
Victim Sex,named_n>=5000,graphsage_fairloss_a0_mb,graphsage_fairloss_a10_sstate20_mb,selection_rate,amplification,0.46820583534185134,0.4237880982473741,0.5216601985121281,True,State,51,44,100,190039,,,
Victim Sex,named_n>=5000,graphsage_fairloss_a0_mb,graphsage_fairloss_a10_sstate20_mb,tpr,gap,0.03026372049371373,0.02721122263759277,0.033890171000842295,True,State,51,44,100,190039,,,
Victim Sex,named_n>=5000,graphsage_fairloss_a0_mb,graphsage_fairloss_a10_sstate20_mb,tpr,amplification,0.42614985166786246,0.3775504319712122,0.4873541154960093,True,State,51,44,100,190039,,,
Victim Sex,named_n>=5000,graphsage_fairloss_a0_mb,graphsage_fairloss_a10_sstate20_mb,fpr,gap,0.04168861163879578,0.035895647911097936,0.04693352273336183,True,State,51,44,100,190039,,,
Victim Sex,named_n>=5000,graphsage_fairloss_a0_mb,graphsage_fairloss_a10_sstate20_mb,fpr,amplification,0.5870261612349397,0.4992816138212261,0.6721986228825564,True,State,51,44,100,190039,,,
Victim Sex,named_n>=5000,graphsage_fairloss_a0_mb,graphsage_fairloss_a10_sstate20_mb,selection_rate,signed_gap,-0.033250394148571116,-0.03593471523431584,-0.0306567950512428,True,State,51,44,100,190039,Male-Female,-0.0771853139186609,-0.043934919770089786
Victim Sex,named_n>=5000,graphsage_fairloss_a0_mb,graphsage_fairloss_a10_sstate20_mb,tpr,signed_gap,-0.03026372049371373,-0.033890171000842295,-0.02721122263759277,True,State,51,44,100,190039,Male-Female,-0.06318081109262808,-0.032917090598914345
Victim Sex,named_n>=5000,graphsage_fairloss_a0_mb,graphsage_fairloss_a10_sstate20_mb,fpr,signed_gap,-0.04168861163879578,-0.047028840819395935,-0.03621197841650324,True,State,51,44,100,190039,Male-Female,-0.050190279564396145,-0.008501667925600365
Victim Sex,named_all,graphsage_fairloss_a0_mb,graphsage_fairloss_a25_sstate20_mb,selection_rate,gap,0.03872855986303991,0.03568335160026448,0.04185521936545771,True,State,51,44,100,190039,,,
Victim Sex,named_all,graphsage_fairloss_a0_mb,graphsage_fairloss_a25_sstate20_mb,selection_rate,amplification,0.5453450458734105,0.48881797037982533,0.6012015552979217,True,State,51,44,100,190039,,,
Victim Sex,named_all,graphsage_fairloss_a0_mb,graphsage_fairloss_a25_sstate20_mb,tpr,gap,0.035159963042066256,0.03160270591952567,0.03877151723182341,True,State,51,44,100,190039,,,
Victim Sex,named_all,graphsage_fairloss_a0_mb,graphsage_fairloss_a25_sstate20_mb,tpr,amplification,0.4950948789702297,0.43579385794395464,0.5554044637958059,True,State,51,44,100,190039,,,
Victim Sex,named_all,graphsage_fairloss_a0_mb,graphsage_fairloss_a25_sstate20_mb,fpr,gap,0.04538844959990729,0.03638152075697538,0.05154428044676924,True,State,51,44,100,190039,,,
Victim Sex,named_all,graphsage_fairloss_a0_mb,graphsage_fairloss_a25_sstate20_mb,fpr,amplification,0.6391243624012602,0.5052011579296545,0.7332391881504938,True,State,51,44,100,190039,,,
Victim Sex,named_all,graphsage_fairloss_a0_mb,graphsage_fairloss_a25_sstate20_mb,selection_rate,signed_gap,-0.03872855986303991,-0.04185521936545771,-0.03568335160026448,True,State,51,44,100,190039,Male-Female,-0.0771853139186609,-0.03845675405562099
Victim Sex,named_all,graphsage_fairloss_a0_mb,graphsage_fairloss_a25_sstate20_mb,tpr,signed_gap,-0.035159963042066256,-0.03877151723182341,-0.03160270591952567,True,State,51,44,100,190039,Male-Female,-0.06318081109262808,-0.02802084805056182
Victim Sex,named_all,graphsage_fairloss_a0_mb,graphsage_fairloss_a25_sstate20_mb,fpr,signed_gap,-0.04538844959990729,-0.05186029809838464,-0.03931047955450426,True,State,51,44,100,190039,Male-Female,-0.050190279564396145,-0.004801829964488857
Victim Sex,named_n>=5000,graphsage_fairloss_a0_mb,graphsage_fairloss_a25_sstate20_mb,selection_rate,gap,0.03872855986303991,0.03568335160026448,0.04185521936545771,True,State,51,44,100,190039,,,
Victim Sex,named_n>=5000,graphsage_fairloss_a0_mb,graphsage_fairloss_a25_sstate20_mb,selection_rate,amplification,0.5453450458734105,0.48881797037982533,0.6012015552979217,True,State,51,44,100,190039,,,
Victim Sex,named_n>=5000,graphsage_fairloss_a0_mb,graphsage_fairloss_a25_sstate20_mb,tpr,gap,0.035159963042066256,0.03160270591952567,0.03877151723182341,True,State,51,44,100,190039,,,
Victim Sex,named_n>=5000,graphsage_fairloss_a0_mb,graphsage_fairloss_a25_sstate20_mb,tpr,amplification,0.4950948789702297,0.43579385794395464,0.5554044637958059,True,State,51,44,100,190039,,,
Victim Sex,named_n>=5000,graphsage_fairloss_a0_mb,graphsage_fairloss_a25_sstate20_mb,fpr,gap,0.04538844959990729,0.03638152075697538,0.05154428044676924,True,State,51,44,100,190039,,,
Victim Sex,named_n>=5000,graphsage_fairloss_a0_mb,graphsage_fairloss_a25_sstate20_mb,fpr,amplification,0.6391243624012602,0.5052011579296545,0.7332391881504938,True,State,51,44,100,190039,,,
Victim Sex,named_n>=5000,graphsage_fairloss_a0_mb,graphsage_fairloss_a25_sstate20_mb,selection_rate,signed_gap,-0.03872855986303991,-0.04185521936545771,-0.03568335160026448,True,State,51,44,100,190039,Male-Female,-0.0771853139186609,-0.03845675405562099
Victim Sex,named_n>=5000,graphsage_fairloss_a0_mb,graphsage_fairloss_a25_sstate20_mb,tpr,signed_gap,-0.035159963042066256,-0.03877151723182341,-0.03160270591952567,True,State,51,44,100,190039,Male-Female,-0.06318081109262808,-0.02802084805056182
Victim Sex,named_n>=5000,graphsage_fairloss_a0_mb,graphsage_fairloss_a25_sstate20_mb,fpr,signed_gap,-0.04538844959990729,-0.05186029809838464,-0.03931047955450426,True,State,51,44,100,190039,Male-Female,-0.050190279564396145,-0.004801829964488857
Victim Sex,named_all,graphsage_fairloss_a0_mb,graphsage_fairloss_a50_sstate20_mb,selection_rate,gap,0.04827599994875709,0.0448521431120015,0.05169861080884883,True,State,51,44,100,190039,,,
Victim Sex,named_all,graphsage_fairloss_a0_mb,graphsage_fairloss_a50_sstate20_mb,selection_rate,amplification,0.679784569830199,0.619109334260776,0.7474867164665029,True,State,51,44,100,190039,,,
Victim Sex,named_all,graphsage_fairloss_a0_mb,graphsage_fairloss_a50_sstate20_mb,tpr,gap,0.04392402969933473,0.03982848270454751,0.047998072007015564,True,State,51,44,100,190039,,,
Victim Sex,named_all,graphsage_fairloss_a0_mb,graphsage_fairloss_a50_sstate20_mb,tpr,amplification,0.6185035559297596,0.551020268233291,0.6937462797125259,True,State,51,44,100,190039,,,
Victim Sex,named_all,graphsage_fairloss_a0_mb,graphsage_fairloss_a50_sstate20_mb,fpr,gap,0.04683823457299913,0.027286033243502116,0.05692343439023998,True,State,51,44,100,190039,,,
Victim Sex,named_all,graphsage_fairloss_a0_mb,graphsage_fairloss_a50_sstate20_mb,fpr,amplification,0.6595390913623512,0.38360432246666176,0.8132854756536075,True,State,51,44,100,190039,,,
Victim Sex,named_all,graphsage_fairloss_a0_mb,graphsage_fairloss_a50_sstate20_mb,selection_rate,signed_gap,-0.04827599994875709,-0.05169861080884883,-0.0448521431120015,True,State,51,44,100,190039,Male-Female,-0.0771853139186609,-0.028909313969903816
Victim Sex,named_all,graphsage_fairloss_a0_mb,graphsage_fairloss_a50_sstate20_mb,tpr,signed_gap,-0.04392402969933473,-0.04799807200701557,-0.03982848270454751,True,State,51,44,100,190039,Male-Female,-0.06318081109262808,-0.019256781393293343
Victim Sex,named_all,graphsage_fairloss_a0_mb,graphsage_fairloss_a50_sstate20_mb,fpr,signed_gap,-0.053542324555793164,-0.06039335636773651,-0.0469059899162234,True,State,51,44,100,190039,Male-Female,-0.050190279564396145,0.0033520449913970185
Victim Sex,named_n>=5000,graphsage_fairloss_a0_mb,graphsage_fairloss_a50_sstate20_mb,selection_rate,gap,0.04827599994875709,0.0448521431120015,0.05169861080884883,True,State,51,44,100,190039,,,
Victim Sex,named_n>=5000,graphsage_fairloss_a0_mb,graphsage_fairloss_a50_sstate20_mb,selection_rate,amplification,0.679784569830199,0.619109334260776,0.7474867164665029,True,State,51,44,100,190039,,,
Victim Sex,named_n>=5000,graphsage_fairloss_a0_mb,graphsage_fairloss_a50_sstate20_mb,tpr,gap,0.04392402969933473,0.03982848270454751,0.047998072007015564,True,State,51,44,100,190039,,,
Victim Sex,named_n>=5000,graphsage_fairloss_a0_mb,graphsage_fairloss_a50_sstate20_mb,tpr,amplification,0.6185035559297596,0.551020268233291,0.6937462797125259,True,State,51,44,100,190039,,,
Victim Sex,named_n>=5000,graphsage_fairloss_a0_mb,graphsage_fairloss_a50_sstate20_mb,fpr,gap,0.04683823457299913,0.027286033243502116,0.05692343439023998,True,State,51,44,100,190039,,,
Victim Sex,named_n>=5000,graphsage_fairloss_a0_mb,graphsage_fairloss_a50_sstate20_mb,fpr,amplification,0.6595390913623512,0.38360432246666176,0.8132854756536075,True,State,51,44,100,190039,,,
Victim Sex,named_n>=5000,graphsage_fairloss_a0_mb,graphsage_fairloss_a50_sstate20_mb,selection_rate,signed_gap,-0.04827599994875709,-0.05169861080884883,-0.0448521431120015,True,State,51,44,100,190039,Male-Female,-0.0771853139186609,-0.028909313969903816
Victim Sex,named_n>=5000,graphsage_fairloss_a0_mb,graphsage_fairloss_a50_sstate20_mb,tpr,signed_gap,-0.04392402969933473,-0.04799807200701557,-0.03982848270454751,True,State,51,44,100,190039,Male-Female,-0.06318081109262808,-0.019256781393293343
Victim Sex,named_n>=5000,graphsage_fairloss_a0_mb,graphsage_fairloss_a50_sstate20_mb,fpr,signed_gap,-0.053542324555793164,-0.06039335636773651,-0.0469059899162234,True,State,51,44,100,190039,Male-Female,-0.050190279564396145,0.0033520449913970185
Victim Sex,named_all,graphsage_fairloss_a0_mb,graphsage_fairloss_a100_sstate20_mb,selection_rate,gap,0.05959215146295316,0.055886220993610604,0.06303155624248406,True,State,51,44,100,190039,,,
Victim Sex,named_all,graphsage_fairloss_a0_mb,graphsage_fairloss_a100_sstate20_mb,selection_rate,amplification,0.8391296936469286,0.7747235560799068,0.9138386933411606,True,State,51,44,100,190039,,,
Victim Sex,named_all,graphsage_fairloss_a0_mb,graphsage_fairloss_a100_sstate20_mb,tpr,gap,0.05142965197378124,0.04722521743352231,0.05567048463469585,True,State,51,44,100,190039,,,
Victim Sex,named_all,graphsage_fairloss_a0_mb,graphsage_fairloss_a100_sstate20_mb,tpr,amplification,0.7241918112648816,0.6525750433406331,0.8027716343436071,True,State,51,44,100,190039,,,
Victim Sex,named_all,graphsage_fairloss_a0_mb,graphsage_fairloss_a100_sstate20_mb,fpr,gap,0.028738202954254166,0.011415494217710851,0.04702472887640708,True,State,51,44,100,190039,,,
Victim Sex,named_all,graphsage_fairloss_a0_mb,graphsage_fairloss_a100_sstate20_mb,fpr,amplification,0.4046687164157558,0.16087879274555048,0.666032291613519,True,State,51,44,100,190039,,,
Victim Sex,named_all,graphsage_fairloss_a0_mb,graphsage_fairloss_a100_sstate20_mb,selection_rate,signed_gap,-0.05959215146295316,-0.06303155624248406,-0.055886220993610604,True,State,51,44,100,190039,Male-Female,-0.0771853139186609,-0.017593162455707745
Victim Sex,named_all,graphsage_fairloss_a0_mb,graphsage_fairloss_a100_sstate20_mb,tpr,signed_gap,-0.05142965197378124,-0.05567048463469585,-0.04722521743352231,True,State,51,44,100,190039,Male-Female,-0.06318081109262808,-0.011751159118846832
Victim Sex,named_all,graphsage_fairloss_a0_mb,graphsage_fairloss_a100_sstate20_mb,fpr,signed_gap,-0.07164235617453812,-0.0785654540698699,-0.06413933589821427,True,State,51,44,100,190039,Male-Female,-0.050190279564396145,0.02145207661014198
Victim Sex,named_n>=5000,graphsage_fairloss_a0_mb,graphsage_fairloss_a100_sstate20_mb,selection_rate,gap,0.05959215146295316,0.055886220993610604,0.06303155624248406,True,State,51,44,100,190039,,,
Victim Sex,named_n>=5000,graphsage_fairloss_a0_mb,graphsage_fairloss_a100_sstate20_mb,selection_rate,amplification,0.8391296936469286,0.7747235560799068,0.9138386933411606,True,State,51,44,100,190039,,,
Victim Sex,named_n>=5000,graphsage_fairloss_a0_mb,graphsage_fairloss_a100_sstate20_mb,tpr,gap,0.05142965197378124,0.04722521743352231,0.05567048463469585,True,State,51,44,100,190039,,,
Victim Sex,named_n>=5000,graphsage_fairloss_a0_mb,graphsage_fairloss_a100_sstate20_mb,tpr,amplification,0.7241918112648816,0.6525750433406331,0.8027716343436071,True,State,51,44,100,190039,,,
Victim Sex,named_n>=5000,graphsage_fairloss_a0_mb,graphsage_fairloss_a100_sstate20_mb,fpr,gap,0.028738202954254166,0.011415494217710851,0.04702472887640708,True,State,51,44,100,190039,,,
Victim Sex,named_n>=5000,graphsage_fairloss_a0_mb,graphsage_fairloss_a100_sstate20_mb,fpr,amplification,0.4046687164157558,0.16087879274555048,0.666032291613519,True,State,51,44,100,190039,,,
Victim Sex,named_n>=5000,graphsage_fairloss_a0_mb,graphsage_fairloss_a100_sstate20_mb,selection_rate,signed_gap,-0.05959215146295316,-0.06303155624248406,-0.055886220993610604,True,State,51,44,100,190039,Male-Female,-0.0771853139186609,-0.017593162455707745
Victim Sex,named_n>=5000,graphsage_fairloss_a0_mb,graphsage_fairloss_a100_sstate20_mb,tpr,signed_gap,-0.05142965197378124,-0.05567048463469585,-0.04722521743352231,True,State,51,44,100,190039,Male-Female,-0.06318081109262808,-0.011751159118846832
Victim Sex,named_n>=5000,graphsage_fairloss_a0_mb,graphsage_fairloss_a100_sstate20_mb,fpr,signed_gap,-0.07164235617453812,-0.0785654540698699,-0.06413933589821427,True,State,51,44,100,190039,Male-Female,-0.050190279564396145,0.02145207661014198
Victim Sex,named_all,graphsage_fairloss_a10_mb,graphsage_fairloss_a25_mb,selection_rate,gap,0.005723950580398873,0.0035849819992263636,0.007747571323352708,True,State,51,44,100,190039,,,
Victim Sex,named_all,graphsage_fairloss_a10_mb,graphsage_fairloss_a25_mb,selection_rate,amplification,0.08060015923348984,0.050023661082567866,0.11119416700170585,True,State,51,44,100,190039,,,
Victim Sex,named_all,graphsage_fairloss_a10_mb,graphsage_fairloss_a25_mb,tpr,gap,0.005880121172344155,0.0033474912413825495,0.00832147085892337,True,State,51,44,100,190039,,,
Victim Sex,named_all,graphsage_fairloss_a10_mb,graphsage_fairloss_a25_mb,tpr,amplification,0.08279923038226633,0.047015564170930293,0.11890473933326019,True,State,51,44,100,190039,,,
Victim Sex,named_all,graphsage_fairloss_a10_mb,graphsage_fairloss_a25_mb,fpr,gap,0.005232064359129596,0.000161164279276062,0.009899388366470944,True,State,51,44,100,190039,,,
Victim Sex,named_all,graphsage_fairloss_a10_mb,graphsage_fairloss_a25_mb,fpr,amplification,0.07367380527529391,0.0022864253541277765,0.14073174859666596,True,State,51,44,100,190039,,,
Victim Sex,named_all,graphsage_fairloss_a10_mb,graphsage_fairloss_a25_mb,selection_rate,signed_gap,-0.005723950580398873,-0.007747571323352709,-0.003584981999226364,True,State,51,44,100,190039,Male-Female,-0.050107125051621626,-0.04438317447122275
Victim Sex,named_all,graphsage_fairloss_a10_mb,graphsage_fairloss_a25_mb,tpr,signed_gap,-0.005880121172344155,-0.00832147085892337,-0.00334749124138255,True,State,51,44,100,190039,Male-Female,-0.04006315457557896,-0.03418303340323481
Victim Sex,named_all,graphsage_fairloss_a10_mb,graphsage_fairloss_a25_mb,fpr,signed_gap,-0.005232064359129596,-0.01021001134404383,-0.0008172110243007459,True,State,51,44,100,190039,Male-Female,-0.012911872140825398,-0.007679807781695802
Victim Sex,named_n>=5000,graphsage_fairloss_a10_mb,graphsage_fairloss_a25_mb,selection_rate,gap,0.005723950580398873,0.0035849819992263636,0.007747571323352708,True,State,51,44,100,190039,,,
Victim Sex,named_n>=5000,graphsage_fairloss_a10_mb,graphsage_fairloss_a25_mb,selection_rate,amplification,0.08060015923348984,0.050023661082567866,0.11119416700170585,True,State,51,44,100,190039,,,
Victim Sex,named_n>=5000,graphsage_fairloss_a10_mb,graphsage_fairloss_a25_mb,tpr,gap,0.005880121172344155,0.0033474912413825495,0.00832147085892337,True,State,51,44,100,190039,,,
Victim Sex,named_n>=5000,graphsage_fairloss_a10_mb,graphsage_fairloss_a25_mb,tpr,amplification,0.08279923038226633,0.047015564170930293,0.11890473933326019,True,State,51,44,100,190039,,,
Victim Sex,named_n>=5000,graphsage_fairloss_a10_mb,graphsage_fairloss_a25_mb,fpr,gap,0.005232064359129596,0.000161164279276062,0.009899388366470944,True,State,51,44,100,190039,,,
Victim Sex,named_n>=5000,graphsage_fairloss_a10_mb,graphsage_fairloss_a25_mb,fpr,amplification,0.07367380527529391,0.0022864253541277765,0.14073174859666596,True,State,51,44,100,190039,,,
Victim Sex,named_n>=5000,graphsage_fairloss_a10_mb,graphsage_fairloss_a25_mb,selection_rate,signed_gap,-0.005723950580398873,-0.007747571323352709,-0.003584981999226364,True,State,51,44,100,190039,Male-Female,-0.050107125051621626,-0.04438317447122275
Victim Sex,named_n>=5000,graphsage_fairloss_a10_mb,graphsage_fairloss_a25_mb,tpr,signed_gap,-0.005880121172344155,-0.00832147085892337,-0.00334749124138255,True,State,51,44,100,190039,Male-Female,-0.04006315457557896,-0.03418303340323481
Victim Sex,named_n>=5000,graphsage_fairloss_a10_mb,graphsage_fairloss_a25_mb,fpr,signed_gap,-0.005232064359129596,-0.01021001134404383,-0.0008172110243007459,True,State,51,44,100,190039,Male-Female,-0.012911872140825398,-0.007679807781695802
Victim Sex,named_all,graphsage_fairloss_a10_mb,graphsage_fairloss_a50_mb,selection_rate,gap,0.004483330590467349,0.002434776540338629,0.006458822994763208,True,State,51,44,100,190039,,,
Victim Sex,named_all,graphsage_fairloss_a10_mb,graphsage_fairloss_a50_mb,selection_rate,amplification,0.063130726656774,0.03351776526866225,0.09148908898429277,True,State,51,44,100,190039,,,
Victim Sex,named_all,graphsage_fairloss_a10_mb,graphsage_fairloss_a50_mb,tpr,gap,0.004843331831033804,0.0023849010028012207,0.007323058832556808,True,State,51,44,100,190039,,,
Victim Sex,named_all,graphsage_fairloss_a10_mb,graphsage_fairloss_a50_mb,tpr,amplification,0.06819998029660679,0.034022002029994995,0.10453432865572122,True,State,51,44,100,190039,,,
Victim Sex,named_all,graphsage_fairloss_a10_mb,graphsage_fairloss_a50_mb,fpr,gap,0.0026038464268205996,-0.0019244451094928353,0.006476952582650545,False,State,51,44,100,190039,,,
Victim Sex,named_all,graphsage_fairloss_a10_mb,graphsage_fairloss_a50_mb,fpr,amplification,0.03666531247491464,-0.027242150572298476,0.09118977838062925,False,State,51,44,100,190039,,,
Victim Sex,named_all,graphsage_fairloss_a10_mb,graphsage_fairloss_a50_mb,selection_rate,signed_gap,-0.004483330590467349,-0.006458822994763208,-0.0024347765403386302,True,State,51,44,100,190039,Male-Female,-0.050107125051621626,-0.04562379446115428
Victim Sex,named_all,graphsage_fairloss_a10_mb,graphsage_fairloss_a50_mb,tpr,signed_gap,-0.004843331831033804,-0.0073230588325568086,-0.0023849010028012215,True,State,51,44,100,190039,Male-Female,-0.04006315457557896,-0.03521982274454516
Victim Sex,named_all,graphsage_fairloss_a10_mb,graphsage_fairloss_a50_mb,fpr,signed_gap,-0.0026038464268205996,-0.006492439042104533,0.00181351837410635,False,State,51,44,100,190039,Male-Female,-0.012911872140825398,-0.010308025714004798
Victim Sex,named_n>=5000,graphsage_fairloss_a10_mb,graphsage_fairloss_a50_mb,selection_rate,gap,0.004483330590467349,0.002434776540338629,0.006458822994763208,True,State,51,44,100,190039,,,
Victim Sex,named_n>=5000,graphsage_fairloss_a10_mb,graphsage_fairloss_a50_mb,selection_rate,amplification,0.063130726656774,0.03351776526866225,0.09148908898429277,True,State,51,44,100,190039,,,
Victim Sex,named_n>=5000,graphsage_fairloss_a10_mb,graphsage_fairloss_a50_mb,tpr,gap,0.004843331831033804,0.0023849010028012207,0.007323058832556808,True,State,51,44,100,190039,,,
Victim Sex,named_n>=5000,graphsage_fairloss_a10_mb,graphsage_fairloss_a50_mb,tpr,amplification,0.06819998029660679,0.034022002029994995,0.10453432865572122,True,State,51,44,100,190039,,,
Victim Sex,named_n>=5000,graphsage_fairloss_a10_mb,graphsage_fairloss_a50_mb,fpr,gap,0.0026038464268205996,-0.0019244451094928353,0.006476952582650545,False,State,51,44,100,190039,,,
Victim Sex,named_n>=5000,graphsage_fairloss_a10_mb,graphsage_fairloss_a50_mb,fpr,amplification,0.03666531247491464,-0.027242150572298476,0.09118977838062925,False,State,51,44,100,190039,,,
Victim Sex,named_n>=5000,graphsage_fairloss_a10_mb,graphsage_fairloss_a50_mb,selection_rate,signed_gap,-0.004483330590467349,-0.006458822994763208,-0.0024347765403386302,True,State,51,44,100,190039,Male-Female,-0.050107125051621626,-0.04562379446115428
Victim Sex,named_n>=5000,graphsage_fairloss_a10_mb,graphsage_fairloss_a50_mb,tpr,signed_gap,-0.004843331831033804,-0.0073230588325568086,-0.0023849010028012215,True,State,51,44,100,190039,Male-Female,-0.04006315457557896,-0.03521982274454516
Victim Sex,named_n>=5000,graphsage_fairloss_a10_mb,graphsage_fairloss_a50_mb,fpr,signed_gap,-0.0026038464268205996,-0.006492439042104533,0.00181351837410635,False,State,51,44,100,190039,Male-Female,-0.012911872140825398,-0.010308025714004798
Victim Sex,named_all,graphsage_fairloss_a10_mb,graphsage_fairloss_a100_mb,selection_rate,gap,0.008020930597541387,0.005708283129051967,0.010409976906022758,True,State,51,44,100,190039,,,
Victim Sex,named_all,graphsage_fairloss_a10_mb,graphsage_fairloss_a100_mb,selection_rate,amplification,0.11294442086492573,0.08067999524087083,0.14870519867371376,True,State,51,44,100,190039,,,
Victim Sex,named_all,graphsage_fairloss_a10_mb,graphsage_fairloss_a100_mb,tpr,gap,0.008323647062304596,0.0054985323824368075,0.011186981864561648,True,State,51,44,100,190039,,,
Victim Sex,named_all,graphsage_fairloss_a10_mb,graphsage_fairloss_a100_mb,tpr,amplification,0.11720703545598554,0.07853019388223063,0.15902125174159892,True,State,51,44,100,190039,,,
Victim Sex,named_all,graphsage_fairloss_a10_mb,graphsage_fairloss_a100_mb,fpr,gap,0.004656602185711678,-0.001043577540132079,0.009229464545185452,False,State,51,44,100,190039,,,
Victim Sex,named_all,graphsage_fairloss_a10_mb,graphsage_fairloss_a100_mb,fpr,amplification,0.06557060065134655,-0.014467569507607773,0.13336021741894594,False,State,51,44,100,190039,,,
Victim Sex,named_all,graphsage_fairloss_a10_mb,graphsage_fairloss_a100_mb,selection_rate,signed_gap,-0.008020930597541387,-0.010409976906022758,-0.005708283129051967,True,State,51,44,100,190039,Male-Female,-0.050107125051621626,-0.04208619445408024
Victim Sex,named_all,graphsage_fairloss_a10_mb,graphsage_fairloss_a100_mb,tpr,signed_gap,-0.008323647062304596,-0.011186981864561648,-0.0054985323824368075,True,State,51,44,100,190039,Male-Female,-0.04006315457557896,-0.03173950751327437
Victim Sex,named_all,graphsage_fairloss_a10_mb,graphsage_fairloss_a100_mb,fpr,signed_gap,-0.004656602185711678,-0.009477776391088624,0.0003566188536461217,False,State,51,44,100,190039,Male-Female,-0.012911872140825398,-0.00825526995511372
Victim Sex,named_n>=5000,graphsage_fairloss_a10_mb,graphsage_fairloss_a100_mb,selection_rate,gap,0.008020930597541387,0.005708283129051967,0.010409976906022758,True,State,51,44,100,190039,,,
Victim Sex,named_n>=5000,graphsage_fairloss_a10_mb,graphsage_fairloss_a100_mb,selection_rate,amplification,0.11294442086492573,0.08067999524087083,0.14870519867371376,True,State,51,44,100,190039,,,
Victim Sex,named_n>=5000,graphsage_fairloss_a10_mb,graphsage_fairloss_a100_mb,tpr,gap,0.008323647062304596,0.0054985323824368075,0.011186981864561648,True,State,51,44,100,190039,,,
Victim Sex,named_n>=5000,graphsage_fairloss_a10_mb,graphsage_fairloss_a100_mb,tpr,amplification,0.11720703545598554,0.07853019388223063,0.15902125174159892,True,State,51,44,100,190039,,,
Victim Sex,named_n>=5000,graphsage_fairloss_a10_mb,graphsage_fairloss_a100_mb,fpr,gap,0.004656602185711678,-0.001043577540132079,0.009229464545185452,False,State,51,44,100,190039,,,
Victim Sex,named_n>=5000,graphsage_fairloss_a10_mb,graphsage_fairloss_a100_mb,fpr,amplification,0.06557060065134655,-0.014467569507607773,0.13336021741894594,False,State,51,44,100,190039,,,
Victim Sex,named_n>=5000,graphsage_fairloss_a10_mb,graphsage_fairloss_a100_mb,selection_rate,signed_gap,-0.008020930597541387,-0.010409976906022758,-0.005708283129051967,True,State,51,44,100,190039,Male-Female,-0.050107125051621626,-0.04208619445408024
Victim Sex,named_n>=5000,graphsage_fairloss_a10_mb,graphsage_fairloss_a100_mb,tpr,signed_gap,-0.008323647062304596,-0.011186981864561648,-0.0054985323824368075,True,State,51,44,100,190039,Male-Female,-0.04006315457557896,-0.03173950751327437
Victim Sex,named_n>=5000,graphsage_fairloss_a10_mb,graphsage_fairloss_a100_mb,fpr,signed_gap,-0.004656602185711678,-0.009477776391088624,0.0003566188536461217,False,State,51,44,100,190039,Male-Female,-0.012911872140825398,-0.00825526995511372
Victim Sex,named_all,graphsage_fairloss_a10_mb,graphsage_fairloss_a5_sstate20_mb,selection_rate,gap,-0.007146885132124026,-0.009894240462951936,-0.0044048146504764496,True,State,51,44,100,190039,,,
Victim Sex,named_all,graphsage_fairloss_a10_mb,graphsage_fairloss_a5_sstate20_mb,selection_rate,amplification,-0.10063680173012879,-0.1406547249089999,-0.0622385014382483,True,State,51,44,100,190039,,,
Victim Sex,named_all,graphsage_fairloss_a10_mb,graphsage_fairloss_a5_sstate20_mb,tpr,gap,-0.005041451152056453,-0.008343434754202603,-0.0018600315689880993,True,State,51,44,100,190039,,,
Victim Sex,named_all,graphsage_fairloss_a10_mb,graphsage_fairloss_a5_sstate20_mb,tpr,amplification,-0.07098974037530825,-0.1176440419569932,-0.026761810380367256,True,State,51,44,100,190039,,,
Victim Sex,named_all,graphsage_fairloss_a10_mb,graphsage_fairloss_a5_sstate20_mb,fpr,gap,-0.011480033172599935,-0.016667096924948104,-0.005737809699752331,True,State,51,44,100,190039,,,
Victim Sex,named_all,graphsage_fairloss_a10_mb,graphsage_fairloss_a5_sstate20_mb,fpr,amplification,-0.16165277612386736,-0.2340498404509505,-0.08145897396026636,True,State,51,44,100,190039,,,
Victim Sex,named_all,graphsage_fairloss_a10_mb,graphsage_fairloss_a5_sstate20_mb,selection_rate,signed_gap,0.007146885132124026,0.004404814650476449,0.009894240462951936,True,State,51,44,100,190039,Male-Female,-0.050107125051621626,-0.05725401018374565
Victim Sex,named_all,graphsage_fairloss_a10_mb,graphsage_fairloss_a5_sstate20_mb,tpr,signed_gap,0.005041451152056453,0.001860031568988099,0.008343434754202602,True,State,51,44,100,190039,Male-Female,-0.04006315457557896,-0.045104605727635416
Victim Sex,named_all,graphsage_fairloss_a10_mb,graphsage_fairloss_a5_sstate20_mb,fpr,signed_gap,0.011480033172599935,0.005737809699752331,0.0166670969249481,True,State,51,44,100,190039,Male-Female,-0.012911872140825398,-0.024391905313425333
Victim Sex,named_n>=5000,graphsage_fairloss_a10_mb,graphsage_fairloss_a5_sstate20_mb,selection_rate,gap,-0.007146885132124026,-0.009894240462951936,-0.0044048146504764496,True,State,51,44,100,190039,,,
Victim Sex,named_n>=5000,graphsage_fairloss_a10_mb,graphsage_fairloss_a5_sstate20_mb,selection_rate,amplification,-0.10063680173012879,-0.1406547249089999,-0.0622385014382483,True,State,51,44,100,190039,,,
Victim Sex,named_n>=5000,graphsage_fairloss_a10_mb,graphsage_fairloss_a5_sstate20_mb,tpr,gap,-0.005041451152056453,-0.008343434754202603,-0.0018600315689880993,True,State,51,44,100,190039,,,
Victim Sex,named_n>=5000,graphsage_fairloss_a10_mb,graphsage_fairloss_a5_sstate20_mb,tpr,amplification,-0.07098974037530825,-0.1176440419569932,-0.026761810380367256,True,State,51,44,100,190039,,,
Victim Sex,named_n>=5000,graphsage_fairloss_a10_mb,graphsage_fairloss_a5_sstate20_mb,fpr,gap,-0.011480033172599935,-0.016667096924948104,-0.005737809699752331,True,State,51,44,100,190039,,,
Victim Sex,named_n>=5000,graphsage_fairloss_a10_mb,graphsage_fairloss_a5_sstate20_mb,fpr,amplification,-0.16165277612386736,-0.2340498404509505,-0.08145897396026636,True,State,51,44,100,190039,,,
Victim Sex,named_n>=5000,graphsage_fairloss_a10_mb,graphsage_fairloss_a5_sstate20_mb,selection_rate,signed_gap,0.007146885132124026,0.004404814650476449,0.009894240462951936,True,State,51,44,100,190039,Male-Female,-0.050107125051621626,-0.05725401018374565
Victim Sex,named_n>=5000,graphsage_fairloss_a10_mb,graphsage_fairloss_a5_sstate20_mb,tpr,signed_gap,0.005041451152056453,0.001860031568988099,0.008343434754202602,True,State,51,44,100,190039,Male-Female,-0.04006315457557896,-0.045104605727635416
Victim Sex,named_n>=5000,graphsage_fairloss_a10_mb,graphsage_fairloss_a5_sstate20_mb,fpr,signed_gap,0.011480033172599935,0.005737809699752331,0.0166670969249481,True,State,51,44,100,190039,Male-Female,-0.012911872140825398,-0.024391905313425333
Victim Sex,named_all,graphsage_fairloss_a10_mb,graphsage_fairloss_a10_sstate20_mb,selection_rate,gap,0.0061722052815318396,0.003359688898638957,0.008816663168602856,True,State,51,44,100,190039,,,
Victim Sex,named_all,graphsage_fairloss_a10_mb,graphsage_fairloss_a10_sstate20_mb,selection_rate,amplification,0.08691212852480401,0.04792112665892281,0.1243305839331272,True,State,51,44,100,190039,,,
Victim Sex,named_all,graphsage_fairloss_a10_mb,graphsage_fairloss_a10_sstate20_mb,tpr,gap,0.007146063976664618,0.004029819822158118,0.01013277260418442,True,State,51,44,100,190039,,,
Victim Sex,named_all,graphsage_fairloss_a10_mb,graphsage_fairloss_a10_sstate20_mb,tpr,amplification,0.10062523886635943,0.05615203586467768,0.1433310526577976,True,State,51,44,100,190039,,,
Victim Sex,named_all,graphsage_fairloss_a10_mb,graphsage_fairloss_a10_sstate20_mb,fpr,gap,0.004410204215225033,-0.0017099306163483345,0.00972712249713915,False,State,51,44,100,190039,,,
Victim Sex,named_all,graphsage_fairloss_a10_mb,graphsage_fairloss_a10_sstate20_mb,fpr,amplification,0.0621010186944303,-0.024519848811779855,0.13615861795121706,False,State,51,44,100,190039,,,
Victim Sex,named_all,graphsage_fairloss_a10_mb,graphsage_fairloss_a10_sstate20_mb,selection_rate,signed_gap,-0.0061722052815318396,-0.008816663168602856,-0.003359688898638957,True,State,51,44,100,190039,Male-Female,-0.050107125051621626,-0.043934919770089786
Victim Sex,named_all,graphsage_fairloss_a10_mb,graphsage_fairloss_a10_sstate20_mb,tpr,signed_gap,-0.007146063976664618,-0.01013277260418442,-0.004029819822158119,True,State,51,44,100,190039,Male-Female,-0.04006315457557896,-0.032917090598914345
Victim Sex,named_all,graphsage_fairloss_a10_mb,graphsage_fairloss_a10_sstate20_mb,fpr,signed_gap,-0.004410204215225033,-0.010104136281353097,0.0012255420278034276,False,State,51,44,100,190039,Male-Female,-0.012911872140825398,-0.008501667925600365
Victim Sex,named_n>=5000,graphsage_fairloss_a10_mb,graphsage_fairloss_a10_sstate20_mb,selection_rate,gap,0.0061722052815318396,0.003359688898638957,0.008816663168602856,True,State,51,44,100,190039,,,
Victim Sex,named_n>=5000,graphsage_fairloss_a10_mb,graphsage_fairloss_a10_sstate20_mb,selection_rate,amplification,0.08691212852480401,0.04792112665892281,0.1243305839331272,True,State,51,44,100,190039,,,
Victim Sex,named_n>=5000,graphsage_fairloss_a10_mb,graphsage_fairloss_a10_sstate20_mb,tpr,gap,0.007146063976664618,0.004029819822158118,0.01013277260418442,True,State,51,44,100,190039,,,
Victim Sex,named_n>=5000,graphsage_fairloss_a10_mb,graphsage_fairloss_a10_sstate20_mb,tpr,amplification,0.10062523886635943,0.05615203586467768,0.1433310526577976,True,State,51,44,100,190039,,,
Victim Sex,named_n>=5000,graphsage_fairloss_a10_mb,graphsage_fairloss_a10_sstate20_mb,fpr,gap,0.004410204215225033,-0.0017099306163483345,0.00972712249713915,False,State,51,44,100,190039,,,
Victim Sex,named_n>=5000,graphsage_fairloss_a10_mb,graphsage_fairloss_a10_sstate20_mb,fpr,amplification,0.0621010186944303,-0.024519848811779855,0.13615861795121706,False,State,51,44,100,190039,,,
Victim Sex,named_n>=5000,graphsage_fairloss_a10_mb,graphsage_fairloss_a10_sstate20_mb,selection_rate,signed_gap,-0.0061722052815318396,-0.008816663168602856,-0.003359688898638957,True,State,51,44,100,190039,Male-Female,-0.050107125051621626,-0.043934919770089786
Victim Sex,named_n>=5000,graphsage_fairloss_a10_mb,graphsage_fairloss_a10_sstate20_mb,tpr,signed_gap,-0.007146063976664618,-0.01013277260418442,-0.004029819822158119,True,State,51,44,100,190039,Male-Female,-0.04006315457557896,-0.032917090598914345
Victim Sex,named_n>=5000,graphsage_fairloss_a10_mb,graphsage_fairloss_a10_sstate20_mb,fpr,signed_gap,-0.004410204215225033,-0.010104136281353097,0.0012255420278034276,False,State,51,44,100,190039,Male-Female,-0.012911872140825398,-0.008501667925600365
Victim Sex,named_all,graphsage_fairloss_a10_mb,graphsage_fairloss_a25_sstate20_mb,selection_rate,gap,0.011650370996000636,0.008776643820783797,0.014561181604268744,True,State,51,44,100,190039,,,
Victim Sex,named_all,graphsage_fairloss_a10_mb,graphsage_fairloss_a25_sstate20_mb,selection_rate,amplification,0.16405133905636315,0.12312061600427512,0.20626060316096925,True,State,51,44,100,190039,,,
Victim Sex,named_all,graphsage_fairloss_a10_mb,graphsage_fairloss_a25_sstate20_mb,tpr,gap,0.012042306525017143,0.008879027272012441,0.0154826819965694,True,State,51,44,100,190039,,,
Victim Sex,named_all,graphsage_fairloss_a10_mb,graphsage_fairloss_a25_sstate20_mb,tpr,amplification,0.16957026616872667,0.12426171918090198,0.21966482479906674,True,State,51,44,100,190039,,,
Victim Sex,named_all,graphsage_fairloss_a10_mb,graphsage_fairloss_a25_sstate20_mb,fpr,gap,0.00811004217633654,-0.002000384011740309,0.013437576450328356,False,State,51,44,100,190039,,,
Victim Sex,named_all,graphsage_fairloss_a10_mb,graphsage_fairloss_a25_sstate20_mb,fpr,amplification,0.11419921986075084,-0.028831660161907836,0.19034317372332654,False,State,51,44,100,190039,,,
Victim Sex,named_all,graphsage_fairloss_a10_mb,graphsage_fairloss_a25_sstate20_mb,selection_rate,signed_gap,-0.011650370996000636,-0.014561181604268744,-0.008776643820783797,True,State,51,44,100,190039,Male-Female,-0.050107125051621626,-0.03845675405562099
Victim Sex,named_all,graphsage_fairloss_a10_mb,graphsage_fairloss_a25_sstate20_mb,tpr,signed_gap,-0.012042306525017143,-0.0154826819965694,-0.008879027272012441,True,State,51,44,100,190039,Male-Female,-0.04006315457557896,-0.02802084805056182
Victim Sex,named_all,graphsage_fairloss_a10_mb,graphsage_fairloss_a25_sstate20_mb,fpr,signed_gap,-0.00811004217633654,-0.013713459183956066,-0.002012302879454682,True,State,51,44,100,190039,Male-Female,-0.012911872140825398,-0.004801829964488857
Victim Sex,named_n>=5000,graphsage_fairloss_a10_mb,graphsage_fairloss_a25_sstate20_mb,selection_rate,gap,0.011650370996000636,0.008776643820783797,0.014561181604268744,True,State,51,44,100,190039,,,
Victim Sex,named_n>=5000,graphsage_fairloss_a10_mb,graphsage_fairloss_a25_sstate20_mb,selection_rate,amplification,0.16405133905636315,0.12312061600427512,0.20626060316096925,True,State,51,44,100,190039,,,
Victim Sex,named_n>=5000,graphsage_fairloss_a10_mb,graphsage_fairloss_a25_sstate20_mb,tpr,gap,0.012042306525017143,0.008879027272012441,0.0154826819965694,True,State,51,44,100,190039,,,
Victim Sex,named_n>=5000,graphsage_fairloss_a10_mb,graphsage_fairloss_a25_sstate20_mb,tpr,amplification,0.16957026616872667,0.12426171918090198,0.21966482479906674,True,State,51,44,100,190039,,,
Victim Sex,named_n>=5000,graphsage_fairloss_a10_mb,graphsage_fairloss_a25_sstate20_mb,fpr,gap,0.00811004217633654,-0.002000384011740309,0.013437576450328356,False,State,51,44,100,190039,,,
Victim Sex,named_n>=5000,graphsage_fairloss_a10_mb,graphsage_fairloss_a25_sstate20_mb,fpr,amplification,0.11419921986075084,-0.028831660161907836,0.19034317372332654,False,State,51,44,100,190039,,,
Victim Sex,named_n>=5000,graphsage_fairloss_a10_mb,graphsage_fairloss_a25_sstate20_mb,selection_rate,signed_gap,-0.011650370996000636,-0.014561181604268744,-0.008776643820783797,True,State,51,44,100,190039,Male-Female,-0.050107125051621626,-0.03845675405562099
Victim Sex,named_n>=5000,graphsage_fairloss_a10_mb,graphsage_fairloss_a25_sstate20_mb,tpr,signed_gap,-0.012042306525017143,-0.0154826819965694,-0.008879027272012441,True,State,51,44,100,190039,Male-Female,-0.04006315457557896,-0.02802084805056182
Victim Sex,named_n>=5000,graphsage_fairloss_a10_mb,graphsage_fairloss_a25_sstate20_mb,fpr,signed_gap,-0.00811004217633654,-0.013713459183956066,-0.002012302879454682,True,State,51,44,100,190039,Male-Female,-0.012911872140825398,-0.004801829964488857
Victim Sex,named_all,graphsage_fairloss_a10_mb,graphsage_fairloss_a50_sstate20_mb,selection_rate,gap,0.02119781108171781,0.018078390056746396,0.02438417383801914,True,State,51,44,100,190039,,,
Victim Sex,named_all,graphsage_fairloss_a10_mb,graphsage_fairloss_a50_sstate20_mb,selection_rate,amplification,0.29849086301315164,0.252399259114727,0.34730718401668914,True,State,51,44,100,190039,,,
Victim Sex,named_all,graphsage_fairloss_a10_mb,graphsage_fairloss_a50_sstate20_mb,tpr,gap,0.02080637318228562,0.0169601239328273,0.024446288859567653,True,State,51,44,100,190039,,,
Victim Sex,named_all,graphsage_fairloss_a10_mb,graphsage_fairloss_a50_sstate20_mb,tpr,amplification,0.2929789431282565,0.23650239446236765,0.35111980702999085,True,State,51,44,100,190039,,,
Victim Sex,named_all,graphsage_fairloss_a10_mb,graphsage_fairloss_a50_sstate20_mb,fpr,gap,0.00955982714942838,-0.008105847845822965,0.019477984152675945,False,State,51,44,100,190039,,,
Victim Sex,named_all,graphsage_fairloss_a10_mb,graphsage_fairloss_a50_sstate20_mb,fpr,amplification,0.1346139488218419,-0.11920666852281254,0.2754294573256778,False,State,51,44,100,190039,,,
Victim Sex,named_all,graphsage_fairloss_a10_mb,graphsage_fairloss_a50_sstate20_mb,selection_rate,signed_gap,-0.02119781108171781,-0.02438417383801914,-0.018078390056746396,True,State,51,44,100,190039,Male-Female,-0.050107125051621626,-0.028909313969903816
Victim Sex,named_all,graphsage_fairloss_a10_mb,graphsage_fairloss_a50_sstate20_mb,tpr,signed_gap,-0.02080637318228562,-0.024446288859567653,-0.0169601239328273,True,State,51,44,100,190039,Male-Female,-0.04006315457557896,-0.019256781393293343
Victim Sex,named_all,graphsage_fairloss_a10_mb,graphsage_fairloss_a50_sstate20_mb,fpr,signed_gap,-0.016263917132222416,-0.022226905725270987,-0.010208619569185284,True,State,51,44,100,190039,Male-Female,-0.012911872140825398,0.0033520449913970185
Victim Sex,named_n>=5000,graphsage_fairloss_a10_mb,graphsage_fairloss_a50_sstate20_mb,selection_rate,gap,0.02119781108171781,0.018078390056746396,0.02438417383801914,True,State,51,44,100,190039,,,
Victim Sex,named_n>=5000,graphsage_fairloss_a10_mb,graphsage_fairloss_a50_sstate20_mb,selection_rate,amplification,0.29849086301315164,0.252399259114727,0.34730718401668914,True,State,51,44,100,190039,,,
Victim Sex,named_n>=5000,graphsage_fairloss_a10_mb,graphsage_fairloss_a50_sstate20_mb,tpr,gap,0.02080637318228562,0.0169601239328273,0.024446288859567653,True,State,51,44,100,190039,,,
Victim Sex,named_n>=5000,graphsage_fairloss_a10_mb,graphsage_fairloss_a50_sstate20_mb,tpr,amplification,0.2929789431282565,0.23650239446236765,0.35111980702999085,True,State,51,44,100,190039,,,
Victim Sex,named_n>=5000,graphsage_fairloss_a10_mb,graphsage_fairloss_a50_sstate20_mb,fpr,gap,0.00955982714942838,-0.008105847845822965,0.019477984152675945,False,State,51,44,100,190039,,,
Victim Sex,named_n>=5000,graphsage_fairloss_a10_mb,graphsage_fairloss_a50_sstate20_mb,fpr,amplification,0.1346139488218419,-0.11920666852281254,0.2754294573256778,False,State,51,44,100,190039,,,
Victim Sex,named_n>=5000,graphsage_fairloss_a10_mb,graphsage_fairloss_a50_sstate20_mb,selection_rate,signed_gap,-0.02119781108171781,-0.02438417383801914,-0.018078390056746396,True,State,51,44,100,190039,Male-Female,-0.050107125051621626,-0.028909313969903816
Victim Sex,named_n>=5000,graphsage_fairloss_a10_mb,graphsage_fairloss_a50_sstate20_mb,tpr,signed_gap,-0.02080637318228562,-0.024446288859567653,-0.0169601239328273,True,State,51,44,100,190039,Male-Female,-0.04006315457557896,-0.019256781393293343
Victim Sex,named_n>=5000,graphsage_fairloss_a10_mb,graphsage_fairloss_a50_sstate20_mb,fpr,signed_gap,-0.016263917132222416,-0.022226905725270987,-0.010208619569185284,True,State,51,44,100,190039,Male-Female,-0.012911872140825398,0.0033520449913970185
Victim Sex,named_all,graphsage_fairloss_a10_mb,graphsage_fairloss_a100_sstate20_mb,selection_rate,gap,0.03251396259591388,0.029209750001408213,0.035922615104103606,True,State,51,44,100,190039,,,
Victim Sex,named_all,graphsage_fairloss_a10_mb,graphsage_fairloss_a100_sstate20_mb,selection_rate,amplification,0.45783598682988125,0.4043601799013202,0.5157579564625958,True,State,51,44,100,190039,,,
Victim Sex,named_all,graphsage_fairloss_a10_mb,graphsage_fairloss_a100_sstate20_mb,tpr,gap,0.02831199545673213,0.02427079232617494,0.03245951405363214,True,State,51,44,100,190039,,,
Victim Sex,named_all,graphsage_fairloss_a10_mb,graphsage_fairloss_a100_sstate20_mb,tpr,amplification,0.3986671984633786,0.33599128101093007,0.46775510334626175,True,State,51,44,100,190039,,,
Victim Sex,named_all,graphsage_fairloss_a10_mb,graphsage_fairloss_a100_sstate20_mb,fpr,gap,-0.008540204469316581,-0.026671904786971717,0.00857922682098813,False,State,51,44,100,190039,,,
Victim Sex,named_all,graphsage_fairloss_a10_mb,graphsage_fairloss_a100_sstate20_mb,fpr,amplification,-0.12025642612475357,-0.38144409743166446,0.1236066588599361,False,State,51,44,100,190039,,,
Victim Sex,named_all,graphsage_fairloss_a10_mb,graphsage_fairloss_a100_sstate20_mb,selection_rate,signed_gap,-0.03251396259591388,-0.035922615104103606,-0.029209750001408213,True,State,51,44,100,190039,Male-Female,-0.050107125051621626,-0.017593162455707745
Victim Sex,named_all,graphsage_fairloss_a10_mb,graphsage_fairloss_a100_sstate20_mb,tpr,signed_gap,-0.02831199545673213,-0.03245951405363215,-0.02427079232617494,True,State,51,44,100,190039,Male-Female,-0.04006315457557896,-0.011751159118846832
Victim Sex,named_all,graphsage_fairloss_a10_mb,graphsage_fairloss_a100_sstate20_mb,fpr,signed_gap,-0.03436394875096738,-0.04149353824121239,-0.02748092420808139,True,State,51,44,100,190039,Male-Female,-0.012911872140825398,0.02145207661014198
Victim Sex,named_n>=5000,graphsage_fairloss_a10_mb,graphsage_fairloss_a100_sstate20_mb,selection_rate,gap,0.03251396259591388,0.029209750001408213,0.035922615104103606,True,State,51,44,100,190039,,,
Victim Sex,named_n>=5000,graphsage_fairloss_a10_mb,graphsage_fairloss_a100_sstate20_mb,selection_rate,amplification,0.45783598682988125,0.4043601799013202,0.5157579564625958,True,State,51,44,100,190039,,,
Victim Sex,named_n>=5000,graphsage_fairloss_a10_mb,graphsage_fairloss_a100_sstate20_mb,tpr,gap,0.02831199545673213,0.02427079232617494,0.03245951405363214,True,State,51,44,100,190039,,,
Victim Sex,named_n>=5000,graphsage_fairloss_a10_mb,graphsage_fairloss_a100_sstate20_mb,tpr,amplification,0.3986671984633786,0.33599128101093007,0.46775510334626175,True,State,51,44,100,190039,,,
Victim Sex,named_n>=5000,graphsage_fairloss_a10_mb,graphsage_fairloss_a100_sstate20_mb,fpr,gap,-0.008540204469316581,-0.026671904786971717,0.00857922682098813,False,State,51,44,100,190039,,,
Victim Sex,named_n>=5000,graphsage_fairloss_a10_mb,graphsage_fairloss_a100_sstate20_mb,fpr,amplification,-0.12025642612475357,-0.38144409743166446,0.1236066588599361,False,State,51,44,100,190039,,,
Victim Sex,named_n>=5000,graphsage_fairloss_a10_mb,graphsage_fairloss_a100_sstate20_mb,selection_rate,signed_gap,-0.03251396259591388,-0.035922615104103606,-0.029209750001408213,True,State,51,44,100,190039,Male-Female,-0.050107125051621626,-0.017593162455707745
Victim Sex,named_n>=5000,graphsage_fairloss_a10_mb,graphsage_fairloss_a100_sstate20_mb,tpr,signed_gap,-0.02831199545673213,-0.03245951405363215,-0.02427079232617494,True,State,51,44,100,190039,Male-Female,-0.04006315457557896,-0.011751159118846832
Victim Sex,named_n>=5000,graphsage_fairloss_a10_mb,graphsage_fairloss_a100_sstate20_mb,fpr,signed_gap,-0.03436394875096738,-0.04149353824121239,-0.02748092420808139,True,State,51,44,100,190039,Male-Female,-0.012911872140825398,0.02145207661014198
Victim Sex,named_all,graphsage_fairloss_a25_mb,graphsage_fairloss_a50_mb,selection_rate,gap,-0.001240619989931524,-0.0032004375914657683,0.0006258419461459996,False,State,51,44,100,190039,,,
Victim Sex,named_all,graphsage_fairloss_a25_mb,graphsage_fairloss_a50_mb,selection_rate,amplification,-0.01746943257671585,-0.045509689099491,0.008860254968769816,False,State,51,44,100,190039,,,
Victim Sex,named_all,graphsage_fairloss_a25_mb,graphsage_fairloss_a50_mb,tpr,gap,-0.0010367893413103513,-0.003179918281982602,0.0012388561379845285,False,State,51,44,100,190039,,,
Victim Sex,named_all,graphsage_fairloss_a25_mb,graphsage_fairloss_a50_mb,tpr,amplification,-0.014599250085659543,-0.044695964542414986,0.017658174141034825,False,State,51,44,100,190039,,,
Victim Sex,named_all,graphsage_fairloss_a25_mb,graphsage_fairloss_a50_mb,fpr,gap,-0.002628217932308996,-0.006796355243091341,0.00209722105878809,False,State,51,44,100,190039,,,
Victim Sex,named_all,graphsage_fairloss_a25_mb,graphsage_fairloss_a50_mb,fpr,amplification,-0.03700849280037927,-0.0943748700474626,0.03006625052663013,False,State,51,44,100,190039,,,
Victim Sex,named_all,graphsage_fairloss_a25_mb,graphsage_fairloss_a50_mb,selection_rate,signed_gap,0.001240619989931524,-0.0006258419461459997,0.0032004375914657683,False,State,51,44,100,190039,Male-Female,-0.04438317447122275,-0.04562379446115428
Victim Sex,named_all,graphsage_fairloss_a25_mb,graphsage_fairloss_a50_mb,tpr,signed_gap,0.0010367893413103513,-0.0012388561379845287,0.0031799182819826012,False,State,51,44,100,190039,Male-Female,-0.03418303340323481,-0.03521982274454516
Victim Sex,named_all,graphsage_fairloss_a25_mb,graphsage_fairloss_a50_mb,fpr,signed_gap,0.002628217932308996,-0.0013867097367307902,0.006875916859009739,False,State,51,44,100,190039,Male-Female,-0.007679807781695802,-0.010308025714004798
Victim Sex,named_n>=5000,graphsage_fairloss_a25_mb,graphsage_fairloss_a50_mb,selection_rate,gap,-0.001240619989931524,-0.0032004375914657683,0.0006258419461459996,False,State,51,44,100,190039,,,
Victim Sex,named_n>=5000,graphsage_fairloss_a25_mb,graphsage_fairloss_a50_mb,selection_rate,amplification,-0.01746943257671585,-0.045509689099491,0.008860254968769816,False,State,51,44,100,190039,,,
Victim Sex,named_n>=5000,graphsage_fairloss_a25_mb,graphsage_fairloss_a50_mb,tpr,gap,-0.0010367893413103513,-0.003179918281982602,0.0012388561379845285,False,State,51,44,100,190039,,,
Victim Sex,named_n>=5000,graphsage_fairloss_a25_mb,graphsage_fairloss_a50_mb,tpr,amplification,-0.014599250085659543,-0.044695964542414986,0.017658174141034825,False,State,51,44,100,190039,,,
Victim Sex,named_n>=5000,graphsage_fairloss_a25_mb,graphsage_fairloss_a50_mb,fpr,gap,-0.002628217932308996,-0.006796355243091341,0.00209722105878809,False,State,51,44,100,190039,,,
Victim Sex,named_n>=5000,graphsage_fairloss_a25_mb,graphsage_fairloss_a50_mb,fpr,amplification,-0.03700849280037927,-0.0943748700474626,0.03006625052663013,False,State,51,44,100,190039,,,
Victim Sex,named_n>=5000,graphsage_fairloss_a25_mb,graphsage_fairloss_a50_mb,selection_rate,signed_gap,0.001240619989931524,-0.0006258419461459997,0.0032004375914657683,False,State,51,44,100,190039,Male-Female,-0.04438317447122275,-0.04562379446115428
Victim Sex,named_n>=5000,graphsage_fairloss_a25_mb,graphsage_fairloss_a50_mb,tpr,signed_gap,0.0010367893413103513,-0.0012388561379845287,0.0031799182819826012,False,State,51,44,100,190039,Male-Female,-0.03418303340323481,-0.03521982274454516
Victim Sex,named_n>=5000,graphsage_fairloss_a25_mb,graphsage_fairloss_a50_mb,fpr,signed_gap,0.002628217932308996,-0.0013867097367307902,0.006875916859009739,False,State,51,44,100,190039,Male-Female,-0.007679807781695802,-0.010308025714004798
Victim Sex,named_all,graphsage_fairloss_a25_mb,graphsage_fairloss_a100_mb,selection_rate,gap,0.0022969800171425137,0.00035214307815883977,0.004404932377590012,True,State,51,44,100,190039,,,
Victim Sex,named_all,graphsage_fairloss_a25_mb,graphsage_fairloss_a100_mb,selection_rate,amplification,0.03234426163143589,0.005024011029817053,0.062106948607214545,True,State,51,44,100,190039,,,
Victim Sex,named_all,graphsage_fairloss_a25_mb,graphsage_fairloss_a100_mb,tpr,gap,0.0024435258899604406,-9.841711780585455e-05,0.005030285538260054,False,State,51,44,100,190039,,,
Victim Sex,named_all,graphsage_fairloss_a25_mb,graphsage_fairloss_a100_mb,tpr,amplification,0.03440780507371921,-0.0014088182620349188,0.07080819412885889,False,State,51,44,100,190039,,,
Victim Sex,named_all,graphsage_fairloss_a25_mb,graphsage_fairloss_a100_mb,fpr,gap,-0.0005754621734179177,-0.00452095157787188,0.0035823894940910147,False,State,51,44,100,190039,,,
Victim Sex,named_all,graphsage_fairloss_a25_mb,graphsage_fairloss_a100_mb,fpr,amplification,-0.008103204623947355,-0.06502891357585151,0.050615827100707146,False,State,51,44,100,190039,,,
Victim Sex,named_all,graphsage_fairloss_a25_mb,graphsage_fairloss_a100_mb,selection_rate,signed_gap,-0.0022969800171425137,-0.0044049323775900125,-0.0003521430781588403,True,State,51,44,100,190039,Male-Female,-0.04438317447122275,-0.04208619445408024
Victim Sex,named_all,graphsage_fairloss_a25_mb,graphsage_fairloss_a100_mb,tpr,signed_gap,-0.0024435258899604406,-0.005030285538260054,9.841711780585386e-05,False,State,51,44,100,190039,Male-Female,-0.03418303340323481,-0.03173950751327437
Victim Sex,named_all,graphsage_fairloss_a25_mb,graphsage_fairloss_a100_mb,fpr,signed_gap,0.0005754621734179177,-0.003711222928100015,0.00455423063135669,False,State,51,44,100,190039,Male-Female,-0.007679807781695802,-0.00825526995511372
Victim Sex,named_n>=5000,graphsage_fairloss_a25_mb,graphsage_fairloss_a100_mb,selection_rate,gap,0.0022969800171425137,0.00035214307815883977,0.004404932377590012,True,State,51,44,100,190039,,,
Victim Sex,named_n>=5000,graphsage_fairloss_a25_mb,graphsage_fairloss_a100_mb,selection_rate,amplification,0.03234426163143589,0.005024011029817053,0.062106948607214545,True,State,51,44,100,190039,,,
Victim Sex,named_n>=5000,graphsage_fairloss_a25_mb,graphsage_fairloss_a100_mb,tpr,gap,0.0024435258899604406,-9.841711780585455e-05,0.005030285538260054,False,State,51,44,100,190039,,,
Victim Sex,named_n>=5000,graphsage_fairloss_a25_mb,graphsage_fairloss_a100_mb,tpr,amplification,0.03440780507371921,-0.0014088182620349188,0.07080819412885889,False,State,51,44,100,190039,,,
Victim Sex,named_n>=5000,graphsage_fairloss_a25_mb,graphsage_fairloss_a100_mb,fpr,gap,-0.0005754621734179177,-0.00452095157787188,0.0035823894940910147,False,State,51,44,100,190039,,,
Victim Sex,named_n>=5000,graphsage_fairloss_a25_mb,graphsage_fairloss_a100_mb,fpr,amplification,-0.008103204623947355,-0.06502891357585151,0.050615827100707146,False,State,51,44,100,190039,,,
Victim Sex,named_n>=5000,graphsage_fairloss_a25_mb,graphsage_fairloss_a100_mb,selection_rate,signed_gap,-0.0022969800171425137,-0.0044049323775900125,-0.0003521430781588403,True,State,51,44,100,190039,Male-Female,-0.04438317447122275,-0.04208619445408024
Victim Sex,named_n>=5000,graphsage_fairloss_a25_mb,graphsage_fairloss_a100_mb,tpr,signed_gap,-0.0024435258899604406,-0.005030285538260054,9.841711780585386e-05,False,State,51,44,100,190039,Male-Female,-0.03418303340323481,-0.03173950751327437
Victim Sex,named_n>=5000,graphsage_fairloss_a25_mb,graphsage_fairloss_a100_mb,fpr,signed_gap,0.0005754621734179177,-0.003711222928100015,0.00455423063135669,False,State,51,44,100,190039,Male-Female,-0.007679807781695802,-0.00825526995511372
Victim Sex,named_all,graphsage_fairloss_a25_mb,graphsage_fairloss_a5_sstate20_mb,selection_rate,gap,-0.012870835712522899,-0.015952533383361542,-0.01000380261108942,True,State,51,44,100,190039,,,
Victim Sex,named_all,graphsage_fairloss_a25_mb,graphsage_fairloss_a5_sstate20_mb,selection_rate,amplification,-0.18123696096361863,-0.2264898082907458,-0.1390867748199142,True,State,51,44,100,190039,,,
Victim Sex,named_all,graphsage_fairloss_a25_mb,graphsage_fairloss_a5_sstate20_mb,tpr,gap,-0.010921572324400608,-0.014339824713960581,-0.007572205932615228,True,State,51,44,100,190039,,,
Victim Sex,named_all,graphsage_fairloss_a25_mb,graphsage_fairloss_a5_sstate20_mb,tpr,amplification,-0.15378897075757458,-0.20352812603368856,-0.10654644926859157,True,State,51,44,100,190039,,,
Victim Sex,named_all,graphsage_fairloss_a25_mb,graphsage_fairloss_a5_sstate20_mb,fpr,gap,-0.01671209753172953,-0.022844680862229787,-0.009542086936262895,True,State,51,44,100,190039,,,
Victim Sex,named_all,graphsage_fairloss_a25_mb,graphsage_fairloss_a5_sstate20_mb,fpr,amplification,-0.23532658139916127,-0.32415675376574593,-0.13660707370543437,True,State,51,44,100,190039,,,
Victim Sex,named_all,graphsage_fairloss_a25_mb,graphsage_fairloss_a5_sstate20_mb,selection_rate,signed_gap,0.012870835712522899,0.010003802611089418,0.015952533383361542,True,State,51,44,100,190039,Male-Female,-0.04438317447122275,-0.05725401018374565
Victim Sex,named_all,graphsage_fairloss_a25_mb,graphsage_fairloss_a5_sstate20_mb,tpr,signed_gap,0.010921572324400608,0.007572205932615228,0.01433982471396058,True,State,51,44,100,190039,Male-Female,-0.03418303340323481,-0.045104605727635416
Victim Sex,named_all,graphsage_fairloss_a25_mb,graphsage_fairloss_a5_sstate20_mb,fpr,signed_gap,0.01671209753172953,0.010500294179167686,0.02292472142408549,True,State,51,44,100,190039,Male-Female,-0.007679807781695802,-0.024391905313425333
Victim Sex,named_n>=5000,graphsage_fairloss_a25_mb,graphsage_fairloss_a5_sstate20_mb,selection_rate,gap,-0.012870835712522899,-0.015952533383361542,-0.01000380261108942,True,State,51,44,100,190039,,,
Victim Sex,named_n>=5000,graphsage_fairloss_a25_mb,graphsage_fairloss_a5_sstate20_mb,selection_rate,amplification,-0.18123696096361863,-0.2264898082907458,-0.1390867748199142,True,State,51,44,100,190039,,,
Victim Sex,named_n>=5000,graphsage_fairloss_a25_mb,graphsage_fairloss_a5_sstate20_mb,tpr,gap,-0.010921572324400608,-0.014339824713960581,-0.007572205932615228,True,State,51,44,100,190039,,,
Victim Sex,named_n>=5000,graphsage_fairloss_a25_mb,graphsage_fairloss_a5_sstate20_mb,tpr,amplification,-0.15378897075757458,-0.20352812603368856,-0.10654644926859157,True,State,51,44,100,190039,,,
Victim Sex,named_n>=5000,graphsage_fairloss_a25_mb,graphsage_fairloss_a5_sstate20_mb,fpr,gap,-0.01671209753172953,-0.022844680862229787,-0.009542086936262895,True,State,51,44,100,190039,,,
Victim Sex,named_n>=5000,graphsage_fairloss_a25_mb,graphsage_fairloss_a5_sstate20_mb,fpr,amplification,-0.23532658139916127,-0.32415675376574593,-0.13660707370543437,True,State,51,44,100,190039,,,
Victim Sex,named_n>=5000,graphsage_fairloss_a25_mb,graphsage_fairloss_a5_sstate20_mb,selection_rate,signed_gap,0.012870835712522899,0.010003802611089418,0.015952533383361542,True,State,51,44,100,190039,Male-Female,-0.04438317447122275,-0.05725401018374565
Victim Sex,named_n>=5000,graphsage_fairloss_a25_mb,graphsage_fairloss_a5_sstate20_mb,tpr,signed_gap,0.010921572324400608,0.007572205932615228,0.01433982471396058,True,State,51,44,100,190039,Male-Female,-0.03418303340323481,-0.045104605727635416
Victim Sex,named_n>=5000,graphsage_fairloss_a25_mb,graphsage_fairloss_a5_sstate20_mb,fpr,signed_gap,0.01671209753172953,0.010500294179167686,0.02292472142408549,True,State,51,44,100,190039,Male-Female,-0.007679807781695802,-0.024391905313425333
Victim Sex,named_all,graphsage_fairloss_a25_mb,graphsage_fairloss_a10_sstate20_mb,selection_rate,gap,0.0004482547011329663,-0.002260832902985052,0.0033850383002165863,False,State,51,44,100,190039,,,
Victim Sex,named_all,graphsage_fairloss_a25_mb,graphsage_fairloss_a10_sstate20_mb,selection_rate,amplification,0.006311969291314168,-0.03218103463529102,0.04845996257528797,False,State,51,44,100,190039,,,
Victim Sex,named_all,graphsage_fairloss_a25_mb,graphsage_fairloss_a10_sstate20_mb,tpr,gap,0.0012659428043204635,-0.0019091273321527684,0.004834641205090831,False,State,51,44,100,190039,,,
Victim Sex,named_all,graphsage_fairloss_a25_mb,graphsage_fairloss_a10_sstate20_mb,tpr,amplification,0.017826008484093103,-0.026660953926939367,0.06821467927787564,False,State,51,44,100,190039,,,
Victim Sex,named_all,graphsage_fairloss_a25_mb,graphsage_fairloss_a10_sstate20_mb,fpr,gap,-0.0008218601439045625,-0.006305717827868919,0.00477480152200287,False,State,51,44,100,190039,,,
Victim Sex,named_all,graphsage_fairloss_a25_mb,graphsage_fairloss_a10_sstate20_mb,fpr,amplification,-0.011572786580863609,-0.09030244530673683,0.06792064697501711,False,State,51,44,100,190039,,,
Victim Sex,named_all,graphsage_fairloss_a25_mb,graphsage_fairloss_a10_sstate20_mb,selection_rate,signed_gap,-0.0004482547011329663,-0.0033850383002165863,0.002260832902985052,False,State,51,44,100,190039,Male-Female,-0.04438317447122275,-0.043934919770089786
Victim Sex,named_all,graphsage_fairloss_a25_mb,graphsage_fairloss_a10_sstate20_mb,tpr,signed_gap,-0.0012659428043204635,-0.004834641205090831,0.001909127332152767,False,State,51,44,100,190039,Male-Female,-0.03418303340323481,-0.032917090598914345
Victim Sex,named_all,graphsage_fairloss_a25_mb,graphsage_fairloss_a10_sstate20_mb,fpr,signed_gap,0.0008218601439045625,-0.004937700237504556,0.00633480674360159,False,State,51,44,100,190039,Male-Female,-0.007679807781695802,-0.008501667925600365
Victim Sex,named_n>=5000,graphsage_fairloss_a25_mb,graphsage_fairloss_a10_sstate20_mb,selection_rate,gap,0.0004482547011329663,-0.002260832902985052,0.0033850383002165863,False,State,51,44,100,190039,,,
Victim Sex,named_n>=5000,graphsage_fairloss_a25_mb,graphsage_fairloss_a10_sstate20_mb,selection_rate,amplification,0.006311969291314168,-0.03218103463529102,0.04845996257528797,False,State,51,44,100,190039,,,
Victim Sex,named_n>=5000,graphsage_fairloss_a25_mb,graphsage_fairloss_a10_sstate20_mb,tpr,gap,0.0012659428043204635,-0.0019091273321527684,0.004834641205090831,False,State,51,44,100,190039,,,
Victim Sex,named_n>=5000,graphsage_fairloss_a25_mb,graphsage_fairloss_a10_sstate20_mb,tpr,amplification,0.017826008484093103,-0.026660953926939367,0.06821467927787564,False,State,51,44,100,190039,,,
Victim Sex,named_n>=5000,graphsage_fairloss_a25_mb,graphsage_fairloss_a10_sstate20_mb,fpr,gap,-0.0008218601439045625,-0.006305717827868919,0.00477480152200287,False,State,51,44,100,190039,,,
Victim Sex,named_n>=5000,graphsage_fairloss_a25_mb,graphsage_fairloss_a10_sstate20_mb,fpr,amplification,-0.011572786580863609,-0.09030244530673683,0.06792064697501711,False,State,51,44,100,190039,,,
Victim Sex,named_n>=5000,graphsage_fairloss_a25_mb,graphsage_fairloss_a10_sstate20_mb,selection_rate,signed_gap,-0.0004482547011329663,-0.0033850383002165863,0.002260832902985052,False,State,51,44,100,190039,Male-Female,-0.04438317447122275,-0.043934919770089786
Victim Sex,named_n>=5000,graphsage_fairloss_a25_mb,graphsage_fairloss_a10_sstate20_mb,tpr,signed_gap,-0.0012659428043204635,-0.004834641205090831,0.001909127332152767,False,State,51,44,100,190039,Male-Female,-0.03418303340323481,-0.032917090598914345
Victim Sex,named_n>=5000,graphsage_fairloss_a25_mb,graphsage_fairloss_a10_sstate20_mb,fpr,signed_gap,0.0008218601439045625,-0.004937700237504556,0.00633480674360159,False,State,51,44,100,190039,Male-Female,-0.007679807781695802,-0.008501667925600365
Victim Sex,named_all,graphsage_fairloss_a25_mb,graphsage_fairloss_a25_sstate20_mb,selection_rate,gap,0.005926420415601763,0.0029455831995280598,0.00902118660061741,True,State,51,44,100,190039,,,
Victim Sex,named_all,graphsage_fairloss_a25_mb,graphsage_fairloss_a25_sstate20_mb,selection_rate,amplification,0.08345117982287331,0.04125521828625498,0.1268353106260126,True,State,51,44,100,190039,,,
Victim Sex,named_all,graphsage_fairloss_a25_mb,graphsage_fairloss_a25_sstate20_mb,tpr,gap,0.006162185352672989,0.002826144535085659,0.009716855824388656,True,State,51,44,100,190039,,,
Victim Sex,named_all,graphsage_fairloss_a25_mb,graphsage_fairloss_a25_sstate20_mb,tpr,amplification,0.08677103578646034,0.03998138414185493,0.13810853137161383,True,State,51,44,100,190039,,,
Victim Sex,named_all,graphsage_fairloss_a25_mb,graphsage_fairloss_a25_sstate20_mb,fpr,gap,0.002877977817206945,-0.004359553273043088,0.008550132346760261,False,State,51,44,100,190039,,,
Victim Sex,named_all,graphsage_fairloss_a25_mb,graphsage_fairloss_a25_sstate20_mb,fpr,amplification,0.04052541458545693,-0.06239574102002476,0.11999001748324621,False,State,51,44,100,190039,,,
Victim Sex,named_all,graphsage_fairloss_a25_mb,graphsage_fairloss_a25_sstate20_mb,selection_rate,signed_gap,-0.005926420415601763,-0.009021186600617412,-0.0029455831995280598,True,State,51,44,100,190039,Male-Female,-0.04438317447122275,-0.03845675405562099
Victim Sex,named_all,graphsage_fairloss_a25_mb,graphsage_fairloss_a25_sstate20_mb,tpr,signed_gap,-0.006162185352672989,-0.009716855824388656,-0.002826144535085659,True,State,51,44,100,190039,Male-Female,-0.03418303340323481,-0.02802084805056182
Victim Sex,named_all,graphsage_fairloss_a25_mb,graphsage_fairloss_a25_sstate20_mb,fpr,signed_gap,-0.002877977817206945,-0.008661780138470151,0.0037298350039751864,False,State,51,44,100,190039,Male-Female,-0.007679807781695802,-0.004801829964488857
Victim Sex,named_n>=5000,graphsage_fairloss_a25_mb,graphsage_fairloss_a25_sstate20_mb,selection_rate,gap,0.005926420415601763,0.0029455831995280598,0.00902118660061741,True,State,51,44,100,190039,,,
Victim Sex,named_n>=5000,graphsage_fairloss_a25_mb,graphsage_fairloss_a25_sstate20_mb,selection_rate,amplification,0.08345117982287331,0.04125521828625498,0.1268353106260126,True,State,51,44,100,190039,,,
Victim Sex,named_n>=5000,graphsage_fairloss_a25_mb,graphsage_fairloss_a25_sstate20_mb,tpr,gap,0.006162185352672989,0.002826144535085659,0.009716855824388656,True,State,51,44,100,190039,,,
Victim Sex,named_n>=5000,graphsage_fairloss_a25_mb,graphsage_fairloss_a25_sstate20_mb,tpr,amplification,0.08677103578646034,0.03998138414185493,0.13810853137161383,True,State,51,44,100,190039,,,
Victim Sex,named_n>=5000,graphsage_fairloss_a25_mb,graphsage_fairloss_a25_sstate20_mb,fpr,gap,0.002877977817206945,-0.004359553273043088,0.008550132346760261,False,State,51,44,100,190039,,,
Victim Sex,named_n>=5000,graphsage_fairloss_a25_mb,graphsage_fairloss_a25_sstate20_mb,fpr,amplification,0.04052541458545693,-0.06239574102002476,0.11999001748324621,False,State,51,44,100,190039,,,
Victim Sex,named_n>=5000,graphsage_fairloss_a25_mb,graphsage_fairloss_a25_sstate20_mb,selection_rate,signed_gap,-0.005926420415601763,-0.009021186600617412,-0.0029455831995280598,True,State,51,44,100,190039,Male-Female,-0.04438317447122275,-0.03845675405562099
Victim Sex,named_n>=5000,graphsage_fairloss_a25_mb,graphsage_fairloss_a25_sstate20_mb,tpr,signed_gap,-0.006162185352672989,-0.009716855824388656,-0.002826144535085659,True,State,51,44,100,190039,Male-Female,-0.03418303340323481,-0.02802084805056182
Victim Sex,named_n>=5000,graphsage_fairloss_a25_mb,graphsage_fairloss_a25_sstate20_mb,fpr,signed_gap,-0.002877977817206945,-0.008661780138470151,0.0037298350039751864,False,State,51,44,100,190039,Male-Female,-0.007679807781695802,-0.004801829964488857
Victim Sex,named_all,graphsage_fairloss_a25_mb,graphsage_fairloss_a50_sstate20_mb,selection_rate,gap,0.015473860501318937,0.01234481794506331,0.018606981451853695,True,State,51,44,100,190039,,,
Victim Sex,named_all,graphsage_fairloss_a25_mb,graphsage_fairloss_a50_sstate20_mb,selection_rate,amplification,0.2178907037796618,0.17391297761663463,0.26268434962103004,True,State,51,44,100,190039,,,
Victim Sex,named_all,graphsage_fairloss_a25_mb,graphsage_fairloss_a50_sstate20_mb,tpr,gap,0.014926252009941465,0.01130282361179559,0.0187938579411408,True,State,51,44,100,190039,,,
Victim Sex,named_all,graphsage_fairloss_a25_mb,graphsage_fairloss_a50_sstate20_mb,tpr,amplification,0.21017971274599018,0.15823415348462042,0.2649385854205724,True,State,51,44,100,190039,,,
Victim Sex,named_all,graphsage_fairloss_a25_mb,graphsage_fairloss_a50_sstate20_mb,fpr,gap,0.004327762790298784,-0.010938046526316343,0.01469525984742872,False,State,51,44,100,190039,,,
Victim Sex,named_all,graphsage_fairloss_a25_mb,graphsage_fairloss_a50_sstate20_mb,fpr,amplification,0.06094014354654799,-0.15395185874492157,0.20415194837074602,False,State,51,44,100,190039,,,
Victim Sex,named_all,graphsage_fairloss_a25_mb,graphsage_fairloss_a50_sstate20_mb,selection_rate,signed_gap,-0.015473860501318937,-0.018606981451853695,-0.012344817945063312,True,State,51,44,100,190039,Male-Female,-0.04438317447122275,-0.028909313969903816
Victim Sex,named_all,graphsage_fairloss_a25_mb,graphsage_fairloss_a50_sstate20_mb,tpr,signed_gap,-0.014926252009941465,-0.0187938579411408,-0.01130282361179559,True,State,51,44,100,190039,Male-Female,-0.03418303340323481,-0.019256781393293343
Victim Sex,named_all,graphsage_fairloss_a25_mb,graphsage_fairloss_a50_sstate20_mb,fpr,signed_gap,-0.01103185277309282,-0.017514877705121217,-0.004782727861619001,True,State,51,44,100,190039,Male-Female,-0.007679807781695802,0.0033520449913970185
Victim Sex,named_n>=5000,graphsage_fairloss_a25_mb,graphsage_fairloss_a50_sstate20_mb,selection_rate,gap,0.015473860501318937,0.01234481794506331,0.018606981451853695,True,State,51,44,100,190039,,,
Victim Sex,named_n>=5000,graphsage_fairloss_a25_mb,graphsage_fairloss_a50_sstate20_mb,selection_rate,amplification,0.2178907037796618,0.17391297761663463,0.26268434962103004,True,State,51,44,100,190039,,,
Victim Sex,named_n>=5000,graphsage_fairloss_a25_mb,graphsage_fairloss_a50_sstate20_mb,tpr,gap,0.014926252009941465,0.01130282361179559,0.0187938579411408,True,State,51,44,100,190039,,,
Victim Sex,named_n>=5000,graphsage_fairloss_a25_mb,graphsage_fairloss_a50_sstate20_mb,tpr,amplification,0.21017971274599018,0.15823415348462042,0.2649385854205724,True,State,51,44,100,190039,,,
Victim Sex,named_n>=5000,graphsage_fairloss_a25_mb,graphsage_fairloss_a50_sstate20_mb,fpr,gap,0.004327762790298784,-0.010938046526316343,0.01469525984742872,False,State,51,44,100,190039,,,
Victim Sex,named_n>=5000,graphsage_fairloss_a25_mb,graphsage_fairloss_a50_sstate20_mb,fpr,amplification,0.06094014354654799,-0.15395185874492157,0.20415194837074602,False,State,51,44,100,190039,,,
Victim Sex,named_n>=5000,graphsage_fairloss_a25_mb,graphsage_fairloss_a50_sstate20_mb,selection_rate,signed_gap,-0.015473860501318937,-0.018606981451853695,-0.012344817945063312,True,State,51,44,100,190039,Male-Female,-0.04438317447122275,-0.028909313969903816
Victim Sex,named_n>=5000,graphsage_fairloss_a25_mb,graphsage_fairloss_a50_sstate20_mb,tpr,signed_gap,-0.014926252009941465,-0.0187938579411408,-0.01130282361179559,True,State,51,44,100,190039,Male-Female,-0.03418303340323481,-0.019256781393293343
Victim Sex,named_n>=5000,graphsage_fairloss_a25_mb,graphsage_fairloss_a50_sstate20_mb,fpr,signed_gap,-0.01103185277309282,-0.017514877705121217,-0.004782727861619001,True,State,51,44,100,190039,Male-Female,-0.007679807781695802,0.0033520449913970185
Victim Sex,named_all,graphsage_fairloss_a25_mb,graphsage_fairloss_a100_sstate20_mb,selection_rate,gap,0.026790012015515008,0.023312776947065482,0.03036151933265784,True,State,51,44,100,190039,,,
Victim Sex,named_all,graphsage_fairloss_a25_mb,graphsage_fairloss_a100_sstate20_mb,selection_rate,amplification,0.3772358275963914,0.3272994838737141,0.434871824652107,True,State,51,44,100,190039,,,
Victim Sex,named_all,graphsage_fairloss_a25_mb,graphsage_fairloss_a100_sstate20_mb,tpr,gap,0.022431874284387976,0.018663231850889608,0.02653758151719308,True,State,51,44,100,190039,,,
Victim Sex,named_all,graphsage_fairloss_a25_mb,graphsage_fairloss_a100_sstate20_mb,tpr,amplification,0.3158679680811123,0.2606269771465828,0.3793472370325313,True,State,51,44,100,190039,,,
Victim Sex,named_all,graphsage_fairloss_a25_mb,graphsage_fairloss_a100_sstate20_mb,fpr,gap,-0.013772268828446177,-0.028530790924721636,0.004269516034881578,False,State,51,44,100,190039,,,
Victim Sex,named_all,graphsage_fairloss_a25_mb,graphsage_fairloss_a100_sstate20_mb,fpr,amplification,-0.19393023140004748,-0.40107160400324204,0.06100044835660684,False,State,51,44,100,190039,,,
Victim Sex,named_all,graphsage_fairloss_a25_mb,graphsage_fairloss_a100_sstate20_mb,selection_rate,signed_gap,-0.026790012015515008,-0.030361519332657842,-0.023312776947065485,True,State,51,44,100,190039,Male-Female,-0.04438317447122275,-0.017593162455707745
Victim Sex,named_all,graphsage_fairloss_a25_mb,graphsage_fairloss_a100_sstate20_mb,tpr,signed_gap,-0.022431874284387976,-0.02653758151719308,-0.018663231850889608,True,State,51,44,100,190039,Male-Female,-0.03418303340323481,-0.011751159118846832
Victim Sex,named_all,graphsage_fairloss_a25_mb,graphsage_fairloss_a100_sstate20_mb,fpr,signed_gap,-0.02913188439183778,-0.03645092439318888,-0.021963383986972132,True,State,51,44,100,190039,Male-Female,-0.007679807781695802,0.02145207661014198
Victim Sex,named_n>=5000,graphsage_fairloss_a25_mb,graphsage_fairloss_a100_sstate20_mb,selection_rate,gap,0.026790012015515008,0.023312776947065482,0.03036151933265784,True,State,51,44,100,190039,,,
Victim Sex,named_n>=5000,graphsage_fairloss_a25_mb,graphsage_fairloss_a100_sstate20_mb,selection_rate,amplification,0.3772358275963914,0.3272994838737141,0.434871824652107,True,State,51,44,100,190039,,,
Victim Sex,named_n>=5000,graphsage_fairloss_a25_mb,graphsage_fairloss_a100_sstate20_mb,tpr,gap,0.022431874284387976,0.018663231850889608,0.02653758151719308,True,State,51,44,100,190039,,,
Victim Sex,named_n>=5000,graphsage_fairloss_a25_mb,graphsage_fairloss_a100_sstate20_mb,tpr,amplification,0.3158679680811123,0.2606269771465828,0.3793472370325313,True,State,51,44,100,190039,,,
Victim Sex,named_n>=5000,graphsage_fairloss_a25_mb,graphsage_fairloss_a100_sstate20_mb,fpr,gap,-0.013772268828446177,-0.028530790924721636,0.004269516034881578,False,State,51,44,100,190039,,,
Victim Sex,named_n>=5000,graphsage_fairloss_a25_mb,graphsage_fairloss_a100_sstate20_mb,fpr,amplification,-0.19393023140004748,-0.40107160400324204,0.06100044835660684,False,State,51,44,100,190039,,,
Victim Sex,named_n>=5000,graphsage_fairloss_a25_mb,graphsage_fairloss_a100_sstate20_mb,selection_rate,signed_gap,-0.026790012015515008,-0.030361519332657842,-0.023312776947065485,True,State,51,44,100,190039,Male-Female,-0.04438317447122275,-0.017593162455707745
Victim Sex,named_n>=5000,graphsage_fairloss_a25_mb,graphsage_fairloss_a100_sstate20_mb,tpr,signed_gap,-0.022431874284387976,-0.02653758151719308,-0.018663231850889608,True,State,51,44,100,190039,Male-Female,-0.03418303340323481,-0.011751159118846832
Victim Sex,named_n>=5000,graphsage_fairloss_a25_mb,graphsage_fairloss_a100_sstate20_mb,fpr,signed_gap,-0.02913188439183778,-0.03645092439318888,-0.021963383986972132,True,State,51,44,100,190039,Male-Female,-0.007679807781695802,0.02145207661014198
Victim Sex,named_all,graphsage_fairloss_a50_mb,graphsage_fairloss_a100_mb,selection_rate,gap,0.0035376000070740377,0.001497757965537133,0.005554056165148727,True,State,51,44,100,190039,,,
Victim Sex,named_all,graphsage_fairloss_a50_mb,graphsage_fairloss_a100_mb,selection_rate,amplification,0.04981369420815174,0.021012789366498218,0.07895974161505631,True,State,51,44,100,190039,,,
Victim Sex,named_all,graphsage_fairloss_a50_mb,graphsage_fairloss_a100_mb,tpr,gap,0.003480315231270792,0.0009669861824832731,0.0060097931547711475,True,State,51,44,100,190039,,,
Victim Sex,named_all,graphsage_fairloss_a50_mb,graphsage_fairloss_a100_mb,tpr,amplification,0.049007055159378754,0.013344645457306643,0.08481689326144799,True,State,51,44,100,190039,,,
Victim Sex,named_all,graphsage_fairloss_a50_mb,graphsage_fairloss_a100_mb,fpr,gap,0.0020527557588910783,-0.0023377792941507367,0.006090574942956279,False,State,51,44,100,190039,,,
Victim Sex,named_all,graphsage_fairloss_a50_mb,graphsage_fairloss_a100_mb,fpr,amplification,0.028905288176431912,-0.03297220794281412,0.08691925854197503,False,State,51,44,100,190039,,,
Victim Sex,named_all,graphsage_fairloss_a50_mb,graphsage_fairloss_a100_mb,selection_rate,signed_gap,-0.0035376000070740377,-0.005554056165148727,-0.0014977579655371333,True,State,51,44,100,190039,Male-Female,-0.04562379446115428,-0.04208619445408024
Victim Sex,named_all,graphsage_fairloss_a50_mb,graphsage_fairloss_a100_mb,tpr,signed_gap,-0.003480315231270792,-0.006009793154771148,-0.0009669861824832735,True,State,51,44,100,190039,Male-Female,-0.03521982274454516,-0.03173950751327437
Victim Sex,named_all,graphsage_fairloss_a50_mb,graphsage_fairloss_a100_mb,fpr,signed_gap,-0.0020527557588910783,-0.006364440502716833,0.002091486635984539,False,State,51,44,100,190039,Male-Female,-0.010308025714004798,-0.00825526995511372
Victim Sex,named_n>=5000,graphsage_fairloss_a50_mb,graphsage_fairloss_a100_mb,selection_rate,gap,0.0035376000070740377,0.001497757965537133,0.005554056165148727,True,State,51,44,100,190039,,,
Victim Sex,named_n>=5000,graphsage_fairloss_a50_mb,graphsage_fairloss_a100_mb,selection_rate,amplification,0.04981369420815174,0.021012789366498218,0.07895974161505631,True,State,51,44,100,190039,,,
Victim Sex,named_n>=5000,graphsage_fairloss_a50_mb,graphsage_fairloss_a100_mb,tpr,gap,0.003480315231270792,0.0009669861824832731,0.0060097931547711475,True,State,51,44,100,190039,,,
Victim Sex,named_n>=5000,graphsage_fairloss_a50_mb,graphsage_fairloss_a100_mb,tpr,amplification,0.049007055159378754,0.013344645457306643,0.08481689326144799,True,State,51,44,100,190039,,,
Victim Sex,named_n>=5000,graphsage_fairloss_a50_mb,graphsage_fairloss_a100_mb,fpr,gap,0.0020527557588910783,-0.0023377792941507367,0.006090574942956279,False,State,51,44,100,190039,,,
Victim Sex,named_n>=5000,graphsage_fairloss_a50_mb,graphsage_fairloss_a100_mb,fpr,amplification,0.028905288176431912,-0.03297220794281412,0.08691925854197503,False,State,51,44,100,190039,,,
Victim Sex,named_n>=5000,graphsage_fairloss_a50_mb,graphsage_fairloss_a100_mb,selection_rate,signed_gap,-0.0035376000070740377,-0.005554056165148727,-0.0014977579655371333,True,State,51,44,100,190039,Male-Female,-0.04562379446115428,-0.04208619445408024
Victim Sex,named_n>=5000,graphsage_fairloss_a50_mb,graphsage_fairloss_a100_mb,tpr,signed_gap,-0.003480315231270792,-0.006009793154771148,-0.0009669861824832735,True,State,51,44,100,190039,Male-Female,-0.03521982274454516,-0.03173950751327437
Victim Sex,named_n>=5000,graphsage_fairloss_a50_mb,graphsage_fairloss_a100_mb,fpr,signed_gap,-0.0020527557588910783,-0.006364440502716833,0.002091486635984539,False,State,51,44,100,190039,Male-Female,-0.010308025714004798,-0.00825526995511372
Victim Sex,named_all,graphsage_fairloss_a50_mb,graphsage_fairloss_a5_sstate20_mb,selection_rate,gap,-0.011630215722591375,-0.014515157872343731,-0.008685928533915348,True,State,51,44,100,190039,,,
Victim Sex,named_all,graphsage_fairloss_a50_mb,graphsage_fairloss_a5_sstate20_mb,selection_rate,amplification,-0.16376752838690278,-0.2056734366770909,-0.11904151545750902,True,State,51,44,100,190039,,,
Victim Sex,named_all,graphsage_fairloss_a50_mb,graphsage_fairloss_a5_sstate20_mb,tpr,gap,-0.009884782983090257,-0.013530473726454587,-0.00634501463709652,True,State,51,44,100,190039,,,
Victim Sex,named_all,graphsage_fairloss_a50_mb,graphsage_fairloss_a5_sstate20_mb,tpr,amplification,-0.13918972067191504,-0.18969436247353363,-0.08834200458949187,True,State,51,44,100,190039,,,
Victim Sex,named_all,graphsage_fairloss_a50_mb,graphsage_fairloss_a5_sstate20_mb,fpr,gap,-0.014083879599420535,-0.019855138673421813,-0.007721469481391185,True,State,51,44,100,190039,,,
Victim Sex,named_all,graphsage_fairloss_a50_mb,graphsage_fairloss_a5_sstate20_mb,fpr,amplification,-0.198318088598782,-0.2836770129889994,-0.10652800749916176,True,State,51,44,100,190039,,,
Victim Sex,named_all,graphsage_fairloss_a50_mb,graphsage_fairloss_a5_sstate20_mb,selection_rate,signed_gap,0.011630215722591375,0.008685928533915348,0.01451515787234373,True,State,51,44,100,190039,Male-Female,-0.04562379446115428,-0.05725401018374565
Victim Sex,named_all,graphsage_fairloss_a50_mb,graphsage_fairloss_a5_sstate20_mb,tpr,signed_gap,0.009884782983090257,0.006345014637096519,0.013530473726454587,True,State,51,44,100,190039,Male-Female,-0.03521982274454516,-0.045104605727635416
Victim Sex,named_all,graphsage_fairloss_a50_mb,graphsage_fairloss_a5_sstate20_mb,fpr,signed_gap,0.014083879599420535,0.007897415436182009,0.019886143213528534,True,State,51,44,100,190039,Male-Female,-0.010308025714004798,-0.024391905313425333
Victim Sex,named_n>=5000,graphsage_fairloss_a50_mb,graphsage_fairloss_a5_sstate20_mb,selection_rate,gap,-0.011630215722591375,-0.014515157872343731,-0.008685928533915348,True,State,51,44,100,190039,,,
Victim Sex,named_n>=5000,graphsage_fairloss_a50_mb,graphsage_fairloss_a5_sstate20_mb,selection_rate,amplification,-0.16376752838690278,-0.2056734366770909,-0.11904151545750902,True,State,51,44,100,190039,,,
Victim Sex,named_n>=5000,graphsage_fairloss_a50_mb,graphsage_fairloss_a5_sstate20_mb,tpr,gap,-0.009884782983090257,-0.013530473726454587,-0.00634501463709652,True,State,51,44,100,190039,,,
Victim Sex,named_n>=5000,graphsage_fairloss_a50_mb,graphsage_fairloss_a5_sstate20_mb,tpr,amplification,-0.13918972067191504,-0.18969436247353363,-0.08834200458949187,True,State,51,44,100,190039,,,
Victim Sex,named_n>=5000,graphsage_fairloss_a50_mb,graphsage_fairloss_a5_sstate20_mb,fpr,gap,-0.014083879599420535,-0.019855138673421813,-0.007721469481391185,True,State,51,44,100,190039,,,
Victim Sex,named_n>=5000,graphsage_fairloss_a50_mb,graphsage_fairloss_a5_sstate20_mb,fpr,amplification,-0.198318088598782,-0.2836770129889994,-0.10652800749916176,True,State,51,44,100,190039,,,
Victim Sex,named_n>=5000,graphsage_fairloss_a50_mb,graphsage_fairloss_a5_sstate20_mb,selection_rate,signed_gap,0.011630215722591375,0.008685928533915348,0.01451515787234373,True,State,51,44,100,190039,Male-Female,-0.04562379446115428,-0.05725401018374565
Victim Sex,named_n>=5000,graphsage_fairloss_a50_mb,graphsage_fairloss_a5_sstate20_mb,tpr,signed_gap,0.009884782983090257,0.006345014637096519,0.013530473726454587,True,State,51,44,100,190039,Male-Female,-0.03521982274454516,-0.045104605727635416
Victim Sex,named_n>=5000,graphsage_fairloss_a50_mb,graphsage_fairloss_a5_sstate20_mb,fpr,signed_gap,0.014083879599420535,0.007897415436182009,0.019886143213528534,True,State,51,44,100,190039,Male-Female,-0.010308025714004798,-0.024391905313425333
Victim Sex,named_all,graphsage_fairloss_a50_mb,graphsage_fairloss_a10_sstate20_mb,selection_rate,gap,0.0016888746910644903,-0.0010387931778528868,0.004518570231461069,False,State,51,44,100,190039,,,
Victim Sex,named_all,graphsage_fairloss_a50_mb,graphsage_fairloss_a10_sstate20_mb,selection_rate,amplification,0.023781401868030017,-0.01441590409814394,0.06307112153685414,False,State,51,44,100,190039,,,
Victim Sex,named_all,graphsage_fairloss_a50_mb,graphsage_fairloss_a10_sstate20_mb,tpr,gap,0.0023027321456308147,-0.0009146337961066231,0.005693516614330661,False,State,51,44,100,190039,,,
Victim Sex,named_all,graphsage_fairloss_a50_mb,graphsage_fairloss_a10_sstate20_mb,tpr,amplification,0.032425258569752646,-0.012702909205924574,0.0815170873749505,False,State,51,44,100,190039,,,
Victim Sex,named_all,graphsage_fairloss_a50_mb,graphsage_fairloss_a10_sstate20_mb,fpr,gap,0.0018063577884044335,-0.004075530222617332,0.007419994712782313,False,State,51,44,100,190039,,,
Victim Sex,named_all,graphsage_fairloss_a50_mb,graphsage_fairloss_a10_sstate20_mb,fpr,amplification,0.025435706219515658,-0.05682147466243862,0.10538915816282526,False,State,51,44,100,190039,,,
Victim Sex,named_all,graphsage_fairloss_a50_mb,graphsage_fairloss_a10_sstate20_mb,selection_rate,signed_gap,-0.0016888746910644903,-0.0045185702314610695,0.0010387931778528864,False,State,51,44,100,190039,Male-Female,-0.04562379446115428,-0.043934919770089786
Victim Sex,named_all,graphsage_fairloss_a50_mb,graphsage_fairloss_a10_sstate20_mb,tpr,signed_gap,-0.0023027321456308147,-0.005693516614330663,0.0009146337961066228,False,State,51,44,100,190039,Male-Female,-0.03521982274454516,-0.032917090598914345
Victim Sex,named_all,graphsage_fairloss_a50_mb,graphsage_fairloss_a10_sstate20_mb,fpr,signed_gap,-0.0018063577884044335,-0.007539456846340764,0.004014757025917988,False,State,51,44,100,190039,Male-Female,-0.010308025714004798,-0.008501667925600365
Victim Sex,named_n>=5000,graphsage_fairloss_a50_mb,graphsage_fairloss_a10_sstate20_mb,selection_rate,gap,0.0016888746910644903,-0.0010387931778528868,0.004518570231461069,False,State,51,44,100,190039,,,
Victim Sex,named_n>=5000,graphsage_fairloss_a50_mb,graphsage_fairloss_a10_sstate20_mb,selection_rate,amplification,0.023781401868030017,-0.01441590409814394,0.06307112153685414,False,State,51,44,100,190039,,,
Victim Sex,named_n>=5000,graphsage_fairloss_a50_mb,graphsage_fairloss_a10_sstate20_mb,tpr,gap,0.0023027321456308147,-0.0009146337961066231,0.005693516614330661,False,State,51,44,100,190039,,,
Victim Sex,named_n>=5000,graphsage_fairloss_a50_mb,graphsage_fairloss_a10_sstate20_mb,tpr,amplification,0.032425258569752646,-0.012702909205924574,0.0815170873749505,False,State,51,44,100,190039,,,
Victim Sex,named_n>=5000,graphsage_fairloss_a50_mb,graphsage_fairloss_a10_sstate20_mb,fpr,gap,0.0018063577884044335,-0.004075530222617332,0.007419994712782313,False,State,51,44,100,190039,,,
Victim Sex,named_n>=5000,graphsage_fairloss_a50_mb,graphsage_fairloss_a10_sstate20_mb,fpr,amplification,0.025435706219515658,-0.05682147466243862,0.10538915816282526,False,State,51,44,100,190039,,,
Victim Sex,named_n>=5000,graphsage_fairloss_a50_mb,graphsage_fairloss_a10_sstate20_mb,selection_rate,signed_gap,-0.0016888746910644903,-0.0045185702314610695,0.0010387931778528864,False,State,51,44,100,190039,Male-Female,-0.04562379446115428,-0.043934919770089786
Victim Sex,named_n>=5000,graphsage_fairloss_a50_mb,graphsage_fairloss_a10_sstate20_mb,tpr,signed_gap,-0.0023027321456308147,-0.005693516614330663,0.0009146337961066228,False,State,51,44,100,190039,Male-Female,-0.03521982274454516,-0.032917090598914345
Victim Sex,named_n>=5000,graphsage_fairloss_a50_mb,graphsage_fairloss_a10_sstate20_mb,fpr,signed_gap,-0.0018063577884044335,-0.007539456846340764,0.004014757025917988,False,State,51,44,100,190039,Male-Female,-0.010308025714004798,-0.008501667925600365
Victim Sex,named_all,graphsage_fairloss_a50_mb,graphsage_fairloss_a25_sstate20_mb,selection_rate,gap,0.007167040405533287,0.00418415234955381,0.010110159343815282,True,State,51,44,100,190039,,,
Victim Sex,named_all,graphsage_fairloss_a50_mb,graphsage_fairloss_a25_sstate20_mb,selection_rate,amplification,0.10092061239958916,0.05907193930372461,0.1414769386717382,True,State,51,44,100,190039,,,
Victim Sex,named_all,graphsage_fairloss_a50_mb,graphsage_fairloss_a25_sstate20_mb,tpr,gap,0.00719897469398334,0.0035420157512469686,0.010698429595749912,True,State,51,44,100,190039,,,
Victim Sex,named_all,graphsage_fairloss_a50_mb,graphsage_fairloss_a25_sstate20_mb,tpr,amplification,0.10137028587211988,0.049993018392303475,0.14990296837007358,True,State,51,44,100,190039,,,
Victim Sex,named_all,graphsage_fairloss_a50_mb,graphsage_fairloss_a25_sstate20_mb,fpr,gap,0.005506195749515941,-0.0027488270252726374,0.011202585062038405,False,State,51,44,100,190039,,,
Victim Sex,named_all,graphsage_fairloss_a50_mb,graphsage_fairloss_a25_sstate20_mb,fpr,amplification,0.0775339073858362,-0.039522913790321856,0.1594456362596983,False,State,51,44,100,190039,,,
Victim Sex,named_all,graphsage_fairloss_a50_mb,graphsage_fairloss_a25_sstate20_mb,selection_rate,signed_gap,-0.007167040405533287,-0.010110159343815284,-0.00418415234955381,True,State,51,44,100,190039,Male-Female,-0.04562379446115428,-0.03845675405562099
Victim Sex,named_all,graphsage_fairloss_a50_mb,graphsage_fairloss_a25_sstate20_mb,tpr,signed_gap,-0.00719897469398334,-0.010698429595749912,-0.003542015751246969,True,State,51,44,100,190039,Male-Female,-0.03521982274454516,-0.02802084805056182
Victim Sex,named_all,graphsage_fairloss_a50_mb,graphsage_fairloss_a25_sstate20_mb,fpr,signed_gap,-0.005506195749515941,-0.011698816584437475,0.0007136013236279572,False,State,51,44,100,190039,Male-Female,-0.010308025714004798,-0.004801829964488857
Victim Sex,named_n>=5000,graphsage_fairloss_a50_mb,graphsage_fairloss_a25_sstate20_mb,selection_rate,gap,0.007167040405533287,0.00418415234955381,0.010110159343815282,True,State,51,44,100,190039,,,
Victim Sex,named_n>=5000,graphsage_fairloss_a50_mb,graphsage_fairloss_a25_sstate20_mb,selection_rate,amplification,0.10092061239958916,0.05907193930372461,0.1414769386717382,True,State,51,44,100,190039,,,
Victim Sex,named_n>=5000,graphsage_fairloss_a50_mb,graphsage_fairloss_a25_sstate20_mb,tpr,gap,0.00719897469398334,0.0035420157512469686,0.010698429595749912,True,State,51,44,100,190039,,,
Victim Sex,named_n>=5000,graphsage_fairloss_a50_mb,graphsage_fairloss_a25_sstate20_mb,tpr,amplification,0.10137028587211988,0.049993018392303475,0.14990296837007358,True,State,51,44,100,190039,,,
Victim Sex,named_n>=5000,graphsage_fairloss_a50_mb,graphsage_fairloss_a25_sstate20_mb,fpr,gap,0.005506195749515941,-0.0027488270252726374,0.011202585062038405,False,State,51,44,100,190039,,,
Victim Sex,named_n>=5000,graphsage_fairloss_a50_mb,graphsage_fairloss_a25_sstate20_mb,fpr,amplification,0.0775339073858362,-0.039522913790321856,0.1594456362596983,False,State,51,44,100,190039,,,
Victim Sex,named_n>=5000,graphsage_fairloss_a50_mb,graphsage_fairloss_a25_sstate20_mb,selection_rate,signed_gap,-0.007167040405533287,-0.010110159343815284,-0.00418415234955381,True,State,51,44,100,190039,Male-Female,-0.04562379446115428,-0.03845675405562099
Victim Sex,named_n>=5000,graphsage_fairloss_a50_mb,graphsage_fairloss_a25_sstate20_mb,tpr,signed_gap,-0.00719897469398334,-0.010698429595749912,-0.003542015751246969,True,State,51,44,100,190039,Male-Female,-0.03521982274454516,-0.02802084805056182
Victim Sex,named_n>=5000,graphsage_fairloss_a50_mb,graphsage_fairloss_a25_sstate20_mb,fpr,signed_gap,-0.005506195749515941,-0.011698816584437475,0.0007136013236279572,False,State,51,44,100,190039,Male-Female,-0.010308025714004798,-0.004801829964488857
Victim Sex,named_all,graphsage_fairloss_a50_mb,graphsage_fairloss_a50_sstate20_mb,selection_rate,gap,0.01671448049125046,0.013712370994914324,0.019828174282901134,True,State,51,44,100,190039,,,
Victim Sex,named_all,graphsage_fairloss_a50_mb,graphsage_fairloss_a50_sstate20_mb,selection_rate,amplification,0.23536013635637765,0.18977438332626836,0.28572947465061144,True,State,51,44,100,190039,,,
Victim Sex,named_all,graphsage_fairloss_a50_mb,graphsage_fairloss_a50_sstate20_mb,tpr,gap,0.015963041351251817,0.012160748582710199,0.019783480194587165,True,State,51,44,100,190039,,,
Victim Sex,named_all,graphsage_fairloss_a50_mb,graphsage_fairloss_a50_sstate20_mb,tpr,amplification,0.22477896283164972,0.17090534433836715,0.2808223389182555,True,State,51,44,100,190039,,,
Victim Sex,named_all,graphsage_fairloss_a50_mb,graphsage_fairloss_a50_sstate20_mb,fpr,gap,0.00695598072260778,-0.011134777069313146,0.01688861651471675,False,State,51,44,100,190039,,,
Victim Sex,named_all,graphsage_fairloss_a50_mb,graphsage_fairloss_a50_sstate20_mb,fpr,amplification,0.09794863634692726,-0.156286034476805,0.2403988617833785,False,State,51,44,100,190039,,,
Victim Sex,named_all,graphsage_fairloss_a50_mb,graphsage_fairloss_a50_sstate20_mb,selection_rate,signed_gap,-0.01671448049125046,-0.019828174282901134,-0.013712370994914326,True,State,51,44,100,190039,Male-Female,-0.04562379446115428,-0.028909313969903816
Victim Sex,named_all,graphsage_fairloss_a50_mb,graphsage_fairloss_a50_sstate20_mb,tpr,signed_gap,-0.015963041351251817,-0.01978348019458717,-0.012160748582710199,True,State,51,44,100,190039,Male-Female,-0.03521982274454516,-0.019256781393293343
Victim Sex,named_all,graphsage_fairloss_a50_mb,graphsage_fairloss_a50_sstate20_mb,fpr,signed_gap,-0.013660070705401817,-0.020234768991315828,-0.007118306658420983,True,State,51,44,100,190039,Male-Female,-0.010308025714004798,0.0033520449913970185
Victim Sex,named_n>=5000,graphsage_fairloss_a50_mb,graphsage_fairloss_a50_sstate20_mb,selection_rate,gap,0.01671448049125046,0.013712370994914324,0.019828174282901134,True,State,51,44,100,190039,,,
Victim Sex,named_n>=5000,graphsage_fairloss_a50_mb,graphsage_fairloss_a50_sstate20_mb,selection_rate,amplification,0.23536013635637765,0.18977438332626836,0.28572947465061144,True,State,51,44,100,190039,,,
Victim Sex,named_n>=5000,graphsage_fairloss_a50_mb,graphsage_fairloss_a50_sstate20_mb,tpr,gap,0.015963041351251817,0.012160748582710199,0.019783480194587165,True,State,51,44,100,190039,,,
Victim Sex,named_n>=5000,graphsage_fairloss_a50_mb,graphsage_fairloss_a50_sstate20_mb,tpr,amplification,0.22477896283164972,0.17090534433836715,0.2808223389182555,True,State,51,44,100,190039,,,
Victim Sex,named_n>=5000,graphsage_fairloss_a50_mb,graphsage_fairloss_a50_sstate20_mb,fpr,gap,0.00695598072260778,-0.011134777069313146,0.01688861651471675,False,State,51,44,100,190039,,,
Victim Sex,named_n>=5000,graphsage_fairloss_a50_mb,graphsage_fairloss_a50_sstate20_mb,fpr,amplification,0.09794863634692726,-0.156286034476805,0.2403988617833785,False,State,51,44,100,190039,,,
Victim Sex,named_n>=5000,graphsage_fairloss_a50_mb,graphsage_fairloss_a50_sstate20_mb,selection_rate,signed_gap,-0.01671448049125046,-0.019828174282901134,-0.013712370994914326,True,State,51,44,100,190039,Male-Female,-0.04562379446115428,-0.028909313969903816
Victim Sex,named_n>=5000,graphsage_fairloss_a50_mb,graphsage_fairloss_a50_sstate20_mb,tpr,signed_gap,-0.015963041351251817,-0.01978348019458717,-0.012160748582710199,True,State,51,44,100,190039,Male-Female,-0.03521982274454516,-0.019256781393293343
Victim Sex,named_n>=5000,graphsage_fairloss_a50_mb,graphsage_fairloss_a50_sstate20_mb,fpr,signed_gap,-0.013660070705401817,-0.020234768991315828,-0.007118306658420983,True,State,51,44,100,190039,Male-Female,-0.010308025714004798,0.0033520449913970185
Victim Sex,named_all,graphsage_fairloss_a50_mb,graphsage_fairloss_a100_sstate20_mb,selection_rate,gap,0.028030632005446532,0.024658653535756532,0.03115273869092181,True,State,51,44,100,190039,,,
Victim Sex,named_all,graphsage_fairloss_a50_mb,graphsage_fairloss_a100_sstate20_mb,selection_rate,amplification,0.39470526017310725,0.3433494504386823,0.4484245292917383,True,State,51,44,100,190039,,,
Victim Sex,named_all,graphsage_fairloss_a50_mb,graphsage_fairloss_a100_sstate20_mb,tpr,gap,0.023468663625698327,0.019181081172404107,0.027403534745977853,True,State,51,44,100,190039,,,
Victim Sex,named_all,graphsage_fairloss_a50_mb,graphsage_fairloss_a100_sstate20_mb,tpr,amplification,0.3304672181667718,0.2715956343847773,0.38844010638089244,True,State,51,44,100,190039,,,
Victim Sex,named_all,graphsage_fairloss_a50_mb,graphsage_fairloss_a100_sstate20_mb,fpr,gap,-0.011144050896137181,-0.02782291873528404,0.006580739898783573,False,State,51,44,100,190039,,,
Victim Sex,named_all,graphsage_fairloss_a50_mb,graphsage_fairloss_a100_sstate20_mb,fpr,amplification,-0.1569217385996682,-0.39286060694857033,0.09184907721037809,False,State,51,44,100,190039,,,
Victim Sex,named_all,graphsage_fairloss_a50_mb,graphsage_fairloss_a100_sstate20_mb,selection_rate,signed_gap,-0.028030632005446532,-0.03115273869092181,-0.024658653535756532,True,State,51,44,100,190039,Male-Female,-0.04562379446115428,-0.017593162455707745
Victim Sex,named_all,graphsage_fairloss_a50_mb,graphsage_fairloss_a100_sstate20_mb,tpr,signed_gap,-0.023468663625698327,-0.027403534745977853,-0.019181081172404107,True,State,51,44,100,190039,Male-Female,-0.03521982274454516,-0.011751159118846832
Victim Sex,named_all,graphsage_fairloss_a50_mb,graphsage_fairloss_a100_sstate20_mb,fpr,signed_gap,-0.03176010232414678,-0.03895976639493624,-0.025012891276261696,True,State,51,44,100,190039,Male-Female,-0.010308025714004798,0.02145207661014198
Victim Sex,named_n>=5000,graphsage_fairloss_a50_mb,graphsage_fairloss_a100_sstate20_mb,selection_rate,gap,0.028030632005446532,0.024658653535756532,0.03115273869092181,True,State,51,44,100,190039,,,
Victim Sex,named_n>=5000,graphsage_fairloss_a50_mb,graphsage_fairloss_a100_sstate20_mb,selection_rate,amplification,0.39470526017310725,0.3433494504386823,0.4484245292917383,True,State,51,44,100,190039,,,
Victim Sex,named_n>=5000,graphsage_fairloss_a50_mb,graphsage_fairloss_a100_sstate20_mb,tpr,gap,0.023468663625698327,0.019181081172404107,0.027403534745977853,True,State,51,44,100,190039,,,
Victim Sex,named_n>=5000,graphsage_fairloss_a50_mb,graphsage_fairloss_a100_sstate20_mb,tpr,amplification,0.3304672181667718,0.2715956343847773,0.38844010638089244,True,State,51,44,100,190039,,,
Victim Sex,named_n>=5000,graphsage_fairloss_a50_mb,graphsage_fairloss_a100_sstate20_mb,fpr,gap,-0.011144050896137181,-0.02782291873528404,0.006580739898783573,False,State,51,44,100,190039,,,
Victim Sex,named_n>=5000,graphsage_fairloss_a50_mb,graphsage_fairloss_a100_sstate20_mb,fpr,amplification,-0.1569217385996682,-0.39286060694857033,0.09184907721037809,False,State,51,44,100,190039,,,
Victim Sex,named_n>=5000,graphsage_fairloss_a50_mb,graphsage_fairloss_a100_sstate20_mb,selection_rate,signed_gap,-0.028030632005446532,-0.03115273869092181,-0.024658653535756532,True,State,51,44,100,190039,Male-Female,-0.04562379446115428,-0.017593162455707745
Victim Sex,named_n>=5000,graphsage_fairloss_a50_mb,graphsage_fairloss_a100_sstate20_mb,tpr,signed_gap,-0.023468663625698327,-0.027403534745977853,-0.019181081172404107,True,State,51,44,100,190039,Male-Female,-0.03521982274454516,-0.011751159118846832
Victim Sex,named_n>=5000,graphsage_fairloss_a50_mb,graphsage_fairloss_a100_sstate20_mb,fpr,signed_gap,-0.03176010232414678,-0.03895976639493624,-0.025012891276261696,True,State,51,44,100,190039,Male-Female,-0.010308025714004798,0.02145207661014198
Victim Sex,named_all,graphsage_fairloss_a100_mb,graphsage_fairloss_a5_sstate20_mb,selection_rate,gap,-0.015167815729665413,-0.01832779534710226,-0.012124830432301491,True,State,51,44,100,190039,,,
Victim Sex,named_all,graphsage_fairloss_a100_mb,graphsage_fairloss_a5_sstate20_mb,selection_rate,amplification,-0.21358122259505452,-0.26050358146499175,-0.1693747370900298,True,State,51,44,100,190039,,,
Victim Sex,named_all,graphsage_fairloss_a100_mb,graphsage_fairloss_a5_sstate20_mb,tpr,gap,-0.013365098214361049,-0.01713384234225917,-0.009498837606355401,True,State,51,44,100,190039,,,
Victim Sex,named_all,graphsage_fairloss_a100_mb,graphsage_fairloss_a5_sstate20_mb,tpr,amplification,-0.1881967758312938,-0.24143370433617614,-0.13295983023950023,True,State,51,44,100,190039,,,
Victim Sex,named_all,graphsage_fairloss_a100_mb,graphsage_fairloss_a5_sstate20_mb,fpr,gap,-0.016136635358311613,-0.022248109135566425,-0.00901197262561387,True,State,51,44,100,190039,,,
Victim Sex,named_all,graphsage_fairloss_a100_mb,graphsage_fairloss_a5_sstate20_mb,fpr,amplification,-0.22722337677521393,-0.31497140976257887,-0.12743476505641083,True,State,51,44,100,190039,,,
Victim Sex,named_all,graphsage_fairloss_a100_mb,graphsage_fairloss_a5_sstate20_mb,selection_rate,signed_gap,0.015167815729665413,0.01212483043230149,0.01832779534710226,True,State,51,44,100,190039,Male-Female,-0.04208619445408024,-0.05725401018374565
Victim Sex,named_all,graphsage_fairloss_a100_mb,graphsage_fairloss_a5_sstate20_mb,tpr,signed_gap,0.013365098214361049,0.009498837606355401,0.01713384234225917,True,State,51,44,100,190039,Male-Female,-0.03173950751327437,-0.045104605727635416
Victim Sex,named_all,graphsage_fairloss_a100_mb,graphsage_fairloss_a5_sstate20_mb,fpr,signed_gap,0.016136635358311613,0.00944169219817646,0.02235430983643612,True,State,51,44,100,190039,Male-Female,-0.00825526995511372,-0.024391905313425333
Victim Sex,named_n>=5000,graphsage_fairloss_a100_mb,graphsage_fairloss_a5_sstate20_mb,selection_rate,gap,-0.015167815729665413,-0.01832779534710226,-0.012124830432301491,True,State,51,44,100,190039,,,
Victim Sex,named_n>=5000,graphsage_fairloss_a100_mb,graphsage_fairloss_a5_sstate20_mb,selection_rate,amplification,-0.21358122259505452,-0.26050358146499175,-0.1693747370900298,True,State,51,44,100,190039,,,
Victim Sex,named_n>=5000,graphsage_fairloss_a100_mb,graphsage_fairloss_a5_sstate20_mb,tpr,gap,-0.013365098214361049,-0.01713384234225917,-0.009498837606355401,True,State,51,44,100,190039,,,
Victim Sex,named_n>=5000,graphsage_fairloss_a100_mb,graphsage_fairloss_a5_sstate20_mb,tpr,amplification,-0.1881967758312938,-0.24143370433617614,-0.13295983023950023,True,State,51,44,100,190039,,,
Victim Sex,named_n>=5000,graphsage_fairloss_a100_mb,graphsage_fairloss_a5_sstate20_mb,fpr,gap,-0.016136635358311613,-0.022248109135566425,-0.00901197262561387,True,State,51,44,100,190039,,,
Victim Sex,named_n>=5000,graphsage_fairloss_a100_mb,graphsage_fairloss_a5_sstate20_mb,fpr,amplification,-0.22722337677521393,-0.31497140976257887,-0.12743476505641083,True,State,51,44,100,190039,,,
Victim Sex,named_n>=5000,graphsage_fairloss_a100_mb,graphsage_fairloss_a5_sstate20_mb,selection_rate,signed_gap,0.015167815729665413,0.01212483043230149,0.01832779534710226,True,State,51,44,100,190039,Male-Female,-0.04208619445408024,-0.05725401018374565
Victim Sex,named_n>=5000,graphsage_fairloss_a100_mb,graphsage_fairloss_a5_sstate20_mb,tpr,signed_gap,0.013365098214361049,0.009498837606355401,0.01713384234225917,True,State,51,44,100,190039,Male-Female,-0.03173950751327437,-0.045104605727635416
Victim Sex,named_n>=5000,graphsage_fairloss_a100_mb,graphsage_fairloss_a5_sstate20_mb,fpr,signed_gap,0.016136635358311613,0.00944169219817646,0.02235430983643612,True,State,51,44,100,190039,Male-Female,-0.00825526995511372,-0.024391905313425333
Victim Sex,named_all,graphsage_fairloss_a100_mb,graphsage_fairloss_a10_sstate20_mb,selection_rate,gap,-0.0018487253160095474,-0.004855105721054321,0.0012554279476824795,False,State,51,44,100,190039,,,
Victim Sex,named_all,graphsage_fairloss_a100_mb,graphsage_fairloss_a10_sstate20_mb,selection_rate,amplification,-0.02603229234012172,-0.06912133044664791,0.017881605563931886,False,State,51,44,100,190039,,,
Victim Sex,named_all,graphsage_fairloss_a100_mb,graphsage_fairloss_a10_sstate20_mb,tpr,gap,-0.0011775830856399772,-0.004718847687508842,0.0024617227037640435,False,State,51,44,100,190039,,,
Victim Sex,named_all,graphsage_fairloss_a100_mb,graphsage_fairloss_a10_sstate20_mb,tpr,amplification,-0.016581796589626108,-0.06592413319472255,0.03489614251486106,False,State,51,44,100,190039,,,
Victim Sex,named_all,graphsage_fairloss_a100_mb,graphsage_fairloss_a10_sstate20_mb,fpr,gap,-0.0002463979704866448,-0.0062506173460889075,0.005937435226338552,False,State,51,44,100,190039,,,
Victim Sex,named_all,graphsage_fairloss_a100_mb,graphsage_fairloss_a10_sstate20_mb,fpr,amplification,-0.003469581956916254,-0.08793464168992376,0.08443498826871743,False,State,51,44,100,190039,,,
Victim Sex,named_all,graphsage_fairloss_a100_mb,graphsage_fairloss_a10_sstate20_mb,selection_rate,signed_gap,0.0018487253160095474,-0.0012554279476824804,0.00485510572105432,False,State,51,44,100,190039,Male-Female,-0.04208619445408024,-0.043934919770089786
Victim Sex,named_all,graphsage_fairloss_a100_mb,graphsage_fairloss_a10_sstate20_mb,tpr,signed_gap,0.0011775830856399772,-0.002461722703764044,0.0047188476875088415,False,State,51,44,100,190039,Male-Female,-0.03173950751327437,-0.032917090598914345
Victim Sex,named_all,graphsage_fairloss_a100_mb,graphsage_fairloss_a10_sstate20_mb,fpr,signed_gap,0.0002463979704866448,-0.0059990240068209175,0.006448056462421259,False,State,51,44,100,190039,Male-Female,-0.00825526995511372,-0.008501667925600365
Victim Sex,named_n>=5000,graphsage_fairloss_a100_mb,graphsage_fairloss_a10_sstate20_mb,selection_rate,gap,-0.0018487253160095474,-0.004855105721054321,0.0012554279476824795,False,State,51,44,100,190039,,,
Victim Sex,named_n>=5000,graphsage_fairloss_a100_mb,graphsage_fairloss_a10_sstate20_mb,selection_rate,amplification,-0.02603229234012172,-0.06912133044664791,0.017881605563931886,False,State,51,44,100,190039,,,
Victim Sex,named_n>=5000,graphsage_fairloss_a100_mb,graphsage_fairloss_a10_sstate20_mb,tpr,gap,-0.0011775830856399772,-0.004718847687508842,0.0024617227037640435,False,State,51,44,100,190039,,,
Victim Sex,named_n>=5000,graphsage_fairloss_a100_mb,graphsage_fairloss_a10_sstate20_mb,tpr,amplification,-0.016581796589626108,-0.06592413319472255,0.03489614251486106,False,State,51,44,100,190039,,,
Victim Sex,named_n>=5000,graphsage_fairloss_a100_mb,graphsage_fairloss_a10_sstate20_mb,fpr,gap,-0.0002463979704866448,-0.0062506173460889075,0.005937435226338552,False,State,51,44,100,190039,,,
Victim Sex,named_n>=5000,graphsage_fairloss_a100_mb,graphsage_fairloss_a10_sstate20_mb,fpr,amplification,-0.003469581956916254,-0.08793464168992376,0.08443498826871743,False,State,51,44,100,190039,,,
Victim Sex,named_n>=5000,graphsage_fairloss_a100_mb,graphsage_fairloss_a10_sstate20_mb,selection_rate,signed_gap,0.0018487253160095474,-0.0012554279476824804,0.00485510572105432,False,State,51,44,100,190039,Male-Female,-0.04208619445408024,-0.043934919770089786
Victim Sex,named_n>=5000,graphsage_fairloss_a100_mb,graphsage_fairloss_a10_sstate20_mb,tpr,signed_gap,0.0011775830856399772,-0.002461722703764044,0.0047188476875088415,False,State,51,44,100,190039,Male-Female,-0.03173950751327437,-0.032917090598914345
Victim Sex,named_n>=5000,graphsage_fairloss_a100_mb,graphsage_fairloss_a10_sstate20_mb,fpr,signed_gap,0.0002463979704866448,-0.0059990240068209175,0.006448056462421259,False,State,51,44,100,190039,Male-Female,-0.00825526995511372,-0.008501667925600365
Victim Sex,named_all,graphsage_fairloss_a100_mb,graphsage_fairloss_a25_sstate20_mb,selection_rate,gap,0.0036294403984592494,0.0003534191370648005,0.006829339588630359,True,State,51,44,100,190039,,,
Victim Sex,named_all,graphsage_fairloss_a100_mb,graphsage_fairloss_a25_sstate20_mb,selection_rate,amplification,0.05110691819143742,0.004744652466617499,0.0969076169934271,True,State,51,44,100,190039,,,
Victim Sex,named_all,graphsage_fairloss_a100_mb,graphsage_fairloss_a25_sstate20_mb,tpr,gap,0.003718659462712548,-0.00018543793810818496,0.007415952800774083,False,State,51,44,100,190039,,,
Victim Sex,named_all,graphsage_fairloss_a100_mb,graphsage_fairloss_a25_sstate20_mb,tpr,amplification,0.05236323071274113,-0.002518666483635784,0.10748495894942987,False,State,51,44,100,190039,,,
Victim Sex,named_all,graphsage_fairloss_a100_mb,graphsage_fairloss_a25_sstate20_mb,fpr,gap,0.0034534399906248625,-0.004239174055028873,0.009075894993957405,False,State,51,44,100,190039,,,
Victim Sex,named_all,graphsage_fairloss_a100_mb,graphsage_fairloss_a25_sstate20_mb,fpr,amplification,0.048628619209404284,-0.060044528651762165,0.12984412261660802,False,State,51,44,100,190039,,,
Victim Sex,named_all,graphsage_fairloss_a100_mb,graphsage_fairloss_a25_sstate20_mb,selection_rate,signed_gap,-0.0036294403984592494,-0.006829339588630359,-0.0003534191370648011,True,State,51,44,100,190039,Male-Female,-0.04208619445408024,-0.03845675405562099
Victim Sex,named_all,graphsage_fairloss_a100_mb,graphsage_fairloss_a25_sstate20_mb,tpr,signed_gap,-0.003718659462712548,-0.007415952800774084,0.0001854379381081844,False,State,51,44,100,190039,Male-Female,-0.03173950751327437,-0.02802084805056182
Victim Sex,named_all,graphsage_fairloss_a100_mb,graphsage_fairloss_a25_sstate20_mb,fpr,signed_gap,-0.0034534399906248625,-0.009761777194310605,0.0031608572819387076,False,State,51,44,100,190039,Male-Female,-0.00825526995511372,-0.004801829964488857
Victim Sex,named_n>=5000,graphsage_fairloss_a100_mb,graphsage_fairloss_a25_sstate20_mb,selection_rate,gap,0.0036294403984592494,0.0003534191370648005,0.006829339588630359,True,State,51,44,100,190039,,,
Victim Sex,named_n>=5000,graphsage_fairloss_a100_mb,graphsage_fairloss_a25_sstate20_mb,selection_rate,amplification,0.05110691819143742,0.004744652466617499,0.0969076169934271,True,State,51,44,100,190039,,,
Victim Sex,named_n>=5000,graphsage_fairloss_a100_mb,graphsage_fairloss_a25_sstate20_mb,tpr,gap,0.003718659462712548,-0.00018543793810818496,0.007415952800774083,False,State,51,44,100,190039,,,
Victim Sex,named_n>=5000,graphsage_fairloss_a100_mb,graphsage_fairloss_a25_sstate20_mb,tpr,amplification,0.05236323071274113,-0.002518666483635784,0.10748495894942987,False,State,51,44,100,190039,,,
Victim Sex,named_n>=5000,graphsage_fairloss_a100_mb,graphsage_fairloss_a25_sstate20_mb,fpr,gap,0.0034534399906248625,-0.004239174055028873,0.009075894993957405,False,State,51,44,100,190039,,,
Victim Sex,named_n>=5000,graphsage_fairloss_a100_mb,graphsage_fairloss_a25_sstate20_mb,fpr,amplification,0.048628619209404284,-0.060044528651762165,0.12984412261660802,False,State,51,44,100,190039,,,
Victim Sex,named_n>=5000,graphsage_fairloss_a100_mb,graphsage_fairloss_a25_sstate20_mb,selection_rate,signed_gap,-0.0036294403984592494,-0.006829339588630359,-0.0003534191370648011,True,State,51,44,100,190039,Male-Female,-0.04208619445408024,-0.03845675405562099
Victim Sex,named_n>=5000,graphsage_fairloss_a100_mb,graphsage_fairloss_a25_sstate20_mb,tpr,signed_gap,-0.003718659462712548,-0.007415952800774084,0.0001854379381081844,False,State,51,44,100,190039,Male-Female,-0.03173950751327437,-0.02802084805056182
Victim Sex,named_n>=5000,graphsage_fairloss_a100_mb,graphsage_fairloss_a25_sstate20_mb,fpr,signed_gap,-0.0034534399906248625,-0.009761777194310605,0.0031608572819387076,False,State,51,44,100,190039,Male-Female,-0.00825526995511372,-0.004801829964488857
Victim Sex,named_all,graphsage_fairloss_a100_mb,graphsage_fairloss_a50_sstate20_mb,selection_rate,gap,0.013176880484176423,0.009893193154516727,0.016390151092364726,True,State,51,44,100,190039,,,
Victim Sex,named_all,graphsage_fairloss_a100_mb,graphsage_fairloss_a50_sstate20_mb,selection_rate,amplification,0.1855464421482259,0.14029199123568784,0.23561219726077676,True,State,51,44,100,190039,,,
Victim Sex,named_all,graphsage_fairloss_a100_mb,graphsage_fairloss_a50_sstate20_mb,tpr,gap,0.012482726119981025,0.008542932507636639,0.01629116617468527,True,State,51,44,100,190039,,,
Victim Sex,named_all,graphsage_fairloss_a100_mb,graphsage_fairloss_a50_sstate20_mb,tpr,amplification,0.17577190767227097,0.12002149077024184,0.23302480420824911,True,State,51,44,100,190039,,,
Victim Sex,named_all,graphsage_fairloss_a100_mb,graphsage_fairloss_a50_sstate20_mb,fpr,gap,0.004903224963716701,-0.010836509784793082,0.014263267342168717,False,State,51,44,100,190039,,,
Victim Sex,named_all,graphsage_fairloss_a100_mb,graphsage_fairloss_a50_sstate20_mb,fpr,amplification,0.06904334817049534,-0.15476906813179386,0.20157600179906612,False,State,51,44,100,190039,,,
Victim Sex,named_all,graphsage_fairloss_a100_mb,graphsage_fairloss_a50_sstate20_mb,selection_rate,signed_gap,-0.013176880484176423,-0.016390151092364726,-0.009893193154516727,True,State,51,44,100,190039,Male-Female,-0.04208619445408024,-0.028909313969903816
Victim Sex,named_all,graphsage_fairloss_a100_mb,graphsage_fairloss_a50_sstate20_mb,tpr,signed_gap,-0.012482726119981025,-0.01629116617468527,-0.008542932507636639,True,State,51,44,100,190039,Male-Female,-0.03173950751327437,-0.019256781393293343
Victim Sex,named_all,graphsage_fairloss_a100_mb,graphsage_fairloss_a50_sstate20_mb,fpr,signed_gap,-0.011607314946510738,-0.018490111032044745,-0.0051009789780129666,True,State,51,44,100,190039,Male-Female,-0.00825526995511372,0.0033520449913970185
Victim Sex,named_n>=5000,graphsage_fairloss_a100_mb,graphsage_fairloss_a50_sstate20_mb,selection_rate,gap,0.013176880484176423,0.009893193154516727,0.016390151092364726,True,State,51,44,100,190039,,,
Victim Sex,named_n>=5000,graphsage_fairloss_a100_mb,graphsage_fairloss_a50_sstate20_mb,selection_rate,amplification,0.1855464421482259,0.14029199123568784,0.23561219726077676,True,State,51,44,100,190039,,,
Victim Sex,named_n>=5000,graphsage_fairloss_a100_mb,graphsage_fairloss_a50_sstate20_mb,tpr,gap,0.012482726119981025,0.008542932507636639,0.01629116617468527,True,State,51,44,100,190039,,,
Victim Sex,named_n>=5000,graphsage_fairloss_a100_mb,graphsage_fairloss_a50_sstate20_mb,tpr,amplification,0.17577190767227097,0.12002149077024184,0.23302480420824911,True,State,51,44,100,190039,,,
Victim Sex,named_n>=5000,graphsage_fairloss_a100_mb,graphsage_fairloss_a50_sstate20_mb,fpr,gap,0.004903224963716701,-0.010836509784793082,0.014263267342168717,False,State,51,44,100,190039,,,
Victim Sex,named_n>=5000,graphsage_fairloss_a100_mb,graphsage_fairloss_a50_sstate20_mb,fpr,amplification,0.06904334817049534,-0.15476906813179386,0.20157600179906612,False,State,51,44,100,190039,,,
Victim Sex,named_n>=5000,graphsage_fairloss_a100_mb,graphsage_fairloss_a50_sstate20_mb,selection_rate,signed_gap,-0.013176880484176423,-0.016390151092364726,-0.009893193154516727,True,State,51,44,100,190039,Male-Female,-0.04208619445408024,-0.028909313969903816
Victim Sex,named_n>=5000,graphsage_fairloss_a100_mb,graphsage_fairloss_a50_sstate20_mb,tpr,signed_gap,-0.012482726119981025,-0.01629116617468527,-0.008542932507636639,True,State,51,44,100,190039,Male-Female,-0.03173950751327437,-0.019256781393293343
Victim Sex,named_n>=5000,graphsage_fairloss_a100_mb,graphsage_fairloss_a50_sstate20_mb,fpr,signed_gap,-0.011607314946510738,-0.018490111032044745,-0.0051009789780129666,True,State,51,44,100,190039,Male-Female,-0.00825526995511372,0.0033520449913970185
Victim Sex,named_all,graphsage_fairloss_a100_mb,graphsage_fairloss_a100_sstate20_mb,selection_rate,gap,0.024493031998372494,0.020840218507784815,0.02799089948761528,True,State,51,44,100,190039,,,
Victim Sex,named_all,graphsage_fairloss_a100_mb,graphsage_fairloss_a100_sstate20_mb,selection_rate,amplification,0.3448915659649555,0.290207612765193,0.40131353107061724,True,State,51,44,100,190039,,,
Victim Sex,named_all,graphsage_fairloss_a100_mb,graphsage_fairloss_a100_sstate20_mb,tpr,gap,0.019988348394427535,0.015461946054101599,0.024280009336001537,True,State,51,44,100,190039,,,
Victim Sex,named_all,graphsage_fairloss_a100_mb,graphsage_fairloss_a100_sstate20_mb,tpr,amplification,0.28146016300739307,0.216783500287865,0.3459052276076708,True,State,51,44,100,190039,,,
Victim Sex,named_all,graphsage_fairloss_a100_mb,graphsage_fairloss_a100_sstate20_mb,fpr,gap,-0.01319680665502826,-0.02811814267231695,0.004258052822377319,False,State,51,44,100,190039,,,
Victim Sex,named_all,graphsage_fairloss_a100_mb,graphsage_fairloss_a100_sstate20_mb,fpr,amplification,-0.18582702677610013,-0.40371682932298736,0.06221718599629163,False,State,51,44,100,190039,,,
Victim Sex,named_all,graphsage_fairloss_a100_mb,graphsage_fairloss_a100_sstate20_mb,selection_rate,signed_gap,-0.024493031998372494,-0.02799089948761528,-0.020840218507784815,True,State,51,44,100,190039,Male-Female,-0.04208619445408024,-0.017593162455707745
Victim Sex,named_all,graphsage_fairloss_a100_mb,graphsage_fairloss_a100_sstate20_mb,tpr,signed_gap,-0.019988348394427535,-0.024280009336001537,-0.015461946054101599,True,State,51,44,100,190039,Male-Female,-0.03173950751327437,-0.011751159118846832
Victim Sex,named_all,graphsage_fairloss_a100_mb,graphsage_fairloss_a100_sstate20_mb,fpr,signed_gap,-0.0297073465652557,-0.03655300827489404,-0.02288292910836821,True,State,51,44,100,190039,Male-Female,-0.00825526995511372,0.02145207661014198
Victim Sex,named_n>=5000,graphsage_fairloss_a100_mb,graphsage_fairloss_a100_sstate20_mb,selection_rate,gap,0.024493031998372494,0.020840218507784815,0.02799089948761528,True,State,51,44,100,190039,,,
Victim Sex,named_n>=5000,graphsage_fairloss_a100_mb,graphsage_fairloss_a100_sstate20_mb,selection_rate,amplification,0.3448915659649555,0.290207612765193,0.40131353107061724,True,State,51,44,100,190039,,,
Victim Sex,named_n>=5000,graphsage_fairloss_a100_mb,graphsage_fairloss_a100_sstate20_mb,tpr,gap,0.019988348394427535,0.015461946054101599,0.024280009336001537,True,State,51,44,100,190039,,,
Victim Sex,named_n>=5000,graphsage_fairloss_a100_mb,graphsage_fairloss_a100_sstate20_mb,tpr,amplification,0.28146016300739307,0.216783500287865,0.3459052276076708,True,State,51,44,100,190039,,,
Victim Sex,named_n>=5000,graphsage_fairloss_a100_mb,graphsage_fairloss_a100_sstate20_mb,fpr,gap,-0.01319680665502826,-0.02811814267231695,0.004258052822377319,False,State,51,44,100,190039,,,
Victim Sex,named_n>=5000,graphsage_fairloss_a100_mb,graphsage_fairloss_a100_sstate20_mb,fpr,amplification,-0.18582702677610013,-0.40371682932298736,0.06221718599629163,False,State,51,44,100,190039,,,
Victim Sex,named_n>=5000,graphsage_fairloss_a100_mb,graphsage_fairloss_a100_sstate20_mb,selection_rate,signed_gap,-0.024493031998372494,-0.02799089948761528,-0.020840218507784815,True,State,51,44,100,190039,Male-Female,-0.04208619445408024,-0.017593162455707745
Victim Sex,named_n>=5000,graphsage_fairloss_a100_mb,graphsage_fairloss_a100_sstate20_mb,tpr,signed_gap,-0.019988348394427535,-0.024280009336001537,-0.015461946054101599,True,State,51,44,100,190039,Male-Female,-0.03173950751327437,-0.011751159118846832
Victim Sex,named_n>=5000,graphsage_fairloss_a100_mb,graphsage_fairloss_a100_sstate20_mb,fpr,signed_gap,-0.0297073465652557,-0.03655300827489404,-0.02288292910836821,True,State,51,44,100,190039,Male-Female,-0.00825526995511372,0.02145207661014198
Victim Sex,named_all,graphsage_fairloss_a5_sstate20_mb,graphsage_fairloss_a10_sstate20_mb,selection_rate,gap,0.013319090413655865,0.0112605043805354,0.015149190954622612,True,State,51,44,100,190039,,,
Victim Sex,named_all,graphsage_fairloss_a5_sstate20_mb,graphsage_fairloss_a10_sstate20_mb,selection_rate,amplification,0.1875489302549328,0.15795847792001735,0.2193431886250601,True,State,51,44,100,190039,,,
Victim Sex,named_all,graphsage_fairloss_a5_sstate20_mb,graphsage_fairloss_a10_sstate20_mb,tpr,gap,0.012187515128721071,0.009909371087083299,0.014541751322118246,True,State,51,44,100,190039,,,
Victim Sex,named_all,graphsage_fairloss_a5_sstate20_mb,graphsage_fairloss_a10_sstate20_mb,tpr,amplification,0.1716149792416677,0.1395177492367778,0.20838972210920415,True,State,51,44,100,190039,,,
Victim Sex,named_all,graphsage_fairloss_a5_sstate20_mb,graphsage_fairloss_a10_sstate20_mb,fpr,gap,0.015890237387824968,0.010448859994723714,0.02016700281623952,True,State,51,44,100,190039,,,
Victim Sex,named_all,graphsage_fairloss_a5_sstate20_mb,graphsage_fairloss_a10_sstate20_mb,fpr,amplification,0.22375379481829766,0.14687477792284798,0.2846928977524575,True,State,51,44,100,190039,,,
Victim Sex,named_all,graphsage_fairloss_a5_sstate20_mb,graphsage_fairloss_a10_sstate20_mb,selection_rate,signed_gap,-0.013319090413655865,-0.015149190954622613,-0.0112605043805354,True,State,51,44,100,190039,Male-Female,-0.05725401018374565,-0.043934919770089786
Victim Sex,named_all,graphsage_fairloss_a5_sstate20_mb,graphsage_fairloss_a10_sstate20_mb,tpr,signed_gap,-0.012187515128721071,-0.014541751322118246,-0.009909371087083299,True,State,51,44,100,190039,Male-Female,-0.045104605727635416,-0.032917090598914345
Victim Sex,named_all,graphsage_fairloss_a5_sstate20_mb,graphsage_fairloss_a10_sstate20_mb,fpr,signed_gap,-0.015890237387824968,-0.02028309164070574,-0.01116648641680715,True,State,51,44,100,190039,Male-Female,-0.024391905313425333,-0.008501667925600365
Victim Sex,named_n>=5000,graphsage_fairloss_a5_sstate20_mb,graphsage_fairloss_a10_sstate20_mb,selection_rate,gap,0.013319090413655865,0.0112605043805354,0.015149190954622612,True,State,51,44,100,190039,,,
Victim Sex,named_n>=5000,graphsage_fairloss_a5_sstate20_mb,graphsage_fairloss_a10_sstate20_mb,selection_rate,amplification,0.1875489302549328,0.15795847792001735,0.2193431886250601,True,State,51,44,100,190039,,,
Victim Sex,named_n>=5000,graphsage_fairloss_a5_sstate20_mb,graphsage_fairloss_a10_sstate20_mb,tpr,gap,0.012187515128721071,0.009909371087083299,0.014541751322118246,True,State,51,44,100,190039,,,
Victim Sex,named_n>=5000,graphsage_fairloss_a5_sstate20_mb,graphsage_fairloss_a10_sstate20_mb,tpr,amplification,0.1716149792416677,0.1395177492367778,0.20838972210920415,True,State,51,44,100,190039,,,
Victim Sex,named_n>=5000,graphsage_fairloss_a5_sstate20_mb,graphsage_fairloss_a10_sstate20_mb,fpr,gap,0.015890237387824968,0.010448859994723714,0.02016700281623952,True,State,51,44,100,190039,,,
Victim Sex,named_n>=5000,graphsage_fairloss_a5_sstate20_mb,graphsage_fairloss_a10_sstate20_mb,fpr,amplification,0.22375379481829766,0.14687477792284798,0.2846928977524575,True,State,51,44,100,190039,,,
Victim Sex,named_n>=5000,graphsage_fairloss_a5_sstate20_mb,graphsage_fairloss_a10_sstate20_mb,selection_rate,signed_gap,-0.013319090413655865,-0.015149190954622613,-0.0112605043805354,True,State,51,44,100,190039,Male-Female,-0.05725401018374565,-0.043934919770089786
Victim Sex,named_n>=5000,graphsage_fairloss_a5_sstate20_mb,graphsage_fairloss_a10_sstate20_mb,tpr,signed_gap,-0.012187515128721071,-0.014541751322118246,-0.009909371087083299,True,State,51,44,100,190039,Male-Female,-0.045104605727635416,-0.032917090598914345
Victim Sex,named_n>=5000,graphsage_fairloss_a5_sstate20_mb,graphsage_fairloss_a10_sstate20_mb,fpr,signed_gap,-0.015890237387824968,-0.02028309164070574,-0.01116648641680715,True,State,51,44,100,190039,Male-Female,-0.024391905313425333,-0.008501667925600365
Victim Sex,named_all,graphsage_fairloss_a5_sstate20_mb,graphsage_fairloss_a25_sstate20_mb,selection_rate,gap,0.018797256128124662,0.01621101100066994,0.021417945484436464,True,State,51,44,100,190039,,,
Victim Sex,named_all,graphsage_fairloss_a5_sstate20_mb,graphsage_fairloss_a25_sstate20_mb,selection_rate,amplification,0.26468814078649194,0.2262949034450894,0.3054096256985302,True,State,51,44,100,190039,,,
Victim Sex,named_all,graphsage_fairloss_a5_sstate20_mb,graphsage_fairloss_a25_sstate20_mb,tpr,gap,0.017083757677073597,0.014088131159847545,0.020141961093092877,True,State,51,44,100,190039,,,
Victim Sex,named_all,graphsage_fairloss_a5_sstate20_mb,graphsage_fairloss_a25_sstate20_mb,tpr,amplification,0.24056000654403492,0.19572806914682445,0.28589843161979506,True,State,51,44,100,190039,,,
Victim Sex,named_all,graphsage_fairloss_a5_sstate20_mb,graphsage_fairloss_a25_sstate20_mb,fpr,gap,0.019590075348936475,0.010020898905164716,0.024387738770502335,True,State,51,44,100,190039,,,
Victim Sex,named_all,graphsage_fairloss_a5_sstate20_mb,graphsage_fairloss_a25_sstate20_mb,fpr,amplification,0.2758519959846182,0.13670603956613336,0.34971756068904664,True,State,51,44,100,190039,,,
Victim Sex,named_all,graphsage_fairloss_a5_sstate20_mb,graphsage_fairloss_a25_sstate20_mb,selection_rate,signed_gap,-0.018797256128124662,-0.021417945484436464,-0.01621101100066994,True,State,51,44,100,190039,Male-Female,-0.05725401018374565,-0.03845675405562099
Victim Sex,named_all,graphsage_fairloss_a5_sstate20_mb,graphsage_fairloss_a25_sstate20_mb,tpr,signed_gap,-0.017083757677073597,-0.020141961093092877,-0.014088131159847545,True,State,51,44,100,190039,Male-Female,-0.045104605727635416,-0.02802084805056182
Victim Sex,named_all,graphsage_fairloss_a5_sstate20_mb,graphsage_fairloss_a25_sstate20_mb,fpr,signed_gap,-0.019590075348936475,-0.024741843903532866,-0.014537064262023312,True,State,51,44,100,190039,Male-Female,-0.024391905313425333,-0.004801829964488857
Victim Sex,named_n>=5000,graphsage_fairloss_a5_sstate20_mb,graphsage_fairloss_a25_sstate20_mb,selection_rate,gap,0.018797256128124662,0.01621101100066994,0.021417945484436464,True,State,51,44,100,190039,,,
Victim Sex,named_n>=5000,graphsage_fairloss_a5_sstate20_mb,graphsage_fairloss_a25_sstate20_mb,selection_rate,amplification,0.26468814078649194,0.2262949034450894,0.3054096256985302,True,State,51,44,100,190039,,,
Victim Sex,named_n>=5000,graphsage_fairloss_a5_sstate20_mb,graphsage_fairloss_a25_sstate20_mb,tpr,gap,0.017083757677073597,0.014088131159847545,0.020141961093092877,True,State,51,44,100,190039,,,
Victim Sex,named_n>=5000,graphsage_fairloss_a5_sstate20_mb,graphsage_fairloss_a25_sstate20_mb,tpr,amplification,0.24056000654403492,0.19572806914682445,0.28589843161979506,True,State,51,44,100,190039,,,
Victim Sex,named_n>=5000,graphsage_fairloss_a5_sstate20_mb,graphsage_fairloss_a25_sstate20_mb,fpr,gap,0.019590075348936475,0.010020898905164716,0.024387738770502335,True,State,51,44,100,190039,,,
Victim Sex,named_n>=5000,graphsage_fairloss_a5_sstate20_mb,graphsage_fairloss_a25_sstate20_mb,fpr,amplification,0.2758519959846182,0.13670603956613336,0.34971756068904664,True,State,51,44,100,190039,,,
Victim Sex,named_n>=5000,graphsage_fairloss_a5_sstate20_mb,graphsage_fairloss_a25_sstate20_mb,selection_rate,signed_gap,-0.018797256128124662,-0.021417945484436464,-0.01621101100066994,True,State,51,44,100,190039,Male-Female,-0.05725401018374565,-0.03845675405562099
Victim Sex,named_n>=5000,graphsage_fairloss_a5_sstate20_mb,graphsage_fairloss_a25_sstate20_mb,tpr,signed_gap,-0.017083757677073597,-0.020141961093092877,-0.014088131159847545,True,State,51,44,100,190039,Male-Female,-0.045104605727635416,-0.02802084805056182
Victim Sex,named_n>=5000,graphsage_fairloss_a5_sstate20_mb,graphsage_fairloss_a25_sstate20_mb,fpr,signed_gap,-0.019590075348936475,-0.024741843903532866,-0.014537064262023312,True,State,51,44,100,190039,Male-Female,-0.024391905313425333,-0.004801829964488857
Victim Sex,named_all,graphsage_fairloss_a5_sstate20_mb,graphsage_fairloss_a50_sstate20_mb,selection_rate,gap,0.028344696213841836,0.025274131596176943,0.031221166574658447,True,State,51,44,100,190039,,,
Victim Sex,named_all,graphsage_fairloss_a5_sstate20_mb,graphsage_fairloss_a50_sstate20_mb,selection_rate,amplification,0.39912766474328043,0.3513742396847611,0.4501572660326407,True,State,51,44,100,190039,,,
Victim Sex,named_all,graphsage_fairloss_a5_sstate20_mb,graphsage_fairloss_a50_sstate20_mb,tpr,gap,0.025847824334342073,0.022201146161393646,0.029534096071991943,True,State,51,44,100,190039,,,
Victim Sex,named_all,graphsage_fairloss_a5_sstate20_mb,graphsage_fairloss_a50_sstate20_mb,tpr,amplification,0.36396868350356476,0.31207714504824446,0.4242534123472174,True,State,51,44,100,190039,,,
Victim Sex,named_all,graphsage_fairloss_a5_sstate20_mb,graphsage_fairloss_a50_sstate20_mb,fpr,gap,0.021039860322028314,0.0029270230604972044,0.030999623104323536,True,State,51,44,100,190039,,,
Victim Sex,named_all,graphsage_fairloss_a5_sstate20_mb,graphsage_fairloss_a50_sstate20_mb,fpr,amplification,0.29626672494570927,0.04021943329878381,0.43909467239600597,True,State,51,44,100,190039,,,
Victim Sex,named_all,graphsage_fairloss_a5_sstate20_mb,graphsage_fairloss_a50_sstate20_mb,selection_rate,signed_gap,-0.028344696213841836,-0.031221166574658447,-0.025274131596176943,True,State,51,44,100,190039,Male-Female,-0.05725401018374565,-0.028909313969903816
Victim Sex,named_all,graphsage_fairloss_a5_sstate20_mb,graphsage_fairloss_a50_sstate20_mb,tpr,signed_gap,-0.025847824334342073,-0.029534096071991943,-0.022201146161393646,True,State,51,44,100,190039,Male-Female,-0.045104605727635416,-0.019256781393293343
Victim Sex,named_all,graphsage_fairloss_a5_sstate20_mb,graphsage_fairloss_a50_sstate20_mb,fpr,signed_gap,-0.02774395030482235,-0.03365803849346888,-0.021811743083743187,True,State,51,44,100,190039,Male-Female,-0.024391905313425333,0.0033520449913970185
Victim Sex,named_n>=5000,graphsage_fairloss_a5_sstate20_mb,graphsage_fairloss_a50_sstate20_mb,selection_rate,gap,0.028344696213841836,0.025274131596176943,0.031221166574658447,True,State,51,44,100,190039,,,
Victim Sex,named_n>=5000,graphsage_fairloss_a5_sstate20_mb,graphsage_fairloss_a50_sstate20_mb,selection_rate,amplification,0.39912766474328043,0.3513742396847611,0.4501572660326407,True,State,51,44,100,190039,,,
Victim Sex,named_n>=5000,graphsage_fairloss_a5_sstate20_mb,graphsage_fairloss_a50_sstate20_mb,tpr,gap,0.025847824334342073,0.022201146161393646,0.029534096071991943,True,State,51,44,100,190039,,,
Victim Sex,named_n>=5000,graphsage_fairloss_a5_sstate20_mb,graphsage_fairloss_a50_sstate20_mb,tpr,amplification,0.36396868350356476,0.31207714504824446,0.4242534123472174,True,State,51,44,100,190039,,,
Victim Sex,named_n>=5000,graphsage_fairloss_a5_sstate20_mb,graphsage_fairloss_a50_sstate20_mb,fpr,gap,0.021039860322028314,0.0029270230604972044,0.030999623104323536,True,State,51,44,100,190039,,,
Victim Sex,named_n>=5000,graphsage_fairloss_a5_sstate20_mb,graphsage_fairloss_a50_sstate20_mb,fpr,amplification,0.29626672494570927,0.04021943329878381,0.43909467239600597,True,State,51,44,100,190039,,,
Victim Sex,named_n>=5000,graphsage_fairloss_a5_sstate20_mb,graphsage_fairloss_a50_sstate20_mb,selection_rate,signed_gap,-0.028344696213841836,-0.031221166574658447,-0.025274131596176943,True,State,51,44,100,190039,Male-Female,-0.05725401018374565,-0.028909313969903816
Victim Sex,named_n>=5000,graphsage_fairloss_a5_sstate20_mb,graphsage_fairloss_a50_sstate20_mb,tpr,signed_gap,-0.025847824334342073,-0.029534096071991943,-0.022201146161393646,True,State,51,44,100,190039,Male-Female,-0.045104605727635416,-0.019256781393293343
Victim Sex,named_n>=5000,graphsage_fairloss_a5_sstate20_mb,graphsage_fairloss_a50_sstate20_mb,fpr,signed_gap,-0.02774395030482235,-0.03365803849346888,-0.021811743083743187,True,State,51,44,100,190039,Male-Female,-0.024391905313425333,0.0033520449913970185
Victim Sex,named_all,graphsage_fairloss_a5_sstate20_mb,graphsage_fairloss_a100_sstate20_mb,selection_rate,gap,0.03966084772803791,0.036549577520565965,0.04277146664604632,True,State,51,44,100,190039,,,
Victim Sex,named_all,graphsage_fairloss_a5_sstate20_mb,graphsage_fairloss_a100_sstate20_mb,selection_rate,amplification,0.55847278856001,0.5035549928286123,0.6226475075050745,True,State,51,44,100,190039,,,
Victim Sex,named_all,graphsage_fairloss_a5_sstate20_mb,graphsage_fairloss_a100_sstate20_mb,tpr,gap,0.033353446608788584,0.029659785150762803,0.03720993161722296,True,State,51,44,100,190039,,,
Victim Sex,named_all,graphsage_fairloss_a5_sstate20_mb,graphsage_fairloss_a100_sstate20_mb,tpr,amplification,0.46965693883868687,0.4120802541071182,0.5429849797587388,True,State,51,44,100,190039,,,
Victim Sex,named_all,graphsage_fairloss_a5_sstate20_mb,graphsage_fairloss_a100_sstate20_mb,fpr,gap,0.0029398287032833537,-0.015542959649629023,0.020466367098986207,False,State,51,44,100,190039,,,
Victim Sex,named_all,graphsage_fairloss_a5_sstate20_mb,graphsage_fairloss_a100_sstate20_mb,fpr,amplification,0.04139634999911379,-0.21970795995459916,0.282715135434656,False,State,51,44,100,190039,,,
Victim Sex,named_all,graphsage_fairloss_a5_sstate20_mb,graphsage_fairloss_a100_sstate20_mb,selection_rate,signed_gap,-0.03966084772803791,-0.04277146664604632,-0.036549577520565965,True,State,51,44,100,190039,Male-Female,-0.05725401018374565,-0.017593162455707745
Victim Sex,named_all,graphsage_fairloss_a5_sstate20_mb,graphsage_fairloss_a100_sstate20_mb,tpr,signed_gap,-0.033353446608788584,-0.03720993161722296,-0.029659785150762803,True,State,51,44,100,190039,Male-Female,-0.045104605727635416,-0.011751159118846832
Victim Sex,named_all,graphsage_fairloss_a5_sstate20_mb,graphsage_fairloss_a100_sstate20_mb,fpr,signed_gap,-0.04584398192356731,-0.052133784868057226,-0.03949801286949657,True,State,51,44,100,190039,Male-Female,-0.024391905313425333,0.02145207661014198
Victim Sex,named_n>=5000,graphsage_fairloss_a5_sstate20_mb,graphsage_fairloss_a100_sstate20_mb,selection_rate,gap,0.03966084772803791,0.036549577520565965,0.04277146664604632,True,State,51,44,100,190039,,,
Victim Sex,named_n>=5000,graphsage_fairloss_a5_sstate20_mb,graphsage_fairloss_a100_sstate20_mb,selection_rate,amplification,0.55847278856001,0.5035549928286123,0.6226475075050745,True,State,51,44,100,190039,,,
Victim Sex,named_n>=5000,graphsage_fairloss_a5_sstate20_mb,graphsage_fairloss_a100_sstate20_mb,tpr,gap,0.033353446608788584,0.029659785150762803,0.03720993161722296,True,State,51,44,100,190039,,,
Victim Sex,named_n>=5000,graphsage_fairloss_a5_sstate20_mb,graphsage_fairloss_a100_sstate20_mb,tpr,amplification,0.46965693883868687,0.4120802541071182,0.5429849797587388,True,State,51,44,100,190039,,,
Victim Sex,named_n>=5000,graphsage_fairloss_a5_sstate20_mb,graphsage_fairloss_a100_sstate20_mb,fpr,gap,0.0029398287032833537,-0.015542959649629023,0.020466367098986207,False,State,51,44,100,190039,,,
Victim Sex,named_n>=5000,graphsage_fairloss_a5_sstate20_mb,graphsage_fairloss_a100_sstate20_mb,fpr,amplification,0.04139634999911379,-0.21970795995459916,0.282715135434656,False,State,51,44,100,190039,,,
Victim Sex,named_n>=5000,graphsage_fairloss_a5_sstate20_mb,graphsage_fairloss_a100_sstate20_mb,selection_rate,signed_gap,-0.03966084772803791,-0.04277146664604632,-0.036549577520565965,True,State,51,44,100,190039,Male-Female,-0.05725401018374565,-0.017593162455707745
Victim Sex,named_n>=5000,graphsage_fairloss_a5_sstate20_mb,graphsage_fairloss_a100_sstate20_mb,tpr,signed_gap,-0.033353446608788584,-0.03720993161722296,-0.029659785150762803,True,State,51,44,100,190039,Male-Female,-0.045104605727635416,-0.011751159118846832
Victim Sex,named_n>=5000,graphsage_fairloss_a5_sstate20_mb,graphsage_fairloss_a100_sstate20_mb,fpr,signed_gap,-0.04584398192356731,-0.052133784868057226,-0.03949801286949657,True,State,51,44,100,190039,Male-Female,-0.024391905313425333,0.02145207661014198
Victim Sex,named_all,graphsage_fairloss_a10_sstate20_mb,graphsage_fairloss_a25_sstate20_mb,selection_rate,gap,0.005478165714468797,0.003499904074722454,0.0075830184544535325,True,State,51,44,100,190039,,,
Victim Sex,named_all,graphsage_fairloss_a10_sstate20_mb,graphsage_fairloss_a25_sstate20_mb,selection_rate,amplification,0.07713921053155914,0.049555479189469426,0.10820260496110473,True,State,51,44,100,190039,,,
Victim Sex,named_all,graphsage_fairloss_a10_sstate20_mb,graphsage_fairloss_a25_sstate20_mb,tpr,gap,0.004896242548352525,0.0023617606877482378,0.007353828027028414,True,State,51,44,100,190039,,,
Victim Sex,named_all,graphsage_fairloss_a10_sstate20_mb,graphsage_fairloss_a25_sstate20_mb,tpr,amplification,0.06894502730236723,0.03367258790084928,0.105384714188457,True,State,51,44,100,190039,,,
Victim Sex,named_all,graphsage_fairloss_a10_sstate20_mb,graphsage_fairloss_a25_sstate20_mb,fpr,gap,0.0036998379611115073,-0.002748800919952686,0.007632281109747704,False,State,51,44,100,190039,,,
Victim Sex,named_all,graphsage_fairloss_a10_sstate20_mb,graphsage_fairloss_a25_sstate20_mb,fpr,amplification,0.05209820116632054,-0.03757186682449563,0.10708116293526791,False,State,51,44,100,190039,,,
Victim Sex,named_all,graphsage_fairloss_a10_sstate20_mb,graphsage_fairloss_a25_sstate20_mb,selection_rate,signed_gap,-0.005478165714468797,-0.0075830184544535325,-0.003499904074722454,True,State,51,44,100,190039,Male-Female,-0.043934919770089786,-0.03845675405562099
Victim Sex,named_all,graphsage_fairloss_a10_sstate20_mb,graphsage_fairloss_a25_sstate20_mb,tpr,signed_gap,-0.004896242548352525,-0.007353828027028414,-0.0023617606877482378,True,State,51,44,100,190039,Male-Female,-0.032917090598914345,-0.02802084805056182
Victim Sex,named_all,graphsage_fairloss_a10_sstate20_mb,graphsage_fairloss_a25_sstate20_mb,fpr,signed_gap,-0.0036998379611115073,-0.007734694287434216,0.0002374830820715525,False,State,51,44,100,190039,Male-Female,-0.008501667925600365,-0.004801829964488857
Victim Sex,named_n>=5000,graphsage_fairloss_a10_sstate20_mb,graphsage_fairloss_a25_sstate20_mb,selection_rate,gap,0.005478165714468797,0.003499904074722454,0.0075830184544535325,True,State,51,44,100,190039,,,
Victim Sex,named_n>=5000,graphsage_fairloss_a10_sstate20_mb,graphsage_fairloss_a25_sstate20_mb,selection_rate,amplification,0.07713921053155914,0.049555479189469426,0.10820260496110473,True,State,51,44,100,190039,,,
Victim Sex,named_n>=5000,graphsage_fairloss_a10_sstate20_mb,graphsage_fairloss_a25_sstate20_mb,tpr,gap,0.004896242548352525,0.0023617606877482378,0.007353828027028414,True,State,51,44,100,190039,,,
Victim Sex,named_n>=5000,graphsage_fairloss_a10_sstate20_mb,graphsage_fairloss_a25_sstate20_mb,tpr,amplification,0.06894502730236723,0.03367258790084928,0.105384714188457,True,State,51,44,100,190039,,,
Victim Sex,named_n>=5000,graphsage_fairloss_a10_sstate20_mb,graphsage_fairloss_a25_sstate20_mb,fpr,gap,0.0036998379611115073,-0.002748800919952686,0.007632281109747704,False,State,51,44,100,190039,,,
Victim Sex,named_n>=5000,graphsage_fairloss_a10_sstate20_mb,graphsage_fairloss_a25_sstate20_mb,fpr,amplification,0.05209820116632054,-0.03757186682449563,0.10708116293526791,False,State,51,44,100,190039,,,
Victim Sex,named_n>=5000,graphsage_fairloss_a10_sstate20_mb,graphsage_fairloss_a25_sstate20_mb,selection_rate,signed_gap,-0.005478165714468797,-0.0075830184544535325,-0.003499904074722454,True,State,51,44,100,190039,Male-Female,-0.043934919770089786,-0.03845675405562099
Victim Sex,named_n>=5000,graphsage_fairloss_a10_sstate20_mb,graphsage_fairloss_a25_sstate20_mb,tpr,signed_gap,-0.004896242548352525,-0.007353828027028414,-0.0023617606877482378,True,State,51,44,100,190039,Male-Female,-0.032917090598914345,-0.02802084805056182
Victim Sex,named_n>=5000,graphsage_fairloss_a10_sstate20_mb,graphsage_fairloss_a25_sstate20_mb,fpr,signed_gap,-0.0036998379611115073,-0.007734694287434216,0.0002374830820715525,False,State,51,44,100,190039,Male-Female,-0.008501667925600365,-0.004801829964488857
Victim Sex,named_all,graphsage_fairloss_a10_sstate20_mb,graphsage_fairloss_a50_sstate20_mb,selection_rate,gap,0.01502560580018597,0.01246618318445642,0.017395610012680345,True,State,51,44,100,190039,,,
Victim Sex,named_all,graphsage_fairloss_a10_sstate20_mb,graphsage_fairloss_a50_sstate20_mb,selection_rate,amplification,0.21157873448834763,0.1744577795258593,0.25145163091047124,True,State,51,44,100,190039,,,
Victim Sex,named_all,graphsage_fairloss_a10_sstate20_mb,graphsage_fairloss_a50_sstate20_mb,tpr,gap,0.013660309205621002,0.010410554641850303,0.016617026490684784,True,State,51,44,100,190039,,,
Victim Sex,named_all,graphsage_fairloss_a10_sstate20_mb,graphsage_fairloss_a50_sstate20_mb,tpr,amplification,0.19235370426189707,0.14685134253858967,0.2391817541913489,True,State,51,44,100,190039,,,
Victim Sex,named_all,graphsage_fairloss_a10_sstate20_mb,graphsage_fairloss_a50_sstate20_mb,fpr,gap,0.005149622934203346,-0.011071321350836983,0.014810633971636076,False,State,51,44,100,190039,,,
Victim Sex,named_all,graphsage_fairloss_a10_sstate20_mb,graphsage_fairloss_a50_sstate20_mb,fpr,amplification,0.0725129301274116,-0.155068869216431,0.21243679734957624,False,State,51,44,100,190039,,,
Victim Sex,named_all,graphsage_fairloss_a10_sstate20_mb,graphsage_fairloss_a50_sstate20_mb,selection_rate,signed_gap,-0.01502560580018597,-0.017395610012680345,-0.012466183184456421,True,State,51,44,100,190039,Male-Female,-0.043934919770089786,-0.028909313969903816
Victim Sex,named_all,graphsage_fairloss_a10_sstate20_mb,graphsage_fairloss_a50_sstate20_mb,tpr,signed_gap,-0.013660309205621002,-0.016617026490684784,-0.010410554641850303,True,State,51,44,100,190039,Male-Female,-0.032917090598914345,-0.019256781393293343
Victim Sex,named_all,graphsage_fairloss_a10_sstate20_mb,graphsage_fairloss_a50_sstate20_mb,fpr,signed_gap,-0.011853712916997383,-0.01686163552650083,-0.006283583351531617,True,State,51,44,100,190039,Male-Female,-0.008501667925600365,0.0033520449913970185
Victim Sex,named_n>=5000,graphsage_fairloss_a10_sstate20_mb,graphsage_fairloss_a50_sstate20_mb,selection_rate,gap,0.01502560580018597,0.01246618318445642,0.017395610012680345,True,State,51,44,100,190039,,,
Victim Sex,named_n>=5000,graphsage_fairloss_a10_sstate20_mb,graphsage_fairloss_a50_sstate20_mb,selection_rate,amplification,0.21157873448834763,0.1744577795258593,0.25145163091047124,True,State,51,44,100,190039,,,
Victim Sex,named_n>=5000,graphsage_fairloss_a10_sstate20_mb,graphsage_fairloss_a50_sstate20_mb,tpr,gap,0.013660309205621002,0.010410554641850303,0.016617026490684784,True,State,51,44,100,190039,,,
Victim Sex,named_n>=5000,graphsage_fairloss_a10_sstate20_mb,graphsage_fairloss_a50_sstate20_mb,tpr,amplification,0.19235370426189707,0.14685134253858967,0.2391817541913489,True,State,51,44,100,190039,,,
Victim Sex,named_n>=5000,graphsage_fairloss_a10_sstate20_mb,graphsage_fairloss_a50_sstate20_mb,fpr,gap,0.005149622934203346,-0.011071321350836983,0.014810633971636076,False,State,51,44,100,190039,,,
Victim Sex,named_n>=5000,graphsage_fairloss_a10_sstate20_mb,graphsage_fairloss_a50_sstate20_mb,fpr,amplification,0.0725129301274116,-0.155068869216431,0.21243679734957624,False,State,51,44,100,190039,,,
Victim Sex,named_n>=5000,graphsage_fairloss_a10_sstate20_mb,graphsage_fairloss_a50_sstate20_mb,selection_rate,signed_gap,-0.01502560580018597,-0.017395610012680345,-0.012466183184456421,True,State,51,44,100,190039,Male-Female,-0.043934919770089786,-0.028909313969903816
Victim Sex,named_n>=5000,graphsage_fairloss_a10_sstate20_mb,graphsage_fairloss_a50_sstate20_mb,tpr,signed_gap,-0.013660309205621002,-0.016617026490684784,-0.010410554641850303,True,State,51,44,100,190039,Male-Female,-0.032917090598914345,-0.019256781393293343
Victim Sex,named_n>=5000,graphsage_fairloss_a10_sstate20_mb,graphsage_fairloss_a50_sstate20_mb,fpr,signed_gap,-0.011853712916997383,-0.01686163552650083,-0.006283583351531617,True,State,51,44,100,190039,Male-Female,-0.008501667925600365,0.0033520449913970185
Victim Sex,named_all,graphsage_fairloss_a10_sstate20_mb,graphsage_fairloss_a100_sstate20_mb,selection_rate,gap,0.02634175731438204,0.02351893934320102,0.029387925919016716,True,State,51,44,100,190039,,,
Victim Sex,named_all,graphsage_fairloss_a10_sstate20_mb,graphsage_fairloss_a100_sstate20_mb,selection_rate,amplification,0.37092385830507724,0.3247378294047329,0.42486228066467463,True,State,51,44,100,190039,,,
Victim Sex,named_all,graphsage_fairloss_a10_sstate20_mb,graphsage_fairloss_a100_sstate20_mb,tpr,gap,0.021165931480067512,0.017686968344760794,0.024765245309213337,True,State,51,44,100,190039,,,
Victim Sex,named_all,graphsage_fairloss_a10_sstate20_mb,graphsage_fairloss_a100_sstate20_mb,tpr,amplification,0.2980419595970192,0.24551085771801406,0.3583601775874776,True,State,51,44,100,190039,,,
Victim Sex,named_all,graphsage_fairloss_a10_sstate20_mb,graphsage_fairloss_a100_sstate20_mb,fpr,gap,-0.012950408684541614,-0.02859366296236416,0.005897090612796493,False,State,51,44,100,190039,,,
Victim Sex,named_all,graphsage_fairloss_a10_sstate20_mb,graphsage_fairloss_a100_sstate20_mb,fpr,amplification,-0.18235744481918387,-0.40679940366830303,0.08187347152548988,False,State,51,44,100,190039,,,
Victim Sex,named_all,graphsage_fairloss_a10_sstate20_mb,graphsage_fairloss_a100_sstate20_mb,selection_rate,signed_gap,-0.02634175731438204,-0.029387925919016716,-0.02351893934320102,True,State,51,44,100,190039,Male-Female,-0.043934919770089786,-0.017593162455707745
Victim Sex,named_all,graphsage_fairloss_a10_sstate20_mb,graphsage_fairloss_a100_sstate20_mb,tpr,signed_gap,-0.021165931480067512,-0.024765245309213337,-0.017686968344760794,True,State,51,44,100,190039,Male-Female,-0.032917090598914345,-0.011751159118846832
Victim Sex,named_all,graphsage_fairloss_a10_sstate20_mb,graphsage_fairloss_a100_sstate20_mb,fpr,signed_gap,-0.029953744535742344,-0.03583661605206682,-0.024218058601863587,True,State,51,44,100,190039,Male-Female,-0.008501667925600365,0.02145207661014198
Victim Sex,named_n>=5000,graphsage_fairloss_a10_sstate20_mb,graphsage_fairloss_a100_sstate20_mb,selection_rate,gap,0.02634175731438204,0.02351893934320102,0.029387925919016716,True,State,51,44,100,190039,,,
Victim Sex,named_n>=5000,graphsage_fairloss_a10_sstate20_mb,graphsage_fairloss_a100_sstate20_mb,selection_rate,amplification,0.37092385830507724,0.3247378294047329,0.42486228066467463,True,State,51,44,100,190039,,,
Victim Sex,named_n>=5000,graphsage_fairloss_a10_sstate20_mb,graphsage_fairloss_a100_sstate20_mb,tpr,gap,0.021165931480067512,0.017686968344760794,0.024765245309213337,True,State,51,44,100,190039,,,
Victim Sex,named_n>=5000,graphsage_fairloss_a10_sstate20_mb,graphsage_fairloss_a100_sstate20_mb,tpr,amplification,0.2980419595970192,0.24551085771801406,0.3583601775874776,True,State,51,44,100,190039,,,
Victim Sex,named_n>=5000,graphsage_fairloss_a10_sstate20_mb,graphsage_fairloss_a100_sstate20_mb,fpr,gap,-0.012950408684541614,-0.02859366296236416,0.005897090612796493,False,State,51,44,100,190039,,,
Victim Sex,named_n>=5000,graphsage_fairloss_a10_sstate20_mb,graphsage_fairloss_a100_sstate20_mb,fpr,amplification,-0.18235744481918387,-0.40679940366830303,0.08187347152548988,False,State,51,44,100,190039,,,
Victim Sex,named_n>=5000,graphsage_fairloss_a10_sstate20_mb,graphsage_fairloss_a100_sstate20_mb,selection_rate,signed_gap,-0.02634175731438204,-0.029387925919016716,-0.02351893934320102,True,State,51,44,100,190039,Male-Female,-0.043934919770089786,-0.017593162455707745
Victim Sex,named_n>=5000,graphsage_fairloss_a10_sstate20_mb,graphsage_fairloss_a100_sstate20_mb,tpr,signed_gap,-0.021165931480067512,-0.024765245309213337,-0.017686968344760794,True,State,51,44,100,190039,Male-Female,-0.032917090598914345,-0.011751159118846832
Victim Sex,named_n>=5000,graphsage_fairloss_a10_sstate20_mb,graphsage_fairloss_a100_sstate20_mb,fpr,signed_gap,-0.029953744535742344,-0.03583661605206682,-0.024218058601863587,True,State,51,44,100,190039,Male-Female,-0.008501667925600365,0.02145207661014198
Victim Sex,named_all,graphsage_fairloss_a25_sstate20_mb,graphsage_fairloss_a50_sstate20_mb,selection_rate,gap,0.009547440085717174,0.0074390580783042,0.011540409990223516,True,State,51,44,100,190039,,,
Victim Sex,named_all,graphsage_fairloss_a25_sstate20_mb,graphsage_fairloss_a50_sstate20_mb,selection_rate,amplification,0.1344395239567885,0.10406803461409653,0.16612707821733483,True,State,51,44,100,190039,,,
Victim Sex,named_all,graphsage_fairloss_a25_sstate20_mb,graphsage_fairloss_a50_sstate20_mb,tpr,gap,0.008764066657268477,0.006225318522394885,0.01141240122684364,True,State,51,44,100,190039,,,
Victim Sex,named_all,graphsage_fairloss_a25_sstate20_mb,graphsage_fairloss_a50_sstate20_mb,tpr,amplification,0.12340867695952984,0.08577678707837239,0.15958778523183362,True,State,51,44,100,190039,,,
Victim Sex,named_all,graphsage_fairloss_a25_sstate20_mb,graphsage_fairloss_a50_sstate20_mb,fpr,gap,0.0014497849730918388,-0.01004800814833882,0.010620488867671736,False,State,51,44,100,190039,,,
Victim Sex,named_all,graphsage_fairloss_a25_sstate20_mb,graphsage_fairloss_a50_sstate20_mb,fpr,amplification,0.02041472896109106,-0.14425501604625482,0.1527796256194394,False,State,51,44,100,190039,,,
Victim Sex,named_all,graphsage_fairloss_a25_sstate20_mb,graphsage_fairloss_a50_sstate20_mb,selection_rate,signed_gap,-0.009547440085717174,-0.011540409990223516,-0.007439058078304201,True,State,51,44,100,190039,Male-Female,-0.03845675405562099,-0.028909313969903816
Victim Sex,named_all,graphsage_fairloss_a25_sstate20_mb,graphsage_fairloss_a50_sstate20_mb,tpr,signed_gap,-0.008764066657268477,-0.01141240122684364,-0.006225318522394886,True,State,51,44,100,190039,Male-Female,-0.02802084805056182,-0.019256781393293343
Victim Sex,named_all,graphsage_fairloss_a25_sstate20_mb,graphsage_fairloss_a50_sstate20_mb,fpr,signed_gap,-0.008153874955885876,-0.012436636727246738,-0.004176278029785857,True,State,51,44,100,190039,Male-Female,-0.004801829964488857,0.0033520449913970185
Victim Sex,named_n>=5000,graphsage_fairloss_a25_sstate20_mb,graphsage_fairloss_a50_sstate20_mb,selection_rate,gap,0.009547440085717174,0.0074390580783042,0.011540409990223516,True,State,51,44,100,190039,,,
Victim Sex,named_n>=5000,graphsage_fairloss_a25_sstate20_mb,graphsage_fairloss_a50_sstate20_mb,selection_rate,amplification,0.1344395239567885,0.10406803461409653,0.16612707821733483,True,State,51,44,100,190039,,,
Victim Sex,named_n>=5000,graphsage_fairloss_a25_sstate20_mb,graphsage_fairloss_a50_sstate20_mb,tpr,gap,0.008764066657268477,0.006225318522394885,0.01141240122684364,True,State,51,44,100,190039,,,
Victim Sex,named_n>=5000,graphsage_fairloss_a25_sstate20_mb,graphsage_fairloss_a50_sstate20_mb,tpr,amplification,0.12340867695952984,0.08577678707837239,0.15958778523183362,True,State,51,44,100,190039,,,
Victim Sex,named_n>=5000,graphsage_fairloss_a25_sstate20_mb,graphsage_fairloss_a50_sstate20_mb,fpr,gap,0.0014497849730918388,-0.01004800814833882,0.010620488867671736,False,State,51,44,100,190039,,,
Victim Sex,named_n>=5000,graphsage_fairloss_a25_sstate20_mb,graphsage_fairloss_a50_sstate20_mb,fpr,amplification,0.02041472896109106,-0.14425501604625482,0.1527796256194394,False,State,51,44,100,190039,,,
Victim Sex,named_n>=5000,graphsage_fairloss_a25_sstate20_mb,graphsage_fairloss_a50_sstate20_mb,selection_rate,signed_gap,-0.009547440085717174,-0.011540409990223516,-0.007439058078304201,True,State,51,44,100,190039,Male-Female,-0.03845675405562099,-0.028909313969903816
Victim Sex,named_n>=5000,graphsage_fairloss_a25_sstate20_mb,graphsage_fairloss_a50_sstate20_mb,tpr,signed_gap,-0.008764066657268477,-0.01141240122684364,-0.006225318522394886,True,State,51,44,100,190039,Male-Female,-0.02802084805056182,-0.019256781393293343
Victim Sex,named_n>=5000,graphsage_fairloss_a25_sstate20_mb,graphsage_fairloss_a50_sstate20_mb,fpr,signed_gap,-0.008153874955885876,-0.012436636727246738,-0.004176278029785857,True,State,51,44,100,190039,Male-Female,-0.004801829964488857,0.0033520449913970185
Victim Sex,named_all,graphsage_fairloss_a25_sstate20_mb,graphsage_fairloss_a100_sstate20_mb,selection_rate,gap,0.020863591599913245,0.018313676026562954,0.023377209719923814,True,State,51,44,100,190039,,,
Victim Sex,named_all,graphsage_fairloss_a25_sstate20_mb,graphsage_fairloss_a100_sstate20_mb,selection_rate,amplification,0.2937846477735181,0.2521413942883321,0.33684105839887457,True,State,51,44,100,190039,,,
Victim Sex,named_all,graphsage_fairloss_a25_sstate20_mb,graphsage_fairloss_a100_sstate20_mb,tpr,gap,0.016269688931714987,0.013016178726778817,0.019440589210553076,True,State,51,44,100,190039,,,
Victim Sex,named_all,graphsage_fairloss_a25_sstate20_mb,graphsage_fairloss_a100_sstate20_mb,tpr,amplification,0.22909693229465194,0.18133261145181817,0.27634891654657107,True,State,51,44,100,190039,,,
Victim Sex,named_all,graphsage_fairloss_a25_sstate20_mb,graphsage_fairloss_a100_sstate20_mb,fpr,gap,-0.016650246645653122,-0.027826484916318804,0.001361755886826971,False,State,51,44,100,190039,,,
Victim Sex,named_all,graphsage_fairloss_a25_sstate20_mb,graphsage_fairloss_a100_sstate20_mb,fpr,amplification,-0.2344556459855044,-0.39583825181506876,0.018827050070318402,False,State,51,44,100,190039,,,
Victim Sex,named_all,graphsage_fairloss_a25_sstate20_mb,graphsage_fairloss_a100_sstate20_mb,selection_rate,signed_gap,-0.020863591599913245,-0.023377209719923818,-0.018313676026562954,True,State,51,44,100,190039,Male-Female,-0.03845675405562099,-0.017593162455707745
Victim Sex,named_all,graphsage_fairloss_a25_sstate20_mb,graphsage_fairloss_a100_sstate20_mb,tpr,signed_gap,-0.016269688931714987,-0.019440589210553076,-0.01301617872677882,True,State,51,44,100,190039,Male-Female,-0.02802084805056182,-0.011751159118846832
Victim Sex,named_all,graphsage_fairloss_a25_sstate20_mb,graphsage_fairloss_a100_sstate20_mb,fpr,signed_gap,-0.026253906574630836,-0.031161821432791583,-0.0207766692442207,True,State,51,44,100,190039,Male-Female,-0.004801829964488857,0.02145207661014198
Victim Sex,named_n>=5000,graphsage_fairloss_a25_sstate20_mb,graphsage_fairloss_a100_sstate20_mb,selection_rate,gap,0.020863591599913245,0.018313676026562954,0.023377209719923814,True,State,51,44,100,190039,,,
Victim Sex,named_n>=5000,graphsage_fairloss_a25_sstate20_mb,graphsage_fairloss_a100_sstate20_mb,selection_rate,amplification,0.2937846477735181,0.2521413942883321,0.33684105839887457,True,State,51,44,100,190039,,,
Victim Sex,named_n>=5000,graphsage_fairloss_a25_sstate20_mb,graphsage_fairloss_a100_sstate20_mb,tpr,gap,0.016269688931714987,0.013016178726778817,0.019440589210553076,True,State,51,44,100,190039,,,
Victim Sex,named_n>=5000,graphsage_fairloss_a25_sstate20_mb,graphsage_fairloss_a100_sstate20_mb,tpr,amplification,0.22909693229465194,0.18133261145181817,0.27634891654657107,True,State,51,44,100,190039,,,
Victim Sex,named_n>=5000,graphsage_fairloss_a25_sstate20_mb,graphsage_fairloss_a100_sstate20_mb,fpr,gap,-0.016650246645653122,-0.027826484916318804,0.001361755886826971,False,State,51,44,100,190039,,,
Victim Sex,named_n>=5000,graphsage_fairloss_a25_sstate20_mb,graphsage_fairloss_a100_sstate20_mb,fpr,amplification,-0.2344556459855044,-0.39583825181506876,0.018827050070318402,False,State,51,44,100,190039,,,
Victim Sex,named_n>=5000,graphsage_fairloss_a25_sstate20_mb,graphsage_fairloss_a100_sstate20_mb,selection_rate,signed_gap,-0.020863591599913245,-0.023377209719923818,-0.018313676026562954,True,State,51,44,100,190039,Male-Female,-0.03845675405562099,-0.017593162455707745
Victim Sex,named_n>=5000,graphsage_fairloss_a25_sstate20_mb,graphsage_fairloss_a100_sstate20_mb,tpr,signed_gap,-0.016269688931714987,-0.019440589210553076,-0.01301617872677882,True,State,51,44,100,190039,Male-Female,-0.02802084805056182,-0.011751159118846832
Victim Sex,named_n>=5000,graphsage_fairloss_a25_sstate20_mb,graphsage_fairloss_a100_sstate20_mb,fpr,signed_gap,-0.026253906574630836,-0.031161821432791583,-0.0207766692442207,True,State,51,44,100,190039,Male-Female,-0.004801829964488857,0.02145207661014198
Victim Sex,named_all,graphsage_fairloss_a50_sstate20_mb,graphsage_fairloss_a100_sstate20_mb,selection_rate,gap,0.011316151514196071,0.008875136229239928,0.013558182964152496,True,State,51,44,100,190039,,,
Victim Sex,named_all,graphsage_fairloss_a50_sstate20_mb,graphsage_fairloss_a100_sstate20_mb,selection_rate,amplification,0.15934512381672963,0.12371454319610486,0.19037112172959286,True,State,51,44,100,190039,,,
Victim Sex,named_all,graphsage_fairloss_a50_sstate20_mb,graphsage_fairloss_a100_sstate20_mb,tpr,gap,0.007505622274446511,0.004480028351692094,0.01024608245109191,True,State,51,44,100,190039,,,
Victim Sex,named_all,graphsage_fairloss_a50_sstate20_mb,graphsage_fairloss_a100_sstate20_mb,tpr,amplification,0.1056882553351221,0.06390681601578445,0.14469548351204936,True,State,51,44,100,190039,,,
Victim Sex,named_all,graphsage_fairloss_a50_sstate20_mb,graphsage_fairloss_a100_sstate20_mb,fpr,gap,-0.01810003161874496,-0.02231417585276307,-0.006765313101766509,True,State,51,44,100,190039,,,
Victim Sex,named_all,graphsage_fairloss_a50_sstate20_mb,graphsage_fairloss_a100_sstate20_mb,fpr,amplification,-0.2548703749465955,-0.31572939665097505,-0.09552077580140739,True,State,51,44,100,190039,,,
Victim Sex,named_all,graphsage_fairloss_a50_sstate20_mb,graphsage_fairloss_a100_sstate20_mb,selection_rate,signed_gap,-0.011316151514196071,-0.013558182964152496,-0.008875136229239928,True,State,51,44,100,190039,Male-Female,-0.028909313969903816,-0.017593162455707745
Victim Sex,named_all,graphsage_fairloss_a50_sstate20_mb,graphsage_fairloss_a100_sstate20_mb,tpr,signed_gap,-0.007505622274446511,-0.010246082451091912,-0.004480028351692095,True,State,51,44,100,190039,Male-Female,-0.019256781393293343,-0.011751159118846832
Victim Sex,named_all,graphsage_fairloss_a50_sstate20_mb,graphsage_fairloss_a100_sstate20_mb,fpr,signed_gap,-0.01810003161874496,-0.022686308279315268,-0.013101265140639843,True,State,51,44,100,190039,Male-Female,0.0033520449913970185,0.02145207661014198
Victim Sex,named_n>=5000,graphsage_fairloss_a50_sstate20_mb,graphsage_fairloss_a100_sstate20_mb,selection_rate,gap,0.011316151514196071,0.008875136229239928,0.013558182964152496,True,State,51,44,100,190039,,,
Victim Sex,named_n>=5000,graphsage_fairloss_a50_sstate20_mb,graphsage_fairloss_a100_sstate20_mb,selection_rate,amplification,0.15934512381672963,0.12371454319610486,0.19037112172959286,True,State,51,44,100,190039,,,
Victim Sex,named_n>=5000,graphsage_fairloss_a50_sstate20_mb,graphsage_fairloss_a100_sstate20_mb,tpr,gap,0.007505622274446511,0.004480028351692094,0.01024608245109191,True,State,51,44,100,190039,,,
Victim Sex,named_n>=5000,graphsage_fairloss_a50_sstate20_mb,graphsage_fairloss_a100_sstate20_mb,tpr,amplification,0.1056882553351221,0.06390681601578445,0.14469548351204936,True,State,51,44,100,190039,,,
Victim Sex,named_n>=5000,graphsage_fairloss_a50_sstate20_mb,graphsage_fairloss_a100_sstate20_mb,fpr,gap,-0.01810003161874496,-0.02231417585276307,-0.006765313101766509,True,State,51,44,100,190039,,,
Victim Sex,named_n>=5000,graphsage_fairloss_a50_sstate20_mb,graphsage_fairloss_a100_sstate20_mb,fpr,amplification,-0.2548703749465955,-0.31572939665097505,-0.09552077580140739,True,State,51,44,100,190039,,,
Victim Sex,named_n>=5000,graphsage_fairloss_a50_sstate20_mb,graphsage_fairloss_a100_sstate20_mb,selection_rate,signed_gap,-0.011316151514196071,-0.013558182964152496,-0.008875136229239928,True,State,51,44,100,190039,Male-Female,-0.028909313969903816,-0.017593162455707745
Victim Sex,named_n>=5000,graphsage_fairloss_a50_sstate20_mb,graphsage_fairloss_a100_sstate20_mb,tpr,signed_gap,-0.007505622274446511,-0.010246082451091912,-0.004480028351692095,True,State,51,44,100,190039,Male-Female,-0.019256781393293343,-0.011751159118846832
Victim Sex,named_n>=5000,graphsage_fairloss_a50_sstate20_mb,graphsage_fairloss_a100_sstate20_mb,fpr,signed_gap,-0.01810003161874496,-0.022686308279315268,-0.013101265140639843,True,State,51,44,100,190039,Male-Female,0.0033520449913970185,0.02145207661014198
