attribute,group_set,model_a,model_b,metric,quantity,diff,diff_lo,diff_hi,significant,stratum,n_strata,n_strata_used,min_stratum_n,n_standardized,signed_as,gap_a,gap_b
Victim Race,named_n>=5000,graphsage_geo_mb,graphsage_geo_blind_mb,selection_rate,gap,0.046717666496130406,0.04364906658695731,0.04993894551476303,True,State,51,39,100,182377,,,
Victim Race,named_n>=5000,graphsage_geo_mb,graphsage_geo_blind_mb,selection_rate,amplification,0.706897507638351,0.6438543451319978,0.7756673033687471,True,State,51,39,100,182377,,,
Victim Race,named_n>=5000,graphsage_geo_mb,graphsage_geo_blind_mb,tpr,gap,0.046290426363675974,0.042549635484561865,0.05019157646763937,True,State,51,39,100,182377,,,
Victim Race,named_n>=5000,graphsage_geo_mb,graphsage_geo_blind_mb,tpr,amplification,0.7004328229174193,0.6291841125160806,0.780161238410695,True,State,51,39,100,182377,,,
Victim Race,named_n>=5000,graphsage_geo_mb,graphsage_geo_blind_mb,fpr,gap,0.049619731300681924,0.043430357766022214,0.05551250981295125,True,State,51,39,100,182377,,,
Victim Race,named_n>=5000,graphsage_geo_mb,graphsage_geo_blind_mb,fpr,amplification,0.7508094264306213,0.650764849978874,0.8610215752644732,True,State,51,39,100,182377,,,
Victim Race,named_n>=5000,graphsage_geo_mb,graphsage_geo_blind_mb,selection_rate,signed_gap,-0.046717666496130406,-0.04993894551476303,-0.04364906658695731,True,State,51,39,100,182377,Black-White,-0.1496632355754971,-0.1029455690793667
Victim Race,named_n>=5000,graphsage_geo_mb,graphsage_geo_blind_mb,tpr,signed_gap,-0.046290426363675974,-0.05019157646763937,-0.042549635484561865,True,State,51,39,100,182377,Black-White,-0.13354167987818666,-0.08725125351451068
Victim Race,named_n>=5000,graphsage_geo_mb,graphsage_geo_blind_mb,fpr,signed_gap,-0.049619731300681924,-0.05551250981295125,-0.043430357766022214,True,State,51,39,100,182377,Black-White,-0.1404079208156619,-0.09078818951497997
Victim Race,named_n>=5000,graphsage_geo_mb,graphsage_fairloss_a0_mb,selection_rate,gap,0.04095307685267402,0.03798340722672189,0.04388317656556213,True,State,51,39,100,182377,,,
Victim Race,named_n>=5000,graphsage_geo_mb,graphsage_fairloss_a0_mb,selection_rate,amplification,0.6196719598500278,0.5600841448199955,0.6781453969805172,True,State,51,39,100,182377,,,
Victim Race,named_n>=5000,graphsage_geo_mb,graphsage_fairloss_a0_mb,tpr,gap,0.040392908581398324,0.03697544758395278,0.04399480884048825,True,State,51,39,100,182377,,,
Victim Race,named_n>=5000,graphsage_geo_mb,graphsage_fairloss_a0_mb,tpr,amplification,0.6111959039054169,0.5463358186357682,0.6807851017226823,True,State,51,39,100,182377,,,
Victim Race,named_n>=5000,graphsage_geo_mb,graphsage_fairloss_a0_mb,fpr,gap,0.04268952569499779,0.036984410361227155,0.04831662306598076,True,State,51,39,100,182377,,,
Victim Race,named_n>=5000,graphsage_geo_mb,graphsage_fairloss_a0_mb,fpr,amplification,0.6459466317427656,0.5533537232645739,0.7428703591121706,True,State,51,39,100,182377,,,
Victim Race,named_n>=5000,graphsage_geo_mb,graphsage_fairloss_a0_mb,selection_rate,signed_gap,-0.04095307685267402,-0.043883176565562135,-0.03798340722672189,True,State,51,39,100,182377,Black-White,-0.1496632355754971,-0.10871015872282308
Victim Race,named_n>=5000,graphsage_geo_mb,graphsage_fairloss_a0_mb,tpr,signed_gap,-0.040392908581398324,-0.04399480884048825,-0.03697544758395278,True,State,51,39,100,182377,Black-White,-0.13354167987818666,-0.09314877129678834
Victim Race,named_n>=5000,graphsage_geo_mb,graphsage_fairloss_a0_mb,fpr,signed_gap,-0.04268952569499779,-0.04831662306598076,-0.036984410361227155,True,State,51,39,100,182377,Black-White,-0.1404079208156619,-0.0977183951206641
Victim Race,named_n>=5000,graphsage_geo_mb,graphsage_fairloss_a10_mb,selection_rate,gap,0.07760556125264573,0.07457931028952411,0.08074542899145529,True,State,51,39,100,182377,,,
Victim Race,named_n>=5000,graphsage_geo_mb,graphsage_fairloss_a10_mb,selection_rate,amplification,1.1742705049901112,1.087847825860853,1.2715891038395948,True,State,51,39,100,182377,,,
Victim Race,named_n>=5000,graphsage_geo_mb,graphsage_fairloss_a10_mb,tpr,gap,0.07417018518818808,0.07034768201569436,0.07822924337252683,True,State,51,39,100,182377,,,
Victim Race,named_n>=5000,graphsage_geo_mb,graphsage_fairloss_a10_mb,tpr,amplification,1.1222889108758864,1.0309371684702042,1.224126965986211,True,State,51,39,100,182377,,,
Victim Race,named_n>=5000,graphsage_geo_mb,graphsage_fairloss_a10_mb,fpr,gap,0.0880804365302218,0.08180834519715303,0.09446073183832539,True,State,51,39,100,182377,,,
Victim Race,named_n>=5000,graphsage_geo_mb,graphsage_fairloss_a10_mb,fpr,amplification,1.3327686445997688,1.2049094169112673,1.463167280690739,True,State,51,39,100,182377,,,
Victim Race,named_n>=5000,graphsage_geo_mb,graphsage_fairloss_a10_mb,selection_rate,signed_gap,-0.07760556125264573,-0.08074542899145529,-0.07457931028952411,True,State,51,39,100,182377,Black-White,-0.1496632355754971,-0.07205767432285137
Victim Race,named_n>=5000,graphsage_geo_mb,graphsage_fairloss_a10_mb,tpr,signed_gap,-0.07417018518818808,-0.07822924337252683,-0.07034768201569436,True,State,51,39,100,182377,Black-White,-0.13354167987818666,-0.05937149468999858
Victim Race,named_n>=5000,graphsage_geo_mb,graphsage_fairloss_a10_mb,fpr,signed_gap,-0.0880804365302218,-0.09446073183832539,-0.08180834519715303,True,State,51,39,100,182377,Black-White,-0.1404079208156619,-0.052327484285440096
Victim Race,named_n>=5000,graphsage_geo_mb,graphsage_fairloss_a25_mb,selection_rate,gap,0.08988709393458916,0.08672288770191654,0.09313697157319797,True,State,51,39,100,182377,,,
Victim Race,named_n>=5000,graphsage_geo_mb,graphsage_fairloss_a25_mb,selection_rate,amplification,1.3601056610239397,1.262987734698342,1.4775682885628687,True,State,51,39,100,182377,,,
Victim Race,named_n>=5000,graphsage_geo_mb,graphsage_fairloss_a25_mb,tpr,gap,0.08809861133135577,0.08398022427975764,0.09217080566384664,True,State,51,39,100,182377,,,
Victim Race,named_n>=5000,graphsage_geo_mb,graphsage_fairloss_a25_mb,tpr,amplification,1.333043652377062,1.2276080724648852,1.4559134851272306,True,State,51,39,100,182377,,,
Victim Race,named_n>=5000,graphsage_geo_mb,graphsage_fairloss_a25_mb,fpr,gap,0.09817378108902963,0.09229583003235133,0.10450848517126621,True,State,51,39,100,182377,,,
Victim Race,named_n>=5000,graphsage_geo_mb,graphsage_fairloss_a25_mb,fpr,amplification,1.4854937408531819,1.3574792649963483,1.6334051814335275,True,State,51,39,100,182377,,,
Victim Race,named_n>=5000,graphsage_geo_mb,graphsage_fairloss_a25_mb,selection_rate,signed_gap,-0.08988709393458916,-0.09313697157319797,-0.08672288770191654,True,State,51,39,100,182377,Black-White,-0.1496632355754971,-0.05977614164090794
Victim Race,named_n>=5000,graphsage_geo_mb,graphsage_fairloss_a25_mb,tpr,signed_gap,-0.08809861133135577,-0.09217080566384664,-0.08398022427975764,True,State,51,39,100,182377,Black-White,-0.13354167987818666,-0.04544306854683089
Victim Race,named_n>=5000,graphsage_geo_mb,graphsage_fairloss_a25_mb,fpr,signed_gap,-0.09817378108902963,-0.10450848517126621,-0.09229583003235133,True,State,51,39,100,182377,Black-White,-0.1404079208156619,-0.04223413972663226
Victim Race,named_n>=5000,graphsage_geo_mb,graphsage_fairloss_a50_mb,selection_rate,gap,0.08875674009127021,0.0855582233087899,0.09183400480413338,True,State,51,39,100,182377,,,
Victim Race,named_n>=5000,graphsage_geo_mb,graphsage_fairloss_a50_mb,selection_rate,amplification,1.34300197467741,1.2469180906197137,1.4537169786562927,True,State,51,39,100,182377,,,
Victim Race,named_n>=5000,graphsage_geo_mb,graphsage_fairloss_a50_mb,tpr,gap,0.08783345606617732,0.08398728844432886,0.09194426709391355,True,State,51,39,100,182377,,,
Victim Race,named_n>=5000,graphsage_geo_mb,graphsage_fairloss_a50_mb,tpr,amplification,1.329031517136802,1.22281853995607,1.4516288848495715,True,State,51,39,100,182377,,,
Victim Race,named_n>=5000,graphsage_geo_mb,graphsage_fairloss_a50_mb,fpr,gap,0.09408932258001701,0.0872516027221552,0.1004271517145859,True,State,51,39,100,182377,,,
Victim Race,named_n>=5000,graphsage_geo_mb,graphsage_fairloss_a50_mb,fpr,amplification,1.4236907066559916,1.2899773410009123,1.5655960922811187,True,State,51,39,100,182377,,,
Victim Race,named_n>=5000,graphsage_geo_mb,graphsage_fairloss_a50_mb,selection_rate,signed_gap,-0.08875674009127021,-0.09183400480413338,-0.0855582233087899,True,State,51,39,100,182377,Black-White,-0.1496632355754971,-0.060906495484226886
Victim Race,named_n>=5000,graphsage_geo_mb,graphsage_fairloss_a50_mb,tpr,signed_gap,-0.08783345606617732,-0.09194426709391355,-0.08398728844432886,True,State,51,39,100,182377,Black-White,-0.13354167987818666,-0.04570822381200934
Victim Race,named_n>=5000,graphsage_geo_mb,graphsage_fairloss_a50_mb,fpr,signed_gap,-0.09408932258001701,-0.1004271517145859,-0.0872516027221552,True,State,51,39,100,182377,Black-White,-0.1404079208156619,-0.04631859823564488
Victim Race,named_n>=5000,graphsage_geo_mb,graphsage_fairloss_a100_mb,selection_rate,gap,0.09265809467624053,0.08964851252785726,0.09592996721650587,True,State,51,39,100,182377,,,
Victim Race,named_n>=5000,graphsage_geo_mb,graphsage_fairloss_a100_mb,selection_rate,amplification,1.4020344144238903,1.3029944806470397,1.5125445701347326,True,State,51,39,100,182377,,,
Victim Race,named_n>=5000,graphsage_geo_mb,graphsage_fairloss_a100_mb,tpr,gap,0.0899220720637901,0.08583283730180694,0.09377767165406078,True,State,51,39,100,182377,,,
Victim Race,named_n>=5000,graphsage_geo_mb,graphsage_fairloss_a100_mb,tpr,amplification,1.3606349244527123,1.246854200184929,1.4727972523038606,True,State,51,39,100,182377,,,
Victim Race,named_n>=5000,graphsage_geo_mb,graphsage_fairloss_a100_mb,fpr,gap,0.1014448665258213,0.0951726702652678,0.10807920741046069,True,State,51,39,100,182377,,,
Victim Race,named_n>=5000,graphsage_geo_mb,graphsage_fairloss_a100_mb,fpr,amplification,1.5349894095362842,1.4012465521106299,1.6975235637083526,True,State,51,39,100,182377,,,
Victim Race,named_n>=5000,graphsage_geo_mb,graphsage_fairloss_a100_mb,selection_rate,signed_gap,-0.09265809467624053,-0.09592996721650587,-0.08964851252785726,True,State,51,39,100,182377,Black-White,-0.1496632355754971,-0.05700514089925657
Victim Race,named_n>=5000,graphsage_geo_mb,graphsage_fairloss_a100_mb,tpr,signed_gap,-0.0899220720637901,-0.09377767165406078,-0.08583283730180694,True,State,51,39,100,182377,Black-White,-0.13354167987818666,-0.043619607814396555
Victim Race,named_n>=5000,graphsage_geo_mb,graphsage_fairloss_a100_mb,fpr,signed_gap,-0.1014448665258213,-0.10807920741046069,-0.0951726702652678,True,State,51,39,100,182377,Black-White,-0.1404079208156619,-0.03896305428984059
Victim Race,named_n>=5000,graphsage_geo_mb,xgboost,selection_rate,gap,-0.023416387979068698,-0.026764882926964606,-0.020231843184374827,True,State,51,39,100,182377,,,
Victim Race,named_n>=5000,graphsage_geo_mb,xgboost,selection_rate,amplification,-0.35431962984853627,-0.41580265984139075,-0.3009004505422834,True,State,51,39,100,182377,,,
Victim Race,named_n>=5000,graphsage_geo_mb,xgboost,tpr,gap,-0.02559371357722262,-0.029621245919482533,-0.021466310549610804,True,State,51,39,100,182377,,,
Victim Race,named_n>=5000,graphsage_geo_mb,xgboost,tpr,amplification,-0.38726532585798257,-0.4598762022711781,-0.3217934895792624,True,State,51,39,100,182377,,,
Victim Race,named_n>=5000,graphsage_geo_mb,xgboost,fpr,gap,-0.02269568087483853,-0.029638022436194573,-0.01617279765272994,True,State,51,39,100,182377,,,
Victim Race,named_n>=5000,graphsage_geo_mb,xgboost,fpr,amplification,-0.3434144178821006,-0.45832807214929533,-0.23775853321627058,True,State,51,39,100,182377,,,
Victim Race,named_n>=5000,graphsage_geo_mb,xgboost,selection_rate,signed_gap,0.023416387979068698,0.020231843184374827,0.026764882926964606,True,State,51,39,100,182377,Black-White,-0.1496632355754971,-0.1730796235545658
Victim Race,named_n>=5000,graphsage_geo_mb,xgboost,tpr,signed_gap,0.02559371357722262,0.021466310549610804,0.029621245919482533,True,State,51,39,100,182377,Black-White,-0.13354167987818666,-0.15913539345540928
Victim Race,named_n>=5000,graphsage_geo_mb,xgboost,fpr,signed_gap,0.02269568087483853,0.01617279765272994,0.029638022436194573,True,State,51,39,100,182377,Black-White,-0.1404079208156619,-0.16310360169050042
Victim Race,named_n>=5000,graphsage_geo_mb,xgboost_blind,selection_rate,gap,0.06371005826463305,0.05995299734058841,0.06751274177231843,True,State,51,39,100,182377,,,
Victim Race,named_n>=5000,graphsage_geo_mb,xgboost_blind,selection_rate,amplification,0.9640139325557617,0.8780791771616231,1.0520902095878142,True,State,51,39,100,182377,,,
Victim Race,named_n>=5000,graphsage_geo_mb,xgboost_blind,tpr,gap,0.059487599142605596,0.054571734428699024,0.06375597016917717,True,State,51,39,100,182377,,,
Victim Race,named_n>=5000,graphsage_geo_mb,xgboost_blind,tpr,amplification,0.9001227741711009,0.8110656282375958,0.9926741138911939,True,State,51,39,100,182377,,,
Victim Race,named_n>=5000,graphsage_geo_mb,xgboost_blind,fpr,gap,0.07490916134612458,0.06753162116459757,0.08331187636387419,True,State,51,39,100,182377,,,
Victim Race,named_n>=5000,graphsage_geo_mb,xgboost_blind,fpr,amplification,1.1334705567804984,0.9999890117459369,1.2819852222163888,True,State,51,39,100,182377,,,
Victim Race,named_n>=5000,graphsage_geo_mb,xgboost_blind,selection_rate,signed_gap,-0.06371005826463305,-0.06751274177231843,-0.05995299734058841,True,State,51,39,100,182377,Black-White,-0.1496632355754971,-0.08595317731086405
Victim Race,named_n>=5000,graphsage_geo_mb,xgboost_blind,tpr,signed_gap,-0.059487599142605596,-0.06375597016917717,-0.054571734428699024,True,State,51,39,100,182377,Black-White,-0.13354167987818666,-0.07405408073558106
Victim Race,named_n>=5000,graphsage_geo_mb,xgboost_blind,fpr,signed_gap,-0.07490916134612458,-0.08331187636387419,-0.06753162116459757,True,State,51,39,100,182377,Black-White,-0.1404079208156619,-0.06549875946953732
Victim Race,named_n>=5000,graphsage_geo_mb,logreg,selection_rate,gap,-0.04452755015170201,-0.048486935211729636,-0.04044512580020292,True,State,51,39,100,182377,,,
Victim Race,named_n>=5000,graphsage_geo_mb,logreg,selection_rate,amplification,-0.6737582714257999,-0.761679273521465,-0.5938596605638773,True,State,51,39,100,182377,,,
Victim Race,named_n>=5000,graphsage_geo_mb,logreg,tpr,gap,-0.060366875213566484,-0.06518994976665958,-0.05529837958372263,True,State,51,39,100,182377,,,
Victim Race,named_n>=5000,graphsage_geo_mb,logreg,tpr,amplification,-0.9134273355866367,-1.0187920133757684,-0.8201690571283742,True,State,51,39,100,182377,,,
Victim Race,named_n>=5000,graphsage_geo_mb,logreg,fpr,gap,-0.034129590864473314,-0.041505096530881684,-0.026123957979497847,True,State,51,39,100,182377,,,
Victim Race,named_n>=5000,graphsage_geo_mb,logreg,fpr,amplification,-0.5164239682393204,-0.6392354931167357,-0.3933000049711294,True,State,51,39,100,182377,,,
Victim Race,named_n>=5000,graphsage_geo_mb,logreg,selection_rate,signed_gap,0.04452755015170201,0.04044512580020292,0.048486935211729636,True,State,51,39,100,182377,Black-White,-0.1496632355754971,-0.1941907857271991
Victim Race,named_n>=5000,graphsage_geo_mb,logreg,tpr,signed_gap,0.060366875213566484,0.05529837958372263,0.06518994976665958,True,State,51,39,100,182377,Black-White,-0.13354167987818666,-0.19390855509175314
Victim Race,named_n>=5000,graphsage_geo_mb,logreg,fpr,signed_gap,0.034129590864473314,0.026123957979497847,0.041505096530881684,True,State,51,39,100,182377,Black-White,-0.1404079208156619,-0.1745375116801352
Victim Race,named_n>=5000,graphsage_geo_mb,logreg_blind,selection_rate,gap,0.07931300457120438,0.07538323025085834,0.08355496676865479,True,State,51,39,100,182377,,,
Victim Race,named_n>=5000,graphsage_geo_mb,logreg_blind,selection_rate,amplification,1.2001062865444583,1.1068869527929217,1.3020550366910313,True,State,51,39,100,182377,,,
Victim Race,named_n>=5000,graphsage_geo_mb,logreg_blind,tpr,gap,0.07137617367010907,0.06632031337461759,0.0764609517786084,True,State,51,39,100,182377,,,
Victim Race,named_n>=5000,graphsage_geo_mb,logreg_blind,tpr,amplification,1.0800119752629638,0.9775916688830505,1.1929075504909687,True,State,51,39,100,182377,,,
Victim Race,named_n>=5000,graphsage_geo_mb,logreg_blind,fpr,gap,0.08269547434962116,0.07470889334021559,0.09104964109191079,True,State,51,39,100,182377,,,
Victim Race,named_n>=5000,graphsage_geo_mb,logreg_blind,fpr,amplification,1.2512873414934016,1.107022636141825,1.4067846261731456,True,State,51,39,100,182377,,,
Victim Race,named_n>=5000,graphsage_geo_mb,logreg_blind,selection_rate,signed_gap,-0.07931300457120438,-0.08355496676865479,-0.07538323025085834,True,State,51,39,100,182377,Black-White,-0.1496632355754971,-0.07035023100429272
Victim Race,named_n>=5000,graphsage_geo_mb,logreg_blind,tpr,signed_gap,-0.07137617367010907,-0.0764609517786084,-0.0663203133746176,True,State,51,39,100,182377,Black-White,-0.13354167987818666,-0.06216550620807759
Victim Race,named_n>=5000,graphsage_geo_mb,logreg_blind,fpr,signed_gap,-0.08269547434962116,-0.09104964109191079,-0.07470889334021559,True,State,51,39,100,182377,Black-White,-0.1404079208156619,-0.057712446466040734
Victim Race,named_n>=5000,graphsage_geo_blind_mb,graphsage_fairloss_a0_mb,selection_rate,gap,-0.005764589643456386,-0.007335361281411451,-0.004138545564996074,True,State,51,39,100,182377,,,
Victim Race,named_n>=5000,graphsage_geo_blind_mb,graphsage_fairloss_a0_mb,selection_rate,amplification,-0.08722554778832325,-0.11331893673105754,-0.061237060926753635,True,State,51,39,100,182377,,,
Victim Race,named_n>=5000,graphsage_geo_blind_mb,graphsage_fairloss_a0_mb,tpr,gap,-0.00589751778227765,-0.00786670243443984,-0.003968327168853736,True,State,51,39,100,182377,,,
Victim Race,named_n>=5000,graphsage_geo_blind_mb,graphsage_fairloss_a0_mb,tpr,amplification,-0.08923691901200237,-0.12055540461875254,-0.05908479276122792,True,State,51,39,100,182377,,,
Victim Race,named_n>=5000,graphsage_geo_blind_mb,graphsage_fairloss_a0_mb,fpr,gap,-0.006930205605684137,-0.010215045117566377,-0.0032747565583786846,True,State,51,39,100,182377,,,
Victim Race,named_n>=5000,graphsage_geo_blind_mb,graphsage_fairloss_a0_mb,fpr,amplification,-0.10486279468785575,-0.15559176413418385,-0.04881857174841693,True,State,51,39,100,182377,,,
Victim Race,named_n>=5000,graphsage_geo_blind_mb,graphsage_fairloss_a0_mb,selection_rate,signed_gap,0.005764589643456386,0.004138545564996074,0.007335361281411451,True,State,51,39,100,182377,Black-White,-0.1029455690793667,-0.10871015872282308
Victim Race,named_n>=5000,graphsage_geo_blind_mb,graphsage_fairloss_a0_mb,tpr,signed_gap,0.00589751778227765,0.0039683271688537355,0.00786670243443984,True,State,51,39,100,182377,Black-White,-0.08725125351451068,-0.09314877129678834
Victim Race,named_n>=5000,graphsage_geo_blind_mb,graphsage_fairloss_a0_mb,fpr,signed_gap,0.006930205605684137,0.0032747565583786846,0.010215045117566377,True,State,51,39,100,182377,Black-White,-0.09078818951497997,-0.0977183951206641
Victim Race,named_n>=5000,graphsage_geo_blind_mb,graphsage_fairloss_a10_mb,selection_rate,gap,0.03088789475651532,0.028243645579011174,0.03343055244407224,True,State,51,39,100,182377,,,
Victim Race,named_n>=5000,graphsage_geo_blind_mb,graphsage_fairloss_a10_mb,selection_rate,amplification,0.4673729973517602,0.41838402949621495,0.5202861591247971,True,State,51,39,100,182377,,,
Victim Race,named_n>=5000,graphsage_geo_blind_mb,graphsage_fairloss_a10_mb,tpr,gap,0.027879758824512102,0.024488198516242503,0.030992006766632448,True,State,51,39,100,182377,,,
Victim Race,named_n>=5000,graphsage_geo_blind_mb,graphsage_fairloss_a10_mb,tpr,amplification,0.4218560879584671,0.36543065374324635,0.47914830614282716,True,State,51,39,100,182377,,,
Victim Race,named_n>=5000,graphsage_geo_blind_mb,graphsage_fairloss_a10_mb,fpr,gap,0.03846070522953987,0.03347003655044032,0.04386483167766497,True,State,51,39,100,182377,,,
Victim Race,named_n>=5000,graphsage_geo_blind_mb,graphsage_fairloss_a10_mb,fpr,amplification,0.5819592181691474,0.5014936345206066,0.6727093190307746,True,State,51,39,100,182377,,,
Victim Race,named_n>=5000,graphsage_geo_blind_mb,graphsage_fairloss_a10_mb,selection_rate,signed_gap,-0.03088789475651532,-0.03343055244407224,-0.028243645579011174,True,State,51,39,100,182377,Black-White,-0.1029455690793667,-0.07205767432285137
Victim Race,named_n>=5000,graphsage_geo_blind_mb,graphsage_fairloss_a10_mb,tpr,signed_gap,-0.027879758824512102,-0.030992006766632448,-0.024488198516242503,True,State,51,39,100,182377,Black-White,-0.08725125351451068,-0.05937149468999858
Victim Race,named_n>=5000,graphsage_geo_blind_mb,graphsage_fairloss_a10_mb,fpr,signed_gap,-0.03846070522953987,-0.04386483167766497,-0.03347003655044032,True,State,51,39,100,182377,Black-White,-0.09078818951497997,-0.052327484285440096
Victim Race,named_n>=5000,graphsage_geo_blind_mb,graphsage_fairloss_a25_mb,selection_rate,gap,0.04316942743845875,0.040356422527708186,0.04572849924283212,True,State,51,39,100,182377,,,
Victim Race,named_n>=5000,graphsage_geo_blind_mb,graphsage_fairloss_a25_mb,selection_rate,amplification,0.6532081533855887,0.5916627752925695,0.7108598793115359,True,State,51,39,100,182377,,,
Victim Race,named_n>=5000,graphsage_geo_blind_mb,graphsage_fairloss_a25_mb,tpr,gap,0.041808184967679796,0.03822371966641843,0.04489606050365638,True,State,51,39,100,182377,,,
Victim Race,named_n>=5000,graphsage_geo_blind_mb,graphsage_fairloss_a25_mb,tpr,amplification,0.6326108294596426,0.5651647770111659,0.6957333831137784,True,State,51,39,100,182377,,,
Victim Race,named_n>=5000,graphsage_geo_blind_mb,graphsage_fairloss_a25_mb,fpr,gap,0.04855404978834771,0.04277062846691085,0.05393763573023249,True,State,51,39,100,182377,,,
Victim Race,named_n>=5000,graphsage_geo_blind_mb,graphsage_fairloss_a25_mb,fpr,amplification,0.7346843144225607,0.6355135590671452,0.8305924968461403,True,State,51,39,100,182377,,,
Victim Race,named_n>=5000,graphsage_geo_blind_mb,graphsage_fairloss_a25_mb,selection_rate,signed_gap,-0.04316942743845875,-0.04572849924283212,-0.04035642252770819,True,State,51,39,100,182377,Black-White,-0.1029455690793667,-0.05977614164090794
Victim Race,named_n>=5000,graphsage_geo_blind_mb,graphsage_fairloss_a25_mb,tpr,signed_gap,-0.041808184967679796,-0.04489606050365638,-0.03822371966641843,True,State,51,39,100,182377,Black-White,-0.08725125351451068,-0.04544306854683089
Victim Race,named_n>=5000,graphsage_geo_blind_mb,graphsage_fairloss_a25_mb,fpr,signed_gap,-0.04855404978834771,-0.05393763573023249,-0.042770628466910855,True,State,51,39,100,182377,Black-White,-0.09078818951497997,-0.04223413972663226
Victim Race,named_n>=5000,graphsage_geo_blind_mb,graphsage_fairloss_a50_mb,selection_rate,gap,0.04203907359513981,0.03925656840036334,0.04485229949601482,True,State,51,39,100,182377,,,
Victim Race,named_n>=5000,graphsage_geo_blind_mb,graphsage_fairloss_a50_mb,selection_rate,amplification,0.6361044670390591,0.5763651911863548,0.7006811804001939,True,State,51,39,100,182377,,,
Victim Race,named_n>=5000,graphsage_geo_blind_mb,graphsage_fairloss_a50_mb,tpr,gap,0.041543029702501344,0.03821279041456943,0.04499573192626466,True,State,51,39,100,182377,,,
Victim Race,named_n>=5000,graphsage_geo_blind_mb,graphsage_fairloss_a50_mb,tpr,amplification,0.6285986942193827,0.5648648030875781,0.7008970203447572,True,State,51,39,100,182377,,,
Victim Race,named_n>=5000,graphsage_geo_blind_mb,graphsage_fairloss_a50_mb,fpr,gap,0.044469591279335086,0.03880023861114333,0.04996232584440432,True,State,51,39,100,182377,,,
Victim Race,named_n>=5000,graphsage_geo_blind_mb,graphsage_fairloss_a50_mb,fpr,amplification,0.6728812802253703,0.5794491522429261,0.776981829111473,True,State,51,39,100,182377,,,
Victim Race,named_n>=5000,graphsage_geo_blind_mb,graphsage_fairloss_a50_mb,selection_rate,signed_gap,-0.04203907359513981,-0.04485229949601482,-0.03925656840036334,True,State,51,39,100,182377,Black-White,-0.1029455690793667,-0.060906495484226886
Victim Race,named_n>=5000,graphsage_geo_blind_mb,graphsage_fairloss_a50_mb,tpr,signed_gap,-0.041543029702501344,-0.04499573192626466,-0.03821279041456943,True,State,51,39,100,182377,Black-White,-0.08725125351451068,-0.04570822381200934
Victim Race,named_n>=5000,graphsage_geo_blind_mb,graphsage_fairloss_a50_mb,fpr,signed_gap,-0.044469591279335086,-0.049962325844404326,-0.03880023861114333,True,State,51,39,100,182377,Black-White,-0.09078818951497997,-0.04631859823564488
Victim Race,named_n>=5000,graphsage_geo_blind_mb,graphsage_fairloss_a100_mb,selection_rate,gap,0.04594042818011013,0.04301154536299682,0.04897454977143539,True,State,51,39,100,182377,,,
Victim Race,named_n>=5000,graphsage_geo_blind_mb,graphsage_fairloss_a100_mb,selection_rate,amplification,0.6951369067855392,0.6325210161729058,0.7627734943019158,True,State,51,39,100,182377,,,
Victim Race,named_n>=5000,graphsage_geo_blind_mb,graphsage_fairloss_a100_mb,tpr,gap,0.04363164570011413,0.039965981925747046,0.04750984897530882,True,State,51,39,100,182377,,,
Victim Race,named_n>=5000,graphsage_geo_blind_mb,graphsage_fairloss_a100_mb,tpr,amplification,0.660202101535293,0.5960126086362462,0.7385511202448498,True,State,51,39,100,182377,,,
Victim Race,named_n>=5000,graphsage_geo_blind_mb,graphsage_fairloss_a100_mb,fpr,gap,0.051825135225139374,0.04591060471811871,0.057934850451064,True,State,51,39,100,182377,,,
Victim Race,named_n>=5000,graphsage_geo_blind_mb,graphsage_fairloss_a100_mb,fpr,amplification,0.7841799831056628,0.686583249240395,0.8890724086789695,True,State,51,39,100,182377,,,
Victim Race,named_n>=5000,graphsage_geo_blind_mb,graphsage_fairloss_a100_mb,selection_rate,signed_gap,-0.04594042818011013,-0.04897454977143539,-0.04301154536299682,True,State,51,39,100,182377,Black-White,-0.1029455690793667,-0.05700514089925657
Victim Race,named_n>=5000,graphsage_geo_blind_mb,graphsage_fairloss_a100_mb,tpr,signed_gap,-0.04363164570011413,-0.04750984897530882,-0.039965981925747046,True,State,51,39,100,182377,Black-White,-0.08725125351451068,-0.043619607814396555
Victim Race,named_n>=5000,graphsage_geo_blind_mb,graphsage_fairloss_a100_mb,fpr,signed_gap,-0.051825135225139374,-0.057934850451064,-0.04591060471811871,True,State,51,39,100,182377,Black-White,-0.09078818951497997,-0.03896305428984059
Victim Race,named_n>=5000,graphsage_geo_blind_mb,xgboost,selection_rate,gap,-0.0701340544751991,-0.07377555250736552,-0.0664327716426847,True,State,51,39,100,182377,,,
Victim Race,named_n>=5000,graphsage_geo_blind_mb,xgboost,selection_rate,amplification,-1.0612171374868873,-1.1633623804843938,-0.9745250531836215,True,State,51,39,100,182377,,,
Victim Race,named_n>=5000,graphsage_geo_blind_mb,xgboost,tpr,gap,-0.0718841399408986,-0.07639602474053951,-0.06741219883568275,True,State,51,39,100,182377,,,
Victim Race,named_n>=5000,graphsage_geo_blind_mb,xgboost,tpr,amplification,-1.0876981487754018,-1.1969251313274725,-0.9933455201561319,True,State,51,39,100,182377,,,
Victim Race,named_n>=5000,graphsage_geo_blind_mb,xgboost,fpr,gap,-0.07231541217552045,-0.07971099783794718,-0.06505426715018463,True,State,51,39,100,182377,,,
Victim Race,named_n>=5000,graphsage_geo_blind_mb,xgboost,fpr,amplification,-1.094223844312722,-1.2382815748382658,-0.9678417508384467,True,State,51,39,100,182377,,,
Victim Race,named_n>=5000,graphsage_geo_blind_mb,xgboost,selection_rate,signed_gap,0.0701340544751991,0.0664327716426847,0.07377555250736552,True,State,51,39,100,182377,Black-White,-0.1029455690793667,-0.1730796235545658
Victim Race,named_n>=5000,graphsage_geo_blind_mb,xgboost,tpr,signed_gap,0.0718841399408986,0.06741219883568275,0.07639602474053951,True,State,51,39,100,182377,Black-White,-0.08725125351451068,-0.15913539345540928
Victim Race,named_n>=5000,graphsage_geo_blind_mb,xgboost,fpr,signed_gap,0.07231541217552045,0.06505426715018463,0.07971099783794718,True,State,51,39,100,182377,Black-White,-0.09078818951497997,-0.16310360169050042
Victim Race,named_n>=5000,graphsage_geo_blind_mb,xgboost_blind,selection_rate,gap,0.016992391768502646,0.013839741932350717,0.020054360132159898,True,State,51,39,100,182377,,,
Victim Race,named_n>=5000,graphsage_geo_blind_mb,xgboost_blind,selection_rate,amplification,0.2571164249174107,0.20814580092941037,0.30999005845832417,True,State,51,39,100,182377,,,
Victim Race,named_n>=5000,graphsage_geo_blind_mb,xgboost_blind,tpr,gap,0.013197172778929622,0.009307909800098171,0.016956414148415293,True,State,51,39,100,182377,,,
Victim Race,named_n>=5000,graphsage_geo_blind_mb,xgboost_blind,tpr,amplification,0.1996899512536816,0.14060842760753703,0.26038786618528975,True,State,51,39,100,182377,,,
Victim Race,named_n>=5000,graphsage_geo_blind_mb,xgboost_blind,fpr,gap,0.02528943004544265,0.01903126099170296,0.03246744501105839,True,State,51,39,100,182377,,,
Victim Race,named_n>=5000,graphsage_geo_blind_mb,xgboost_blind,fpr,amplification,0.38266113034987703,0.2894296342078806,0.5017168898558999,True,State,51,39,100,182377,,,
Victim Race,named_n>=5000,graphsage_geo_blind_mb,xgboost_blind,selection_rate,signed_gap,-0.016992391768502646,-0.020054360132159898,-0.013839741932350717,True,State,51,39,100,182377,Black-White,-0.1029455690793667,-0.08595317731086405
Victim Race,named_n>=5000,graphsage_geo_blind_mb,xgboost_blind,tpr,signed_gap,-0.013197172778929622,-0.016956414148415293,-0.009307909800098171,True,State,51,39,100,182377,Black-White,-0.08725125351451068,-0.07405408073558106
Victim Race,named_n>=5000,graphsage_geo_blind_mb,xgboost_blind,fpr,signed_gap,-0.02528943004544265,-0.03246744501105839,-0.01903126099170296,True,State,51,39,100,182377,Black-White,-0.09078818951497997,-0.06549875946953732
Victim Race,named_n>=5000,graphsage_geo_blind_mb,logreg,selection_rate,gap,-0.09124521664783242,-0.09522004889637029,-0.08715081896223088,True,State,51,39,100,182377,,,
Victim Race,named_n>=5000,graphsage_geo_blind_mb,logreg,selection_rate,amplification,-1.380655779064151,-1.5079805705383635,-1.267876384757472,True,State,51,39,100,182377,,,
Victim Race,named_n>=5000,graphsage_geo_blind_mb,logreg,tpr,gap,-0.10665730157724246,-0.11165165613306494,-0.10157709210243313,True,State,51,39,100,182377,,,
Victim Race,named_n>=5000,graphsage_geo_blind_mb,logreg,tpr,amplification,-1.613860158504056,-1.7558391753033986,-1.4884572288100828,True,State,51,39,100,182377,,,
Victim Race,named_n>=5000,graphsage_geo_blind_mb,logreg,fpr,gap,-0.08374932216515524,-0.09155210745482473,-0.07586096358467075,True,State,51,39,100,182377,,,
Victim Race,named_n>=5000,graphsage_geo_blind_mb,logreg,fpr,amplification,-1.2672333946699417,-1.4228379954485944,-1.1268313784032484,True,State,51,39,100,182377,,,
Victim Race,named_n>=5000,graphsage_geo_blind_mb,logreg,selection_rate,signed_gap,0.09124521664783242,0.08715081896223088,0.09522004889637029,True,State,51,39,100,182377,Black-White,-0.1029455690793667,-0.1941907857271991
Victim Race,named_n>=5000,graphsage_geo_blind_mb,logreg,tpr,signed_gap,0.10665730157724246,0.10157709210243313,0.11165165613306494,True,State,51,39,100,182377,Black-White,-0.08725125351451068,-0.19390855509175314
Victim Race,named_n>=5000,graphsage_geo_blind_mb,logreg,fpr,signed_gap,0.08374932216515524,0.07586096358467075,0.09155210745482473,True,State,51,39,100,182377,Black-White,-0.09078818951497997,-0.1745375116801352
Victim Race,named_n>=5000,graphsage_geo_blind_mb,logreg_blind,selection_rate,gap,0.032595338075073976,0.028633540274156686,0.03639928355107522,True,State,51,39,100,182377,,,
Victim Race,named_n>=5000,graphsage_geo_blind_mb,logreg_blind,selection_rate,amplification,0.49320877890610726,0.431297694715662,0.5606323558740545,True,State,51,39,100,182377,,,
Victim Race,named_n>=5000,graphsage_geo_blind_mb,logreg_blind,tpr,gap,0.025085747306433093,0.020133432226384883,0.02962682975244163,True,State,51,39,100,182377,,,
Victim Race,named_n>=5000,graphsage_geo_blind_mb,logreg_blind,tpr,amplification,0.3795791523455445,0.3027320843358915,0.45708638796525525,True,State,51,39,100,182377,,,
Victim Race,named_n>=5000,graphsage_geo_blind_mb,logreg_blind,fpr,gap,0.03307574304893923,0.02581829471726891,0.041039683119754686,True,State,51,39,100,182377,,,
Victim Race,named_n>=5000,graphsage_geo_blind_mb,logreg_blind,fpr,amplification,0.5004779150627804,0.3866912574620126,0.6243558812657732,True,State,51,39,100,182377,,,
Victim Race,named_n>=5000,graphsage_geo_blind_mb,logreg_blind,selection_rate,signed_gap,-0.032595338075073976,-0.03639928355107522,-0.028633540274156686,True,State,51,39,100,182377,Black-White,-0.1029455690793667,-0.07035023100429272
Victim Race,named_n>=5000,graphsage_geo_blind_mb,logreg_blind,tpr,signed_gap,-0.025085747306433093,-0.02962682975244163,-0.020133432226384883,True,State,51,39,100,182377,Black-White,-0.08725125351451068,-0.06216550620807759
Victim Race,named_n>=5000,graphsage_geo_blind_mb,logreg_blind,fpr,signed_gap,-0.03307574304893923,-0.041039683119754686,-0.025818294717268913,True,State,51,39,100,182377,Black-White,-0.09078818951497997,-0.057712446466040734
Victim Race,named_n>=5000,graphsage_fairloss_a0_mb,graphsage_fairloss_a10_mb,selection_rate,gap,0.03665248439997171,0.03406807275668596,0.03902394276777348,True,State,51,39,100,182377,,,
Victim Race,named_n>=5000,graphsage_fairloss_a0_mb,graphsage_fairloss_a10_mb,selection_rate,amplification,0.5545985451400834,0.5027311946832175,0.6089762036725282,True,State,51,39,100,182377,,,
Victim Race,named_n>=5000,graphsage_fairloss_a0_mb,graphsage_fairloss_a10_mb,tpr,gap,0.03377727660678975,0.030650768017772122,0.03684312951081775,True,State,51,39,100,182377,,,
Victim Race,named_n>=5000,graphsage_fairloss_a0_mb,graphsage_fairloss_a10_mb,tpr,amplification,0.5110930069704694,0.4541338839350774,0.5741011070579838,True,State,51,39,100,182377,,,
Victim Race,named_n>=5000,graphsage_fairloss_a0_mb,graphsage_fairloss_a10_mb,fpr,gap,0.04539091083522401,0.03998747704151012,0.05047908076067261,True,State,51,39,100,182377,,,
Victim Race,named_n>=5000,graphsage_fairloss_a0_mb,graphsage_fairloss_a10_mb,fpr,amplification,0.6868220128570032,0.588945970927653,0.7837695640282163,True,State,51,39,100,182377,,,
Victim Race,named_n>=5000,graphsage_fairloss_a0_mb,graphsage_fairloss_a10_mb,selection_rate,signed_gap,-0.03665248439997171,-0.03902394276777348,-0.03406807275668596,True,State,51,39,100,182377,Black-White,-0.10871015872282308,-0.07205767432285137
Victim Race,named_n>=5000,graphsage_fairloss_a0_mb,graphsage_fairloss_a10_mb,tpr,signed_gap,-0.03377727660678975,-0.03684312951081775,-0.030650768017772122,True,State,51,39,100,182377,Black-White,-0.09314877129678834,-0.05937149468999858
Victim Race,named_n>=5000,graphsage_fairloss_a0_mb,graphsage_fairloss_a10_mb,fpr,signed_gap,-0.04539091083522401,-0.05047908076067261,-0.03998747704151013,True,State,51,39,100,182377,Black-White,-0.0977183951206641,-0.052327484285440096
Victim Race,named_n>=5000,graphsage_fairloss_a0_mb,graphsage_fairloss_a25_mb,selection_rate,gap,0.04893401708191514,0.04622555291013429,0.051823328980904575,True,State,51,39,100,182377,,,
Victim Race,named_n>=5000,graphsage_fairloss_a0_mb,graphsage_fairloss_a25_mb,selection_rate,amplification,0.7404337011739119,0.6760881005846682,0.8078403525952204,True,State,51,39,100,182377,,,
Victim Race,named_n>=5000,graphsage_fairloss_a0_mb,graphsage_fairloss_a25_mb,tpr,gap,0.047705702749957446,0.04425764282723376,0.05105599214392752,True,State,51,39,100,182377,,,
Victim Race,named_n>=5000,graphsage_fairloss_a0_mb,graphsage_fairloss_a25_mb,tpr,amplification,0.721847748471645,0.6542822182759414,0.795171862135674,True,State,51,39,100,182377,,,
Victim Race,named_n>=5000,graphsage_fairloss_a0_mb,graphsage_fairloss_a25_mb,fpr,gap,0.055484255394031845,0.04980124346443859,0.06111078030472097,True,State,51,39,100,182377,,,
Victim Race,named_n>=5000,graphsage_fairloss_a0_mb,graphsage_fairloss_a25_mb,fpr,amplification,0.8395471091104164,0.7339997799634688,0.9453116631433248,True,State,51,39,100,182377,,,
Victim Race,named_n>=5000,graphsage_fairloss_a0_mb,graphsage_fairloss_a25_mb,selection_rate,signed_gap,-0.04893401708191514,-0.051823328980904575,-0.04622555291013429,True,State,51,39,100,182377,Black-White,-0.10871015872282308,-0.05977614164090794
Victim Race,named_n>=5000,graphsage_fairloss_a0_mb,graphsage_fairloss_a25_mb,tpr,signed_gap,-0.047705702749957446,-0.05105599214392752,-0.04425764282723376,True,State,51,39,100,182377,Black-White,-0.09314877129678834,-0.04544306854683089
Victim Race,named_n>=5000,graphsage_fairloss_a0_mb,graphsage_fairloss_a25_mb,fpr,signed_gap,-0.055484255394031845,-0.061110780304720974,-0.04980124346443859,True,State,51,39,100,182377,Black-White,-0.0977183951206641,-0.04223413972663226
Victim Race,named_n>=5000,graphsage_fairloss_a0_mb,graphsage_fairloss_a50_mb,selection_rate,gap,0.047803663238596195,0.04494490175484073,0.050423047475737934,True,State,51,39,100,182377,,,
Victim Race,named_n>=5000,graphsage_fairloss_a0_mb,graphsage_fairloss_a50_mb,selection_rate,amplification,0.7233300148273824,0.664567917131511,0.7924549471313173,True,State,51,39,100,182377,,,
Victim Race,named_n>=5000,graphsage_fairloss_a0_mb,graphsage_fairloss_a50_mb,tpr,gap,0.047440547484778994,0.04413372471513738,0.05053902447633535,True,State,51,39,100,182377,,,
Victim Race,named_n>=5000,graphsage_fairloss_a0_mb,graphsage_fairloss_a50_mb,tpr,amplification,0.7178356132313851,0.6503194860814636,0.7912732223393095,True,State,51,39,100,182377,,,
Victim Race,named_n>=5000,graphsage_fairloss_a0_mb,graphsage_fairloss_a50_mb,fpr,gap,0.05139979688501922,0.04569393121429099,0.05675352380561448,True,State,51,39,100,182377,,,
Victim Race,named_n>=5000,graphsage_fairloss_a0_mb,graphsage_fairloss_a50_mb,fpr,amplification,0.7777440749132261,0.6806652323574918,0.8775032109786842,True,State,51,39,100,182377,,,
Victim Race,named_n>=5000,graphsage_fairloss_a0_mb,graphsage_fairloss_a50_mb,selection_rate,signed_gap,-0.047803663238596195,-0.050423047475737934,-0.04494490175484073,True,State,51,39,100,182377,Black-White,-0.10871015872282308,-0.060906495484226886
Victim Race,named_n>=5000,graphsage_fairloss_a0_mb,graphsage_fairloss_a50_mb,tpr,signed_gap,-0.047440547484778994,-0.05053902447633535,-0.04413372471513738,True,State,51,39,100,182377,Black-White,-0.09314877129678834,-0.04570822381200934
Victim Race,named_n>=5000,graphsage_fairloss_a0_mb,graphsage_fairloss_a50_mb,fpr,signed_gap,-0.05139979688501922,-0.05675352380561448,-0.04569393121429099,True,State,51,39,100,182377,Black-White,-0.0977183951206641,-0.04631859823564488
Victim Race,named_n>=5000,graphsage_fairloss_a0_mb,graphsage_fairloss_a100_mb,selection_rate,gap,0.05170501782356651,0.04878778756683834,0.05468398572652242,True,State,51,39,100,182377,,,
Victim Race,named_n>=5000,graphsage_fairloss_a0_mb,graphsage_fairloss_a100_mb,selection_rate,amplification,0.7823624545738624,0.7146258725218108,0.8592896385485306,True,State,51,39,100,182377,,,
Victim Race,named_n>=5000,graphsage_fairloss_a0_mb,graphsage_fairloss_a100_mb,tpr,gap,0.04952916348239178,0.04587264510235045,0.053245993972187454,True,State,51,39,100,182377,,,
Victim Race,named_n>=5000,graphsage_fairloss_a0_mb,graphsage_fairloss_a100_mb,tpr,amplification,0.7494390205472954,0.6742898505218431,0.8380575533142051,True,State,51,39,100,182377,,,
Victim Race,named_n>=5000,graphsage_fairloss_a0_mb,graphsage_fairloss_a100_mb,fpr,gap,0.05875534083082351,0.052480817797589736,0.0651405881104967,True,State,51,39,100,182377,,,
Victim Race,named_n>=5000,graphsage_fairloss_a0_mb,graphsage_fairloss_a100_mb,fpr,amplification,0.8890427777935186,0.77596846068829,1.0116924724764542,True,State,51,39,100,182377,,,
Victim Race,named_n>=5000,graphsage_fairloss_a0_mb,graphsage_fairloss_a100_mb,selection_rate,signed_gap,-0.05170501782356651,-0.05468398572652242,-0.04878778756683834,True,State,51,39,100,182377,Black-White,-0.10871015872282308,-0.05700514089925657
Victim Race,named_n>=5000,graphsage_fairloss_a0_mb,graphsage_fairloss_a100_mb,tpr,signed_gap,-0.04952916348239178,-0.05324599397218746,-0.04587264510235045,True,State,51,39,100,182377,Black-White,-0.09314877129678834,-0.043619607814396555
Victim Race,named_n>=5000,graphsage_fairloss_a0_mb,graphsage_fairloss_a100_mb,fpr,signed_gap,-0.05875534083082351,-0.06514058811049671,-0.05248081779758974,True,State,51,39,100,182377,Black-White,-0.0977183951206641,-0.03896305428984059
Victim Race,named_n>=5000,graphsage_fairloss_a0_mb,xgboost,selection_rate,gap,-0.06436946483174272,-0.06797662231901276,-0.06058517969021526,True,State,51,39,100,182377,,,
Victim Race,named_n>=5000,graphsage_fairloss_a0_mb,xgboost,selection_rate,amplification,-0.973991589698564,-1.0707970087151208,-0.8943670541941635,True,State,51,39,100,182377,,,
Victim Race,named_n>=5000,graphsage_fairloss_a0_mb,xgboost,tpr,gap,-0.06598662215862094,-0.07052414850217613,-0.061362502994916586,True,State,51,39,100,182377,,,
Victim Race,named_n>=5000,graphsage_fairloss_a0_mb,xgboost,tpr,amplification,-0.9984612297633995,-1.108245169705816,-0.9089458662035512,True,State,51,39,100,182377,,,
Victim Race,named_n>=5000,graphsage_fairloss_a0_mb,xgboost,fpr,gap,-0.06538520656983632,-0.07254611590006248,-0.05757636181063623,True,State,51,39,100,182377,,,
Victim Race,named_n>=5000,graphsage_fairloss_a0_mb,xgboost,fpr,amplification,-0.9893610496248662,-1.1216016674561922,-0.8586142429669558,True,State,51,39,100,182377,,,
Victim Race,named_n>=5000,graphsage_fairloss_a0_mb,xgboost,selection_rate,signed_gap,0.06436946483174272,0.06058517969021526,0.06797662231901276,True,State,51,39,100,182377,Black-White,-0.10871015872282308,-0.1730796235545658
Victim Race,named_n>=5000,graphsage_fairloss_a0_mb,xgboost,tpr,signed_gap,0.06598662215862094,0.061362502994916586,0.07052414850217613,True,State,51,39,100,182377,Black-White,-0.09314877129678834,-0.15913539345540928
Victim Race,named_n>=5000,graphsage_fairloss_a0_mb,xgboost,fpr,signed_gap,0.06538520656983632,0.05757636181063623,0.07254611590006248,True,State,51,39,100,182377,Black-White,-0.0977183951206641,-0.16310360169050042
Victim Race,named_n>=5000,graphsage_fairloss_a0_mb,xgboost_blind,selection_rate,gap,0.022756981411959032,0.01987715845984896,0.02622673859768702,True,State,51,39,100,182377,,,
Victim Race,named_n>=5000,graphsage_fairloss_a0_mb,xgboost_blind,selection_rate,amplification,0.34434197270573397,0.29532129401701307,0.40577189981957706,True,State,51,39,100,182377,,,
Victim Race,named_n>=5000,graphsage_fairloss_a0_mb,xgboost_blind,tpr,gap,0.019094690561207273,0.01531776308628666,0.02309326183908996,True,State,51,39,100,182377,,,
Victim Race,named_n>=5000,graphsage_fairloss_a0_mb,xgboost_blind,tpr,amplification,0.288926870265684,0.2286711942424011,0.35627256281413733,True,State,51,39,100,182377,,,
Victim Race,named_n>=5000,graphsage_fairloss_a0_mb,xgboost_blind,fpr,gap,0.03221963565112679,0.025038327051171122,0.03952207170041649,True,State,51,39,100,182377,,,
Victim Race,named_n>=5000,graphsage_fairloss_a0_mb,xgboost_blind,fpr,amplification,0.4875239250377328,0.37967059087607496,0.6032250054036798,True,State,51,39,100,182377,,,
Victim Race,named_n>=5000,graphsage_fairloss_a0_mb,xgboost_blind,selection_rate,signed_gap,-0.022756981411959032,-0.02622673859768702,-0.01987715845984896,True,State,51,39,100,182377,Black-White,-0.10871015872282308,-0.08595317731086405
Victim Race,named_n>=5000,graphsage_fairloss_a0_mb,xgboost_blind,tpr,signed_gap,-0.019094690561207273,-0.02309326183908996,-0.01531776308628666,True,State,51,39,100,182377,Black-White,-0.09314877129678834,-0.07405408073558106
Victim Race,named_n>=5000,graphsage_fairloss_a0_mb,xgboost_blind,fpr,signed_gap,-0.03221963565112679,-0.03952207170041649,-0.025038327051171122,True,State,51,39,100,182377,Black-White,-0.0977183951206641,-0.06549875946953732
Victim Race,named_n>=5000,graphsage_fairloss_a0_mb,logreg,selection_rate,gap,-0.08548062700437603,-0.08975026183047212,-0.08147693563900191,True,State,51,39,100,182377,,,
Victim Race,named_n>=5000,graphsage_fairloss_a0_mb,logreg,selection_rate,amplification,-1.2934302312758277,-1.4107973627983017,-1.1888844756821175,True,State,51,39,100,182377,,,
Victim Race,named_n>=5000,graphsage_fairloss_a0_mb,logreg,tpr,gap,-0.10075978379496481,-0.10600408706608107,-0.09591607422537228,True,State,51,39,100,182377,,,
Victim Race,named_n>=5000,graphsage_fairloss_a0_mb,logreg,tpr,amplification,-1.5246232394920536,-1.6623111288110226,-1.402680059421816,True,State,51,39,100,182377,,,
Victim Race,named_n>=5000,graphsage_fairloss_a0_mb,logreg,fpr,gap,-0.0768191165594711,-0.08426821189936169,-0.06922614124354008,True,State,51,39,100,182377,,,
Victim Race,named_n>=5000,graphsage_fairloss_a0_mb,logreg,fpr,amplification,-1.162370599982086,-1.307168353716346,-1.0238326002586355,True,State,51,39,100,182377,,,
Victim Race,named_n>=5000,graphsage_fairloss_a0_mb,logreg,selection_rate,signed_gap,0.08548062700437603,0.08147693563900191,0.08975026183047212,True,State,51,39,100,182377,Black-White,-0.10871015872282308,-0.1941907857271991
Victim Race,named_n>=5000,graphsage_fairloss_a0_mb,logreg,tpr,signed_gap,0.10075978379496481,0.09591607422537228,0.10600408706608107,True,State,51,39,100,182377,Black-White,-0.09314877129678834,-0.19390855509175314
Victim Race,named_n>=5000,graphsage_fairloss_a0_mb,logreg,fpr,signed_gap,0.0768191165594711,0.06922614124354008,0.08426821189936169,True,State,51,39,100,182377,Black-White,-0.0977183951206641,-0.1745375116801352
Victim Race,named_n>=5000,graphsage_fairloss_a0_mb,logreg_blind,selection_rate,gap,0.03835992771853036,0.0346298761132955,0.04212684243555969,True,State,51,39,100,182377,,,
Victim Race,named_n>=5000,graphsage_fairloss_a0_mb,logreg_blind,selection_rate,amplification,0.5804343266944305,0.511860296420035,0.6472028684741145,True,State,51,39,100,182377,,,
Victim Race,named_n>=5000,graphsage_fairloss_a0_mb,logreg_blind,tpr,gap,0.030983265088710743,0.025917006463490683,0.035812372220974456,True,State,51,39,100,182377,,,
Victim Race,named_n>=5000,graphsage_fairloss_a0_mb,logreg_blind,tpr,amplification,0.4688160713575469,0.38741201482344434,0.5480830125903564,True,State,51,39,100,182377,,,
Victim Race,named_n>=5000,graphsage_fairloss_a0_mb,logreg_blind,fpr,gap,0.04000594865462337,0.032645602674617975,0.04761887936681796,True,State,51,39,100,182377,,,
Victim Race,named_n>=5000,graphsage_fairloss_a0_mb,logreg_blind,fpr,amplification,0.6053407097506361,0.48710474759529154,0.7308212036836512,True,State,51,39,100,182377,,,
Victim Race,named_n>=5000,graphsage_fairloss_a0_mb,logreg_blind,selection_rate,signed_gap,-0.03835992771853036,-0.04212684243555969,-0.0346298761132955,True,State,51,39,100,182377,Black-White,-0.10871015872282308,-0.07035023100429272
Victim Race,named_n>=5000,graphsage_fairloss_a0_mb,logreg_blind,tpr,signed_gap,-0.030983265088710743,-0.035812372220974456,-0.025917006463490683,True,State,51,39,100,182377,Black-White,-0.09314877129678834,-0.06216550620807759
Victim Race,named_n>=5000,graphsage_fairloss_a0_mb,logreg_blind,fpr,signed_gap,-0.04000594865462337,-0.04761887936681796,-0.032645602674617975,True,State,51,39,100,182377,Black-White,-0.0977183951206641,-0.057712446466040734
Victim Race,named_n>=5000,graphsage_fairloss_a10_mb,graphsage_fairloss_a25_mb,selection_rate,gap,0.01228153268194343,0.010383081200445104,0.014195514010448804,True,State,51,39,100,182377,,,
Victim Race,named_n>=5000,graphsage_fairloss_a10_mb,graphsage_fairloss_a25_mb,selection_rate,amplification,0.1858351560338285,0.15501654711428492,0.21835631216652004,True,State,51,39,100,182377,,,
Victim Race,named_n>=5000,graphsage_fairloss_a10_mb,graphsage_fairloss_a25_mb,tpr,gap,0.013928426143167694,0.011533839121881906,0.016156182529180874,True,State,51,39,100,182377,,,
Victim Race,named_n>=5000,graphsage_fairloss_a10_mb,graphsage_fairloss_a25_mb,tpr,amplification,0.21075474150117557,0.17275231091676035,0.25165057294261517,True,State,51,39,100,182377,,,
Victim Race,named_n>=5000,graphsage_fairloss_a10_mb,graphsage_fairloss_a25_mb,fpr,gap,0.010093344558807837,0.005580738368208674,0.014443642405784766,True,State,51,39,100,182377,,,
Victim Race,named_n>=5000,graphsage_fairloss_a10_mb,graphsage_fairloss_a25_mb,fpr,amplification,0.15272509625341324,0.08532148384045164,0.21751825834544714,True,State,51,39,100,182377,,,
Victim Race,named_n>=5000,graphsage_fairloss_a10_mb,graphsage_fairloss_a25_mb,selection_rate,signed_gap,-0.01228153268194343,-0.014195514010448804,-0.010383081200445106,True,State,51,39,100,182377,Black-White,-0.07205767432285137,-0.05977614164090794
Victim Race,named_n>=5000,graphsage_fairloss_a10_mb,graphsage_fairloss_a25_mb,tpr,signed_gap,-0.013928426143167694,-0.016156182529180878,-0.011533839121881906,True,State,51,39,100,182377,Black-White,-0.05937149468999858,-0.04544306854683089
Victim Race,named_n>=5000,graphsage_fairloss_a10_mb,graphsage_fairloss_a25_mb,fpr,signed_gap,-0.010093344558807837,-0.014443642405784766,-0.005580738368208675,True,State,51,39,100,182377,Black-White,-0.052327484285440096,-0.04223413972663226
Victim Race,named_n>=5000,graphsage_fairloss_a10_mb,graphsage_fairloss_a50_mb,selection_rate,gap,0.011151178838624487,0.009145092884231909,0.013156436960137552,True,State,51,39,100,182377,,,
Victim Race,named_n>=5000,graphsage_fairloss_a10_mb,graphsage_fairloss_a50_mb,selection_rate,amplification,0.1687314696872989,0.13825098605268626,0.20405735876740722,True,State,51,39,100,182377,,,
Victim Race,named_n>=5000,graphsage_fairloss_a10_mb,graphsage_fairloss_a50_mb,tpr,gap,0.013663270877989242,0.011399462429662138,0.016020995803805473,True,State,51,39,100,182377,,,
Victim Race,named_n>=5000,graphsage_fairloss_a10_mb,graphsage_fairloss_a50_mb,tpr,amplification,0.20674260626091567,0.1707363571880252,0.24790284920659544,True,State,51,39,100,182377,,,
Victim Race,named_n>=5000,graphsage_fairloss_a10_mb,graphsage_fairloss_a50_mb,fpr,gap,0.006008886049795215,0.0019718005755656244,0.010068539317014253,True,State,51,39,100,182377,,,
Victim Race,named_n>=5000,graphsage_fairloss_a10_mb,graphsage_fairloss_a50_mb,fpr,amplification,0.09092206205622289,0.029567661690587638,0.15352979331602476,True,State,51,39,100,182377,,,
Victim Race,named_n>=5000,graphsage_fairloss_a10_mb,graphsage_fairloss_a50_mb,selection_rate,signed_gap,-0.011151178838624487,-0.013156436960137552,-0.00914509288423191,True,State,51,39,100,182377,Black-White,-0.07205767432285137,-0.060906495484226886
Victim Race,named_n>=5000,graphsage_fairloss_a10_mb,graphsage_fairloss_a50_mb,tpr,signed_gap,-0.013663270877989242,-0.016020995803805473,-0.011399462429662138,True,State,51,39,100,182377,Black-White,-0.05937149468999858,-0.04570822381200934
Victim Race,named_n>=5000,graphsage_fairloss_a10_mb,graphsage_fairloss_a50_mb,fpr,signed_gap,-0.006008886049795215,-0.010068539317014253,-0.001971800575565625,True,State,51,39,100,182377,Black-White,-0.052327484285440096,-0.04631859823564488
Victim Race,named_n>=5000,graphsage_fairloss_a10_mb,graphsage_fairloss_a100_mb,selection_rate,gap,0.015052533423594805,0.012753652418438732,0.017277253157519826,True,State,51,39,100,182377,,,
Victim Race,named_n>=5000,graphsage_fairloss_a10_mb,graphsage_fairloss_a100_mb,selection_rate,amplification,0.227763909433779,0.19164654875549397,0.26627431961041964,True,State,51,39,100,182377,,,
Victim Race,named_n>=5000,graphsage_fairloss_a10_mb,graphsage_fairloss_a100_mb,tpr,gap,0.015751886875602028,0.012809020112910413,0.018569547900330805,True,State,51,39,100,182377,,,
Victim Race,named_n>=5000,graphsage_fairloss_a10_mb,graphsage_fairloss_a100_mb,tpr,amplification,0.23834601357682594,0.1906301793411069,0.28607440268585327,True,State,51,39,100,182377,,,
Victim Race,named_n>=5000,graphsage_fairloss_a10_mb,graphsage_fairloss_a100_mb,fpr,gap,0.013364429995599503,0.008839875091888404,0.017784641410489008,True,State,51,39,100,182377,,,
Victim Race,named_n>=5000,graphsage_fairloss_a10_mb,graphsage_fairloss_a100_mb,fpr,amplification,0.20222076493651542,0.1359640194427838,0.2728030079396839,True,State,51,39,100,182377,,,
Victim Race,named_n>=5000,graphsage_fairloss_a10_mb,graphsage_fairloss_a100_mb,selection_rate,signed_gap,-0.015052533423594805,-0.017277253157519826,-0.012753652418438732,True,State,51,39,100,182377,Black-White,-0.07205767432285137,-0.05700514089925657
Victim Race,named_n>=5000,graphsage_fairloss_a10_mb,graphsage_fairloss_a100_mb,tpr,signed_gap,-0.015751886875602028,-0.018569547900330805,-0.012809020112910418,True,State,51,39,100,182377,Black-White,-0.05937149468999858,-0.043619607814396555
Victim Race,named_n>=5000,graphsage_fairloss_a10_mb,graphsage_fairloss_a100_mb,fpr,signed_gap,-0.013364429995599503,-0.017784641410489008,-0.008839875091888404,True,State,51,39,100,182377,Black-White,-0.052327484285440096,-0.03896305428984059
Victim Race,named_n>=5000,graphsage_fairloss_a10_mb,xgboost,selection_rate,gap,-0.10102194923171443,-0.10463168325051009,-0.09721680851414047,True,State,51,39,100,182377,,,
Victim Race,named_n>=5000,graphsage_fairloss_a10_mb,xgboost,selection_rate,amplification,-1.5285901348386475,-1.6497933655069805,-1.4240877642696088,True,State,51,39,100,182377,,,
Victim Race,named_n>=5000,graphsage_fairloss_a10_mb,xgboost,tpr,gap,-0.0997638987654107,-0.10442179495147275,-0.09514374452301962,True,State,51,39,100,182377,,,
Victim Race,named_n>=5000,graphsage_fairloss_a10_mb,xgboost,tpr,amplification,-1.509554236733869,-1.634253388011246,-1.4075695041082386,True,State,51,39,100,182377,,,
Victim Race,named_n>=5000,graphsage_fairloss_a10_mb,xgboost,fpr,gap,-0.11077611740506033,-0.1185880725186855,-0.1030011802925447,True,State,51,39,100,182377,,,
Victim Race,named_n>=5000,graphsage_fairloss_a10_mb,xgboost,fpr,amplification,-1.6761830624818694,-1.8609841707376196,-1.5261678111938912,True,State,51,39,100,182377,,,
Victim Race,named_n>=5000,graphsage_fairloss_a10_mb,xgboost,selection_rate,signed_gap,0.10102194923171443,0.09721680851414047,0.10463168325051009,True,State,51,39,100,182377,Black-White,-0.07205767432285137,-0.1730796235545658
Victim Race,named_n>=5000,graphsage_fairloss_a10_mb,xgboost,tpr,signed_gap,0.0997638987654107,0.09514374452301962,0.10442179495147275,True,State,51,39,100,182377,Black-White,-0.05937149468999858,-0.15913539345540928
Victim Race,named_n>=5000,graphsage_fairloss_a10_mb,xgboost,fpr,signed_gap,0.11077611740506033,0.1030011802925447,0.1185880725186855,True,State,51,39,100,182377,Black-White,-0.052327484285440096,-0.16310360169050042
Victim Race,named_n>=5000,graphsage_fairloss_a10_mb,xgboost_blind,selection_rate,gap,-0.013895502988012676,-0.017352391263761504,-0.010444597591224859,True,State,51,39,100,182377,,,
Victim Race,named_n>=5000,graphsage_fairloss_a10_mb,xgboost_blind,selection_rate,amplification,-0.21025657243434948,-0.26665268125667985,-0.15569259625453571,True,State,51,39,100,182377,,,
Victim Race,named_n>=5000,graphsage_fairloss_a10_mb,xgboost_blind,tpr,gap,-0.01468258604558248,-0.01888457994997219,-0.010631366949000763,True,State,51,39,100,182377,,,
Victim Race,named_n>=5000,graphsage_fairloss_a10_mb,xgboost_blind,tpr,amplification,-0.22216613670478547,-0.2870363828466821,-0.16026200734253115,True,State,51,39,100,182377,,,
Victim Race,named_n>=5000,graphsage_fairloss_a10_mb,xgboost_blind,fpr,gap,-0.01317127518409722,-0.019451749384930654,-0.00633289294816408,True,State,51,39,100,182377,,,
Victim Race,named_n>=5000,graphsage_fairloss_a10_mb,xgboost_blind,fpr,amplification,-0.1992980878192704,-0.2975788942753798,-0.09469504819050108,True,State,51,39,100,182377,,,
Victim Race,named_n>=5000,graphsage_fairloss_a10_mb,xgboost_blind,selection_rate,signed_gap,0.013895502988012676,0.010444597591224857,0.017352391263761504,True,State,51,39,100,182377,Black-White,-0.07205767432285137,-0.08595317731086405
Victim Race,named_n>=5000,graphsage_fairloss_a10_mb,xgboost_blind,tpr,signed_gap,0.01468258604558248,0.010631366949000761,0.01888457994997219,True,State,51,39,100,182377,Black-White,-0.05937149468999858,-0.07405408073558106
Victim Race,named_n>=5000,graphsage_fairloss_a10_mb,xgboost_blind,fpr,signed_gap,0.01317127518409722,0.006332892948164077,0.01945174938493065,True,State,51,39,100,182377,Black-White,-0.052327484285440096,-0.06549875946953732
Victim Race,named_n>=5000,graphsage_fairloss_a10_mb,logreg,selection_rate,gap,-0.12213311140434774,-0.12596867433256367,-0.11837467170800915,True,State,51,39,100,182377,,,
Victim Race,named_n>=5000,graphsage_fairloss_a10_mb,logreg,selection_rate,amplification,-1.8480287764159111,-1.9991455393822541,-1.722209327643114,True,State,51,39,100,182377,,,
Victim Race,named_n>=5000,graphsage_fairloss_a10_mb,logreg,tpr,gap,-0.13453706040175456,-0.13944406516067168,-0.12943498595264544,True,State,51,39,100,182377,,,
Victim Race,named_n>=5000,graphsage_fairloss_a10_mb,logreg,tpr,amplification,-2.035716246462523,-2.203138059692249,-1.8978355959998883,True,State,51,39,100,182377,,,
Victim Race,named_n>=5000,graphsage_fairloss_a10_mb,logreg,fpr,gap,-0.12221002739469511,-0.13043168826152507,-0.11479226426867933,True,State,51,39,100,182377,,,
Victim Race,named_n>=5000,graphsage_fairloss_a10_mb,logreg,fpr,amplification,-1.8491926128390892,-2.0420355665516254,-1.6886787197890103,True,State,51,39,100,182377,,,
Victim Race,named_n>=5000,graphsage_fairloss_a10_mb,logreg,selection_rate,signed_gap,0.12213311140434774,0.11837467170800915,0.12596867433256367,True,State,51,39,100,182377,Black-White,-0.07205767432285137,-0.1941907857271991
Victim Race,named_n>=5000,graphsage_fairloss_a10_mb,logreg,tpr,signed_gap,0.13453706040175456,0.12943498595264544,0.13944406516067168,True,State,51,39,100,182377,Black-White,-0.05937149468999858,-0.19390855509175314
Victim Race,named_n>=5000,graphsage_fairloss_a10_mb,logreg,fpr,signed_gap,0.12221002739469511,0.11479226426867933,0.13043168826152507,True,State,51,39,100,182377,Black-White,-0.052327484285440096,-0.1745375116801352
Victim Race,named_n>=5000,graphsage_fairloss_a10_mb,logreg_blind,selection_rate,gap,0.0017074433185586546,-0.002178979314002333,0.005463495784556111,False,State,51,39,100,182377,,,
Victim Race,named_n>=5000,graphsage_fairloss_a10_mb,logreg_blind,selection_rate,amplification,0.02583578155434707,-0.03231151882633155,0.08297545386684693,False,State,51,39,100,182377,,,
Victim Race,named_n>=5000,graphsage_fairloss_a10_mb,logreg_blind,tpr,gap,-0.0027940115180790093,-0.007739243442647795,0.0017732348198200554,False,State,51,39,100,182377,,,
Victim Race,named_n>=5000,graphsage_fairloss_a10_mb,logreg_blind,tpr,amplification,-0.04227693561292256,-0.11795904029362689,0.027138572558848124,False,State,51,39,100,182377,,,
Victim Race,named_n>=5000,graphsage_fairloss_a10_mb,logreg_blind,fpr,gap,-0.005384962180600639,-0.01333794441222729,0.0027387105955102393,False,State,51,39,100,182377,,,
Victim Race,named_n>=5000,graphsage_fairloss_a10_mb,logreg_blind,fpr,amplification,-0.08148130310636703,-0.20273512644708772,0.04124060450249628,False,State,51,39,100,182377,,,
Victim Race,named_n>=5000,graphsage_fairloss_a10_mb,logreg_blind,selection_rate,signed_gap,-0.0017074433185586546,-0.005463495784556111,0.0021789793140023325,False,State,51,39,100,182377,Black-White,-0.07205767432285137,-0.07035023100429272
Victim Race,named_n>=5000,graphsage_fairloss_a10_mb,logreg_blind,tpr,signed_gap,0.0027940115180790093,-0.00177323481982006,0.007739243442647795,False,State,51,39,100,182377,Black-White,-0.05937149468999858,-0.06216550620807759
Victim Race,named_n>=5000,graphsage_fairloss_a10_mb,logreg_blind,fpr,signed_gap,0.005384962180600639,-0.0027387105955102393,0.013337944412227288,False,State,51,39,100,182377,Black-White,-0.052327484285440096,-0.057712446466040734
Victim Race,named_n>=5000,graphsage_fairloss_a25_mb,graphsage_fairloss_a50_mb,selection_rate,gap,-0.001130353843318943,-0.0029581481936364505,0.0008044376368575709,False,State,51,39,100,182377,,,
Victim Race,named_n>=5000,graphsage_fairloss_a25_mb,graphsage_fairloss_a50_mb,selection_rate,amplification,-0.01710368634652959,-0.04515904196081634,0.01245937348941026,False,State,51,39,100,182377,,,
Victim Race,named_n>=5000,graphsage_fairloss_a25_mb,graphsage_fairloss_a50_mb,tpr,gap,-0.00026515526517845167,-0.0024235751274166357,0.0019533015155855037,False,State,51,39,100,182377,,,
Victim Race,named_n>=5000,graphsage_fairloss_a25_mb,graphsage_fairloss_a50_mb,tpr,amplification,-0.004012135240259895,-0.03661460112433465,0.028693791418518955,False,State,51,39,100,182377,,,
Victim Race,named_n>=5000,graphsage_fairloss_a25_mb,graphsage_fairloss_a50_mb,fpr,gap,-0.004084458509012623,-0.008398492217052713,-5.445668130739263e-05,True,State,51,39,100,182377,,,
Victim Race,named_n>=5000,graphsage_fairloss_a25_mb,graphsage_fairloss_a50_mb,fpr,amplification,-0.061803034197190354,-0.12582078949756298,-0.0008355808372489709,True,State,51,39,100,182377,,,
Victim Race,named_n>=5000,graphsage_fairloss_a25_mb,graphsage_fairloss_a50_mb,selection_rate,signed_gap,0.001130353843318943,-0.0008044376368575717,0.0029581481936364505,False,State,51,39,100,182377,Black-White,-0.05977614164090794,-0.060906495484226886
Victim Race,named_n>=5000,graphsage_fairloss_a25_mb,graphsage_fairloss_a50_mb,tpr,signed_gap,0.00026515526517845167,-0.0019533015155855037,0.0024235751274166353,False,State,51,39,100,182377,Black-White,-0.04544306854683089,-0.04570822381200934
Victim Race,named_n>=5000,graphsage_fairloss_a25_mb,graphsage_fairloss_a50_mb,fpr,signed_gap,0.004084458509012623,5.445668130739241e-05,0.008398492217052711,True,State,51,39,100,182377,Black-White,-0.04223413972663226,-0.04631859823564488
Victim Race,named_n>=5000,graphsage_fairloss_a25_mb,graphsage_fairloss_a100_mb,selection_rate,gap,0.002771000741651375,0.0008891055763240397,0.004697069332205677,True,State,51,39,100,182377,,,
Victim Race,named_n>=5000,graphsage_fairloss_a25_mb,graphsage_fairloss_a100_mb,selection_rate,amplification,0.0419287533999505,0.01335902356521712,0.0708868109361076,True,State,51,39,100,182377,,,
Victim Race,named_n>=5000,graphsage_fairloss_a25_mb,graphsage_fairloss_a100_mb,tpr,gap,0.0018234607324343344,-0.0005758949954638103,0.004198740671179446,False,State,51,39,100,182377,,,
Victim Race,named_n>=5000,graphsage_fairloss_a25_mb,graphsage_fairloss_a100_mb,tpr,amplification,0.027591272075650375,-0.009008219288088553,0.06403176205080234,False,State,51,39,100,182377,,,
Victim Race,named_n>=5000,graphsage_fairloss_a25_mb,graphsage_fairloss_a100_mb,fpr,gap,0.0032710854367916653,-0.00040754072744611367,0.006903790578158664,False,State,51,39,100,182377,,,
Victim Race,named_n>=5000,graphsage_fairloss_a25_mb,graphsage_fairloss_a100_mb,fpr,amplification,0.04949566868310218,-0.0062221687421535506,0.10470212455491024,False,State,51,39,100,182377,,,
Victim Race,named_n>=5000,graphsage_fairloss_a25_mb,graphsage_fairloss_a100_mb,selection_rate,signed_gap,-0.002771000741651375,-0.004697069332205678,-0.0008891055763240398,True,State,51,39,100,182377,Black-White,-0.05977614164090794,-0.05700514089925657
Victim Race,named_n>=5000,graphsage_fairloss_a25_mb,graphsage_fairloss_a100_mb,tpr,signed_gap,-0.0018234607324343344,-0.0041987406711794465,0.0005758949954638096,False,State,51,39,100,182377,Black-White,-0.04544306854683089,-0.043619607814396555
Victim Race,named_n>=5000,graphsage_fairloss_a25_mb,graphsage_fairloss_a100_mb,fpr,signed_gap,-0.0032710854367916653,-0.006903790578158665,0.0004075407274461123,False,State,51,39,100,182377,Black-White,-0.04223413972663226,-0.03896305428984059
Victim Race,named_n>=5000,graphsage_fairloss_a25_mb,xgboost,selection_rate,gap,-0.11330348191365786,-0.11698489192604655,-0.10919781096425532,True,State,51,39,100,182377,,,
Victim Race,named_n>=5000,graphsage_fairloss_a25_mb,xgboost,selection_rate,amplification,-1.714425290872476,-1.8445799830158318,-1.5843671660579264,True,State,51,39,100,182377,,,
Victim Race,named_n>=5000,graphsage_fairloss_a25_mb,xgboost,tpr,gap,-0.11369232490857839,-0.11837837186160517,-0.1089754839279864,True,State,51,39,100,182377,,,
Victim Race,named_n>=5000,graphsage_fairloss_a25_mb,xgboost,tpr,amplification,-1.7203089782350445,-1.862362726021475,-1.5851289819104855,True,State,51,39,100,182377,,,
Victim Race,named_n>=5000,graphsage_fairloss_a25_mb,xgboost,fpr,gap,-0.12086946196386816,-0.1282547144891075,-0.1133299033818961,True,State,51,39,100,182377,,,
Victim Race,named_n>=5000,graphsage_fairloss_a25_mb,xgboost,fpr,amplification,-1.8289081587352825,-2.00203050979363,-1.6647343898950453,True,State,51,39,100,182377,,,
Victim Race,named_n>=5000,graphsage_fairloss_a25_mb,xgboost,selection_rate,signed_gap,0.11330348191365786,0.10919781096425532,0.11698489192604655,True,State,51,39,100,182377,Black-White,-0.05977614164090794,-0.1730796235545658
Victim Race,named_n>=5000,graphsage_fairloss_a25_mb,xgboost,tpr,signed_gap,0.11369232490857839,0.1089754839279864,0.11837837186160516,True,State,51,39,100,182377,Black-White,-0.04544306854683089,-0.15913539345540928
Victim Race,named_n>=5000,graphsage_fairloss_a25_mb,xgboost,fpr,signed_gap,0.12086946196386816,0.1133299033818961,0.1282547144891075,True,State,51,39,100,182377,Black-White,-0.04223413972663226,-0.16310360169050042
Victim Race,named_n>=5000,graphsage_fairloss_a25_mb,xgboost_blind,selection_rate,gap,-0.026177035669956106,-0.029728166505132544,-0.022773804377566677,True,State,51,39,100,182377,,,
Victim Race,named_n>=5000,graphsage_fairloss_a25_mb,xgboost_blind,selection_rate,amplification,-0.396091728468178,-0.4545075447212219,-0.3389974045943411,True,State,51,39,100,182377,,,
Victim Race,named_n>=5000,graphsage_fairloss_a25_mb,xgboost_blind,tpr,gap,-0.028611012188750173,-0.03269212623040965,-0.024297309457421676,True,State,51,39,100,182377,,,
Victim Race,named_n>=5000,graphsage_fairloss_a25_mb,xgboost_blind,tpr,amplification,-0.43292087820596103,-0.5010004310113805,-0.3585568037881177,True,State,51,39,100,182377,,,
Victim Race,named_n>=5000,graphsage_fairloss_a25_mb,xgboost_blind,fpr,gap,-0.023264619742905057,-0.03085556597534145,-0.0164510617787449,True,State,51,39,100,182377,,,
Victim Race,named_n>=5000,graphsage_fairloss_a25_mb,xgboost_blind,fpr,amplification,-0.3520231840726836,-0.4777242650778549,-0.2475293626454779,True,State,51,39,100,182377,,,
Victim Race,named_n>=5000,graphsage_fairloss_a25_mb,xgboost_blind,selection_rate,signed_gap,0.026177035669956106,0.022773804377566677,0.029728166505132544,True,State,51,39,100,182377,Black-White,-0.05977614164090794,-0.08595317731086405
Victim Race,named_n>=5000,graphsage_fairloss_a25_mb,xgboost_blind,tpr,signed_gap,0.028611012188750173,0.024297309457421676,0.03269212623040965,True,State,51,39,100,182377,Black-White,-0.04544306854683089,-0.07405408073558106
Victim Race,named_n>=5000,graphsage_fairloss_a25_mb,xgboost_blind,fpr,signed_gap,0.023264619742905057,0.016451061778744898,0.030855565975341448,True,State,51,39,100,182377,Black-White,-0.04223413972663226,-0.06549875946953732
Victim Race,named_n>=5000,graphsage_fairloss_a25_mb,logreg,selection_rate,gap,-0.13441464408629117,-0.13870360358160602,-0.13050992788900176,True,State,51,39,100,182377,,,
Victim Race,named_n>=5000,graphsage_fairloss_a25_mb,logreg,selection_rate,amplification,-2.03386393244974,-2.2077869092047515,-1.8872817347551318,True,State,51,39,100,182377,,,
Victim Race,named_n>=5000,graphsage_fairloss_a25_mb,logreg,tpr,gap,-0.14846548654492225,-0.15366795426985008,-0.14363969915948163,True,State,51,39,100,182377,,,
Victim Race,named_n>=5000,graphsage_fairloss_a25_mb,logreg,tpr,amplification,-2.246470987963699,-2.437587848287955,-2.087843807964301,True,State,51,39,100,182377,,,
Victim Race,named_n>=5000,graphsage_fairloss_a25_mb,logreg,fpr,gap,-0.13230337195350295,-0.14012933171983688,-0.12415666586245427,True,State,51,39,100,182377,,,
Victim Race,named_n>=5000,graphsage_fairloss_a25_mb,logreg,fpr,amplification,-2.001917709092502,-2.2048388070256997,-1.8251028676045113,True,State,51,39,100,182377,,,
Victim Race,named_n>=5000,graphsage_fairloss_a25_mb,logreg,selection_rate,signed_gap,0.13441464408629117,0.13050992788900176,0.13870360358160602,True,State,51,39,100,182377,Black-White,-0.05977614164090794,-0.1941907857271991
Victim Race,named_n>=5000,graphsage_fairloss_a25_mb,logreg,tpr,signed_gap,0.14846548654492225,0.14363969915948163,0.15366795426985008,True,State,51,39,100,182377,Black-White,-0.04544306854683089,-0.19390855509175314
Victim Race,named_n>=5000,graphsage_fairloss_a25_mb,logreg,fpr,signed_gap,0.13230337195350295,0.12415666586245426,0.14012933171983688,True,State,51,39,100,182377,Black-White,-0.04223413972663226,-0.1745375116801352
Victim Race,named_n>=5000,graphsage_fairloss_a25_mb,logreg_blind,selection_rate,gap,-0.010574089363384775,-0.014712189712575,-0.006699862576658011,True,State,51,39,100,182377,,,
Victim Race,named_n>=5000,graphsage_fairloss_a25_mb,logreg_blind,selection_rate,amplification,-0.15999937447948143,-0.22499791235944083,-0.10063755950674799,True,State,51,39,100,182377,,,
Victim Race,named_n>=5000,graphsage_fairloss_a25_mb,logreg_blind,tpr,gap,-0.016722437661246703,-0.02157135373014762,-0.01157666865053615,True,State,51,39,100,182377,,,
Victim Race,named_n>=5000,graphsage_fairloss_a25_mb,logreg_blind,tpr,amplification,-0.25303167711409813,-0.3319921446627802,-0.17238796615902208,True,State,51,39,100,182377,,,
Victim Race,named_n>=5000,graphsage_fairloss_a25_mb,logreg_blind,fpr,gap,-0.015478306739408476,-0.02304347081236127,-0.008258337218872166,True,State,51,39,100,182377,,,
Victim Race,named_n>=5000,graphsage_fairloss_a25_mb,logreg_blind,fpr,amplification,-0.23420639935978027,-0.35618217048535095,-0.12808095932259408,True,State,51,39,100,182377,,,
Victim Race,named_n>=5000,graphsage_fairloss_a25_mb,logreg_blind,selection_rate,signed_gap,0.010574089363384775,0.006699862576658011,0.014712189712575,True,State,51,39,100,182377,Black-White,-0.05977614164090794,-0.07035023100429272
Victim Race,named_n>=5000,graphsage_fairloss_a25_mb,logreg_blind,tpr,signed_gap,0.016722437661246703,0.011576668650536148,0.02157135373014762,True,State,51,39,100,182377,Black-White,-0.04544306854683089,-0.06216550620807759
Victim Race,named_n>=5000,graphsage_fairloss_a25_mb,logreg_blind,fpr,signed_gap,0.015478306739408476,0.008258337218872164,0.023043470812361265,True,State,51,39,100,182377,Black-White,-0.04223413972663226,-0.057712446466040734
Victim Race,named_n>=5000,graphsage_fairloss_a50_mb,graphsage_fairloss_a100_mb,selection_rate,gap,0.003901354584970318,0.002015463265057271,0.0059409229879392594,True,State,51,39,100,182377,,,
Victim Race,named_n>=5000,graphsage_fairloss_a50_mb,graphsage_fairloss_a100_mb,selection_rate,amplification,0.05903243974648009,0.030766183250694575,0.09009222555859632,True,State,51,39,100,182377,,,
Victim Race,named_n>=5000,graphsage_fairloss_a50_mb,graphsage_fairloss_a100_mb,tpr,gap,0.002088615997612786,-0.0001934200300000188,0.004428173757472301,False,State,51,39,100,182377,,,
Victim Race,named_n>=5000,graphsage_fairloss_a50_mb,graphsage_fairloss_a100_mb,tpr,amplification,0.03160340731591027,-0.0028782542953012993,0.06807692373808351,False,State,51,39,100,182377,,,
Victim Race,named_n>=5000,graphsage_fairloss_a50_mb,graphsage_fairloss_a100_mb,fpr,gap,0.007355543945804288,0.0028455907054694848,0.011084882769636971,True,State,51,39,100,182377,,,
Victim Race,named_n>=5000,graphsage_fairloss_a50_mb,graphsage_fairloss_a100_mb,fpr,amplification,0.11129870288029253,0.04311129573991464,0.16692963966360957,True,State,51,39,100,182377,,,
Victim Race,named_n>=5000,graphsage_fairloss_a50_mb,graphsage_fairloss_a100_mb,selection_rate,signed_gap,-0.003901354584970318,-0.0059409229879392594,-0.0020154632650572716,True,State,51,39,100,182377,Black-White,-0.060906495484226886,-0.05700514089925657
Victim Race,named_n>=5000,graphsage_fairloss_a50_mb,graphsage_fairloss_a100_mb,tpr,signed_gap,-0.002088615997612786,-0.004428173757472301,0.00019342003000001829,False,State,51,39,100,182377,Black-White,-0.04570822381200934,-0.043619607814396555
Victim Race,named_n>=5000,graphsage_fairloss_a50_mb,graphsage_fairloss_a100_mb,fpr,signed_gap,-0.007355543945804288,-0.011084882769636973,-0.002845590705469485,True,State,51,39,100,182377,Black-White,-0.04631859823564488,-0.03896305428984059
Victim Race,named_n>=5000,graphsage_fairloss_a50_mb,xgboost,selection_rate,gap,-0.11217312807033891,-0.11580045667517225,-0.10838854019408592,True,State,51,39,100,182377,,,
Victim Race,named_n>=5000,graphsage_fairloss_a50_mb,xgboost,selection_rate,amplification,-1.6973216045259463,-1.8207342788813612,-1.5759162842002332,True,State,51,39,100,182377,,,
Victim Race,named_n>=5000,graphsage_fairloss_a50_mb,xgboost,tpr,gap,-0.11342716964339994,-0.11851029637553205,-0.10863191968803917,True,State,51,39,100,182377,,,
Victim Race,named_n>=5000,graphsage_fairloss_a50_mb,xgboost,tpr,amplification,-1.7162968429947845,-1.8556371245885797,-1.5865683093467418,True,State,51,39,100,182377,,,
Victim Race,named_n>=5000,graphsage_fairloss_a50_mb,xgboost,fpr,gap,-0.11678500345485554,-0.12463758182144942,-0.1094133554408042,True,State,51,39,100,182377,,,
Victim Race,named_n>=5000,graphsage_fairloss_a50_mb,xgboost,fpr,amplification,-1.7671051245380922,-1.9289969676762053,-1.603976122508472,True,State,51,39,100,182377,,,
Victim Race,named_n>=5000,graphsage_fairloss_a50_mb,xgboost,selection_rate,signed_gap,0.11217312807033891,0.10838854019408592,0.11580045667517225,True,State,51,39,100,182377,Black-White,-0.060906495484226886,-0.1730796235545658
Victim Race,named_n>=5000,graphsage_fairloss_a50_mb,xgboost,tpr,signed_gap,0.11342716964339994,0.10863191968803917,0.11851029637553205,True,State,51,39,100,182377,Black-White,-0.04570822381200934,-0.15913539345540928
Victim Race,named_n>=5000,graphsage_fairloss_a50_mb,xgboost,fpr,signed_gap,0.11678500345485554,0.1094133554408042,0.12463758182144942,True,State,51,39,100,182377,Black-White,-0.04631859823564488,-0.16310360169050042
Victim Race,named_n>=5000,graphsage_fairloss_a50_mb,xgboost_blind,selection_rate,gap,-0.025046681826637163,-0.028843707271997858,-0.021492209346662718,True,State,51,39,100,182377,,,
Victim Race,named_n>=5000,graphsage_fairloss_a50_mb,xgboost_blind,selection_rate,amplification,-0.3789880421216484,-0.4428311449678393,-0.32093364257833135,True,State,51,39,100,182377,,,
Victim Race,named_n>=5000,graphsage_fairloss_a50_mb,xgboost_blind,tpr,gap,-0.02834585692357172,-0.03306474013195854,-0.02402220164686231,True,State,51,39,100,182377,,,
Victim Race,named_n>=5000,graphsage_fairloss_a50_mb,xgboost_blind,tpr,amplification,-0.42890874296570114,-0.5051999705435551,-0.3579834166760044,True,State,51,39,100,182377,,,
Victim Race,named_n>=5000,graphsage_fairloss_a50_mb,xgboost_blind,fpr,gap,-0.019180161233892434,-0.02687980386387847,-0.011895936236758248,True,State,51,39,100,182377,,,
Victim Race,named_n>=5000,graphsage_fairloss_a50_mb,xgboost_blind,fpr,amplification,-0.29022014987549327,-0.4063421092073964,-0.1808258414952588,True,State,51,39,100,182377,,,
Victim Race,named_n>=5000,graphsage_fairloss_a50_mb,xgboost_blind,selection_rate,signed_gap,0.025046681826637163,0.021492209346662718,0.028843707271997858,True,State,51,39,100,182377,Black-White,-0.060906495484226886,-0.08595317731086405
Victim Race,named_n>=5000,graphsage_fairloss_a50_mb,xgboost_blind,tpr,signed_gap,0.02834585692357172,0.02402220164686231,0.03306474013195854,True,State,51,39,100,182377,Black-White,-0.04570822381200934,-0.07405408073558106
Victim Race,named_n>=5000,graphsage_fairloss_a50_mb,xgboost_blind,fpr,signed_gap,0.019180161233892434,0.011895936236758246,0.026879803863878466,True,State,51,39,100,182377,Black-White,-0.04631859823564488,-0.06549875946953732
Victim Race,named_n>=5000,graphsage_fairloss_a50_mb,logreg,selection_rate,gap,-0.13328429024297223,-0.13752380869590497,-0.12917704888245538,True,State,51,39,100,182377,,,
Victim Race,named_n>=5000,graphsage_fairloss_a50_mb,logreg,selection_rate,amplification,-2.01676024610321,-2.1901352303673045,-1.8636550929087223,True,State,51,39,100,182377,,,
Victim Race,named_n>=5000,graphsage_fairloss_a50_mb,logreg,tpr,gap,-0.1482003312797438,-0.15324829356848688,-0.14310442606256313,True,State,51,39,100,182377,,,
Victim Race,named_n>=5000,graphsage_fairloss_a50_mb,logreg,tpr,amplification,-2.2424588527234386,-2.428306039027747,-2.069494944512594,True,State,51,39,100,182377,,,
Victim Race,named_n>=5000,graphsage_fairloss_a50_mb,logreg,fpr,gap,-0.12821891344449032,-0.13578447948540018,-0.11994792299933338,True,State,51,39,100,182377,,,
Victim Race,named_n>=5000,graphsage_fairloss_a50_mb,logreg,fpr,amplification,-1.940114674895312,-2.1315895533023537,-1.765366624527324,True,State,51,39,100,182377,,,
Victim Race,named_n>=5000,graphsage_fairloss_a50_mb,logreg,selection_rate,signed_gap,0.13328429024297223,0.12917704888245538,0.13752380869590497,True,State,51,39,100,182377,Black-White,-0.060906495484226886,-0.1941907857271991
Victim Race,named_n>=5000,graphsage_fairloss_a50_mb,logreg,tpr,signed_gap,0.1482003312797438,0.14310442606256313,0.15324829356848688,True,State,51,39,100,182377,Black-White,-0.04570822381200934,-0.19390855509175314
Victim Race,named_n>=5000,graphsage_fairloss_a50_mb,logreg,fpr,signed_gap,0.12821891344449032,0.11994792299933338,0.13578447948540015,True,State,51,39,100,182377,Black-White,-0.04631859823564488,-0.1745375116801352
Victim Race,named_n>=5000,graphsage_fairloss_a50_mb,logreg_blind,selection_rate,gap,-0.009443735520065832,-0.013428885003508783,-0.005456460482665186,True,State,51,39,100,182377,,,
Victim Race,named_n>=5000,graphsage_fairloss_a50_mb,logreg_blind,selection_rate,amplification,-0.14289568813295184,-0.20671319461585558,-0.08038592901080989,True,State,51,39,100,182377,,,
Victim Race,named_n>=5000,graphsage_fairloss_a50_mb,logreg_blind,tpr,gap,-0.01645728239606825,-0.0212139530674406,-0.011612444948902647,True,State,51,39,100,182377,,,
Victim Race,named_n>=5000,graphsage_fairloss_a50_mb,logreg_blind,tpr,amplification,-0.24901954187383823,-0.32673697545635344,-0.1731762279297337,True,State,51,39,100,182377,,,
Victim Race,named_n>=5000,graphsage_fairloss_a50_mb,logreg_blind,fpr,gap,-0.011393848230395853,-0.019095359979730032,-0.0040305171588905465,True,State,51,39,100,182377,,,
Victim Race,named_n>=5000,graphsage_fairloss_a50_mb,logreg_blind,fpr,amplification,-0.17240336516258992,-0.29289473146014233,-0.05955875752118297,True,State,51,39,100,182377,,,
Victim Race,named_n>=5000,graphsage_fairloss_a50_mb,logreg_blind,selection_rate,signed_gap,0.009443735520065832,0.0054564604826651845,0.013428885003508782,True,State,51,39,100,182377,Black-White,-0.060906495484226886,-0.07035023100429272
Victim Race,named_n>=5000,graphsage_fairloss_a50_mb,logreg_blind,tpr,signed_gap,0.01645728239606825,0.011612444948902645,0.0212139530674406,True,State,51,39,100,182377,Black-White,-0.04570822381200934,-0.06216550620807759
Victim Race,named_n>=5000,graphsage_fairloss_a50_mb,logreg_blind,fpr,signed_gap,0.011393848230395853,0.004030517158890546,0.019095359979730032,True,State,51,39,100,182377,Black-White,-0.04631859823564488,-0.057712446466040734
Victim Race,named_n>=5000,graphsage_fairloss_a100_mb,xgboost,selection_rate,gap,-0.11607448265530923,-0.11986617608069418,-0.11222665045652104,True,State,51,39,100,182377,,,
Victim Race,named_n>=5000,graphsage_fairloss_a100_mb,xgboost,selection_rate,amplification,-1.7563540442724266,-1.8843874489494075,-1.6271063896933384,True,State,51,39,100,182377,,,
Victim Race,named_n>=5000,graphsage_fairloss_a100_mb,xgboost,tpr,gap,-0.11551578564101272,-0.12031215642523783,-0.11089648755968058,True,State,51,39,100,182377,,,
Victim Race,named_n>=5000,graphsage_fairloss_a100_mb,xgboost,tpr,amplification,-1.7479002503106948,-1.8811266363096895,-1.6179857294074926,True,State,51,39,100,182377,,,
Victim Race,named_n>=5000,graphsage_fairloss_a100_mb,xgboost,fpr,gap,-0.12414054740065983,-0.1315127701451877,-0.1167218182340046,True,State,51,39,100,182377,,,
Victim Race,named_n>=5000,graphsage_fairloss_a100_mb,xgboost,fpr,amplification,-1.8784038274183847,-2.0544201252626606,-1.7130514479941592,True,State,51,39,100,182377,,,
Victim Race,named_n>=5000,graphsage_fairloss_a100_mb,xgboost,selection_rate,signed_gap,0.11607448265530923,0.11222665045652104,0.11986617608069418,True,State,51,39,100,182377,Black-White,-0.05700514089925657,-0.1730796235545658
Victim Race,named_n>=5000,graphsage_fairloss_a100_mb,xgboost,tpr,signed_gap,0.11551578564101272,0.11089648755968058,0.12031215642523783,True,State,51,39,100,182377,Black-White,-0.043619607814396555,-0.15913539345540928
Victim Race,named_n>=5000,graphsage_fairloss_a100_mb,xgboost,fpr,signed_gap,0.12414054740065983,0.1167218182340046,0.1315127701451877,True,State,51,39,100,182377,Black-White,-0.03896305428984059,-0.16310360169050042
Victim Race,named_n>=5000,graphsage_fairloss_a100_mb,xgboost_blind,selection_rate,gap,-0.02894803641160748,-0.0323507437637373,-0.025026165178493643,True,State,51,39,100,182377,,,
Victim Race,named_n>=5000,graphsage_fairloss_a100_mb,xgboost_blind,selection_rate,amplification,-0.4380204818681285,-0.5006286794346975,-0.3737288824579794,True,State,51,39,100,182377,,,
Victim Race,named_n>=5000,graphsage_fairloss_a100_mb,xgboost_blind,tpr,gap,-0.030434472921184508,-0.035000372940303996,-0.025705826337054438,True,State,51,39,100,182377,,,
Victim Race,named_n>=5000,graphsage_fairloss_a100_mb,xgboost_blind,tpr,amplification,-0.4605121502816114,-0.5410402206274939,-0.38159184816512615,True,State,51,39,100,182377,,,
Victim Race,named_n>=5000,graphsage_fairloss_a100_mb,xgboost_blind,fpr,gap,-0.026535705179696722,-0.03337132268304776,-0.0194694078603822,True,State,51,39,100,182377,,,
Victim Race,named_n>=5000,graphsage_fairloss_a100_mb,xgboost_blind,fpr,amplification,-0.4015188527557858,-0.5118661522427707,-0.29308666899953767,True,State,51,39,100,182377,,,
Victim Race,named_n>=5000,graphsage_fairloss_a100_mb,xgboost_blind,selection_rate,signed_gap,0.02894803641160748,0.02502616517849364,0.0323507437637373,True,State,51,39,100,182377,Black-White,-0.05700514089925657,-0.08595317731086405
Victim Race,named_n>=5000,graphsage_fairloss_a100_mb,xgboost_blind,tpr,signed_gap,0.030434472921184508,0.025705826337054438,0.035000372940303996,True,State,51,39,100,182377,Black-White,-0.043619607814396555,-0.07405408073558106
Victim Race,named_n>=5000,graphsage_fairloss_a100_mb,xgboost_blind,fpr,signed_gap,0.026535705179696722,0.0194694078603822,0.03337132268304776,True,State,51,39,100,182377,Black-White,-0.03896305428984059,-0.06549875946953732
Victim Race,named_n>=5000,graphsage_fairloss_a100_mb,logreg,selection_rate,gap,-0.13718564482794254,-0.14106839816878117,-0.13300459973275527,True,State,51,39,100,182377,,,
Victim Race,named_n>=5000,graphsage_fairloss_a100_mb,logreg,selection_rate,amplification,-2.0757926858496902,-2.2426490355876902,-1.927534701416973,True,State,51,39,100,182377,,,
Victim Race,named_n>=5000,graphsage_fairloss_a100_mb,logreg,tpr,gap,-0.1502889472773566,-0.15517295543047097,-0.14535646815347317,True,State,51,39,100,182377,,,
Victim Race,named_n>=5000,graphsage_fairloss_a100_mb,logreg,tpr,amplification,-2.274062260039349,-2.4561652297185983,-2.1264548196945987,True,State,51,39,100,182377,,,
Victim Race,named_n>=5000,graphsage_fairloss_a100_mb,logreg,fpr,gap,-0.1355744573902946,-0.1429954129647273,-0.12741523524401174,True,State,51,39,100,182377,,,
Victim Race,named_n>=5000,graphsage_fairloss_a100_mb,logreg,fpr,amplification,-2.0514133777756047,-2.24271904780624,-1.8787855281316388,True,State,51,39,100,182377,,,
Victim Race,named_n>=5000,graphsage_fairloss_a100_mb,logreg,selection_rate,signed_gap,0.13718564482794254,0.13300459973275527,0.14106839816878117,True,State,51,39,100,182377,Black-White,-0.05700514089925657,-0.1941907857271991
Victim Race,named_n>=5000,graphsage_fairloss_a100_mb,logreg,tpr,signed_gap,0.1502889472773566,0.14535646815347317,0.15517295543047097,True,State,51,39,100,182377,Black-White,-0.043619607814396555,-0.19390855509175314
Victim Race,named_n>=5000,graphsage_fairloss_a100_mb,logreg,fpr,signed_gap,0.1355744573902946,0.12741523524401174,0.1429954129647273,True,State,51,39,100,182377,Black-White,-0.03896305428984059,-0.1745375116801352
Victim Race,named_n>=5000,graphsage_fairloss_a100_mb,logreg_blind,selection_rate,gap,-0.01334509010503615,-0.017498999050583906,-0.009477298776991026,True,State,51,39,100,182377,,,
Victim Race,named_n>=5000,graphsage_fairloss_a100_mb,logreg_blind,selection_rate,amplification,-0.20192812787943193,-0.26438073969345954,-0.14048194971653186,True,State,51,39,100,182377,,,
Victim Race,named_n>=5000,graphsage_fairloss_a100_mb,logreg_blind,tpr,gap,-0.018545898393681037,-0.023433627778852058,-0.01350896857638519,True,State,51,39,100,182377,,,
Victim Race,named_n>=5000,graphsage_fairloss_a100_mb,logreg_blind,tpr,amplification,-0.2806229491897485,-0.36104944235270076,-0.2019285877546273,True,State,51,39,100,182377,,,
Victim Race,named_n>=5000,graphsage_fairloss_a100_mb,logreg_blind,fpr,gap,-0.01874939217620014,-0.026360205984297985,-0.010845211491201035,True,State,51,39,100,182377,,,
Victim Race,named_n>=5000,graphsage_fairloss_a100_mb,logreg_blind,fpr,amplification,-0.28370206804288245,-0.4049324271974436,-0.16476340589519092,True,State,51,39,100,182377,,,
Victim Race,named_n>=5000,graphsage_fairloss_a100_mb,logreg_blind,selection_rate,signed_gap,0.01334509010503615,0.009477298776991026,0.017498999050583906,True,State,51,39,100,182377,Black-White,-0.05700514089925657,-0.07035023100429272
Victim Race,named_n>=5000,graphsage_fairloss_a100_mb,logreg_blind,tpr,signed_gap,0.018545898393681037,0.01350896857638519,0.023433627778852054,True,State,51,39,100,182377,Black-White,-0.043619607814396555,-0.06216550620807759
Victim Race,named_n>=5000,graphsage_fairloss_a100_mb,logreg_blind,fpr,signed_gap,0.01874939217620014,0.010845211491201035,0.026360205984297985,True,State,51,39,100,182377,Black-White,-0.03896305428984059,-0.057712446466040734
Victim Race,named_n>=5000,xgboost,xgboost_blind,selection_rate,gap,0.08712644624370175,0.08379110617059407,0.09038617575385706,True,State,51,39,100,182377,,,
Victim Race,named_n>=5000,xgboost,xgboost_blind,selection_rate,amplification,1.318333562404298,1.2272638617979026,1.4206570396006601,True,State,51,39,100,182377,,,
Victim Race,named_n>=5000,xgboost,xgboost_blind,tpr,gap,0.08508131271982822,0.08076488153590435,0.08922465200321568,True,State,51,39,100,182377,,,
Victim Race,named_n>=5000,xgboost,xgboost_blind,tpr,amplification,1.2873881000290834,1.1906929083611058,1.4052033168064388,True,State,51,39,100,182377,,,
Victim Race,named_n>=5000,xgboost,xgboost_blind,fpr,gap,0.0976048422209631,0.0906433553458794,0.1043938299758277,True,State,51,39,100,182377,,,
Victim Race,named_n>=5000,xgboost,xgboost_blind,fpr,amplification,1.476884974662599,1.341777444202572,1.6196650155499404,True,State,51,39,100,182377,,,
Victim Race,named_n>=5000,xgboost,xgboost_blind,selection_rate,signed_gap,-0.08712644624370175,-0.09038617575385706,-0.08379110617059407,True,State,51,39,100,182377,Black-White,-0.1730796235545658,-0.08595317731086405
Victim Race,named_n>=5000,xgboost,xgboost_blind,tpr,signed_gap,-0.08508131271982822,-0.08922465200321568,-0.08076488153590435,True,State,51,39,100,182377,Black-White,-0.15913539345540928,-0.07405408073558106
Victim Race,named_n>=5000,xgboost,xgboost_blind,fpr,signed_gap,-0.0976048422209631,-0.1043938299758277,-0.0906433553458794,True,State,51,39,100,182377,Black-White,-0.16310360169050042,-0.06549875946953732
Victim Race,named_n>=5000,xgboost,logreg,selection_rate,gap,-0.021111162172633313,-0.024995479401221855,-0.017095321011052694,True,State,51,39,100,182377,,,
Victim Race,named_n>=5000,xgboost,logreg,selection_rate,amplification,-0.31943864157726365,-0.3846977015068549,-0.25406871487027805,True,State,51,39,100,182377,,,
Victim Race,named_n>=5000,xgboost,logreg,tpr,gap,-0.03477316163634386,-0.03951287991178921,-0.02951365614550712,True,State,51,39,100,182377,,,
Victim Race,named_n>=5000,xgboost,logreg,tpr,amplification,-0.5261620097286541,-0.6107624534187367,-0.4371738835865359,True,State,51,39,100,182377,,,
Victim Race,named_n>=5000,xgboost,logreg,fpr,gap,-0.011433909989634783,-0.018986303394806156,-0.003957072012607399,True,State,51,39,100,182377,,,
Victim Race,named_n>=5000,xgboost,logreg,fpr,amplification,-0.17300955035721977,-0.29258480053283625,-0.058570098468382986,True,State,51,39,100,182377,,,
Victim Race,named_n>=5000,xgboost,logreg,selection_rate,signed_gap,0.021111162172633313,0.017095321011052694,0.024995479401221852,True,State,51,39,100,182377,Black-White,-0.1730796235545658,-0.1941907857271991
Victim Race,named_n>=5000,xgboost,logreg,tpr,signed_gap,0.03477316163634386,0.02951365614550712,0.03951287991178921,True,State,51,39,100,182377,Black-White,-0.15913539345540928,-0.19390855509175314
Victim Race,named_n>=5000,xgboost,logreg,fpr,signed_gap,0.011433909989634783,0.003957072012607398,0.018986303394806156,True,State,51,39,100,182377,Black-White,-0.16310360169050042,-0.1745375116801352
Victim Race,named_n>=5000,xgboost,logreg_blind,selection_rate,gap,0.10272939255027308,0.09865550085906248,0.1066360161643717,True,State,51,39,100,182377,,,
Victim Race,named_n>=5000,xgboost,logreg_blind,selection_rate,amplification,1.5544259163929945,1.4414192097686067,1.6757847120164908,True,State,51,39,100,182377,,,
Victim Race,named_n>=5000,xgboost,logreg_blind,tpr,gap,0.09696988724733169,0.09185392758289285,0.10214861403809515,True,State,51,39,100,182377,,,
Victim Race,named_n>=5000,xgboost,logreg_blind,tpr,amplification,1.4672773011209463,1.3397238847738029,1.6005532194006644,True,State,51,39,100,182377,,,
Victim Race,named_n>=5000,xgboost,logreg_blind,fpr,gap,0.10539115522445969,0.09720761280868145,0.11336050045711964,True,State,51,39,100,182377,,,
Victim Race,named_n>=5000,xgboost,logreg_blind,fpr,amplification,1.5947017593755022,1.4401210987819635,1.7573297000149828,True,State,51,39,100,182377,,,
Victim Race,named_n>=5000,xgboost,logreg_blind,selection_rate,signed_gap,-0.10272939255027308,-0.1066360161643717,-0.09865550085906248,True,State,51,39,100,182377,Black-White,-0.1730796235545658,-0.07035023100429272
Victim Race,named_n>=5000,xgboost,logreg_blind,tpr,signed_gap,-0.09696988724733169,-0.10214861403809515,-0.09185392758289285,True,State,51,39,100,182377,Black-White,-0.15913539345540928,-0.06216550620807759
Victim Race,named_n>=5000,xgboost,logreg_blind,fpr,signed_gap,-0.10539115522445969,-0.11336050045711964,-0.09720761280868145,True,State,51,39,100,182377,Black-White,-0.16310360169050042,-0.057712446466040734
Victim Race,named_n>=5000,xgboost_blind,logreg,selection_rate,gap,-0.10823760841633506,-0.11189425656501324,-0.10415486715671819,True,State,51,39,100,182377,,,
Victim Race,named_n>=5000,xgboost_blind,logreg,selection_rate,amplification,-1.6377722039815616,-1.7737795037134079,-1.5141573443839769,True,State,51,39,100,182377,,,
Victim Race,named_n>=5000,xgboost_blind,logreg,tpr,gap,-0.11985447435617208,-0.12454910001445438,-0.11434597658042542,True,State,51,39,100,182377,,,
Victim Race,named_n>=5000,xgboost_blind,logreg,tpr,amplification,-1.8135501097577376,-1.9698878469168737,-1.6688390427652284,True,State,51,39,100,182377,,,
Victim Race,named_n>=5000,xgboost_blind,logreg,fpr,gap,-0.10903875221059789,-0.11750587799297368,-0.10091938374947633,True,State,51,39,100,182377,,,
Victim Race,named_n>=5000,xgboost_blind,logreg,fpr,amplification,-1.6498945250198187,-1.8376831270783787,-1.5001336574518322,True,State,51,39,100,182377,,,
Victim Race,named_n>=5000,xgboost_blind,logreg,selection_rate,signed_gap,0.10823760841633506,0.10415486715671819,0.11189425656501324,True,State,51,39,100,182377,Black-White,-0.08595317731086405,-0.1941907857271991
Victim Race,named_n>=5000,xgboost_blind,logreg,tpr,signed_gap,0.11985447435617208,0.11434597658042542,0.12454910001445438,True,State,51,39,100,182377,Black-White,-0.07405408073558106,-0.19390855509175314
Victim Race,named_n>=5000,xgboost_blind,logreg,fpr,signed_gap,0.10903875221059789,0.10091938374947633,0.11750587799297368,True,State,51,39,100,182377,Black-White,-0.06549875946953732,-0.1745375116801352
Victim Race,named_n>=5000,xgboost_blind,logreg_blind,selection_rate,gap,0.01560294630657133,0.01192707642925252,0.019509908277248664,True,State,51,39,100,182377,,,
Victim Race,named_n>=5000,xgboost_blind,logreg_blind,selection_rate,amplification,0.23609235398869655,0.17833432399263863,0.29631540968759806,True,State,51,39,100,182377,,,
Victim Race,named_n>=5000,xgboost_blind,logreg_blind,tpr,gap,0.01188857452750347,0.007242492452060828,0.01669349941521373,True,State,51,39,100,182377,,,
Victim Race,named_n>=5000,xgboost_blind,logreg_blind,tpr,amplification,0.1798892010918629,0.10960837408093783,0.2555753776855148,True,State,51,39,100,182377,,,
Victim Race,named_n>=5000,xgboost_blind,logreg_blind,fpr,gap,0.007786313003496581,0.0002476316108794467,0.015231461775875596,True,State,51,39,100,182377,,,
Victim Race,named_n>=5000,xgboost_blind,logreg_blind,fpr,amplification,0.11781678471290336,0.0037125848850964945,0.2318939412351617,True,State,51,39,100,182377,,,
Victim Race,named_n>=5000,xgboost_blind,logreg_blind,selection_rate,signed_gap,-0.01560294630657133,-0.019509908277248668,-0.01192707642925252,True,State,51,39,100,182377,Black-White,-0.08595317731086405,-0.07035023100429272
Victim Race,named_n>=5000,xgboost_blind,logreg_blind,tpr,signed_gap,-0.01188857452750347,-0.016693499415213732,-0.007242492452060829,True,State,51,39,100,182377,Black-White,-0.07405408073558106,-0.06216550620807759
Victim Race,named_n>=5000,xgboost_blind,logreg_blind,fpr,signed_gap,-0.007786313003496581,-0.0152314617758756,-0.0002476316108794484,True,State,51,39,100,182377,Black-White,-0.06549875946953732,-0.057712446466040734
Victim Race,named_n>=5000,logreg,logreg_blind,selection_rate,gap,0.12384055472290639,0.12088248512741347,0.1270205494139425,True,State,51,39,100,182377,,,
Victim Race,named_n>=5000,logreg,logreg_blind,selection_rate,amplification,1.8738645579702582,1.745364280466336,2.0329856303198643,True,State,51,39,100,182377,,,
Victim Race,named_n>=5000,logreg,logreg_blind,tpr,gap,0.13174304888367555,0.12834478310809963,0.13539119863258076,True,State,51,39,100,182377,,,
Victim Race,named_n>=5000,logreg,logreg_blind,tpr,amplification,1.9934393108496005,1.8554153015425192,2.170130742253442,True,State,51,39,100,182377,,,
Victim Race,named_n>=5000,logreg,logreg_blind,fpr,gap,0.11682506521409447,0.11115047194392685,0.12237235956493774,True,State,51,39,100,182377,,,
Victim Race,named_n>=5000,logreg,logreg_blind,fpr,amplification,1.767711309732722,1.6304793206378398,1.9381902291564381,True,State,51,39,100,182377,,,
Victim Race,named_n>=5000,logreg,logreg_blind,selection_rate,signed_gap,-0.12384055472290639,-0.1270205494139425,-0.12088248512741347,True,State,51,39,100,182377,Black-White,-0.1941907857271991,-0.07035023100429272
Victim Race,named_n>=5000,logreg,logreg_blind,tpr,signed_gap,-0.13174304888367555,-0.13539119863258076,-0.12834478310809963,True,State,51,39,100,182377,Black-White,-0.19390855509175314,-0.06216550620807759
Victim Race,named_n>=5000,logreg,logreg_blind,fpr,signed_gap,-0.11682506521409447,-0.12237235956493774,-0.11115047194392685,True,State,51,39,100,182377,Black-White,-0.1745375116801352,-0.057712446466040734
Victim Sex,named_all,graphsage_geo_mb,graphsage_geo_blind_mb,selection_rate,gap,0.1048453634395351,0.1012317441608513,0.10864670340974286,True,State,51,44,100,190039,,,
Victim Sex,named_all,graphsage_geo_mb,graphsage_geo_blind_mb,selection_rate,amplification,1.4763497464596842,1.3720900171297945,1.5918260527025974,True,State,51,44,100,190039,,,
Victim Sex,named_all,graphsage_geo_mb,graphsage_geo_blind_mb,tpr,gap,0.10920241820230425,0.1046447131514305,0.11324102643331238,True,State,51,44,100,190039,,,
Victim Sex,named_all,graphsage_geo_mb,graphsage_geo_blind_mb,tpr,amplification,1.5377023564683743,1.4264772367108292,1.6595428977849043,True,State,51,44,100,190039,,,
Victim Sex,named_all,graphsage_geo_mb,graphsage_geo_blind_mb,fpr,gap,0.0950635305303536,0.08788144431161385,0.103129071928315,True,State,51,44,100,190039,,,
Victim Sex,named_all,graphsage_geo_mb,graphsage_geo_blind_mb,fpr,amplification,1.338609687561328,1.2050168297925747,1.4845905881965256,True,State,51,44,100,190039,,,
Victim Sex,named_all,graphsage_geo_mb,graphsage_geo_blind_mb,selection_rate,signed_gap,-0.1048453634395351,-0.10864670340974286,-0.1012317441608513,True,State,51,44,100,190039,Male-Female,-0.17621791868843972,-0.07137255524890462
Victim Sex,named_all,graphsage_geo_mb,graphsage_geo_blind_mb,tpr,signed_gap,-0.10920241820230425,-0.11324102643331238,-0.1046447131514305,True,State,51,44,100,190039,Male-Female,-0.16737831780414225,-0.058175899601838
Victim Sex,named_all,graphsage_geo_mb,graphsage_geo_blind_mb,fpr,signed_gap,-0.0950635305303536,-0.103129071928315,-0.08788144431161385,True,State,51,44,100,190039,Male-Female,-0.13573754788529463,-0.04067401735494103
Victim Sex,named_n>=5000,graphsage_geo_mb,graphsage_geo_blind_mb,selection_rate,gap,0.1048453634395351,0.1012317441608513,0.10864670340974286,True,State,51,44,100,190039,,,
Victim Sex,named_n>=5000,graphsage_geo_mb,graphsage_geo_blind_mb,selection_rate,amplification,1.4763497464596842,1.3720900171297945,1.5918260527025974,True,State,51,44,100,190039,,,
Victim Sex,named_n>=5000,graphsage_geo_mb,graphsage_geo_blind_mb,tpr,gap,0.10920241820230425,0.1046447131514305,0.11324102643331238,True,State,51,44,100,190039,,,
Victim Sex,named_n>=5000,graphsage_geo_mb,graphsage_geo_blind_mb,tpr,amplification,1.5377023564683743,1.4264772367108292,1.6595428977849043,True,State,51,44,100,190039,,,
Victim Sex,named_n>=5000,graphsage_geo_mb,graphsage_geo_blind_mb,fpr,gap,0.0950635305303536,0.08788144431161385,0.103129071928315,True,State,51,44,100,190039,,,
Victim Sex,named_n>=5000,graphsage_geo_mb,graphsage_geo_blind_mb,fpr,amplification,1.338609687561328,1.2050168297925747,1.4845905881965256,True,State,51,44,100,190039,,,
Victim Sex,named_n>=5000,graphsage_geo_mb,graphsage_geo_blind_mb,selection_rate,signed_gap,-0.1048453634395351,-0.10864670340974286,-0.1012317441608513,True,State,51,44,100,190039,Male-Female,-0.17621791868843972,-0.07137255524890462
Victim Sex,named_n>=5000,graphsage_geo_mb,graphsage_geo_blind_mb,tpr,signed_gap,-0.10920241820230425,-0.11324102643331238,-0.1046447131514305,True,State,51,44,100,190039,Male-Female,-0.16737831780414225,-0.058175899601838
Victim Sex,named_n>=5000,graphsage_geo_mb,graphsage_geo_blind_mb,fpr,signed_gap,-0.0950635305303536,-0.103129071928315,-0.08788144431161385,True,State,51,44,100,190039,Male-Female,-0.13573754788529463,-0.04067401735494103
Victim Sex,named_all,graphsage_geo_mb,graphsage_fairloss_a0_mb,selection_rate,gap,0.09903260476977882,0.09527456406919406,0.10303325403599987,True,State,51,44,100,190039,,,
Victim Sex,named_all,graphsage_geo_mb,graphsage_fairloss_a0_mb,selection_rate,amplification,1.3944990617293564,1.2927249530644085,1.506546876433604,True,State,51,44,100,190039,,,
Victim Sex,named_all,graphsage_geo_mb,graphsage_fairloss_a0_mb,tpr,gap,0.10419750671151418,0.09994966883890052,0.10843935650667737,True,State,51,44,100,190039,,,
Victim Sex,named_all,graphsage_geo_mb,graphsage_fairloss_a0_mb,tpr,amplification,1.4672271387946583,1.3583817707663526,1.5895308295923694,True,State,51,44,100,190039,,,
Victim Sex,named_all,graphsage_geo_mb,graphsage_fairloss_a0_mb,fpr,gap,0.08554726832089848,0.0781840384224356,0.0935613391739559,True,State,51,44,100,190039,,,
Victim Sex,named_all,graphsage_geo_mb,graphsage_fairloss_a0_mb,fpr,amplification,1.2046091858770045,1.0733620922074982,1.3490418232223103,True,State,51,44,100,190039,,,
Victim Sex,named_all,graphsage_geo_mb,graphsage_fairloss_a0_mb,selection_rate,signed_gap,-0.09903260476977882,-0.10303325403599987,-0.09527456406919407,True,State,51,44,100,190039,Male-Female,-0.17621791868843972,-0.0771853139186609
Victim Sex,named_all,graphsage_geo_mb,graphsage_fairloss_a0_mb,tpr,signed_gap,-0.10419750671151418,-0.10843935650667737,-0.09994966883890052,True,State,51,44,100,190039,Male-Female,-0.16737831780414225,-0.06318081109262808
Victim Sex,named_all,graphsage_geo_mb,graphsage_fairloss_a0_mb,fpr,signed_gap,-0.08554726832089848,-0.0935613391739559,-0.0781840384224356,True,State,51,44,100,190039,Male-Female,-0.13573754788529463,-0.050190279564396145
Victim Sex,named_n>=5000,graphsage_geo_mb,graphsage_fairloss_a0_mb,selection_rate,gap,0.09903260476977882,0.09527456406919406,0.10303325403599987,True,State,51,44,100,190039,,,
Victim Sex,named_n>=5000,graphsage_geo_mb,graphsage_fairloss_a0_mb,selection_rate,amplification,1.3944990617293564,1.2927249530644085,1.506546876433604,True,State,51,44,100,190039,,,
Victim Sex,named_n>=5000,graphsage_geo_mb,graphsage_fairloss_a0_mb,tpr,gap,0.10419750671151418,0.09994966883890052,0.10843935650667737,True,State,51,44,100,190039,,,
Victim Sex,named_n>=5000,graphsage_geo_mb,graphsage_fairloss_a0_mb,tpr,amplification,1.4672271387946583,1.3583817707663526,1.5895308295923694,True,State,51,44,100,190039,,,
Victim Sex,named_n>=5000,graphsage_geo_mb,graphsage_fairloss_a0_mb,fpr,gap,0.08554726832089848,0.0781840384224356,0.0935613391739559,True,State,51,44,100,190039,,,
Victim Sex,named_n>=5000,graphsage_geo_mb,graphsage_fairloss_a0_mb,fpr,amplification,1.2046091858770045,1.0733620922074982,1.3490418232223103,True,State,51,44,100,190039,,,
Victim Sex,named_n>=5000,graphsage_geo_mb,graphsage_fairloss_a0_mb,selection_rate,signed_gap,-0.09903260476977882,-0.10303325403599987,-0.09527456406919407,True,State,51,44,100,190039,Male-Female,-0.17621791868843972,-0.0771853139186609
Victim Sex,named_n>=5000,graphsage_geo_mb,graphsage_fairloss_a0_mb,tpr,signed_gap,-0.10419750671151418,-0.10843935650667737,-0.09994966883890052,True,State,51,44,100,190039,Male-Female,-0.16737831780414225,-0.06318081109262808
Victim Sex,named_n>=5000,graphsage_geo_mb,graphsage_fairloss_a0_mb,fpr,signed_gap,-0.08554726832089848,-0.0935613391739559,-0.0781840384224356,True,State,51,44,100,190039,Male-Female,-0.13573754788529463,-0.050190279564396145
Victim Sex,named_all,graphsage_geo_mb,graphsage_fairloss_a10_mb,selection_rate,gap,0.1261107936368181,0.12254520672467281,0.13012036900531326,True,State,51,44,100,190039,,,
Victim Sex,named_all,graphsage_geo_mb,graphsage_fairloss_a10_mb,selection_rate,amplification,1.7757927685464039,1.6543665325754198,1.9161344762717685,True,State,51,44,100,190039,,,
Victim Sex,named_all,graphsage_geo_mb,graphsage_fairloss_a10_mb,tpr,gap,0.1273151632285633,0.12301320587034381,0.13205211934215194,True,State,51,44,100,190039,,,
Victim Sex,named_all,graphsage_geo_mb,graphsage_fairloss_a10_mb,tpr,amplification,1.7927517515961613,1.6709352111942077,1.9395630202206016,True,State,51,44,100,190039,,,
Victim Sex,named_all,graphsage_geo_mb,graphsage_fairloss_a10_mb,fpr,gap,0.12282567574446923,0.1148459531158363,0.1305904290996439,True,State,51,44,100,190039,,,
Victim Sex,named_all,graphsage_geo_mb,graphsage_fairloss_a10_mb,fpr,amplification,1.7295343284175138,1.581563797178648,1.8857353700991257,True,State,51,44,100,190039,,,
Victim Sex,named_all,graphsage_geo_mb,graphsage_fairloss_a10_mb,selection_rate,signed_gap,-0.1261107936368181,-0.13012036900531326,-0.12254520672467281,True,State,51,44,100,190039,Male-Female,-0.17621791868843972,-0.050107125051621626
Victim Sex,named_all,graphsage_geo_mb,graphsage_fairloss_a10_mb,tpr,signed_gap,-0.1273151632285633,-0.13205211934215194,-0.12301320587034381,True,State,51,44,100,190039,Male-Female,-0.16737831780414225,-0.04006315457557896
Victim Sex,named_all,graphsage_geo_mb,graphsage_fairloss_a10_mb,fpr,signed_gap,-0.12282567574446923,-0.13061525165747281,-0.1148459531158363,True,State,51,44,100,190039,Male-Female,-0.13573754788529463,-0.012911872140825398
Victim Sex,named_n>=5000,graphsage_geo_mb,graphsage_fairloss_a10_mb,selection_rate,gap,0.1261107936368181,0.12254520672467281,0.13012036900531326,True,State,51,44,100,190039,,,
Victim Sex,named_n>=5000,graphsage_geo_mb,graphsage_fairloss_a10_mb,selection_rate,amplification,1.7757927685464039,1.6543665325754198,1.9161344762717685,True,State,51,44,100,190039,,,
Victim Sex,named_n>=5000,graphsage_geo_mb,graphsage_fairloss_a10_mb,tpr,gap,0.1273151632285633,0.12301320587034381,0.13205211934215194,True,State,51,44,100,190039,,,
Victim Sex,named_n>=5000,graphsage_geo_mb,graphsage_fairloss_a10_mb,tpr,amplification,1.7927517515961613,1.6709352111942077,1.9395630202206016,True,State,51,44,100,190039,,,
Victim Sex,named_n>=5000,graphsage_geo_mb,graphsage_fairloss_a10_mb,fpr,gap,0.12282567574446923,0.1148459531158363,0.1305904290996439,True,State,51,44,100,190039,,,
Victim Sex,named_n>=5000,graphsage_geo_mb,graphsage_fairloss_a10_mb,fpr,amplification,1.7295343284175138,1.581563797178648,1.8857353700991257,True,State,51,44,100,190039,,,
Victim Sex,named_n>=5000,graphsage_geo_mb,graphsage_fairloss_a10_mb,selection_rate,signed_gap,-0.1261107936368181,-0.13012036900531326,-0.12254520672467281,True,State,51,44,100,190039,Male-Female,-0.17621791868843972,-0.050107125051621626
Victim Sex,named_n>=5000,graphsage_geo_mb,graphsage_fairloss_a10_mb,tpr,signed_gap,-0.1273151632285633,-0.13205211934215194,-0.12301320587034381,True,State,51,44,100,190039,Male-Female,-0.16737831780414225,-0.04006315457557896
Victim Sex,named_n>=5000,graphsage_geo_mb,graphsage_fairloss_a10_mb,fpr,signed_gap,-0.12282567574446923,-0.13061525165747281,-0.1148459531158363,True,State,51,44,100,190039,Male-Female,-0.13573754788529463,-0.012911872140825398
Victim Sex,named_all,graphsage_geo_mb,graphsage_fairloss_a25_mb,selection_rate,gap,0.13183474421721697,0.12818760731571546,0.136017092670225,True,State,51,44,100,190039,,,
Victim Sex,named_all,graphsage_geo_mb,graphsage_fairloss_a25_mb,selection_rate,amplification,1.8563929277798936,1.7317668534875783,1.9974956219883664,True,State,51,44,100,190039,,,
Victim Sex,named_all,graphsage_geo_mb,graphsage_fairloss_a25_mb,tpr,gap,0.13319528440090744,0.128767664831858,0.13796078133626247,True,State,51,44,100,190039,,,
Victim Sex,named_all,graphsage_geo_mb,graphsage_fairloss_a25_mb,tpr,amplification,1.8755509819784277,1.745316131896641,2.0183351539160936,True,State,51,44,100,190039,,,
Victim Sex,named_all,graphsage_geo_mb,graphsage_fairloss_a25_mb,fpr,gap,0.12805774010359883,0.11974047895474389,0.1362338441404711,True,State,51,44,100,190039,,,
Victim Sex,named_all,graphsage_geo_mb,graphsage_fairloss_a25_mb,fpr,amplification,1.8032081336928079,1.6485768398752823,1.9792992389160349,True,State,51,44,100,190039,,,
Victim Sex,named_all,graphsage_geo_mb,graphsage_fairloss_a25_mb,selection_rate,signed_gap,-0.13183474421721697,-0.136017092670225,-0.12818760731571546,True,State,51,44,100,190039,Male-Female,-0.17621791868843972,-0.04438317447122275
Victim Sex,named_all,graphsage_geo_mb,graphsage_fairloss_a25_mb,tpr,signed_gap,-0.13319528440090744,-0.13796078133626247,-0.12876766483185803,True,State,51,44,100,190039,Male-Female,-0.16737831780414225,-0.03418303340323481
Victim Sex,named_all,graphsage_geo_mb,graphsage_fairloss_a25_mb,fpr,signed_gap,-0.12805774010359883,-0.13683247338398774,-0.11991136455093955,True,State,51,44,100,190039,Male-Female,-0.13573754788529463,-0.007679807781695802
Victim Sex,named_n>=5000,graphsage_geo_mb,graphsage_fairloss_a25_mb,selection_rate,gap,0.13183474421721697,0.12818760731571546,0.136017092670225,True,State,51,44,100,190039,,,
Victim Sex,named_n>=5000,graphsage_geo_mb,graphsage_fairloss_a25_mb,selection_rate,amplification,1.8563929277798936,1.7317668534875783,1.9974956219883664,True,State,51,44,100,190039,,,
Victim Sex,named_n>=5000,graphsage_geo_mb,graphsage_fairloss_a25_mb,tpr,gap,0.13319528440090744,0.128767664831858,0.13796078133626247,True,State,51,44,100,190039,,,
Victim Sex,named_n>=5000,graphsage_geo_mb,graphsage_fairloss_a25_mb,tpr,amplification,1.8755509819784277,1.745316131896641,2.0183351539160936,True,State,51,44,100,190039,,,
Victim Sex,named_n>=5000,graphsage_geo_mb,graphsage_fairloss_a25_mb,fpr,gap,0.12805774010359883,0.11974047895474389,0.1362338441404711,True,State,51,44,100,190039,,,
Victim Sex,named_n>=5000,graphsage_geo_mb,graphsage_fairloss_a25_mb,fpr,amplification,1.8032081336928079,1.6485768398752823,1.9792992389160349,True,State,51,44,100,190039,,,
Victim Sex,named_n>=5000,graphsage_geo_mb,graphsage_fairloss_a25_mb,selection_rate,signed_gap,-0.13183474421721697,-0.136017092670225,-0.12818760731571546,True,State,51,44,100,190039,Male-Female,-0.17621791868843972,-0.04438317447122275
Victim Sex,named_n>=5000,graphsage_geo_mb,graphsage_fairloss_a25_mb,tpr,signed_gap,-0.13319528440090744,-0.13796078133626247,-0.12876766483185803,True,State,51,44,100,190039,Male-Female,-0.16737831780414225,-0.03418303340323481
Victim Sex,named_n>=5000,graphsage_geo_mb,graphsage_fairloss_a25_mb,fpr,signed_gap,-0.12805774010359883,-0.13683247338398774,-0.11991136455093955,True,State,51,44,100,190039,Male-Female,-0.13573754788529463,-0.007679807781695802
Victim Sex,named_all,graphsage_geo_mb,graphsage_fairloss_a50_mb,selection_rate,gap,0.13059412422728545,0.1267889631844973,0.13463846989125064,True,State,51,44,100,190039,,,
Victim Sex,named_all,graphsage_geo_mb,graphsage_fairloss_a50_mb,selection_rate,amplification,1.8389234952031779,1.721002344086202,1.975126188652182,True,State,51,44,100,190039,,,
Victim Sex,named_all,graphsage_geo_mb,graphsage_fairloss_a50_mb,tpr,gap,0.1321584950595971,0.12732501106026511,0.13667385224162087,True,State,51,44,100,190039,,,
Victim Sex,named_all,graphsage_geo_mb,graphsage_fairloss_a50_mb,tpr,amplification,1.8609517318927682,1.7357565346883703,2.007755472126838,True,State,51,44,100,190039,,,
Victim Sex,named_all,graphsage_geo_mb,graphsage_fairloss_a50_mb,fpr,gap,0.12542952217128983,0.11778132100686649,0.13369331565709705,True,State,51,44,100,190039,,,
Victim Sex,named_all,graphsage_geo_mb,graphsage_fairloss_a50_mb,fpr,amplification,1.7661996408924285,1.6169491737910255,1.9408409569512166,True,State,51,44,100,190039,,,
Victim Sex,named_all,graphsage_geo_mb,graphsage_fairloss_a50_mb,selection_rate,signed_gap,-0.13059412422728545,-0.13463846989125064,-0.1267889631844973,True,State,51,44,100,190039,Male-Female,-0.17621791868843972,-0.04562379446115428
Victim Sex,named_all,graphsage_geo_mb,graphsage_fairloss_a50_mb,tpr,signed_gap,-0.1321584950595971,-0.13667385224162087,-0.12732501106026511,True,State,51,44,100,190039,Male-Female,-0.16737831780414225,-0.03521982274454516
Victim Sex,named_all,graphsage_geo_mb,graphsage_fairloss_a50_mb,fpr,signed_gap,-0.12542952217128983,-0.13399043576679817,-0.11778132100686649,True,State,51,44,100,190039,Male-Female,-0.13573754788529463,-0.010308025714004798
Victim Sex,named_n>=5000,graphsage_geo_mb,graphsage_fairloss_a50_mb,selection_rate,gap,0.13059412422728545,0.1267889631844973,0.13463846989125064,True,State,51,44,100,190039,,,
Victim Sex,named_n>=5000,graphsage_geo_mb,graphsage_fairloss_a50_mb,selection_rate,amplification,1.8389234952031779,1.721002344086202,1.975126188652182,True,State,51,44,100,190039,,,
Victim Sex,named_n>=5000,graphsage_geo_mb,graphsage_fairloss_a50_mb,tpr,gap,0.1321584950595971,0.12732501106026511,0.13667385224162087,True,State,51,44,100,190039,,,
Victim Sex,named_n>=5000,graphsage_geo_mb,graphsage_fairloss_a50_mb,tpr,amplification,1.8609517318927682,1.7357565346883703,2.007755472126838,True,State,51,44,100,190039,,,
Victim Sex,named_n>=5000,graphsage_geo_mb,graphsage_fairloss_a50_mb,fpr,gap,0.12542952217128983,0.11778132100686649,0.13369331565709705,True,State,51,44,100,190039,,,
Victim Sex,named_n>=5000,graphsage_geo_mb,graphsage_fairloss_a50_mb,fpr,amplification,1.7661996408924285,1.6169491737910255,1.9408409569512166,True,State,51,44,100,190039,,,
Victim Sex,named_n>=5000,graphsage_geo_mb,graphsage_fairloss_a50_mb,selection_rate,signed_gap,-0.13059412422728545,-0.13463846989125064,-0.1267889631844973,True,State,51,44,100,190039,Male-Female,-0.17621791868843972,-0.04562379446115428
Victim Sex,named_n>=5000,graphsage_geo_mb,graphsage_fairloss_a50_mb,tpr,signed_gap,-0.1321584950595971,-0.13667385224162087,-0.12732501106026511,True,State,51,44,100,190039,Male-Female,-0.16737831780414225,-0.03521982274454516
Victim Sex,named_n>=5000,graphsage_geo_mb,graphsage_fairloss_a50_mb,fpr,signed_gap,-0.12542952217128983,-0.13399043576679817,-0.11778132100686649,True,State,51,44,100,190039,Male-Female,-0.13573754788529463,-0.010308025714004798
Victim Sex,named_all,graphsage_geo_mb,graphsage_fairloss_a100_mb,selection_rate,gap,0.13413172423435948,0.1301730646269546,0.13823906778576975,True,State,51,44,100,190039,,,
Victim Sex,named_all,graphsage_geo_mb,graphsage_fairloss_a100_mb,selection_rate,amplification,1.8887371894113296,1.7634168650585704,2.0271408535588646,True,State,51,44,100,190039,,,
Victim Sex,named_all,graphsage_geo_mb,graphsage_fairloss_a100_mb,tpr,gap,0.13563881029086788,0.13077070941417562,0.14022489766237436,True,State,51,44,100,190039,,,
Victim Sex,named_all,graphsage_geo_mb,graphsage_fairloss_a100_mb,tpr,amplification,1.909958787052147,1.7830957133788392,2.0523429944426703,True,State,51,44,100,190039,,,
Victim Sex,named_all,graphsage_geo_mb,graphsage_fairloss_a100_mb,fpr,gap,0.1274822779301809,0.11872826335858001,0.13560424906029836,True,State,51,44,100,190039,,,
Victim Sex,named_all,graphsage_geo_mb,graphsage_fairloss_a100_mb,fpr,amplification,1.7951049290688603,1.636286971457068,1.9619755212340366,True,State,51,44,100,190039,,,
Victim Sex,named_all,graphsage_geo_mb,graphsage_fairloss_a100_mb,selection_rate,signed_gap,-0.13413172423435948,-0.13823906778576975,-0.1301730646269546,True,State,51,44,100,190039,Male-Female,-0.17621791868843972,-0.04208619445408024
Victim Sex,named_all,graphsage_geo_mb,graphsage_fairloss_a100_mb,tpr,signed_gap,-0.13563881029086788,-0.14022489766237436,-0.13077070941417562,True,State,51,44,100,190039,Male-Female,-0.16737831780414225,-0.03173950751327437
Victim Sex,named_all,graphsage_geo_mb,graphsage_fairloss_a100_mb,fpr,signed_gap,-0.1274822779301809,-0.13575402442865037,-0.1189461069019779,True,State,51,44,100,190039,Male-Female,-0.13573754788529463,-0.00825526995511372
Victim Sex,named_n>=5000,graphsage_geo_mb,graphsage_fairloss_a100_mb,selection_rate,gap,0.13413172423435948,0.1301730646269546,0.13823906778576975,True,State,51,44,100,190039,,,
Victim Sex,named_n>=5000,graphsage_geo_mb,graphsage_fairloss_a100_mb,selection_rate,amplification,1.8887371894113296,1.7634168650585704,2.0271408535588646,True,State,51,44,100,190039,,,
Victim Sex,named_n>=5000,graphsage_geo_mb,graphsage_fairloss_a100_mb,tpr,gap,0.13563881029086788,0.13077070941417562,0.14022489766237436,True,State,51,44,100,190039,,,
Victim Sex,named_n>=5000,graphsage_geo_mb,graphsage_fairloss_a100_mb,tpr,amplification,1.909958787052147,1.7830957133788392,2.0523429944426703,True,State,51,44,100,190039,,,
Victim Sex,named_n>=5000,graphsage_geo_mb,graphsage_fairloss_a100_mb,fpr,gap,0.1274822779301809,0.11872826335858001,0.13560424906029836,True,State,51,44,100,190039,,,
Victim Sex,named_n>=5000,graphsage_geo_mb,graphsage_fairloss_a100_mb,fpr,amplification,1.7951049290688603,1.636286971457068,1.9619755212340366,True,State,51,44,100,190039,,,
Victim Sex,named_n>=5000,graphsage_geo_mb,graphsage_fairloss_a100_mb,selection_rate,signed_gap,-0.13413172423435948,-0.13823906778576975,-0.1301730646269546,True,State,51,44,100,190039,Male-Female,-0.17621791868843972,-0.04208619445408024
Victim Sex,named_n>=5000,graphsage_geo_mb,graphsage_fairloss_a100_mb,tpr,signed_gap,-0.13563881029086788,-0.14022489766237436,-0.13077070941417562,True,State,51,44,100,190039,Male-Female,-0.16737831780414225,-0.03173950751327437
Victim Sex,named_n>=5000,graphsage_geo_mb,graphsage_fairloss_a100_mb,fpr,signed_gap,-0.1274822779301809,-0.13575402442865037,-0.1189461069019779,True,State,51,44,100,190039,Male-Female,-0.13573754788529463,-0.00825526995511372
Victim Sex,named_all,graphsage_geo_mb,xgboost,selection_rate,gap,-0.009363148184515224,-0.013019802410980844,-0.0058748657457143565,True,State,51,44,100,190039,,,
Victim Sex,named_all,graphsage_geo_mb,xgboost,selection_rate,amplification,-0.13184447070227812,-0.1837432350605212,-0.08252506530783144,True,State,51,44,100,190039,,,
Victim Sex,named_all,graphsage_geo_mb,xgboost,tpr,gap,-0.01412220705183298,-0.01811539617489572,-0.01018336156814277,True,State,51,44,100,190039,,,
Victim Sex,named_all,graphsage_geo_mb,xgboost,tpr,amplification,-0.1988577855657745,-0.2587623324643252,-0.14192682804059262,True,State,51,44,100,190039,,,
Victim Sex,named_all,graphsage_geo_mb,xgboost,fpr,gap,-0.0028748614509829795,-0.010711642185203766,0.005822772281733223,False,State,51,44,100,190039,,,
Victim Sex,named_all,graphsage_geo_mb,xgboost,fpr,amplification,-0.04048153237327612,-0.1509913526471067,0.08120734242772532,False,State,51,44,100,190039,,,
Victim Sex,named_all,graphsage_geo_mb,xgboost,selection_rate,signed_gap,0.009363148184515224,0.005874865745714356,0.013019802410980842,True,State,51,44,100,190039,Male-Female,-0.17621791868843972,-0.18558106687295495
Victim Sex,named_all,graphsage_geo_mb,xgboost,tpr,signed_gap,0.01412220705183298,0.01018336156814277,0.01811539617489572,True,State,51,44,100,190039,Male-Female,-0.16737831780414225,-0.18150052485597523
Victim Sex,named_all,graphsage_geo_mb,xgboost,fpr,signed_gap,0.0028748614509829795,-0.005822772281733224,0.010711642185203766,False,State,51,44,100,190039,Male-Female,-0.13573754788529463,-0.1386124093362776
Victim Sex,named_n>=5000,graphsage_geo_mb,xgboost,selection_rate,gap,-0.009363148184515224,-0.013019802410980844,-0.0058748657457143565,True,State,51,44,100,190039,,,
Victim Sex,named_n>=5000,graphsage_geo_mb,xgboost,selection_rate,amplification,-0.13184447070227812,-0.1837432350605212,-0.08252506530783144,True,State,51,44,100,190039,,,
Victim Sex,named_n>=5000,graphsage_geo_mb,xgboost,tpr,gap,-0.01412220705183298,-0.01811539617489572,-0.01018336156814277,True,State,51,44,100,190039,,,
Victim Sex,named_n>=5000,graphsage_geo_mb,xgboost,tpr,amplification,-0.1988577855657745,-0.2587623324643252,-0.14192682804059262,True,State,51,44,100,190039,,,
Victim Sex,named_n>=5000,graphsage_geo_mb,xgboost,fpr,gap,-0.0028748614509829795,-0.010711642185203766,0.005822772281733223,False,State,51,44,100,190039,,,
Victim Sex,named_n>=5000,graphsage_geo_mb,xgboost,fpr,amplification,-0.04048153237327612,-0.1509913526471067,0.08120734242772532,False,State,51,44,100,190039,,,
Victim Sex,named_n>=5000,graphsage_geo_mb,xgboost,selection_rate,signed_gap,0.009363148184515224,0.005874865745714356,0.013019802410980842,True,State,51,44,100,190039,Male-Female,-0.17621791868843972,-0.18558106687295495
Victim Sex,named_n>=5000,graphsage_geo_mb,xgboost,tpr,signed_gap,0.01412220705183298,0.01018336156814277,0.01811539617489572,True,State,51,44,100,190039,Male-Female,-0.16737831780414225,-0.18150052485597523
Victim Sex,named_n>=5000,graphsage_geo_mb,xgboost,fpr,signed_gap,0.0028748614509829795,-0.005822772281733224,0.010711642185203766,False,State,51,44,100,190039,Male-Female,-0.13573754788529463,-0.1386124093362776
Victim Sex,named_all,graphsage_geo_mb,xgboost_blind,selection_rate,gap,0.11034690787100421,0.10611158235272487,0.11479576113034183,True,State,51,44,100,190039,,,
Victim Sex,named_all,graphsage_geo_mb,xgboost_blind,selection_rate,amplification,1.5538181576519465,1.4474683848078709,1.6739445424665509,True,State,51,44,100,190039,,,
Victim Sex,named_all,graphsage_geo_mb,xgboost_blind,tpr,gap,0.11003695149789983,0.10484398952236983,0.11521769706164935,True,State,51,44,100,190039,,,
Victim Sex,named_all,graphsage_geo_mb,xgboost_blind,tpr,amplification,1.5494535963796672,1.4408360386256789,1.6764769536839428,True,State,51,44,100,190039,,,
Victim Sex,named_all,graphsage_geo_mb,xgboost_blind,fpr,gap,0.10752402694314728,0.09756232333393622,0.11647168017217215,True,State,51,44,100,190039,,,
Victim Sex,named_all,graphsage_geo_mb,xgboost_blind,fpr,amplification,1.5140685740231872,1.3520730839469441,1.6779411717914623,True,State,51,44,100,190039,,,
Victim Sex,named_all,graphsage_geo_mb,xgboost_blind,selection_rate,signed_gap,-0.11034690787100421,-0.11479576113034183,-0.10611158235272487,True,State,51,44,100,190039,Male-Female,-0.17621791868843972,-0.06587101081743552
Victim Sex,named_all,graphsage_geo_mb,xgboost_blind,tpr,signed_gap,-0.11003695149789983,-0.11521769706164935,-0.10484398952236983,True,State,51,44,100,190039,Male-Female,-0.16737831780414225,-0.057341366306242425
Victim Sex,named_all,graphsage_geo_mb,xgboost_blind,fpr,signed_gap,-0.10752402694314728,-0.11647168017217215,-0.09756232333393622,True,State,51,44,100,190039,Male-Female,-0.13573754788529463,-0.028213520942147352
Victim Sex,named_n>=5000,graphsage_geo_mb,xgboost_blind,selection_rate,gap,0.11034690787100421,0.10611158235272487,0.11479576113034183,True,State,51,44,100,190039,,,
Victim Sex,named_n>=5000,graphsage_geo_mb,xgboost_blind,selection_rate,amplification,1.5538181576519465,1.4474683848078709,1.6739445424665509,True,State,51,44,100,190039,,,
Victim Sex,named_n>=5000,graphsage_geo_mb,xgboost_blind,tpr,gap,0.11003695149789983,0.10484398952236983,0.11521769706164935,True,State,51,44,100,190039,,,
Victim Sex,named_n>=5000,graphsage_geo_mb,xgboost_blind,tpr,amplification,1.5494535963796672,1.4408360386256789,1.6764769536839428,True,State,51,44,100,190039,,,
Victim Sex,named_n>=5000,graphsage_geo_mb,xgboost_blind,fpr,gap,0.10752402694314728,0.09756232333393622,0.11647168017217215,True,State,51,44,100,190039,,,
Victim Sex,named_n>=5000,graphsage_geo_mb,xgboost_blind,fpr,amplification,1.5140685740231872,1.3520730839469441,1.6779411717914623,True,State,51,44,100,190039,,,
Victim Sex,named_n>=5000,graphsage_geo_mb,xgboost_blind,selection_rate,signed_gap,-0.11034690787100421,-0.11479576113034183,-0.10611158235272487,True,State,51,44,100,190039,Male-Female,-0.17621791868843972,-0.06587101081743552
Victim Sex,named_n>=5000,graphsage_geo_mb,xgboost_blind,tpr,signed_gap,-0.11003695149789983,-0.11521769706164935,-0.10484398952236983,True,State,51,44,100,190039,Male-Female,-0.16737831780414225,-0.057341366306242425
Victim Sex,named_n>=5000,graphsage_geo_mb,xgboost_blind,fpr,signed_gap,-0.10752402694314728,-0.11647168017217215,-0.09756232333393622,True,State,51,44,100,190039,Male-Female,-0.13573754788529463,-0.028213520942147352
Victim Sex,named_all,graphsage_geo_mb,logreg,selection_rate,gap,-0.03409886171386245,-0.038436868203462836,-0.029756157454804467,True,State,51,44,100,190039,,,
Victim Sex,named_all,graphsage_geo_mb,logreg,selection_rate,amplification,-0.4801532866530338,-0.5596516821695635,-0.4116434896191362,True,State,51,44,100,190039,,,
Victim Sex,named_all,graphsage_geo_mb,logreg,tpr,gap,-0.04249476723208323,-0.04738462672139888,-0.03749990945939391,True,State,51,44,100,190039,,,
Victim Sex,named_all,graphsage_geo_mb,logreg,tpr,amplification,-0.5983778087156923,-0.6839423869500679,-0.5157730097780879,True,State,51,44,100,190039,,,
Victim Sex,named_all,graphsage_geo_mb,logreg,fpr,gap,-0.04123058625580217,-0.05098099804215672,-0.03163383463526976,True,State,51,44,100,190039,,,
Victim Sex,named_all,graphsage_geo_mb,logreg,fpr,amplification,-0.5805766089050011,-0.7260618793063655,-0.442038440914809,True,State,51,44,100,190039,,,
Victim Sex,named_all,graphsage_geo_mb,logreg,selection_rate,signed_gap,0.03409886171386245,0.029756157454804463,0.038436868203462836,True,State,51,44,100,190039,Male-Female,-0.17621791868843972,-0.21031678040230217
Victim Sex,named_all,graphsage_geo_mb,logreg,tpr,signed_gap,0.04249476723208323,0.03749990945939391,0.04738462672139888,True,State,51,44,100,190039,Male-Female,-0.16737831780414225,-0.20987308503622548
Victim Sex,named_all,graphsage_geo_mb,logreg,fpr,signed_gap,0.04123058625580217,0.03163383463526975,0.05098099804215672,True,State,51,44,100,190039,Male-Female,-0.13573754788529463,-0.1769681341410968
Victim Sex,named_n>=5000,graphsage_geo_mb,logreg,selection_rate,gap,-0.03409886171386245,-0.038436868203462836,-0.029756157454804467,True,State,51,44,100,190039,,,
Victim Sex,named_n>=5000,graphsage_geo_mb,logreg,selection_rate,amplification,-0.4801532866530338,-0.5596516821695635,-0.4116434896191362,True,State,51,44,100,190039,,,
Victim Sex,named_n>=5000,graphsage_geo_mb,logreg,tpr,gap,-0.04249476723208323,-0.04738462672139888,-0.03749990945939391,True,State,51,44,100,190039,,,
Victim Sex,named_n>=5000,graphsage_geo_mb,logreg,tpr,amplification,-0.5983778087156923,-0.6839423869500679,-0.5157730097780879,True,State,51,44,100,190039,,,
Victim Sex,named_n>=5000,graphsage_geo_mb,logreg,fpr,gap,-0.04123058625580217,-0.05098099804215672,-0.03163383463526976,True,State,51,44,100,190039,,,
Victim Sex,named_n>=5000,graphsage_geo_mb,logreg,fpr,amplification,-0.5805766089050011,-0.7260618793063655,-0.442038440914809,True,State,51,44,100,190039,,,
Victim Sex,named_n>=5000,graphsage_geo_mb,logreg,selection_rate,signed_gap,0.03409886171386245,0.029756157454804463,0.038436868203462836,True,State,51,44,100,190039,Male-Female,-0.17621791868843972,-0.21031678040230217
Victim Sex,named_n>=5000,graphsage_geo_mb,logreg,tpr,signed_gap,0.04249476723208323,0.03749990945939391,0.04738462672139888,True,State,51,44,100,190039,Male-Female,-0.16737831780414225,-0.20987308503622548
Victim Sex,named_n>=5000,graphsage_geo_mb,logreg,fpr,signed_gap,0.04123058625580217,0.03163383463526975,0.05098099804215672,True,State,51,44,100,190039,Male-Female,-0.13573754788529463,-0.1769681341410968
Victim Sex,named_all,graphsage_geo_mb,logreg_blind,selection_rate,gap,0.12000410698021047,0.11517877392905997,0.12497861633939081,True,State,51,44,100,190039,,,
Victim Sex,named_all,graphsage_geo_mb,logreg_blind,selection_rate,amplification,1.6898032216420167,1.5739223561935813,1.8341104130319454,True,State,51,44,100,190039,,,
Victim Sex,named_all,graphsage_geo_mb,logreg_blind,tpr,gap,0.11652273557856119,0.1105620771309248,0.12229555471725684,True,State,51,44,100,190039,,,
Victim Sex,named_all,graphsage_geo_mb,logreg_blind,tpr,amplification,1.640781294324067,1.515748231630473,1.7923990196880744,True,State,51,44,100,190039,,,
Victim Sex,named_all,graphsage_geo_mb,logreg_blind,fpr,gap,0.10646922856624091,0.09698867570835387,0.11659288334366133,True,State,51,44,100,190039,,,
Victim Sex,named_all,graphsage_geo_mb,logreg_blind,fpr,amplification,1.4992157348968307,1.3420797186448872,1.6895183761013153,True,State,51,44,100,190039,,,
Victim Sex,named_all,graphsage_geo_mb,logreg_blind,selection_rate,signed_gap,-0.12000410698021047,-0.12497861633939081,-0.11517877392905997,True,State,51,44,100,190039,Male-Female,-0.17621791868843972,-0.056213811708229255
Victim Sex,named_all,graphsage_geo_mb,logreg_blind,tpr,signed_gap,-0.11652273557856119,-0.12229555471725684,-0.1105620771309248,True,State,51,44,100,190039,Male-Female,-0.16737831780414225,-0.050855582225581064
Victim Sex,named_all,graphsage_geo_mb,logreg_blind,fpr,signed_gap,-0.10646922856624091,-0.11659288334366133,-0.09698867570835387,True,State,51,44,100,190039,Male-Female,-0.13573754788529463,-0.029268319319053715
Victim Sex,named_n>=5000,graphsage_geo_mb,logreg_blind,selection_rate,gap,0.12000410698021047,0.11517877392905997,0.12497861633939081,True,State,51,44,100,190039,,,
Victim Sex,named_n>=5000,graphsage_geo_mb,logreg_blind,selection_rate,amplification,1.6898032216420167,1.5739223561935813,1.8341104130319454,True,State,51,44,100,190039,,,
Victim Sex,named_n>=5000,graphsage_geo_mb,logreg_blind,tpr,gap,0.11652273557856119,0.1105620771309248,0.12229555471725684,True,State,51,44,100,190039,,,
Victim Sex,named_n>=5000,graphsage_geo_mb,logreg_blind,tpr,amplification,1.640781294324067,1.515748231630473,1.7923990196880744,True,State,51,44,100,190039,,,
Victim Sex,named_n>=5000,graphsage_geo_mb,logreg_blind,fpr,gap,0.10646922856624091,0.09698867570835387,0.11659288334366133,True,State,51,44,100,190039,,,
Victim Sex,named_n>=5000,graphsage_geo_mb,logreg_blind,fpr,amplification,1.4992157348968307,1.3420797186448872,1.6895183761013153,True,State,51,44,100,190039,,,
Victim Sex,named_n>=5000,graphsage_geo_mb,logreg_blind,selection_rate,signed_gap,-0.12000410698021047,-0.12497861633939081,-0.11517877392905997,True,State,51,44,100,190039,Male-Female,-0.17621791868843972,-0.056213811708229255
Victim Sex,named_n>=5000,graphsage_geo_mb,logreg_blind,tpr,signed_gap,-0.11652273557856119,-0.12229555471725684,-0.1105620771309248,True,State,51,44,100,190039,Male-Female,-0.16737831780414225,-0.050855582225581064
Victim Sex,named_n>=5000,graphsage_geo_mb,logreg_blind,fpr,signed_gap,-0.10646922856624091,-0.11659288334366133,-0.09698867570835387,True,State,51,44,100,190039,Male-Female,-0.13573754788529463,-0.029268319319053715
Victim Sex,named_all,graphsage_geo_blind_mb,graphsage_fairloss_a0_mb,selection_rate,gap,-0.005812758669756279,-0.0075911817747916,-0.004011228581323917,True,State,51,44,100,190039,,,
Victim Sex,named_all,graphsage_geo_blind_mb,graphsage_fairloss_a0_mb,selection_rate,amplification,-0.08185068473032775,-0.10864252081629992,-0.05590254839579672,True,State,51,44,100,190039,,,
Victim Sex,named_all,graphsage_geo_blind_mb,graphsage_fairloss_a0_mb,tpr,gap,-0.005004911490790076,-0.007127544625968751,-0.0029492829846014704,True,State,51,44,100,190039,,,
Victim Sex,named_all,graphsage_geo_blind_mb,graphsage_fairloss_a0_mb,tpr,amplification,-0.0704752176737159,-0.10057287245159935,-0.041236365855868574,True,State,51,44,100,190039,,,
Victim Sex,named_all,graphsage_geo_blind_mb,graphsage_fairloss_a0_mb,fpr,gap,-0.009516262209455117,-0.01376290468107388,-0.005462602497664905,True,State,51,44,100,190039,,,
Victim Sex,named_all,graphsage_geo_blind_mb,graphsage_fairloss_a0_mb,fpr,amplification,-0.13400050168432354,-0.1945266492170969,-0.07691249326532347,True,State,51,44,100,190039,,,
Victim Sex,named_all,graphsage_geo_blind_mb,graphsage_fairloss_a0_mb,selection_rate,signed_gap,0.005812758669756279,0.0040112285813239165,0.0075911817747916,True,State,51,44,100,190039,Male-Female,-0.07137255524890462,-0.0771853139186609
Victim Sex,named_all,graphsage_geo_blind_mb,graphsage_fairloss_a0_mb,tpr,signed_gap,0.005004911490790076,0.00294928298460147,0.007127544625968751,True,State,51,44,100,190039,Male-Female,-0.058175899601838,-0.06318081109262808
Victim Sex,named_all,graphsage_geo_blind_mb,graphsage_fairloss_a0_mb,fpr,signed_gap,0.009516262209455117,0.0054626024976649045,0.01376290468107388,True,State,51,44,100,190039,Male-Female,-0.04067401735494103,-0.050190279564396145
Victim Sex,named_n>=5000,graphsage_geo_blind_mb,graphsage_fairloss_a0_mb,selection_rate,gap,-0.005812758669756279,-0.0075911817747916,-0.004011228581323917,True,State,51,44,100,190039,,,
Victim Sex,named_n>=5000,graphsage_geo_blind_mb,graphsage_fairloss_a0_mb,selection_rate,amplification,-0.08185068473032775,-0.10864252081629992,-0.05590254839579672,True,State,51,44,100,190039,,,
Victim Sex,named_n>=5000,graphsage_geo_blind_mb,graphsage_fairloss_a0_mb,tpr,gap,-0.005004911490790076,-0.007127544625968751,-0.0029492829846014704,True,State,51,44,100,190039,,,
Victim Sex,named_n>=5000,graphsage_geo_blind_mb,graphsage_fairloss_a0_mb,tpr,amplification,-0.0704752176737159,-0.10057287245159935,-0.041236365855868574,True,State,51,44,100,190039,,,
Victim Sex,named_n>=5000,graphsage_geo_blind_mb,graphsage_fairloss_a0_mb,fpr,gap,-0.009516262209455117,-0.01376290468107388,-0.005462602497664905,True,State,51,44,100,190039,,,
Victim Sex,named_n>=5000,graphsage_geo_blind_mb,graphsage_fairloss_a0_mb,fpr,amplification,-0.13400050168432354,-0.1945266492170969,-0.07691249326532347,True,State,51,44,100,190039,,,
Victim Sex,named_n>=5000,graphsage_geo_blind_mb,graphsage_fairloss_a0_mb,selection_rate,signed_gap,0.005812758669756279,0.0040112285813239165,0.0075911817747916,True,State,51,44,100,190039,Male-Female,-0.07137255524890462,-0.0771853139186609
Victim Sex,named_n>=5000,graphsage_geo_blind_mb,graphsage_fairloss_a0_mb,tpr,signed_gap,0.005004911490790076,0.00294928298460147,0.007127544625968751,True,State,51,44,100,190039,Male-Female,-0.058175899601838,-0.06318081109262808
Victim Sex,named_n>=5000,graphsage_geo_blind_mb,graphsage_fairloss_a0_mb,fpr,signed_gap,0.009516262209455117,0.0054626024976649045,0.01376290468107388,True,State,51,44,100,190039,Male-Female,-0.04067401735494103,-0.050190279564396145
Victim Sex,named_all,graphsage_geo_blind_mb,graphsage_fairloss_a10_mb,selection_rate,gap,0.021265430197282997,0.01843169219548601,0.024002843660115382,True,State,51,44,100,190039,,,
Victim Sex,named_all,graphsage_geo_blind_mb,graphsage_fairloss_a10_mb,selection_rate,amplification,0.2994430220867196,0.25480247816229806,0.34000305765935607,True,State,51,44,100,190039,,,
Victim Sex,named_all,graphsage_geo_blind_mb,graphsage_fairloss_a10_mb,tpr,gap,0.018112745026259036,0.014708554243848487,0.02121779854413022,True,State,51,44,100,190039,,,
Victim Sex,named_all,graphsage_geo_blind_mb,graphsage_fairloss_a10_mb,tpr,amplification,0.2550493951277871,0.20729965028258796,0.3054904046039104,True,State,51,44,100,190039,,,
Victim Sex,named_all,graphsage_geo_blind_mb,graphsage_fairloss_a10_mb,fpr,gap,0.02776214521411563,0.021585554415212788,0.0337710232743039,True,State,51,44,100,190039,,,
Victim Sex,named_all,graphsage_geo_blind_mb,graphsage_fairloss_a10_mb,fpr,amplification,0.39092464085618583,0.30668112405639414,0.4764302952468041,True,State,51,44,100,190039,,,
Victim Sex,named_all,graphsage_geo_blind_mb,graphsage_fairloss_a10_mb,selection_rate,signed_gap,-0.021265430197282997,-0.024002843660115382,-0.01843169219548601,True,State,51,44,100,190039,Male-Female,-0.07137255524890462,-0.050107125051621626
Victim Sex,named_all,graphsage_geo_blind_mb,graphsage_fairloss_a10_mb,tpr,signed_gap,-0.018112745026259036,-0.02121779854413022,-0.014708554243848487,True,State,51,44,100,190039,Male-Female,-0.058175899601838,-0.04006315457557896
Victim Sex,named_all,graphsage_geo_blind_mb,graphsage_fairloss_a10_mb,fpr,signed_gap,-0.02776214521411563,-0.03384561406750539,-0.02161144452917284,True,State,51,44,100,190039,Male-Female,-0.04067401735494103,-0.012911872140825398
Victim Sex,named_n>=5000,graphsage_geo_blind_mb,graphsage_fairloss_a10_mb,selection_rate,gap,0.021265430197282997,0.01843169219548601,0.024002843660115382,True,State,51,44,100,190039,,,
Victim Sex,named_n>=5000,graphsage_geo_blind_mb,graphsage_fairloss_a10_mb,selection_rate,amplification,0.2994430220867196,0.25480247816229806,0.34000305765935607,True,State,51,44,100,190039,,,
Victim Sex,named_n>=5000,graphsage_geo_blind_mb,graphsage_fairloss_a10_mb,tpr,gap,0.018112745026259036,0.014708554243848487,0.02121779854413022,True,State,51,44,100,190039,,,
Victim Sex,named_n>=5000,graphsage_geo_blind_mb,graphsage_fairloss_a10_mb,tpr,amplification,0.2550493951277871,0.20729965028258796,0.3054904046039104,True,State,51,44,100,190039,,,
Victim Sex,named_n>=5000,graphsage_geo_blind_mb,graphsage_fairloss_a10_mb,fpr,gap,0.02776214521411563,0.021585554415212788,0.0337710232743039,True,State,51,44,100,190039,,,
Victim Sex,named_n>=5000,graphsage_geo_blind_mb,graphsage_fairloss_a10_mb,fpr,amplification,0.39092464085618583,0.30668112405639414,0.4764302952468041,True,State,51,44,100,190039,,,
Victim Sex,named_n>=5000,graphsage_geo_blind_mb,graphsage_fairloss_a10_mb,selection_rate,signed_gap,-0.021265430197282997,-0.024002843660115382,-0.01843169219548601,True,State,51,44,100,190039,Male-Female,-0.07137255524890462,-0.050107125051621626
Victim Sex,named_n>=5000,graphsage_geo_blind_mb,graphsage_fairloss_a10_mb,tpr,signed_gap,-0.018112745026259036,-0.02121779854413022,-0.014708554243848487,True,State,51,44,100,190039,Male-Female,-0.058175899601838,-0.04006315457557896
Victim Sex,named_n>=5000,graphsage_geo_blind_mb,graphsage_fairloss_a10_mb,fpr,signed_gap,-0.02776214521411563,-0.03384561406750539,-0.02161144452917284,True,State,51,44,100,190039,Male-Female,-0.04067401735494103,-0.012911872140825398
Victim Sex,named_all,graphsage_geo_blind_mb,graphsage_fairloss_a25_mb,selection_rate,gap,0.02698938077768187,0.02411914684835601,0.030140613764663773,True,State,51,44,100,190039,,,
Victim Sex,named_all,graphsage_geo_blind_mb,graphsage_fairloss_a25_mb,selection_rate,amplification,0.3800431813202094,0.33527417406122917,0.428972018841151,True,State,51,44,100,190039,,,
Victim Sex,named_all,graphsage_geo_blind_mb,graphsage_fairloss_a25_mb,tpr,gap,0.02399286619860319,0.020285663664520337,0.027780841577168473,True,State,51,44,100,190039,,,
Victim Sex,named_all,graphsage_geo_blind_mb,graphsage_fairloss_a25_mb,tpr,amplification,0.33784862551005346,0.2827680114033418,0.39124827304289095,True,State,51,44,100,190039,,,
Victim Sex,named_all,graphsage_geo_blind_mb,graphsage_fairloss_a25_mb,fpr,gap,0.032994209573245226,0.026477137254609318,0.039112346736425045,True,State,51,44,100,190039,,,
Victim Sex,named_all,graphsage_geo_blind_mb,graphsage_fairloss_a25_mb,fpr,amplification,0.4645984461314797,0.3706518127635863,0.5613412386672799,True,State,51,44,100,190039,,,
Victim Sex,named_all,graphsage_geo_blind_mb,graphsage_fairloss_a25_mb,selection_rate,signed_gap,-0.02698938077768187,-0.030140613764663773,-0.02411914684835601,True,State,51,44,100,190039,Male-Female,-0.07137255524890462,-0.04438317447122275
Victim Sex,named_all,graphsage_geo_blind_mb,graphsage_fairloss_a25_mb,tpr,signed_gap,-0.02399286619860319,-0.027780841577168473,-0.020285663664520337,True,State,51,44,100,190039,Male-Female,-0.058175899601838,-0.03418303340323481
Victim Sex,named_all,graphsage_geo_blind_mb,graphsage_fairloss_a25_mb,fpr,signed_gap,-0.032994209573245226,-0.03937880657911969,-0.027149559993042048,True,State,51,44,100,190039,Male-Female,-0.04067401735494103,-0.007679807781695802
Victim Sex,named_n>=5000,graphsage_geo_blind_mb,graphsage_fairloss_a25_mb,selection_rate,gap,0.02698938077768187,0.02411914684835601,0.030140613764663773,True,State,51,44,100,190039,,,
Victim Sex,named_n>=5000,graphsage_geo_blind_mb,graphsage_fairloss_a25_mb,selection_rate,amplification,0.3800431813202094,0.33527417406122917,0.428972018841151,True,State,51,44,100,190039,,,
Victim Sex,named_n>=5000,graphsage_geo_blind_mb,graphsage_fairloss_a25_mb,tpr,gap,0.02399286619860319,0.020285663664520337,0.027780841577168473,True,State,51,44,100,190039,,,
Victim Sex,named_n>=5000,graphsage_geo_blind_mb,graphsage_fairloss_a25_mb,tpr,amplification,0.33784862551005346,0.2827680114033418,0.39124827304289095,True,State,51,44,100,190039,,,
Victim Sex,named_n>=5000,graphsage_geo_blind_mb,graphsage_fairloss_a25_mb,fpr,gap,0.032994209573245226,0.026477137254609318,0.039112346736425045,True,State,51,44,100,190039,,,
Victim Sex,named_n>=5000,graphsage_geo_blind_mb,graphsage_fairloss_a25_mb,fpr,amplification,0.4645984461314797,0.3706518127635863,0.5613412386672799,True,State,51,44,100,190039,,,
Victim Sex,named_n>=5000,graphsage_geo_blind_mb,graphsage_fairloss_a25_mb,selection_rate,signed_gap,-0.02698938077768187,-0.030140613764663773,-0.02411914684835601,True,State,51,44,100,190039,Male-Female,-0.07137255524890462,-0.04438317447122275
Victim Sex,named_n>=5000,graphsage_geo_blind_mb,graphsage_fairloss_a25_mb,tpr,signed_gap,-0.02399286619860319,-0.027780841577168473,-0.020285663664520337,True,State,51,44,100,190039,Male-Female,-0.058175899601838,-0.03418303340323481
Victim Sex,named_n>=5000,graphsage_geo_blind_mb,graphsage_fairloss_a25_mb,fpr,signed_gap,-0.032994209573245226,-0.03937880657911969,-0.027149559993042048,True,State,51,44,100,190039,Male-Female,-0.04067401735494103,-0.007679807781695802
Victim Sex,named_all,graphsage_geo_blind_mb,graphsage_fairloss_a50_mb,selection_rate,gap,0.025748760787750347,0.022572318202262295,0.028818045876148397,True,State,51,44,100,190039,,,
Victim Sex,named_all,graphsage_geo_blind_mb,graphsage_fairloss_a50_mb,selection_rate,amplification,0.3625737487434936,0.31454345339858975,0.4125980395802603,True,State,51,44,100,190039,,,
Victim Sex,named_all,graphsage_geo_blind_mb,graphsage_fairloss_a50_mb,tpr,gap,0.02295607685729284,0.01918433831600514,0.02656792743317823,True,State,51,44,100,190039,,,
Victim Sex,named_all,graphsage_geo_blind_mb,graphsage_fairloss_a50_mb,tpr,amplification,0.3232493754243939,0.26666734173179557,0.3782451151646436,True,State,51,44,100,190039,,,
Victim Sex,named_all,graphsage_geo_blind_mb,graphsage_fairloss_a50_mb,fpr,gap,0.03036599164093623,0.023908087492906,0.03688850580584972,True,State,51,44,100,190039,,,
Victim Sex,named_all,graphsage_geo_blind_mb,graphsage_fairloss_a50_mb,fpr,amplification,0.4275899533311005,0.3283259227186747,0.5220104664490943,True,State,51,44,100,190039,,,
Victim Sex,named_all,graphsage_geo_blind_mb,graphsage_fairloss_a50_mb,selection_rate,signed_gap,-0.025748760787750347,-0.028818045876148397,-0.022572318202262295,True,State,51,44,100,190039,Male-Female,-0.07137255524890462,-0.04562379446115428
Victim Sex,named_all,graphsage_geo_blind_mb,graphsage_fairloss_a50_mb,tpr,signed_gap,-0.02295607685729284,-0.02656792743317823,-0.01918433831600514,True,State,51,44,100,190039,Male-Female,-0.058175899601838,-0.03521982274454516
Victim Sex,named_all,graphsage_geo_blind_mb,graphsage_fairloss_a50_mb,fpr,signed_gap,-0.03036599164093623,-0.03688850580584972,-0.02393002586326694,True,State,51,44,100,190039,Male-Female,-0.04067401735494103,-0.010308025714004798
Victim Sex,named_n>=5000,graphsage_geo_blind_mb,graphsage_fairloss_a50_mb,selection_rate,gap,0.025748760787750347,0.022572318202262295,0.028818045876148397,True,State,51,44,100,190039,,,
Victim Sex,named_n>=5000,graphsage_geo_blind_mb,graphsage_fairloss_a50_mb,selection_rate,amplification,0.3625737487434936,0.31454345339858975,0.4125980395802603,True,State,51,44,100,190039,,,
Victim Sex,named_n>=5000,graphsage_geo_blind_mb,graphsage_fairloss_a50_mb,tpr,gap,0.02295607685729284,0.01918433831600514,0.02656792743317823,True,State,51,44,100,190039,,,
Victim Sex,named_n>=5000,graphsage_geo_blind_mb,graphsage_fairloss_a50_mb,tpr,amplification,0.3232493754243939,0.26666734173179557,0.3782451151646436,True,State,51,44,100,190039,,,
Victim Sex,named_n>=5000,graphsage_geo_blind_mb,graphsage_fairloss_a50_mb,fpr,gap,0.03036599164093623,0.023908087492906,0.03688850580584972,True,State,51,44,100,190039,,,
Victim Sex,named_n>=5000,graphsage_geo_blind_mb,graphsage_fairloss_a50_mb,fpr,amplification,0.4275899533311005,0.3283259227186747,0.5220104664490943,True,State,51,44,100,190039,,,
Victim Sex,named_n>=5000,graphsage_geo_blind_mb,graphsage_fairloss_a50_mb,selection_rate,signed_gap,-0.025748760787750347,-0.028818045876148397,-0.022572318202262295,True,State,51,44,100,190039,Male-Female,-0.07137255524890462,-0.04562379446115428
Victim Sex,named_n>=5000,graphsage_geo_blind_mb,graphsage_fairloss_a50_mb,tpr,signed_gap,-0.02295607685729284,-0.02656792743317823,-0.01918433831600514,True,State,51,44,100,190039,Male-Female,-0.058175899601838,-0.03521982274454516
Victim Sex,named_n>=5000,graphsage_geo_blind_mb,graphsage_fairloss_a50_mb,fpr,signed_gap,-0.03036599164093623,-0.03688850580584972,-0.02393002586326694,True,State,51,44,100,190039,Male-Female,-0.04067401735494103,-0.010308025714004798
Victim Sex,named_all,graphsage_geo_blind_mb,graphsage_fairloss_a100_mb,selection_rate,gap,0.029286360794824384,0.02578605101457217,0.03248016071109732,True,State,51,44,100,190039,,,
Victim Sex,named_all,graphsage_geo_blind_mb,graphsage_fairloss_a100_mb,selection_rate,amplification,0.4123874429516453,0.36082000446888834,0.46709606587364394,True,State,51,44,100,190039,,,
Victim Sex,named_all,graphsage_geo_blind_mb,graphsage_fairloss_a100_mb,tpr,gap,0.02643639208856363,0.02240267367666197,0.030336838679862102,True,State,51,44,100,190039,,,
Victim Sex,named_all,graphsage_geo_blind_mb,graphsage_fairloss_a100_mb,tpr,amplification,0.37225643058377267,0.3141998904808885,0.4356477451926826,True,State,51,44,100,190039,,,
Victim Sex,named_all,graphsage_geo_blind_mb,graphsage_fairloss_a100_mb,fpr,gap,0.03241874739982731,0.025384513879749424,0.038995819468710516,True,State,51,44,100,190039,,,
Victim Sex,named_all,graphsage_geo_blind_mb,graphsage_fairloss_a100_mb,fpr,amplification,0.4564952415075324,0.35195746329273975,0.554643512913927,True,State,51,44,100,190039,,,
Victim Sex,named_all,graphsage_geo_blind_mb,graphsage_fairloss_a100_mb,selection_rate,signed_gap,-0.029286360794824384,-0.03248016071109733,-0.02578605101457217,True,State,51,44,100,190039,Male-Female,-0.07137255524890462,-0.04208619445408024
Victim Sex,named_all,graphsage_geo_blind_mb,graphsage_fairloss_a100_mb,tpr,signed_gap,-0.02643639208856363,-0.030336838679862106,-0.02240267367666197,True,State,51,44,100,190039,Male-Female,-0.058175899601838,-0.03173950751327437
Victim Sex,named_all,graphsage_geo_blind_mb,graphsage_fairloss_a100_mb,fpr,signed_gap,-0.03241874739982731,-0.03924995234941954,-0.025652980591614284,True,State,51,44,100,190039,Male-Female,-0.04067401735494103,-0.00825526995511372
Victim Sex,named_n>=5000,graphsage_geo_blind_mb,graphsage_fairloss_a100_mb,selection_rate,gap,0.029286360794824384,0.02578605101457217,0.03248016071109732,True,State,51,44,100,190039,,,
Victim Sex,named_n>=5000,graphsage_geo_blind_mb,graphsage_fairloss_a100_mb,selection_rate,amplification,0.4123874429516453,0.36082000446888834,0.46709606587364394,True,State,51,44,100,190039,,,
Victim Sex,named_n>=5000,graphsage_geo_blind_mb,graphsage_fairloss_a100_mb,tpr,gap,0.02643639208856363,0.02240267367666197,0.030336838679862102,True,State,51,44,100,190039,,,
Victim Sex,named_n>=5000,graphsage_geo_blind_mb,graphsage_fairloss_a100_mb,tpr,amplification,0.37225643058377267,0.3141998904808885,0.4356477451926826,True,State,51,44,100,190039,,,
Victim Sex,named_n>=5000,graphsage_geo_blind_mb,graphsage_fairloss_a100_mb,fpr,gap,0.03241874739982731,0.025384513879749424,0.038995819468710516,True,State,51,44,100,190039,,,
Victim Sex,named_n>=5000,graphsage_geo_blind_mb,graphsage_fairloss_a100_mb,fpr,amplification,0.4564952415075324,0.35195746329273975,0.554643512913927,True,State,51,44,100,190039,,,
Victim Sex,named_n>=5000,graphsage_geo_blind_mb,graphsage_fairloss_a100_mb,selection_rate,signed_gap,-0.029286360794824384,-0.03248016071109733,-0.02578605101457217,True,State,51,44,100,190039,Male-Female,-0.07137255524890462,-0.04208619445408024
Victim Sex,named_n>=5000,graphsage_geo_blind_mb,graphsage_fairloss_a100_mb,tpr,signed_gap,-0.02643639208856363,-0.030336838679862106,-0.02240267367666197,True,State,51,44,100,190039,Male-Female,-0.058175899601838,-0.03173950751327437
Victim Sex,named_n>=5000,graphsage_geo_blind_mb,graphsage_fairloss_a100_mb,fpr,signed_gap,-0.03241874739982731,-0.03924995234941954,-0.025652980591614284,True,State,51,44,100,190039,Male-Female,-0.04067401735494103,-0.00825526995511372
Victim Sex,named_all,graphsage_geo_blind_mb,xgboost,selection_rate,gap,-0.11420851162405032,-0.11842865744089476,-0.10985757920006071,True,State,51,44,100,190039,,,
Victim Sex,named_all,graphsage_geo_blind_mb,xgboost,selection_rate,amplification,-1.6081942171619623,-1.737513322547413,-1.4972924723802903,True,State,51,44,100,190039,,,
Victim Sex,named_all,graphsage_geo_blind_mb,xgboost,tpr,gap,-0.12332462525413723,-0.12854996435289595,-0.11797265066119883,True,State,51,44,100,190039,,,
Victim Sex,named_all,graphsage_geo_blind_mb,xgboost,tpr,amplification,-1.7365601420341488,-1.8820414907577234,-1.6160233523927647,True,State,51,44,100,190039,,,
Victim Sex,named_all,graphsage_geo_blind_mb,xgboost,fpr,gap,-0.09793839198133658,-0.10665515510804671,-0.08884229684542731,True,State,51,44,100,190039,,,
Victim Sex,named_all,graphsage_geo_blind_mb,xgboost,fpr,amplification,-1.3790912199346042,-1.5369335692933142,-1.2332982624560016,True,State,51,44,100,190039,,,
Victim Sex,named_all,graphsage_geo_blind_mb,xgboost,selection_rate,signed_gap,0.11420851162405032,0.10985757920006071,0.11842865744089476,True,State,51,44,100,190039,Male-Female,-0.07137255524890462,-0.18558106687295495
Victim Sex,named_all,graphsage_geo_blind_mb,xgboost,tpr,signed_gap,0.12332462525413723,0.11797265066119883,0.12854996435289595,True,State,51,44,100,190039,Male-Female,-0.058175899601838,-0.18150052485597523
Victim Sex,named_all,graphsage_geo_blind_mb,xgboost,fpr,signed_gap,0.09793839198133658,0.08884229684542731,0.10665515510804671,True,State,51,44,100,190039,Male-Female,-0.04067401735494103,-0.1386124093362776
Victim Sex,named_n>=5000,graphsage_geo_blind_mb,xgboost,selection_rate,gap,-0.11420851162405032,-0.11842865744089476,-0.10985757920006071,True,State,51,44,100,190039,,,
Victim Sex,named_n>=5000,graphsage_geo_blind_mb,xgboost,selection_rate,amplification,-1.6081942171619623,-1.737513322547413,-1.4972924723802903,True,State,51,44,100,190039,,,
Victim Sex,named_n>=5000,graphsage_geo_blind_mb,xgboost,tpr,gap,-0.12332462525413723,-0.12854996435289595,-0.11797265066119883,True,State,51,44,100,190039,,,
Victim Sex,named_n>=5000,graphsage_geo_blind_mb,xgboost,tpr,amplification,-1.7365601420341488,-1.8820414907577234,-1.6160233523927647,True,State,51,44,100,190039,,,
Victim Sex,named_n>=5000,graphsage_geo_blind_mb,xgboost,fpr,gap,-0.09793839198133658,-0.10665515510804671,-0.08884229684542731,True,State,51,44,100,190039,,,
Victim Sex,named_n>=5000,graphsage_geo_blind_mb,xgboost,fpr,amplification,-1.3790912199346042,-1.5369335692933142,-1.2332982624560016,True,State,51,44,100,190039,,,
Victim Sex,named_n>=5000,graphsage_geo_blind_mb,xgboost,selection_rate,signed_gap,0.11420851162405032,0.10985757920006071,0.11842865744089476,True,State,51,44,100,190039,Male-Female,-0.07137255524890462,-0.18558106687295495
Victim Sex,named_n>=5000,graphsage_geo_blind_mb,xgboost,tpr,signed_gap,0.12332462525413723,0.11797265066119883,0.12854996435289595,True,State,51,44,100,190039,Male-Female,-0.058175899601838,-0.18150052485597523
Victim Sex,named_n>=5000,graphsage_geo_blind_mb,xgboost,fpr,signed_gap,0.09793839198133658,0.08884229684542731,0.10665515510804671,True,State,51,44,100,190039,Male-Female,-0.04067401735494103,-0.1386124093362776
Victim Sex,named_all,graphsage_geo_blind_mb,xgboost_blind,selection_rate,gap,0.0055015444314691075,0.0016911549031481897,0.009488114663563755,True,State,51,44,100,190039,,,
Victim Sex,named_all,graphsage_geo_blind_mb,xgboost_blind,selection_rate,amplification,0.07746841119226233,0.024042288525562384,0.1352817584505856,True,State,51,44,100,190039,,,
Victim Sex,named_all,graphsage_geo_blind_mb,xgboost_blind,tpr,gap,0.0008345332955955742,-0.0038700811961930566,0.005432373721455988,False,State,51,44,100,190039,,,
Victim Sex,named_all,graphsage_geo_blind_mb,xgboost_blind,tpr,amplification,0.01175123991129301,-0.05325677298746774,0.07689312607088476,False,State,51,44,100,190039,,,
Victim Sex,named_all,graphsage_geo_blind_mb,xgboost_blind,fpr,gap,0.012460496412793676,0.0050433729448541844,0.020220372658850624,True,State,51,44,100,190039,,,
Victim Sex,named_all,graphsage_geo_blind_mb,xgboost_blind,fpr,amplification,0.1754588864618591,0.07056322883515978,0.2871469072787469,True,State,51,44,100,190039,,,
Victim Sex,named_all,graphsage_geo_blind_mb,xgboost_blind,selection_rate,signed_gap,-0.0055015444314691075,-0.009488114663563755,-0.0016911549031481902,True,State,51,44,100,190039,Male-Female,-0.07137255524890462,-0.06587101081743552
Victim Sex,named_all,graphsage_geo_blind_mb,xgboost_blind,tpr,signed_gap,-0.0008345332955955742,-0.005432373721455988,0.0038700811961930558,False,State,51,44,100,190039,Male-Female,-0.058175899601838,-0.057341366306242425
Victim Sex,named_all,graphsage_geo_blind_mb,xgboost_blind,fpr,signed_gap,-0.012460496412793676,-0.020220372658850624,-0.005043372944854186,True,State,51,44,100,190039,Male-Female,-0.04067401735494103,-0.028213520942147352
Victim Sex,named_n>=5000,graphsage_geo_blind_mb,xgboost_blind,selection_rate,gap,0.0055015444314691075,0.0016911549031481897,0.009488114663563755,True,State,51,44,100,190039,,,
Victim Sex,named_n>=5000,graphsage_geo_blind_mb,xgboost_blind,selection_rate,amplification,0.07746841119226233,0.024042288525562384,0.1352817584505856,True,State,51,44,100,190039,,,
Victim Sex,named_n>=5000,graphsage_geo_blind_mb,xgboost_blind,tpr,gap,0.0008345332955955742,-0.0038700811961930566,0.005432373721455988,False,State,51,44,100,190039,,,
Victim Sex,named_n>=5000,graphsage_geo_blind_mb,xgboost_blind,tpr,amplification,0.01175123991129301,-0.05325677298746774,0.07689312607088476,False,State,51,44,100,190039,,,
Victim Sex,named_n>=5000,graphsage_geo_blind_mb,xgboost_blind,fpr,gap,0.012460496412793676,0.0050433729448541844,0.020220372658850624,True,State,51,44,100,190039,,,
Victim Sex,named_n>=5000,graphsage_geo_blind_mb,xgboost_blind,fpr,amplification,0.1754588864618591,0.07056322883515978,0.2871469072787469,True,State,51,44,100,190039,,,
Victim Sex,named_n>=5000,graphsage_geo_blind_mb,xgboost_blind,selection_rate,signed_gap,-0.0055015444314691075,-0.009488114663563755,-0.0016911549031481902,True,State,51,44,100,190039,Male-Female,-0.07137255524890462,-0.06587101081743552
Victim Sex,named_n>=5000,graphsage_geo_blind_mb,xgboost_blind,tpr,signed_gap,-0.0008345332955955742,-0.005432373721455988,0.0038700811961930558,False,State,51,44,100,190039,Male-Female,-0.058175899601838,-0.057341366306242425
Victim Sex,named_n>=5000,graphsage_geo_blind_mb,xgboost_blind,fpr,signed_gap,-0.012460496412793676,-0.020220372658850624,-0.005043372944854186,True,State,51,44,100,190039,Male-Female,-0.04067401735494103,-0.028213520942147352
Victim Sex,named_all,graphsage_geo_blind_mb,logreg,selection_rate,gap,-0.13894422515339755,-0.14337666940535138,-0.13491363226579584,True,State,51,44,100,190039,,,
Victim Sex,named_all,graphsage_geo_blind_mb,logreg,selection_rate,amplification,-1.956503033112718,-2.110121021608257,-1.820069002410485,True,State,51,44,100,190039,,,
Victim Sex,named_all,graphsage_geo_blind_mb,logreg,tpr,gap,-0.15169718543438748,-0.15681325641960092,-0.14659645792234807,True,State,51,44,100,190039,,,
Victim Sex,named_all,graphsage_geo_blind_mb,logreg,tpr,amplification,-2.1360801651840666,-2.3036752605503907,-1.991114086010823,True,State,51,44,100,190039,,,
Victim Sex,named_all,graphsage_geo_blind_mb,logreg,fpr,gap,-0.13629411678615577,-0.1453132234135832,-0.12711685329954117,True,State,51,44,100,190039,,,
Victim Sex,named_all,graphsage_geo_blind_mb,logreg,fpr,amplification,-1.919186296466329,-2.102389671094795,-1.745200300972434,True,State,51,44,100,190039,,,
Victim Sex,named_all,graphsage_geo_blind_mb,logreg,selection_rate,signed_gap,0.13894422515339755,0.13491363226579584,0.14337666940535138,True,State,51,44,100,190039,Male-Female,-0.07137255524890462,-0.21031678040230217
Victim Sex,named_all,graphsage_geo_blind_mb,logreg,tpr,signed_gap,0.15169718543438748,0.14659645792234807,0.15681325641960092,True,State,51,44,100,190039,Male-Female,-0.058175899601838,-0.20987308503622548
Victim Sex,named_all,graphsage_geo_blind_mb,logreg,fpr,signed_gap,0.13629411678615577,0.12711685329954117,0.1453132234135832,True,State,51,44,100,190039,Male-Female,-0.04067401735494103,-0.1769681341410968
Victim Sex,named_n>=5000,graphsage_geo_blind_mb,logreg,selection_rate,gap,-0.13894422515339755,-0.14337666940535138,-0.13491363226579584,True,State,51,44,100,190039,,,
Victim Sex,named_n>=5000,graphsage_geo_blind_mb,logreg,selection_rate,amplification,-1.956503033112718,-2.110121021608257,-1.820069002410485,True,State,51,44,100,190039,,,
Victim Sex,named_n>=5000,graphsage_geo_blind_mb,logreg,tpr,gap,-0.15169718543438748,-0.15681325641960092,-0.14659645792234807,True,State,51,44,100,190039,,,
Victim Sex,named_n>=5000,graphsage_geo_blind_mb,logreg,tpr,amplification,-2.1360801651840666,-2.3036752605503907,-1.991114086010823,True,State,51,44,100,190039,,,
Victim Sex,named_n>=5000,graphsage_geo_blind_mb,logreg,fpr,gap,-0.13629411678615577,-0.1453132234135832,-0.12711685329954117,True,State,51,44,100,190039,,,
Victim Sex,named_n>=5000,graphsage_geo_blind_mb,logreg,fpr,amplification,-1.919186296466329,-2.102389671094795,-1.745200300972434,True,State,51,44,100,190039,,,
Victim Sex,named_n>=5000,graphsage_geo_blind_mb,logreg,selection_rate,signed_gap,0.13894422515339755,0.13491363226579584,0.14337666940535138,True,State,51,44,100,190039,Male-Female,-0.07137255524890462,-0.21031678040230217
Victim Sex,named_n>=5000,graphsage_geo_blind_mb,logreg,tpr,signed_gap,0.15169718543438748,0.14659645792234807,0.15681325641960092,True,State,51,44,100,190039,Male-Female,-0.058175899601838,-0.20987308503622548
Victim Sex,named_n>=5000,graphsage_geo_blind_mb,logreg,fpr,signed_gap,0.13629411678615577,0.12711685329954117,0.1453132234135832,True,State,51,44,100,190039,Male-Female,-0.04067401735494103,-0.1769681341410968
Victim Sex,named_all,graphsage_geo_blind_mb,logreg_blind,selection_rate,gap,0.015158743540675368,0.010904940823463527,0.019404445786975477,True,State,51,44,100,190039,,,
Victim Sex,named_all,graphsage_geo_blind_mb,logreg_blind,selection_rate,amplification,0.2134534751823326,0.1545582133362073,0.27805428227020523,True,State,51,44,100,190039,,,
Victim Sex,named_all,graphsage_geo_blind_mb,logreg_blind,tpr,gap,0.007320317376256935,0.0023344936279417554,0.01253202182633356,True,State,51,44,100,190039,,,
Victim Sex,named_all,graphsage_geo_blind_mb,logreg_blind,tpr,amplification,0.10307893785569266,0.03261267921094551,0.18003298572847926,True,State,51,44,100,190039,,,
Victim Sex,named_all,graphsage_geo_blind_mb,logreg_blind,fpr,gap,0.011405698035887313,0.0029013421033519727,0.01981194570393499,True,State,51,44,100,190039,,,
Victim Sex,named_all,graphsage_geo_blind_mb,logreg_blind,fpr,amplification,0.1606060473355026,0.0402286683576854,0.27633037610765304,True,State,51,44,100,190039,,,
Victim Sex,named_all,graphsage_geo_blind_mb,logreg_blind,selection_rate,signed_gap,-0.015158743540675368,-0.01940444578697548,-0.010904940823463527,True,State,51,44,100,190039,Male-Female,-0.07137255524890462,-0.056213811708229255
Victim Sex,named_all,graphsage_geo_blind_mb,logreg_blind,tpr,signed_gap,-0.007320317376256935,-0.012532021826333561,-0.0023344936279417563,True,State,51,44,100,190039,Male-Female,-0.058175899601838,-0.050855582225581064
Victim Sex,named_all,graphsage_geo_blind_mb,logreg_blind,fpr,signed_gap,-0.011405698035887313,-0.01981194570393499,-0.0029013421033519744,True,State,51,44,100,190039,Male-Female,-0.04067401735494103,-0.029268319319053715
Victim Sex,named_n>=5000,graphsage_geo_blind_mb,logreg_blind,selection_rate,gap,0.015158743540675368,0.010904940823463527,0.019404445786975477,True,State,51,44,100,190039,,,
Victim Sex,named_n>=5000,graphsage_geo_blind_mb,logreg_blind,selection_rate,amplification,0.2134534751823326,0.1545582133362073,0.27805428227020523,True,State,51,44,100,190039,,,
Victim Sex,named_n>=5000,graphsage_geo_blind_mb,logreg_blind,tpr,gap,0.007320317376256935,0.0023344936279417554,0.01253202182633356,True,State,51,44,100,190039,,,
Victim Sex,named_n>=5000,graphsage_geo_blind_mb,logreg_blind,tpr,amplification,0.10307893785569266,0.03261267921094551,0.18003298572847926,True,State,51,44,100,190039,,,
Victim Sex,named_n>=5000,graphsage_geo_blind_mb,logreg_blind,fpr,gap,0.011405698035887313,0.0029013421033519727,0.01981194570393499,True,State,51,44,100,190039,,,
Victim Sex,named_n>=5000,graphsage_geo_blind_mb,logreg_blind,fpr,amplification,0.1606060473355026,0.0402286683576854,0.27633037610765304,True,State,51,44,100,190039,,,
Victim Sex,named_n>=5000,graphsage_geo_blind_mb,logreg_blind,selection_rate,signed_gap,-0.015158743540675368,-0.01940444578697548,-0.010904940823463527,True,State,51,44,100,190039,Male-Female,-0.07137255524890462,-0.056213811708229255
Victim Sex,named_n>=5000,graphsage_geo_blind_mb,logreg_blind,tpr,signed_gap,-0.007320317376256935,-0.012532021826333561,-0.0023344936279417563,True,State,51,44,100,190039,Male-Female,-0.058175899601838,-0.050855582225581064
Victim Sex,named_n>=5000,graphsage_geo_blind_mb,logreg_blind,fpr,signed_gap,-0.011405698035887313,-0.01981194570393499,-0.0029013421033519744,True,State,51,44,100,190039,Male-Female,-0.04067401735494103,-0.029268319319053715
Victim Sex,named_all,graphsage_fairloss_a0_mb,graphsage_fairloss_a10_mb,selection_rate,gap,0.027078188867039277,0.024184672435413983,0.029867752128671154,True,State,51,44,100,190039,,,
Victim Sex,named_all,graphsage_fairloss_a0_mb,graphsage_fairloss_a10_mb,selection_rate,amplification,0.38129370681704733,0.33567294217766297,0.4296338448249025,True,State,51,44,100,190039,,,
Victim Sex,named_all,graphsage_fairloss_a0_mb,graphsage_fairloss_a10_mb,tpr,gap,0.023117656517049112,0.019956854222549985,0.026514558087550804,True,State,51,44,100,190039,,,
Victim Sex,named_all,graphsage_fairloss_a0_mb,graphsage_fairloss_a10_mb,tpr,amplification,0.325524612801503,0.27664417129885727,0.3788418891870914,True,State,51,44,100,190039,,,
Victim Sex,named_all,graphsage_fairloss_a0_mb,graphsage_fairloss_a10_mb,fpr,gap,0.03727840742357075,0.03074750598687101,0.04354250933870524,True,State,51,44,100,190039,,,
Victim Sex,named_all,graphsage_fairloss_a0_mb,graphsage_fairloss_a10_mb,fpr,amplification,0.5249251425405094,0.4294834937007163,0.6234433442842496,True,State,51,44,100,190039,,,
Victim Sex,named_all,graphsage_fairloss_a0_mb,graphsage_fairloss_a10_mb,selection_rate,signed_gap,-0.027078188867039277,-0.029867752128671154,-0.024184672435413987,True,State,51,44,100,190039,Male-Female,-0.0771853139186609,-0.050107125051621626
Victim Sex,named_all,graphsage_fairloss_a0_mb,graphsage_fairloss_a10_mb,tpr,signed_gap,-0.023117656517049112,-0.026514558087550804,-0.019956854222549985,True,State,51,44,100,190039,Male-Female,-0.06318081109262808,-0.04006315457557896
Victim Sex,named_all,graphsage_fairloss_a0_mb,graphsage_fairloss_a10_mb,fpr,signed_gap,-0.03727840742357075,-0.04369200574437785,-0.03074750598687101,True,State,51,44,100,190039,Male-Female,-0.050190279564396145,-0.012911872140825398
Victim Sex,named_n>=5000,graphsage_fairloss_a0_mb,graphsage_fairloss_a10_mb,selection_rate,gap,0.027078188867039277,0.024184672435413983,0.029867752128671154,True,State,51,44,100,190039,,,
Victim Sex,named_n>=5000,graphsage_fairloss_a0_mb,graphsage_fairloss_a10_mb,selection_rate,amplification,0.38129370681704733,0.33567294217766297,0.4296338448249025,True,State,51,44,100,190039,,,
Victim Sex,named_n>=5000,graphsage_fairloss_a0_mb,graphsage_fairloss_a10_mb,tpr,gap,0.023117656517049112,0.019956854222549985,0.026514558087550804,True,State,51,44,100,190039,,,
Victim Sex,named_n>=5000,graphsage_fairloss_a0_mb,graphsage_fairloss_a10_mb,tpr,amplification,0.325524612801503,0.27664417129885727,0.3788418891870914,True,State,51,44,100,190039,,,
Victim Sex,named_n>=5000,graphsage_fairloss_a0_mb,graphsage_fairloss_a10_mb,fpr,gap,0.03727840742357075,0.03074750598687101,0.04354250933870524,True,State,51,44,100,190039,,,
Victim Sex,named_n>=5000,graphsage_fairloss_a0_mb,graphsage_fairloss_a10_mb,fpr,amplification,0.5249251425405094,0.4294834937007163,0.6234433442842496,True,State,51,44,100,190039,,,
Victim Sex,named_n>=5000,graphsage_fairloss_a0_mb,graphsage_fairloss_a10_mb,selection_rate,signed_gap,-0.027078188867039277,-0.029867752128671154,-0.024184672435413987,True,State,51,44,100,190039,Male-Female,-0.0771853139186609,-0.050107125051621626
Victim Sex,named_n>=5000,graphsage_fairloss_a0_mb,graphsage_fairloss_a10_mb,tpr,signed_gap,-0.023117656517049112,-0.026514558087550804,-0.019956854222549985,True,State,51,44,100,190039,Male-Female,-0.06318081109262808,-0.04006315457557896
Victim Sex,named_n>=5000,graphsage_fairloss_a0_mb,graphsage_fairloss_a10_mb,fpr,signed_gap,-0.03727840742357075,-0.04369200574437785,-0.03074750598687101,True,State,51,44,100,190039,Male-Female,-0.050190279564396145,-0.012911872140825398
Victim Sex,named_all,graphsage_fairloss_a0_mb,graphsage_fairloss_a25_mb,selection_rate,gap,0.03280213944743815,0.029241554899147197,0.03579660188273548,True,State,51,44,100,190039,,,
Victim Sex,named_all,graphsage_fairloss_a0_mb,graphsage_fairloss_a25_mb,selection_rate,amplification,0.46189386605053717,0.40904863870954317,0.5189227312428576,True,State,51,44,100,190039,,,
Victim Sex,named_all,graphsage_fairloss_a0_mb,graphsage_fairloss_a25_mb,tpr,gap,0.028997777689393267,0.02516335258038603,0.032646687345062785,True,State,51,44,100,190039,,,
Victim Sex,named_all,graphsage_fairloss_a0_mb,graphsage_fairloss_a25_mb,tpr,amplification,0.40832384318376935,0.3514381060169825,0.4667799872924199,True,State,51,44,100,190039,,,
Victim Sex,named_all,graphsage_fairloss_a0_mb,graphsage_fairloss_a25_mb,fpr,gap,0.04251047178270034,0.03508678987712749,0.04892537114210534,True,State,51,44,100,190039,,,
Victim Sex,named_all,graphsage_fairloss_a0_mb,graphsage_fairloss_a25_mb,fpr,amplification,0.5985989478158033,0.491464522763676,0.7033412902792704,True,State,51,44,100,190039,,,
Victim Sex,named_all,graphsage_fairloss_a0_mb,graphsage_fairloss_a25_mb,selection_rate,signed_gap,-0.03280213944743815,-0.03579660188273548,-0.029241554899147197,True,State,51,44,100,190039,Male-Female,-0.0771853139186609,-0.04438317447122275
Victim Sex,named_all,graphsage_fairloss_a0_mb,graphsage_fairloss_a25_mb,tpr,signed_gap,-0.028997777689393267,-0.032646687345062785,-0.02516335258038603,True,State,51,44,100,190039,Male-Female,-0.06318081109262808,-0.03418303340323481
Victim Sex,named_all,graphsage_fairloss_a0_mb,graphsage_fairloss_a25_mb,fpr,signed_gap,-0.04251047178270034,-0.0491039057006632,-0.03559699579834313,True,State,51,44,100,190039,Male-Female,-0.050190279564396145,-0.007679807781695802
Victim Sex,named_n>=5000,graphsage_fairloss_a0_mb,graphsage_fairloss_a25_mb,selection_rate,gap,0.03280213944743815,0.029241554899147197,0.03579660188273548,True,State,51,44,100,190039,,,
Victim Sex,named_n>=5000,graphsage_fairloss_a0_mb,graphsage_fairloss_a25_mb,selection_rate,amplification,0.46189386605053717,0.40904863870954317,0.5189227312428576,True,State,51,44,100,190039,,,
Victim Sex,named_n>=5000,graphsage_fairloss_a0_mb,graphsage_fairloss_a25_mb,tpr,gap,0.028997777689393267,0.02516335258038603,0.032646687345062785,True,State,51,44,100,190039,,,
Victim Sex,named_n>=5000,graphsage_fairloss_a0_mb,graphsage_fairloss_a25_mb,tpr,amplification,0.40832384318376935,0.3514381060169825,0.4667799872924199,True,State,51,44,100,190039,,,
Victim Sex,named_n>=5000,graphsage_fairloss_a0_mb,graphsage_fairloss_a25_mb,fpr,gap,0.04251047178270034,0.03508678987712749,0.04892537114210534,True,State,51,44,100,190039,,,
Victim Sex,named_n>=5000,graphsage_fairloss_a0_mb,graphsage_fairloss_a25_mb,fpr,amplification,0.5985989478158033,0.491464522763676,0.7033412902792704,True,State,51,44,100,190039,,,
Victim Sex,named_n>=5000,graphsage_fairloss_a0_mb,graphsage_fairloss_a25_mb,selection_rate,signed_gap,-0.03280213944743815,-0.03579660188273548,-0.029241554899147197,True,State,51,44,100,190039,Male-Female,-0.0771853139186609,-0.04438317447122275
Victim Sex,named_n>=5000,graphsage_fairloss_a0_mb,graphsage_fairloss_a25_mb,tpr,signed_gap,-0.028997777689393267,-0.032646687345062785,-0.02516335258038603,True,State,51,44,100,190039,Male-Female,-0.06318081109262808,-0.03418303340323481
Victim Sex,named_n>=5000,graphsage_fairloss_a0_mb,graphsage_fairloss_a25_mb,fpr,signed_gap,-0.04251047178270034,-0.0491039057006632,-0.03559699579834313,True,State,51,44,100,190039,Male-Female,-0.050190279564396145,-0.007679807781695802
Victim Sex,named_all,graphsage_fairloss_a0_mb,graphsage_fairloss_a50_mb,selection_rate,gap,0.031561519457506626,0.02829575538201084,0.034614775710225115,True,State,51,44,100,190039,,,
Victim Sex,named_all,graphsage_fairloss_a0_mb,graphsage_fairloss_a50_mb,selection_rate,amplification,0.4444244334738213,0.39397875482705397,0.4992472927051932,True,State,51,44,100,190039,,,
Victim Sex,named_all,graphsage_fairloss_a0_mb,graphsage_fairloss_a50_mb,tpr,gap,0.027960988348082916,0.0241189180600229,0.03144264799490046,True,State,51,44,100,190039,,,
Victim Sex,named_all,graphsage_fairloss_a0_mb,graphsage_fairloss_a50_mb,tpr,amplification,0.3937245930981098,0.3350928102044497,0.45243754253014884,True,State,51,44,100,190039,,,
Victim Sex,named_all,graphsage_fairloss_a0_mb,graphsage_fairloss_a50_mb,fpr,gap,0.03988225385039135,0.03288132218848969,0.045674498765606523,True,State,51,44,100,190039,,,
Victim Sex,named_all,graphsage_fairloss_a0_mb,graphsage_fairloss_a50_mb,fpr,amplification,0.561590455015424,0.4634847995168788,0.6523292756007675,True,State,51,44,100,190039,,,
Victim Sex,named_all,graphsage_fairloss_a0_mb,graphsage_fairloss_a50_mb,selection_rate,signed_gap,-0.031561519457506626,-0.034614775710225115,-0.02829575538201084,True,State,51,44,100,190039,Male-Female,-0.0771853139186609,-0.04562379446115428
Victim Sex,named_all,graphsage_fairloss_a0_mb,graphsage_fairloss_a50_mb,tpr,signed_gap,-0.027960988348082916,-0.03144264799490046,-0.024118918060022903,True,State,51,44,100,190039,Male-Female,-0.06318081109262808,-0.03521982274454516
Victim Sex,named_all,graphsage_fairloss_a0_mb,graphsage_fairloss_a50_mb,fpr,signed_gap,-0.03988225385039135,-0.04568286081075954,-0.033101787466812624,True,State,51,44,100,190039,Male-Female,-0.050190279564396145,-0.010308025714004798
Victim Sex,named_n>=5000,graphsage_fairloss_a0_mb,graphsage_fairloss_a50_mb,selection_rate,gap,0.031561519457506626,0.02829575538201084,0.034614775710225115,True,State,51,44,100,190039,,,
Victim Sex,named_n>=5000,graphsage_fairloss_a0_mb,graphsage_fairloss_a50_mb,selection_rate,amplification,0.4444244334738213,0.39397875482705397,0.4992472927051932,True,State,51,44,100,190039,,,
Victim Sex,named_n>=5000,graphsage_fairloss_a0_mb,graphsage_fairloss_a50_mb,tpr,gap,0.027960988348082916,0.0241189180600229,0.03144264799490046,True,State,51,44,100,190039,,,
Victim Sex,named_n>=5000,graphsage_fairloss_a0_mb,graphsage_fairloss_a50_mb,tpr,amplification,0.3937245930981098,0.3350928102044497,0.45243754253014884,True,State,51,44,100,190039,,,
Victim Sex,named_n>=5000,graphsage_fairloss_a0_mb,graphsage_fairloss_a50_mb,fpr,gap,0.03988225385039135,0.03288132218848969,0.045674498765606523,True,State,51,44,100,190039,,,
Victim Sex,named_n>=5000,graphsage_fairloss_a0_mb,graphsage_fairloss_a50_mb,fpr,amplification,0.561590455015424,0.4634847995168788,0.6523292756007675,True,State,51,44,100,190039,,,
Victim Sex,named_n>=5000,graphsage_fairloss_a0_mb,graphsage_fairloss_a50_mb,selection_rate,signed_gap,-0.031561519457506626,-0.034614775710225115,-0.02829575538201084,True,State,51,44,100,190039,Male-Female,-0.0771853139186609,-0.04562379446115428
Victim Sex,named_n>=5000,graphsage_fairloss_a0_mb,graphsage_fairloss_a50_mb,tpr,signed_gap,-0.027960988348082916,-0.03144264799490046,-0.024118918060022903,True,State,51,44,100,190039,Male-Female,-0.06318081109262808,-0.03521982274454516
Victim Sex,named_n>=5000,graphsage_fairloss_a0_mb,graphsage_fairloss_a50_mb,fpr,signed_gap,-0.03988225385039135,-0.04568286081075954,-0.033101787466812624,True,State,51,44,100,190039,Male-Female,-0.050190279564396145,-0.010308025714004798
Victim Sex,named_all,graphsage_fairloss_a0_mb,graphsage_fairloss_a100_mb,selection_rate,gap,0.035099119464580664,0.03162584713429405,0.038384120902252565,True,State,51,44,100,190039,,,
Victim Sex,named_all,graphsage_fairloss_a0_mb,graphsage_fairloss_a100_mb,selection_rate,amplification,0.49423812768197306,0.4383614288311127,0.5505892212741441,True,State,51,44,100,190039,,,
Victim Sex,named_all,graphsage_fairloss_a0_mb,graphsage_fairloss_a100_mb,tpr,gap,0.03144130357935371,0.0275129773283309,0.035431361213626604,True,State,51,44,100,190039,,,
Victim Sex,named_all,graphsage_fairloss_a0_mb,graphsage_fairloss_a100_mb,tpr,amplification,0.44273164825748856,0.38035944582673165,0.5057255600045009,True,State,51,44,100,190039,,,
Victim Sex,named_all,graphsage_fairloss_a0_mb,graphsage_fairloss_a100_mb,fpr,gap,0.041935009609282425,0.034767599585586006,0.04866616640636838,True,State,51,44,100,190039,,,
Victim Sex,named_all,graphsage_fairloss_a0_mb,graphsage_fairloss_a100_mb,fpr,amplification,0.5904957431918559,0.47990304529793526,0.7006001351331412,True,State,51,44,100,190039,,,
Victim Sex,named_all,graphsage_fairloss_a0_mb,graphsage_fairloss_a100_mb,selection_rate,signed_gap,-0.035099119464580664,-0.038384120902252565,-0.03162584713429405,True,State,51,44,100,190039,Male-Female,-0.0771853139186609,-0.04208619445408024
Victim Sex,named_all,graphsage_fairloss_a0_mb,graphsage_fairloss_a100_mb,tpr,signed_gap,-0.03144130357935371,-0.035431361213626604,-0.0275129773283309,True,State,51,44,100,190039,Male-Female,-0.06318081109262808,-0.03173950751327437
Victim Sex,named_all,graphsage_fairloss_a0_mb,graphsage_fairloss_a100_mb,fpr,signed_gap,-0.041935009609282425,-0.0491024786957052,-0.03477572971494499,True,State,51,44,100,190039,Male-Female,-0.050190279564396145,-0.00825526995511372
Victim Sex,named_n>=5000,graphsage_fairloss_a0_mb,graphsage_fairloss_a100_mb,selection_rate,gap,0.035099119464580664,0.03162584713429405,0.038384120902252565,True,State,51,44,100,190039,,,
Victim Sex,named_n>=5000,graphsage_fairloss_a0_mb,graphsage_fairloss_a100_mb,selection_rate,amplification,0.49423812768197306,0.4383614288311127,0.5505892212741441,True,State,51,44,100,190039,,,
Victim Sex,named_n>=5000,graphsage_fairloss_a0_mb,graphsage_fairloss_a100_mb,tpr,gap,0.03144130357935371,0.0275129773283309,0.035431361213626604,True,State,51,44,100,190039,,,
Victim Sex,named_n>=5000,graphsage_fairloss_a0_mb,graphsage_fairloss_a100_mb,tpr,amplification,0.44273164825748856,0.38035944582673165,0.5057255600045009,True,State,51,44,100,190039,,,
Victim Sex,named_n>=5000,graphsage_fairloss_a0_mb,graphsage_fairloss_a100_mb,fpr,gap,0.041935009609282425,0.034767599585586006,0.04866616640636838,True,State,51,44,100,190039,,,
Victim Sex,named_n>=5000,graphsage_fairloss_a0_mb,graphsage_fairloss_a100_mb,fpr,amplification,0.5904957431918559,0.47990304529793526,0.7006001351331412,True,State,51,44,100,190039,,,
Victim Sex,named_n>=5000,graphsage_fairloss_a0_mb,graphsage_fairloss_a100_mb,selection_rate,signed_gap,-0.035099119464580664,-0.038384120902252565,-0.03162584713429405,True,State,51,44,100,190039,Male-Female,-0.0771853139186609,-0.04208619445408024
Victim Sex,named_n>=5000,graphsage_fairloss_a0_mb,graphsage_fairloss_a100_mb,tpr,signed_gap,-0.03144130357935371,-0.035431361213626604,-0.0275129773283309,True,State,51,44,100,190039,Male-Female,-0.06318081109262808,-0.03173950751327437
Victim Sex,named_n>=5000,graphsage_fairloss_a0_mb,graphsage_fairloss_a100_mb,fpr,signed_gap,-0.041935009609282425,-0.0491024786957052,-0.03477572971494499,True,State,51,44,100,190039,Male-Female,-0.050190279564396145,-0.00825526995511372
Victim Sex,named_all,graphsage_fairloss_a0_mb,xgboost,selection_rate,gap,-0.10839575295429404,-0.11278843814025581,-0.10396619173977437,True,State,51,44,100,190039,,,
Victim Sex,named_all,graphsage_fairloss_a0_mb,xgboost,selection_rate,amplification,-1.5263435324316346,-1.6556986488994645,-1.413824319908804,True,State,51,44,100,190039,,,
Victim Sex,named_all,graphsage_fairloss_a0_mb,xgboost,tpr,gap,-0.11831971376334716,-0.12331555957996307,-0.11291080953871938,True,State,51,44,100,190039,,,
Victim Sex,named_all,graphsage_fairloss_a0_mb,xgboost,tpr,amplification,-1.6660849243604328,-1.810449665154575,-1.5359475141676324,True,State,51,44,100,190039,,,
Victim Sex,named_all,graphsage_fairloss_a0_mb,xgboost,fpr,gap,-0.08842212977188146,-0.09745133072599119,-0.07907703160572659,True,State,51,44,100,190039,,,
Victim Sex,named_all,graphsage_fairloss_a0_mb,xgboost,fpr,amplification,-1.2450907182502806,-1.4085922503281159,-1.0901984787905246,True,State,51,44,100,190039,,,
Victim Sex,named_all,graphsage_fairloss_a0_mb,xgboost,selection_rate,signed_gap,0.10839575295429404,0.10396619173977437,0.11278843814025581,True,State,51,44,100,190039,Male-Female,-0.0771853139186609,-0.18558106687295495
Victim Sex,named_all,graphsage_fairloss_a0_mb,xgboost,tpr,signed_gap,0.11831971376334716,0.11291080953871938,0.12331555957996307,True,State,51,44,100,190039,Male-Female,-0.06318081109262808,-0.18150052485597523
Victim Sex,named_all,graphsage_fairloss_a0_mb,xgboost,fpr,signed_gap,0.08842212977188146,0.07907703160572659,0.09745133072599119,True,State,51,44,100,190039,Male-Female,-0.050190279564396145,-0.1386124093362776
Victim Sex,named_n>=5000,graphsage_fairloss_a0_mb,xgboost,selection_rate,gap,-0.10839575295429404,-0.11278843814025581,-0.10396619173977437,True,State,51,44,100,190039,,,
Victim Sex,named_n>=5000,graphsage_fairloss_a0_mb,xgboost,selection_rate,amplification,-1.5263435324316346,-1.6556986488994645,-1.413824319908804,True,State,51,44,100,190039,,,
Victim Sex,named_n>=5000,graphsage_fairloss_a0_mb,xgboost,tpr,gap,-0.11831971376334716,-0.12331555957996307,-0.11291080953871938,True,State,51,44,100,190039,,,
Victim Sex,named_n>=5000,graphsage_fairloss_a0_mb,xgboost,tpr,amplification,-1.6660849243604328,-1.810449665154575,-1.5359475141676324,True,State,51,44,100,190039,,,
Victim Sex,named_n>=5000,graphsage_fairloss_a0_mb,xgboost,fpr,gap,-0.08842212977188146,-0.09745133072599119,-0.07907703160572659,True,State,51,44,100,190039,,,
Victim Sex,named_n>=5000,graphsage_fairloss_a0_mb,xgboost,fpr,amplification,-1.2450907182502806,-1.4085922503281159,-1.0901984787905246,True,State,51,44,100,190039,,,
Victim Sex,named_n>=5000,graphsage_fairloss_a0_mb,xgboost,selection_rate,signed_gap,0.10839575295429404,0.10396619173977437,0.11278843814025581,True,State,51,44,100,190039,Male-Female,-0.0771853139186609,-0.18558106687295495
Victim Sex,named_n>=5000,graphsage_fairloss_a0_mb,xgboost,tpr,signed_gap,0.11831971376334716,0.11291080953871938,0.12331555957996307,True,State,51,44,100,190039,Male-Female,-0.06318081109262808,-0.18150052485597523
Victim Sex,named_n>=5000,graphsage_fairloss_a0_mb,xgboost,fpr,signed_gap,0.08842212977188146,0.07907703160572659,0.09745133072599119,True,State,51,44,100,190039,Male-Female,-0.050190279564396145,-0.1386124093362776
Victim Sex,named_all,graphsage_fairloss_a0_mb,xgboost_blind,selection_rate,gap,0.011314303101225387,0.007594621392038309,0.01515140332793166,True,State,51,44,100,190039,,,
Victim Sex,named_all,graphsage_fairloss_a0_mb,xgboost_blind,selection_rate,amplification,0.15931909592259008,0.10795530494147082,0.21664950022401538,True,State,51,44,100,190039,,,
Victim Sex,named_all,graphsage_fairloss_a0_mb,xgboost_blind,tpr,gap,0.00583944478638565,0.0013749609349927444,0.010440222690549122,True,State,51,44,100,190039,,,
Victim Sex,named_all,graphsage_fairloss_a0_mb,xgboost_blind,tpr,amplification,0.0822264575850089,0.020554605653009185,0.14805043674100174,True,State,51,44,100,190039,,,
Victim Sex,named_all,graphsage_fairloss_a0_mb,xgboost_blind,fpr,gap,0.021976758622248793,0.014383335504284386,0.030055142060777938,True,State,51,44,100,190039,,,
Victim Sex,named_all,graphsage_fairloss_a0_mb,xgboost_blind,fpr,amplification,0.3094593881461826,0.20002175200681238,0.43282055576517436,True,State,51,44,100,190039,,,
Victim Sex,named_all,graphsage_fairloss_a0_mb,xgboost_blind,selection_rate,signed_gap,-0.011314303101225387,-0.015151403327931662,-0.007594621392038309,True,State,51,44,100,190039,Male-Female,-0.0771853139186609,-0.06587101081743552
Victim Sex,named_all,graphsage_fairloss_a0_mb,xgboost_blind,tpr,signed_gap,-0.00583944478638565,-0.010440222690549122,-0.0013749609349927448,True,State,51,44,100,190039,Male-Female,-0.06318081109262808,-0.057341366306242425
Victim Sex,named_all,graphsage_fairloss_a0_mb,xgboost_blind,fpr,signed_gap,-0.021976758622248793,-0.030055142060777945,-0.014383335504284386,True,State,51,44,100,190039,Male-Female,-0.050190279564396145,-0.028213520942147352
Victim Sex,named_n>=5000,graphsage_fairloss_a0_mb,xgboost_blind,selection_rate,gap,0.011314303101225387,0.007594621392038309,0.01515140332793166,True,State,51,44,100,190039,,,
Victim Sex,named_n>=5000,graphsage_fairloss_a0_mb,xgboost_blind,selection_rate,amplification,0.15931909592259008,0.10795530494147082,0.21664950022401538,True,State,51,44,100,190039,,,
Victim Sex,named_n>=5000,graphsage_fairloss_a0_mb,xgboost_blind,tpr,gap,0.00583944478638565,0.0013749609349927444,0.010440222690549122,True,State,51,44,100,190039,,,
Victim Sex,named_n>=5000,graphsage_fairloss_a0_mb,xgboost_blind,tpr,amplification,0.0822264575850089,0.020554605653009185,0.14805043674100174,True,State,51,44,100,190039,,,
Victim Sex,named_n>=5000,graphsage_fairloss_a0_mb,xgboost_blind,fpr,gap,0.021976758622248793,0.014383335504284386,0.030055142060777938,True,State,51,44,100,190039,,,
Victim Sex,named_n>=5000,graphsage_fairloss_a0_mb,xgboost_blind,fpr,amplification,0.3094593881461826,0.20002175200681238,0.43282055576517436,True,State,51,44,100,190039,,,
Victim Sex,named_n>=5000,graphsage_fairloss_a0_mb,xgboost_blind,selection_rate,signed_gap,-0.011314303101225387,-0.015151403327931662,-0.007594621392038309,True,State,51,44,100,190039,Male-Female,-0.0771853139186609,-0.06587101081743552
Victim Sex,named_n>=5000,graphsage_fairloss_a0_mb,xgboost_blind,tpr,signed_gap,-0.00583944478638565,-0.010440222690549122,-0.0013749609349927448,True,State,51,44,100,190039,Male-Female,-0.06318081109262808,-0.057341366306242425
Victim Sex,named_n>=5000,graphsage_fairloss_a0_mb,xgboost_blind,fpr,signed_gap,-0.021976758622248793,-0.030055142060777945,-0.014383335504284386,True,State,51,44,100,190039,Male-Female,-0.050190279564396145,-0.028213520942147352
Victim Sex,named_all,graphsage_fairloss_a0_mb,logreg,selection_rate,gap,-0.13313146648364127,-0.13727705763341366,-0.12883800432958228,True,State,51,44,100,190039,,,
Victim Sex,named_all,graphsage_fairloss_a0_mb,logreg,selection_rate,amplification,-1.8746523483823903,-2.021912959170911,-1.7432235284451696,True,State,51,44,100,190039,,,
Victim Sex,named_all,graphsage_fairloss_a0_mb,logreg,tpr,gap,-0.1466922739435974,-0.1516096093283127,-0.14158003595368146,True,State,51,44,100,190039,,,
Victim Sex,named_all,graphsage_fairloss_a0_mb,logreg,tpr,amplification,-2.0656049475103506,-2.2289455146675796,-1.917381670094199,True,State,51,44,100,190039,,,
Victim Sex,named_all,graphsage_fairloss_a0_mb,logreg,fpr,gap,-0.12677785457670065,-0.1349505966170352,-0.1175779967509494,True,State,51,44,100,190039,,,
Victim Sex,named_all,graphsage_fairloss_a0_mb,logreg,fpr,amplification,-1.7851857947820056,-1.9574226982189886,-1.6254932378122464,True,State,51,44,100,190039,,,
Victim Sex,named_all,graphsage_fairloss_a0_mb,logreg,selection_rate,signed_gap,0.13313146648364127,0.12883800432958228,0.13727705763341366,True,State,51,44,100,190039,Male-Female,-0.0771853139186609,-0.21031678040230217
Victim Sex,named_all,graphsage_fairloss_a0_mb,logreg,tpr,signed_gap,0.1466922739435974,0.14158003595368146,0.1516096093283127,True,State,51,44,100,190039,Male-Female,-0.06318081109262808,-0.20987308503622548
Victim Sex,named_all,graphsage_fairloss_a0_mb,logreg,fpr,signed_gap,0.12677785457670065,0.1175779967509494,0.1349505966170352,True,State,51,44,100,190039,Male-Female,-0.050190279564396145,-0.1769681341410968
Victim Sex,named_n>=5000,graphsage_fairloss_a0_mb,logreg,selection_rate,gap,-0.13313146648364127,-0.13727705763341366,-0.12883800432958228,True,State,51,44,100,190039,,,
Victim Sex,named_n>=5000,graphsage_fairloss_a0_mb,logreg,selection_rate,amplification,-1.8746523483823903,-2.021912959170911,-1.7432235284451696,True,State,51,44,100,190039,,,
Victim Sex,named_n>=5000,graphsage_fairloss_a0_mb,logreg,tpr,gap,-0.1466922739435974,-0.1516096093283127,-0.14158003595368146,True,State,51,44,100,190039,,,
Victim Sex,named_n>=5000,graphsage_fairloss_a0_mb,logreg,tpr,amplification,-2.0656049475103506,-2.2289455146675796,-1.917381670094199,True,State,51,44,100,190039,,,
Victim Sex,named_n>=5000,graphsage_fairloss_a0_mb,logreg,fpr,gap,-0.12677785457670065,-0.1349505966170352,-0.1175779967509494,True,State,51,44,100,190039,,,
Victim Sex,named_n>=5000,graphsage_fairloss_a0_mb,logreg,fpr,amplification,-1.7851857947820056,-1.9574226982189886,-1.6254932378122464,True,State,51,44,100,190039,,,
Victim Sex,named_n>=5000,graphsage_fairloss_a0_mb,logreg,selection_rate,signed_gap,0.13313146648364127,0.12883800432958228,0.13727705763341366,True,State,51,44,100,190039,Male-Female,-0.0771853139186609,-0.21031678040230217
Victim Sex,named_n>=5000,graphsage_fairloss_a0_mb,logreg,tpr,signed_gap,0.1466922739435974,0.14158003595368146,0.1516096093283127,True,State,51,44,100,190039,Male-Female,-0.06318081109262808,-0.20987308503622548
Victim Sex,named_n>=5000,graphsage_fairloss_a0_mb,logreg,fpr,signed_gap,0.12677785457670065,0.1175779967509494,0.1349505966170352,True,State,51,44,100,190039,Male-Female,-0.050190279564396145,-0.1769681341410968
Victim Sex,named_all,graphsage_fairloss_a0_mb,logreg_blind,selection_rate,gap,0.020971502210431647,0.01656549578286138,0.02503076496351456,True,State,51,44,100,190039,,,
Victim Sex,named_all,graphsage_fairloss_a0_mb,logreg_blind,selection_rate,amplification,0.29530415991266035,0.23434271496397577,0.35587573491830654,True,State,51,44,100,190039,,,
Victim Sex,named_all,graphsage_fairloss_a0_mb,logreg_blind,tpr,gap,0.012325228867047011,0.007096948257727165,0.016997214377470933,True,State,51,44,100,190039,,,
Victim Sex,named_all,graphsage_fairloss_a0_mb,logreg_blind,tpr,amplification,0.17355415552940856,0.09969769066223878,0.2433970709026284,True,State,51,44,100,190039,,,
Victim Sex,named_all,graphsage_fairloss_a0_mb,logreg_blind,fpr,gap,0.02092196024534243,0.01278393253449347,0.029747345925664182,True,State,51,44,100,190039,,,
Victim Sex,named_all,graphsage_fairloss_a0_mb,logreg_blind,fpr,amplification,0.29460654901982614,0.18268601166778395,0.4239558493480707,True,State,51,44,100,190039,,,
Victim Sex,named_all,graphsage_fairloss_a0_mb,logreg_blind,selection_rate,signed_gap,-0.020971502210431647,-0.025030764963514564,-0.016565495782861383,True,State,51,44,100,190039,Male-Female,-0.0771853139186609,-0.056213811708229255
Victim Sex,named_all,graphsage_fairloss_a0_mb,logreg_blind,tpr,signed_gap,-0.012325228867047011,-0.016997214377470933,-0.007096948257727165,True,State,51,44,100,190039,Male-Female,-0.06318081109262808,-0.050855582225581064
Victim Sex,named_all,graphsage_fairloss_a0_mb,logreg_blind,fpr,signed_gap,-0.02092196024534243,-0.029747345925664186,-0.012783932534493472,True,State,51,44,100,190039,Male-Female,-0.050190279564396145,-0.029268319319053715
Victim Sex,named_n>=5000,graphsage_fairloss_a0_mb,logreg_blind,selection_rate,gap,0.020971502210431647,0.01656549578286138,0.02503076496351456,True,State,51,44,100,190039,,,
Victim Sex,named_n>=5000,graphsage_fairloss_a0_mb,logreg_blind,selection_rate,amplification,0.29530415991266035,0.23434271496397577,0.35587573491830654,True,State,51,44,100,190039,,,
Victim Sex,named_n>=5000,graphsage_fairloss_a0_mb,logreg_blind,tpr,gap,0.012325228867047011,0.007096948257727165,0.016997214377470933,True,State,51,44,100,190039,,,
Victim Sex,named_n>=5000,graphsage_fairloss_a0_mb,logreg_blind,tpr,amplification,0.17355415552940856,0.09969769066223878,0.2433970709026284,True,State,51,44,100,190039,,,
Victim Sex,named_n>=5000,graphsage_fairloss_a0_mb,logreg_blind,fpr,gap,0.02092196024534243,0.01278393253449347,0.029747345925664182,True,State,51,44,100,190039,,,
Victim Sex,named_n>=5000,graphsage_fairloss_a0_mb,logreg_blind,fpr,amplification,0.29460654901982614,0.18268601166778395,0.4239558493480707,True,State,51,44,100,190039,,,
Victim Sex,named_n>=5000,graphsage_fairloss_a0_mb,logreg_blind,selection_rate,signed_gap,-0.020971502210431647,-0.025030764963514564,-0.016565495782861383,True,State,51,44,100,190039,Male-Female,-0.0771853139186609,-0.056213811708229255
Victim Sex,named_n>=5000,graphsage_fairloss_a0_mb,logreg_blind,tpr,signed_gap,-0.012325228867047011,-0.016997214377470933,-0.007096948257727165,True,State,51,44,100,190039,Male-Female,-0.06318081109262808,-0.050855582225581064
Victim Sex,named_n>=5000,graphsage_fairloss_a0_mb,logreg_blind,fpr,signed_gap,-0.02092196024534243,-0.029747345925664186,-0.012783932534493472,True,State,51,44,100,190039,Male-Female,-0.050190279564396145,-0.029268319319053715
Victim Sex,named_all,graphsage_fairloss_a10_mb,graphsage_fairloss_a25_mb,selection_rate,gap,0.005723950580398873,0.0035849819992263636,0.007747571323352708,True,State,51,44,100,190039,,,
Victim Sex,named_all,graphsage_fairloss_a10_mb,graphsage_fairloss_a25_mb,selection_rate,amplification,0.08060015923348984,0.050023661082567866,0.11119416700170585,True,State,51,44,100,190039,,,
Victim Sex,named_all,graphsage_fairloss_a10_mb,graphsage_fairloss_a25_mb,tpr,gap,0.005880121172344155,0.0033474912413825495,0.00832147085892337,True,State,51,44,100,190039,,,
Victim Sex,named_all,graphsage_fairloss_a10_mb,graphsage_fairloss_a25_mb,tpr,amplification,0.08279923038226633,0.047015564170930293,0.11890473933326019,True,State,51,44,100,190039,,,
Victim Sex,named_all,graphsage_fairloss_a10_mb,graphsage_fairloss_a25_mb,fpr,gap,0.005232064359129596,0.000161164279276062,0.009899388366470944,True,State,51,44,100,190039,,,
Victim Sex,named_all,graphsage_fairloss_a10_mb,graphsage_fairloss_a25_mb,fpr,amplification,0.07367380527529391,0.0022864253541277765,0.14073174859666596,True,State,51,44,100,190039,,,
Victim Sex,named_all,graphsage_fairloss_a10_mb,graphsage_fairloss_a25_mb,selection_rate,signed_gap,-0.005723950580398873,-0.007747571323352709,-0.003584981999226364,True,State,51,44,100,190039,Male-Female,-0.050107125051621626,-0.04438317447122275
Victim Sex,named_all,graphsage_fairloss_a10_mb,graphsage_fairloss_a25_mb,tpr,signed_gap,-0.005880121172344155,-0.00832147085892337,-0.00334749124138255,True,State,51,44,100,190039,Male-Female,-0.04006315457557896,-0.03418303340323481
Victim Sex,named_all,graphsage_fairloss_a10_mb,graphsage_fairloss_a25_mb,fpr,signed_gap,-0.005232064359129596,-0.01021001134404383,-0.0008172110243007459,True,State,51,44,100,190039,Male-Female,-0.012911872140825398,-0.007679807781695802
Victim Sex,named_n>=5000,graphsage_fairloss_a10_mb,graphsage_fairloss_a25_mb,selection_rate,gap,0.005723950580398873,0.0035849819992263636,0.007747571323352708,True,State,51,44,100,190039,,,
Victim Sex,named_n>=5000,graphsage_fairloss_a10_mb,graphsage_fairloss_a25_mb,selection_rate,amplification,0.08060015923348984,0.050023661082567866,0.11119416700170585,True,State,51,44,100,190039,,,
Victim Sex,named_n>=5000,graphsage_fairloss_a10_mb,graphsage_fairloss_a25_mb,tpr,gap,0.005880121172344155,0.0033474912413825495,0.00832147085892337,True,State,51,44,100,190039,,,
Victim Sex,named_n>=5000,graphsage_fairloss_a10_mb,graphsage_fairloss_a25_mb,tpr,amplification,0.08279923038226633,0.047015564170930293,0.11890473933326019,True,State,51,44,100,190039,,,
Victim Sex,named_n>=5000,graphsage_fairloss_a10_mb,graphsage_fairloss_a25_mb,fpr,gap,0.005232064359129596,0.000161164279276062,0.009899388366470944,True,State,51,44,100,190039,,,
Victim Sex,named_n>=5000,graphsage_fairloss_a10_mb,graphsage_fairloss_a25_mb,fpr,amplification,0.07367380527529391,0.0022864253541277765,0.14073174859666596,True,State,51,44,100,190039,,,
Victim Sex,named_n>=5000,graphsage_fairloss_a10_mb,graphsage_fairloss_a25_mb,selection_rate,signed_gap,-0.005723950580398873,-0.007747571323352709,-0.003584981999226364,True,State,51,44,100,190039,Male-Female,-0.050107125051621626,-0.04438317447122275
Victim Sex,named_n>=5000,graphsage_fairloss_a10_mb,graphsage_fairloss_a25_mb,tpr,signed_gap,-0.005880121172344155,-0.00832147085892337,-0.00334749124138255,True,State,51,44,100,190039,Male-Female,-0.04006315457557896,-0.03418303340323481
Victim Sex,named_n>=5000,graphsage_fairloss_a10_mb,graphsage_fairloss_a25_mb,fpr,signed_gap,-0.005232064359129596,-0.01021001134404383,-0.0008172110243007459,True,State,51,44,100,190039,Male-Female,-0.012911872140825398,-0.007679807781695802
Victim Sex,named_all,graphsage_fairloss_a10_mb,graphsage_fairloss_a50_mb,selection_rate,gap,0.004483330590467349,0.002434776540338629,0.006458822994763208,True,State,51,44,100,190039,,,
Victim Sex,named_all,graphsage_fairloss_a10_mb,graphsage_fairloss_a50_mb,selection_rate,amplification,0.063130726656774,0.03351776526866225,0.09148908898429277,True,State,51,44,100,190039,,,
Victim Sex,named_all,graphsage_fairloss_a10_mb,graphsage_fairloss_a50_mb,tpr,gap,0.004843331831033804,0.0023849010028012207,0.007323058832556808,True,State,51,44,100,190039,,,
Victim Sex,named_all,graphsage_fairloss_a10_mb,graphsage_fairloss_a50_mb,tpr,amplification,0.06819998029660679,0.034022002029994995,0.10453432865572122,True,State,51,44,100,190039,,,
Victim Sex,named_all,graphsage_fairloss_a10_mb,graphsage_fairloss_a50_mb,fpr,gap,0.0026038464268205996,-0.0019244451094928353,0.006476952582650545,False,State,51,44,100,190039,,,
Victim Sex,named_all,graphsage_fairloss_a10_mb,graphsage_fairloss_a50_mb,fpr,amplification,0.03666531247491464,-0.027242150572298476,0.09118977838062925,False,State,51,44,100,190039,,,
Victim Sex,named_all,graphsage_fairloss_a10_mb,graphsage_fairloss_a50_mb,selection_rate,signed_gap,-0.004483330590467349,-0.006458822994763208,-0.0024347765403386302,True,State,51,44,100,190039,Male-Female,-0.050107125051621626,-0.04562379446115428
Victim Sex,named_all,graphsage_fairloss_a10_mb,graphsage_fairloss_a50_mb,tpr,signed_gap,-0.004843331831033804,-0.0073230588325568086,-0.0023849010028012215,True,State,51,44,100,190039,Male-Female,-0.04006315457557896,-0.03521982274454516
Victim Sex,named_all,graphsage_fairloss_a10_mb,graphsage_fairloss_a50_mb,fpr,signed_gap,-0.0026038464268205996,-0.006492439042104533,0.00181351837410635,False,State,51,44,100,190039,Male-Female,-0.012911872140825398,-0.010308025714004798
Victim Sex,named_n>=5000,graphsage_fairloss_a10_mb,graphsage_fairloss_a50_mb,selection_rate,gap,0.004483330590467349,0.002434776540338629,0.006458822994763208,True,State,51,44,100,190039,,,
Victim Sex,named_n>=5000,graphsage_fairloss_a10_mb,graphsage_fairloss_a50_mb,selection_rate,amplification,0.063130726656774,0.03351776526866225,0.09148908898429277,True,State,51,44,100,190039,,,
Victim Sex,named_n>=5000,graphsage_fairloss_a10_mb,graphsage_fairloss_a50_mb,tpr,gap,0.004843331831033804,0.0023849010028012207,0.007323058832556808,True,State,51,44,100,190039,,,
Victim Sex,named_n>=5000,graphsage_fairloss_a10_mb,graphsage_fairloss_a50_mb,tpr,amplification,0.06819998029660679,0.034022002029994995,0.10453432865572122,True,State,51,44,100,190039,,,
Victim Sex,named_n>=5000,graphsage_fairloss_a10_mb,graphsage_fairloss_a50_mb,fpr,gap,0.0026038464268205996,-0.0019244451094928353,0.006476952582650545,False,State,51,44,100,190039,,,
Victim Sex,named_n>=5000,graphsage_fairloss_a10_mb,graphsage_fairloss_a50_mb,fpr,amplification,0.03666531247491464,-0.027242150572298476,0.09118977838062925,False,State,51,44,100,190039,,,
Victim Sex,named_n>=5000,graphsage_fairloss_a10_mb,graphsage_fairloss_a50_mb,selection_rate,signed_gap,-0.004483330590467349,-0.006458822994763208,-0.0024347765403386302,True,State,51,44,100,190039,Male-Female,-0.050107125051621626,-0.04562379446115428
Victim Sex,named_n>=5000,graphsage_fairloss_a10_mb,graphsage_fairloss_a50_mb,tpr,signed_gap,-0.004843331831033804,-0.0073230588325568086,-0.0023849010028012215,True,State,51,44,100,190039,Male-Female,-0.04006315457557896,-0.03521982274454516
Victim Sex,named_n>=5000,graphsage_fairloss_a10_mb,graphsage_fairloss_a50_mb,fpr,signed_gap,-0.0026038464268205996,-0.006492439042104533,0.00181351837410635,False,State,51,44,100,190039,Male-Female,-0.012911872140825398,-0.010308025714004798
Victim Sex,named_all,graphsage_fairloss_a10_mb,graphsage_fairloss_a100_mb,selection_rate,gap,0.008020930597541387,0.005708283129051967,0.010409976906022758,True,State,51,44,100,190039,,,
Victim Sex,named_all,graphsage_fairloss_a10_mb,graphsage_fairloss_a100_mb,selection_rate,amplification,0.11294442086492573,0.08067999524087083,0.14870519867371376,True,State,51,44,100,190039,,,
Victim Sex,named_all,graphsage_fairloss_a10_mb,graphsage_fairloss_a100_mb,tpr,gap,0.008323647062304596,0.0054985323824368075,0.011186981864561648,True,State,51,44,100,190039,,,
Victim Sex,named_all,graphsage_fairloss_a10_mb,graphsage_fairloss_a100_mb,tpr,amplification,0.11720703545598554,0.07853019388223063,0.15902125174159892,True,State,51,44,100,190039,,,
Victim Sex,named_all,graphsage_fairloss_a10_mb,graphsage_fairloss_a100_mb,fpr,gap,0.004656602185711678,-0.001043577540132079,0.009229464545185452,False,State,51,44,100,190039,,,
Victim Sex,named_all,graphsage_fairloss_a10_mb,graphsage_fairloss_a100_mb,fpr,amplification,0.06557060065134655,-0.014467569507607773,0.13336021741894594,False,State,51,44,100,190039,,,
Victim Sex,named_all,graphsage_fairloss_a10_mb,graphsage_fairloss_a100_mb,selection_rate,signed_gap,-0.008020930597541387,-0.010409976906022758,-0.005708283129051967,True,State,51,44,100,190039,Male-Female,-0.050107125051621626,-0.04208619445408024
Victim Sex,named_all,graphsage_fairloss_a10_mb,graphsage_fairloss_a100_mb,tpr,signed_gap,-0.008323647062304596,-0.011186981864561648,-0.0054985323824368075,True,State,51,44,100,190039,Male-Female,-0.04006315457557896,-0.03173950751327437
Victim Sex,named_all,graphsage_fairloss_a10_mb,graphsage_fairloss_a100_mb,fpr,signed_gap,-0.004656602185711678,-0.009477776391088624,0.0003566188536461217,False,State,51,44,100,190039,Male-Female,-0.012911872140825398,-0.00825526995511372
Victim Sex,named_n>=5000,graphsage_fairloss_a10_mb,graphsage_fairloss_a100_mb,selection_rate,gap,0.008020930597541387,0.005708283129051967,0.010409976906022758,True,State,51,44,100,190039,,,
Victim Sex,named_n>=5000,graphsage_fairloss_a10_mb,graphsage_fairloss_a100_mb,selection_rate,amplification,0.11294442086492573,0.08067999524087083,0.14870519867371376,True,State,51,44,100,190039,,,
Victim Sex,named_n>=5000,graphsage_fairloss_a10_mb,graphsage_fairloss_a100_mb,tpr,gap,0.008323647062304596,0.0054985323824368075,0.011186981864561648,True,State,51,44,100,190039,,,
Victim Sex,named_n>=5000,graphsage_fairloss_a10_mb,graphsage_fairloss_a100_mb,tpr,amplification,0.11720703545598554,0.07853019388223063,0.15902125174159892,True,State,51,44,100,190039,,,
Victim Sex,named_n>=5000,graphsage_fairloss_a10_mb,graphsage_fairloss_a100_mb,fpr,gap,0.004656602185711678,-0.001043577540132079,0.009229464545185452,False,State,51,44,100,190039,,,
Victim Sex,named_n>=5000,graphsage_fairloss_a10_mb,graphsage_fairloss_a100_mb,fpr,amplification,0.06557060065134655,-0.014467569507607773,0.13336021741894594,False,State,51,44,100,190039,,,
Victim Sex,named_n>=5000,graphsage_fairloss_a10_mb,graphsage_fairloss_a100_mb,selection_rate,signed_gap,-0.008020930597541387,-0.010409976906022758,-0.005708283129051967,True,State,51,44,100,190039,Male-Female,-0.050107125051621626,-0.04208619445408024
Victim Sex,named_n>=5000,graphsage_fairloss_a10_mb,graphsage_fairloss_a100_mb,tpr,signed_gap,-0.008323647062304596,-0.011186981864561648,-0.0054985323824368075,True,State,51,44,100,190039,Male-Female,-0.04006315457557896,-0.03173950751327437
Victim Sex,named_n>=5000,graphsage_fairloss_a10_mb,graphsage_fairloss_a100_mb,fpr,signed_gap,-0.004656602185711678,-0.009477776391088624,0.0003566188536461217,False,State,51,44,100,190039,Male-Female,-0.012911872140825398,-0.00825526995511372
Victim Sex,named_all,graphsage_fairloss_a10_mb,xgboost,selection_rate,gap,-0.13547394182133332,-0.1395778945293466,-0.1312250228026714,True,State,51,44,100,190039,,,
Victim Sex,named_all,graphsage_fairloss_a10_mb,xgboost,selection_rate,amplification,-1.907637239248682,-2.054974010354306,-1.7690503196418583,True,State,51,44,100,190039,,,
Victim Sex,named_all,graphsage_fairloss_a10_mb,xgboost,tpr,gap,-0.14143737028039627,-0.146516655065603,-0.13617641514443196,True,State,51,44,100,190039,,,
Victim Sex,named_all,graphsage_fairloss_a10_mb,xgboost,tpr,amplification,-1.9916095371619358,-2.152490602003665,-1.840510428731386,True,State,51,44,100,190039,,,
Victim Sex,named_all,graphsage_fairloss_a10_mb,xgboost,fpr,gap,-0.1257005371954522,-0.13453891189671555,-0.11665162963430836,True,State,51,44,100,190039,,,
Victim Sex,named_all,graphsage_fairloss_a10_mb,xgboost,fpr,amplification,-1.77001586079079,-1.9464571228844183,-1.5949674230426127,True,State,51,44,100,190039,,,
Victim Sex,named_all,graphsage_fairloss_a10_mb,xgboost,selection_rate,signed_gap,0.13547394182133332,0.1312250228026714,0.1395778945293466,True,State,51,44,100,190039,Male-Female,-0.050107125051621626,-0.18558106687295495
Victim Sex,named_all,graphsage_fairloss_a10_mb,xgboost,tpr,signed_gap,0.14143737028039627,0.13617641514443196,0.146516655065603,True,State,51,44,100,190039,Male-Female,-0.04006315457557896,-0.18150052485597523
Victim Sex,named_all,graphsage_fairloss_a10_mb,xgboost,fpr,signed_gap,0.1257005371954522,0.11668607867085148,0.1346389281884007,True,State,51,44,100,190039,Male-Female,-0.012911872140825398,-0.1386124093362776
Victim Sex,named_n>=5000,graphsage_fairloss_a10_mb,xgboost,selection_rate,gap,-0.13547394182133332,-0.1395778945293466,-0.1312250228026714,True,State,51,44,100,190039,,,
Victim Sex,named_n>=5000,graphsage_fairloss_a10_mb,xgboost,selection_rate,amplification,-1.907637239248682,-2.054974010354306,-1.7690503196418583,True,State,51,44,100,190039,,,
Victim Sex,named_n>=5000,graphsage_fairloss_a10_mb,xgboost,tpr,gap,-0.14143737028039627,-0.146516655065603,-0.13617641514443196,True,State,51,44,100,190039,,,
Victim Sex,named_n>=5000,graphsage_fairloss_a10_mb,xgboost,tpr,amplification,-1.9916095371619358,-2.152490602003665,-1.840510428731386,True,State,51,44,100,190039,,,
Victim Sex,named_n>=5000,graphsage_fairloss_a10_mb,xgboost,fpr,gap,-0.1257005371954522,-0.13453891189671555,-0.11665162963430836,True,State,51,44,100,190039,,,
Victim Sex,named_n>=5000,graphsage_fairloss_a10_mb,xgboost,fpr,amplification,-1.77001586079079,-1.9464571228844183,-1.5949674230426127,True,State,51,44,100,190039,,,
Victim Sex,named_n>=5000,graphsage_fairloss_a10_mb,xgboost,selection_rate,signed_gap,0.13547394182133332,0.1312250228026714,0.1395778945293466,True,State,51,44,100,190039,Male-Female,-0.050107125051621626,-0.18558106687295495
Victim Sex,named_n>=5000,graphsage_fairloss_a10_mb,xgboost,tpr,signed_gap,0.14143737028039627,0.13617641514443196,0.146516655065603,True,State,51,44,100,190039,Male-Female,-0.04006315457557896,-0.18150052485597523
Victim Sex,named_n>=5000,graphsage_fairloss_a10_mb,xgboost,fpr,signed_gap,0.1257005371954522,0.11668607867085148,0.1346389281884007,True,State,51,44,100,190039,Male-Female,-0.012911872140825398,-0.1386124093362776
Victim Sex,named_all,graphsage_fairloss_a10_mb,xgboost_blind,selection_rate,gap,-0.01576388576581389,-0.019752044186627186,-0.011470754107544846,True,State,51,44,100,190039,,,
Victim Sex,named_all,graphsage_fairloss_a10_mb,xgboost_blind,selection_rate,amplification,-0.22197461089445725,-0.28120897328488287,-0.15996177655881347,True,State,51,44,100,190039,,,
Victim Sex,named_all,graphsage_fairloss_a10_mb,xgboost_blind,tpr,gap,-0.017278211730663462,-0.021875026453983325,-0.012408412998857907,True,State,51,44,100,190039,,,
Victim Sex,named_all,graphsage_fairloss_a10_mb,xgboost_blind,tpr,amplification,-0.24329815521649412,-0.3117366692318481,-0.17412756425283166,True,State,51,44,100,190039,,,
Victim Sex,named_all,graphsage_fairloss_a10_mb,xgboost_blind,fpr,gap,-0.015301648801321954,-0.023288157562756158,-0.0072296636273979755,True,State,51,44,100,190039,,,
Victim Sex,named_all,graphsage_fairloss_a10_mb,xgboost_blind,fpr,amplification,-0.21546575439432675,-0.3252799256689461,-0.10033541995156058,True,State,51,44,100,190039,,,
Victim Sex,named_all,graphsage_fairloss_a10_mb,xgboost_blind,selection_rate,signed_gap,0.01576388576581389,0.011470754107544844,0.019752044186627182,True,State,51,44,100,190039,Male-Female,-0.050107125051621626,-0.06587101081743552
Victim Sex,named_all,graphsage_fairloss_a10_mb,xgboost_blind,tpr,signed_gap,0.017278211730663462,0.012408412998857903,0.021875026453983325,True,State,51,44,100,190039,Male-Female,-0.04006315457557896,-0.057341366306242425
Victim Sex,named_all,graphsage_fairloss_a10_mb,xgboost_blind,fpr,signed_gap,0.015301648801321954,0.0072296636273979685,0.02328815756275615,True,State,51,44,100,190039,Male-Female,-0.012911872140825398,-0.028213520942147352
Victim Sex,named_n>=5000,graphsage_fairloss_a10_mb,xgboost_blind,selection_rate,gap,-0.01576388576581389,-0.019752044186627186,-0.011470754107544846,True,State,51,44,100,190039,,,
Victim Sex,named_n>=5000,graphsage_fairloss_a10_mb,xgboost_blind,selection_rate,amplification,-0.22197461089445725,-0.28120897328488287,-0.15996177655881347,True,State,51,44,100,190039,,,
Victim Sex,named_n>=5000,graphsage_fairloss_a10_mb,xgboost_blind,tpr,gap,-0.017278211730663462,-0.021875026453983325,-0.012408412998857907,True,State,51,44,100,190039,,,
Victim Sex,named_n>=5000,graphsage_fairloss_a10_mb,xgboost_blind,tpr,amplification,-0.24329815521649412,-0.3117366692318481,-0.17412756425283166,True,State,51,44,100,190039,,,
Victim Sex,named_n>=5000,graphsage_fairloss_a10_mb,xgboost_blind,fpr,gap,-0.015301648801321954,-0.023288157562756158,-0.0072296636273979755,True,State,51,44,100,190039,,,
Victim Sex,named_n>=5000,graphsage_fairloss_a10_mb,xgboost_blind,fpr,amplification,-0.21546575439432675,-0.3252799256689461,-0.10033541995156058,True,State,51,44,100,190039,,,
Victim Sex,named_n>=5000,graphsage_fairloss_a10_mb,xgboost_blind,selection_rate,signed_gap,0.01576388576581389,0.011470754107544844,0.019752044186627182,True,State,51,44,100,190039,Male-Female,-0.050107125051621626,-0.06587101081743552
Victim Sex,named_n>=5000,graphsage_fairloss_a10_mb,xgboost_blind,tpr,signed_gap,0.017278211730663462,0.012408412998857903,0.021875026453983325,True,State,51,44,100,190039,Male-Female,-0.04006315457557896,-0.057341366306242425
Victim Sex,named_n>=5000,graphsage_fairloss_a10_mb,xgboost_blind,fpr,signed_gap,0.015301648801321954,0.0072296636273979685,0.02328815756275615,True,State,51,44,100,190039,Male-Female,-0.012911872140825398,-0.028213520942147352
Victim Sex,named_all,graphsage_fairloss_a10_mb,logreg,selection_rate,gap,-0.16020965535068055,-0.16474842780490098,-0.15628269911453735,True,State,51,44,100,190039,,,
Victim Sex,named_all,graphsage_fairloss_a10_mb,logreg,selection_rate,amplification,-2.2559460551994377,-2.423273427974392,-2.1093257885513865,True,State,51,44,100,190039,,,
Victim Sex,named_all,graphsage_fairloss_a10_mb,logreg,tpr,gap,-0.16980993046064652,-0.1748943453820179,-0.1648727710114043,True,State,51,44,100,190039,,,
Victim Sex,named_all,graphsage_fairloss_a10_mb,logreg,tpr,amplification,-2.3911295603118536,-2.5737275767004615,-2.2296093292654757,True,State,51,44,100,190039,,,
Victim Sex,named_all,graphsage_fairloss_a10_mb,logreg,fpr,gap,-0.1640562620002714,-0.1727556550644775,-0.15544490371178407,True,State,51,44,100,190039,,,
Victim Sex,named_all,graphsage_fairloss_a10_mb,logreg,fpr,amplification,-2.310110937322515,-2.513091721028919,-2.122988936266632,True,State,51,44,100,190039,,,
Victim Sex,named_all,graphsage_fairloss_a10_mb,logreg,selection_rate,signed_gap,0.16020965535068055,0.15628269911453735,0.16474842780490098,True,State,51,44,100,190039,Male-Female,-0.050107125051621626,-0.21031678040230217
Victim Sex,named_all,graphsage_fairloss_a10_mb,logreg,tpr,signed_gap,0.16980993046064652,0.1648727710114043,0.1748943453820179,True,State,51,44,100,190039,Male-Female,-0.04006315457557896,-0.20987308503622548
Victim Sex,named_all,graphsage_fairloss_a10_mb,logreg,fpr,signed_gap,0.1640562620002714,0.15544490371178407,0.1727556550644775,True,State,51,44,100,190039,Male-Female,-0.012911872140825398,-0.1769681341410968
Victim Sex,named_n>=5000,graphsage_fairloss_a10_mb,logreg,selection_rate,gap,-0.16020965535068055,-0.16474842780490098,-0.15628269911453735,True,State,51,44,100,190039,,,
Victim Sex,named_n>=5000,graphsage_fairloss_a10_mb,logreg,selection_rate,amplification,-2.2559460551994377,-2.423273427974392,-2.1093257885513865,True,State,51,44,100,190039,,,
Victim Sex,named_n>=5000,graphsage_fairloss_a10_mb,logreg,tpr,gap,-0.16980993046064652,-0.1748943453820179,-0.1648727710114043,True,State,51,44,100,190039,,,
Victim Sex,named_n>=5000,graphsage_fairloss_a10_mb,logreg,tpr,amplification,-2.3911295603118536,-2.5737275767004615,-2.2296093292654757,True,State,51,44,100,190039,,,
Victim Sex,named_n>=5000,graphsage_fairloss_a10_mb,logreg,fpr,gap,-0.1640562620002714,-0.1727556550644775,-0.15544490371178407,True,State,51,44,100,190039,,,
Victim Sex,named_n>=5000,graphsage_fairloss_a10_mb,logreg,fpr,amplification,-2.310110937322515,-2.513091721028919,-2.122988936266632,True,State,51,44,100,190039,,,
Victim Sex,named_n>=5000,graphsage_fairloss_a10_mb,logreg,selection_rate,signed_gap,0.16020965535068055,0.15628269911453735,0.16474842780490098,True,State,51,44,100,190039,Male-Female,-0.050107125051621626,-0.21031678040230217
Victim Sex,named_n>=5000,graphsage_fairloss_a10_mb,logreg,tpr,signed_gap,0.16980993046064652,0.1648727710114043,0.1748943453820179,True,State,51,44,100,190039,Male-Female,-0.04006315457557896,-0.20987308503622548
Victim Sex,named_n>=5000,graphsage_fairloss_a10_mb,logreg,fpr,signed_gap,0.1640562620002714,0.15544490371178407,0.1727556550644775,True,State,51,44,100,190039,Male-Female,-0.012911872140825398,-0.1769681341410968
Victim Sex,named_all,graphsage_fairloss_a10_mb,logreg_blind,selection_rate,gap,-0.0061066866566076294,-0.010474769303022297,-0.0021221713326044864,True,State,51,44,100,190039,,,
Victim Sex,named_all,graphsage_fairloss_a10_mb,logreg_blind,selection_rate,amplification,-0.08598954690438698,-0.1487483721572486,-0.030188006999151275,True,State,51,44,100,190039,,,
Victim Sex,named_all,graphsage_fairloss_a10_mb,logreg_blind,tpr,gap,-0.010792427650002101,-0.015784767331369496,-0.00550441686818559,True,State,51,44,100,190039,,,
Victim Sex,named_all,graphsage_fairloss_a10_mb,logreg_blind,tpr,amplification,-0.15197045727209446,-0.22481604769051167,-0.07707568851993284,True,State,51,44,100,190039,,,
Victim Sex,named_all,graphsage_fairloss_a10_mb,logreg_blind,fpr,gap,-0.016356447178228317,-0.026079221295086993,-0.007913903160002686,True,State,51,44,100,190039,,,
Victim Sex,named_all,graphsage_fairloss_a10_mb,logreg_blind,fpr,amplification,-0.23031859352068323,-0.36464208927751046,-0.1119436030541346,True,State,51,44,100,190039,,,
Victim Sex,named_all,graphsage_fairloss_a10_mb,logreg_blind,selection_rate,signed_gap,0.0061066866566076294,0.002122171332604486,0.010474769303022295,True,State,51,44,100,190039,Male-Female,-0.050107125051621626,-0.056213811708229255
Victim Sex,named_all,graphsage_fairloss_a10_mb,logreg_blind,tpr,signed_gap,0.010792427650002101,0.005504416868185588,0.015784767331369496,True,State,51,44,100,190039,Male-Female,-0.04006315457557896,-0.050855582225581064
Victim Sex,named_all,graphsage_fairloss_a10_mb,logreg_blind,fpr,signed_gap,0.016356447178228317,0.007913903160002685,0.026079221295086993,True,State,51,44,100,190039,Male-Female,-0.012911872140825398,-0.029268319319053715
Victim Sex,named_n>=5000,graphsage_fairloss_a10_mb,logreg_blind,selection_rate,gap,-0.0061066866566076294,-0.010474769303022297,-0.0021221713326044864,True,State,51,44,100,190039,,,
Victim Sex,named_n>=5000,graphsage_fairloss_a10_mb,logreg_blind,selection_rate,amplification,-0.08598954690438698,-0.1487483721572486,-0.030188006999151275,True,State,51,44,100,190039,,,
Victim Sex,named_n>=5000,graphsage_fairloss_a10_mb,logreg_blind,tpr,gap,-0.010792427650002101,-0.015784767331369496,-0.00550441686818559,True,State,51,44,100,190039,,,
Victim Sex,named_n>=5000,graphsage_fairloss_a10_mb,logreg_blind,tpr,amplification,-0.15197045727209446,-0.22481604769051167,-0.07707568851993284,True,State,51,44,100,190039,,,
Victim Sex,named_n>=5000,graphsage_fairloss_a10_mb,logreg_blind,fpr,gap,-0.016356447178228317,-0.026079221295086993,-0.007913903160002686,True,State,51,44,100,190039,,,
Victim Sex,named_n>=5000,graphsage_fairloss_a10_mb,logreg_blind,fpr,amplification,-0.23031859352068323,-0.36464208927751046,-0.1119436030541346,True,State,51,44,100,190039,,,
Victim Sex,named_n>=5000,graphsage_fairloss_a10_mb,logreg_blind,selection_rate,signed_gap,0.0061066866566076294,0.002122171332604486,0.010474769303022295,True,State,51,44,100,190039,Male-Female,-0.050107125051621626,-0.056213811708229255
Victim Sex,named_n>=5000,graphsage_fairloss_a10_mb,logreg_blind,tpr,signed_gap,0.010792427650002101,0.005504416868185588,0.015784767331369496,True,State,51,44,100,190039,Male-Female,-0.04006315457557896,-0.050855582225581064
Victim Sex,named_n>=5000,graphsage_fairloss_a10_mb,logreg_blind,fpr,signed_gap,0.016356447178228317,0.007913903160002685,0.026079221295086993,True,State,51,44,100,190039,Male-Female,-0.012911872140825398,-0.029268319319053715
Victim Sex,named_all,graphsage_fairloss_a25_mb,graphsage_fairloss_a50_mb,selection_rate,gap,-0.001240619989931524,-0.0032004375914657683,0.0006258419461459996,False,State,51,44,100,190039,,,
Victim Sex,named_all,graphsage_fairloss_a25_mb,graphsage_fairloss_a50_mb,selection_rate,amplification,-0.01746943257671585,-0.045509689099491,0.008860254968769816,False,State,51,44,100,190039,,,
Victim Sex,named_all,graphsage_fairloss_a25_mb,graphsage_fairloss_a50_mb,tpr,gap,-0.0010367893413103513,-0.003179918281982602,0.0012388561379845285,False,State,51,44,100,190039,,,
Victim Sex,named_all,graphsage_fairloss_a25_mb,graphsage_fairloss_a50_mb,tpr,amplification,-0.014599250085659543,-0.044695964542414986,0.017658174141034825,False,State,51,44,100,190039,,,
Victim Sex,named_all,graphsage_fairloss_a25_mb,graphsage_fairloss_a50_mb,fpr,gap,-0.002628217932308996,-0.006796355243091341,0.00209722105878809,False,State,51,44,100,190039,,,
Victim Sex,named_all,graphsage_fairloss_a25_mb,graphsage_fairloss_a50_mb,fpr,amplification,-0.03700849280037927,-0.0943748700474626,0.03006625052663013,False,State,51,44,100,190039,,,
Victim Sex,named_all,graphsage_fairloss_a25_mb,graphsage_fairloss_a50_mb,selection_rate,signed_gap,0.001240619989931524,-0.0006258419461459997,0.0032004375914657683,False,State,51,44,100,190039,Male-Female,-0.04438317447122275,-0.04562379446115428
Victim Sex,named_all,graphsage_fairloss_a25_mb,graphsage_fairloss_a50_mb,tpr,signed_gap,0.0010367893413103513,-0.0012388561379845287,0.0031799182819826012,False,State,51,44,100,190039,Male-Female,-0.03418303340323481,-0.03521982274454516
Victim Sex,named_all,graphsage_fairloss_a25_mb,graphsage_fairloss_a50_mb,fpr,signed_gap,0.002628217932308996,-0.0013867097367307902,0.006875916859009739,False,State,51,44,100,190039,Male-Female,-0.007679807781695802,-0.010308025714004798
Victim Sex,named_n>=5000,graphsage_fairloss_a25_mb,graphsage_fairloss_a50_mb,selection_rate,gap,-0.001240619989931524,-0.0032004375914657683,0.0006258419461459996,False,State,51,44,100,190039,,,
Victim Sex,named_n>=5000,graphsage_fairloss_a25_mb,graphsage_fairloss_a50_mb,selection_rate,amplification,-0.01746943257671585,-0.045509689099491,0.008860254968769816,False,State,51,44,100,190039,,,
Victim Sex,named_n>=5000,graphsage_fairloss_a25_mb,graphsage_fairloss_a50_mb,tpr,gap,-0.0010367893413103513,-0.003179918281982602,0.0012388561379845285,False,State,51,44,100,190039,,,
Victim Sex,named_n>=5000,graphsage_fairloss_a25_mb,graphsage_fairloss_a50_mb,tpr,amplification,-0.014599250085659543,-0.044695964542414986,0.017658174141034825,False,State,51,44,100,190039,,,
Victim Sex,named_n>=5000,graphsage_fairloss_a25_mb,graphsage_fairloss_a50_mb,fpr,gap,-0.002628217932308996,-0.006796355243091341,0.00209722105878809,False,State,51,44,100,190039,,,
Victim Sex,named_n>=5000,graphsage_fairloss_a25_mb,graphsage_fairloss_a50_mb,fpr,amplification,-0.03700849280037927,-0.0943748700474626,0.03006625052663013,False,State,51,44,100,190039,,,
Victim Sex,named_n>=5000,graphsage_fairloss_a25_mb,graphsage_fairloss_a50_mb,selection_rate,signed_gap,0.001240619989931524,-0.0006258419461459997,0.0032004375914657683,False,State,51,44,100,190039,Male-Female,-0.04438317447122275,-0.04562379446115428
Victim Sex,named_n>=5000,graphsage_fairloss_a25_mb,graphsage_fairloss_a50_mb,tpr,signed_gap,0.0010367893413103513,-0.0012388561379845287,0.0031799182819826012,False,State,51,44,100,190039,Male-Female,-0.03418303340323481,-0.03521982274454516
Victim Sex,named_n>=5000,graphsage_fairloss_a25_mb,graphsage_fairloss_a50_mb,fpr,signed_gap,0.002628217932308996,-0.0013867097367307902,0.006875916859009739,False,State,51,44,100,190039,Male-Female,-0.007679807781695802,-0.010308025714004798
Victim Sex,named_all,graphsage_fairloss_a25_mb,graphsage_fairloss_a100_mb,selection_rate,gap,0.0022969800171425137,0.00035214307815883977,0.004404932377590012,True,State,51,44,100,190039,,,
Victim Sex,named_all,graphsage_fairloss_a25_mb,graphsage_fairloss_a100_mb,selection_rate,amplification,0.03234426163143589,0.005024011029817053,0.062106948607214545,True,State,51,44,100,190039,,,
Victim Sex,named_all,graphsage_fairloss_a25_mb,graphsage_fairloss_a100_mb,tpr,gap,0.0024435258899604406,-9.841711780585455e-05,0.005030285538260054,False,State,51,44,100,190039,,,
Victim Sex,named_all,graphsage_fairloss_a25_mb,graphsage_fairloss_a100_mb,tpr,amplification,0.03440780507371921,-0.0014088182620349188,0.07080819412885889,False,State,51,44,100,190039,,,
Victim Sex,named_all,graphsage_fairloss_a25_mb,graphsage_fairloss_a100_mb,fpr,gap,-0.0005754621734179177,-0.00452095157787188,0.0035823894940910147,False,State,51,44,100,190039,,,
Victim Sex,named_all,graphsage_fairloss_a25_mb,graphsage_fairloss_a100_mb,fpr,amplification,-0.008103204623947355,-0.06502891357585151,0.050615827100707146,False,State,51,44,100,190039,,,
Victim Sex,named_all,graphsage_fairloss_a25_mb,graphsage_fairloss_a100_mb,selection_rate,signed_gap,-0.0022969800171425137,-0.0044049323775900125,-0.0003521430781588403,True,State,51,44,100,190039,Male-Female,-0.04438317447122275,-0.04208619445408024
Victim Sex,named_all,graphsage_fairloss_a25_mb,graphsage_fairloss_a100_mb,tpr,signed_gap,-0.0024435258899604406,-0.005030285538260054,9.841711780585386e-05,False,State,51,44,100,190039,Male-Female,-0.03418303340323481,-0.03173950751327437
Victim Sex,named_all,graphsage_fairloss_a25_mb,graphsage_fairloss_a100_mb,fpr,signed_gap,0.0005754621734179177,-0.003711222928100015,0.00455423063135669,False,State,51,44,100,190039,Male-Female,-0.007679807781695802,-0.00825526995511372
Victim Sex,named_n>=5000,graphsage_fairloss_a25_mb,graphsage_fairloss_a100_mb,selection_rate,gap,0.0022969800171425137,0.00035214307815883977,0.004404932377590012,True,State,51,44,100,190039,,,
Victim Sex,named_n>=5000,graphsage_fairloss_a25_mb,graphsage_fairloss_a100_mb,selection_rate,amplification,0.03234426163143589,0.005024011029817053,0.062106948607214545,True,State,51,44,100,190039,,,
Victim Sex,named_n>=5000,graphsage_fairloss_a25_mb,graphsage_fairloss_a100_mb,tpr,gap,0.0024435258899604406,-9.841711780585455e-05,0.005030285538260054,False,State,51,44,100,190039,,,
Victim Sex,named_n>=5000,graphsage_fairloss_a25_mb,graphsage_fairloss_a100_mb,tpr,amplification,0.03440780507371921,-0.0014088182620349188,0.07080819412885889,False,State,51,44,100,190039,,,
Victim Sex,named_n>=5000,graphsage_fairloss_a25_mb,graphsage_fairloss_a100_mb,fpr,gap,-0.0005754621734179177,-0.00452095157787188,0.0035823894940910147,False,State,51,44,100,190039,,,
Victim Sex,named_n>=5000,graphsage_fairloss_a25_mb,graphsage_fairloss_a100_mb,fpr,amplification,-0.008103204623947355,-0.06502891357585151,0.050615827100707146,False,State,51,44,100,190039,,,
Victim Sex,named_n>=5000,graphsage_fairloss_a25_mb,graphsage_fairloss_a100_mb,selection_rate,signed_gap,-0.0022969800171425137,-0.0044049323775900125,-0.0003521430781588403,True,State,51,44,100,190039,Male-Female,-0.04438317447122275,-0.04208619445408024
Victim Sex,named_n>=5000,graphsage_fairloss_a25_mb,graphsage_fairloss_a100_mb,tpr,signed_gap,-0.0024435258899604406,-0.005030285538260054,9.841711780585386e-05,False,State,51,44,100,190039,Male-Female,-0.03418303340323481,-0.03173950751327437
Victim Sex,named_n>=5000,graphsage_fairloss_a25_mb,graphsage_fairloss_a100_mb,fpr,signed_gap,0.0005754621734179177,-0.003711222928100015,0.00455423063135669,False,State,51,44,100,190039,Male-Female,-0.007679807781695802,-0.00825526995511372
Victim Sex,named_all,graphsage_fairloss_a25_mb,xgboost,selection_rate,gap,-0.1411978924017322,-0.1459330451256021,-0.13689724700382186,True,State,51,44,100,190039,,,
Victim Sex,named_all,graphsage_fairloss_a25_mb,xgboost,selection_rate,amplification,-1.9882373984821717,-2.1341151503560423,-1.8558588781131626,True,State,51,44,100,190039,,,
Victim Sex,named_all,graphsage_fairloss_a25_mb,xgboost,tpr,gap,-0.14731749145274042,-0.15283518425408554,-0.14220914051157457,True,State,51,44,100,190039,,,
Victim Sex,named_all,graphsage_fairloss_a25_mb,xgboost,tpr,amplification,-2.0744087675442024,-2.2404224708174767,-1.929628511908025,True,State,51,44,100,190039,,,
Victim Sex,named_all,graphsage_fairloss_a25_mb,xgboost,fpr,gap,-0.1309326015545818,-0.13932859375542903,-0.12122406310393052,True,State,51,44,100,190039,,,
Victim Sex,named_all,graphsage_fairloss_a25_mb,xgboost,fpr,amplification,-1.843689666066084,-2.016708797450117,-1.6719117649675896,True,State,51,44,100,190039,,,
Victim Sex,named_all,graphsage_fairloss_a25_mb,xgboost,selection_rate,signed_gap,0.1411978924017322,0.13689724700382186,0.1459330451256021,True,State,51,44,100,190039,Male-Female,-0.04438317447122275,-0.18558106687295495
Victim Sex,named_all,graphsage_fairloss_a25_mb,xgboost,tpr,signed_gap,0.14731749145274042,0.14220914051157457,0.15283518425408554,True,State,51,44,100,190039,Male-Female,-0.03418303340323481,-0.18150052485597523
Victim Sex,named_all,graphsage_fairloss_a25_mb,xgboost,fpr,signed_gap,0.1309326015545818,0.12134004438745384,0.139987452625211,True,State,51,44,100,190039,Male-Female,-0.007679807781695802,-0.1386124093362776
Victim Sex,named_n>=5000,graphsage_fairloss_a25_mb,xgboost,selection_rate,gap,-0.1411978924017322,-0.1459330451256021,-0.13689724700382186,True,State,51,44,100,190039,,,
Victim Sex,named_n>=5000,graphsage_fairloss_a25_mb,xgboost,selection_rate,amplification,-1.9882373984821717,-2.1341151503560423,-1.8558588781131626,True,State,51,44,100,190039,,,
Victim Sex,named_n>=5000,graphsage_fairloss_a25_mb,xgboost,tpr,gap,-0.14731749145274042,-0.15283518425408554,-0.14220914051157457,True,State,51,44,100,190039,,,
Victim Sex,named_n>=5000,graphsage_fairloss_a25_mb,xgboost,tpr,amplification,-2.0744087675442024,-2.2404224708174767,-1.929628511908025,True,State,51,44,100,190039,,,
Victim Sex,named_n>=5000,graphsage_fairloss_a25_mb,xgboost,fpr,gap,-0.1309326015545818,-0.13932859375542903,-0.12122406310393052,True,State,51,44,100,190039,,,
Victim Sex,named_n>=5000,graphsage_fairloss_a25_mb,xgboost,fpr,amplification,-1.843689666066084,-2.016708797450117,-1.6719117649675896,True,State,51,44,100,190039,,,
Victim Sex,named_n>=5000,graphsage_fairloss_a25_mb,xgboost,selection_rate,signed_gap,0.1411978924017322,0.13689724700382186,0.1459330451256021,True,State,51,44,100,190039,Male-Female,-0.04438317447122275,-0.18558106687295495
Victim Sex,named_n>=5000,graphsage_fairloss_a25_mb,xgboost,tpr,signed_gap,0.14731749145274042,0.14220914051157457,0.15283518425408554,True,State,51,44,100,190039,Male-Female,-0.03418303340323481,-0.18150052485597523
Victim Sex,named_n>=5000,graphsage_fairloss_a25_mb,xgboost,fpr,signed_gap,0.1309326015545818,0.12134004438745384,0.139987452625211,True,State,51,44,100,190039,Male-Female,-0.007679807781695802,-0.1386124093362776
Victim Sex,named_all,graphsage_fairloss_a25_mb,xgboost_blind,selection_rate,gap,-0.021487836346212763,-0.025562192432204752,-0.017332875840455488,True,State,51,44,100,190039,,,
Victim Sex,named_all,graphsage_fairloss_a25_mb,xgboost_blind,selection_rate,amplification,-0.3025747701279471,-0.3645871914055945,-0.24016601474473115,True,State,51,44,100,190039,,,
Victim Sex,named_all,graphsage_fairloss_a25_mb,xgboost_blind,tpr,gap,-0.023158332903007617,-0.027773935222920314,-0.017968629854333933,True,State,51,44,100,190039,,,
Victim Sex,named_all,graphsage_fairloss_a25_mb,xgboost_blind,tpr,amplification,-0.32609738559876045,-0.3968161020477545,-0.2551921461563709,True,State,51,44,100,190039,,,
Victim Sex,named_all,graphsage_fairloss_a25_mb,xgboost_blind,fpr,gap,-0.02053371316045155,-0.02847207919920898,-0.012339354735625224,True,State,51,44,100,190039,,,
Victim Sex,named_all,graphsage_fairloss_a25_mb,xgboost_blind,fpr,amplification,-0.2891395596696207,-0.4028422995702478,-0.17600646282953628,True,State,51,44,100,190039,,,
Victim Sex,named_all,graphsage_fairloss_a25_mb,xgboost_blind,selection_rate,signed_gap,0.021487836346212763,0.017332875840455488,0.025562192432204752,True,State,51,44,100,190039,Male-Female,-0.04438317447122275,-0.06587101081743552
Victim Sex,named_all,graphsage_fairloss_a25_mb,xgboost_blind,tpr,signed_gap,0.023158332903007617,0.017968629854333933,0.02777393522292031,True,State,51,44,100,190039,Male-Female,-0.03418303340323481,-0.057341366306242425
Victim Sex,named_all,graphsage_fairloss_a25_mb,xgboost_blind,fpr,signed_gap,0.02053371316045155,0.012400228357524266,0.028823607279493353,True,State,51,44,100,190039,Male-Female,-0.007679807781695802,-0.028213520942147352
Victim Sex,named_n>=5000,graphsage_fairloss_a25_mb,xgboost_blind,selection_rate,gap,-0.021487836346212763,-0.025562192432204752,-0.017332875840455488,True,State,51,44,100,190039,,,
Victim Sex,named_n>=5000,graphsage_fairloss_a25_mb,xgboost_blind,selection_rate,amplification,-0.3025747701279471,-0.3645871914055945,-0.24016601474473115,True,State,51,44,100,190039,,,
Victim Sex,named_n>=5000,graphsage_fairloss_a25_mb,xgboost_blind,tpr,gap,-0.023158332903007617,-0.027773935222920314,-0.017968629854333933,True,State,51,44,100,190039,,,
Victim Sex,named_n>=5000,graphsage_fairloss_a25_mb,xgboost_blind,tpr,amplification,-0.32609738559876045,-0.3968161020477545,-0.2551921461563709,True,State,51,44,100,190039,,,
Victim Sex,named_n>=5000,graphsage_fairloss_a25_mb,xgboost_blind,fpr,gap,-0.02053371316045155,-0.02847207919920898,-0.012339354735625224,True,State,51,44,100,190039,,,
Victim Sex,named_n>=5000,graphsage_fairloss_a25_mb,xgboost_blind,fpr,amplification,-0.2891395596696207,-0.4028422995702478,-0.17600646282953628,True,State,51,44,100,190039,,,
Victim Sex,named_n>=5000,graphsage_fairloss_a25_mb,xgboost_blind,selection_rate,signed_gap,0.021487836346212763,0.017332875840455488,0.025562192432204752,True,State,51,44,100,190039,Male-Female,-0.04438317447122275,-0.06587101081743552
Victim Sex,named_n>=5000,graphsage_fairloss_a25_mb,xgboost_blind,tpr,signed_gap,0.023158332903007617,0.017968629854333933,0.02777393522292031,True,State,51,44,100,190039,Male-Female,-0.03418303340323481,-0.057341366306242425
Victim Sex,named_n>=5000,graphsage_fairloss_a25_mb,xgboost_blind,fpr,signed_gap,0.02053371316045155,0.012400228357524266,0.028823607279493353,True,State,51,44,100,190039,Male-Female,-0.007679807781695802,-0.028213520942147352
Victim Sex,named_all,graphsage_fairloss_a25_mb,logreg,selection_rate,gap,-0.16593360593107942,-0.17032258689244406,-0.1616403943553205,True,State,51,44,100,190039,,,
Victim Sex,named_all,graphsage_fairloss_a25_mb,logreg,selection_rate,amplification,-2.3365462144329276,-2.5278777394768475,-2.1772038925328534,True,State,51,44,100,190039,,,
Victim Sex,named_all,graphsage_fairloss_a25_mb,logreg,tpr,gap,-0.17569005163299067,-0.18076223514248607,-0.17045629935914666,True,State,51,44,100,190039,,,
Victim Sex,named_all,graphsage_fairloss_a25_mb,logreg,tpr,amplification,-2.47392879069412,-2.660504862654665,-2.3102759645217024,True,State,51,44,100,190039,,,
Victim Sex,named_all,graphsage_fairloss_a25_mb,logreg,fpr,gap,-0.169288326359401,-0.17832880225696096,-0.1602917283394429,True,State,51,44,100,190039,,,
Victim Sex,named_all,graphsage_fairloss_a25_mb,logreg,fpr,amplification,-2.383784742597809,-2.5844491733262545,-2.1812110562601865,True,State,51,44,100,190039,,,
Victim Sex,named_all,graphsage_fairloss_a25_mb,logreg,selection_rate,signed_gap,0.16593360593107942,0.1616403943553205,0.17032258689244406,True,State,51,44,100,190039,Male-Female,-0.04438317447122275,-0.21031678040230217
Victim Sex,named_all,graphsage_fairloss_a25_mb,logreg,tpr,signed_gap,0.17569005163299067,0.17045629935914666,0.18076223514248607,True,State,51,44,100,190039,Male-Female,-0.03418303340323481,-0.20987308503622548
Victim Sex,named_all,graphsage_fairloss_a25_mb,logreg,fpr,signed_gap,0.169288326359401,0.16033391588698861,0.1788729475232667,True,State,51,44,100,190039,Male-Female,-0.007679807781695802,-0.1769681341410968
Victim Sex,named_n>=5000,graphsage_fairloss_a25_mb,logreg,selection_rate,gap,-0.16593360593107942,-0.17032258689244406,-0.1616403943553205,True,State,51,44,100,190039,,,
Victim Sex,named_n>=5000,graphsage_fairloss_a25_mb,logreg,selection_rate,amplification,-2.3365462144329276,-2.5278777394768475,-2.1772038925328534,True,State,51,44,100,190039,,,
Victim Sex,named_n>=5000,graphsage_fairloss_a25_mb,logreg,tpr,gap,-0.17569005163299067,-0.18076223514248607,-0.17045629935914666,True,State,51,44,100,190039,,,
Victim Sex,named_n>=5000,graphsage_fairloss_a25_mb,logreg,tpr,amplification,-2.47392879069412,-2.660504862654665,-2.3102759645217024,True,State,51,44,100,190039,,,
Victim Sex,named_n>=5000,graphsage_fairloss_a25_mb,logreg,fpr,gap,-0.169288326359401,-0.17832880225696096,-0.1602917283394429,True,State,51,44,100,190039,,,
Victim Sex,named_n>=5000,graphsage_fairloss_a25_mb,logreg,fpr,amplification,-2.383784742597809,-2.5844491733262545,-2.1812110562601865,True,State,51,44,100,190039,,,
Victim Sex,named_n>=5000,graphsage_fairloss_a25_mb,logreg,selection_rate,signed_gap,0.16593360593107942,0.1616403943553205,0.17032258689244406,True,State,51,44,100,190039,Male-Female,-0.04438317447122275,-0.21031678040230217
Victim Sex,named_n>=5000,graphsage_fairloss_a25_mb,logreg,tpr,signed_gap,0.17569005163299067,0.17045629935914666,0.18076223514248607,True,State,51,44,100,190039,Male-Female,-0.03418303340323481,-0.20987308503622548
Victim Sex,named_n>=5000,graphsage_fairloss_a25_mb,logreg,fpr,signed_gap,0.169288326359401,0.16033391588698861,0.1788729475232667,True,State,51,44,100,190039,Male-Female,-0.007679807781695802,-0.1769681341410968
Victim Sex,named_all,graphsage_fairloss_a25_mb,logreg_blind,selection_rate,gap,-0.011830637237006503,-0.016232852141438735,-0.007369085718160826,True,State,51,44,100,190039,,,
Victim Sex,named_all,graphsage_fairloss_a25_mb,logreg_blind,selection_rate,amplification,-0.16658970613787683,-0.23143339693663098,-0.10239409766656452,True,State,51,44,100,190039,,,
Victim Sex,named_all,graphsage_fairloss_a25_mb,logreg_blind,tpr,gap,-0.016672548822346256,-0.022265328484611536,-0.011546533011657822,True,State,51,44,100,190039,,,
Victim Sex,named_all,graphsage_fairloss_a25_mb,logreg_blind,tpr,amplification,-0.2347696876543608,-0.31217387580085165,-0.15963729250738357,True,State,51,44,100,190039,,,
Victim Sex,named_all,graphsage_fairloss_a25_mb,logreg_blind,fpr,gap,-0.021588511537357913,-0.030102451738564392,-0.011943034732725268,True,State,51,44,100,190039,,,
Victim Sex,named_all,graphsage_fairloss_a25_mb,logreg_blind,fpr,amplification,-0.30399239879597717,-0.422357443776136,-0.16832937023653619,True,State,51,44,100,190039,,,
Victim Sex,named_all,graphsage_fairloss_a25_mb,logreg_blind,selection_rate,signed_gap,0.011830637237006503,0.007369085718160825,0.01623285214143873,True,State,51,44,100,190039,Male-Female,-0.04438317447122275,-0.056213811708229255
Victim Sex,named_all,graphsage_fairloss_a25_mb,logreg_blind,tpr,signed_gap,0.016672548822346256,0.01154653301165782,0.022265328484611532,True,State,51,44,100,190039,Male-Female,-0.03418303340323481,-0.050855582225581064
Victim Sex,named_all,graphsage_fairloss_a25_mb,logreg_blind,fpr,signed_gap,0.021588511537357913,0.012128571710568312,0.030887936147974995,True,State,51,44,100,190039,Male-Female,-0.007679807781695802,-0.029268319319053715
Victim Sex,named_n>=5000,graphsage_fairloss_a25_mb,logreg_blind,selection_rate,gap,-0.011830637237006503,-0.016232852141438735,-0.007369085718160826,True,State,51,44,100,190039,,,
Victim Sex,named_n>=5000,graphsage_fairloss_a25_mb,logreg_blind,selection_rate,amplification,-0.16658970613787683,-0.23143339693663098,-0.10239409766656452,True,State,51,44,100,190039,,,
Victim Sex,named_n>=5000,graphsage_fairloss_a25_mb,logreg_blind,tpr,gap,-0.016672548822346256,-0.022265328484611536,-0.011546533011657822,True,State,51,44,100,190039,,,
Victim Sex,named_n>=5000,graphsage_fairloss_a25_mb,logreg_blind,tpr,amplification,-0.2347696876543608,-0.31217387580085165,-0.15963729250738357,True,State,51,44,100,190039,,,
Victim Sex,named_n>=5000,graphsage_fairloss_a25_mb,logreg_blind,fpr,gap,-0.021588511537357913,-0.030102451738564392,-0.011943034732725268,True,State,51,44,100,190039,,,
Victim Sex,named_n>=5000,graphsage_fairloss_a25_mb,logreg_blind,fpr,amplification,-0.30399239879597717,-0.422357443776136,-0.16832937023653619,True,State,51,44,100,190039,,,
Victim Sex,named_n>=5000,graphsage_fairloss_a25_mb,logreg_blind,selection_rate,signed_gap,0.011830637237006503,0.007369085718160825,0.01623285214143873,True,State,51,44,100,190039,Male-Female,-0.04438317447122275,-0.056213811708229255
Victim Sex,named_n>=5000,graphsage_fairloss_a25_mb,logreg_blind,tpr,signed_gap,0.016672548822346256,0.01154653301165782,0.022265328484611532,True,State,51,44,100,190039,Male-Female,-0.03418303340323481,-0.050855582225581064
Victim Sex,named_n>=5000,graphsage_fairloss_a25_mb,logreg_blind,fpr,signed_gap,0.021588511537357913,0.012128571710568312,0.030887936147974995,True,State,51,44,100,190039,Male-Female,-0.007679807781695802,-0.029268319319053715
Victim Sex,named_all,graphsage_fairloss_a50_mb,graphsage_fairloss_a100_mb,selection_rate,gap,0.0035376000070740377,0.001497757965537133,0.005554056165148727,True,State,51,44,100,190039,,,
Victim Sex,named_all,graphsage_fairloss_a50_mb,graphsage_fairloss_a100_mb,selection_rate,amplification,0.04981369420815174,0.021012789366498218,0.07895974161505631,True,State,51,44,100,190039,,,
Victim Sex,named_all,graphsage_fairloss_a50_mb,graphsage_fairloss_a100_mb,tpr,gap,0.003480315231270792,0.0009669861824832731,0.0060097931547711475,True,State,51,44,100,190039,,,
Victim Sex,named_all,graphsage_fairloss_a50_mb,graphsage_fairloss_a100_mb,tpr,amplification,0.049007055159378754,0.013344645457306643,0.08481689326144799,True,State,51,44,100,190039,,,
Victim Sex,named_all,graphsage_fairloss_a50_mb,graphsage_fairloss_a100_mb,fpr,gap,0.0020527557588910783,-0.0023377792941507367,0.006090574942956279,False,State,51,44,100,190039,,,
Victim Sex,named_all,graphsage_fairloss_a50_mb,graphsage_fairloss_a100_mb,fpr,amplification,0.028905288176431912,-0.03297220794281412,0.08691925854197503,False,State,51,44,100,190039,,,
Victim Sex,named_all,graphsage_fairloss_a50_mb,graphsage_fairloss_a100_mb,selection_rate,signed_gap,-0.0035376000070740377,-0.005554056165148727,-0.0014977579655371333,True,State,51,44,100,190039,Male-Female,-0.04562379446115428,-0.04208619445408024
Victim Sex,named_all,graphsage_fairloss_a50_mb,graphsage_fairloss_a100_mb,tpr,signed_gap,-0.003480315231270792,-0.006009793154771148,-0.0009669861824832735,True,State,51,44,100,190039,Male-Female,-0.03521982274454516,-0.03173950751327437
Victim Sex,named_all,graphsage_fairloss_a50_mb,graphsage_fairloss_a100_mb,fpr,signed_gap,-0.0020527557588910783,-0.006364440502716833,0.002091486635984539,False,State,51,44,100,190039,Male-Female,-0.010308025714004798,-0.00825526995511372
Victim Sex,named_n>=5000,graphsage_fairloss_a50_mb,graphsage_fairloss_a100_mb,selection_rate,gap,0.0035376000070740377,0.001497757965537133,0.005554056165148727,True,State,51,44,100,190039,,,
Victim Sex,named_n>=5000,graphsage_fairloss_a50_mb,graphsage_fairloss_a100_mb,selection_rate,amplification,0.04981369420815174,0.021012789366498218,0.07895974161505631,True,State,51,44,100,190039,,,
Victim Sex,named_n>=5000,graphsage_fairloss_a50_mb,graphsage_fairloss_a100_mb,tpr,gap,0.003480315231270792,0.0009669861824832731,0.0060097931547711475,True,State,51,44,100,190039,,,
Victim Sex,named_n>=5000,graphsage_fairloss_a50_mb,graphsage_fairloss_a100_mb,tpr,amplification,0.049007055159378754,0.013344645457306643,0.08481689326144799,True,State,51,44,100,190039,,,
Victim Sex,named_n>=5000,graphsage_fairloss_a50_mb,graphsage_fairloss_a100_mb,fpr,gap,0.0020527557588910783,-0.0023377792941507367,0.006090574942956279,False,State,51,44,100,190039,,,
Victim Sex,named_n>=5000,graphsage_fairloss_a50_mb,graphsage_fairloss_a100_mb,fpr,amplification,0.028905288176431912,-0.03297220794281412,0.08691925854197503,False,State,51,44,100,190039,,,
Victim Sex,named_n>=5000,graphsage_fairloss_a50_mb,graphsage_fairloss_a100_mb,selection_rate,signed_gap,-0.0035376000070740377,-0.005554056165148727,-0.0014977579655371333,True,State,51,44,100,190039,Male-Female,-0.04562379446115428,-0.04208619445408024
Victim Sex,named_n>=5000,graphsage_fairloss_a50_mb,graphsage_fairloss_a100_mb,tpr,signed_gap,-0.003480315231270792,-0.006009793154771148,-0.0009669861824832735,True,State,51,44,100,190039,Male-Female,-0.03521982274454516,-0.03173950751327437
Victim Sex,named_n>=5000,graphsage_fairloss_a50_mb,graphsage_fairloss_a100_mb,fpr,signed_gap,-0.0020527557588910783,-0.006364440502716833,0.002091486635984539,False,State,51,44,100,190039,Male-Female,-0.010308025714004798,-0.00825526995511372
Victim Sex,named_all,graphsage_fairloss_a50_mb,xgboost,selection_rate,gap,-0.13995727241180067,-0.1441252028364042,-0.13563683935437912,True,State,51,44,100,190039,,,
Victim Sex,named_all,graphsage_fairloss_a50_mb,xgboost,selection_rate,amplification,-1.970767965905456,-2.131123515086557,-1.8387386105249812,True,State,51,44,100,190039,,,
Victim Sex,named_all,graphsage_fairloss_a50_mb,xgboost,tpr,gap,-0.14628070211143007,-0.15116382796662328,-0.14103287513439125,True,State,51,44,100,190039,,,
Victim Sex,named_all,graphsage_fairloss_a50_mb,xgboost,tpr,amplification,-2.0598095174585427,-2.225086033456002,-1.9140437309689988,True,State,51,44,100,190039,,,
Victim Sex,named_all,graphsage_fairloss_a50_mb,xgboost,fpr,gap,-0.1283043836222728,-0.13707396489425988,-0.11930722380355603,True,State,51,44,100,190039,,,
Victim Sex,named_all,graphsage_fairloss_a50_mb,xgboost,fpr,amplification,-1.8066811732657047,-1.985850009333419,-1.6398211222858112,True,State,51,44,100,190039,,,
Victim Sex,named_all,graphsage_fairloss_a50_mb,xgboost,selection_rate,signed_gap,0.13995727241180067,0.13563683935437912,0.1441252028364042,True,State,51,44,100,190039,Male-Female,-0.04562379446115428,-0.18558106687295495
Victim Sex,named_all,graphsage_fairloss_a50_mb,xgboost,tpr,signed_gap,0.14628070211143007,0.14103287513439125,0.15116382796662328,True,State,51,44,100,190039,Male-Female,-0.03521982274454516,-0.18150052485597523
Victim Sex,named_all,graphsage_fairloss_a50_mb,xgboost,fpr,signed_gap,0.1283043836222728,0.11937920875530274,0.13712589714241988,True,State,51,44,100,190039,Male-Female,-0.010308025714004798,-0.1386124093362776
Victim Sex,named_n>=5000,graphsage_fairloss_a50_mb,xgboost,selection_rate,gap,-0.13995727241180067,-0.1441252028364042,-0.13563683935437912,True,State,51,44,100,190039,,,
Victim Sex,named_n>=5000,graphsage_fairloss_a50_mb,xgboost,selection_rate,amplification,-1.970767965905456,-2.131123515086557,-1.8387386105249812,True,State,51,44,100,190039,,,
Victim Sex,named_n>=5000,graphsage_fairloss_a50_mb,xgboost,tpr,gap,-0.14628070211143007,-0.15116382796662328,-0.14103287513439125,True,State,51,44,100,190039,,,
Victim Sex,named_n>=5000,graphsage_fairloss_a50_mb,xgboost,tpr,amplification,-2.0598095174585427,-2.225086033456002,-1.9140437309689988,True,State,51,44,100,190039,,,
Victim Sex,named_n>=5000,graphsage_fairloss_a50_mb,xgboost,fpr,gap,-0.1283043836222728,-0.13707396489425988,-0.11930722380355603,True,State,51,44,100,190039,,,
Victim Sex,named_n>=5000,graphsage_fairloss_a50_mb,xgboost,fpr,amplification,-1.8066811732657047,-1.985850009333419,-1.6398211222858112,True,State,51,44,100,190039,,,
Victim Sex,named_n>=5000,graphsage_fairloss_a50_mb,xgboost,selection_rate,signed_gap,0.13995727241180067,0.13563683935437912,0.1441252028364042,True,State,51,44,100,190039,Male-Female,-0.04562379446115428,-0.18558106687295495
Victim Sex,named_n>=5000,graphsage_fairloss_a50_mb,xgboost,tpr,signed_gap,0.14628070211143007,0.14103287513439125,0.15116382796662328,True,State,51,44,100,190039,Male-Female,-0.03521982274454516,-0.18150052485597523
Victim Sex,named_n>=5000,graphsage_fairloss_a50_mb,xgboost,fpr,signed_gap,0.1283043836222728,0.11937920875530274,0.13712589714241988,True,State,51,44,100,190039,Male-Female,-0.010308025714004798,-0.1386124093362776
Victim Sex,named_all,graphsage_fairloss_a50_mb,xgboost_blind,selection_rate,gap,-0.02024721635628124,-0.024310900270620304,-0.016253773794655264,True,State,51,44,100,190039,,,
Victim Sex,named_all,graphsage_fairloss_a50_mb,xgboost_blind,selection_rate,amplification,-0.28510533755123124,-0.3433684257511002,-0.22996495573555087,True,State,51,44,100,190039,,,
Victim Sex,named_all,graphsage_fairloss_a50_mb,xgboost_blind,tpr,gap,-0.022121543561697266,-0.026586446780057487,-0.017214601921218566,True,State,51,44,100,190039,,,
Victim Sex,named_all,graphsage_fairloss_a50_mb,xgboost_blind,tpr,amplification,-0.3114981355131009,-0.37943760874822285,-0.24264013066325946,True,State,51,44,100,190039,,,
Victim Sex,named_all,graphsage_fairloss_a50_mb,xgboost_blind,fpr,gap,-0.017905495228142554,-0.02638199563641827,-0.009762815015969583,True,State,51,44,100,190039,,,
Victim Sex,named_all,graphsage_fairloss_a50_mb,xgboost_blind,fpr,amplification,-0.25213106686924136,-0.36992873468420756,-0.13867482428091213,True,State,51,44,100,190039,,,
Victim Sex,named_all,graphsage_fairloss_a50_mb,xgboost_blind,selection_rate,signed_gap,0.02024721635628124,0.016253773794655264,0.0243109002706203,True,State,51,44,100,190039,Male-Female,-0.04562379446115428,-0.06587101081743552
Victim Sex,named_all,graphsage_fairloss_a50_mb,xgboost_blind,tpr,signed_gap,0.022121543561697266,0.017214601921218566,0.026586446780057487,True,State,51,44,100,190039,Male-Female,-0.03521982274454516,-0.057341366306242425
Victim Sex,named_all,graphsage_fairloss_a50_mb,xgboost_blind,fpr,signed_gap,0.017905495228142554,0.009762815015969583,0.02638199563641827,True,State,51,44,100,190039,Male-Female,-0.010308025714004798,-0.028213520942147352
Victim Sex,named_n>=5000,graphsage_fairloss_a50_mb,xgboost_blind,selection_rate,gap,-0.02024721635628124,-0.024310900270620304,-0.016253773794655264,True,State,51,44,100,190039,,,
Victim Sex,named_n>=5000,graphsage_fairloss_a50_mb,xgboost_blind,selection_rate,amplification,-0.28510533755123124,-0.3433684257511002,-0.22996495573555087,True,State,51,44,100,190039,,,
Victim Sex,named_n>=5000,graphsage_fairloss_a50_mb,xgboost_blind,tpr,gap,-0.022121543561697266,-0.026586446780057487,-0.017214601921218566,True,State,51,44,100,190039,,,
Victim Sex,named_n>=5000,graphsage_fairloss_a50_mb,xgboost_blind,tpr,amplification,-0.3114981355131009,-0.37943760874822285,-0.24264013066325946,True,State,51,44,100,190039,,,
Victim Sex,named_n>=5000,graphsage_fairloss_a50_mb,xgboost_blind,fpr,gap,-0.017905495228142554,-0.02638199563641827,-0.009762815015969583,True,State,51,44,100,190039,,,
Victim Sex,named_n>=5000,graphsage_fairloss_a50_mb,xgboost_blind,fpr,amplification,-0.25213106686924136,-0.36992873468420756,-0.13867482428091213,True,State,51,44,100,190039,,,
Victim Sex,named_n>=5000,graphsage_fairloss_a50_mb,xgboost_blind,selection_rate,signed_gap,0.02024721635628124,0.016253773794655264,0.0243109002706203,True,State,51,44,100,190039,Male-Female,-0.04562379446115428,-0.06587101081743552
Victim Sex,named_n>=5000,graphsage_fairloss_a50_mb,xgboost_blind,tpr,signed_gap,0.022121543561697266,0.017214601921218566,0.026586446780057487,True,State,51,44,100,190039,Male-Female,-0.03521982274454516,-0.057341366306242425
Victim Sex,named_n>=5000,graphsage_fairloss_a50_mb,xgboost_blind,fpr,signed_gap,0.017905495228142554,0.009762815015969583,0.02638199563641827,True,State,51,44,100,190039,Male-Female,-0.010308025714004798,-0.028213520942147352
Victim Sex,named_all,graphsage_fairloss_a50_mb,logreg,selection_rate,gap,-0.1646929859411479,-0.16905052378732519,-0.16006747265945068,True,State,51,44,100,190039,,,
Victim Sex,named_all,graphsage_fairloss_a50_mb,logreg,selection_rate,amplification,-2.3190767818562117,-2.5003938842466185,-2.167277376629946,True,State,51,44,100,190039,,,
Victim Sex,named_all,graphsage_fairloss_a50_mb,logreg,tpr,gap,-0.17465326229168032,-0.1796275360922501,-0.16970703091193212,True,State,51,44,100,190039,,,
Victim Sex,named_all,graphsage_fairloss_a50_mb,logreg,tpr,amplification,-2.4593295406084605,-2.647958911951511,-2.2978512580535413,True,State,51,44,100,190039,,,
Victim Sex,named_all,graphsage_fairloss_a50_mb,logreg,fpr,gap,-0.166660108427092,-0.1752553734162493,-0.15754831384466864,True,State,51,44,100,190039,,,
Victim Sex,named_all,graphsage_fairloss_a50_mb,logreg,fpr,amplification,-2.3467762497974296,-2.555015368618796,-2.157851166591608,True,State,51,44,100,190039,,,
Victim Sex,named_all,graphsage_fairloss_a50_mb,logreg,selection_rate,signed_gap,0.1646929859411479,0.16006747265945068,0.16905052378732519,True,State,51,44,100,190039,Male-Female,-0.04562379446115428,-0.21031678040230217
Victim Sex,named_all,graphsage_fairloss_a50_mb,logreg,tpr,signed_gap,0.17465326229168032,0.16970703091193212,0.1796275360922501,True,State,51,44,100,190039,Male-Female,-0.03521982274454516,-0.20987308503622548
Victim Sex,named_all,graphsage_fairloss_a50_mb,logreg,fpr,signed_gap,0.166660108427092,0.15754831384466864,0.17571328590405558,True,State,51,44,100,190039,Male-Female,-0.010308025714004798,-0.1769681341410968
Victim Sex,named_n>=5000,graphsage_fairloss_a50_mb,logreg,selection_rate,gap,-0.1646929859411479,-0.16905052378732519,-0.16006747265945068,True,State,51,44,100,190039,,,
Victim Sex,named_n>=5000,graphsage_fairloss_a50_mb,logreg,selection_rate,amplification,-2.3190767818562117,-2.5003938842466185,-2.167277376629946,True,State,51,44,100,190039,,,
Victim Sex,named_n>=5000,graphsage_fairloss_a50_mb,logreg,tpr,gap,-0.17465326229168032,-0.1796275360922501,-0.16970703091193212,True,State,51,44,100,190039,,,
Victim Sex,named_n>=5000,graphsage_fairloss_a50_mb,logreg,tpr,amplification,-2.4593295406084605,-2.647958911951511,-2.2978512580535413,True,State,51,44,100,190039,,,
Victim Sex,named_n>=5000,graphsage_fairloss_a50_mb,logreg,fpr,gap,-0.166660108427092,-0.1752553734162493,-0.15754831384466864,True,State,51,44,100,190039,,,
Victim Sex,named_n>=5000,graphsage_fairloss_a50_mb,logreg,fpr,amplification,-2.3467762497974296,-2.555015368618796,-2.157851166591608,True,State,51,44,100,190039,,,
Victim Sex,named_n>=5000,graphsage_fairloss_a50_mb,logreg,selection_rate,signed_gap,0.1646929859411479,0.16006747265945068,0.16905052378732519,True,State,51,44,100,190039,Male-Female,-0.04562379446115428,-0.21031678040230217
Victim Sex,named_n>=5000,graphsage_fairloss_a50_mb,logreg,tpr,signed_gap,0.17465326229168032,0.16970703091193212,0.1796275360922501,True,State,51,44,100,190039,Male-Female,-0.03521982274454516,-0.20987308503622548
Victim Sex,named_n>=5000,graphsage_fairloss_a50_mb,logreg,fpr,signed_gap,0.166660108427092,0.15754831384466864,0.17571328590405558,True,State,51,44,100,190039,Male-Female,-0.010308025714004798,-0.1769681341410968
Victim Sex,named_all,graphsage_fairloss_a50_mb,logreg_blind,selection_rate,gap,-0.010590017247074979,-0.01488395310774195,-0.006194862957689472,True,State,51,44,100,190039,,,
Victim Sex,named_all,graphsage_fairloss_a50_mb,logreg_blind,selection_rate,amplification,-0.14912027356116098,-0.21084249184742934,-0.0869002991970588,True,State,51,44,100,190039,,,
Victim Sex,named_all,graphsage_fairloss_a50_mb,logreg_blind,tpr,gap,-0.015635759481035905,-0.020591704830928252,-0.010518123118298525,True,State,51,44,100,190039,,,
Victim Sex,named_all,graphsage_fairloss_a50_mb,logreg_blind,tpr,amplification,-0.22017043756870125,-0.29272790820990213,-0.148446119518567,True,State,51,44,100,190039,,,
Victim Sex,named_all,graphsage_fairloss_a50_mb,logreg_blind,fpr,gap,-0.018960293605048917,-0.02768139269086732,-0.009858113386309982,True,State,51,44,100,190039,,,
Victim Sex,named_all,graphsage_fairloss_a50_mb,logreg_blind,fpr,amplification,-0.26698390599559785,-0.38944186509100887,-0.14173372335969256,True,State,51,44,100,190039,,,
Victim Sex,named_all,graphsage_fairloss_a50_mb,logreg_blind,selection_rate,signed_gap,0.010590017247074979,0.006194862957689471,0.01488395310774195,True,State,51,44,100,190039,Male-Female,-0.04562379446115428,-0.056213811708229255
Victim Sex,named_all,graphsage_fairloss_a50_mb,logreg_blind,tpr,signed_gap,0.015635759481035905,0.010518123118298525,0.020591704830928252,True,State,51,44,100,190039,Male-Female,-0.03521982274454516,-0.050855582225581064
Victim Sex,named_all,graphsage_fairloss_a50_mb,logreg_blind,fpr,signed_gap,0.018960293605048917,0.009858113386309982,0.027706640719636064,True,State,51,44,100,190039,Male-Female,-0.010308025714004798,-0.029268319319053715
Victim Sex,named_n>=5000,graphsage_fairloss_a50_mb,logreg_blind,selection_rate,gap,-0.010590017247074979,-0.01488395310774195,-0.006194862957689472,True,State,51,44,100,190039,,,
Victim Sex,named_n>=5000,graphsage_fairloss_a50_mb,logreg_blind,selection_rate,amplification,-0.14912027356116098,-0.21084249184742934,-0.0869002991970588,True,State,51,44,100,190039,,,
Victim Sex,named_n>=5000,graphsage_fairloss_a50_mb,logreg_blind,tpr,gap,-0.015635759481035905,-0.020591704830928252,-0.010518123118298525,True,State,51,44,100,190039,,,
Victim Sex,named_n>=5000,graphsage_fairloss_a50_mb,logreg_blind,tpr,amplification,-0.22017043756870125,-0.29272790820990213,-0.148446119518567,True,State,51,44,100,190039,,,
Victim Sex,named_n>=5000,graphsage_fairloss_a50_mb,logreg_blind,fpr,gap,-0.018960293605048917,-0.02768139269086732,-0.009858113386309982,True,State,51,44,100,190039,,,
Victim Sex,named_n>=5000,graphsage_fairloss_a50_mb,logreg_blind,fpr,amplification,-0.26698390599559785,-0.38944186509100887,-0.14173372335969256,True,State,51,44,100,190039,,,
Victim Sex,named_n>=5000,graphsage_fairloss_a50_mb,logreg_blind,selection_rate,signed_gap,0.010590017247074979,0.006194862957689471,0.01488395310774195,True,State,51,44,100,190039,Male-Female,-0.04562379446115428,-0.056213811708229255
Victim Sex,named_n>=5000,graphsage_fairloss_a50_mb,logreg_blind,tpr,signed_gap,0.015635759481035905,0.010518123118298525,0.020591704830928252,True,State,51,44,100,190039,Male-Female,-0.03521982274454516,-0.050855582225581064
Victim Sex,named_n>=5000,graphsage_fairloss_a50_mb,logreg_blind,fpr,signed_gap,0.018960293605048917,0.009858113386309982,0.027706640719636064,True,State,51,44,100,190039,Male-Female,-0.010308025714004798,-0.029268319319053715
Victim Sex,named_all,graphsage_fairloss_a100_mb,xgboost,selection_rate,gap,-0.1434948724188747,-0.14762526230704093,-0.13903615117067897,True,State,51,44,100,190039,,,
Victim Sex,named_all,graphsage_fairloss_a100_mb,xgboost,selection_rate,amplification,-2.0205816601136077,-2.1633377035446615,-1.8814925548439383,True,State,51,44,100,190039,,,
Victim Sex,named_all,graphsage_fairloss_a100_mb,xgboost,tpr,gap,-0.14976101734270086,-0.15468142647045277,-0.14427841287624743,True,State,51,44,100,190039,,,
Victim Sex,named_all,graphsage_fairloss_a100_mb,xgboost,tpr,amplification,-2.1088165726179215,-2.266733351826251,-1.9552121350049827,True,State,51,44,100,190039,,,
Victim Sex,named_all,graphsage_fairloss_a100_mb,xgboost,fpr,gap,-0.1303571393811639,-0.1386630666666815,-0.12089324252982367,True,State,51,44,100,190039,,,
Victim Sex,named_all,graphsage_fairloss_a100_mb,xgboost,fpr,amplification,-1.8355864614421364,-2.015321058037132,-1.6656147578108804,True,State,51,44,100,190039,,,
Victim Sex,named_all,graphsage_fairloss_a100_mb,xgboost,selection_rate,signed_gap,0.1434948724188747,0.13903615117067897,0.14762526230704093,True,State,51,44,100,190039,Male-Female,-0.04208619445408024,-0.18558106687295495
Victim Sex,named_all,graphsage_fairloss_a100_mb,xgboost,tpr,signed_gap,0.14976101734270086,0.14427841287624743,0.15468142647045277,True,State,51,44,100,190039,Male-Female,-0.03173950751327437,-0.18150052485597523
Victim Sex,named_all,graphsage_fairloss_a100_mb,xgboost,fpr,signed_gap,0.1303571393811639,0.12107419769358858,0.1387817468075246,True,State,51,44,100,190039,Male-Female,-0.00825526995511372,-0.1386124093362776
Victim Sex,named_n>=5000,graphsage_fairloss_a100_mb,xgboost,selection_rate,gap,-0.1434948724188747,-0.14762526230704093,-0.13903615117067897,True,State,51,44,100,190039,,,
Victim Sex,named_n>=5000,graphsage_fairloss_a100_mb,xgboost,selection_rate,amplification,-2.0205816601136077,-2.1633377035446615,-1.8814925548439383,True,State,51,44,100,190039,,,
Victim Sex,named_n>=5000,graphsage_fairloss_a100_mb,xgboost,tpr,gap,-0.14976101734270086,-0.15468142647045277,-0.14427841287624743,True,State,51,44,100,190039,,,
Victim Sex,named_n>=5000,graphsage_fairloss_a100_mb,xgboost,tpr,amplification,-2.1088165726179215,-2.266733351826251,-1.9552121350049827,True,State,51,44,100,190039,,,
Victim Sex,named_n>=5000,graphsage_fairloss_a100_mb,xgboost,fpr,gap,-0.1303571393811639,-0.1386630666666815,-0.12089324252982367,True,State,51,44,100,190039,,,
Victim Sex,named_n>=5000,graphsage_fairloss_a100_mb,xgboost,fpr,amplification,-1.8355864614421364,-2.015321058037132,-1.6656147578108804,True,State,51,44,100,190039,,,
Victim Sex,named_n>=5000,graphsage_fairloss_a100_mb,xgboost,selection_rate,signed_gap,0.1434948724188747,0.13903615117067897,0.14762526230704093,True,State,51,44,100,190039,Male-Female,-0.04208619445408024,-0.18558106687295495
Victim Sex,named_n>=5000,graphsage_fairloss_a100_mb,xgboost,tpr,signed_gap,0.14976101734270086,0.14427841287624743,0.15468142647045277,True,State,51,44,100,190039,Male-Female,-0.03173950751327437,-0.18150052485597523
Victim Sex,named_n>=5000,graphsage_fairloss_a100_mb,xgboost,fpr,signed_gap,0.1303571393811639,0.12107419769358858,0.1387817468075246,True,State,51,44,100,190039,Male-Female,-0.00825526995511372,-0.1386124093362776
Victim Sex,named_all,graphsage_fairloss_a100_mb,xgboost_blind,selection_rate,gap,-0.023784816363355277,-0.02790989165868299,-0.01982792017643697,True,State,51,44,100,190039,,,
Victim Sex,named_all,graphsage_fairloss_a100_mb,xgboost_blind,selection_rate,amplification,-0.334919031759383,-0.3975304297832105,-0.27837852670720836,True,State,51,44,100,190039,,,
Victim Sex,named_all,graphsage_fairloss_a100_mb,xgboost_blind,tpr,gap,-0.025601858792968057,-0.0305985489011795,-0.02089616661132295,True,State,51,44,100,190039,,,
Victim Sex,named_all,graphsage_fairloss_a100_mb,xgboost_blind,tpr,amplification,-0.36050519067247966,-0.43159441992782555,-0.28917258004771096,True,State,51,44,100,190039,,,
Victim Sex,named_all,graphsage_fairloss_a100_mb,xgboost_blind,fpr,gap,-0.019958250987033632,-0.027995698260826048,-0.011516520779885273,True,State,51,44,100,190039,,,
Victim Sex,named_all,graphsage_fairloss_a100_mb,xgboost_blind,fpr,amplification,-0.2810363550456733,-0.396797525052312,-0.16178180898405722,True,State,51,44,100,190039,,,
Victim Sex,named_all,graphsage_fairloss_a100_mb,xgboost_blind,selection_rate,signed_gap,0.023784816363355277,0.01982792017643697,0.02790989165868299,True,State,51,44,100,190039,Male-Female,-0.04208619445408024,-0.06587101081743552
Victim Sex,named_all,graphsage_fairloss_a100_mb,xgboost_blind,tpr,signed_gap,0.025601858792968057,0.02089616661132295,0.0305985489011795,True,State,51,44,100,190039,Male-Female,-0.03173950751327437,-0.057341366306242425
Victim Sex,named_all,graphsage_fairloss_a100_mb,xgboost_blind,fpr,signed_gap,0.019958250987033632,0.011975334075495022,0.02846786921048008,True,State,51,44,100,190039,Male-Female,-0.00825526995511372,-0.028213520942147352
Victim Sex,named_n>=5000,graphsage_fairloss_a100_mb,xgboost_blind,selection_rate,gap,-0.023784816363355277,-0.02790989165868299,-0.01982792017643697,True,State,51,44,100,190039,,,
Victim Sex,named_n>=5000,graphsage_fairloss_a100_mb,xgboost_blind,selection_rate,amplification,-0.334919031759383,-0.3975304297832105,-0.27837852670720836,True,State,51,44,100,190039,,,
Victim Sex,named_n>=5000,graphsage_fairloss_a100_mb,xgboost_blind,tpr,gap,-0.025601858792968057,-0.0305985489011795,-0.02089616661132295,True,State,51,44,100,190039,,,
Victim Sex,named_n>=5000,graphsage_fairloss_a100_mb,xgboost_blind,tpr,amplification,-0.36050519067247966,-0.43159441992782555,-0.28917258004771096,True,State,51,44,100,190039,,,
Victim Sex,named_n>=5000,graphsage_fairloss_a100_mb,xgboost_blind,fpr,gap,-0.019958250987033632,-0.027995698260826048,-0.011516520779885273,True,State,51,44,100,190039,,,
Victim Sex,named_n>=5000,graphsage_fairloss_a100_mb,xgboost_blind,fpr,amplification,-0.2810363550456733,-0.396797525052312,-0.16178180898405722,True,State,51,44,100,190039,,,
Victim Sex,named_n>=5000,graphsage_fairloss_a100_mb,xgboost_blind,selection_rate,signed_gap,0.023784816363355277,0.01982792017643697,0.02790989165868299,True,State,51,44,100,190039,Male-Female,-0.04208619445408024,-0.06587101081743552
Victim Sex,named_n>=5000,graphsage_fairloss_a100_mb,xgboost_blind,tpr,signed_gap,0.025601858792968057,0.02089616661132295,0.0305985489011795,True,State,51,44,100,190039,Male-Female,-0.03173950751327437,-0.057341366306242425
Victim Sex,named_n>=5000,graphsage_fairloss_a100_mb,xgboost_blind,fpr,signed_gap,0.019958250987033632,0.011975334075495022,0.02846786921048008,True,State,51,44,100,190039,Male-Female,-0.00825526995511372,-0.028213520942147352
Victim Sex,named_all,graphsage_fairloss_a100_mb,logreg,selection_rate,gap,-0.16823058594822193,-0.17273379441341202,-0.1639944287254672,True,State,51,44,100,190039,,,
Victim Sex,named_all,graphsage_fairloss_a100_mb,logreg,selection_rate,amplification,-2.3688904760643634,-2.56615028883417,-2.209340886015799,True,State,51,44,100,190039,,,
Victim Sex,named_all,graphsage_fairloss_a100_mb,logreg,tpr,gap,-0.17813357752295111,-0.18317201388311471,-0.1727818895298228,True,State,51,44,100,190039,,,
Victim Sex,named_all,graphsage_fairloss_a100_mb,logreg,tpr,amplification,-2.5083365957678394,-2.7009250405758607,-2.33311811805167,True,State,51,44,100,190039,,,
Victim Sex,named_all,graphsage_fairloss_a100_mb,logreg,fpr,gap,-0.16871286418598308,-0.17734400328367667,-0.15947453293344224,True,State,51,44,100,190039,,,
Victim Sex,named_all,graphsage_fairloss_a100_mb,logreg,fpr,amplification,-2.3756815379738616,-2.582194560834017,-2.1822902148786634,True,State,51,44,100,190039,,,
Victim Sex,named_all,graphsage_fairloss_a100_mb,logreg,selection_rate,signed_gap,0.16823058594822193,0.1639944287254672,0.17273379441341202,True,State,51,44,100,190039,Male-Female,-0.04208619445408024,-0.21031678040230217
Victim Sex,named_all,graphsage_fairloss_a100_mb,logreg,tpr,signed_gap,0.17813357752295111,0.1727818895298228,0.18317201388311471,True,State,51,44,100,190039,Male-Female,-0.03173950751327437,-0.20987308503622548
Victim Sex,named_all,graphsage_fairloss_a100_mb,logreg,fpr,signed_gap,0.16871286418598308,0.15949362125195513,0.17786254222690695,True,State,51,44,100,190039,Male-Female,-0.00825526995511372,-0.1769681341410968
Victim Sex,named_n>=5000,graphsage_fairloss_a100_mb,logreg,selection_rate,gap,-0.16823058594822193,-0.17273379441341202,-0.1639944287254672,True,State,51,44,100,190039,,,
Victim Sex,named_n>=5000,graphsage_fairloss_a100_mb,logreg,selection_rate,amplification,-2.3688904760643634,-2.56615028883417,-2.209340886015799,True,State,51,44,100,190039,,,
Victim Sex,named_n>=5000,graphsage_fairloss_a100_mb,logreg,tpr,gap,-0.17813357752295111,-0.18317201388311471,-0.1727818895298228,True,State,51,44,100,190039,,,
Victim Sex,named_n>=5000,graphsage_fairloss_a100_mb,logreg,tpr,amplification,-2.5083365957678394,-2.7009250405758607,-2.33311811805167,True,State,51,44,100,190039,,,
Victim Sex,named_n>=5000,graphsage_fairloss_a100_mb,logreg,fpr,gap,-0.16871286418598308,-0.17734400328367667,-0.15947453293344224,True,State,51,44,100,190039,,,
Victim Sex,named_n>=5000,graphsage_fairloss_a100_mb,logreg,fpr,amplification,-2.3756815379738616,-2.582194560834017,-2.1822902148786634,True,State,51,44,100,190039,,,
Victim Sex,named_n>=5000,graphsage_fairloss_a100_mb,logreg,selection_rate,signed_gap,0.16823058594822193,0.1639944287254672,0.17273379441341202,True,State,51,44,100,190039,Male-Female,-0.04208619445408024,-0.21031678040230217
Victim Sex,named_n>=5000,graphsage_fairloss_a100_mb,logreg,tpr,signed_gap,0.17813357752295111,0.1727818895298228,0.18317201388311471,True,State,51,44,100,190039,Male-Female,-0.03173950751327437,-0.20987308503622548
Victim Sex,named_n>=5000,graphsage_fairloss_a100_mb,logreg,fpr,signed_gap,0.16871286418598308,0.15949362125195513,0.17786254222690695,True,State,51,44,100,190039,Male-Female,-0.00825526995511372,-0.1769681341410968
Victim Sex,named_all,graphsage_fairloss_a100_mb,logreg_blind,selection_rate,gap,-0.014127617254149016,-0.018301649996169532,-0.009768641643896984,True,State,51,44,100,190039,,,
Victim Sex,named_all,graphsage_fairloss_a100_mb,logreg_blind,selection_rate,amplification,-0.19893396776931271,-0.26327391548695156,-0.1381304003133543,True,State,51,44,100,190039,,,
Victim Sex,named_all,graphsage_fairloss_a100_mb,logreg_blind,tpr,gap,-0.019116074712306697,-0.023989934219694795,-0.013798620147358224,True,State,51,44,100,190039,,,
Victim Sex,named_all,graphsage_fairloss_a100_mb,logreg_blind,tpr,amplification,-0.26917749272808,-0.34581355064654473,-0.1941561567191005,True,State,51,44,100,190039,,,
Victim Sex,named_all,graphsage_fairloss_a100_mb,logreg_blind,fpr,gap,-0.021013049363939995,-0.028998285456698324,-0.012610165600645894,True,State,51,44,100,190039,,,
Victim Sex,named_all,graphsage_fairloss_a100_mb,logreg_blind,fpr,amplification,-0.2958891941720298,-0.4105880993858408,-0.17338727316917157,True,State,51,44,100,190039,,,
Victim Sex,named_all,graphsage_fairloss_a100_mb,logreg_blind,selection_rate,signed_gap,0.014127617254149016,0.009768641643896982,0.01830164999616953,True,State,51,44,100,190039,Male-Female,-0.04208619445408024,-0.056213811708229255
Victim Sex,named_all,graphsage_fairloss_a100_mb,logreg_blind,tpr,signed_gap,0.019116074712306697,0.013798620147358224,0.023989934219694795,True,State,51,44,100,190039,Male-Female,-0.03173950751327437,-0.050855582225581064
Victim Sex,named_all,graphsage_fairloss_a100_mb,logreg_blind,fpr,signed_gap,0.021013049363939995,0.012811460769639033,0.02960909917360253,True,State,51,44,100,190039,Male-Female,-0.00825526995511372,-0.029268319319053715
Victim Sex,named_n>=5000,graphsage_fairloss_a100_mb,logreg_blind,selection_rate,gap,-0.014127617254149016,-0.018301649996169532,-0.009768641643896984,True,State,51,44,100,190039,,,
Victim Sex,named_n>=5000,graphsage_fairloss_a100_mb,logreg_blind,selection_rate,amplification,-0.19893396776931271,-0.26327391548695156,-0.1381304003133543,True,State,51,44,100,190039,,,
Victim Sex,named_n>=5000,graphsage_fairloss_a100_mb,logreg_blind,tpr,gap,-0.019116074712306697,-0.023989934219694795,-0.013798620147358224,True,State,51,44,100,190039,,,
Victim Sex,named_n>=5000,graphsage_fairloss_a100_mb,logreg_blind,tpr,amplification,-0.26917749272808,-0.34581355064654473,-0.1941561567191005,True,State,51,44,100,190039,,,
Victim Sex,named_n>=5000,graphsage_fairloss_a100_mb,logreg_blind,fpr,gap,-0.021013049363939995,-0.028998285456698324,-0.012610165600645894,True,State,51,44,100,190039,,,
Victim Sex,named_n>=5000,graphsage_fairloss_a100_mb,logreg_blind,fpr,amplification,-0.2958891941720298,-0.4105880993858408,-0.17338727316917157,True,State,51,44,100,190039,,,
Victim Sex,named_n>=5000,graphsage_fairloss_a100_mb,logreg_blind,selection_rate,signed_gap,0.014127617254149016,0.009768641643896982,0.01830164999616953,True,State,51,44,100,190039,Male-Female,-0.04208619445408024,-0.056213811708229255
Victim Sex,named_n>=5000,graphsage_fairloss_a100_mb,logreg_blind,tpr,signed_gap,0.019116074712306697,0.013798620147358224,0.023989934219694795,True,State,51,44,100,190039,Male-Female,-0.03173950751327437,-0.050855582225581064
Victim Sex,named_n>=5000,graphsage_fairloss_a100_mb,logreg_blind,fpr,signed_gap,0.021013049363939995,0.012811460769639033,0.02960909917360253,True,State,51,44,100,190039,Male-Female,-0.00825526995511372,-0.029268319319053715
Victim Sex,named_all,xgboost,xgboost_blind,selection_rate,gap,0.11971005605551943,0.11583903637766434,0.12383373050249315,True,State,51,44,100,190039,,,
Victim Sex,named_all,xgboost,xgboost_blind,selection_rate,amplification,1.6856626283542246,1.5723137800446372,1.8247666570692398,True,State,51,44,100,190039,,,
Victim Sex,named_all,xgboost,xgboost_blind,tpr,gap,0.1241591585497328,0.11976464833323619,0.1290645568384333,True,State,51,44,100,190039,,,
Victim Sex,named_all,xgboost,xgboost_blind,tpr,amplification,1.7483113819454417,1.6276163479608639,1.8928714688391934,True,State,51,44,100,190039,,,
Victim Sex,named_all,xgboost,xgboost_blind,fpr,gap,0.11039888839413026,0.10226814111206778,0.1187051086684424,True,State,51,44,100,190039,,,
Victim Sex,named_all,xgboost,xgboost_blind,fpr,amplification,1.5545501063964633,1.3957935955476752,1.7274885804254614,True,State,51,44,100,190039,,,
Victim Sex,named_all,xgboost,xgboost_blind,selection_rate,signed_gap,-0.11971005605551943,-0.12383373050249315,-0.11583903637766434,True,State,51,44,100,190039,Male-Female,-0.18558106687295495,-0.06587101081743552
Victim Sex,named_all,xgboost,xgboost_blind,tpr,signed_gap,-0.1241591585497328,-0.1290645568384333,-0.11976464833323619,True,State,51,44,100,190039,Male-Female,-0.18150052485597523,-0.057341366306242425
Victim Sex,named_all,xgboost,xgboost_blind,fpr,signed_gap,-0.11039888839413026,-0.1187051086684424,-0.10226814111206778,True,State,51,44,100,190039,Male-Female,-0.1386124093362776,-0.028213520942147352
Victim Sex,named_n>=5000,xgboost,xgboost_blind,selection_rate,gap,0.11971005605551943,0.11583903637766434,0.12383373050249315,True,State,51,44,100,190039,,,
Victim Sex,named_n>=5000,xgboost,xgboost_blind,selection_rate,amplification,1.6856626283542246,1.5723137800446372,1.8247666570692398,True,State,51,44,100,190039,,,
Victim Sex,named_n>=5000,xgboost,xgboost_blind,tpr,gap,0.1241591585497328,0.11976464833323619,0.1290645568384333,True,State,51,44,100,190039,,,
Victim Sex,named_n>=5000,xgboost,xgboost_blind,tpr,amplification,1.7483113819454417,1.6276163479608639,1.8928714688391934,True,State,51,44,100,190039,,,
Victim Sex,named_n>=5000,xgboost,xgboost_blind,fpr,gap,0.11039888839413026,0.10226814111206778,0.1187051086684424,True,State,51,44,100,190039,,,
Victim Sex,named_n>=5000,xgboost,xgboost_blind,fpr,amplification,1.5545501063964633,1.3957935955476752,1.7274885804254614,True,State,51,44,100,190039,,,
Victim Sex,named_n>=5000,xgboost,xgboost_blind,selection_rate,signed_gap,-0.11971005605551943,-0.12383373050249315,-0.11583903637766434,True,State,51,44,100,190039,Male-Female,-0.18558106687295495,-0.06587101081743552
Victim Sex,named_n>=5000,xgboost,xgboost_blind,tpr,signed_gap,-0.1241591585497328,-0.1290645568384333,-0.11976464833323619,True,State,51,44,100,190039,Male-Female,-0.18150052485597523,-0.057341366306242425
Victim Sex,named_n>=5000,xgboost,xgboost_blind,fpr,signed_gap,-0.11039888839413026,-0.1187051086684424,-0.10226814111206778,True,State,51,44,100,190039,Male-Female,-0.1386124093362776,-0.028213520942147352
Victim Sex,named_all,xgboost,logreg,selection_rate,gap,-0.024735713529347225,-0.028748881970721216,-0.02025676838470733,True,State,51,44,100,190039,,,
Victim Sex,named_all,xgboost,logreg,selection_rate,amplification,-0.3483088159507557,-0.41285074752963,-0.28251333725088223,True,State,51,44,100,190039,,,
Victim Sex,named_all,xgboost,logreg,tpr,gap,-0.02837256018025025,-0.03323156708027168,-0.023538812807136156,True,State,51,44,100,190039,,,
Victim Sex,named_all,xgboost,logreg,tpr,amplification,-0.39952002314991786,-0.4750517603218752,-0.3297241685015225,True,State,51,44,100,190039,,,
Victim Sex,named_all,xgboost,logreg,fpr,gap,-0.03835572480481919,-0.04797406531453852,-0.028970108898528822,True,State,51,44,100,190039,,,
Victim Sex,named_all,xgboost,logreg,fpr,amplification,-0.540095076531725,-0.6838406963337875,-0.4047935807276962,True,State,51,44,100,190039,,,
Victim Sex,named_all,xgboost,logreg,selection_rate,signed_gap,0.024735713529347225,0.02025676838470733,0.028748881970721216,True,State,51,44,100,190039,Male-Female,-0.18558106687295495,-0.21031678040230217
Victim Sex,named_all,xgboost,logreg,tpr,signed_gap,0.02837256018025025,0.023538812807136156,0.03323156708027168,True,State,51,44,100,190039,Male-Female,-0.18150052485597523,-0.20987308503622548
Victim Sex,named_all,xgboost,logreg,fpr,signed_gap,0.03835572480481919,0.02897010889852882,0.047974065314538517,True,State,51,44,100,190039,Male-Female,-0.1386124093362776,-0.1769681341410968
Victim Sex,named_n>=5000,xgboost,logreg,selection_rate,gap,-0.024735713529347225,-0.028748881970721216,-0.02025676838470733,True,State,51,44,100,190039,,,
Victim Sex,named_n>=5000,xgboost,logreg,selection_rate,amplification,-0.3483088159507557,-0.41285074752963,-0.28251333725088223,True,State,51,44,100,190039,,,
Victim Sex,named_n>=5000,xgboost,logreg,tpr,gap,-0.02837256018025025,-0.03323156708027168,-0.023538812807136156,True,State,51,44,100,190039,,,
Victim Sex,named_n>=5000,xgboost,logreg,tpr,amplification,-0.39952002314991786,-0.4750517603218752,-0.3297241685015225,True,State,51,44,100,190039,,,
Victim Sex,named_n>=5000,xgboost,logreg,fpr,gap,-0.03835572480481919,-0.04797406531453852,-0.028970108898528822,True,State,51,44,100,190039,,,
Victim Sex,named_n>=5000,xgboost,logreg,fpr,amplification,-0.540095076531725,-0.6838406963337875,-0.4047935807276962,True,State,51,44,100,190039,,,
Victim Sex,named_n>=5000,xgboost,logreg,selection_rate,signed_gap,0.024735713529347225,0.02025676838470733,0.028748881970721216,True,State,51,44,100,190039,Male-Female,-0.18558106687295495,-0.21031678040230217
Victim Sex,named_n>=5000,xgboost,logreg,tpr,signed_gap,0.02837256018025025,0.023538812807136156,0.03323156708027168,True,State,51,44,100,190039,Male-Female,-0.18150052485597523,-0.20987308503622548
Victim Sex,named_n>=5000,xgboost,logreg,fpr,signed_gap,0.03835572480481919,0.02897010889852882,0.047974065314538517,True,State,51,44,100,190039,Male-Female,-0.1386124093362776,-0.1769681341410968
Victim Sex,named_all,xgboost,logreg_blind,selection_rate,gap,0.1293672551647257,0.12459763602373682,0.13401851560636244,True,State,51,44,100,190039,,,
Victim Sex,named_all,xgboost,logreg_blind,selection_rate,amplification,1.8216476923442948,1.6964359233245219,1.973036407439197,True,State,51,44,100,190039,,,
Victim Sex,named_all,xgboost,logreg_blind,tpr,gap,0.13064494263039417,0.12488442612030923,0.136081819399583,True,State,51,44,100,190039,,,
Victim Sex,named_all,xgboost,logreg_blind,tpr,amplification,1.8396390798898414,1.6981554889426875,1.9939121951265604,True,State,51,44,100,190039,,,
Victim Sex,named_all,xgboost,logreg_blind,fpr,gap,0.1093440900172239,0.09910312690565432,0.11910645018568997,True,State,51,44,100,190039,,,
Victim Sex,named_all,xgboost,logreg_blind,fpr,amplification,1.5396972672701068,1.3739788771844956,1.7209893395223606,True,State,51,44,100,190039,,,
Victim Sex,named_all,xgboost,logreg_blind,selection_rate,signed_gap,-0.1293672551647257,-0.13401851560636244,-0.12459763602373682,True,State,51,44,100,190039,Male-Female,-0.18558106687295495,-0.056213811708229255
Victim Sex,named_all,xgboost,logreg_blind,tpr,signed_gap,-0.13064494263039417,-0.136081819399583,-0.12488442612030923,True,State,51,44,100,190039,Male-Female,-0.18150052485597523,-0.050855582225581064
Victim Sex,named_all,xgboost,logreg_blind,fpr,signed_gap,-0.1093440900172239,-0.11910645018568997,-0.09910312690565432,True,State,51,44,100,190039,Male-Female,-0.1386124093362776,-0.029268319319053715
Victim Sex,named_n>=5000,xgboost,logreg_blind,selection_rate,gap,0.1293672551647257,0.12459763602373682,0.13401851560636244,True,State,51,44,100,190039,,,
Victim Sex,named_n>=5000,xgboost,logreg_blind,selection_rate,amplification,1.8216476923442948,1.6964359233245219,1.973036407439197,True,State,51,44,100,190039,,,
Victim Sex,named_n>=5000,xgboost,logreg_blind,tpr,gap,0.13064494263039417,0.12488442612030923,0.136081819399583,True,State,51,44,100,190039,,,
Victim Sex,named_n>=5000,xgboost,logreg_blind,tpr,amplification,1.8396390798898414,1.6981554889426875,1.9939121951265604,True,State,51,44,100,190039,,,
Victim Sex,named_n>=5000,xgboost,logreg_blind,fpr,gap,0.1093440900172239,0.09910312690565432,0.11910645018568997,True,State,51,44,100,190039,,,
Victim Sex,named_n>=5000,xgboost,logreg_blind,fpr,amplification,1.5396972672701068,1.3739788771844956,1.7209893395223606,True,State,51,44,100,190039,,,
Victim Sex,named_n>=5000,xgboost,logreg_blind,selection_rate,signed_gap,-0.1293672551647257,-0.13401851560636244,-0.12459763602373682,True,State,51,44,100,190039,Male-Female,-0.18558106687295495,-0.056213811708229255
Victim Sex,named_n>=5000,xgboost,logreg_blind,tpr,signed_gap,-0.13064494263039417,-0.136081819399583,-0.12488442612030923,True,State,51,44,100,190039,Male-Female,-0.18150052485597523,-0.050855582225581064
Victim Sex,named_n>=5000,xgboost,logreg_blind,fpr,signed_gap,-0.1093440900172239,-0.11910645018568997,-0.09910312690565432,True,State,51,44,100,190039,Male-Female,-0.1386124093362776,-0.029268319319053715
Victim Sex,named_all,xgboost_blind,logreg,selection_rate,gap,-0.14444576958486666,-0.1487793074384185,-0.14011035653976364,True,State,51,44,100,190039,,,
Victim Sex,named_all,xgboost_blind,logreg,selection_rate,amplification,-2.0339714443049806,-2.190990500228964,-1.8828519928406666,True,State,51,44,100,190039,,,
Victim Sex,named_all,xgboost_blind,logreg,tpr,gap,-0.15253171872998306,-0.15793167614206793,-0.1474479327248612,True,State,51,44,100,190039,,,
Victim Sex,named_all,xgboost_blind,logreg,tpr,amplification,-2.1478314050953595,-2.3212371252092283,-1.9934270335190865,True,State,51,44,100,190039,,,
Victim Sex,named_all,xgboost_blind,logreg,fpr,gap,-0.14875461319894945,-0.15793422228761955,-0.13941948791792175,True,State,51,44,100,190039,,,
Victim Sex,named_all,xgboost_blind,logreg,fpr,amplification,-2.094645182928188,-2.2904069977324855,-1.89737306653241,True,State,51,44,100,190039,,,
Victim Sex,named_all,xgboost_blind,logreg,selection_rate,signed_gap,0.14444576958486666,0.14011035653976364,0.1487793074384185,True,State,51,44,100,190039,Male-Female,-0.06587101081743552,-0.21031678040230217
Victim Sex,named_all,xgboost_blind,logreg,tpr,signed_gap,0.15253171872998306,0.1474479327248612,0.15793167614206793,True,State,51,44,100,190039,Male-Female,-0.057341366306242425,-0.20987308503622548
Victim Sex,named_all,xgboost_blind,logreg,fpr,signed_gap,0.14875461319894945,0.13941948791792175,0.15793422228761955,True,State,51,44,100,190039,Male-Female,-0.028213520942147352,-0.1769681341410968
Victim Sex,named_n>=5000,xgboost_blind,logreg,selection_rate,gap,-0.14444576958486666,-0.1487793074384185,-0.14011035653976364,True,State,51,44,100,190039,,,
Victim Sex,named_n>=5000,xgboost_blind,logreg,selection_rate,amplification,-2.0339714443049806,-2.190990500228964,-1.8828519928406666,True,State,51,44,100,190039,,,
Victim Sex,named_n>=5000,xgboost_blind,logreg,tpr,gap,-0.15253171872998306,-0.15793167614206793,-0.1474479327248612,True,State,51,44,100,190039,,,
Victim Sex,named_n>=5000,xgboost_blind,logreg,tpr,amplification,-2.1478314050953595,-2.3212371252092283,-1.9934270335190865,True,State,51,44,100,190039,,,
Victim Sex,named_n>=5000,xgboost_blind,logreg,fpr,gap,-0.14875461319894945,-0.15793422228761955,-0.13941948791792175,True,State,51,44,100,190039,,,
Victim Sex,named_n>=5000,xgboost_blind,logreg,fpr,amplification,-2.094645182928188,-2.2904069977324855,-1.89737306653241,True,State,51,44,100,190039,,,
Victim Sex,named_n>=5000,xgboost_blind,logreg,selection_rate,signed_gap,0.14444576958486666,0.14011035653976364,0.1487793074384185,True,State,51,44,100,190039,Male-Female,-0.06587101081743552,-0.21031678040230217
Victim Sex,named_n>=5000,xgboost_blind,logreg,tpr,signed_gap,0.15253171872998306,0.1474479327248612,0.15793167614206793,True,State,51,44,100,190039,Male-Female,-0.057341366306242425,-0.20987308503622548
Victim Sex,named_n>=5000,xgboost_blind,logreg,fpr,signed_gap,0.14875461319894945,0.13941948791792175,0.15793422228761955,True,State,51,44,100,190039,Male-Female,-0.028213520942147352,-0.1769681341410968
Victim Sex,named_all,xgboost_blind,logreg_blind,selection_rate,gap,0.00965719910920626,0.005222405547807585,0.013945275720192602,True,State,51,44,100,190039,,,
Victim Sex,named_all,xgboost_blind,logreg_blind,selection_rate,amplification,0.13598506399007027,0.07509883994107776,0.1952116914533911,True,State,51,44,100,190039,,,
Victim Sex,named_all,xgboost_blind,logreg_blind,tpr,gap,0.006485784080661361,0.0012123213135943444,0.01189093022640915,True,State,51,44,100,190039,,,
Victim Sex,named_all,xgboost_blind,logreg_blind,tpr,amplification,0.09132769794439966,0.016772147445430683,0.16781783429537794,True,State,51,44,100,190039,,,
Victim Sex,named_all,xgboost_blind,logreg_blind,fpr,gap,-0.001054798376906363,-0.00947840132063221,0.007195200736346105,False,State,51,44,100,190039,,,
Victim Sex,named_all,xgboost_blind,logreg_blind,fpr,amplification,-0.014852839126356487,-0.13511671627057426,0.10254680811089777,False,State,51,44,100,190039,,,
Victim Sex,named_all,xgboost_blind,logreg_blind,selection_rate,signed_gap,-0.00965719910920626,-0.013945275720192602,-0.005222405547807585,True,State,51,44,100,190039,Male-Female,-0.06587101081743552,-0.056213811708229255
Victim Sex,named_all,xgboost_blind,logreg_blind,tpr,signed_gap,-0.006485784080661361,-0.01189093022640915,-0.0012123213135943449,True,State,51,44,100,190039,Male-Female,-0.057341366306242425,-0.050855582225581064
Victim Sex,named_all,xgboost_blind,logreg_blind,fpr,signed_gap,0.001054798376906363,-0.007195200736346108,0.009478401320632207,False,State,51,44,100,190039,Male-Female,-0.028213520942147352,-0.029268319319053715
Victim Sex,named_n>=5000,xgboost_blind,logreg_blind,selection_rate,gap,0.00965719910920626,0.005222405547807585,0.013945275720192602,True,State,51,44,100,190039,,,
Victim Sex,named_n>=5000,xgboost_blind,logreg_blind,selection_rate,amplification,0.13598506399007027,0.07509883994107776,0.1952116914533911,True,State,51,44,100,190039,,,
Victim Sex,named_n>=5000,xgboost_blind,logreg_blind,tpr,gap,0.006485784080661361,0.0012123213135943444,0.01189093022640915,True,State,51,44,100,190039,,,
Victim Sex,named_n>=5000,xgboost_blind,logreg_blind,tpr,amplification,0.09132769794439966,0.016772147445430683,0.16781783429537794,True,State,51,44,100,190039,,,
Victim Sex,named_n>=5000,xgboost_blind,logreg_blind,fpr,gap,-0.001054798376906363,-0.00947840132063221,0.007195200736346105,False,State,51,44,100,190039,,,
Victim Sex,named_n>=5000,xgboost_blind,logreg_blind,fpr,amplification,-0.014852839126356487,-0.13511671627057426,0.10254680811089777,False,State,51,44,100,190039,,,
Victim Sex,named_n>=5000,xgboost_blind,logreg_blind,selection_rate,signed_gap,-0.00965719910920626,-0.013945275720192602,-0.005222405547807585,True,State,51,44,100,190039,Male-Female,-0.06587101081743552,-0.056213811708229255
Victim Sex,named_n>=5000,xgboost_blind,logreg_blind,tpr,signed_gap,-0.006485784080661361,-0.01189093022640915,-0.0012123213135943449,True,State,51,44,100,190039,Male-Female,-0.057341366306242425,-0.050855582225581064
Victim Sex,named_n>=5000,xgboost_blind,logreg_blind,fpr,signed_gap,0.001054798376906363,-0.007195200736346108,0.009478401320632207,False,State,51,44,100,190039,Male-Female,-0.028213520942147352,-0.029268319319053715
Victim Sex,named_all,logreg,logreg_blind,selection_rate,gap,0.15410296869407292,0.15058811602718444,0.15751843261809137,True,State,51,44,100,190039,,,
Victim Sex,named_all,logreg,logreg_blind,selection_rate,amplification,2.1699565082950505,2.0221401445863374,2.347427558558122,True,State,51,44,100,190039,,,
Victim Sex,named_all,logreg,logreg_blind,tpr,gap,0.15901750281064442,0.1547984357123398,0.16306873009089684,True,State,51,44,100,190039,,,
Victim Sex,named_all,logreg,logreg_blind,tpr,amplification,2.2391591030397593,2.0870302940835534,2.4286556792666527,True,State,51,44,100,190039,,,
Victim Sex,named_all,logreg,logreg_blind,fpr,gap,0.14769981482204309,0.14079166171151133,0.15395415426569786,True,State,51,44,100,190039,,,
Victim Sex,named_all,logreg,logreg_blind,fpr,amplification,2.0797923438018318,1.9129017410426,2.264567013762046,True,State,51,44,100,190039,,,
Victim Sex,named_all,logreg,logreg_blind,selection_rate,signed_gap,-0.15410296869407292,-0.15751843261809137,-0.15058811602718444,True,State,51,44,100,190039,Male-Female,-0.21031678040230217,-0.056213811708229255
Victim Sex,named_all,logreg,logreg_blind,tpr,signed_gap,-0.15901750281064442,-0.16306873009089684,-0.1547984357123398,True,State,51,44,100,190039,Male-Female,-0.20987308503622548,-0.050855582225581064
Victim Sex,named_all,logreg,logreg_blind,fpr,signed_gap,-0.14769981482204309,-0.15395415426569786,-0.14079166171151133,True,State,51,44,100,190039,Male-Female,-0.1769681341410968,-0.029268319319053715
Victim Sex,named_n>=5000,logreg,logreg_blind,selection_rate,gap,0.15410296869407292,0.15058811602718444,0.15751843261809137,True,State,51,44,100,190039,,,
Victim Sex,named_n>=5000,logreg,logreg_blind,selection_rate,amplification,2.1699565082950505,2.0221401445863374,2.347427558558122,True,State,51,44,100,190039,,,
Victim Sex,named_n>=5000,logreg,logreg_blind,tpr,gap,0.15901750281064442,0.1547984357123398,0.16306873009089684,True,State,51,44,100,190039,,,
Victim Sex,named_n>=5000,logreg,logreg_blind,tpr,amplification,2.2391591030397593,2.0870302940835534,2.4286556792666527,True,State,51,44,100,190039,,,
Victim Sex,named_n>=5000,logreg,logreg_blind,fpr,gap,0.14769981482204309,0.14079166171151133,0.15395415426569786,True,State,51,44,100,190039,,,
Victim Sex,named_n>=5000,logreg,logreg_blind,fpr,amplification,2.0797923438018318,1.9129017410426,2.264567013762046,True,State,51,44,100,190039,,,
Victim Sex,named_n>=5000,logreg,logreg_blind,selection_rate,signed_gap,-0.15410296869407292,-0.15751843261809137,-0.15058811602718444,True,State,51,44,100,190039,Male-Female,-0.21031678040230217,-0.056213811708229255
Victim Sex,named_n>=5000,logreg,logreg_blind,tpr,signed_gap,-0.15901750281064442,-0.16306873009089684,-0.1547984357123398,True,State,51,44,100,190039,Male-Female,-0.20987308503622548,-0.050855582225581064
Victim Sex,named_n>=5000,logreg,logreg_blind,fpr,signed_gap,-0.14769981482204309,-0.15395415426569786,-0.14079166171151133,True,State,51,44,100,190039,Male-Female,-0.1769681341410968,-0.029268319319053715
