attribute,group_set,model_a,model_b,metric,quantity,diff,diff_lo,diff_hi,significant
Victim Race,named_all,graphsage_geo_blind_mb,graphsage_fairloss_a10_mb,selection_rate,gap,0.032251574458975196,0.01003225002199135,0.056129259330355376,True
Victim Race,named_all,graphsage_geo_blind_mb,graphsage_fairloss_a10_mb,selection_rate,amplification,0.23967677629311157,0.07190614290495834,0.43217998911380956,True
Victim Race,named_all,graphsage_geo_blind_mb,graphsage_fairloss_a10_mb,tpr,gap,-0.01923896499238964,-0.035092703856054494,0.0024169385877751085,False
Victim Race,named_all,graphsage_geo_blind_mb,graphsage_fairloss_a10_mb,tpr,amplification,-0.14297389153690654,-0.2611785014763362,0.01808952427684453,False
Victim Race,named_all,graphsage_geo_blind_mb,graphsage_fairloss_a10_mb,fpr,gap,0.11107378641681381,0.07310743873987424,0.1485345380816225,True
Victim Race,named_all,graphsage_geo_blind_mb,graphsage_fairloss_a10_mb,fpr,amplification,0.8254420909873768,0.5339341836656915,1.1569340550150662,True
Victim Race,named_n>=5000,graphsage_geo_blind_mb,graphsage_fairloss_a10_mb,selection_rate,gap,0.07640614305029858,0.0739974400148263,0.07877775507171945,True
Victim Race,named_n>=5000,graphsage_geo_blind_mb,graphsage_fairloss_a10_mb,selection_rate,amplification,1.0010578464195334,0.9364207796148722,1.0628179726526172,True
Victim Race,named_n>=5000,graphsage_geo_blind_mb,graphsage_fairloss_a10_mb,tpr,gap,0.07143998245989835,0.06863533085953309,0.07432353759129705,True
Victim Race,named_n>=5000,graphsage_geo_blind_mb,graphsage_fairloss_a10_mb,tpr,amplification,0.9359922139045284,0.8704391857324637,0.9984502031413816,True
Victim Race,named_n>=5000,graphsage_geo_blind_mb,graphsage_fairloss_a10_mb,fpr,gap,0.08826396797184316,0.08325505869950871,0.09303174526067601,True
Victim Race,named_n>=5000,graphsage_geo_blind_mb,graphsage_fairloss_a10_mb,fpr,amplification,1.1564166723632399,1.0718159685356776,1.2398416050575904,True
Victim Race,named_all,graphsage_geo_blind_mb,graphsage_fairloss_a25_mb,selection_rate,gap,0.047018886635797785,0.023763148290038436,0.07262308020758652,True
Victim Race,named_all,graphsage_geo_blind_mb,graphsage_fairloss_a25_mb,selection_rate,amplification,0.34941969075321144,0.1789044303435165,0.5484321983368559,True
Victim Race,named_all,graphsage_geo_blind_mb,graphsage_fairloss_a25_mb,tpr,gap,-0.0075181561208957914,-0.023960143244548874,0.019261550091565032,False
Victim Race,named_all,graphsage_geo_blind_mb,graphsage_fairloss_a25_mb,tpr,amplification,-0.05587099088811076,-0.17698428262134072,0.14141725790167892,False
Victim Race,named_all,graphsage_geo_blind_mb,graphsage_fairloss_a25_mb,fpr,gap,0.1674266946368918,0.11513947590906642,0.21077143703723286,True
Victim Race,named_all,graphsage_geo_blind_mb,graphsage_fairloss_a25_mb,fpr,amplification,1.2442273318167967,0.8222735375922963,1.6336843322655312,True
Victim Race,named_n>=5000,graphsage_geo_blind_mb,graphsage_fairloss_a25_mb,selection_rate,gap,0.09723831738696864,0.0944613524599692,0.09995224304619141,True
Victim Race,named_n>=5000,graphsage_geo_blind_mb,graphsage_fairloss_a25_mb,selection_rate,amplification,1.273996784902199,1.197020329652257,1.3555960947731513,True
Victim Race,named_n>=5000,graphsage_geo_blind_mb,graphsage_fairloss_a25_mb,tpr,gap,0.09231802623859153,0.08916729747574001,0.0955974661528903,True
Victim Race,named_n>=5000,graphsage_geo_blind_mb,graphsage_fairloss_a25_mb,tpr,amplification,1.209532124547481,1.134423446638631,1.292334978884726,True
Victim Race,named_n>=5000,graphsage_geo_blind_mb,graphsage_fairloss_a25_mb,fpr,gap,0.1090348668455266,0.10391948644480531,0.11415835003175522,True
Victim Race,named_n>=5000,graphsage_geo_blind_mb,graphsage_fairloss_a25_mb,fpr,amplification,1.4285527921121375,1.3320563770224387,1.5390872520996457,True
Victim Race,named_all,graphsage_geo_blind_mb,graphsage_fairloss_a100_mb,selection_rate,gap,0.04290490605421099,0.018093276131417105,0.06714753772896584,True
Victim Race,named_all,graphsage_geo_blind_mb,graphsage_fairloss_a100_mb,selection_rate,amplification,0.31884674601894947,0.1328156711596979,0.5189650446996521,True
Victim Race,named_all,graphsage_geo_blind_mb,graphsage_fairloss_a100_mb,tpr,gap,-0.010598390954555281,-0.029993861377421722,0.015393758812503553,False
Victim Race,named_all,graphsage_geo_blind_mb,graphsage_fairloss_a100_mb,tpr,amplification,-0.07876167971622805,-0.23527536885507083,0.11267111302068944,False
Victim Race,named_all,graphsage_geo_blind_mb,graphsage_fairloss_a100_mb,fpr,gap,0.16030584453628816,0.10714753852362882,0.20925496028506171,True
Victim Race,named_all,graphsage_geo_blind_mb,graphsage_fairloss_a100_mb,fpr,amplification,1.1913089107719534,0.7741359814578314,1.6341478082073349,True
Victim Race,named_n>=5000,graphsage_geo_blind_mb,graphsage_fairloss_a100_mb,selection_rate,gap,0.11201594792207348,0.10901641840768955,0.1149848122122816,True
Victim Race,named_n>=5000,graphsage_geo_blind_mb,graphsage_fairloss_a100_mb,selection_rate,amplification,1.4676103139729846,1.377696921279934,1.5600651690532226,True
Victim Race,named_n>=5000,graphsage_geo_blind_mb,graphsage_fairloss_a100_mb,tpr,gap,0.09307927617957512,0.0835564324247721,0.10248289215235701,True
Victim Race,named_n>=5000,graphsage_geo_blind_mb,graphsage_fairloss_a100_mb,tpr,amplification,1.2195058674441268,1.076183239227994,1.362669528513991,True
Victim Race,named_n>=5000,graphsage_geo_blind_mb,graphsage_fairloss_a100_mb,fpr,gap,0.12354344682574081,0.11844428809095812,0.129046643454349,True
Victim Race,named_n>=5000,graphsage_geo_blind_mb,graphsage_fairloss_a100_mb,fpr,amplification,1.6186412751813273,1.5137227037332288,1.7354274501960036,True
Victim Race,named_all,graphsage_geo_blind_mb,graphsage_fairloss_a5_sstate20_mb,selection_rate,gap,0.02099773603055144,0.011441167282518438,0.030324994549255902,True
Victim Race,named_all,graphsage_geo_blind_mb,graphsage_fairloss_a5_sstate20_mb,selection_rate,amplification,0.1560441549189473,0.07995196754994882,0.23791199427797052,True
Victim Race,named_all,graphsage_geo_blind_mb,graphsage_fairloss_a5_sstate20_mb,tpr,gap,-0.004892367906066508,-0.015911458509382987,0.014483084116300938,False
Victim Race,named_all,graphsage_geo_blind_mb,graphsage_fairloss_a5_sstate20_mb,tpr,amplification,-0.03635751084516703,-0.11969998970800678,0.10729533936266981,False
Victim Race,named_all,graphsage_geo_blind_mb,graphsage_fairloss_a5_sstate20_mb,fpr,gap,0.04968550968397217,0.02071152116477652,0.08015506476228121,True
Victim Race,named_all,graphsage_geo_blind_mb,graphsage_fairloss_a5_sstate20_mb,fpr,amplification,0.36923663384813965,0.14819619659948272,0.6136379421065975,True
Victim Race,named_n>=5000,graphsage_geo_blind_mb,graphsage_fairloss_a5_sstate20_mb,selection_rate,gap,0.027916814287225145,0.02600791967912142,0.029925941227251035,True
Victim Race,named_n>=5000,graphsage_geo_blind_mb,graphsage_fairloss_a5_sstate20_mb,selection_rate,amplification,0.36576045948120206,0.3348645914882159,0.3992378463242688,True
Victim Race,named_n>=5000,graphsage_geo_blind_mb,graphsage_fairloss_a5_sstate20_mb,tpr,gap,0.02668765241727611,0.024496607169693756,0.029076579044503982,True
Victim Race,named_n>=5000,graphsage_geo_blind_mb,graphsage_fairloss_a5_sstate20_mb,tpr,amplification,0.34965622904488514,0.3173548189996628,0.3864926161918669,True
Victim Race,named_n>=5000,graphsage_geo_blind_mb,graphsage_fairloss_a5_sstate20_mb,fpr,gap,0.029920824633864807,0.026437858817109118,0.033756435647090764,True
Victim Race,named_n>=5000,graphsage_geo_blind_mb,graphsage_fairloss_a5_sstate20_mb,fpr,amplification,0.3920165980810646,0.34092837909235807,0.44520779713519887,True
Victim Race,named_all,graphsage_geo_blind_mb,graphsage_fairloss_a10_sstate20_mb,selection_rate,gap,0.02548699495790585,0.004363186841202239,0.03796092680064123,True
Victim Race,named_all,graphsage_geo_blind_mb,graphsage_fairloss_a10_sstate20_mb,selection_rate,amplification,0.18940597137916493,0.033303959029496365,0.2927942899267834,True
Victim Race,named_all,graphsage_geo_blind_mb,graphsage_fairloss_a10_sstate20_mb,tpr,gap,-0.029836486192650558,-0.0413244505889197,-0.007837351134005188,True
Victim Race,named_all,graphsage_geo_blind_mb,graphsage_fairloss_a10_sstate20_mb,tpr,amplification,-0.22172910769565135,-0.31256544199969727,-0.05648229134449175,True
Victim Race,named_all,graphsage_geo_blind_mb,graphsage_fairloss_a10_sstate20_mb,fpr,gap,0.05736745980347846,0.02858496616923644,0.08715506231832602,True
Victim Race,named_all,graphsage_geo_blind_mb,graphsage_fairloss_a10_sstate20_mb,fpr,amplification,0.42632485577757695,0.20259530133200498,0.6654103900250123,True
Victim Race,named_n>=5000,graphsage_geo_blind_mb,graphsage_fairloss_a10_sstate20_mb,selection_rate,gap,0.050303323077848905,0.04822128951694234,0.052336400742310434,True
Victim Race,named_n>=5000,graphsage_geo_blind_mb,graphsage_fairloss_a10_sstate20_mb,selection_rate,amplification,0.6590639738863333,0.6152125928811684,0.7043069053083613,True
Victim Race,named_n>=5000,graphsage_geo_blind_mb,graphsage_fairloss_a10_sstate20_mb,tpr,gap,0.04773131101349182,0.04529052723678102,0.050267506377573094,True
Victim Race,named_n>=5000,graphsage_geo_blind_mb,graphsage_fairloss_a10_sstate20_mb,tpr,amplification,0.6253659915602864,0.580828191957078,0.6734519271985728,True
Victim Race,named_n>=5000,graphsage_geo_blind_mb,graphsage_fairloss_a10_sstate20_mb,fpr,gap,0.05467875206283568,0.05061403311643911,0.058813421424347534,True
Victim Race,named_n>=5000,graphsage_geo_blind_mb,graphsage_fairloss_a10_sstate20_mb,fpr,amplification,0.7163899602797186,0.6508085712385037,0.7858551519656819,True
Victim Race,named_all,graphsage_geo_blind_mb,graphsage_fairloss_a25_sstate20_mb,selection_rate,gap,0.010903872851717789,-0.0116523904810662,0.03137604916383014,False
Victim Race,named_all,graphsage_geo_blind_mb,graphsage_fairloss_a25_sstate20_mb,selection_rate,amplification,0.08103186086415759,-0.0889302821616776,0.23283569548881397,False
Victim Race,named_all,graphsage_geo_blind_mb,graphsage_fairloss_a25_sstate20_mb,tpr,gap,-0.04069623831267666,-0.05456787603642044,-0.018961645779602944,True
Victim Race,named_all,graphsage_geo_blind_mb,graphsage_fairloss_a25_sstate20_mb,tpr,amplification,-0.3024330864356972,-0.41391443472603595,-0.13901705208929177,True
Victim Race,named_all,graphsage_geo_blind_mb,graphsage_fairloss_a25_sstate20_mb,fpr,gap,0.05278405464211,0.020607287858416846,0.08354122104882196,True
Victim Race,named_all,graphsage_geo_blind_mb,graphsage_fairloss_a25_sstate20_mb,fpr,amplification,0.3922633939125333,0.14328453381157194,0.6389140598827164,True
Victim Race,named_n>=5000,graphsage_geo_blind_mb,graphsage_fairloss_a25_sstate20_mb,selection_rate,gap,0.06290183155842166,0.06031983906114649,0.06531112306058269,True
Victim Race,named_n>=5000,graphsage_geo_blind_mb,graphsage_fairloss_a25_sstate20_mb,selection_rate,amplification,0.8241270861462723,0.770621452370918,0.8781429872649256,True
Victim Race,named_n>=5000,graphsage_geo_blind_mb,graphsage_fairloss_a25_sstate20_mb,tpr,gap,0.06012118012258516,0.057385693550281815,0.06295121306939341,True
Victim Race,named_n>=5000,graphsage_geo_blind_mb,graphsage_fairloss_a25_sstate20_mb,tpr,amplification,0.7876955529360509,0.7319205421716857,0.8435170121571918,True
Victim Race,named_n>=5000,graphsage_geo_blind_mb,graphsage_fairloss_a25_sstate20_mb,fpr,gap,0.06723153509421265,0.06228831670114418,0.07193424860536696,True
Victim Race,named_n>=5000,graphsage_geo_blind_mb,graphsage_fairloss_a25_sstate20_mb,fpr,amplification,0.8808539869442968,0.803837619786963,0.9578470505431201,True
Victim Race,named_all,graphsage_geo_blind_mb,graphsage_fairloss_a50_sstate20_mb,selection_rate,gap,0.011166035914245809,-0.009737934408372062,0.03344340126291226,False
Victim Race,named_all,graphsage_geo_blind_mb,graphsage_fairloss_a50_sstate20_mb,selection_rate,amplification,0.08298011916608239,-0.07379220087864996,0.2520040672245484,False
Victim Race,named_all,graphsage_geo_blind_mb,graphsage_fairloss_a50_sstate20_mb,tpr,gap,-0.03746466623178957,-0.053419006338241426,-0.013012925991966878,True
Victim Race,named_all,graphsage_geo_blind_mb,graphsage_fairloss_a50_sstate20_mb,tpr,amplification,-0.2784177386054365,-0.40855410677364584,-0.096039556444024,True
Victim Race,named_all,graphsage_geo_blind_mb,graphsage_fairloss_a50_sstate20_mb,fpr,gap,0.07575955235215454,0.041248441374731326,0.11159883629694049,True
Victim Race,named_all,graphsage_geo_blind_mb,graphsage_fairloss_a50_sstate20_mb,fpr,amplification,0.5630052357372757,0.298056885659601,0.8498407630511865,True
Victim Race,named_n>=5000,graphsage_geo_blind_mb,graphsage_fairloss_a50_sstate20_mb,selection_rate,gap,0.07498179535622851,0.07224837663722283,0.07765473581932117,True
Victim Race,named_n>=5000,graphsage_geo_blind_mb,graphsage_fairloss_a50_sstate20_mb,selection_rate,amplification,0.9823963307578965,0.9187988593465524,1.045952309557591,True
Victim Race,named_n>=5000,graphsage_geo_blind_mb,graphsage_fairloss_a50_sstate20_mb,tpr,gap,0.0715421292855235,0.0683990465843062,0.0746374825217687,True
Victim Race,named_n>=5000,graphsage_geo_blind_mb,graphsage_fairloss_a50_sstate20_mb,tpr,amplification,0.9373305209724769,0.8735791414396137,1.0033541532779495,True
Victim Race,named_n>=5000,graphsage_geo_blind_mb,graphsage_fairloss_a50_sstate20_mb,fpr,gap,0.08006769087077897,0.074813457244139,0.08498912278854406,True
Victim Race,named_n>=5000,graphsage_geo_blind_mb,graphsage_fairloss_a50_sstate20_mb,fpr,amplification,1.049030706053598,0.962757454811736,1.1356120695366734,True
Victim Race,named_all,graphsage_geo_blind_mb,graphsage_fairloss_a100_sstate20_mb,selection_rate,gap,0.007989903857448577,-0.014452263782206503,0.03116227988004029,False
Victim Race,named_all,graphsage_geo_blind_mb,graphsage_fairloss_a100_sstate20_mb,selection_rate,amplification,0.059376772500861597,-0.1089636118455928,0.23727175801935504,False
Victim Race,named_all,graphsage_geo_blind_mb,graphsage_fairloss_a100_sstate20_mb,tpr,gap,-0.04407958251793864,-0.06052688498899995,-0.02072243917924,True
Victim Race,named_all,graphsage_geo_blind_mb,graphsage_fairloss_a100_sstate20_mb,tpr,amplification,-0.32757632504684375,-0.465839617226269,-0.15411231131519756,True
Victim Race,named_all,graphsage_geo_blind_mb,graphsage_fairloss_a100_sstate20_mb,fpr,gap,0.06809996598845469,0.03434468341347287,0.10216500146628248,True
Victim Race,named_all,graphsage_geo_blind_mb,graphsage_fairloss_a100_sstate20_mb,fpr,amplification,0.5060832095048673,0.25184871805092224,0.7741106759187298,True
Victim Race,named_n>=5000,graphsage_geo_blind_mb,graphsage_fairloss_a100_sstate20_mb,selection_rate,gap,0.08058951704214579,0.07783068392604937,0.08356174808628843,True
Victim Race,named_n>=5000,graphsage_geo_blind_mb,graphsage_fairloss_a100_sstate20_mb,selection_rate,amplification,1.0558675671024527,0.9909355042001262,1.1229690247666468,True
Victim Race,named_n>=5000,graphsage_geo_blind_mb,graphsage_fairloss_a100_sstate20_mb,tpr,gap,0.07637856925668496,0.07309837662836474,0.07972990166134634,True
Victim Race,named_n>=5000,graphsage_geo_blind_mb,graphsage_fairloss_a100_sstate20_mb,tpr,amplification,1.0006965801476013,0.931727609915755,1.068818870991102,True
Victim Race,named_n>=5000,graphsage_geo_blind_mb,graphsage_fairloss_a100_sstate20_mb,fpr,gap,0.08549849143388716,0.08006124063190552,0.09130118485101783,True
Victim Race,named_n>=5000,graphsage_geo_blind_mb,graphsage_fairloss_a100_sstate20_mb,fpr,amplification,1.1201839575985706,1.0283545735009583,1.2201782715035059,True
Victim Race,named_all,graphsage_geo_blind_mb,graphsage_fairloss_a5_sstate50_mb,selection_rate,gap,0.027907635652503537,0.017291069468876662,0.03717953052114014,True
Victim Race,named_all,graphsage_geo_blind_mb,graphsage_fairloss_a5_sstate50_mb,selection_rate,amplification,0.2073949027097295,0.12293829671532286,0.2920423729136366,True
Victim Race,named_all,graphsage_geo_blind_mb,graphsage_fairloss_a5_sstate50_mb,tpr,gap,-0.00881322026527498,-0.021115008005210097,0.010142925846950084,False
Victim Race,named_all,graphsage_geo_blind_mb,graphsage_fairloss_a5_sstate50_mb,tpr,amplification,-0.06549522798116914,-0.16021947484135798,0.07366007117926257,False
Victim Race,named_all,graphsage_geo_blind_mb,graphsage_fairloss_a5_sstate50_mb,fpr,gap,0.06029664590254058,0.030959268679532737,0.09094333217019424,True
Victim Race,named_all,graphsage_geo_blind_mb,graphsage_fairloss_a5_sstate50_mb,fpr,amplification,0.4480930296780121,0.22007960939967922,0.6883641218264814,True
Victim Race,named_n>=5000,graphsage_geo_blind_mb,graphsage_fairloss_a5_sstate50_mb,selection_rate,gap,0.03308693199730384,0.031251286994269586,0.035063356124035286,True
Victim Race,named_n>=5000,graphsage_geo_blind_mb,graphsage_fairloss_a5_sstate50_mb,selection_rate,amplification,0.43349829696345465,0.399081133170809,0.46709863147384384,True
Victim Race,named_n>=5000,graphsage_geo_blind_mb,graphsage_fairloss_a5_sstate50_mb,tpr,gap,0.03042386155169685,0.0282607941831992,0.032707801203602796,True
Victim Race,named_n>=5000,graphsage_geo_blind_mb,graphsage_fairloss_a5_sstate50_mb,tpr,amplification,0.3986072861269584,0.36268279676643056,0.4353571430113507,True
Victim Race,named_n>=5000,graphsage_geo_blind_mb,graphsage_fairloss_a5_sstate50_mb,fpr,gap,0.03906013926112367,0.03551309541821003,0.042689092848145836,True
Victim Race,named_n>=5000,graphsage_geo_blind_mb,graphsage_fairloss_a5_sstate50_mb,fpr,amplification,0.511758051493933,0.45779915826381007,0.5649103362019738,True
Victim Race,named_all,graphsage_geo_blind_mb,graphsage_fairloss_a10_sstate50_mb,selection_rate,gap,0.032777908655607924,0.019772221005772615,0.04476546523186056,True
Victim Race,named_all,graphsage_geo_blind_mb,graphsage_fairloss_a10_sstate50_mb,selection_rate,amplification,0.2435882158311169,0.14804296330703393,0.3448432450579516,True
Victim Race,named_all,graphsage_geo_blind_mb,graphsage_fairloss_a10_sstate50_mb,tpr,gap,-0.01601391606871061,-0.02828296284750476,0.00527496863818648,False
Victim Race,named_all,graphsage_geo_blind_mb,graphsage_fairloss_a10_sstate50_mb,tpr,amplification,-0.11900702038777244,-0.2176527416311427,0.038095736134222936,False
Victim Race,named_all,graphsage_geo_blind_mb,graphsage_fairloss_a10_sstate50_mb,fpr,gap,0.07367552985794351,0.03930697460285766,0.10768033624186907,True
Victim Race,named_all,graphsage_geo_blind_mb,graphsage_fairloss_a10_sstate50_mb,fpr,amplification,0.5475178742203926,0.28201145435039604,0.8101143516327228,True
Victim Race,named_n>=5000,graphsage_geo_blind_mb,graphsage_fairloss_a10_sstate50_mb,selection_rate,gap,0.03868672556216646,0.036601455869460585,0.04082973048973486,True
Victim Race,named_n>=5000,graphsage_geo_blind_mb,graphsage_fairloss_a10_sstate50_mb,selection_rate,amplification,0.5068656606680335,0.4684957279522678,0.5464381389859556,True
Victim Race,named_n>=5000,graphsage_geo_blind_mb,graphsage_fairloss_a10_sstate50_mb,tpr,gap,0.03630301291016713,0.03359889703447434,0.039069511977808814,True
Victim Race,named_n>=5000,graphsage_geo_blind_mb,graphsage_fairloss_a10_sstate50_mb,tpr,amplification,0.47563473919196075,0.43425831419996574,0.5204903075699291,True
Victim Race,named_n>=5000,graphsage_geo_blind_mb,graphsage_fairloss_a10_sstate50_mb,fpr,gap,0.04354133502975954,0.03968090701302249,0.047549116165495314,True
Victim Race,named_n>=5000,graphsage_geo_blind_mb,graphsage_fairloss_a10_sstate50_mb,fpr,amplification,0.5704697729137911,0.5106607967026365,0.6304041832628163,True
Victim Race,named_all,graphsage_geo_blind_mb,graphsage_fairloss_a25_sstate50_mb,selection_rate,gap,0.019985915888946826,-0.0018721689697384829,0.03828160827061631,False
Victim Race,named_all,graphsage_geo_blind_mb,graphsage_fairloss_a25_sstate50_mb,selection_rate,amplification,0.14852483861280175,-0.01392394807865226,0.29524803293720014,False
Victim Race,named_all,graphsage_geo_blind_mb,graphsage_fairloss_a25_sstate50_mb,tpr,gap,-0.032282670145683756,-0.046510214074303335,-0.011659268212795905,True
Victim Race,named_all,graphsage_geo_blind_mb,graphsage_fairloss_a25_sstate50_mb,tpr,amplification,-0.2399078631182343,-0.35241892376376593,-0.08793701161608299,True
Victim Race,named_all,graphsage_geo_blind_mb,graphsage_fairloss_a25_sstate50_mb,fpr,gap,0.057073469596939874,0.026733424279209342,0.08906263597281025,True
Victim Race,named_all,graphsage_geo_blind_mb,graphsage_fairloss_a25_sstate50_mb,fpr,amplification,0.42414007484371763,0.19874024834537107,0.6678217315638206,True
Victim Race,named_n>=5000,graphsage_geo_blind_mb,graphsage_fairloss_a25_sstate50_mb,selection_rate,gap,0.057016143586400836,0.05461178750366584,0.059350583411454744,True
Victim Race,named_n>=5000,graphsage_geo_blind_mb,graphsage_fairloss_a25_sstate50_mb,selection_rate,amplification,0.7470139916914216,0.7004175693012081,0.7990323764833844,True
Victim Race,named_n>=5000,graphsage_geo_blind_mb,graphsage_fairloss_a25_sstate50_mb,tpr,gap,0.05493906785830538,0.052156154677923804,0.057824303628479706,True
Victim Race,named_n>=5000,graphsage_geo_blind_mb,graphsage_fairloss_a25_sstate50_mb,tpr,amplification,0.7198005652284637,0.6707424441912062,0.7758974188330466,True
Victim Race,named_n>=5000,graphsage_geo_blind_mb,graphsage_fairloss_a25_sstate50_mb,fpr,gap,0.05960787805276846,0.05523092769075003,0.06444212847862953,True
Victim Race,named_n>=5000,graphsage_geo_blind_mb,graphsage_fairloss_a25_sstate50_mb,fpr,amplification,0.7809703729431918,0.7127660909799289,0.8613884543666066,True
Victim Race,named_all,graphsage_geo_blind_mb,graphsage_fairloss_a50_sstate50_mb,selection_rate,gap,0.010089622382190022,-0.013418398221997464,0.029839460521479653,False
Victim Race,named_all,graphsage_geo_blind_mb,graphsage_fairloss_a50_sstate50_mb,selection_rate,amplification,0.07498077867963304,-0.10323331326480997,0.22183175772291377,False
Victim Race,named_all,graphsage_geo_blind_mb,graphsage_fairloss_a50_sstate50_mb,tpr,gap,-0.04194346597086318,-0.05728151711381505,-0.018784728810161706,True
Victim Race,named_all,graphsage_geo_blind_mb,graphsage_fairloss_a50_sstate50_mb,tpr,amplification,-0.31170182786715817,-0.4546271610313725,-0.136654741195443,True
Victim Race,named_all,graphsage_geo_blind_mb,graphsage_fairloss_a50_sstate50_mb,fpr,gap,0.055753775048571264,0.02429249448338853,0.08874169138828458,True
Victim Race,named_all,graphsage_geo_blind_mb,graphsage_fairloss_a50_sstate50_mb,fpr,amplification,0.41433279751383334,0.1799537203251388,0.6723463414063396,True
Victim Race,named_n>=5000,graphsage_geo_blind_mb,graphsage_fairloss_a50_sstate50_mb,selection_rate,gap,0.059252177573611675,0.05668820603227401,0.061782629136022574,True
Victim Race,named_n>=5000,graphsage_geo_blind_mb,graphsage_fairloss_a50_sstate50_mb,selection_rate,amplification,0.776310057143706,0.7257549020061811,0.8327707919286363,True
Victim Race,named_n>=5000,graphsage_geo_blind_mb,graphsage_fairloss_a50_sstate50_mb,tpr,gap,0.056620517538198856,0.05349097412717255,0.060033764163147485,True
Victim Race,named_n>=5000,graphsage_geo_blind_mb,graphsage_fairloss_a50_sstate50_mb,tpr,amplification,0.7418305791542928,0.6878885838705633,0.8001617033257415,True
Victim Race,named_n>=5000,graphsage_geo_blind_mb,graphsage_fairloss_a50_sstate50_mb,fpr,gap,0.06258479227941727,0.057595711552757514,0.06764148610920415,True
Victim Race,named_n>=5000,graphsage_geo_blind_mb,graphsage_fairloss_a50_sstate50_mb,fpr,amplification,0.8199733015786936,0.743041581016129,0.9021033566069065,True
Victim Race,named_all,graphsage_geo_blind_mb,graphsage_fairloss_a100_sstate50_mb,selection_rate,gap,-0.002789922622469021,-0.024543687898839785,0.017235378078080434,False
Victim Race,named_all,graphsage_geo_blind_mb,graphsage_fairloss_a100_sstate50_mb,selection_rate,amplification,-0.02073324082553496,-0.18587239539817946,0.1264960489162234,False
Victim Race,named_all,graphsage_geo_blind_mb,graphsage_fairloss_a100_sstate50_mb,tpr,gap,-0.047635138073494177,-0.06350493013546857,-0.025787950428186893,True
Victim Race,named_all,graphsage_geo_blind_mb,graphsage_fairloss_a100_sstate50_mb,tpr,amplification,-0.3539993480397403,-0.49413992432540504,-0.1825997423268493,True
Victim Race,named_all,graphsage_geo_blind_mb,graphsage_fairloss_a100_sstate50_mb,fpr,gap,0.030462696789403332,-0.003271322862288184,0.06481285865842282,False
Victim Race,named_all,graphsage_geo_blind_mb,graphsage_fairloss_a100_sstate50_mb,fpr,amplification,0.22638277622588698,-0.022555528254606185,0.4949112812579352,False
Victim Race,named_n>=5000,graphsage_geo_blind_mb,graphsage_fairloss_a100_sstate50_mb,selection_rate,gap,0.059955450910149644,0.057187837681998116,0.06261936083324557,True
Victim Race,named_n>=5000,graphsage_geo_blind_mb,graphsage_fairloss_a100_sstate50_mb,selection_rate,amplification,0.785524202284569,0.7311609967859852,0.8426874889849018,True
Victim Race,named_n>=5000,graphsage_geo_blind_mb,graphsage_fairloss_a100_sstate50_mb,tpr,gap,0.055520233708290734,0.052249111140021794,0.05862842240857304,True
Victim Race,named_n>=5000,graphsage_geo_blind_mb,graphsage_fairloss_a100_sstate50_mb,tpr,amplification,0.727414882755471,0.6685390678209868,0.7900849923855915,True
Victim Race,named_n>=5000,graphsage_geo_blind_mb,graphsage_fairloss_a100_sstate50_mb,fpr,gap,0.06631165885626222,0.061520248592776605,0.07124134479159089,True
Victim Race,named_n>=5000,graphsage_geo_blind_mb,graphsage_fairloss_a100_sstate50_mb,fpr,amplification,0.8688019543593126,0.7986739719220112,0.9464162698399268,True
Victim Race,named_all,graphsage_fairloss_a10_mb,graphsage_fairloss_a25_mb,selection_rate,gap,0.014767312176822589,0.0012641884290976485,0.028046631711591698,True
Victim Race,named_all,graphsage_fairloss_a10_mb,graphsage_fairloss_a25_mb,selection_rate,amplification,0.10974291446009987,0.009846830111295543,0.21530688628038114,True
Victim Race,named_all,graphsage_fairloss_a10_mb,graphsage_fairloss_a25_mb,tpr,gap,0.011720808871493849,-0.0034358797866954616,0.02634604364217746,False
Victim Race,named_all,graphsage_fairloss_a10_mb,graphsage_fairloss_a25_mb,tpr,amplification,0.08710290064879578,-0.02602243359757716,0.19891744224575003,False
Victim Race,named_all,graphsage_fairloss_a10_mb,graphsage_fairloss_a25_mb,fpr,gap,0.05635290822007799,0.01673360777571091,0.08772440832988802,True
Victim Race,named_all,graphsage_fairloss_a10_mb,graphsage_fairloss_a25_mb,fpr,amplification,0.41878524082942004,0.12536896327714508,0.6823355138852895,True
Victim Race,named_n>=5000,graphsage_fairloss_a10_mb,graphsage_fairloss_a25_mb,selection_rate,gap,0.020832174336670062,0.019062747746776448,0.02262073377193482,True
Victim Race,named_n>=5000,graphsage_fairloss_a10_mb,graphsage_fairloss_a25_mb,selection_rate,amplification,0.2729389384826656,0.2459044557440346,0.3012020441290241,True
Victim Race,named_n>=5000,graphsage_fairloss_a10_mb,graphsage_fairloss_a25_mb,tpr,gap,0.02087804377869318,0.018830195121769068,0.023006382701845927,True
Victim Race,named_n>=5000,graphsage_fairloss_a10_mb,graphsage_fairloss_a25_mb,tpr,amplification,0.2735399106429526,0.24372094126214966,0.30544002421445227,True
Victim Race,named_n>=5000,graphsage_fairloss_a10_mb,graphsage_fairloss_a25_mb,fpr,gap,0.02077089887368344,0.017594514121974488,0.023914622407527415,True
Victim Race,named_n>=5000,graphsage_fairloss_a10_mb,graphsage_fairloss_a25_mb,fpr,amplification,0.2721361197488975,0.2282038138662628,0.3161809398778561,True
Victim Race,named_all,graphsage_fairloss_a10_mb,graphsage_fairloss_a100_mb,selection_rate,gap,0.010653331595235793,-0.003913332898808998,0.02654888037542911,False
Victim Race,named_all,graphsage_fairloss_a10_mb,graphsage_fairloss_a100_mb,selection_rate,amplification,0.0791699697258379,-0.02932471287222248,0.2002316038407844,False
Victim Race,named_all,graphsage_fairloss_a10_mb,graphsage_fairloss_a100_mb,tpr,gap,0.008640574037834359,-0.008466605722284555,0.025764411441801742,False
Victim Race,named_all,graphsage_fairloss_a10_mb,graphsage_fairloss_a100_mb,tpr,amplification,0.06421221182067849,-0.06326477498068422,0.19547172068735696,False
Victim Race,named_all,graphsage_fairloss_a10_mb,graphsage_fairloss_a100_mb,fpr,gap,0.04923205811947434,0.009354728824261064,0.09017275725035558,True
Victim Race,named_all,graphsage_fairloss_a10_mb,graphsage_fairloss_a100_mb,fpr,amplification,0.3658668197845767,0.07107751241174753,0.6758131561799243,True
Victim Race,named_n>=5000,graphsage_fairloss_a10_mb,graphsage_fairloss_a100_mb,selection_rate,gap,0.0356098048717749,0.03362800909912509,0.03735189737490518,True
Victim Race,named_n>=5000,graphsage_fairloss_a10_mb,graphsage_fairloss_a100_mb,selection_rate,amplification,0.46655246755345114,0.4324456852534617,0.5026627026275028,True
Victim Race,named_n>=5000,graphsage_fairloss_a10_mb,graphsage_fairloss_a100_mb,tpr,gap,0.021639293719676767,0.012079989838108674,0.031225123285960794,True
Victim Race,named_n>=5000,graphsage_fairloss_a10_mb,graphsage_fairloss_a100_mb,tpr,amplification,0.2835136535395985,0.16035207731543102,0.4127350849037298,True
Victim Race,named_n>=5000,graphsage_fairloss_a10_mb,graphsage_fairloss_a100_mb,fpr,gap,0.03527947885389765,0.03153970563432798,0.03894417647487133,True
Victim Race,named_n>=5000,graphsage_fairloss_a10_mb,graphsage_fairloss_a100_mb,fpr,amplification,0.4622246028180875,0.4095963440744738,0.5202757724475224,True
Victim Race,named_all,graphsage_fairloss_a10_mb,graphsage_fairloss_a5_sstate20_mb,selection_rate,gap,-0.011253838428423757,-0.03190037176657182,0.00929860787659889,False
Victim Race,named_all,graphsage_fairloss_a10_mb,graphsage_fairloss_a5_sstate20_mb,selection_rate,amplification,-0.08363262137416427,-0.23698080600987184,0.0694709809140017,False
Victim Race,named_all,graphsage_fairloss_a10_mb,graphsage_fairloss_a5_sstate20_mb,tpr,gap,0.014346597086323132,-0.003181965046812299,0.03003817957943515,False
Victim Race,named_all,graphsage_fairloss_a10_mb,graphsage_fairloss_a5_sstate20_mb,tpr,amplification,0.10661638069173951,-0.023274835705172657,0.23550683578619072,False
Victim Race,named_all,graphsage_fairloss_a10_mb,graphsage_fairloss_a5_sstate20_mb,fpr,gap,-0.06138827673284164,-0.09521906457896177,-0.02679694042972028,True
Victim Race,named_all,graphsage_fairloss_a10_mb,graphsage_fairloss_a5_sstate20_mb,fpr,amplification,-0.4562054571392371,-0.7160110615019301,-0.2007205885088747,True
Victim Race,named_n>=5000,graphsage_fairloss_a10_mb,graphsage_fairloss_a5_sstate20_mb,selection_rate,gap,-0.048489328763073436,-0.05095573451143675,-0.04610872007238462,True
Victim Race,named_n>=5000,graphsage_fairloss_a10_mb,graphsage_fairloss_a5_sstate20_mb,selection_rate,amplification,-0.6352973869383313,-0.6824105317650602,-0.5890531151030131,True
Victim Race,named_n>=5000,graphsage_fairloss_a10_mb,graphsage_fairloss_a5_sstate20_mb,tpr,gap,-0.044752330042622246,-0.04740668005432127,-0.04198240774744629,True
Victim Race,named_n>=5000,graphsage_fairloss_a10_mb,graphsage_fairloss_a5_sstate20_mb,tpr,amplification,-0.5863359848596432,-0.6352563231307519,-0.5400105323606934,True
Victim Race,named_n>=5000,graphsage_fairloss_a10_mb,graphsage_fairloss_a5_sstate20_mb,fpr,gap,-0.058343143337978354,-0.06279140013599288,-0.05382450307437433,True
Victim Race,named_n>=5000,graphsage_fairloss_a10_mb,graphsage_fairloss_a5_sstate20_mb,fpr,amplification,-0.7644000742821753,-0.8414297401598949,-0.6933702615955102,True
Victim Race,named_all,graphsage_fairloss_a10_mb,graphsage_fairloss_a10_sstate20_mb,selection_rate,gap,-0.0067645795010693455,-0.0277202502960306,0.008585007459335749,False
Victim Race,named_all,graphsage_fairloss_a10_mb,graphsage_fairloss_a10_sstate20_mb,selection_rate,amplification,-0.05027080491394664,-0.20772221302408408,0.06518196182508056,False
Victim Race,named_all,graphsage_fairloss_a10_mb,graphsage_fairloss_a10_sstate20_mb,tpr,gap,-0.010597521200260918,-0.02818288162743794,0.007060147196980054,False
Victim Race,named_all,graphsage_fairloss_a10_mb,graphsage_fairloss_a10_sstate20_mb,tpr,amplification,-0.07875521615874481,-0.216844724598306,0.05213802314037494,False
Victim Race,named_all,graphsage_fairloss_a10_mb,graphsage_fairloss_a10_sstate20_mb,fpr,gap,-0.05370632661333535,-0.09231220448981711,-0.015458397786866536,True
Victim Race,named_all,graphsage_fairloss_a10_mb,graphsage_fairloss_a10_sstate20_mb,fpr,amplification,-0.3991172352097998,-0.7031963399049304,-0.10638852361190584,True
Victim Race,named_n>=5000,graphsage_fairloss_a10_mb,graphsage_fairloss_a10_sstate20_mb,selection_rate,gap,-0.026102819972449676,-0.028529844590661855,-0.023712036035500508,True
Victim Race,named_n>=5000,graphsage_fairloss_a10_mb,graphsage_fairloss_a10_sstate20_mb,selection_rate,amplification,-0.3419938725332,-0.3797705120365426,-0.30637696560830713,True
Victim Race,named_n>=5000,graphsage_fairloss_a10_mb,graphsage_fairloss_a10_sstate20_mb,tpr,gap,-0.023708671446406537,-0.02646196594661627,-0.02090822618291952,True
Victim Race,named_n>=5000,graphsage_fairloss_a10_mb,graphsage_fairloss_a10_sstate20_mb,tpr,amplification,-0.310626222344242,-0.35194846246813094,-0.2716575254924417,True
Victim Race,named_n>=5000,graphsage_fairloss_a10_mb,graphsage_fairloss_a10_sstate20_mb,fpr,gap,-0.03358521590900748,-0.037988451163334006,-0.029115987171092192,True
Victim Race,named_n>=5000,graphsage_fairloss_a10_mb,graphsage_fairloss_a10_sstate20_mb,fpr,amplification,-0.4400267120835213,-0.5054410408384429,-0.3741504563590657,True
Victim Race,named_all,graphsage_fairloss_a10_mb,graphsage_fairloss_a25_sstate20_mb,selection_rate,gap,-0.021347701607257408,-0.038382935502092826,-0.0058214080522202205,True
Victim Race,named_all,graphsage_fairloss_a10_mb,graphsage_fairloss_a25_sstate20_mb,selection_rate,amplification,-0.15864491542895398,-0.2964623002612442,-0.04350477409276406,True
Victim Race,named_all,graphsage_fairloss_a10_mb,graphsage_fairloss_a25_sstate20_mb,tpr,gap,-0.021457273320287018,-0.04035273650251401,-0.004242209366355091,True
Victim Race,named_all,graphsage_fairloss_a10_mb,graphsage_fairloss_a25_sstate20_mb,tpr,amplification,-0.15945919489879068,-0.30979971748042856,-0.0317990057808502,True
Victim Race,named_all,graphsage_fairloss_a10_mb,graphsage_fairloss_a25_sstate20_mb,fpr,gap,-0.05828973177470381,-0.09182488528010471,-0.02129272513535708,True
Victim Race,named_all,graphsage_fairloss_a10_mb,graphsage_fairloss_a25_sstate20_mb,fpr,amplification,-0.43317869707484347,-0.7128600972616669,-0.15589370479535214,True
Victim Race,named_n>=5000,graphsage_fairloss_a10_mb,graphsage_fairloss_a25_sstate20_mb,selection_rate,gap,-0.01350431149187692,-0.01606872385482187,-0.011182202521343571,True
Victim Race,named_n>=5000,graphsage_fairloss_a10_mb,graphsage_fairloss_a25_sstate20_mb,selection_rate,amplification,-0.17693076027326105,-0.2122945803891866,-0.14540773296546272,True
Victim Race,named_n>=5000,graphsage_fairloss_a10_mb,graphsage_fairloss_a25_sstate20_mb,tpr,gap,-0.011318802337313194,-0.014311649653453867,-0.008587169986759183,True
Victim Race,named_n>=5000,graphsage_fairloss_a10_mb,graphsage_fairloss_a25_sstate20_mb,tpr,amplification,-0.1482966609684775,-0.18904231143900946,-0.1115594223547661,True
Victim Race,named_n>=5000,graphsage_fairloss_a10_mb,graphsage_fairloss_a25_sstate20_mb,fpr,gap,-0.021032432877630514,-0.025541977839471028,-0.016338350546263137,True
Victim Race,named_n>=5000,graphsage_fairloss_a10_mb,graphsage_fairloss_a25_sstate20_mb,fpr,amplification,-0.275562685418943,-0.3389561854568955,-0.21187840457415594,True
Victim Race,named_all,graphsage_fairloss_a10_mb,graphsage_fairloss_a50_sstate20_mb,selection_rate,gap,-0.021085538544729387,-0.03844575445508225,-0.004279618873809354,True
Victim Race,named_all,graphsage_fairloss_a10_mb,graphsage_fairloss_a50_sstate20_mb,selection_rate,amplification,-0.15669665712702918,-0.29744280485588925,-0.031457100740965784,True
Victim Race,named_all,graphsage_fairloss_a10_mb,graphsage_fairloss_a50_sstate20_mb,tpr,gap,-0.018225701239399927,-0.03877454408105898,0.0014042449520274235,False
Victim Race,named_all,graphsage_fairloss_a10_mb,graphsage_fairloss_a50_sstate20_mb,tpr,amplification,-0.13544384706852997,-0.297053249174296,0.010240688687557729,False
Victim Race,named_all,graphsage_fairloss_a10_mb,graphsage_fairloss_a50_sstate20_mb,fpr,gap,-0.03531423406465928,-0.06517332651054224,-0.0038296789958581134,True
Victim Race,named_all,graphsage_fairloss_a10_mb,graphsage_fairloss_a50_sstate20_mb,fpr,amplification,-0.2624368552501011,-0.5033517710716345,-0.027140740377764577,True
Victim Race,named_n>=5000,graphsage_fairloss_a10_mb,graphsage_fairloss_a50_sstate20_mb,selection_rate,gap,-0.0014243476940700717,-0.004056805691162219,0.00124377777723218,False
Victim Race,named_n>=5000,graphsage_fairloss_a10_mb,graphsage_fairloss_a50_sstate20_mb,selection_rate,amplification,-0.018661515661636874,-0.05317841060051891,0.016307526185523294,False
Victim Race,named_n>=5000,graphsage_fairloss_a10_mb,graphsage_fairloss_a50_sstate20_mb,tpr,gap,0.00010214682562514898,-0.003209192088819493,0.003234226019213168,False
Victim Race,named_n>=5000,graphsage_fairloss_a10_mb,graphsage_fairloss_a50_sstate20_mb,tpr,amplification,0.0013383070679485742,-0.04107809253285837,0.04143180736521149,False
Victim Race,named_n>=5000,graphsage_fairloss_a10_mb,graphsage_fairloss_a50_sstate20_mb,fpr,gap,-0.008196277101064187,-0.012753499703496415,-0.002990552015477492,True
Victim Race,named_n>=5000,graphsage_fairloss_a10_mb,graphsage_fairloss_a50_sstate20_mb,fpr,amplification,-0.10738596630964203,-0.1681895365125576,-0.039444418439870815,True
Victim Race,named_all,graphsage_fairloss_a10_mb,graphsage_fairloss_a100_sstate20_mb,selection_rate,gap,-0.02426167060152662,-0.0432195120773647,-0.004620207557827854,True
Victim Race,named_all,graphsage_fairloss_a10_mb,graphsage_fairloss_a100_sstate20_mb,selection_rate,amplification,-0.18030000379224997,-0.3286298429814981,-0.03569977060799395,True
Victim Race,named_all,graphsage_fairloss_a10_mb,graphsage_fairloss_a100_sstate20_mb,tpr,gap,-0.024840617525549002,-0.0449454190201701,-0.003733981059434125,True
Victim Race,named_all,graphsage_fairloss_a10_mb,graphsage_fairloss_a100_sstate20_mb,tpr,amplification,-0.1846024335099372,-0.34319139916851665,-0.03041436688799134,True
Victim Race,named_all,graphsage_fairloss_a10_mb,graphsage_fairloss_a100_sstate20_mb,fpr,gap,-0.04297382042835912,-0.07660902170494367,-0.007909577918917136,True
Victim Race,named_all,graphsage_fairloss_a10_mb,graphsage_fairloss_a100_sstate20_mb,fpr,amplification,-0.31935888148250946,-0.5912399796566195,-0.05406003853685407,True
Victim Race,named_n>=5000,graphsage_fairloss_a10_mb,graphsage_fairloss_a100_sstate20_mb,selection_rate,gap,0.004183373991847206,0.0012823895671499024,0.006943947109342312,True
Victim Race,named_n>=5000,graphsage_fairloss_a10_mb,graphsage_fairloss_a100_sstate20_mb,selection_rate,amplification,0.05480972068291934,0.016828438855040827,0.09200494309800888,True
Victim Race,named_n>=5000,graphsage_fairloss_a10_mb,graphsage_fairloss_a100_sstate20_mb,tpr,gap,0.004938586796786604,0.0013730700882502195,0.008196363275840876,True
Victim Race,named_n>=5000,graphsage_fairloss_a10_mb,graphsage_fairloss_a100_sstate20_mb,tpr,amplification,0.06470436624307291,0.018520193349333507,0.10784707928987879,True
Victim Race,named_n>=5000,graphsage_fairloss_a10_mb,graphsage_fairloss_a100_sstate20_mb,fpr,gap,-0.002765476537956002,-0.008232972346127406,0.0026228077107749923,False
Victim Race,named_n>=5000,graphsage_fairloss_a10_mb,graphsage_fairloss_a100_sstate20_mb,fpr,amplification,-0.03623271476466927,-0.10923177384587306,0.03417071762860794,False
Victim Race,named_all,graphsage_fairloss_a10_mb,graphsage_fairloss_a5_sstate50_mb,selection_rate,gap,-0.004343938806471659,-0.02471467757889394,0.01757717661403094,False
Victim Race,named_all,graphsage_fairloss_a10_mb,graphsage_fairloss_a5_sstate50_mb,selection_rate,amplification,-0.03228187358338208,-0.1927914068423195,0.13150297650505224,False
Victim Race,named_all,graphsage_fairloss_a10_mb,graphsage_fairloss_a5_sstate50_mb,tpr,gap,0.01042574472711466,-0.006346641215709492,0.02671816763890715,False
Victim Race,named_all,graphsage_fairloss_a10_mb,graphsage_fairloss_a5_sstate50_mb,tpr,amplification,0.0774786635557374,-0.05004843709850239,0.2037725461546219,False
Victim Race,named_all,graphsage_fairloss_a10_mb,graphsage_fairloss_a5_sstate50_mb,fpr,gap,-0.050777140514273233,-0.0819308991030499,-0.020409743916918653,True
Victim Race,named_all,graphsage_fairloss_a10_mb,graphsage_fairloss_a5_sstate50_mb,fpr,amplification,-0.37734906130936463,-0.6287237776579495,-0.15107648869172488,True
Victim Race,named_n>=5000,graphsage_fairloss_a10_mb,graphsage_fairloss_a5_sstate50_mb,selection_rate,gap,-0.043319211052994744,-0.04548703800190612,-0.04108193424184059,True
Victim Race,named_n>=5000,graphsage_fairloss_a10_mb,graphsage_fairloss_a5_sstate50_mb,selection_rate,amplification,-0.5675595494560787,-0.6135020263186758,-0.5262897034987283,True
Victim Race,named_n>=5000,graphsage_fairloss_a10_mb,graphsage_fairloss_a5_sstate50_mb,tpr,gap,-0.0410161209082015,-0.04370191007679276,-0.038322093287619936,True
Victim Race,named_n>=5000,graphsage_fairloss_a10_mb,graphsage_fairloss_a5_sstate50_mb,tpr,amplification,-0.53738492777757,-0.5859856443846452,-0.49443032247755697,True
Victim Race,named_n>=5000,graphsage_fairloss_a10_mb,graphsage_fairloss_a5_sstate50_mb,fpr,gap,-0.04920382871071949,-0.05314758657097817,-0.04513203092550418,True
Victim Race,named_n>=5000,graphsage_fairloss_a10_mb,graphsage_fairloss_a5_sstate50_mb,fpr,amplification,-0.6446586208693068,-0.7092836056809365,-0.5838408932782143,True
Victim Race,named_all,graphsage_fairloss_a10_mb,graphsage_fairloss_a10_sstate50_mb,selection_rate,gap,0.0005263341966327273,-0.021339093442958246,0.019749780293975262,False
Victim Race,named_all,graphsage_fairloss_a10_mb,graphsage_fairloss_a10_sstate50_mb,selection_rate,amplification,0.0039114395380053235,-0.1654774679339583,0.15187497577947215,False
Victim Race,named_all,graphsage_fairloss_a10_mb,graphsage_fairloss_a10_sstate50_mb,tpr,gap,0.0032250489236790303,-0.015401051006542182,0.02015341629499405,False
Victim Race,named_all,graphsage_fairloss_a10_mb,graphsage_fairloss_a10_sstate50_mb,tpr,amplification,0.023966871149134095,-0.12052061072940146,0.15331971417993082,False
Victim Race,named_all,graphsage_fairloss_a10_mb,graphsage_fairloss_a10_sstate50_mb,fpr,gap,-0.0373982565588703,-0.06987357413503052,-0.0032125174729240743,True
Victim Race,named_all,graphsage_fairloss_a10_mb,graphsage_fairloss_a10_sstate50_mb,fpr,amplification,-0.2779242167669842,-0.5311443976264595,-0.022574477077407555,True
Victim Race,named_n>=5000,graphsage_fairloss_a10_mb,graphsage_fairloss_a10_sstate50_mb,selection_rate,gap,-0.03771941748813212,-0.04013282748347673,-0.03519874357773848,True
Victim Race,named_n>=5000,graphsage_fairloss_a10_mb,graphsage_fairloss_a10_sstate50_mb,selection_rate,amplification,-0.4941921857514998,-0.5383063221982783,-0.45182629207365527,True
Victim Race,named_n>=5000,graphsage_fairloss_a10_mb,graphsage_fairloss_a10_sstate50_mb,tpr,gap,-0.03513696954973122,-0.03802326486943297,-0.032181176476402805,True
Victim Race,named_n>=5000,graphsage_fairloss_a10_mb,graphsage_fairloss_a10_sstate50_mb,tpr,amplification,-0.4603574747125676,-0.5053842358695615,-0.4146065769887553,True
Victim Race,named_n>=5000,graphsage_fairloss_a10_mb,graphsage_fairloss_a10_sstate50_mb,fpr,gap,-0.04472263294208362,-0.04943281895198347,-0.039684365642682275,True
Victim Race,named_n>=5000,graphsage_fairloss_a10_mb,graphsage_fairloss_a10_sstate50_mb,fpr,amplification,-0.5859468994494488,-0.6578839532756194,-0.5154251438768013,True
Victim Race,named_all,graphsage_fairloss_a10_mb,graphsage_fairloss_a25_sstate50_mb,selection_rate,gap,-0.01226565857002837,-0.03036799389734616,0.004149321900513197,False
Victim Race,named_all,graphsage_fairloss_a10_mb,graphsage_fairloss_a25_sstate50_mb,selection_rate,amplification,-0.09115193768030982,-0.234567649322627,0.03066804992762637,False
Victim Race,named_all,graphsage_fairloss_a10_mb,graphsage_fairloss_a25_sstate50_mb,tpr,gap,-0.013043705153294116,-0.031356234022385125,0.005717173786635027,False
Victim Race,named_all,graphsage_fairloss_a10_mb,graphsage_fairloss_a25_sstate50_mb,tpr,amplification,-0.09693397158132777,-0.2427956353836124,0.04433483886250238,False
Victim Race,named_all,graphsage_fairloss_a10_mb,graphsage_fairloss_a25_sstate50_mb,fpr,gap,-0.05400031681987394,-0.09120908893351827,-0.017612839747758423,True
Victim Race,named_all,graphsage_fairloss_a10_mb,graphsage_fairloss_a25_sstate50_mb,fpr,amplification,-0.4013020161436591,-0.6947278009406919,-0.12945736666653315,True
Victim Race,named_n>=5000,graphsage_fairloss_a10_mb,graphsage_fairloss_a25_sstate50_mb,selection_rate,gap,-0.019389999463897745,-0.02194784890459832,-0.016889328323670683,True
Victim Race,named_n>=5000,graphsage_fairloss_a10_mb,graphsage_fairloss_a25_sstate50_mb,selection_rate,amplification,-0.25404385472811175,-0.2898135046487037,-0.2197212868463802,True
Victim Race,named_n>=5000,graphsage_fairloss_a10_mb,graphsage_fairloss_a25_sstate50_mb,tpr,gap,-0.016500914601592975,-0.019275805406609357,-0.013664000853612208,True
Victim Race,named_n>=5000,graphsage_fairloss_a10_mb,graphsage_fairloss_a25_sstate50_mb,tpr,amplification,-0.21619164867606466,-0.25587091741415896,-0.17892622929605467,True
Victim Race,named_n>=5000,graphsage_fairloss_a10_mb,graphsage_fairloss_a25_sstate50_mb,fpr,gap,-0.0286560899190747,-0.03359616143819833,-0.023609411117903316,True
Victim Race,named_n>=5000,graphsage_fairloss_a10_mb,graphsage_fairloss_a25_sstate50_mb,fpr,amplification,-0.37544629942004804,-0.44841395837290743,-0.30663152982545167,True
Victim Race,named_all,graphsage_fairloss_a10_mb,graphsage_fairloss_a50_sstate50_mb,selection_rate,gap,-0.022161952076785174,-0.039665370465225024,-0.005106182083880331,True
Victim Race,named_all,graphsage_fairloss_a10_mb,graphsage_fairloss_a50_sstate50_mb,selection_rate,amplification,-0.16469599761347853,-0.305071297790842,-0.03744380924355896,True
Victim Race,named_all,graphsage_fairloss_a10_mb,graphsage_fairloss_a50_sstate50_mb,tpr,gap,-0.02270450097847354,-0.04186996656351294,-0.0026872148548617515,True
Victim Race,named_all,graphsage_fairloss_a10_mb,graphsage_fairloss_a50_sstate50_mb,tpr,amplification,-0.16872793633025163,-0.31593723899497794,-0.019707025671746863,True
Victim Race,named_all,graphsage_fairloss_a10_mb,graphsage_fairloss_a50_sstate50_mb,fpr,gap,-0.05532001136824255,-0.09089637565796094,-0.01804577167417183,True
Victim Race,named_all,graphsage_fairloss_a10_mb,graphsage_fairloss_a50_sstate50_mb,fpr,amplification,-0.4111092934735434,-0.6752604719626459,-0.13301359439249447,True
Victim Race,named_n>=5000,graphsage_fairloss_a10_mb,graphsage_fairloss_a50_sstate50_mb,selection_rate,gap,-0.017153965476686905,-0.019988909748937043,-0.014422784248909836,True
Victim Race,named_n>=5000,graphsage_fairloss_a10_mb,graphsage_fairloss_a50_sstate50_mb,selection_rate,amplification,-0.22474778927582728,-0.26307990169716355,-0.18878454963731855,True
Victim Race,named_n>=5000,graphsage_fairloss_a10_mb,graphsage_fairloss_a50_sstate50_mb,tpr,gap,-0.014819464921699499,-0.01828026249498506,-0.011521166150789198,True
Victim Race,named_n>=5000,graphsage_fairloss_a10_mb,graphsage_fairloss_a50_sstate50_mb,tpr,amplification,-0.1941616347502355,-0.24022044512097726,-0.14994125604014366,True
Victim Race,named_n>=5000,graphsage_fairloss_a10_mb,graphsage_fairloss_a50_sstate50_mb,fpr,gap,-0.025679175692425893,-0.030458381152395634,-0.020538069816369593,True
Victim Race,named_n>=5000,graphsage_fairloss_a10_mb,graphsage_fairloss_a50_sstate50_mb,fpr,amplification,-0.3364433707845462,-0.40268035167996447,-0.2659552854462761,True
Victim Race,named_all,graphsage_fairloss_a10_mb,graphsage_fairloss_a100_sstate50_mb,selection_rate,gap,-0.03504149708144422,-0.05417939461093172,-0.016868050626922204,True
Victim Race,named_all,graphsage_fairloss_a10_mb,graphsage_fairloss_a100_sstate50_mb,selection_rate,amplification,-0.26041001711864653,-0.4182841406338704,-0.125450390355544,True
Victim Race,named_all,graphsage_fairloss_a10_mb,graphsage_fairloss_a100_sstate50_mb,tpr,gap,-0.028396173081104537,-0.04866261729879658,-0.006323794019219032,True
Victim Race,named_all,graphsage_fairloss_a10_mb,graphsage_fairloss_a100_sstate50_mb,tpr,amplification,-0.21102545650283377,-0.37365804890991233,-0.0483741656470905,True
Victim Race,named_all,graphsage_fairloss_a10_mb,graphsage_fairloss_a100_sstate50_mb,fpr,gap,-0.08061108962741048,-0.11911657333731038,-0.0394328260952365,True
Victim Race,named_all,graphsage_fairloss_a10_mb,graphsage_fairloss_a100_sstate50_mb,fpr,amplification,-0.5990593147614898,-0.9187777019627091,-0.29856588781221405,True
Victim Race,named_n>=5000,graphsage_fairloss_a10_mb,graphsage_fairloss_a100_sstate50_mb,selection_rate,gap,-0.016450692140148937,-0.019606451237215352,-0.013699125416400101,True
Victim Race,named_n>=5000,graphsage_fairloss_a10_mb,graphsage_fairloss_a100_sstate50_mb,selection_rate,amplification,-0.21553364413496434,-0.259197729566032,-0.17863300761410045,True
Victim Race,named_n>=5000,graphsage_fairloss_a10_mb,graphsage_fairloss_a100_sstate50_mb,tpr,gap,-0.01591974875160762,-0.019557616038939102,-0.012659983442854359,True
Victim Race,named_n>=5000,graphsage_fairloss_a10_mb,graphsage_fairloss_a100_sstate50_mb,tpr,amplification,-0.2085773311490574,-0.25934166770058364,-0.16546196878216726,True
Victim Race,named_n>=5000,graphsage_fairloss_a10_mb,graphsage_fairloss_a100_sstate50_mb,fpr,gap,-0.021952309115580937,-0.02700900702703713,-0.016530065073049344,True
Victim Race,named_n>=5000,graphsage_fairloss_a10_mb,graphsage_fairloss_a100_sstate50_mb,fpr,amplification,-0.28761471800392724,-0.3543275035873283,-0.21438037612329858,True
Victim Race,named_all,graphsage_fairloss_a25_mb,graphsage_fairloss_a100_mb,selection_rate,gap,-0.004113980581586796,-0.01634344085398535,0.007777956817929543,False
Victim Race,named_all,graphsage_fairloss_a25_mb,graphsage_fairloss_a100_mb,selection_rate,amplification,-0.030572944734261975,-0.1249525085332018,0.05710854150519779,False
Victim Race,named_all,graphsage_fairloss_a25_mb,graphsage_fairloss_a100_mb,tpr,gap,-0.00308023483365949,-0.01721327567899859,0.010298494300707313,False
Victim Race,named_all,graphsage_fairloss_a25_mb,graphsage_fairloss_a100_mb,tpr,amplification,-0.02289068882811729,-0.13210946193283643,0.07750069542936365,False
Victim Race,named_all,graphsage_fairloss_a25_mb,graphsage_fairloss_a100_mb,fpr,gap,-0.007120850100603648,-0.03519522398634416,0.030079747648521775,False
Victim Race,named_all,graphsage_fairloss_a25_mb,graphsage_fairloss_a100_mb,fpr,amplification,-0.052918421044843345,-0.2521933053868092,0.22995398841785125,False
Victim Race,named_n>=5000,graphsage_fairloss_a25_mb,graphsage_fairloss_a100_mb,selection_rate,gap,0.014777630535104835,0.0130269860203885,0.016531503132870485,True
Victim Race,named_n>=5000,graphsage_fairloss_a25_mb,graphsage_fairloss_a100_mb,selection_rate,amplification,0.19361352907078555,0.16897274039206964,0.21812429643470285,True
Victim Race,named_n>=5000,graphsage_fairloss_a25_mb,graphsage_fairloss_a100_mb,tpr,gap,0.0007612499409835882,-0.008394953165445373,0.010609951836054291,False
Victim Race,named_n>=5000,graphsage_fairloss_a25_mb,graphsage_fairloss_a100_mb,tpr,amplification,0.009973742896645918,-0.10851638531963366,0.13808689733383545,False
Victim Race,named_n>=5000,graphsage_fairloss_a25_mb,graphsage_fairloss_a100_mb,fpr,gap,0.014508579980214209,0.011325235099705436,0.017620214861887782,True
Victim Race,named_n>=5000,graphsage_fairloss_a25_mb,graphsage_fairloss_a100_mb,fpr,amplification,0.19008848306919002,0.1477669485386623,0.23378283400391714,True
Victim Race,named_all,graphsage_fairloss_a25_mb,graphsage_fairloss_a5_sstate20_mb,selection_rate,gap,-0.026021150605246346,-0.05079459173195613,-0.002810742922020772,True
Victim Race,named_all,graphsage_fairloss_a25_mb,graphsage_fairloss_a5_sstate20_mb,selection_rate,amplification,-0.19337553583426415,-0.40069793378191304,-0.021947679562889927,True
Victim Race,named_all,graphsage_fairloss_a25_mb,graphsage_fairloss_a5_sstate20_mb,tpr,gap,0.0026257882148292833,-0.017051588684413886,0.02287169685487591,False
Victim Race,named_all,graphsage_fairloss_a25_mb,graphsage_fairloss_a5_sstate20_mb,tpr,amplification,0.01951348004294373,-0.12472689701247468,0.1773615095442484,False
Victim Race,named_all,graphsage_fairloss_a25_mb,graphsage_fairloss_a5_sstate20_mb,fpr,gap,-0.11774118495291963,-0.1578394618089984,-0.0635210726553618,True
Victim Race,named_all,graphsage_fairloss_a25_mb,graphsage_fairloss_a5_sstate20_mb,fpr,amplification,-0.8749906979686571,-1.2188303936674378,-0.4573536493690558,True
Victim Race,named_n>=5000,graphsage_fairloss_a25_mb,graphsage_fairloss_a5_sstate20_mb,selection_rate,gap,-0.0693215030997435,-0.07182166324505626,-0.06702375407872711,True
Victim Race,named_n>=5000,graphsage_fairloss_a25_mb,graphsage_fairloss_a5_sstate20_mb,selection_rate,amplification,-0.9082363254209969,-0.9746271650849947,-0.8496880045302575,True
Victim Race,named_n>=5000,graphsage_fairloss_a25_mb,graphsage_fairloss_a5_sstate20_mb,tpr,gap,-0.06563037382131542,-0.06852471182755926,-0.06293424316074293,True
Victim Race,named_n>=5000,graphsage_fairloss_a25_mb,graphsage_fairloss_a5_sstate20_mb,tpr,amplification,-0.8598758955025958,-0.9242422257831087,-0.8053967389797023,True
Victim Race,named_n>=5000,graphsage_fairloss_a25_mb,graphsage_fairloss_a5_sstate20_mb,fpr,gap,-0.0791140422116618,-0.0839846119957501,-0.07450210225355815,True
Victim Race,named_n>=5000,graphsage_fairloss_a25_mb,graphsage_fairloss_a5_sstate20_mb,fpr,amplification,-1.0365361940310729,-1.1262663516918956,-0.9568093048952959,True
Victim Race,named_all,graphsage_fairloss_a25_mb,graphsage_fairloss_a10_sstate20_mb,selection_rate,gap,-0.021531891677891934,-0.04517378524831653,-0.004187113454324229,True
Victim Race,named_all,graphsage_fairloss_a25_mb,graphsage_fairloss_a10_sstate20_mb,selection_rate,amplification,-0.16001371937404651,-0.35476587103951,-0.03013823583168762,True
Victim Race,named_all,graphsage_fairloss_a25_mb,graphsage_fairloss_a10_sstate20_mb,tpr,gap,-0.022318330071754766,-0.0440326173145317,-0.0018446559394786116,True
Victim Race,named_all,graphsage_fairloss_a25_mb,graphsage_fairloss_a10_sstate20_mb,tpr,amplification,-0.1658581168075406,-0.3402619795617967,-0.01290352985211518,True
Victim Race,named_all,graphsage_fairloss_a25_mb,graphsage_fairloss_a10_sstate20_mb,fpr,gap,-0.11005923483341334,-0.1541802683793143,-0.057660709425786175,True
Victim Race,named_all,graphsage_fairloss_a25_mb,graphsage_fairloss_a10_sstate20_mb,fpr,amplification,-0.8179024760392198,-1.1694897711562127,-0.41680229036233946,True
Victim Race,named_n>=5000,graphsage_fairloss_a25_mb,graphsage_fairloss_a10_sstate20_mb,selection_rate,gap,-0.04693499430911974,-0.04930796211432757,-0.0444369611503964,True
Victim Race,named_n>=5000,graphsage_fairloss_a25_mb,graphsage_fairloss_a10_sstate20_mb,selection_rate,amplification,-0.6149328110158656,-0.6666253514403002,-0.5724090403272273,True
Victim Race,named_n>=5000,graphsage_fairloss_a25_mb,graphsage_fairloss_a10_sstate20_mb,tpr,gap,-0.044586715225099716,-0.047431150281925,-0.04174840829465445,True
Victim Race,named_n>=5000,graphsage_fairloss_a25_mb,graphsage_fairloss_a10_sstate20_mb,tpr,amplification,-0.5841661329871946,-0.6369764398594737,-0.537289353749196,True
Victim Race,named_n>=5000,graphsage_fairloss_a25_mb,graphsage_fairloss_a10_sstate20_mb,fpr,gap,-0.05435611478269092,-0.05881220535187698,-0.04960965279148714,True
Victim Race,named_n>=5000,graphsage_fairloss_a25_mb,graphsage_fairloss_a10_sstate20_mb,fpr,amplification,-0.7121628318324188,-0.7922828308573304,-0.6358217192031717,True
Victim Race,named_all,graphsage_fairloss_a25_mb,graphsage_fairloss_a25_sstate20_mb,selection_rate,gap,-0.03611501378408,-0.05655201257223967,-0.019047836309825632,True
Victim Race,named_all,graphsage_fairloss_a25_mb,graphsage_fairloss_a25_sstate20_mb,selection_rate,amplification,-0.26838782988905385,-0.44277672248166583,-0.13677100717256102,True
Victim Race,named_all,graphsage_fairloss_a25_mb,graphsage_fairloss_a25_sstate20_mb,tpr,gap,-0.03317808219178087,-0.054981642392193684,-0.013531124410466364,True
Victim Race,named_all,graphsage_fairloss_a25_mb,graphsage_fairloss_a25_sstate20_mb,tpr,amplification,-0.24656209554758646,-0.43139650723119627,-0.09926116690801513,True
Victim Race,named_all,graphsage_fairloss_a25_mb,graphsage_fairloss_a25_sstate20_mb,fpr,gap,-0.1146426399947818,-0.1588280932236042,-0.06322238699274613,True
Victim Race,named_all,graphsage_fairloss_a25_mb,graphsage_fairloss_a25_sstate20_mb,fpr,amplification,-0.8519639379042635,-1.2086004996695399,-0.45790745623041157,True
Victim Race,named_n>=5000,graphsage_fairloss_a25_mb,graphsage_fairloss_a25_sstate20_mb,selection_rate,gap,-0.03433648582854698,-0.037017790796833434,-0.03184684665790733,True
Victim Race,named_n>=5000,graphsage_fairloss_a25_mb,graphsage_fairloss_a25_sstate20_mb,selection_rate,amplification,-0.44986969875592664,-0.4936896262759209,-0.40995491209615087,True
Victim Race,named_n>=5000,graphsage_fairloss_a25_mb,graphsage_fairloss_a25_sstate20_mb,tpr,gap,-0.03219684611600637,-0.03510800070913088,-0.02914422042638024,True
Victim Race,named_n>=5000,graphsage_fairloss_a25_mb,graphsage_fairloss_a25_sstate20_mb,tpr,amplification,-0.42183657161143007,-0.46604698056868815,-0.37830525543219734,True
Victim Race,named_n>=5000,graphsage_fairloss_a25_mb,graphsage_fairloss_a25_sstate20_mb,fpr,gap,-0.041803331751313955,-0.04675780700116896,-0.03701940614808346,True
Victim Race,named_n>=5000,graphsage_fairloss_a25_mb,graphsage_fairloss_a25_sstate20_mb,fpr,amplification,-0.5476988051678405,-0.6247716391270742,-0.4830596997648926,True
Victim Race,named_all,graphsage_fairloss_a25_mb,graphsage_fairloss_a50_sstate20_mb,selection_rate,gap,-0.035852850721551976,-0.0540576251792414,-0.017781107119923964,True
Victim Race,named_all,graphsage_fairloss_a25_mb,graphsage_fairloss_a50_sstate20_mb,selection_rate,amplification,-0.26643957158712905,-0.4205382111510023,-0.12789994110849623,True
Victim Race,named_all,graphsage_fairloss_a25_mb,graphsage_fairloss_a50_sstate20_mb,tpr,gap,-0.029946510110893776,-0.04920985931443238,-0.008887479921556078,True
Victim Race,named_all,graphsage_fairloss_a25_mb,graphsage_fairloss_a50_sstate20_mb,tpr,amplification,-0.22254674771732574,-0.38147127036932243,-0.06660327039168941,True
Victim Race,named_all,graphsage_fairloss_a25_mb,graphsage_fairloss_a50_sstate20_mb,fpr,gap,-0.09166714228473727,-0.13410742515481047,-0.042875057667103124,True
Victim Race,named_all,graphsage_fairloss_a25_mb,graphsage_fairloss_a50_sstate20_mb,fpr,amplification,-0.6812220960795211,-1.0539503003006736,-0.311805132524733,True
Victim Race,named_n>=5000,graphsage_fairloss_a25_mb,graphsage_fairloss_a50_sstate20_mb,selection_rate,gap,-0.022256522030740133,-0.02470817034757366,-0.01954051412745401,True
Victim Race,named_n>=5000,graphsage_fairloss_a25_mb,graphsage_fairloss_a50_sstate20_mb,selection_rate,amplification,-0.29160045414430247,-0.3296819850240961,-0.2551434102471277,True
Victim Race,named_n>=5000,graphsage_fairloss_a25_mb,graphsage_fairloss_a50_sstate20_mb,tpr,gap,-0.02077589695306803,-0.023798327250225147,-0.01772750884033404,True
Victim Race,named_n>=5000,graphsage_fairloss_a25_mb,graphsage_fairloss_a50_sstate20_mb,tpr,amplification,-0.272201603575004,-0.3163496856767771,-0.23092261906228562,True
Victim Race,named_n>=5000,graphsage_fairloss_a25_mb,graphsage_fairloss_a50_sstate20_mb,fpr,gap,-0.028967175974747628,-0.033694644429204786,-0.024103749955708766,True
Victim Race,named_n>=5000,graphsage_fairloss_a25_mb,graphsage_fairloss_a50_sstate20_mb,fpr,amplification,-0.37952208605853954,-0.446975181391594,-0.3177460203063117,True
Victim Race,named_all,graphsage_fairloss_a25_mb,graphsage_fairloss_a100_sstate20_mb,selection_rate,gap,-0.03902898277834921,-0.0617585082294097,-0.019227439733877902,True
Victim Race,named_all,graphsage_fairloss_a25_mb,graphsage_fairloss_a100_sstate20_mb,selection_rate,amplification,-0.29004291825234985,-0.4725957927578457,-0.14294974859784176,True
Victim Race,named_all,graphsage_fairloss_a25_mb,graphsage_fairloss_a100_sstate20_mb,tpr,gap,-0.03656142639704285,-0.05957743866108564,-0.014215835524556167,True
Victim Race,named_all,graphsage_fairloss_a25_mb,graphsage_fairloss_a100_sstate20_mb,tpr,amplification,-0.271705334158733,-0.44196624441940224,-0.10764680896800852,True
Victim Race,named_all,graphsage_fairloss_a25_mb,graphsage_fairloss_a100_sstate20_mb,fpr,gap,-0.09932672864843711,-0.1397547278562928,-0.04379513054592771,True
Victim Race,named_all,graphsage_fairloss_a25_mb,graphsage_fairloss_a100_sstate20_mb,fpr,amplification,-0.7381441223119295,-1.1025833666686187,-0.33615086600781935,True
Victim Race,named_n>=5000,graphsage_fairloss_a25_mb,graphsage_fairloss_a100_sstate20_mb,selection_rate,gap,-0.016648800344822856,-0.019781692887307252,-0.013757966582227476,True
Victim Race,named_n>=5000,graphsage_fairloss_a25_mb,graphsage_fairloss_a100_sstate20_mb,selection_rate,amplification,-0.21812921779974626,-0.26080337138448956,-0.17895123088844458,True
Victim Race,named_n>=5000,graphsage_fairloss_a25_mb,graphsage_fairloss_a100_sstate20_mb,tpr,gap,-0.015939456981906575,-0.019537740181201475,-0.012436521446337357,True
Victim Race,named_n>=5000,graphsage_fairloss_a25_mb,graphsage_fairloss_a100_sstate20_mb,tpr,amplification,-0.2088355443998797,-0.25931797976060006,-0.1634953865197322,True
Victim Race,named_n>=5000,graphsage_fairloss_a25_mb,graphsage_fairloss_a100_sstate20_mb,fpr,gap,-0.023536375411639443,-0.02900566390295447,-0.017788484777869366,True
Victim Race,named_n>=5000,graphsage_fairloss_a25_mb,graphsage_fairloss_a100_sstate20_mb,fpr,amplification,-0.3083688345135668,-0.38839236973421165,-0.23219005518341068,True
Victim Race,named_all,graphsage_fairloss_a25_mb,graphsage_fairloss_a5_sstate50_mb,selection_rate,gap,-0.019111250983294248,-0.043411207610434696,0.0032092873550936683,False
Victim Race,named_all,graphsage_fairloss_a25_mb,graphsage_fairloss_a5_sstate50_mb,selection_rate,amplification,-0.14202478804348195,-0.329805623756614,0.024117197045524626,False
Victim Race,named_all,graphsage_fairloss_a25_mb,graphsage_fairloss_a5_sstate50_mb,tpr,gap,-0.0012950641443791877,-0.02100714288253322,0.019196304239004775,False
Victim Race,named_all,graphsage_fairloss_a25_mb,graphsage_fairloss_a5_sstate50_mb,tpr,amplification,-0.009624237093058374,-0.1550761173423069,0.14423567159264958,False
Victim Race,named_all,graphsage_fairloss_a25_mb,graphsage_fairloss_a5_sstate50_mb,fpr,gap,-0.10713004873435122,-0.14407120940666085,-0.05780255380348395,True
Victim Race,named_all,graphsage_fairloss_a25_mb,graphsage_fairloss_a5_sstate50_mb,fpr,amplification,-0.7961343021387847,-1.1258892500684603,-0.41181258163793866,True
Victim Race,named_n>=5000,graphsage_fairloss_a25_mb,graphsage_fairloss_a5_sstate50_mb,selection_rate,gap,-0.0641513853896648,-0.06669974477884522,-0.061871507948308264,True
Victim Race,named_n>=5000,graphsage_fairloss_a25_mb,graphsage_fairloss_a5_sstate50_mb,selection_rate,amplification,-0.8404984879387443,-0.9002764490588658,-0.7902757267048897,True
Victim Race,named_n>=5000,graphsage_fairloss_a25_mb,graphsage_fairloss_a5_sstate50_mb,tpr,gap,-0.06189416468689468,-0.06475997954960971,-0.059410972965419744,True
Victim Race,named_n>=5000,graphsage_fairloss_a25_mb,graphsage_fairloss_a5_sstate50_mb,tpr,amplification,-0.8109248384205225,-0.8732759475552759,-0.7586065409341667,True
Victim Race,named_n>=5000,graphsage_fairloss_a25_mb,graphsage_fairloss_a5_sstate50_mb,fpr,gap,-0.06997472758440293,-0.07478784708417431,-0.06546907190942734,True
Victim Race,named_n>=5000,graphsage_fairloss_a25_mb,graphsage_fairloss_a5_sstate50_mb,fpr,amplification,-0.9167947406182043,-1.000795289358541,-0.8441643319194281,True
Victim Race,named_all,graphsage_fairloss_a25_mb,graphsage_fairloss_a10_sstate50_mb,selection_rate,gap,-0.014240977980189862,-0.03935445395028987,0.006471186216895089,False
Victim Race,named_all,graphsage_fairloss_a25_mb,graphsage_fairloss_a10_sstate50_mb,selection_rate,amplification,-0.10583147492209455,-0.31171934546024554,0.04560199852001864,False
Victim Race,named_all,graphsage_fairloss_a25_mb,graphsage_fairloss_a10_sstate50_mb,tpr,gap,-0.008495759947814818,-0.027695164695194407,0.01117082720939969,False
Victim Race,named_all,graphsage_fairloss_a25_mb,graphsage_fairloss_a10_sstate50_mb,tpr,amplification,-0.06313602949966168,-0.21319369566228064,0.0839266177995761,False
Victim Race,named_all,graphsage_fairloss_a25_mb,graphsage_fairloss_a10_sstate50_mb,fpr,gap,-0.09375116477894829,-0.1394264541310994,-0.04268424202901522,True
Victim Race,named_all,graphsage_fairloss_a25_mb,graphsage_fairloss_a10_sstate50_mb,fpr,amplification,-0.6967094575964042,-1.0919540062166981,-0.29781483334606956,True
Victim Race,named_n>=5000,graphsage_fairloss_a25_mb,graphsage_fairloss_a10_sstate50_mb,selection_rate,gap,-0.058551591824802185,-0.061170252319863144,-0.05591916855965797,True
Victim Race,named_n>=5000,graphsage_fairloss_a25_mb,graphsage_fairloss_a10_sstate50_mb,selection_rate,amplification,-0.7671311242341654,-0.8236966291468059,-0.7168505734446967,True
Victim Race,named_n>=5000,graphsage_fairloss_a25_mb,graphsage_fairloss_a10_sstate50_mb,tpr,gap,-0.0560150133284244,-0.0588702766158608,-0.05296435426082601,True
Victim Race,named_n>=5000,graphsage_fairloss_a25_mb,graphsage_fairloss_a10_sstate50_mb,tpr,amplification,-0.7338973853555202,-0.7947921656273167,-0.6783064700461391,True
Victim Race,named_n>=5000,graphsage_fairloss_a25_mb,graphsage_fairloss_a10_sstate50_mb,fpr,gap,-0.06549353181576706,-0.07048987636112444,-0.06058076023020891,True
Victim Race,named_n>=5000,graphsage_fairloss_a25_mb,graphsage_fairloss_a10_sstate50_mb,fpr,amplification,-0.8580830191983463,-0.9407221208614548,-0.7846886050068969,True
Victim Race,named_all,graphsage_fairloss_a25_mb,graphsage_fairloss_a25_sstate50_mb,selection_rate,gap,-0.02703297074685096,-0.047743532828319314,-0.006991401244671061,True
Victim Race,named_all,graphsage_fairloss_a25_mb,graphsage_fairloss_a25_sstate50_mb,selection_rate,amplification,-0.2008948521404097,-0.37460889107377837,-0.04990740469842906,True
Victim Race,named_all,graphsage_fairloss_a25_mb,graphsage_fairloss_a25_sstate50_mb,tpr,gap,-0.024764514024787965,-0.045146610088875785,-0.003161935308238118,True
Victim Race,named_all,graphsage_fairloss_a25_mb,graphsage_fairloss_a25_sstate50_mb,tpr,amplification,-0.18403687223012355,-0.35243069417876743,-0.024004302472896543,True
Victim Race,named_all,graphsage_fairloss_a25_mb,graphsage_fairloss_a25_sstate50_mb,fpr,gap,-0.11035322503995193,-0.15328175986839354,-0.05875150069669001,True
Victim Race,named_all,graphsage_fairloss_a25_mb,graphsage_fairloss_a25_sstate50_mb,fpr,amplification,-0.8200872569730792,-1.184607864881453,-0.4354308255878473,True
Victim Race,named_n>=5000,graphsage_fairloss_a25_mb,graphsage_fairloss_a25_sstate50_mb,selection_rate,gap,-0.040222173800567806,-0.04265028047499717,-0.03764169639511211,True
Victim Race,named_n>=5000,graphsage_fairloss_a25_mb,graphsage_fairloss_a25_sstate50_mb,selection_rate,amplification,-0.5269827932107773,-0.5758352081974917,-0.48689846186427005,True
Victim Race,named_n>=5000,graphsage_fairloss_a25_mb,graphsage_fairloss_a25_sstate50_mb,tpr,gap,-0.037378958380286154,-0.040070681509899855,-0.0343592905491798,True
Victim Race,named_n>=5000,graphsage_fairloss_a25_mb,graphsage_fairloss_a25_sstate50_mb,tpr,amplification,-0.48973155931901724,-0.5414920114833773,-0.44428646510864767,True
Victim Race,named_n>=5000,graphsage_fairloss_a25_mb,graphsage_fairloss_a25_sstate50_mb,fpr,gap,-0.04942698879275814,-0.05438327343411944,-0.04448821253328071,True
Victim Race,named_n>=5000,graphsage_fairloss_a25_mb,graphsage_fairloss_a25_sstate50_mb,fpr,amplification,-0.6475824191689455,-0.7275725147517225,-0.5774563221190289,True
Victim Race,named_all,graphsage_fairloss_a25_mb,graphsage_fairloss_a50_sstate50_mb,selection_rate,gap,-0.03692926425360776,-0.05899575976593627,-0.016046533943598822,True
Victim Race,named_all,graphsage_fairloss_a25_mb,graphsage_fairloss_a50_sstate50_mb,selection_rate,amplification,-0.2744389120735784,-0.44297523909530095,-0.11380575471791181,True
Victim Race,named_all,graphsage_fairloss_a25_mb,graphsage_fairloss_a50_sstate50_mb,tpr,gap,-0.03442530984996739,-0.05687026656532837,-0.011829320082910034,True
Victim Race,named_all,graphsage_fairloss_a25_mb,graphsage_fairloss_a50_sstate50_mb,tpr,amplification,-0.2558308369790474,-0.4312821750931416,-0.08703923237896871,True
Victim Race,named_all,graphsage_fairloss_a25_mb,graphsage_fairloss_a50_sstate50_mb,fpr,gap,-0.11167291958832054,-0.1564571333573557,-0.059297997020452936,True
Victim Race,named_all,graphsage_fairloss_a25_mb,graphsage_fairloss_a50_sstate50_mb,fpr,amplification,-0.8298945343029634,-1.1760598094287815,-0.43952214191026556,True
Victim Race,named_n>=5000,graphsage_fairloss_a25_mb,graphsage_fairloss_a50_sstate50_mb,selection_rate,gap,-0.03798613981335697,-0.04066512951502438,-0.035035407103420305,True
Victim Race,named_n>=5000,graphsage_fairloss_a25_mb,graphsage_fairloss_a50_sstate50_mb,selection_rate,amplification,-0.4976867277584929,-0.5443092043988834,-0.44884987053567044,True
Victim Race,named_n>=5000,graphsage_fairloss_a25_mb,graphsage_fairloss_a50_sstate50_mb,tpr,gap,-0.03569750870039268,-0.038944167105879904,-0.03249155265304748,True
Victim Race,named_n>=5000,graphsage_fairloss_a25_mb,graphsage_fairloss_a50_sstate50_mb,tpr,amplification,-0.4677015453931881,-0.5167881792663037,-0.4161179745372758,True
Victim Race,named_n>=5000,graphsage_fairloss_a25_mb,graphsage_fairloss_a50_sstate50_mb,fpr,gap,-0.046450074566109334,-0.05187413495077865,-0.04129350737594429,True
Victim Race,named_n>=5000,graphsage_fairloss_a25_mb,graphsage_fairloss_a50_sstate50_mb,fpr,amplification,-0.6085794905334437,-0.6852939983518187,-0.5311758546521872,True
Victim Race,named_all,graphsage_fairloss_a25_mb,graphsage_fairloss_a100_sstate50_mb,selection_rate,gap,-0.049808809258266806,-0.07094324990464615,-0.02898652612215923,True
Victim Race,named_all,graphsage_fairloss_a25_mb,graphsage_fairloss_a100_sstate50_mb,selection_rate,amplification,-0.3701529315787464,-0.5742103416805825,-0.21046772652000303,True
Victim Race,named_all,graphsage_fairloss_a25_mb,graphsage_fairloss_a100_sstate50_mb,tpr,gap,-0.040116981952598385,-0.06307292067051479,-0.018236719326499222,True
Victim Race,named_all,graphsage_fairloss_a25_mb,graphsage_fairloss_a100_sstate50_mb,tpr,amplification,-0.29812835715162955,-0.5025371474114264,-0.13006688054390889,True
Victim Race,named_all,graphsage_fairloss_a25_mb,graphsage_fairloss_a100_sstate50_mb,fpr,gap,-0.13696399784748847,-0.18037160929461918,-0.08250078544232517,True
Victim Race,named_all,graphsage_fairloss_a25_mb,graphsage_fairloss_a100_sstate50_mb,fpr,amplification,-1.01784455559091,-1.3834321972627293,-0.5736190128900415,True
Victim Race,named_n>=5000,graphsage_fairloss_a25_mb,graphsage_fairloss_a100_sstate50_mb,selection_rate,gap,-0.037282866476819,-0.0402743893707494,-0.034539942087572405,True
Victim Race,named_n>=5000,graphsage_fairloss_a25_mb,graphsage_fairloss_a100_sstate50_mb,selection_rate,amplification,-0.48847258261762994,-0.5376890334092269,-0.4420618613151068,True
Victim Race,named_n>=5000,graphsage_fairloss_a25_mb,graphsage_fairloss_a100_sstate50_mb,tpr,gap,-0.0367977925303008,-0.04013089658129294,-0.03361035651495054,True
Victim Race,named_n>=5000,graphsage_fairloss_a25_mb,graphsage_fairloss_a100_sstate50_mb,tpr,amplification,-0.48211724179201,-0.5341786704220182,-0.4343983807642325,True
Victim Race,named_n>=5000,graphsage_fairloss_a25_mb,graphsage_fairloss_a100_sstate50_mb,fpr,gap,-0.04272320798926438,-0.04808313968447567,-0.03730043192514795,True
Victim Race,named_n>=5000,graphsage_fairloss_a25_mb,graphsage_fairloss_a100_sstate50_mb,fpr,amplification,-0.5597508377528247,-0.6439580622324728,-0.4811515741670434,True
Victim Race,named_all,graphsage_fairloss_a100_mb,graphsage_fairloss_a5_sstate20_mb,selection_rate,gap,-0.02190717002365955,-0.04738686236454735,0.00281986758220118,False
Victim Race,named_all,graphsage_fairloss_a100_mb,graphsage_fairloss_a5_sstate20_mb,selection_rate,amplification,-0.16280259110000217,-0.34167912936403205,0.022117022012578664,False
Victim Race,named_all,graphsage_fairloss_a100_mb,graphsage_fairloss_a5_sstate20_mb,tpr,gap,0.005706023048488773,-0.015815310327331106,0.028440878264348414,False
Victim Race,named_all,graphsage_fairloss_a100_mb,graphsage_fairloss_a5_sstate20_mb,tpr,amplification,0.04240416887106102,-0.11399370488800273,0.2121365115300231,False
Victim Race,named_all,graphsage_fairloss_a100_mb,graphsage_fairloss_a5_sstate20_mb,fpr,gap,-0.11062033485231598,-0.16211937405916665,-0.055943221592966,True
Victim Race,named_all,graphsage_fairloss_a100_mb,graphsage_fairloss_a5_sstate20_mb,fpr,amplification,-0.8220722769238138,-1.2383610975434727,-0.42411740853922214,True
Victim Race,named_n>=5000,graphsage_fairloss_a100_mb,graphsage_fairloss_a5_sstate20_mb,selection_rate,gap,-0.08409913363484833,-0.08690888451928586,-0.08136371604655453,True
Victim Race,named_n>=5000,graphsage_fairloss_a100_mb,graphsage_fairloss_a5_sstate20_mb,selection_rate,amplification,-1.1018498544917823,-1.1793770230692069,-1.0320540738216866,True
Victim Race,named_n>=5000,graphsage_fairloss_a100_mb,graphsage_fairloss_a5_sstate20_mb,tpr,gap,-0.06639162376229901,-0.07603547932609075,-0.05685109857314526,True
Victim Race,named_n>=5000,graphsage_fairloss_a100_mb,graphsage_fairloss_a5_sstate20_mb,tpr,amplification,-0.8698496383992418,-1.0117450268325046,-0.7407515888112721,True
Victim Race,named_n>=5000,graphsage_fairloss_a100_mb,graphsage_fairloss_a5_sstate20_mb,fpr,gap,-0.093622622191876,-0.0987865908215769,-0.0883410359015256,True
Victim Race,named_n>=5000,graphsage_fairloss_a100_mb,graphsage_fairloss_a5_sstate20_mb,fpr,amplification,-1.2266246771002627,-1.3325510958416171,-1.133784060637749,True
Victim Race,named_all,graphsage_fairloss_a100_mb,graphsage_fairloss_a10_sstate20_mb,selection_rate,gap,-0.01741791109630514,-0.041507244487575104,0.0009350663615339675,False
Victim Race,named_all,graphsage_fairloss_a100_mb,graphsage_fairloss_a10_sstate20_mb,selection_rate,amplification,-0.12944077463978454,-0.3137977962082685,0.006825330473672316,False
Victim Race,named_all,graphsage_fairloss_a100_mb,graphsage_fairloss_a10_sstate20_mb,tpr,gap,-0.019238095238095276,-0.04162869153016212,0.002496504232986559,False
Victim Race,named_all,graphsage_fairloss_a100_mb,graphsage_fairloss_a10_sstate20_mb,tpr,amplification,-0.1429674279794233,-0.31681296797164904,0.016835496692578864,False
Victim Race,named_all,graphsage_fairloss_a100_mb,graphsage_fairloss_a10_sstate20_mb,fpr,gap,-0.1029383847328097,-0.1541127793278278,-0.05270515201727806,True
Victim Race,named_all,graphsage_fairloss_a100_mb,graphsage_fairloss_a10_sstate20_mb,fpr,amplification,-0.7649840549943765,-1.2027007587396477,-0.36770051001163034,True
Victim Race,named_n>=5000,graphsage_fairloss_a100_mb,graphsage_fairloss_a10_sstate20_mb,selection_rate,gap,-0.06171262484422457,-0.06430513426406365,-0.059103835482873776,True
Victim Race,named_n>=5000,graphsage_fairloss_a100_mb,graphsage_fairloss_a10_sstate20_mb,selection_rate,amplification,-0.8085463400866512,-0.8684315693045837,-0.7552640497211399,True
Victim Race,named_n>=5000,graphsage_fairloss_a100_mb,graphsage_fairloss_a10_sstate20_mb,tpr,gap,-0.045347965166083304,-0.05481885324661409,-0.035594335263758256,True
Victim Race,named_n>=5000,graphsage_fairloss_a100_mb,graphsage_fairloss_a10_sstate20_mb,tpr,amplification,-0.5941398758838405,-0.7224943613615598,-0.47072495489802296,True
Victim Race,named_n>=5000,graphsage_fairloss_a100_mb,graphsage_fairloss_a10_sstate20_mb,fpr,gap,-0.06886469476290513,-0.07397403496045857,-0.06383491169295745,True
Victim Race,named_n>=5000,graphsage_fairloss_a100_mb,graphsage_fairloss_a10_sstate20_mb,fpr,amplification,-0.9022513149016088,-0.9856580317896265,-0.8218825936474617,True
Victim Race,named_all,graphsage_fairloss_a100_mb,graphsage_fairloss_a25_sstate20_mb,selection_rate,gap,-0.0320010332024932,-0.05267572891470281,-0.013093922451876398,True
Victim Race,named_all,graphsage_fairloss_a100_mb,graphsage_fairloss_a25_sstate20_mb,selection_rate,amplification,-0.23781488515479188,-0.4050584881097212,-0.09305121786004138,True
Victim Race,named_all,graphsage_fairloss_a100_mb,graphsage_fairloss_a25_sstate20_mb,tpr,gap,-0.030097847358121377,-0.05223781746782403,-0.009174263871451297,True
Victim Race,named_all,graphsage_fairloss_a100_mb,graphsage_fairloss_a25_sstate20_mb,tpr,amplification,-0.22367140671946917,-0.3996175299301647,-0.06594440026057082,True
Victim Race,named_all,graphsage_fairloss_a100_mb,graphsage_fairloss_a25_sstate20_mb,fpr,gap,-0.10752178989417815,-0.15640768702415675,-0.05498162667427555,True
Victim Race,named_all,graphsage_fairloss_a100_mb,graphsage_fairloss_a25_sstate20_mb,fpr,amplification,-0.7990455168594202,-1.2143979968069225,-0.39753728110139186,True
Victim Race,named_n>=5000,graphsage_fairloss_a100_mb,graphsage_fairloss_a25_sstate20_mb,selection_rate,gap,-0.049114116363651816,-0.05199748437479579,-0.04629765631611391,True
Victim Race,named_n>=5000,graphsage_fairloss_a100_mb,graphsage_fairloss_a25_sstate20_mb,selection_rate,amplification,-0.6434832278267122,-0.6940234686121276,-0.5963563909527442,True
Victim Race,named_n>=5000,graphsage_fairloss_a100_mb,graphsage_fairloss_a25_sstate20_mb,tpr,gap,-0.03295809605698996,-0.04242904018398895,-0.023276432582877857,True
Victim Race,named_n>=5000,graphsage_fairloss_a100_mb,graphsage_fairloss_a25_sstate20_mb,tpr,amplification,-0.431810314508076,-0.5601015070559499,-0.3051252616845382,True
Victim Race,named_n>=5000,graphsage_fairloss_a100_mb,graphsage_fairloss_a25_sstate20_mb,fpr,gap,-0.056311911731528164,-0.061194114637946856,-0.05113181030623072,True
Victim Race,named_n>=5000,graphsage_fairloss_a100_mb,graphsage_fairloss_a25_sstate20_mb,fpr,amplification,-0.7377872882370305,-0.8220545972846087,-0.6551707858201069,True
Victim Race,named_all,graphsage_fairloss_a100_mb,graphsage_fairloss_a50_sstate20_mb,selection_rate,gap,-0.03173887013996518,-0.052085234377640344,-0.011788599045011918,True
Victim Race,named_all,graphsage_fairloss_a100_mb,graphsage_fairloss_a50_sstate20_mb,selection_rate,amplification,-0.23586662685286708,-0.41509058252614717,-0.08545829431952205,True
Victim Race,named_all,graphsage_fairloss_a100_mb,graphsage_fairloss_a50_sstate20_mb,tpr,gap,-0.026866275277234286,-0.050431031539798506,-0.005160004459522714,True
Victim Race,named_all,graphsage_fairloss_a100_mb,graphsage_fairloss_a50_sstate20_mb,tpr,amplification,-0.19965605888920845,-0.39340031604774034,-0.03859398524234956,True
Victim Race,named_all,graphsage_fairloss_a100_mb,graphsage_fairloss_a50_sstate20_mb,fpr,gap,-0.08454629218413362,-0.13362959277728248,-0.03407341456873868,True
Victim Race,named_all,graphsage_fairloss_a100_mb,graphsage_fairloss_a50_sstate20_mb,fpr,amplification,-0.6283036750346778,-1.033812699803076,-0.24353411049581797,True
Victim Race,named_n>=5000,graphsage_fairloss_a100_mb,graphsage_fairloss_a50_sstate20_mb,selection_rate,gap,-0.03703415256584497,-0.04001396914389016,-0.034189468348381054,True
Victim Race,named_n>=5000,graphsage_fairloss_a100_mb,graphsage_fairloss_a50_sstate20_mb,selection_rate,amplification,-0.485213983215088,-0.5321345016206598,-0.4393894951050679,True
Victim Race,named_n>=5000,graphsage_fairloss_a100_mb,graphsage_fairloss_a50_sstate20_mb,tpr,gap,-0.021537146894051618,-0.030741875768013,-0.011832204978642728,True
Victim Race,named_n>=5000,graphsage_fairloss_a100_mb,graphsage_fairloss_a50_sstate20_mb,tpr,amplification,-0.28217534647164993,-0.40517774473746476,-0.15520605696031223,True
Victim Race,named_n>=5000,graphsage_fairloss_a100_mb,graphsage_fairloss_a50_sstate20_mb,fpr,gap,-0.04347575595496184,-0.04860356660456496,-0.03819138845100795,True
Victim Race,named_n>=5000,graphsage_fairloss_a100_mb,graphsage_fairloss_a50_sstate20_mb,fpr,amplification,-0.5696105691277296,-0.646654550681879,-0.4938614671968331,True
Victim Race,named_all,graphsage_fairloss_a100_mb,graphsage_fairloss_a100_sstate20_mb,selection_rate,gap,-0.03491500219676241,-0.05599355817557683,-0.012275634526344135,True
Victim Race,named_all,graphsage_fairloss_a100_mb,graphsage_fairloss_a100_sstate20_mb,selection_rate,amplification,-0.25946997351808787,-0.4343762543092956,-0.0875295214136508,True
Victim Race,named_all,graphsage_fairloss_a100_mb,graphsage_fairloss_a100_sstate20_mb,tpr,gap,-0.03348119156338336,-0.05771673832457796,-0.008333359604285578,True
Victim Race,named_all,graphsage_fairloss_a100_mb,graphsage_fairloss_a100_sstate20_mb,tpr,amplification,-0.2488146453306157,-0.4346826441581292,-0.06019823229764115,True
Victim Race,named_all,graphsage_fairloss_a100_mb,graphsage_fairloss_a100_sstate20_mb,fpr,gap,-0.09220587854783346,-0.14315360184663714,-0.03730962675992123,True
Victim Race,named_all,graphsage_fairloss_a100_mb,graphsage_fairloss_a100_sstate20_mb,fpr,amplification,-0.6852257012670862,-1.1439229826054842,-0.28087393437626496,True
Victim Race,named_n>=5000,graphsage_fairloss_a100_mb,graphsage_fairloss_a100_sstate20_mb,selection_rate,gap,-0.03142643087992769,-0.034204616207058565,-0.02842217103305905,True
Victim Race,named_n>=5000,graphsage_fairloss_a100_mb,graphsage_fairloss_a100_sstate20_mb,selection_rate,amplification,-0.4117427468705318,-0.45805906583350636,-0.36688443336007215,True
Victim Race,named_n>=5000,graphsage_fairloss_a100_mb,graphsage_fairloss_a100_sstate20_mb,tpr,gap,-0.016700706922890163,-0.02642804285407807,-0.007633609218858657,True
Victim Race,named_n>=5000,graphsage_fairloss_a100_mb,graphsage_fairloss_a100_sstate20_mb,tpr,amplification,-0.2188092872965256,-0.3484183680468477,-0.10078614768899506,True
Victim Race,named_n>=5000,graphsage_fairloss_a100_mb,graphsage_fairloss_a100_sstate20_mb,fpr,gap,-0.03804495539185365,-0.04364619934328935,-0.03223375207110104,True
Victim Race,named_n>=5000,graphsage_fairloss_a100_mb,graphsage_fairloss_a100_sstate20_mb,fpr,amplification,-0.4984573175827568,-0.5733512645350908,-0.4195853936199345,True
Victim Race,named_all,graphsage_fairloss_a100_mb,graphsage_fairloss_a5_sstate50_mb,selection_rate,gap,-0.014997270401707452,-0.038778644788424424,0.009401381172495624,False
Victim Race,named_all,graphsage_fairloss_a100_mb,graphsage_fairloss_a5_sstate50_mb,selection_rate,amplification,-0.11145184330921998,-0.2919823563530828,0.0711944084634179,False
Victim Race,named_all,graphsage_fairloss_a100_mb,graphsage_fairloss_a5_sstate50_mb,tpr,gap,0.001785170689280302,-0.020687872760081792,0.02263333119844081,False
Victim Race,named_all,graphsage_fairloss_a100_mb,graphsage_fairloss_a5_sstate50_mb,tpr,amplification,0.013266451735058915,-0.15205304937380995,0.17357065759690288,False
Victim Race,named_all,graphsage_fairloss_a100_mb,graphsage_fairloss_a5_sstate50_mb,fpr,gap,-0.10000919863374758,-0.146644278328092,-0.049440908314517786,True
Victim Race,named_all,graphsage_fairloss_a100_mb,graphsage_fairloss_a5_sstate50_mb,fpr,amplification,-0.7432158810939413,-1.122110844486204,-0.35721451213127564,True
Victim Race,named_n>=5000,graphsage_fairloss_a100_mb,graphsage_fairloss_a5_sstate50_mb,selection_rate,gap,-0.07892901592476964,-0.0816343011003817,-0.07641502497305812,True
Victim Race,named_n>=5000,graphsage_fairloss_a100_mb,graphsage_fairloss_a5_sstate50_mb,selection_rate,amplification,-1.0341120170095297,-1.1043340165606317,-0.9746365594169735,True
Victim Race,named_n>=5000,graphsage_fairloss_a100_mb,graphsage_fairloss_a5_sstate50_mb,tpr,gap,-0.06265541462787827,-0.07217465712337556,-0.053005178860212866,True
Victim Race,named_n>=5000,graphsage_fairloss_a100_mb,graphsage_fairloss_a5_sstate50_mb,tpr,amplification,-0.8208985813171685,-0.9595812727379802,-0.6918556854497911,True
Victim Race,named_n>=5000,graphsage_fairloss_a100_mb,graphsage_fairloss_a5_sstate50_mb,fpr,gap,-0.08448330756461714,-0.0895513355062759,-0.07982335859039826,True
Victim Race,named_n>=5000,graphsage_fairloss_a100_mb,graphsage_fairloss_a5_sstate50_mb,fpr,amplification,-1.1068832236873942,-1.2071669463303096,-1.0246234233463174,True
Victim Race,named_all,graphsage_fairloss_a100_mb,graphsage_fairloss_a10_sstate50_mb,selection_rate,gap,-0.010126997398603066,-0.033909868575740014,0.012184988722450364,False
Victim Race,named_all,graphsage_fairloss_a100_mb,graphsage_fairloss_a10_sstate50_mb,selection_rate,amplification,-0.07525853018783257,-0.2661689093084522,0.08958198322884948,False
Victim Race,named_all,graphsage_fairloss_a100_mb,graphsage_fairloss_a10_sstate50_mb,tpr,gap,-0.0054155251141553284,-0.028369383820566224,0.016690644839842124,False
Victim Race,named_all,graphsage_fairloss_a100_mb,graphsage_fairloss_a10_sstate50_mb,tpr,amplification,-0.040245340671544394,-0.21611150244305394,0.12150413702506485,False
Victim Race,named_all,graphsage_fairloss_a100_mb,graphsage_fairloss_a10_sstate50_mb,fpr,gap,-0.08663031467834464,-0.1376890299264592,-0.03301976246060257,True
Victim Race,named_all,graphsage_fairloss_a100_mb,graphsage_fairloss_a10_sstate50_mb,fpr,amplification,-0.6437910365515609,-1.0431887488216123,-0.2474351564566035,True
Victim Race,named_n>=5000,graphsage_fairloss_a100_mb,graphsage_fairloss_a10_sstate50_mb,selection_rate,gap,-0.07332922235990702,-0.0762969345723993,-0.07032758403795712,True
Victim Race,named_n>=5000,graphsage_fairloss_a100_mb,graphsage_fairloss_a10_sstate50_mb,selection_rate,amplification,-0.960744653304951,-1.0317086383919307,-0.9018010371191142,True
Victim Race,named_n>=5000,graphsage_fairloss_a100_mb,graphsage_fairloss_a10_sstate50_mb,tpr,gap,-0.05677626326940799,-0.06631852760993372,-0.047456039927186146,True
Victim Race,named_n>=5000,graphsage_fairloss_a100_mb,graphsage_fairloss_a10_sstate50_mb,tpr,amplification,-0.7438711282521662,-0.8758124501287715,-0.6189951587554906,True
Victim Race,named_n>=5000,graphsage_fairloss_a100_mb,graphsage_fairloss_a10_sstate50_mb,fpr,gap,-0.08000211179598127,-0.08534775432474818,-0.07459487784471772,True
Victim Race,named_n>=5000,graphsage_fairloss_a100_mb,graphsage_fairloss_a10_sstate50_mb,fpr,amplification,-1.0481715022675364,-1.1446911675448954,-0.9630058490852073,True
Victim Race,named_all,graphsage_fairloss_a100_mb,graphsage_fairloss_a25_sstate50_mb,selection_rate,gap,-0.022918990165264164,-0.043946362789260486,-0.004109140462430407,True
Victim Race,named_all,graphsage_fairloss_a100_mb,graphsage_fairloss_a25_sstate50_mb,selection_rate,amplification,-0.17032190740614772,-0.3424143063741636,-0.032511734833646284,True
Victim Race,named_all,graphsage_fairloss_a100_mb,graphsage_fairloss_a25_sstate50_mb,tpr,gap,-0.021684279191128475,-0.045788283101246045,0.0017913377709905815,False
Victim Race,named_all,graphsage_fairloss_a100_mb,graphsage_fairloss_a25_sstate50_mb,tpr,amplification,-0.16114618340200626,-0.35048197053534713,0.012743311490204745,False
Victim Race,named_all,graphsage_fairloss_a100_mb,graphsage_fairloss_a25_sstate50_mb,fpr,gap,-0.10323237493934828,-0.15583496041644732,-0.04945544469038627,True
Victim Race,named_all,graphsage_fairloss_a100_mb,graphsage_fairloss_a25_sstate50_mb,fpr,amplification,-0.7671688359282358,-1.1988691519798813,-0.3618964671633222,True
Victim Race,named_n>=5000,graphsage_fairloss_a100_mb,graphsage_fairloss_a25_sstate50_mb,selection_rate,gap,-0.05499980433567264,-0.05771118078903295,-0.05213087947236342,True
Victim Race,named_n>=5000,graphsage_fairloss_a100_mb,graphsage_fairloss_a25_sstate50_mb,selection_rate,amplification,-0.7205963222815629,-0.7753039605023676,-0.6714769201620099,True
Victim Race,named_n>=5000,graphsage_fairloss_a100_mb,graphsage_fairloss_a25_sstate50_mb,tpr,gap,-0.03814020832126974,-0.047651523004329545,-0.028525047511542858,True
Victim Race,named_n>=5000,graphsage_fairloss_a100_mb,graphsage_fairloss_a25_sstate50_mb,tpr,amplification,-0.49970530221566317,-0.6288600089025433,-0.3766632615506831,True
Victim Race,named_n>=5000,graphsage_fairloss_a100_mb,graphsage_fairloss_a25_sstate50_mb,fpr,gap,-0.06393556877297235,-0.06874454233463326,-0.05863714942185487,True
Victim Race,named_n>=5000,graphsage_fairloss_a100_mb,graphsage_fairloss_a25_sstate50_mb,fpr,amplification,-0.8376709022381356,-0.9210658093769372,-0.7541914995128269,True
Victim Race,named_all,graphsage_fairloss_a100_mb,graphsage_fairloss_a50_sstate50_mb,selection_rate,gap,-0.03281528367202097,-0.054929733781376215,-0.013695080942242052,True
Victim Race,named_all,graphsage_fairloss_a100_mb,graphsage_fairloss_a50_sstate50_mb,selection_rate,amplification,-0.24386596733931643,-0.42624271492197907,-0.1005015243701701,True
Victim Race,named_all,graphsage_fairloss_a100_mb,graphsage_fairloss_a50_sstate50_mb,tpr,gap,-0.0313450750163079,-0.05490628679729333,-0.008881278978544495,True
Victim Race,named_all,graphsage_fairloss_a100_mb,graphsage_fairloss_a50_sstate50_mb,tpr,amplification,-0.23294014815093012,-0.42061480339416385,-0.06995831492367616,True
Victim Race,named_all,graphsage_fairloss_a100_mb,graphsage_fairloss_a50_sstate50_mb,fpr,gap,-0.10455206948771689,-0.1555864917558092,-0.051093320668966324,True
Victim Race,named_all,graphsage_fairloss_a100_mb,graphsage_fairloss_a50_sstate50_mb,fpr,amplification,-0.7769761132581201,-1.232783928341103,-0.36690064412432677,True
Victim Race,named_n>=5000,graphsage_fairloss_a100_mb,graphsage_fairloss_a50_sstate50_mb,selection_rate,gap,-0.0527637703484618,-0.05559846625093828,-0.04972588971039218,True
Victim Race,named_n>=5000,graphsage_fairloss_a100_mb,graphsage_fairloss_a50_sstate50_mb,selection_rate,amplification,-0.6913002568292784,-0.7451915035076164,-0.6392315034063167,True
Victim Race,named_n>=5000,graphsage_fairloss_a100_mb,graphsage_fairloss_a50_sstate50_mb,tpr,gap,-0.036458758641376265,-0.045449633914348454,-0.02758375685495851,True
Victim Race,named_n>=5000,graphsage_fairloss_a100_mb,graphsage_fairloss_a50_sstate50_mb,tpr,amplification,-0.477675288289834,-0.5996301750545496,-0.3609555021000529,True
Victim Race,named_n>=5000,graphsage_fairloss_a100_mb,graphsage_fairloss_a50_sstate50_mb,fpr,gap,-0.06095865454632354,-0.06671897330745634,-0.055760928055340574,True
Victim Race,named_n>=5000,graphsage_fairloss_a100_mb,graphsage_fairloss_a50_sstate50_mb,fpr,amplification,-0.7986679736026338,-0.8908794361608393,-0.7170945382452782,True
Victim Race,named_all,graphsage_fairloss_a100_mb,graphsage_fairloss_a100_sstate50_mb,selection_rate,gap,-0.04569482867668001,-0.06651563925783233,-0.025339961037644364,True
Victim Race,named_all,graphsage_fairloss_a100_mb,graphsage_fairloss_a100_sstate50_mb,selection_rate,amplification,-0.3395799868444844,-0.5448098731395129,-0.17918884532961074,True
Victim Race,named_all,graphsage_fairloss_a100_mb,graphsage_fairloss_a100_sstate50_mb,tpr,gap,-0.037036747118938895,-0.06111771297437266,-0.0133933586224291,True
Victim Race,named_all,graphsage_fairloss_a100_mb,graphsage_fairloss_a100_sstate50_mb,tpr,amplification,-0.27523766832351226,-0.4731812516689682,-0.0980064074150592,True
Victim Race,named_all,graphsage_fairloss_a100_mb,graphsage_fairloss_a100_sstate50_mb,fpr,gap,-0.12984314774688482,-0.18248417791413077,-0.07847515430999624,True
Victim Race,named_all,graphsage_fairloss_a100_mb,graphsage_fairloss_a100_sstate50_mb,fpr,amplification,-0.9649261345460665,-1.3982780410729128,-0.5646807152244915,True
Victim Race,named_n>=5000,graphsage_fairloss_a100_mb,graphsage_fairloss_a100_sstate50_mb,selection_rate,gap,-0.052060497011923834,-0.05520828603926299,-0.04908253469716745,True
Victim Race,named_n>=5000,graphsage_fairloss_a100_mb,graphsage_fairloss_a100_sstate50_mb,selection_rate,amplification,-0.6820861116884155,-0.7426713758514975,-0.6306326935143871,True
Victim Race,named_n>=5000,graphsage_fairloss_a100_mb,graphsage_fairloss_a100_sstate50_mb,tpr,gap,-0.03755904247128439,-0.046872734974567565,-0.02776514327169833,True
Victim Race,named_n>=5000,graphsage_fairloss_a100_mb,graphsage_fairloss_a100_sstate50_mb,tpr,amplification,-0.4920909846886559,-0.6138231271694686,-0.36465456874031055,True
Victim Race,named_n>=5000,graphsage_fairloss_a100_mb,graphsage_fairloss_a100_sstate50_mb,fpr,gap,-0.05723178796947859,-0.06304092670641688,-0.05142898307509384,True
Victim Race,named_n>=5000,graphsage_fairloss_a100_mb,graphsage_fairloss_a100_sstate50_mb,fpr,amplification,-0.7498393208220148,-0.8358065622882233,-0.6669965677819462,True
Victim Race,named_all,graphsage_fairloss_a5_sstate20_mb,graphsage_fairloss_a10_sstate20_mb,selection_rate,gap,0.0044892589273544115,-0.015808410231062005,0.01590383811211811,False
Victim Race,named_all,graphsage_fairloss_a5_sstate20_mb,graphsage_fairloss_a10_sstate20_mb,selection_rate,amplification,0.03336181646021763,-0.11296349648452,0.11871289665700929,False
Victim Race,named_all,graphsage_fairloss_a5_sstate20_mb,graphsage_fairloss_a10_sstate20_mb,tpr,gap,-0.02494411828658405,-0.03726325785252142,-0.012545859691387553,True
Victim Race,named_all,graphsage_fairloss_a5_sstate20_mb,graphsage_fairloss_a10_sstate20_mb,tpr,amplification,-0.18537159685048432,-0.2842138176159443,-0.0907011866618589,True
Victim Race,named_all,graphsage_fairloss_a5_sstate20_mb,graphsage_fairloss_a10_sstate20_mb,fpr,gap,0.007681950119506287,-0.019472240498748628,0.032173872951121625,False
Victim Race,named_all,graphsage_fairloss_a5_sstate20_mb,graphsage_fairloss_a10_sstate20_mb,fpr,amplification,0.0570882219294373,-0.13791283161044582,0.24429263672908363,False
Victim Race,named_n>=5000,graphsage_fairloss_a5_sstate20_mb,graphsage_fairloss_a10_sstate20_mb,selection_rate,gap,0.02238650879062376,0.020658668028634922,0.024273260703247843,True
Victim Race,named_n>=5000,graphsage_fairloss_a5_sstate20_mb,graphsage_fairloss_a10_sstate20_mb,selection_rate,amplification,0.29330351440513125,0.2656663977278403,0.32303456993458235,True
Victim Race,named_n>=5000,graphsage_fairloss_a5_sstate20_mb,graphsage_fairloss_a10_sstate20_mb,tpr,gap,0.02104365859621571,0.01898620893364778,0.023322265366612978,True
Victim Race,named_n>=5000,graphsage_fairloss_a5_sstate20_mb,graphsage_fairloss_a10_sstate20_mb,tpr,amplification,0.27570976251540125,0.24609792893736918,0.3082028718646686,True
Victim Race,named_n>=5000,graphsage_fairloss_a5_sstate20_mb,graphsage_fairloss_a10_sstate20_mb,fpr,gap,0.02475792742897087,0.021702250935779474,0.02814043263888131,True
Victim Race,named_n>=5000,graphsage_fairloss_a5_sstate20_mb,graphsage_fairloss_a10_sstate20_mb,fpr,amplification,0.324373362198654,0.2806306579196197,0.3755365379819129,True
Victim Race,named_all,graphsage_fairloss_a5_sstate20_mb,graphsage_fairloss_a25_sstate20_mb,selection_rate,gap,-0.01009386317883365,-0.030517945509952314,0.009154095434094895,False
Victim Race,named_all,graphsage_fairloss_a5_sstate20_mb,graphsage_fairloss_a25_sstate20_mb,selection_rate,amplification,-0.07501229405478971,-0.23069160698466548,0.0686952078264682,False
Victim Race,named_all,graphsage_fairloss_a5_sstate20_mb,graphsage_fairloss_a25_sstate20_mb,tpr,gap,-0.03580387040661015,-0.049825811537502825,-0.021775911167127078,True
Victim Race,named_all,graphsage_fairloss_a5_sstate20_mb,graphsage_fairloss_a25_sstate20_mb,tpr,amplification,-0.2660755755905302,-0.3863590102336121,-0.15692243663792496,True
Victim Race,named_all,graphsage_fairloss_a5_sstate20_mb,graphsage_fairloss_a25_sstate20_mb,fpr,gap,0.0030985449581378277,-0.024524082234222068,0.031048302229856346,False
Victim Race,named_all,graphsage_fairloss_a5_sstate20_mb,graphsage_fairloss_a25_sstate20_mb,fpr,amplification,0.023026760064393637,-0.1810512215488998,0.23552271827011284,False
Victim Race,named_n>=5000,graphsage_fairloss_a5_sstate20_mb,graphsage_fairloss_a25_sstate20_mb,selection_rate,gap,0.03498501727119652,0.03290874985590134,0.0371540758511213,True
Victim Race,named_n>=5000,graphsage_fairloss_a5_sstate20_mb,graphsage_fairloss_a25_sstate20_mb,selection_rate,amplification,0.4583666266650702,0.4251437549445766,0.499214756097703,True
Victim Race,named_n>=5000,graphsage_fairloss_a5_sstate20_mb,graphsage_fairloss_a25_sstate20_mb,tpr,gap,0.03343352770530905,0.0310839837620265,0.03601717176782187,True
Victim Race,named_n>=5000,graphsage_fairloss_a5_sstate20_mb,graphsage_fairloss_a25_sstate20_mb,tpr,amplification,0.43803932389116573,0.4020650495393565,0.4813426218655627,True
Victim Race,named_n>=5000,graphsage_fairloss_a5_sstate20_mb,graphsage_fairloss_a25_sstate20_mb,fpr,gap,0.03731071046034784,0.03338237975291975,0.04127618348978178,True
Victim Race,named_n>=5000,graphsage_fairloss_a5_sstate20_mb,graphsage_fairloss_a25_sstate20_mb,fpr,amplification,0.48883738886323225,0.43302411575329786,0.5477917221573065,True
Victim Race,named_all,graphsage_fairloss_a5_sstate20_mb,graphsage_fairloss_a50_sstate20_mb,selection_rate,gap,-0.00983170011630563,-0.03156218373085057,0.012063505377506905,False
Victim Race,named_all,graphsage_fairloss_a5_sstate20_mb,graphsage_fairloss_a50_sstate20_mb,selection_rate,amplification,-0.07306403575286491,-0.24150918662320184,0.09005847361673217,False
Victim Race,named_all,graphsage_fairloss_a5_sstate20_mb,graphsage_fairloss_a50_sstate20_mb,tpr,gap,-0.03257229832572306,-0.051016972746362584,-0.01389780010817667,True
Victim Race,named_all,graphsage_fairloss_a5_sstate20_mb,graphsage_fairloss_a50_sstate20_mb,tpr,amplification,-0.24206022776026948,-0.38939372067064304,-0.09969030260203945,True
Victim Race,named_all,graphsage_fairloss_a5_sstate20_mb,graphsage_fairloss_a50_sstate20_mb,fpr,gap,0.026074042668182362,-0.006100047832764685,0.05610083246448495,False
Victim Race,named_all,graphsage_fairloss_a5_sstate20_mb,graphsage_fairloss_a50_sstate20_mb,fpr,amplification,0.19376860188913603,-0.042402074093162836,0.4219021725835057,False
Victim Race,named_n>=5000,graphsage_fairloss_a5_sstate20_mb,graphsage_fairloss_a50_sstate20_mb,selection_rate,gap,0.047064981069003364,0.044561832738353985,0.04941682980341685,True
Victim Race,named_n>=5000,graphsage_fairloss_a5_sstate20_mb,graphsage_fairloss_a50_sstate20_mb,selection_rate,amplification,0.6166358712766944,0.575305652866136,0.663383604969342,True
Victim Race,named_n>=5000,graphsage_fairloss_a5_sstate20_mb,graphsage_fairloss_a50_sstate20_mb,tpr,gap,0.044854476868247395,0.04222562467845961,0.047690025258062325,True
Victim Race,named_n>=5000,graphsage_fairloss_a5_sstate20_mb,graphsage_fairloss_a50_sstate20_mb,tpr,amplification,0.5876742919275918,0.5425032414786712,0.6356830005557059,True
Victim Race,named_n>=5000,graphsage_fairloss_a5_sstate20_mb,graphsage_fairloss_a50_sstate20_mb,fpr,gap,0.05014686623691417,0.045334400747321,0.05477647125099357,True
Victim Race,named_n>=5000,graphsage_fairloss_a5_sstate20_mb,graphsage_fairloss_a50_sstate20_mb,fpr,amplification,0.6570141079725332,0.586394232201462,0.7281014151319196,True
Victim Race,named_all,graphsage_fairloss_a5_sstate20_mb,graphsage_fairloss_a100_sstate20_mb,selection_rate,gap,-0.013007832173102862,-0.034274086295033916,0.008919988865018607,False
Victim Race,named_all,graphsage_fairloss_a5_sstate20_mb,graphsage_fairloss_a100_sstate20_mb,selection_rate,amplification,-0.0966673824180857,-0.26356506621827097,0.06690288341439943,False
Victim Race,named_all,graphsage_fairloss_a5_sstate20_mb,graphsage_fairloss_a100_sstate20_mb,tpr,gap,-0.039187214611872134,-0.05684025100862204,-0.020413345547557117,True
Victim Race,named_all,graphsage_fairloss_a5_sstate20_mb,graphsage_fairloss_a100_sstate20_mb,tpr,amplification,-0.2912188142016767,-0.43916780348024315,-0.14937585438689863,True
Victim Race,named_all,graphsage_fairloss_a5_sstate20_mb,graphsage_fairloss_a100_sstate20_mb,fpr,gap,0.018414456304482518,-0.013572059919641692,0.04785378540081494,False
Victim Race,named_all,graphsage_fairloss_a5_sstate20_mb,graphsage_fairloss_a100_sstate20_mb,fpr,amplification,0.13684657565672764,-0.10082201486504104,0.36587329807596947,False
Victim Race,named_n>=5000,graphsage_fairloss_a5_sstate20_mb,graphsage_fairloss_a100_sstate20_mb,selection_rate,gap,0.05267270275492064,0.05001505748029288,0.055373267465575936,True
Victim Race,named_n>=5000,graphsage_fairloss_a5_sstate20_mb,graphsage_fairloss_a100_sstate20_mb,selection_rate,amplification,0.6901071076212506,0.6400589690874757,0.7408817796931061,True
Victim Race,named_n>=5000,graphsage_fairloss_a5_sstate20_mb,graphsage_fairloss_a100_sstate20_mb,tpr,gap,0.04969091683940885,0.04679853199162409,0.05277637766314641,True
Victim Race,named_n>=5000,graphsage_fairloss_a5_sstate20_mb,graphsage_fairloss_a100_sstate20_mb,tpr,amplification,0.6510403511027161,0.5998381911449325,0.7057869198400126,True
Victim Race,named_n>=5000,graphsage_fairloss_a5_sstate20_mb,graphsage_fairloss_a100_sstate20_mb,fpr,gap,0.05557766680002235,0.05064740348329122,0.06085069630634735,True
Victim Race,named_n>=5000,graphsage_fairloss_a5_sstate20_mb,graphsage_fairloss_a100_sstate20_mb,fpr,amplification,0.728167359517506,0.6509906778741548,0.8120544762173715,True
Victim Race,named_all,graphsage_fairloss_a5_sstate20_mb,graphsage_fairloss_a5_sstate50_mb,selection_rate,gap,0.006909899621952098,-0.003218475233743942,0.016173626364572934,False
Victim Race,named_all,graphsage_fairloss_a5_sstate20_mb,graphsage_fairloss_a5_sstate50_mb,selection_rate,amplification,0.05135074779078219,-0.023990045274780672,0.12232529344652675,False
Victim Race,named_all,graphsage_fairloss_a5_sstate20_mb,graphsage_fairloss_a5_sstate50_mb,tpr,gap,-0.003920852359208471,-0.016975527202033536,0.00925331231845794,False
Victim Race,named_all,graphsage_fairloss_a5_sstate20_mb,graphsage_fairloss_a5_sstate50_mb,tpr,amplification,-0.029137717136002106,-0.1299116207144969,0.06566072522415699,False
Victim Race,named_all,graphsage_fairloss_a5_sstate20_mb,graphsage_fairloss_a5_sstate50_mb,fpr,gap,0.010611136218568407,-0.01767786253226385,0.038163539003509,False
Victim Race,named_all,graphsage_fairloss_a5_sstate20_mb,graphsage_fairloss_a5_sstate50_mb,fpr,amplification,0.07885639582987247,-0.13058744379527557,0.2943754463824947,False
Victim Race,named_n>=5000,graphsage_fairloss_a5_sstate20_mb,graphsage_fairloss_a5_sstate50_mb,selection_rate,gap,0.005170117710078692,0.003274928135340416,0.0070157868285438095,True
Victim Race,named_n>=5000,graphsage_fairloss_a5_sstate20_mb,graphsage_fairloss_a5_sstate50_mb,selection_rate,amplification,0.0677378374822526,0.043356631028531864,0.09212311646018222,True
Victim Race,named_n>=5000,graphsage_fairloss_a5_sstate20_mb,graphsage_fairloss_a5_sstate50_mb,tpr,gap,0.0037362091344207427,0.00154484316548546,0.0058326889075703105,True
Victim Race,named_n>=5000,graphsage_fairloss_a5_sstate20_mb,graphsage_fairloss_a5_sstate50_mb,tpr,amplification,0.04895105708207326,0.02038204951843434,0.07722723169615714,True
Victim Race,named_n>=5000,graphsage_fairloss_a5_sstate20_mb,graphsage_fairloss_a5_sstate50_mb,fpr,gap,0.009139314627258865,0.005543543872766286,0.012926659514676048,True
Victim Race,named_n>=5000,graphsage_fairloss_a5_sstate20_mb,graphsage_fairloss_a5_sstate50_mb,fpr,amplification,0.11974145341286846,0.07205908079460974,0.16898794895336666,True
Victim Race,named_all,graphsage_fairloss_a5_sstate20_mb,graphsage_fairloss_a10_sstate50_mb,selection_rate,gap,0.011780172625056484,0.001387236358094729,0.020098644202743727,True
Victim Race,named_all,graphsage_fairloss_a5_sstate20_mb,graphsage_fairloss_a10_sstate50_mb,selection_rate,amplification,0.0875440609121696,0.009283929757669469,0.15937877216877147,True
Victim Race,named_all,graphsage_fairloss_a5_sstate20_mb,graphsage_fairloss_a10_sstate50_mb,tpr,gap,-0.011121548162644102,-0.02374952373462568,0.002096184558960553,False
Victim Race,named_all,graphsage_fairloss_a5_sstate20_mb,graphsage_fairloss_a10_sstate50_mb,tpr,amplification,-0.08264950954260541,-0.17494337820928277,0.016405847533045893,False
Victim Race,named_all,graphsage_fairloss_a5_sstate20_mb,graphsage_fairloss_a10_sstate50_mb,fpr,gap,0.023990020173971338,0.0018542438159165938,0.04758817081177903,True
Victim Race,named_all,graphsage_fairloss_a5_sstate20_mb,graphsage_fairloss_a10_sstate50_mb,fpr,amplification,0.1782812403722529,0.013663891336697966,0.35252022005812894,True
Victim Race,named_n>=5000,graphsage_fairloss_a5_sstate20_mb,graphsage_fairloss_a10_sstate50_mb,selection_rate,gap,0.010769911274941313,0.008967287094034252,0.012539179905559174,True
Victim Race,named_n>=5000,graphsage_fairloss_a5_sstate20_mb,graphsage_fairloss_a10_sstate50_mb,selection_rate,amplification,0.14110520118683145,0.11730412452256465,0.16481396686433053,True
Victim Race,named_n>=5000,graphsage_fairloss_a5_sstate20_mb,graphsage_fairloss_a10_sstate50_mb,tpr,gap,0.009615360492891023,0.00754785345011004,0.011740491109079026,True
Victim Race,named_n>=5000,graphsage_fairloss_a5_sstate20_mb,graphsage_fairloss_a10_sstate50_mb,tpr,amplification,0.12597851014707562,0.09844676934196397,0.1544913290579403,True
Victim Race,named_n>=5000,graphsage_fairloss_a5_sstate20_mb,graphsage_fairloss_a10_sstate50_mb,fpr,gap,0.013620510395894736,0.010227936729999491,0.01701668177780859,True
Victim Race,named_n>=5000,graphsage_fairloss_a5_sstate20_mb,graphsage_fairloss_a10_sstate50_mb,fpr,amplification,0.1784531748327265,0.13335199172895626,0.2233121747834071,True
Victim Race,named_all,graphsage_fairloss_a5_sstate20_mb,graphsage_fairloss_a25_sstate50_mb,selection_rate,gap,-0.0010118201416046135,-0.0222098565843536,0.0161932194925189,False
Victim Race,named_all,graphsage_fairloss_a5_sstate20_mb,graphsage_fairloss_a25_sstate50_mb,selection_rate,amplification,-0.0075193163061455515,-0.16505417616498244,0.12296525544872453,False
Victim Race,named_all,graphsage_fairloss_a5_sstate20_mb,graphsage_fairloss_a25_sstate50_mb,tpr,gap,-0.027390302239617248,-0.0411309428389455,-0.012690920601202294,True
Victim Race,named_all,graphsage_fairloss_a5_sstate20_mb,graphsage_fairloss_a25_sstate50_mb,tpr,amplification,-0.20355035227306728,-0.31463071647960594,-0.09089388334671267,True
Victim Race,named_all,graphsage_fairloss_a5_sstate20_mb,graphsage_fairloss_a25_sstate50_mb,fpr,gap,0.007387959912967701,-0.021211805916096484,0.035549979980619636,False
Victim Race,named_all,graphsage_fairloss_a5_sstate20_mb,graphsage_fairloss_a25_sstate50_mb,fpr,amplification,0.05490344099557798,-0.15277802869266707,0.26124161622580905,False
Victim Race,named_n>=5000,graphsage_fairloss_a5_sstate20_mb,graphsage_fairloss_a25_sstate50_mb,selection_rate,gap,0.02909932929917569,0.027058893699146498,0.031322893180022564,True
Victim Race,named_n>=5000,graphsage_fairloss_a5_sstate20_mb,graphsage_fairloss_a25_sstate50_mb,selection_rate,amplification,0.3812535322102195,0.3497225228283423,0.4187913434360676,True
Victim Race,named_n>=5000,graphsage_fairloss_a5_sstate20_mb,graphsage_fairloss_a25_sstate50_mb,tpr,gap,0.02825141544102927,0.02584053467691218,0.030676227660849636,True
Victim Race,named_n>=5000,graphsage_fairloss_a5_sstate20_mb,graphsage_fairloss_a25_sstate50_mb,tpr,amplification,0.37014433618357856,0.3351182862611995,0.4087511653519486,True
Victim Race,named_n>=5000,graphsage_fairloss_a5_sstate20_mb,graphsage_fairloss_a25_sstate50_mb,fpr,gap,0.029687053418903653,0.025674654765691963,0.03377662071593371,True
Victim Race,named_n>=5000,graphsage_fairloss_a5_sstate20_mb,graphsage_fairloss_a25_sstate50_mb,fpr,amplification,0.38895377486212723,0.3363661833124258,0.44799682183136175,True
Victim Race,named_all,graphsage_fairloss_a5_sstate20_mb,graphsage_fairloss_a50_sstate50_mb,selection_rate,gap,-0.010908113648361417,-0.03195862502347324,0.006789758207783883,False
Victim Race,named_all,graphsage_fairloss_a5_sstate20_mb,graphsage_fairloss_a50_sstate50_mb,selection_rate,amplification,-0.08106337623931426,-0.24190434141875133,0.048568422643791166,False
Victim Race,named_all,graphsage_fairloss_a5_sstate20_mb,graphsage_fairloss_a50_sstate50_mb,tpr,gap,-0.03705109806479667,-0.05319290319118518,-0.019855621302315427,True
Victim Race,named_all,graphsage_fairloss_a5_sstate20_mb,graphsage_fairloss_a50_sstate50_mb,tpr,amplification,-0.27534431702199114,-0.4065186040713767,-0.14448130721069338,True
Victim Race,named_all,graphsage_fairloss_a5_sstate20_mb,graphsage_fairloss_a50_sstate50_mb,fpr,gap,0.00606826536459909,-0.01968302630022778,0.030902307707866415,False
Victim Race,named_all,graphsage_fairloss_a5_sstate20_mb,graphsage_fairloss_a50_sstate50_mb,fpr,amplification,0.04509616366569369,-0.14683827705466407,0.2298559493500126,False
Victim Race,named_n>=5000,graphsage_fairloss_a5_sstate20_mb,graphsage_fairloss_a50_sstate50_mb,selection_rate,gap,0.03133536328638653,0.029000718135001845,0.03367604021549183,True
Victim Race,named_n>=5000,graphsage_fairloss_a5_sstate20_mb,graphsage_fairloss_a50_sstate50_mb,selection_rate,amplification,0.410549597662504,0.376357026700207,0.4495553902331462,True
Victim Race,named_n>=5000,graphsage_fairloss_a5_sstate20_mb,graphsage_fairloss_a50_sstate50_mb,tpr,gap,0.029932865120922747,0.02719785388878419,0.0326383977869285,True
Victim Race,named_n>=5000,graphsage_fairloss_a5_sstate20_mb,graphsage_fairloss_a50_sstate50_mb,tpr,amplification,0.3921743501094077,0.3513764128813371,0.43316850236779714,True
Victim Race,named_n>=5000,graphsage_fairloss_a5_sstate20_mb,graphsage_fairloss_a50_sstate50_mb,fpr,gap,0.03266396764555246,0.028445924975162594,0.037275933343685966,True
Victim Race,named_n>=5000,graphsage_fairloss_a5_sstate20_mb,graphsage_fairloss_a50_sstate50_mb,fpr,amplification,0.42795670349762904,0.368313152847915,0.4944943606268795,True
Victim Race,named_all,graphsage_fairloss_a5_sstate20_mb,graphsage_fairloss_a100_sstate50_mb,selection_rate,gap,-0.02378765865302046,-0.046269914948963174,-0.0039025359911668803,True
Victim Race,named_all,graphsage_fairloss_a5_sstate20_mb,graphsage_fairloss_a100_sstate50_mb,selection_rate,amplification,-0.17677739574448226,-0.34327087886785645,-0.028489367399938747,True
Victim Race,named_all,graphsage_fairloss_a5_sstate20_mb,graphsage_fairloss_a100_sstate50_mb,tpr,gap,-0.04274277016742767,-0.05963991893530544,-0.025033980269088593,True
Victim Race,named_all,graphsage_fairloss_a5_sstate20_mb,graphsage_fairloss_a100_sstate50_mb,tpr,amplification,-0.3176418371945733,-0.46491126153082357,-0.18549393152075358,True
Victim Race,named_all,graphsage_fairloss_a5_sstate20_mb,graphsage_fairloss_a100_sstate50_mb,fpr,gap,-0.01922281289456884,-0.049637092614049555,0.010333634209498312,False
Victim Race,named_all,graphsage_fairloss_a5_sstate20_mb,graphsage_fairloss_a100_sstate50_mb,fpr,amplification,-0.14285385762225267,-0.3683299422427972,0.07563018320039258,False
Victim Race,named_n>=5000,graphsage_fairloss_a5_sstate20_mb,graphsage_fairloss_a100_sstate50_mb,selection_rate,gap,0.0320386366229245,0.029570023280775883,0.03458913373620016,True
Victim Race,named_n>=5000,graphsage_fairloss_a5_sstate20_mb,graphsage_fairloss_a100_sstate50_mb,selection_rate,amplification,0.4197637428033669,0.38178645608155876,0.4621625504562597,True
Victim Race,named_n>=5000,graphsage_fairloss_a5_sstate20_mb,graphsage_fairloss_a100_sstate50_mb,tpr,gap,0.028832581291014625,0.026001065962560965,0.032065648181431136,True
Victim Race,named_n>=5000,graphsage_fairloss_a5_sstate20_mb,graphsage_fairloss_a100_sstate50_mb,tpr,amplification,0.3777586537105858,0.3341097582035119,0.42474758139083474,True
Victim Race,named_n>=5000,graphsage_fairloss_a5_sstate20_mb,graphsage_fairloss_a100_sstate50_mb,fpr,gap,0.03639083422239742,0.031782674257506964,0.04132868634317029,True
Victim Race,named_n>=5000,graphsage_fairloss_a5_sstate20_mb,graphsage_fairloss_a100_sstate50_mb,fpr,amplification,0.47678535627824803,0.4102390511578903,0.5453152726649805,True
Victim Race,named_all,graphsage_fairloss_a10_sstate20_mb,graphsage_fairloss_a25_sstate20_mb,selection_rate,gap,-0.014583122106188062,-0.02351574909594787,0.0011308343839187703,False
Victim Race,named_all,graphsage_fairloss_a10_sstate20_mb,graphsage_fairloss_a25_sstate20_mb,selection_rate,amplification,-0.10837411051500734,-0.17884001279963946,0.00886654074352502,False
Victim Race,named_all,graphsage_fairloss_a10_sstate20_mb,graphsage_fairloss_a25_sstate20_mb,tpr,gap,-0.0108597521200261,-0.021707504991473635,0.0007134376509666524,False
Victim Race,named_all,graphsage_fairloss_a10_sstate20_mb,graphsage_fairloss_a25_sstate20_mb,tpr,amplification,-0.08070397874004587,-0.16766770513705723,0.00466886312011985,False
Victim Race,named_all,graphsage_fairloss_a10_sstate20_mb,graphsage_fairloss_a25_sstate20_mb,fpr,gap,-0.004583405161368459,-0.026289635533527686,0.016071375855102623,False
Victim Race,named_all,graphsage_fairloss_a10_sstate20_mb,graphsage_fairloss_a25_sstate20_mb,fpr,amplification,-0.03406146186504366,-0.1906339729470124,0.11691490825323511,False
Victim Race,named_n>=5000,graphsage_fairloss_a10_sstate20_mb,graphsage_fairloss_a25_sstate20_mb,selection_rate,gap,0.012598508480572757,0.011025111185229742,0.014326604353199957,True
Victim Race,named_n>=5000,graphsage_fairloss_a10_sstate20_mb,graphsage_fairloss_a25_sstate20_mb,selection_rate,amplification,0.16506311225993897,0.14470030229614103,0.18840438769021844,True
Victim Race,named_n>=5000,graphsage_fairloss_a10_sstate20_mb,graphsage_fairloss_a25_sstate20_mb,tpr,gap,0.012389869109093343,0.010407104286937613,0.014331508389164213,True
Victim Race,named_n>=5000,graphsage_fairloss_a10_sstate20_mb,graphsage_fairloss_a25_sstate20_mb,tpr,amplification,0.1623295613757645,0.13658284124420386,0.18985296473113641,True
Victim Race,named_n>=5000,graphsage_fairloss_a10_sstate20_mb,graphsage_fairloss_a25_sstate20_mb,fpr,gap,0.012552783031376968,0.009833611802286,0.015627386066953974,True
Victim Race,named_n>=5000,graphsage_fairloss_a10_sstate20_mb,graphsage_fairloss_a25_sstate20_mb,fpr,amplification,0.16446402666457827,0.1283231388520571,0.20792345464662806,True
Victim Race,named_all,graphsage_fairloss_a10_sstate20_mb,graphsage_fairloss_a50_sstate20_mb,selection_rate,gap,-0.014320959043660042,-0.027970790528853363,0.004756526242165606,False
Victim Race,named_all,graphsage_fairloss_a10_sstate20_mb,graphsage_fairloss_a50_sstate20_mb,selection_rate,amplification,-0.10642585221308254,-0.20801557766345213,0.034252274495715274,False
Victim Race,named_all,graphsage_fairloss_a10_sstate20_mb,graphsage_fairloss_a50_sstate20_mb,tpr,gap,-0.00762818003913901,-0.023827106927031893,0.008062259551318314,False
Victim Race,named_all,graphsage_fairloss_a10_sstate20_mb,graphsage_fairloss_a50_sstate20_mb,tpr,amplification,-0.056688630909785154,-0.1902123798392166,0.056144903543883413,False
Victim Race,named_all,graphsage_fairloss_a10_sstate20_mb,graphsage_fairloss_a50_sstate20_mb,fpr,gap,0.018392092548676076,-0.006153847665031271,0.042222194817220476,False
Victim Race,named_all,graphsage_fairloss_a10_sstate20_mb,graphsage_fairloss_a50_sstate20_mb,fpr,amplification,0.13668037995969873,-0.04618332218209836,0.3203751670290805,False
Victim Race,named_n>=5000,graphsage_fairloss_a10_sstate20_mb,graphsage_fairloss_a50_sstate20_mb,selection_rate,gap,0.024678472278379604,0.022605039795197422,0.02685051101824592,True
Victim Race,named_n>=5000,graphsage_fairloss_a10_sstate20_mb,graphsage_fairloss_a50_sstate20_mb,selection_rate,amplification,0.32333235687156314,0.2910346861958536,0.3576125707580629,True
Victim Race,named_n>=5000,graphsage_fairloss_a10_sstate20_mb,graphsage_fairloss_a50_sstate20_mb,tpr,gap,0.023810818272031686,0.021334518015498603,0.02625866309157333,True
Victim Race,named_n>=5000,graphsage_fairloss_a10_sstate20_mb,graphsage_fairloss_a50_sstate20_mb,tpr,amplification,0.31196452941219055,0.2773664780369271,0.3482056079624265,True
Victim Race,named_n>=5000,graphsage_fairloss_a10_sstate20_mb,graphsage_fairloss_a50_sstate20_mb,fpr,gap,0.025388938807943295,0.021291999542575473,0.02939476676202548,True
Victim Race,named_n>=5000,graphsage_fairloss_a10_sstate20_mb,graphsage_fairloss_a50_sstate20_mb,fpr,amplification,0.33264074577387925,0.2781703277535313,0.3919325345311167,True
Victim Race,named_all,graphsage_fairloss_a10_sstate20_mb,graphsage_fairloss_a100_sstate20_mb,selection_rate,gap,-0.017497091100457274,-0.030085919413805833,0.0011979097137089145,False
Victim Race,named_all,graphsage_fairloss_a10_sstate20_mb,graphsage_fairloss_a100_sstate20_mb,selection_rate,amplification,-0.13002919887830333,-0.2341949292686686,0.009062239063808994,False
Victim Race,named_all,graphsage_fairloss_a10_sstate20_mb,graphsage_fairloss_a100_sstate20_mb,tpr,gap,-0.014243096325288085,-0.029623126226816753,0.0025699473751550407,False
Victim Race,named_all,graphsage_fairloss_a10_sstate20_mb,graphsage_fairloss_a100_sstate20_mb,tpr,amplification,-0.1058472173511924,-0.23186564724429967,0.018326763122244818,False
Victim Race,named_all,graphsage_fairloss_a10_sstate20_mb,graphsage_fairloss_a100_sstate20_mb,fpr,gap,0.010732506184976232,-0.01367060642967245,0.03610940604658668,False
Victim Race,named_all,graphsage_fairloss_a10_sstate20_mb,graphsage_fairloss_a100_sstate20_mb,fpr,amplification,0.07975835372729034,-0.105480874931366,0.26862182285513797,False
Victim Race,named_n>=5000,graphsage_fairloss_a10_sstate20_mb,graphsage_fairloss_a100_sstate20_mb,selection_rate,gap,0.03028619396429688,0.02787198087476562,0.03261059959911496,True
Victim Race,named_n>=5000,graphsage_fairloss_a10_sstate20_mb,graphsage_fairloss_a100_sstate20_mb,selection_rate,amplification,0.39680359321611935,0.3609295834252654,0.4344728695800375,True
Victim Race,named_n>=5000,graphsage_fairloss_a10_sstate20_mb,graphsage_fairloss_a100_sstate20_mb,tpr,gap,0.02864725824319314,0.025782457384128418,0.031512778419441737,True
Victim Race,named_n>=5000,graphsage_fairloss_a10_sstate20_mb,graphsage_fairloss_a100_sstate20_mb,tpr,amplification,0.3753305885873149,0.3359785046584433,0.42140171707365676,True
Victim Race,named_n>=5000,graphsage_fairloss_a10_sstate20_mb,graphsage_fairloss_a100_sstate20_mb,fpr,gap,0.03081973937105148,0.026495330858125075,0.03524600454137822,True
Victim Race,named_n>=5000,graphsage_fairloss_a10_sstate20_mb,graphsage_fairloss_a100_sstate20_mb,fpr,amplification,0.403793997318852,0.34616530597199463,0.46681983290431606,True
Victim Race,named_all,graphsage_fairloss_a10_sstate20_mb,graphsage_fairloss_a5_sstate50_mb,selection_rate,gap,0.0024206406945976866,-0.008357001229620261,0.021525583634707003,False
Victim Race,named_all,graphsage_fairloss_a10_sstate20_mb,graphsage_fairloss_a5_sstate50_mb,selection_rate,amplification,0.01798893133056456,-0.063040334001487,0.164655435017781,False
Victim Race,named_all,graphsage_fairloss_a10_sstate20_mb,graphsage_fairloss_a5_sstate50_mb,tpr,gap,0.02102326592737558,0.008018800566663825,0.03391337471031292,True
Victim Race,named_all,graphsage_fairloss_a10_sstate20_mb,graphsage_fairloss_a5_sstate50_mb,tpr,amplification,0.15623387971448222,0.05827242789789769,0.26204839284867804,True
Victim Race,named_all,graphsage_fairloss_a10_sstate20_mb,graphsage_fairloss_a5_sstate50_mb,fpr,gap,0.00292918609906212,-0.02275408827182329,0.031952646155866966,False
Victim Race,named_all,graphsage_fairloss_a10_sstate20_mb,graphsage_fairloss_a5_sstate50_mb,fpr,amplification,0.021768173900435173,-0.17160228654989734,0.24099148843010193,False
Victim Race,named_n>=5000,graphsage_fairloss_a10_sstate20_mb,graphsage_fairloss_a5_sstate50_mb,selection_rate,gap,-0.017216391080545068,-0.018990590599700288,-0.015444674654813145,True
Victim Race,named_n>=5000,graphsage_fairloss_a10_sstate20_mb,graphsage_fairloss_a5_sstate50_mb,selection_rate,amplification,-0.22556567692287866,-0.2552015277532388,-0.19801964405781228,True
Victim Race,named_n>=5000,graphsage_fairloss_a10_sstate20_mb,graphsage_fairloss_a5_sstate50_mb,tpr,gap,-0.017307449461794966,-0.019511299167584796,-0.015115843199631671,True
Victim Race,named_n>=5000,graphsage_fairloss_a10_sstate20_mb,graphsage_fairloss_a5_sstate50_mb,tpr,amplification,-0.226758705433328,-0.2598867795432658,-0.19524209269556414,True
Victim Race,named_n>=5000,graphsage_fairloss_a10_sstate20_mb,graphsage_fairloss_a5_sstate50_mb,fpr,gap,-0.015618612801712006,-0.019218665038291623,-0.012127657061346109,True
Victim Race,named_n>=5000,graphsage_fairloss_a10_sstate20_mb,graphsage_fairloss_a5_sstate50_mb,fpr,amplification,-0.20463190878578552,-0.2528396968914899,-0.15800877051488638,True
Victim Race,named_all,graphsage_fairloss_a10_sstate20_mb,graphsage_fairloss_a10_sstate50_mb,selection_rate,gap,0.007290913697702073,-0.004292114117835044,0.02404518088285704,False
Victim Race,named_all,graphsage_fairloss_a10_sstate20_mb,graphsage_fairloss_a10_sstate50_mb,selection_rate,amplification,0.054182244451951966,-0.03180766012127449,0.17931645632446117,False
Victim Race,named_all,graphsage_fairloss_a10_sstate20_mb,graphsage_fairloss_a10_sstate50_mb,tpr,gap,0.013822570123939948,6.0599932665228645e-05,0.028347574863014906,True
Victim Race,named_all,graphsage_fairloss_a10_sstate20_mb,graphsage_fairloss_a10_sstate50_mb,tpr,amplification,0.1027220873078789,0.0005343870470322492,0.21709624537182362,True
Victim Race,named_all,graphsage_fairloss_a10_sstate20_mb,graphsage_fairloss_a10_sstate50_mb,fpr,gap,0.01630807005446505,-0.010434490890155771,0.04295400047780569,False
Victim Race,named_all,graphsage_fairloss_a10_sstate20_mb,graphsage_fairloss_a10_sstate50_mb,fpr,amplification,0.1211930184428156,-0.0759921516027304,0.31902433553529225,False
Victim Race,named_n>=5000,graphsage_fairloss_a10_sstate20_mb,graphsage_fairloss_a10_sstate50_mb,selection_rate,gap,-0.011616597515682447,-0.013463945707938402,-0.009841158197068925,True
Victim Race,named_n>=5000,graphsage_fairloss_a10_sstate20_mb,graphsage_fairloss_a10_sstate50_mb,selection_rate,amplification,-0.1521983132182998,-0.1792653285788551,-0.12758938923622376,True
Victim Race,named_n>=5000,graphsage_fairloss_a10_sstate20_mb,graphsage_fairloss_a10_sstate50_mb,tpr,gap,-0.011428298103324686,-0.013552126162637457,-0.009342388665233623,True
Victim Race,named_n>=5000,graphsage_fairloss_a10_sstate20_mb,graphsage_fairloss_a10_sstate50_mb,tpr,amplification,-0.14973125236832563,-0.18028748170792216,-0.12128638119618575,True
Victim Race,named_n>=5000,graphsage_fairloss_a10_sstate20_mb,graphsage_fairloss_a10_sstate50_mb,fpr,gap,-0.011137417033076136,-0.014783397364561888,-0.007553085292908888,True
Victim Race,named_n>=5000,graphsage_fairloss_a10_sstate20_mb,graphsage_fairloss_a10_sstate50_mb,fpr,amplification,-0.1459201873659275,-0.19320003047082718,-0.10075803531165314,True
Victim Race,named_all,graphsage_fairloss_a10_sstate20_mb,graphsage_fairloss_a25_sstate50_mb,selection_rate,gap,-0.005501079068959025,-0.015991965684976277,0.009258614549277023,False
Victim Race,named_all,graphsage_fairloss_a10_sstate20_mb,graphsage_fairloss_a25_sstate50_mb,selection_rate,amplification,-0.04088113276636318,-0.11686440601941553,0.06499256989280536,False
Victim Race,named_all,graphsage_fairloss_a10_sstate20_mb,graphsage_fairloss_a25_sstate50_mb,tpr,gap,-0.0024461839530331986,-0.015868043113053724,0.010774522112852165,False
Victim Race,named_all,graphsage_fairloss_a10_sstate20_mb,graphsage_fairloss_a25_sstate50_mb,tpr,amplification,-0.01817875542258296,-0.11842226440130885,0.07957814078638807,False
Victim Race,named_all,graphsage_fairloss_a10_sstate20_mb,graphsage_fairloss_a25_sstate50_mb,fpr,gap,-0.00029399020653858576,-0.02294471016345037,0.021524809922108885,False
Victim Race,named_all,graphsage_fairloss_a10_sstate20_mb,graphsage_fairloss_a25_sstate50_mb,fpr,amplification,-0.0021847809338593205,-0.1684469314634741,0.16289763218758646,False
Victim Race,named_n>=5000,graphsage_fairloss_a10_sstate20_mb,graphsage_fairloss_a25_sstate50_mb,selection_rate,gap,0.006712820508551931,0.004967890807864061,0.008505556445221154,True
Victim Race,named_n>=5000,graphsage_fairloss_a10_sstate20_mb,graphsage_fairloss_a25_sstate50_mb,selection_rate,amplification,0.08795001780508827,0.06478372597234944,0.1107760194820684,True
Victim Race,named_n>=5000,graphsage_fairloss_a10_sstate20_mb,graphsage_fairloss_a25_sstate50_mb,tpr,gap,0.007207756844813562,0.005059923508404851,0.009324689741040643,True
Victim Race,named_n>=5000,graphsage_fairloss_a10_sstate20_mb,graphsage_fairloss_a25_sstate50_mb,tpr,amplification,0.09443457366817731,0.06626174370313367,0.12251728835293911,True
Victim Race,named_n>=5000,graphsage_fairloss_a10_sstate20_mb,graphsage_fairloss_a25_sstate50_mb,fpr,gap,0.004929125989932781,0.0017893837736060153,0.007965225033768938,True
Victim Race,named_n>=5000,graphsage_fairloss_a10_sstate20_mb,graphsage_fairloss_a25_sstate50_mb,fpr,amplification,0.06458041266347325,0.023945613634972183,0.10428572027056959,True
Victim Race,named_all,graphsage_fairloss_a10_sstate20_mb,graphsage_fairloss_a50_sstate50_mb,selection_rate,gap,-0.015397372575715829,-0.02781897712953174,-0.0006770795346458205,True
Victim Race,named_all,graphsage_fairloss_a10_sstate20_mb,graphsage_fairloss_a50_sstate50_mb,selection_rate,amplification,-0.11442519269953189,-0.21143359488525726,-0.004532187524176507,True
Victim Race,named_all,graphsage_fairloss_a10_sstate20_mb,graphsage_fairloss_a50_sstate50_mb,tpr,gap,-0.012106979778212623,-0.027491571527005286,0.002322023832117531,False
Victim Race,named_all,graphsage_fairloss_a10_sstate20_mb,graphsage_fairloss_a50_sstate50_mb,tpr,amplification,-0.08997272017150681,-0.20775913074189511,0.016944765057234124,False
Victim Race,named_all,graphsage_fairloss_a10_sstate20_mb,graphsage_fairloss_a50_sstate50_mb,fpr,gap,-0.0016136847549071964,-0.02637155925890712,0.024620189350243633,False
Victim Race,named_all,graphsage_fairloss_a10_sstate20_mb,graphsage_fairloss_a50_sstate50_mb,fpr,amplification,-0.01199205826374361,-0.1876765434178574,0.18581816036094645,False
Victim Race,named_n>=5000,graphsage_fairloss_a10_sstate20_mb,graphsage_fairloss_a50_sstate50_mb,selection_rate,gap,0.00894885449576277,0.006812691747327318,0.011059902198137267,True
Victim Race,named_n>=5000,graphsage_fairloss_a10_sstate20_mb,graphsage_fairloss_a50_sstate50_mb,selection_rate,amplification,0.11724608325737274,0.08875874417263215,0.14607447505172566,True
Victim Race,named_n>=5000,graphsage_fairloss_a10_sstate20_mb,graphsage_fairloss_a50_sstate50_mb,tpr,gap,0.008889206524707038,0.006288136515457543,0.011498677070304395,True
Victim Race,named_n>=5000,graphsage_fairloss_a10_sstate20_mb,graphsage_fairloss_a50_sstate50_mb,tpr,amplification,0.11646458759400646,0.08278352122144697,0.15091744388771347,True
Victim Race,named_n>=5000,graphsage_fairloss_a10_sstate20_mb,graphsage_fairloss_a50_sstate50_mb,fpr,gap,0.007906040216581589,0.004165959403974985,0.011899142006608071,True
Victim Race,named_n>=5000,graphsage_fairloss_a10_sstate20_mb,graphsage_fairloss_a50_sstate50_mb,fpr,amplification,0.10358334129897506,0.05453672484358281,0.1566273494132469,True
Victim Race,named_all,graphsage_fairloss_a10_sstate20_mb,graphsage_fairloss_a100_sstate50_mb,selection_rate,gap,-0.028276917580374872,-0.03945799114535814,-0.012769569924112623,True
Victim Race,named_all,graphsage_fairloss_a10_sstate20_mb,graphsage_fairloss_a100_sstate50_mb,selection_rate,amplification,-0.2101392122046999,-0.30555116910308183,-0.09389037823956672,True
Victim Race,named_all,graphsage_fairloss_a10_sstate20_mb,graphsage_fairloss_a100_sstate50_mb,tpr,gap,-0.01779865188084362,-0.03328707012857997,-0.0035884205037732425,True
Victim Race,named_all,graphsage_fairloss_a10_sstate20_mb,graphsage_fairloss_a100_sstate50_mb,tpr,amplification,-0.13227024034408896,-0.24755345177710789,-0.02739397270519643,True
Victim Race,named_all,graphsage_fairloss_a10_sstate20_mb,graphsage_fairloss_a100_sstate50_mb,fpr,gap,-0.026904763014075128,-0.050810348595708335,-0.0042031896055435124,True
Victim Race,named_all,graphsage_fairloss_a10_sstate20_mb,graphsage_fairloss_a100_sstate50_mb,fpr,amplification,-0.19994207955168997,-0.3737915916252857,-0.03213283751943943,True
Victim Race,named_n>=5000,graphsage_fairloss_a10_sstate20_mb,graphsage_fairloss_a100_sstate50_mb,selection_rate,gap,0.009652127832300739,0.007384915766350636,0.01205900507434698,True
Victim Race,named_n>=5000,graphsage_fairloss_a10_sstate20_mb,graphsage_fairloss_a100_sstate50_mb,selection_rate,amplification,0.12646022839823567,0.09728624727564221,0.159918594205351,True
Victim Race,named_n>=5000,graphsage_fairloss_a10_sstate20_mb,graphsage_fairloss_a100_sstate50_mb,tpr,gap,0.0077889226947989165,0.005073219273022228,0.010574659532403982,True
Victim Race,named_n>=5000,graphsage_fairloss_a10_sstate20_mb,graphsage_fairloss_a100_sstate50_mb,tpr,amplification,0.10204889119518457,0.06683385368767635,0.14058607919074007,True
Victim Race,named_n>=5000,graphsage_fairloss_a10_sstate20_mb,graphsage_fairloss_a100_sstate50_mb,fpr,gap,0.011632906793426545,0.007483215314245203,0.015614764188387793,True
Victim Race,named_n>=5000,graphsage_fairloss_a10_sstate20_mb,graphsage_fairloss_a100_sstate50_mb,fpr,amplification,0.15241199407959405,0.10032613875346653,0.20456992886916273,True
Victim Race,named_all,graphsage_fairloss_a25_sstate20_mb,graphsage_fairloss_a50_sstate20_mb,selection_rate,gap,0.00026216306252802024,-0.01023642956117865,0.011722997928766944,False
Victim Race,named_all,graphsage_fairloss_a25_sstate20_mb,graphsage_fairloss_a50_sstate20_mb,selection_rate,amplification,0.001948258301924799,-0.07700972836943261,0.08547810046521044,False
Victim Race,named_all,graphsage_fairloss_a25_sstate20_mb,graphsage_fairloss_a50_sstate20_mb,tpr,gap,0.0032315720808870907,-0.00880842800609651,0.016081100931088624,False
Victim Race,named_all,graphsage_fairloss_a25_sstate20_mb,graphsage_fairloss_a50_sstate20_mb,tpr,amplification,0.024015347830260714,-0.06442827720266144,0.1194722270303657,False
Victim Race,named_all,graphsage_fairloss_a25_sstate20_mb,graphsage_fairloss_a50_sstate20_mb,fpr,gap,0.022975497710044535,0.0028255217643966407,0.04122532582507561,True
Victim Race,named_all,graphsage_fairloss_a25_sstate20_mb,graphsage_fairloss_a50_sstate20_mb,fpr,amplification,0.1707418418247424,0.019973885776702376,0.3259180973186858,True
Victim Race,named_n>=5000,graphsage_fairloss_a25_sstate20_mb,graphsage_fairloss_a50_sstate20_mb,selection_rate,gap,0.012079963797806847,0.010432241374765353,0.013887822533135129,True
Victim Race,named_n>=5000,graphsage_fairloss_a25_sstate20_mb,graphsage_fairloss_a50_sstate20_mb,selection_rate,amplification,0.15826924461162417,0.13420374453855796,0.18260654706136006,True
Victim Race,named_n>=5000,graphsage_fairloss_a25_sstate20_mb,graphsage_fairloss_a50_sstate20_mb,tpr,gap,0.011420949162938343,0.009335858612179232,0.013528469352084693,True
Victim Race,named_n>=5000,graphsage_fairloss_a25_sstate20_mb,graphsage_fairloss_a50_sstate20_mb,tpr,amplification,0.14963496803642606,0.12111631145964602,0.17754441955748737,True
Victim Race,named_n>=5000,graphsage_fairloss_a25_sstate20_mb,graphsage_fairloss_a50_sstate20_mb,fpr,gap,0.012836155776566327,0.009803194337478777,0.016150081710920645,True
Victim Race,named_n>=5000,graphsage_fairloss_a25_sstate20_mb,graphsage_fairloss_a50_sstate20_mb,fpr,amplification,0.168176719109301,0.1276890827015517,0.21346036668358773,True
Victim Race,named_all,graphsage_fairloss_a25_sstate20_mb,graphsage_fairloss_a100_sstate20_mb,selection_rate,gap,-0.0029139689942692115,-0.015336309825562538,0.010930763362832725,False
Victim Race,named_all,graphsage_fairloss_a25_sstate20_mb,graphsage_fairloss_a100_sstate20_mb,selection_rate,amplification,-0.021655088363295993,-0.11293048979049157,0.07936820169518538,False
Victim Race,named_all,graphsage_fairloss_a25_sstate20_mb,graphsage_fairloss_a100_sstate20_mb,tpr,gap,-0.0033833442052619844,-0.01804819385815058,0.011892879205968258,False
Victim Race,named_all,graphsage_fairloss_a25_sstate20_mb,graphsage_fairloss_a100_sstate20_mb,tpr,amplification,-0.025143238611146534,-0.1334270167246085,0.08708626571828576,False
Victim Race,named_all,graphsage_fairloss_a25_sstate20_mb,graphsage_fairloss_a100_sstate20_mb,fpr,gap,0.01531591134634469,-0.003850514038299879,0.034738837698768586,False
Victim Race,named_all,graphsage_fairloss_a25_sstate20_mb,graphsage_fairloss_a100_sstate20_mb,fpr,amplification,0.113819815592334,-0.026540190089172248,0.26334402171471577,False
Victim Race,named_n>=5000,graphsage_fairloss_a25_sstate20_mb,graphsage_fairloss_a100_sstate20_mb,selection_rate,gap,0.017687685483724125,0.015593364383242797,0.019771681841972238,True
Victim Race,named_n>=5000,graphsage_fairloss_a25_sstate20_mb,graphsage_fairloss_a100_sstate20_mb,selection_rate,amplification,0.23174048095618038,0.20226526594333308,0.2606956390275469,True
Victim Race,named_n>=5000,graphsage_fairloss_a25_sstate20_mb,graphsage_fairloss_a100_sstate20_mb,tpr,gap,0.016257389134099798,0.01374565612642532,0.018655640320775022,True
Victim Race,named_n>=5000,graphsage_fairloss_a25_sstate20_mb,graphsage_fairloss_a100_sstate20_mb,tpr,amplification,0.2130010272115504,0.17768878444817496,0.2463259626136834,True
Victim Race,named_n>=5000,graphsage_fairloss_a25_sstate20_mb,graphsage_fairloss_a100_sstate20_mb,fpr,gap,0.01826695633967451,0.014368237187192,0.02266946094518659,True
Victim Race,named_n>=5000,graphsage_fairloss_a25_sstate20_mb,graphsage_fairloss_a100_sstate20_mb,fpr,amplification,0.23932997065427375,0.1886699781728004,0.2992004699396703,True
Victim Race,named_all,graphsage_fairloss_a25_sstate20_mb,graphsage_fairloss_a5_sstate50_mb,selection_rate,gap,0.01700376280078575,-0.0031307246793923606,0.03707193310255252,False
Victim Race,named_all,graphsage_fairloss_a25_sstate20_mb,graphsage_fairloss_a5_sstate50_mb,selection_rate,amplification,0.1263630418455719,-0.021772265451178156,0.280248937868569,False
Victim Race,named_all,graphsage_fairloss_a25_sstate20_mb,graphsage_fairloss_a5_sstate50_mb,tpr,gap,0.03188301804740168,0.01773650440208248,0.04576971110665235,True
Victim Race,named_all,graphsage_fairloss_a25_sstate20_mb,graphsage_fairloss_a5_sstate50_mb,tpr,amplification,0.23693785845452808,0.13110941545506083,0.35469582229261787,True
Victim Race,named_all,graphsage_fairloss_a25_sstate20_mb,graphsage_fairloss_a5_sstate50_mb,fpr,gap,0.007512591260430579,-0.017650414508493906,0.034912927197742444,False
Victim Race,named_all,graphsage_fairloss_a25_sstate20_mb,graphsage_fairloss_a5_sstate50_mb,fpr,amplification,0.055829635765478836,-0.1271548817281517,0.2645311789400781,False
Victim Race,named_n>=5000,graphsage_fairloss_a25_sstate20_mb,graphsage_fairloss_a5_sstate50_mb,selection_rate,gap,-0.029814899561117825,-0.032088312212506666,-0.02773516481024573,True
Victim Race,named_n>=5000,graphsage_fairloss_a25_sstate20_mb,graphsage_fairloss_a5_sstate50_mb,selection_rate,amplification,-0.3906287891828176,-0.4272828781026522,-0.3558271238234916,True
Victim Race,named_n>=5000,graphsage_fairloss_a25_sstate20_mb,graphsage_fairloss_a5_sstate50_mb,tpr,gap,-0.02969731857088831,-0.032270215020553945,-0.026993866977910824,True
Victim Race,named_n>=5000,graphsage_fairloss_a25_sstate20_mb,graphsage_fairloss_a5_sstate50_mb,tpr,amplification,-0.3890882668090925,-0.42909315721384517,-0.3508858487761218,True
Victim Race,named_n>=5000,graphsage_fairloss_a25_sstate20_mb,graphsage_fairloss_a5_sstate50_mb,fpr,gap,-0.028171395833088975,-0.03226964629191129,-0.02441337026229913,True
Victim Race,named_n>=5000,graphsage_fairloss_a25_sstate20_mb,graphsage_fairloss_a5_sstate50_mb,fpr,amplification,-0.3690959354503638,-0.42611800416408036,-0.3176401132947553,True
Victim Race,named_all,graphsage_fairloss_a25_sstate20_mb,graphsage_fairloss_a10_sstate50_mb,selection_rate,gap,0.021874035803890135,0.001469986495870113,0.03900264325852635,True
Victim Race,named_all,graphsage_fairloss_a25_sstate20_mb,graphsage_fairloss_a10_sstate50_mb,selection_rate,amplification,0.1625563549669593,0.010488779007733559,0.29498137457914914,True
Victim Race,named_all,graphsage_fairloss_a25_sstate20_mb,graphsage_fairloss_a10_sstate50_mb,tpr,gap,0.02468232224396605,0.008991745566024795,0.040595637367170756,True
Victim Race,named_all,graphsage_fairloss_a25_sstate20_mb,graphsage_fairloss_a10_sstate50_mb,tpr,amplification,0.18342606604792477,0.063776813902027,0.30838467188923413,True
Victim Race,named_all,graphsage_fairloss_a25_sstate20_mb,graphsage_fairloss_a10_sstate50_mb,fpr,gap,0.02089147521583351,-0.0020035950889708705,0.04504474979377882,False
Victim Race,named_all,graphsage_fairloss_a25_sstate20_mb,graphsage_fairloss_a10_sstate50_mb,fpr,amplification,0.15525448030785927,-0.014662794747598606,0.3419251335590172,False
Victim Race,named_n>=5000,graphsage_fairloss_a25_sstate20_mb,graphsage_fairloss_a10_sstate50_mb,selection_rate,gap,-0.024215105996255204,-0.02641779538671715,-0.022263061848955185,True
Victim Race,named_n>=5000,graphsage_fairloss_a25_sstate20_mb,graphsage_fairloss_a10_sstate50_mb,selection_rate,amplification,-0.31726142547823877,-0.34936669619126853,-0.28696476385948877,True
Victim Race,named_n>=5000,graphsage_fairloss_a25_sstate20_mb,graphsage_fairloss_a10_sstate50_mb,tpr,gap,-0.02381816721241803,-0.026319569035468893,-0.02148146154041059,True
Victim Race,named_n>=5000,graphsage_fairloss_a25_sstate20_mb,graphsage_fairloss_a10_sstate50_mb,tpr,amplification,-0.3120608137440901,-0.3502197409032308,-0.2788926694315195,True
Victim Race,named_n>=5000,graphsage_fairloss_a25_sstate20_mb,graphsage_fairloss_a10_sstate50_mb,fpr,gap,-0.023690200064453104,-0.027483622610960677,-0.019821195786634497,True
Victim Race,named_n>=5000,graphsage_fairloss_a25_sstate20_mb,graphsage_fairloss_a10_sstate50_mb,fpr,amplification,-0.31038421403050576,-0.36478822141107115,-0.2560702531089781,True
Victim Race,named_all,graphsage_fairloss_a25_sstate20_mb,graphsage_fairloss_a25_sstate50_mb,selection_rate,gap,0.009082043037229037,-0.0023055925705981277,0.01986963664102976,False
Victim Race,named_all,graphsage_fairloss_a25_sstate20_mb,graphsage_fairloss_a25_sstate50_mb,selection_rate,amplification,0.06749297774864416,-0.017222724417244793,0.1472771748304196,False
Victim Race,named_all,graphsage_fairloss_a25_sstate20_mb,graphsage_fairloss_a25_sstate50_mb,tpr,gap,0.008413568166992902,-0.004021978400583581,0.020876231874331158,False
Victim Race,named_all,graphsage_fairloss_a25_sstate20_mb,graphsage_fairloss_a25_sstate50_mb,tpr,amplification,0.06252522331746291,-0.02858870028056715,0.1548176171542131,False
Victim Race,named_all,graphsage_fairloss_a25_sstate20_mb,graphsage_fairloss_a25_sstate50_mb,fpr,gap,0.004289414954829873,-0.017207247141060835,0.02358758521010684,False
Victim Race,named_all,graphsage_fairloss_a25_sstate20_mb,graphsage_fairloss_a25_sstate50_mb,fpr,amplification,0.03187668093118434,-0.12573390809370522,0.181693554875603,False
Victim Race,named_n>=5000,graphsage_fairloss_a25_sstate20_mb,graphsage_fairloss_a25_sstate50_mb,selection_rate,gap,-0.0058856879720208255,-0.007843666593870657,-0.004042009761675426,True
Victim Race,named_n>=5000,graphsage_fairloss_a25_sstate20_mb,graphsage_fairloss_a25_sstate50_mb,selection_rate,amplification,-0.0771130944548507,-0.10283244207021731,-0.05207958467295708,True
Victim Race,named_n>=5000,graphsage_fairloss_a25_sstate20_mb,graphsage_fairloss_a25_sstate50_mb,tpr,gap,-0.005182112264279781,-0.007410573421647654,-0.0029496921673111687,True
Victim Race,named_n>=5000,graphsage_fairloss_a25_sstate20_mb,graphsage_fairloss_a25_sstate50_mb,tpr,amplification,-0.06789498770758717,-0.09808465110276196,-0.03870424127808763,True
Victim Race,named_n>=5000,graphsage_fairloss_a25_sstate20_mb,graphsage_fairloss_a25_sstate50_mb,fpr,gap,-0.007623657041444187,-0.011101699132434768,-0.004017009700888301,True
Victim Race,named_n>=5000,graphsage_fairloss_a25_sstate20_mb,graphsage_fairloss_a25_sstate50_mb,fpr,amplification,-0.09988361400110501,-0.14699893222715213,-0.05205665568036578,True
Victim Race,named_all,graphsage_fairloss_a25_sstate20_mb,graphsage_fairloss_a50_sstate50_mb,selection_rate,gap,-0.0008142504695277664,-0.012414933657477738,0.010678980605727039,False
Victim Race,named_all,graphsage_fairloss_a25_sstate20_mb,graphsage_fairloss_a50_sstate50_mb,selection_rate,amplification,-0.006051082184524548,-0.09538462421934663,0.08143281924458251,False
Victim Race,named_all,graphsage_fairloss_a25_sstate20_mb,graphsage_fairloss_a50_sstate50_mb,tpr,gap,-0.0012472276581865227,-0.014813859613354912,0.011291343497441063,False
Victim Race,named_all,graphsage_fairloss_a25_sstate20_mb,graphsage_fairloss_a50_sstate50_mb,tpr,amplification,-0.009268741431460947,-0.1111415472411384,0.08399991233212345,False
Victim Race,named_all,graphsage_fairloss_a25_sstate20_mb,graphsage_fairloss_a50_sstate50_mb,fpr,gap,0.0029697204064612626,-0.015672835617360905,0.022990922119801045,False
Victim Race,named_all,graphsage_fairloss_a25_sstate20_mb,graphsage_fairloss_a50_sstate50_mb,fpr,amplification,0.022069403601300053,-0.1155484959070281,0.17490986457835847,False
Victim Race,named_n>=5000,graphsage_fairloss_a25_sstate20_mb,graphsage_fairloss_a50_sstate50_mb,selection_rate,gap,-0.0036496539848099863,-0.005562908332566249,-0.00163926998299003,True
Victim Race,named_n>=5000,graphsage_fairloss_a25_sstate20_mb,graphsage_fairloss_a50_sstate50_mb,selection_rate,amplification,-0.047817029002566236,-0.07355312139416831,-0.021556127240252375,True
Victim Race,named_n>=5000,graphsage_fairloss_a25_sstate20_mb,graphsage_fairloss_a50_sstate50_mb,tpr,gap,-0.003500662584386305,-0.005879723977981874,-0.0012205962422937233,True
Victim Race,named_n>=5000,graphsage_fairloss_a25_sstate20_mb,graphsage_fairloss_a50_sstate50_mb,tpr,amplification,-0.04586497378175802,-0.07750037529213186,-0.015620360869021894,True
Victim Race,named_n>=5000,graphsage_fairloss_a25_sstate20_mb,graphsage_fairloss_a50_sstate50_mb,fpr,gap,-0.004646742814795379,-0.008620495984052972,-0.0009174493596968684,True
Victim Race,named_n>=5000,graphsage_fairloss_a25_sstate20_mb,graphsage_fairloss_a50_sstate50_mb,fpr,amplification,-0.060880685365603204,-0.11292244950336049,-0.011932510906735158,True
Victim Race,named_all,graphsage_fairloss_a25_sstate20_mb,graphsage_fairloss_a100_sstate50_mb,selection_rate,gap,-0.01369379547418681,-0.02716706377369972,-0.002262632624438746,True
Victim Race,named_all,graphsage_fairloss_a25_sstate20_mb,graphsage_fairloss_a100_sstate50_mb,selection_rate,amplification,-0.10176510168969255,-0.20716795803077698,-0.017695419937932583,True
Victim Race,named_all,graphsage_fairloss_a25_sstate20_mb,graphsage_fairloss_a100_sstate50_mb,tpr,gap,-0.0069388997608175185,-0.02195254157538649,0.007503493352010911,False
Victim Race,named_all,graphsage_fairloss_a25_sstate20_mb,graphsage_fairloss_a100_sstate50_mb,tpr,amplification,-0.051566261604043095,-0.16391112066981403,0.058412147363216566,False
Victim Race,named_all,graphsage_fairloss_a25_sstate20_mb,graphsage_fairloss_a100_sstate50_mb,fpr,gap,-0.02232135785270667,-0.04561373218433584,-0.0007981185294478204,True
Victim Race,named_all,graphsage_fairloss_a25_sstate20_mb,graphsage_fairloss_a100_sstate50_mb,fpr,amplification,-0.1658806176866463,-0.3455707015220385,-0.0053423323707724665,True
Victim Race,named_n>=5000,graphsage_fairloss_a25_sstate20_mb,graphsage_fairloss_a100_sstate50_mb,selection_rate,gap,-0.002946380648272018,-0.0052014318089000115,-0.0005364611217274218,True
Victim Race,named_n>=5000,graphsage_fairloss_a25_sstate20_mb,graphsage_fairloss_a100_sstate50_mb,selection_rate,amplification,-0.0386028838617033,-0.0686555689043097,-0.006748038801293827,True
Victim Race,named_n>=5000,graphsage_fairloss_a25_sstate20_mb,graphsage_fairloss_a100_sstate50_mb,tpr,gap,-0.004600946414294427,-0.0073835071778973055,-0.0017058267711404398,True
Victim Race,named_n>=5000,graphsage_fairloss_a25_sstate20_mb,graphsage_fairloss_a100_sstate50_mb,tpr,amplification,-0.06028067018057992,-0.09760820156700226,-0.02211667886525204,True
Victim Race,named_n>=5000,graphsage_fairloss_a25_sstate20_mb,graphsage_fairloss_a100_sstate50_mb,fpr,gap,-0.0009198762379504233,-0.004767111676384691,0.003185865306312595,False
Victim Race,named_n>=5000,graphsage_fairloss_a25_sstate20_mb,graphsage_fairloss_a100_sstate50_mb,fpr,amplification,-0.012052032584984218,-0.06310804932352179,0.042934985679447306,False
Victim Race,named_all,graphsage_fairloss_a50_sstate20_mb,graphsage_fairloss_a100_sstate20_mb,selection_rate,gap,-0.0031761320567972318,-0.014860034858514018,0.009112230413812018,False
Victim Race,named_all,graphsage_fairloss_a50_sstate20_mb,graphsage_fairloss_a100_sstate20_mb,selection_rate,amplification,-0.023603346665220792,-0.11323997864043767,0.06619357044413074,False
Victim Race,named_all,graphsage_fairloss_a50_sstate20_mb,graphsage_fairloss_a100_sstate20_mb,tpr,gap,-0.006614916286149075,-0.01994983141539161,0.006623314578770732,False
Victim Race,named_all,graphsage_fairloss_a50_sstate20_mb,graphsage_fairloss_a100_sstate20_mb,tpr,amplification,-0.04915858644140725,-0.14699848758310557,0.049306319972017204,False
Victim Race,named_all,graphsage_fairloss_a50_sstate20_mb,graphsage_fairloss_a100_sstate20_mb,fpr,gap,-0.007659586363699844,-0.03023993467776701,0.0136158828258865,False
Victim Race,named_all,graphsage_fairloss_a50_sstate20_mb,graphsage_fairloss_a100_sstate20_mb,fpr,amplification,-0.056922026232408385,-0.2298281803867433,0.09930039997128526,False
Victim Race,named_n>=5000,graphsage_fairloss_a50_sstate20_mb,graphsage_fairloss_a100_sstate20_mb,selection_rate,gap,0.005607721685917277,0.0036907430176991497,0.007566865554838159,True
Victim Race,named_n>=5000,graphsage_fairloss_a50_sstate20_mb,graphsage_fairloss_a100_sstate20_mb,selection_rate,amplification,0.07347123634455621,0.04814824242894932,0.09997126998845982,True
Victim Race,named_n>=5000,graphsage_fairloss_a50_sstate20_mb,graphsage_fairloss_a100_sstate20_mb,tpr,gap,0.004836439971161455,0.0024968815167816434,0.007120967140979778,True
Victim Race,named_n>=5000,graphsage_fairloss_a50_sstate20_mb,graphsage_fairloss_a100_sstate20_mb,tpr,amplification,0.06336605917512433,0.03240272673495255,0.09519261397519506,True
Victim Race,named_n>=5000,graphsage_fairloss_a50_sstate20_mb,graphsage_fairloss_a100_sstate20_mb,fpr,gap,0.005430800563108185,0.001887782566782667,0.00918041300046113,True
Victim Race,named_n>=5000,graphsage_fairloss_a50_sstate20_mb,graphsage_fairloss_a100_sstate20_mb,fpr,amplification,0.07115325154497276,0.02385338581960641,0.12208645142870346,True
Victim Race,named_all,graphsage_fairloss_a50_sstate20_mb,graphsage_fairloss_a5_sstate50_mb,selection_rate,gap,0.01674159973825773,-0.006468668971873803,0.03548698858081959,False
Victim Race,named_all,graphsage_fairloss_a50_sstate20_mb,graphsage_fairloss_a5_sstate50_mb,selection_rate,amplification,0.1244147835436471,-0.048092751103645,0.27477525311823436,False
Victim Race,named_all,graphsage_fairloss_a50_sstate20_mb,graphsage_fairloss_a5_sstate50_mb,tpr,gap,0.028651445966514588,0.011623818235918579,0.04571953056864504,True
Victim Race,named_all,graphsage_fairloss_a50_sstate20_mb,graphsage_fairloss_a5_sstate50_mb,tpr,amplification,0.21292251062426737,0.0890941385576554,0.3460967495117851,True
Victim Race,named_all,graphsage_fairloss_a50_sstate20_mb,graphsage_fairloss_a5_sstate50_mb,fpr,gap,-0.015462906449613956,-0.04149125043451148,0.01112162577314743,False
Victim Race,named_all,graphsage_fairloss_a50_sstate20_mb,graphsage_fairloss_a5_sstate50_mb,fpr,amplification,-0.11491220605926356,-0.31363256591047484,0.08120685871944747,False
Victim Race,named_n>=5000,graphsage_fairloss_a50_sstate20_mb,graphsage_fairloss_a5_sstate50_mb,selection_rate,gap,-0.04189486335892467,-0.044193957379512434,-0.039407767076593964,True
Victim Race,named_n>=5000,graphsage_fairloss_a50_sstate20_mb,graphsage_fairloss_a5_sstate50_mb,selection_rate,amplification,-0.5488980337944418,-0.5940412712968106,-0.507242157727823,True
Victim Race,named_n>=5000,graphsage_fairloss_a50_sstate20_mb,graphsage_fairloss_a5_sstate50_mb,tpr,gap,-0.04111826773382665,-0.0437212674542056,-0.03805287021617022,True
Victim Race,named_n>=5000,graphsage_fairloss_a50_sstate20_mb,graphsage_fairloss_a5_sstate50_mb,tpr,amplification,-0.5387232348455185,-0.5856854492391981,-0.4951333335701799,True
Victim Race,named_n>=5000,graphsage_fairloss_a50_sstate20_mb,graphsage_fairloss_a5_sstate50_mb,fpr,gap,-0.0410075516096553,-0.04556202652851636,-0.03625296494328108,True
Victim Race,named_n>=5000,graphsage_fairloss_a50_sstate20_mb,graphsage_fairloss_a5_sstate50_mb,fpr,amplification,-0.5372726545596648,-0.6099543951070854,-0.4652770996825724,True
Victim Race,named_all,graphsage_fairloss_a50_sstate20_mb,graphsage_fairloss_a10_sstate50_mb,selection_rate,gap,0.021611872741362115,1.365930143994729e-05,0.040341073593010215,True
Victim Race,named_all,graphsage_fairloss_a50_sstate20_mb,graphsage_fairloss_a10_sstate50_mb,selection_rate,amplification,0.1606080966650345,0.00010348844489070426,0.30951440989213425,True
Victim Race,named_all,graphsage_fairloss_a50_sstate20_mb,graphsage_fairloss_a10_sstate50_mb,tpr,gap,0.021450750163078958,0.00401837600819347,0.03747023625239786,True
Victim Race,named_all,graphsage_fairloss_a50_sstate20_mb,graphsage_fairloss_a10_sstate50_mb,tpr,amplification,0.15941071821766406,0.030389779169296256,0.2895595656830442,True
Victim Race,named_all,graphsage_fairloss_a50_sstate20_mb,graphsage_fairloss_a10_sstate50_mb,fpr,gap,-0.002084022494211024,-0.027952929839577284,0.027808910818760624,False
Victim Race,named_all,graphsage_fairloss_a50_sstate20_mb,graphsage_fairloss_a10_sstate50_mb,fpr,amplification,-0.015487361516883125,-0.21568429263372602,0.20157237121900465,False
Victim Race,named_n>=5000,graphsage_fairloss_a50_sstate20_mb,graphsage_fairloss_a10_sstate50_mb,selection_rate,gap,-0.03629506979406205,-0.038524052328797624,-0.03411558696751574,True
Victim Race,named_n>=5000,graphsage_fairloss_a50_sstate20_mb,graphsage_fairloss_a10_sstate50_mb,selection_rate,amplification,-0.47553067008986294,-0.5171615392346901,-0.43929160762169694,True
Victim Race,named_n>=5000,graphsage_fairloss_a50_sstate20_mb,graphsage_fairloss_a10_sstate50_mb,tpr,gap,-0.03523911637535637,-0.03790368262515874,-0.03279684835249736,True
Victim Race,named_n>=5000,graphsage_fairloss_a50_sstate20_mb,graphsage_fairloss_a10_sstate50_mb,tpr,amplification,-0.4616957817805162,-0.5070759838928308,-0.42363117607022543,True
Victim Race,named_n>=5000,graphsage_fairloss_a50_sstate20_mb,graphsage_fairloss_a10_sstate50_mb,fpr,gap,-0.03652635584101943,-0.04089043903984449,-0.03223475999725424,True
Victim Race,named_n>=5000,graphsage_fairloss_a50_sstate20_mb,graphsage_fairloss_a10_sstate50_mb,fpr,amplification,-0.47856093313980674,-0.546661345548716,-0.41954998043291425,True
Victim Race,named_all,graphsage_fairloss_a50_sstate20_mb,graphsage_fairloss_a25_sstate50_mb,selection_rate,gap,0.008819879974701017,-0.0055420906743226025,0.022473608676969802,False
Victim Race,named_all,graphsage_fairloss_a50_sstate20_mb,graphsage_fairloss_a25_sstate50_mb,selection_rate,amplification,0.06554471944671936,-0.041415181153756066,0.17187614651218758,False
Victim Race,named_all,graphsage_fairloss_a50_sstate20_mb,graphsage_fairloss_a25_sstate50_mb,tpr,gap,0.005181996086105811,-0.010616730973939986,0.021676752194529275,False
Victim Race,named_all,graphsage_fairloss_a50_sstate20_mb,graphsage_fairloss_a25_sstate50_mb,tpr,amplification,0.038509875487202194,-0.07902209794367651,0.16239543257071104,False
Victim Race,named_all,graphsage_fairloss_a50_sstate20_mb,graphsage_fairloss_a25_sstate50_mb,fpr,gap,-0.01868608275521466,-0.045684084792863684,0.008764255102773691,False
Victim Race,named_all,graphsage_fairloss_a50_sstate20_mb,graphsage_fairloss_a25_sstate50_mb,fpr,amplification,-0.13886516089355805,-0.33942155918525274,0.059907141066601374,False
Victim Race,named_n>=5000,graphsage_fairloss_a50_sstate20_mb,graphsage_fairloss_a25_sstate50_mb,selection_rate,gap,-0.017965651769827673,-0.019812092800506224,-0.016096742464866334,True
Victim Race,named_n>=5000,graphsage_fairloss_a50_sstate20_mb,graphsage_fairloss_a25_sstate50_mb,selection_rate,amplification,-0.23538233906647488,-0.2673023448493026,-0.2090827708349988,True
Victim Race,named_n>=5000,graphsage_fairloss_a50_sstate20_mb,graphsage_fairloss_a25_sstate50_mb,tpr,gap,-0.016603061427218124,-0.018942087803400193,-0.014277798708472803,True
Victim Race,named_n>=5000,graphsage_fairloss_a50_sstate20_mb,graphsage_fairloss_a25_sstate50_mb,tpr,amplification,-0.21752995574401324,-0.2528534453476632,-0.18592044356957876,True
Victim Race,named_n>=5000,graphsage_fairloss_a50_sstate20_mb,graphsage_fairloss_a25_sstate50_mb,fpr,gap,-0.020459812818010514,-0.024097068013970817,-0.016856284714888193,True
Victim Race,named_n>=5000,graphsage_fairloss_a50_sstate20_mb,graphsage_fairloss_a25_sstate50_mb,fpr,amplification,-0.268060333110406,-0.31772062538632906,-0.22001809195026964,True
Victim Race,named_all,graphsage_fairloss_a50_sstate20_mb,graphsage_fairloss_a50_sstate50_mb,selection_rate,gap,-0.0010764135320557866,-0.014535594975457538,0.010191540775288038,False
Victim Race,named_all,graphsage_fairloss_a50_sstate20_mb,graphsage_fairloss_a50_sstate50_mb,selection_rate,amplification,-0.007999340486449347,-0.10610406124264209,0.07508058302408385,False
Victim Race,named_all,graphsage_fairloss_a50_sstate20_mb,graphsage_fairloss_a50_sstate50_mb,tpr,gap,-0.004478799739073613,-0.017732377010808896,0.009729610309109299,False
Victim Race,named_all,graphsage_fairloss_a50_sstate20_mb,graphsage_fairloss_a50_sstate50_mb,tpr,amplification,-0.03328408926172166,-0.1327650242125289,0.0731960985692649,False
Victim Race,named_all,graphsage_fairloss_a50_sstate20_mb,graphsage_fairloss_a50_sstate50_mb,fpr,gap,-0.020005777303583272,-0.043203489194218424,0.003812829331570264,False
Victim Race,named_all,graphsage_fairloss_a50_sstate20_mb,graphsage_fairloss_a50_sstate50_mb,fpr,amplification,-0.14867243822344234,-0.32770128156644457,0.026627560830483298,False
Victim Race,named_n>=5000,graphsage_fairloss_a50_sstate20_mb,graphsage_fairloss_a50_sstate50_mb,selection_rate,gap,-0.015729617782616834,-0.0176843196698321,-0.014039512188676452,True
Victim Race,named_n>=5000,graphsage_fairloss_a50_sstate20_mb,graphsage_fairloss_a50_sstate50_mb,selection_rate,amplification,-0.2060862736141904,-0.23389728780974764,-0.18122808503490492,True
Victim Race,named_n>=5000,graphsage_fairloss_a50_sstate20_mb,graphsage_fairloss_a50_sstate50_mb,tpr,gap,-0.014921611747324648,-0.017208759697608985,-0.012597656360147966,True
Victim Race,named_n>=5000,graphsage_fairloss_a50_sstate20_mb,graphsage_fairloss_a50_sstate50_mb,tpr,amplification,-0.1954999418181841,-0.22607809732720632,-0.16554207207184676,True
Victim Race,named_n>=5000,graphsage_fairloss_a50_sstate20_mb,graphsage_fairloss_a50_sstate50_mb,fpr,gap,-0.017482898591361706,-0.020809946584963702,-0.01380834337834676,True
Victim Race,named_n>=5000,graphsage_fairloss_a50_sstate20_mb,graphsage_fairloss_a50_sstate50_mb,fpr,amplification,-0.2290574044749042,-0.2773488947472647,-0.17753573756715735,True
Victim Race,named_all,graphsage_fairloss_a50_sstate20_mb,graphsage_fairloss_a100_sstate50_mb,selection_rate,gap,-0.01395595853671483,-0.028437214843353945,-0.001046226155472916,True
Victim Race,named_all,graphsage_fairloss_a50_sstate20_mb,graphsage_fairloss_a100_sstate50_mb,selection_rate,amplification,-0.10371335999161735,-0.21518760285750205,-0.00773071389351085,True
Victim Race,named_all,graphsage_fairloss_a50_sstate20_mb,graphsage_fairloss_a100_sstate50_mb,tpr,gap,-0.01017047184170461,-0.025495666197460822,0.004746725491339782,False
Victim Race,named_all,graphsage_fairloss_a50_sstate20_mb,graphsage_fairloss_a100_sstate50_mb,tpr,amplification,-0.07558160943430381,-0.18891073618292054,0.036028529153380846,False
Victim Race,named_all,graphsage_fairloss_a50_sstate20_mb,graphsage_fairloss_a100_sstate50_mb,fpr,gap,-0.045296855562751204,-0.07301971870433435,-0.01933899438142547,True
Victim Race,named_all,graphsage_fairloss_a50_sstate20_mb,graphsage_fairloss_a100_sstate50_mb,fpr,amplification,-0.3366224595113887,-0.5558063872163541,-0.14324224224254428,True
Victim Race,named_n>=5000,graphsage_fairloss_a50_sstate20_mb,graphsage_fairloss_a100_sstate50_mb,selection_rate,gap,-0.015026344446078865,-0.016987389802293685,-0.01300175237714754,True
Victim Race,named_n>=5000,graphsage_fairloss_a50_sstate20_mb,graphsage_fairloss_a100_sstate50_mb,selection_rate,amplification,-0.19687212847332747,-0.22603499402218516,-0.16944668694652867,True
Victim Race,named_n>=5000,graphsage_fairloss_a50_sstate20_mb,graphsage_fairloss_a100_sstate50_mb,tpr,gap,-0.01602189557723277,-0.01822092167605069,-0.013493238356130212,True
Victim Race,named_n>=5000,graphsage_fairloss_a50_sstate20_mb,graphsage_fairloss_a100_sstate50_mb,tpr,amplification,-0.20991563821700598,-0.2424073017758619,-0.17707755936152692,True
Victim Race,named_n>=5000,graphsage_fairloss_a50_sstate20_mb,graphsage_fairloss_a100_sstate50_mb,fpr,gap,-0.01375603201451675,-0.0172819816898186,-0.01010758746381155,True
Victim Race,named_n>=5000,graphsage_fairloss_a50_sstate20_mb,graphsage_fairloss_a100_sstate50_mb,fpr,amplification,-0.1802287516942852,-0.22802094962352829,-0.13169377331008747,True
Victim Race,named_all,graphsage_fairloss_a100_sstate20_mb,graphsage_fairloss_a5_sstate50_mb,selection_rate,gap,0.01991773179505496,-0.002702566874342596,0.042044795991573965,False
Victim Race,named_all,graphsage_fairloss_a100_sstate20_mb,graphsage_fairloss_a5_sstate50_mb,selection_rate,amplification,0.1480181302088679,-0.020749022942958835,0.31546913127683707,False
Victim Race,named_all,graphsage_fairloss_a100_sstate20_mb,graphsage_fairloss_a5_sstate50_mb,tpr,gap,0.03526636225266366,0.01676990488718647,0.053428570567492416,True
Victim Race,named_all,graphsage_fairloss_a100_sstate20_mb,graphsage_fairloss_a5_sstate50_mb,tpr,amplification,0.2620810970656746,0.12653117014896129,0.4025015187690761,True
Victim Race,named_all,graphsage_fairloss_a100_sstate20_mb,graphsage_fairloss_a5_sstate50_mb,fpr,gap,-0.007803320085914112,-0.03388895767344282,0.021019253660924504,False
Victim Race,named_all,graphsage_fairloss_a100_sstate20_mb,graphsage_fairloss_a5_sstate50_mb,fpr,amplification,-0.05799017982685517,-0.24958060289388784,0.1512214871313818,False
Victim Race,named_n>=5000,graphsage_fairloss_a100_sstate20_mb,graphsage_fairloss_a5_sstate50_mb,selection_rate,gap,-0.04750258504484195,-0.05011209733984951,-0.04495479999543626,True
Victim Race,named_n>=5000,graphsage_fairloss_a100_sstate20_mb,graphsage_fairloss_a5_sstate50_mb,selection_rate,amplification,-0.622369270138998,-0.6704418273102046,-0.5753656063285372,True
Victim Race,named_n>=5000,graphsage_fairloss_a100_sstate20_mb,graphsage_fairloss_a5_sstate50_mb,tpr,gap,-0.04595470770498811,-0.048895175405210545,-0.04284672762684433,True
Victim Race,named_n>=5000,graphsage_fairloss_a100_sstate20_mb,graphsage_fairloss_a5_sstate50_mb,tpr,amplification,-0.6020892940206428,-0.6550315580029517,-0.5525219531634146,True
Victim Race,named_n>=5000,graphsage_fairloss_a100_sstate20_mb,graphsage_fairloss_a5_sstate50_mb,fpr,gap,-0.046438352172763486,-0.050846501210442784,-0.041443420986217706,True
Victim Race,named_n>=5000,graphsage_fairloss_a100_sstate20_mb,graphsage_fairloss_a5_sstate50_mb,fpr,amplification,-0.6084259061046375,-0.6792281881406164,-0.5358396125827181,True
Victim Race,named_all,graphsage_fairloss_a100_sstate20_mb,graphsage_fairloss_a10_sstate50_mb,selection_rate,gap,0.024788004798159347,0.003568768551580839,0.042974349394371315,True
Victim Race,named_all,graphsage_fairloss_a100_sstate20_mb,graphsage_fairloss_a10_sstate50_mb,selection_rate,amplification,0.1842114433302553,0.026248986393161117,0.33042826539650344,True
Victim Race,named_all,graphsage_fairloss_a100_sstate20_mb,graphsage_fairloss_a10_sstate50_mb,tpr,gap,0.028065666449228033,0.010330372740343527,0.04571247874003963,True
Victim Race,named_all,graphsage_fairloss_a100_sstate20_mb,graphsage_fairloss_a10_sstate50_mb,tpr,amplification,0.2085693046590713,0.07742250979550896,0.34275085939641375,True
Victim Race,named_all,graphsage_fairloss_a100_sstate20_mb,graphsage_fairloss_a10_sstate50_mb,fpr,gap,0.00557556386948882,-0.017681818973983836,0.033220589497013626,False
Victim Race,named_all,graphsage_fairloss_a100_sstate20_mb,graphsage_fairloss_a10_sstate50_mb,fpr,amplification,0.04143466471552526,-0.13529210453860013,0.24343120018791958,False
Victim Race,named_n>=5000,graphsage_fairloss_a100_sstate20_mb,graphsage_fairloss_a10_sstate50_mb,selection_rate,gap,-0.04190279147997933,-0.04435295207424704,-0.03944377306249215,True
Victim Race,named_n>=5000,graphsage_fairloss_a100_sstate20_mb,graphsage_fairloss_a10_sstate50_mb,selection_rate,amplification,-0.5490019064344192,-0.5921207216225861,-0.5099637681342388,True
Victim Race,named_n>=5000,graphsage_fairloss_a100_sstate20_mb,graphsage_fairloss_a10_sstate50_mb,tpr,gap,-0.04007555634651783,-0.043193948039192985,-0.037225749334814325,True
Victim Race,named_n>=5000,graphsage_fairloss_a100_sstate20_mb,graphsage_fairloss_a10_sstate50_mb,tpr,amplification,-0.5250618409556405,-0.574381411717155,-0.47963875903116177,True
Victim Race,named_n>=5000,graphsage_fairloss_a100_sstate20_mb,graphsage_fairloss_a10_sstate50_mb,fpr,gap,-0.041957156404127616,-0.046814227143282754,-0.037698159598642644,True
Victim Race,named_n>=5000,graphsage_fairloss_a100_sstate20_mb,graphsage_fairloss_a10_sstate50_mb,fpr,amplification,-0.5497141846847795,-0.6201105896432988,-0.4893620610050322,True
Victim Race,named_all,graphsage_fairloss_a100_sstate20_mb,graphsage_fairloss_a25_sstate50_mb,selection_rate,gap,0.011996012031498249,-0.0018871770684240035,0.02411374442002992,False
Victim Race,named_all,graphsage_fairloss_a100_sstate20_mb,graphsage_fairloss_a25_sstate50_mb,selection_rate,amplification,0.08914806611194015,-0.012689486368856074,0.18112789445920946,False
Victim Race,named_all,graphsage_fairloss_a100_sstate20_mb,graphsage_fairloss_a25_sstate50_mb,tpr,gap,0.011796912372254886,-0.003444206243378342,0.026308636500229375,False
Victim Race,named_all,graphsage_fairloss_a100_sstate20_mb,graphsage_fairloss_a25_sstate50_mb,tpr,amplification,0.08766846192860944,-0.023420620042249186,0.19642003513772902,False
Victim Race,named_all,graphsage_fairloss_a100_sstate20_mb,graphsage_fairloss_a25_sstate50_mb,fpr,gap,-0.011026496391514817,-0.03457503500203934,0.010647008422527774,False
Victim Race,named_all,graphsage_fairloss_a100_sstate20_mb,graphsage_fairloss_a25_sstate50_mb,fpr,amplification,-0.08194313466114966,-0.2599787371067906,0.07922792671890413,False
Victim Race,named_n>=5000,graphsage_fairloss_a100_sstate20_mb,graphsage_fairloss_a25_sstate50_mb,selection_rate,gap,-0.02357337345574495,-0.025861615466521794,-0.021573041919523687,True
Victim Race,named_n>=5000,graphsage_fairloss_a100_sstate20_mb,graphsage_fairloss_a25_sstate50_mb,selection_rate,amplification,-0.3088535754110311,-0.3434394958147629,-0.27869236127425767,True
Victim Race,named_n>=5000,graphsage_fairloss_a100_sstate20_mb,graphsage_fairloss_a25_sstate50_mb,tpr,gap,-0.02143950139837958,-0.024137361069750275,-0.01892784465091802,True
Victim Race,named_n>=5000,graphsage_fairloss_a100_sstate20_mb,graphsage_fairloss_a25_sstate50_mb,tpr,amplification,-0.28089601491913757,-0.32046924169439445,-0.245297116394815,True
Victim Race,named_n>=5000,graphsage_fairloss_a100_sstate20_mb,graphsage_fairloss_a25_sstate50_mb,fpr,gap,-0.0258906133811187,-0.03023717866798853,-0.02195315836703281,True
Victim Race,named_n>=5000,graphsage_fairloss_a100_sstate20_mb,graphsage_fairloss_a25_sstate50_mb,fpr,amplification,-0.33921358465537876,-0.40092723827920385,-0.28554582496689945,True
Victim Race,named_all,graphsage_fairloss_a100_sstate20_mb,graphsage_fairloss_a50_sstate50_mb,selection_rate,gap,0.002099718524741445,-0.011327885682902009,0.012716851822347143,False
Victim Race,named_all,graphsage_fairloss_a100_sstate20_mb,graphsage_fairloss_a50_sstate50_mb,selection_rate,amplification,0.015604006178771446,-0.08814986372693288,0.10079878757479911,False
Victim Race,named_all,graphsage_fairloss_a100_sstate20_mb,graphsage_fairloss_a50_sstate50_mb,tpr,gap,0.0021361165470754617,-0.011171135893331652,0.015257516564386528,False
Victim Race,named_all,graphsage_fairloss_a100_sstate20_mb,graphsage_fairloss_a50_sstate50_mb,tpr,amplification,0.015874497179685587,-0.0834789869547147,0.11680098969200146,False
Victim Race,named_all,graphsage_fairloss_a100_sstate20_mb,graphsage_fairloss_a50_sstate50_mb,fpr,gap,-0.012346190939883428,-0.03389954416884539,0.0106428548884945,False
Victim Race,named_all,graphsage_fairloss_a100_sstate20_mb,graphsage_fairloss_a50_sstate50_mb,fpr,amplification,-0.09175041199103395,-0.25315117937343856,0.08286543832645435,False
Victim Race,named_n>=5000,graphsage_fairloss_a100_sstate20_mb,graphsage_fairloss_a50_sstate50_mb,selection_rate,gap,-0.02133733946853411,-0.023285322891481833,-0.019261052023324267,True
Victim Race,named_n>=5000,graphsage_fairloss_a100_sstate20_mb,graphsage_fairloss_a50_sstate50_mb,selection_rate,amplification,-0.2795575099587466,-0.3114449629342484,-0.25007224043448845,True
Victim Race,named_n>=5000,graphsage_fairloss_a100_sstate20_mb,graphsage_fairloss_a50_sstate50_mb,tpr,gap,-0.019758051718486103,-0.022124805586585788,-0.017393447745149764,True
Victim Race,named_n>=5000,graphsage_fairloss_a100_sstate20_mb,graphsage_fairloss_a50_sstate50_mb,tpr,amplification,-0.2588660009933084,-0.2942019710988831,-0.2278929985631008,True
Victim Race,named_n>=5000,graphsage_fairloss_a100_sstate20_mb,graphsage_fairloss_a50_sstate50_mb,fpr,gap,-0.02291369915446989,-0.026444063661412366,-0.019209836781374855,True
Victim Race,named_n>=5000,graphsage_fairloss_a100_sstate20_mb,graphsage_fairloss_a50_sstate50_mb,fpr,amplification,-0.30021065601987695,-0.35183287809125124,-0.2514769370823564,True
Victim Race,named_all,graphsage_fairloss_a100_sstate20_mb,graphsage_fairloss_a100_sstate50_mb,selection_rate,gap,-0.010779826479917598,-0.0239472318380865,0.00014725549552674632,False
Victim Race,named_all,graphsage_fairloss_a100_sstate20_mb,graphsage_fairloss_a100_sstate50_mb,selection_rate,amplification,-0.08011001332639656,-0.1800990641349687,0.0010439220128105372,False
Victim Race,named_all,graphsage_fairloss_a100_sstate20_mb,graphsage_fairloss_a100_sstate50_mb,tpr,gap,-0.003555555555555534,-0.01709389327764723,0.009247312622581959,False
Victim Race,named_all,graphsage_fairloss_a100_sstate20_mb,graphsage_fairloss_a100_sstate50_mb,tpr,amplification,-0.02642302299289656,-0.12949864330105038,0.07221148671294603,False
Victim Race,named_all,graphsage_fairloss_a100_sstate20_mb,graphsage_fairloss_a100_sstate50_mb,fpr,gap,-0.03763726919905136,-0.06333397644887667,-0.014937781679934752,True
Victim Race,named_all,graphsage_fairloss_a100_sstate20_mb,graphsage_fairloss_a100_sstate50_mb,fpr,amplification,-0.2797004332789803,-0.4788019331347018,-0.10972189146439412,True
Victim Race,named_n>=5000,graphsage_fairloss_a100_sstate20_mb,graphsage_fairloss_a100_sstate50_mb,selection_rate,gap,-0.020634066131996143,-0.022473956317934397,-0.018597177222323017,True
Victim Race,named_n>=5000,graphsage_fairloss_a100_sstate20_mb,graphsage_fairloss_a100_sstate50_mb,selection_rate,amplification,-0.2703433648178837,-0.2978447675337253,-0.24165880879523804,True
Victim Race,named_n>=5000,graphsage_fairloss_a100_sstate20_mb,graphsage_fairloss_a100_sstate50_mb,tpr,gap,-0.020858335548394225,-0.0231514231501275,-0.01850027400521238,True
Victim Race,named_n>=5000,graphsage_fairloss_a100_sstate20_mb,graphsage_fairloss_a100_sstate50_mb,tpr,amplification,-0.2732816973921303,-0.30629925497795196,-0.24004882428365681,True
Victim Race,named_n>=5000,graphsage_fairloss_a100_sstate20_mb,graphsage_fairloss_a100_sstate50_mb,fpr,gap,-0.019186832577624935,-0.022579042888810623,-0.01553006303669289,True
Victim Race,named_n>=5000,graphsage_fairloss_a100_sstate20_mb,graphsage_fairloss_a100_sstate50_mb,fpr,amplification,-0.25138200323925797,-0.2970769482299525,-0.20311530469821118,True
Victim Race,named_all,graphsage_fairloss_a5_sstate50_mb,graphsage_fairloss_a10_sstate50_mb,selection_rate,gap,0.004870273003104386,-0.006121383749904685,0.013939821553030439,False
Victim Race,named_all,graphsage_fairloss_a5_sstate50_mb,graphsage_fairloss_a10_sstate50_mb,selection_rate,amplification,0.036193313121387405,-0.044894964316599825,0.10592378102645837,False
Victim Race,named_all,graphsage_fairloss_a5_sstate50_mb,graphsage_fairloss_a10_sstate50_mb,tpr,gap,-0.0072006958034356305,-0.019248697039873357,0.006092058688977735,False
Victim Race,named_all,graphsage_fairloss_a5_sstate50_mb,graphsage_fairloss_a10_sstate50_mb,tpr,amplification,-0.05351179240660331,-0.14845177228970266,0.04297265366156674,False
Victim Race,named_all,graphsage_fairloss_a5_sstate50_mb,graphsage_fairloss_a10_sstate50_mb,fpr,gap,0.013378883955402932,-0.015736603850745642,0.04150745950491293,False
Victim Race,named_all,graphsage_fairloss_a5_sstate50_mb,graphsage_fairloss_a10_sstate50_mb,fpr,amplification,0.09942484454238043,-0.11602742756928598,0.3154229630720291,False
Victim Race,named_n>=5000,graphsage_fairloss_a5_sstate50_mb,graphsage_fairloss_a10_sstate50_mb,selection_rate,gap,0.005599793564862621,0.003879733524075721,0.00716265909255841,True
Victim Race,named_n>=5000,graphsage_fairloss_a5_sstate50_mb,graphsage_fairloss_a10_sstate50_mb,selection_rate,amplification,0.07336736370457886,0.0514667236702521,0.09547320643925386,True
Victim Race,named_n>=5000,graphsage_fairloss_a5_sstate50_mb,graphsage_fairloss_a10_sstate50_mb,tpr,gap,0.00587915135847028,0.003791888070539459,0.007892745445657122,True
Victim Race,named_n>=5000,graphsage_fairloss_a5_sstate50_mb,graphsage_fairloss_a10_sstate50_mb,tpr,amplification,0.07702745306500236,0.04964079121983935,0.10392921666110091,True
Victim Race,named_n>=5000,graphsage_fairloss_a5_sstate50_mb,graphsage_fairloss_a10_sstate50_mb,fpr,gap,0.0044811957686358705,0.0013013994801113135,0.007724983794600159,True
Victim Race,named_n>=5000,graphsage_fairloss_a5_sstate50_mb,graphsage_fairloss_a10_sstate50_mb,fpr,amplification,0.05871172141985803,0.018131739017017347,0.10107884487626717,True
Victim Race,named_all,graphsage_fairloss_a5_sstate50_mb,graphsage_fairloss_a25_sstate50_mb,selection_rate,gap,-0.007921719763556712,-0.028854420980966813,0.009952153998645892,False
Victim Race,named_all,graphsage_fairloss_a5_sstate50_mb,graphsage_fairloss_a25_sstate50_mb,selection_rate,amplification,-0.05887006409692774,-0.21982049203877366,0.0721749987510614,False
Victim Race,named_all,graphsage_fairloss_a5_sstate50_mb,graphsage_fairloss_a25_sstate50_mb,tpr,gap,-0.023469449880408777,-0.04031386630369702,-0.009875953019378592,True
Victim Race,named_all,graphsage_fairloss_a5_sstate50_mb,graphsage_fairloss_a25_sstate50_mb,tpr,amplification,-0.17441263513706518,-0.30467238284910275,-0.07476877343880273,True
Victim Race,named_all,graphsage_fairloss_a5_sstate50_mb,graphsage_fairloss_a25_sstate50_mb,fpr,gap,-0.0032231763056007057,-0.032900951640241156,0.025481995808610877,False
Victim Race,named_all,graphsage_fairloss_a5_sstate50_mb,graphsage_fairloss_a25_sstate50_mb,fpr,amplification,-0.023952954834294493,-0.2393894843293484,0.18941045556683891,False
Victim Race,named_n>=5000,graphsage_fairloss_a5_sstate50_mb,graphsage_fairloss_a25_sstate50_mb,selection_rate,gap,0.023929211589097,0.021999331364139996,0.025893705199775196,True
Victim Race,named_n>=5000,graphsage_fairloss_a5_sstate50_mb,graphsage_fairloss_a25_sstate50_mb,selection_rate,amplification,0.3135156947279669,0.28219008995579825,0.3451802566234432,True
Victim Race,named_n>=5000,graphsage_fairloss_a5_sstate50_mb,graphsage_fairloss_a25_sstate50_mb,tpr,gap,0.024515206306608528,0.02229087294698472,0.026863272481363835,True
Victim Race,named_n>=5000,graphsage_fairloss_a5_sstate50_mb,graphsage_fairloss_a25_sstate50_mb,tpr,amplification,0.3211932791015053,0.2863278587368559,0.3583212843621706,True
Victim Race,named_n>=5000,graphsage_fairloss_a5_sstate50_mb,graphsage_fairloss_a25_sstate50_mb,fpr,gap,0.020547738791644787,0.01679742163415314,0.024473060166379113,True
Victim Race,named_n>=5000,graphsage_fairloss_a5_sstate50_mb,graphsage_fairloss_a25_sstate50_mb,fpr,amplification,0.2692123214492588,0.21634047116549704,0.32395593190046035,True
Victim Race,named_all,graphsage_fairloss_a5_sstate50_mb,graphsage_fairloss_a50_sstate50_mb,selection_rate,gap,-0.017818013270313515,-0.03789465575917543,-0.001039737664780613,True
Victim Race,named_all,graphsage_fairloss_a5_sstate50_mb,graphsage_fairloss_a50_sstate50_mb,selection_rate,amplification,-0.13241412403009645,-0.2824982968649684,-0.007382051249963496,True
Victim Race,named_all,graphsage_fairloss_a5_sstate50_mb,graphsage_fairloss_a50_sstate50_mb,tpr,gap,-0.0331302457055882,-0.04940582627242448,-0.018009361786102764,True
Victim Race,named_all,graphsage_fairloss_a5_sstate50_mb,graphsage_fairloss_a50_sstate50_mb,tpr,amplification,-0.24620659988598903,-0.379116528165055,-0.13209045670225616,True
Victim Race,named_all,graphsage_fairloss_a5_sstate50_mb,graphsage_fairloss_a50_sstate50_mb,fpr,gap,-0.004542870853969316,-0.031660363810544316,0.02263757352469448,False
Victim Race,named_all,graphsage_fairloss_a5_sstate50_mb,graphsage_fairloss_a50_sstate50_mb,fpr,amplification,-0.03376023216417878,-0.23129615317710092,0.16511601405358803,False
Victim Race,named_n>=5000,graphsage_fairloss_a5_sstate50_mb,graphsage_fairloss_a50_sstate50_mb,selection_rate,gap,0.02616524557630784,0.023858283909768588,0.02833508140508579,True
Victim Race,named_n>=5000,graphsage_fairloss_a5_sstate50_mb,graphsage_fairloss_a50_sstate50_mb,selection_rate,amplification,0.3428117601802514,0.30642235727803874,0.3759949886099164,True
Victim Race,named_n>=5000,graphsage_fairloss_a5_sstate50_mb,graphsage_fairloss_a50_sstate50_mb,tpr,gap,0.026196655986502004,0.023418186128457107,0.028858248016175828,True
Victim Race,named_n>=5000,graphsage_fairloss_a5_sstate50_mb,graphsage_fairloss_a50_sstate50_mb,tpr,amplification,0.34322329302733445,0.3043145281096858,0.3812772748026906,True
Victim Race,named_n>=5000,graphsage_fairloss_a5_sstate50_mb,graphsage_fairloss_a50_sstate50_mb,fpr,gap,0.023524653018293595,0.01957194920958965,0.027532109387483236,True
Victim Race,named_n>=5000,graphsage_fairloss_a5_sstate50_mb,graphsage_fairloss_a50_sstate50_mb,fpr,amplification,0.3082152500847606,0.2536989623033311,0.3616945266756967,True
Victim Race,named_all,graphsage_fairloss_a5_sstate50_mb,graphsage_fairloss_a100_sstate50_mb,selection_rate,gap,-0.03069755827497256,-0.05087812082424616,-0.011691289533143974,True
Victim Race,named_all,graphsage_fairloss_a5_sstate50_mb,graphsage_fairloss_a100_sstate50_mb,selection_rate,amplification,-0.22812814353526445,-0.39175848971588334,-0.0883079938500538,True
Victim Race,named_all,graphsage_fairloss_a5_sstate50_mb,graphsage_fairloss_a100_sstate50_mb,tpr,gap,-0.0388219178082192,-0.056679830505073275,-0.02408450347462384,True
Victim Race,named_all,graphsage_fairloss_a5_sstate50_mb,graphsage_fairloss_a100_sstate50_mb,tpr,amplification,-0.2885041200585712,-0.43255704578996756,-0.16991603845987882,True
Victim Race,named_all,graphsage_fairloss_a5_sstate50_mb,graphsage_fairloss_a100_sstate50_mb,fpr,gap,-0.029833949113137248,-0.061165310603030314,0.0015780926493377833,False
Victim Race,named_all,graphsage_fairloss_a5_sstate50_mb,graphsage_fairloss_a100_sstate50_mb,fpr,amplification,-0.22171025345212514,-0.4585040439815609,0.0119177035411724,False
Victim Race,named_n>=5000,graphsage_fairloss_a5_sstate50_mb,graphsage_fairloss_a100_sstate50_mb,selection_rate,gap,0.026868518912845807,0.024454008682260896,0.029236417844687012,True
Victim Race,named_n>=5000,graphsage_fairloss_a5_sstate50_mb,graphsage_fairloss_a100_sstate50_mb,selection_rate,amplification,0.35202590532111433,0.31548930275276715,0.3897711940811241,True
Victim Race,named_n>=5000,graphsage_fairloss_a5_sstate50_mb,graphsage_fairloss_a100_sstate50_mb,tpr,gap,0.025096372156593882,0.022336483671662553,0.027919660594565222,True
Victim Race,named_n>=5000,graphsage_fairloss_a5_sstate50_mb,graphsage_fairloss_a100_sstate50_mb,tpr,amplification,0.32880759662851256,0.28952789824183983,0.3718248138235326,True
Victim Race,named_n>=5000,graphsage_fairloss_a5_sstate50_mb,graphsage_fairloss_a100_sstate50_mb,fpr,gap,0.02725151959513855,0.02260218888796685,0.03160757563259715,True
Victim Race,named_n>=5000,graphsage_fairloss_a5_sstate50_mb,graphsage_fairloss_a100_sstate50_mb,fpr,amplification,0.35704390286537957,0.2946638284835122,0.4182843091541129,True
Victim Race,named_all,graphsage_fairloss_a10_sstate50_mb,graphsage_fairloss_a25_sstate50_mb,selection_rate,gap,-0.012791992766661098,-0.02973807315821393,0.005183344006536265,False
Victim Race,named_all,graphsage_fairloss_a10_sstate50_mb,graphsage_fairloss_a25_sstate50_mb,selection_rate,amplification,-0.09506337721831515,-0.23114238842301643,0.03837390013564464,False
Victim Race,named_all,graphsage_fairloss_a10_sstate50_mb,graphsage_fairloss_a25_sstate50_mb,tpr,gap,-0.016268754076973146,-0.028885292346630884,-0.0031860719383842136,True
Victim Race,named_all,graphsage_fairloss_a10_sstate50_mb,graphsage_fairloss_a25_sstate50_mb,tpr,amplification,-0.12090084273046187,-0.2194007357681533,-0.022661155095659056,True
Victim Race,named_all,graphsage_fairloss_a10_sstate50_mb,graphsage_fairloss_a25_sstate50_mb,fpr,gap,-0.016602060261003637,-0.04254984263653621,0.007299325247981657,False
Victim Race,named_all,graphsage_fairloss_a10_sstate50_mb,graphsage_fairloss_a25_sstate50_mb,fpr,amplification,-0.12337779937667492,-0.31759949820803324,0.057129912541979265,False
Victim Race,named_n>=5000,graphsage_fairloss_a10_sstate50_mb,graphsage_fairloss_a25_sstate50_mb,selection_rate,gap,0.01832941802423438,0.016604983757796225,0.02006874997247613,True
Victim Race,named_n>=5000,graphsage_fairloss_a10_sstate50_mb,graphsage_fairloss_a25_sstate50_mb,selection_rate,amplification,0.24014833102338806,0.2142464011866168,0.26861305312276174,True
Victim Race,named_n>=5000,graphsage_fairloss_a10_sstate50_mb,graphsage_fairloss_a25_sstate50_mb,tpr,gap,0.018636054948138248,0.016448971905835923,0.02076207768740209,True
Victim Race,named_n>=5000,graphsage_fairloss_a10_sstate50_mb,graphsage_fairloss_a25_sstate50_mb,tpr,amplification,0.24416582603650294,0.21386798238562732,0.27346794488408954,True
Victim Race,named_n>=5000,graphsage_fairloss_a10_sstate50_mb,graphsage_fairloss_a25_sstate50_mb,fpr,gap,0.016066543023008917,0.012666198548206505,0.019562660928215105,True
Victim Race,named_n>=5000,graphsage_fairloss_a10_sstate50_mb,graphsage_fairloss_a25_sstate50_mb,fpr,amplification,0.21050060002940074,0.16461727077811245,0.26060533563693916,True
Victim Race,named_all,graphsage_fairloss_a10_sstate50_mb,graphsage_fairloss_a50_sstate50_mb,selection_rate,gap,-0.0226882862734179,-0.04069364641523886,-0.005422338733083583,True
Victim Race,named_all,graphsage_fairloss_a10_sstate50_mb,graphsage_fairloss_a50_sstate50_mb,selection_rate,amplification,-0.16860743715148385,-0.30897039642200436,-0.03942263487667955,True
Victim Race,named_all,graphsage_fairloss_a10_sstate50_mb,graphsage_fairloss_a50_sstate50_mb,tpr,gap,-0.02592954990215257,-0.04155087789918185,-0.011729578895291732,True
Victim Race,named_all,graphsage_fairloss_a10_sstate50_mb,graphsage_fairloss_a50_sstate50_mb,tpr,amplification,-0.19269480747938572,-0.31671358237156594,-0.08846760517843755,True
Victim Race,named_all,graphsage_fairloss_a10_sstate50_mb,graphsage_fairloss_a50_sstate50_mb,fpr,gap,-0.017921754809372248,-0.040279514787536205,0.002957265166696024,False
Victim Race,named_all,graphsage_fairloss_a10_sstate50_mb,graphsage_fairloss_a50_sstate50_mb,fpr,amplification,-0.1331850767065592,-0.3019342764961671,0.022150779475677777,False
Victim Race,named_n>=5000,graphsage_fairloss_a10_sstate50_mb,graphsage_fairloss_a50_sstate50_mb,selection_rate,gap,0.020565452011445218,0.018740021876592895,0.02248748497944992,True
Victim Race,named_n>=5000,graphsage_fairloss_a10_sstate50_mb,graphsage_fairloss_a50_sstate50_mb,selection_rate,amplification,0.26944439647567253,0.2416328325632748,0.30036911550826123,True
Victim Race,named_n>=5000,graphsage_fairloss_a10_sstate50_mb,graphsage_fairloss_a50_sstate50_mb,tpr,gap,0.020317504628031724,0.01805679049478488,0.022617592758324017,True
Victim Race,named_n>=5000,graphsage_fairloss_a10_sstate50_mb,graphsage_fairloss_a50_sstate50_mb,tpr,amplification,0.2661958399623321,0.23341934280062224,0.29933675602792986,True
Victim Race,named_n>=5000,graphsage_fairloss_a10_sstate50_mb,graphsage_fairloss_a50_sstate50_mb,fpr,gap,0.019043457249657725,0.015256495655491314,0.022635510742420685,True
Victim Race,named_n>=5000,graphsage_fairloss_a10_sstate50_mb,graphsage_fairloss_a50_sstate50_mb,fpr,amplification,0.24950352866490255,0.19877024619001946,0.30016152117817435,True
Victim Race,named_all,graphsage_fairloss_a10_sstate50_mb,graphsage_fairloss_a100_sstate50_mb,selection_rate,gap,-0.035567831278076945,-0.054150164363987424,-0.01576152680094715,True
Victim Race,named_all,graphsage_fairloss_a10_sstate50_mb,graphsage_fairloss_a100_sstate50_mb,selection_rate,amplification,-0.26432145665665185,-0.4301372841656808,-0.11718611604038873,True
Victim Race,named_all,graphsage_fairloss_a10_sstate50_mb,graphsage_fairloss_a100_sstate50_mb,tpr,gap,-0.03162122200478357,-0.04843370737698029,-0.015012107043896387,True
Victim Race,named_all,graphsage_fairloss_a10_sstate50_mb,graphsage_fairloss_a100_sstate50_mb,tpr,amplification,-0.23499232765196787,-0.374765930263083,-0.11211732387858903,True
Victim Race,named_all,graphsage_fairloss_a10_sstate50_mb,graphsage_fairloss_a100_sstate50_mb,fpr,gap,-0.04321283306854018,-0.0709155576070493,-0.016981799834699513,True
Victim Race,named_all,graphsage_fairloss_a10_sstate50_mb,graphsage_fairloss_a100_sstate50_mb,fpr,amplification,-0.32113509799450557,-0.5347821275481568,-0.12583931732089818,True
Victim Race,named_n>=5000,graphsage_fairloss_a10_sstate50_mb,graphsage_fairloss_a100_sstate50_mb,selection_rate,gap,0.021268725347983186,0.01916850542158771,0.023575241988997804,True
Victim Race,named_n>=5000,graphsage_fairloss_a10_sstate50_mb,graphsage_fairloss_a100_sstate50_mb,selection_rate,amplification,0.27865854161653547,0.24733638241714423,0.31118874877646585,True
Victim Race,named_n>=5000,graphsage_fairloss_a10_sstate50_mb,graphsage_fairloss_a100_sstate50_mb,tpr,gap,0.019217220798123602,0.016684950715424085,0.021780339105747358,True
Victim Race,named_n>=5000,graphsage_fairloss_a10_sstate50_mb,graphsage_fairloss_a100_sstate50_mb,tpr,amplification,0.2517801435635102,0.2165746354006328,0.288546042067925,True
Victim Race,named_n>=5000,graphsage_fairloss_a10_sstate50_mb,graphsage_fairloss_a100_sstate50_mb,fpr,gap,0.02277032382650268,0.018532118710366724,0.026927159686723483,True
Victim Race,named_n>=5000,graphsage_fairloss_a10_sstate50_mb,graphsage_fairloss_a100_sstate50_mb,fpr,amplification,0.29833218144552154,0.23989728003611677,0.3541724447592484,True
Victim Race,named_all,graphsage_fairloss_a25_sstate50_mb,graphsage_fairloss_a50_sstate50_mb,selection_rate,gap,-0.009896293506756804,-0.022036664204361678,0.0008864780830714375,False
Victim Race,named_all,graphsage_fairloss_a25_sstate50_mb,graphsage_fairloss_a50_sstate50_mb,selection_rate,amplification,-0.0735440599331687,-0.16235970374574632,0.006420873717189916,False
Victim Race,named_all,graphsage_fairloss_a25_sstate50_mb,graphsage_fairloss_a50_sstate50_mb,tpr,gap,-0.009660795825179425,-0.022170849167828223,0.0032525208490283217,False
Victim Race,named_all,graphsage_fairloss_a25_sstate50_mb,graphsage_fairloss_a50_sstate50_mb,tpr,amplification,-0.07179396474892386,-0.16821102432816698,0.027204797043343987,False
Victim Race,named_all,graphsage_fairloss_a25_sstate50_mb,graphsage_fairloss_a50_sstate50_mb,fpr,gap,-0.0013196945483686107,-0.020319935787784675,0.019650854122135106,False
Victim Race,named_all,graphsage_fairloss_a25_sstate50_mb,graphsage_fairloss_a50_sstate50_mb,fpr,amplification,-0.00980727732988429,-0.14809100402448577,0.15178571503196847,False
Victim Race,named_n>=5000,graphsage_fairloss_a25_sstate50_mb,graphsage_fairloss_a50_sstate50_mb,selection_rate,gap,0.0022360339872108392,0.0004518853516782828,0.004151179531421789,True
Victim Race,named_n>=5000,graphsage_fairloss_a25_sstate50_mb,graphsage_fairloss_a50_sstate50_mb,selection_rate,amplification,0.02929606545228447,0.005970138103432915,0.054844093940333724,True
Victim Race,named_n>=5000,graphsage_fairloss_a25_sstate50_mb,graphsage_fairloss_a50_sstate50_mb,tpr,gap,0.0016814496798934764,-0.0006140720485242835,0.004040559764271872,False
Victim Race,named_n>=5000,graphsage_fairloss_a25_sstate50_mb,graphsage_fairloss_a50_sstate50_mb,tpr,amplification,0.02203001392582915,-0.007950933803327858,0.05359272421599695,False
Victim Race,named_n>=5000,graphsage_fairloss_a25_sstate50_mb,graphsage_fairloss_a50_sstate50_mb,fpr,gap,0.002976914226648808,-0.0002640570352133761,0.006380552329264462,False
Victim Race,named_n>=5000,graphsage_fairloss_a25_sstate50_mb,graphsage_fairloss_a50_sstate50_mb,fpr,amplification,0.03900292863550181,-0.0035051801437058047,0.08462266507234784,False
Victim Race,named_all,graphsage_fairloss_a25_sstate50_mb,graphsage_fairloss_a100_sstate50_mb,selection_rate,gap,-0.022775838511415847,-0.033587729271978485,-0.011336687620399587,True
Victim Race,named_all,graphsage_fairloss_a25_sstate50_mb,graphsage_fairloss_a100_sstate50_mb,selection_rate,amplification,-0.1692580794383367,-0.26575722652887507,-0.08088633547394171,True
Victim Race,named_all,graphsage_fairloss_a25_sstate50_mb,graphsage_fairloss_a100_sstate50_mb,tpr,gap,-0.01535246792781042,-0.029342262548233192,-0.0016867184167449285,True
Victim Race,named_all,graphsage_fairloss_a25_sstate50_mb,graphsage_fairloss_a100_sstate50_mb,tpr,amplification,-0.114091484921506,-0.22451241550283277,-0.012243135389865448,True
Victim Race,named_all,graphsage_fairloss_a25_sstate50_mb,graphsage_fairloss_a100_sstate50_mb,fpr,gap,-0.026610772807536542,-0.043688900174999004,-0.009561345866178945,True
Victim Race,named_all,graphsage_fairloss_a25_sstate50_mb,graphsage_fairloss_a100_sstate50_mb,fpr,amplification,-0.19775729861783065,-0.33469741497452454,-0.06999869613206097,True
Victim Race,named_n>=5000,graphsage_fairloss_a25_sstate50_mb,graphsage_fairloss_a100_sstate50_mb,selection_rate,gap,0.0029393073237488077,0.0008047263459336401,0.004945496995467635,True
Victim Race,named_n>=5000,graphsage_fairloss_a25_sstate50_mb,graphsage_fairloss_a100_sstate50_mb,selection_rate,amplification,0.03851021059314741,0.010443174695562125,0.06403131739411831,True
Victim Race,named_n>=5000,graphsage_fairloss_a25_sstate50_mb,graphsage_fairloss_a100_sstate50_mb,tpr,gap,0.0005811658499853545,-0.0018679636592812798,0.003206647810663834,False
Victim Race,named_n>=5000,graphsage_fairloss_a25_sstate50_mb,graphsage_fairloss_a100_sstate50_mb,tpr,amplification,0.007614317527007253,-0.024459833968740165,0.04287463034222734,False
Victim Race,named_n>=5000,graphsage_fairloss_a25_sstate50_mb,graphsage_fairloss_a100_sstate50_mb,fpr,gap,0.006703780803493764,0.0030512507587876813,0.010447537016278445,True
Victim Race,named_n>=5000,graphsage_fairloss_a25_sstate50_mb,graphsage_fairloss_a100_sstate50_mb,fpr,amplification,0.0878315814161208,0.04041995223194434,0.1363416882543513,True
Victim Race,named_all,graphsage_fairloss_a50_sstate50_mb,graphsage_fairloss_a100_sstate50_mb,selection_rate,gap,-0.012879545004659043,-0.022951857109060832,-0.0030746439863776,True
Victim Race,named_all,graphsage_fairloss_a50_sstate50_mb,graphsage_fairloss_a100_sstate50_mb,selection_rate,amplification,-0.095714019505168,-0.18261670937488925,-0.021783934522829174,True
Victim Race,named_all,graphsage_fairloss_a50_sstate50_mb,graphsage_fairloss_a100_sstate50_mb,tpr,gap,-0.005691672102630996,-0.016634911423005966,0.004924935346002188,False
Victim Race,named_all,graphsage_fairloss_a50_sstate50_mb,graphsage_fairloss_a100_sstate50_mb,tpr,amplification,-0.04229752017258215,-0.1266714161372465,0.03762461870742405,False
Victim Race,named_all,graphsage_fairloss_a50_sstate50_mb,graphsage_fairloss_a100_sstate50_mb,fpr,gap,-0.02529107825916793,-0.048703974099598056,-0.006492282071784824,True
Victim Race,named_all,graphsage_fairloss_a50_sstate50_mb,graphsage_fairloss_a100_sstate50_mb,fpr,amplification,-0.18795002128794636,-0.3795724223196084,-0.04900216516482171,True
Victim Race,named_n>=5000,graphsage_fairloss_a50_sstate50_mb,graphsage_fairloss_a100_sstate50_mb,selection_rate,gap,0.0007032733365379684,-0.00107284444470917,0.0025145221750588363,False
Victim Race,named_n>=5000,graphsage_fairloss_a50_sstate50_mb,graphsage_fairloss_a100_sstate50_mb,selection_rate,amplification,0.00921414514086294,-0.013805226706034407,0.03297291393166001,False
Victim Race,named_n>=5000,graphsage_fairloss_a50_sstate50_mb,graphsage_fairloss_a100_sstate50_mb,tpr,gap,-0.001100283829908122,-0.003226161343828815,0.0009812818236168363,False
Victim Race,named_n>=5000,graphsage_fairloss_a50_sstate50_mb,graphsage_fairloss_a100_sstate50_mb,tpr,amplification,-0.014415696398821898,-0.042132440665560635,0.012651535341641252,False
Victim Race,named_n>=5000,graphsage_fairloss_a50_sstate50_mb,graphsage_fairloss_a100_sstate50_mb,fpr,gap,0.003726866576844956,0.0005003805140948739,0.007149619292717175,True
Victim Race,named_n>=5000,graphsage_fairloss_a50_sstate50_mb,graphsage_fairloss_a100_sstate50_mb,fpr,amplification,0.048828652780618986,0.006645087933900999,0.09457975873144836,True
Victim Sex,named_all,graphsage_geo_blind_mb,graphsage_fairloss_a10_mb,selection_rate,gap,0.018566689714546114,0.015742037700715597,0.021390490358687456,True
Victim Sex,named_all,graphsage_geo_blind_mb,graphsage_fairloss_a10_mb,selection_rate,amplification,0.2248963479746222,0.18838663731521277,0.26457697205644437,True
Victim Sex,named_all,graphsage_geo_blind_mb,graphsage_fairloss_a10_mb,tpr,gap,0.01630600910981339,0.013063043715935774,0.019595678379305953,True
Victim Sex,named_all,graphsage_geo_blind_mb,graphsage_fairloss_a10_mb,tpr,amplification,0.19751296301165122,0.15856690594176143,0.2411155831451631,True
Victim Sex,named_all,graphsage_geo_blind_mb,graphsage_fairloss_a10_mb,fpr,gap,0.023754339400039792,0.017537657773423396,0.02983541170978918,True
Victim Sex,named_all,graphsage_geo_blind_mb,graphsage_fairloss_a10_mb,fpr,amplification,0.28773379971084556,0.20902290164753487,0.3635345770708607,True
Victim Sex,named_n>=5000,graphsage_geo_blind_mb,graphsage_fairloss_a10_mb,selection_rate,gap,0.018566689714546114,0.015742037700715597,0.021390490358687456,True
Victim Sex,named_n>=5000,graphsage_geo_blind_mb,graphsage_fairloss_a10_mb,selection_rate,amplification,0.2248963479746222,0.18838663731521277,0.26457697205644437,True
Victim Sex,named_n>=5000,graphsage_geo_blind_mb,graphsage_fairloss_a10_mb,tpr,gap,0.01630600910981339,0.013063043715935774,0.019595678379305953,True
Victim Sex,named_n>=5000,graphsage_geo_blind_mb,graphsage_fairloss_a10_mb,tpr,amplification,0.19751296301165122,0.15856690594176143,0.2411155831451631,True
Victim Sex,named_n>=5000,graphsage_geo_blind_mb,graphsage_fairloss_a10_mb,fpr,gap,0.023754339400039792,0.017537657773423396,0.02983541170978918,True
Victim Sex,named_n>=5000,graphsage_geo_blind_mb,graphsage_fairloss_a10_mb,fpr,amplification,0.28773379971084556,0.20902290164753487,0.3635345770708607,True
Victim Sex,named_all,graphsage_geo_blind_mb,graphsage_fairloss_a25_mb,selection_rate,gap,0.025749150554505107,0.022475573225881135,0.02884669368904046,True
Victim Sex,named_all,graphsage_geo_blind_mb,graphsage_fairloss_a25_mb,selection_rate,amplification,0.3118967361543201,0.2693905790049111,0.3550380208500919,True
Victim Sex,named_all,graphsage_geo_blind_mb,graphsage_fairloss_a25_mb,tpr,gap,0.02263904161458752,0.0190121365789786,0.0261415744125434,True
Victim Sex,named_all,graphsage_geo_blind_mb,graphsage_fairloss_a25_mb,tpr,amplification,0.27422431564509475,0.22770414941392214,0.3196765778506574,True
Victim Sex,named_all,graphsage_geo_blind_mb,graphsage_fairloss_a25_mb,fpr,gap,0.03322293851510799,0.02643249042578119,0.03958904429661303,True
Victim Sex,named_all,graphsage_geo_blind_mb,graphsage_fairloss_a25_mb,fpr,amplification,0.40242593892111367,0.3176635341202614,0.4852464074809128,True
Victim Sex,named_n>=5000,graphsage_geo_blind_mb,graphsage_fairloss_a25_mb,selection_rate,gap,0.025749150554505107,0.022475573225881135,0.02884669368904046,True
Victim Sex,named_n>=5000,graphsage_geo_blind_mb,graphsage_fairloss_a25_mb,selection_rate,amplification,0.3118967361543201,0.2693905790049111,0.3550380208500919,True
Victim Sex,named_n>=5000,graphsage_geo_blind_mb,graphsage_fairloss_a25_mb,tpr,gap,0.02263904161458752,0.0190121365789786,0.0261415744125434,True
Victim Sex,named_n>=5000,graphsage_geo_blind_mb,graphsage_fairloss_a25_mb,tpr,amplification,0.27422431564509475,0.22770414941392214,0.3196765778506574,True
Victim Sex,named_n>=5000,graphsage_geo_blind_mb,graphsage_fairloss_a25_mb,fpr,gap,0.03322293851510799,0.02643249042578119,0.03958904429661303,True
Victim Sex,named_n>=5000,graphsage_geo_blind_mb,graphsage_fairloss_a25_mb,fpr,amplification,0.40242593892111367,0.3176635341202614,0.4852464074809128,True
Victim Sex,named_all,graphsage_geo_blind_mb,graphsage_fairloss_a100_mb,selection_rate,gap,0.02734102598224275,0.023992875260451265,0.030652108165251588,True
Victim Sex,named_all,graphsage_geo_blind_mb,graphsage_fairloss_a100_mb,selection_rate,amplification,0.3311789547744899,0.2888036284181243,0.3778103591160704,True
Victim Sex,named_all,graphsage_geo_blind_mb,graphsage_fairloss_a100_mb,tpr,gap,0.02431372838255641,0.02016099356676374,0.028357648855932657,True
Victim Sex,named_all,graphsage_geo_blind_mb,graphsage_fairloss_a100_mb,tpr,amplification,0.2945096192672345,0.24235546152992324,0.3450844484535967,True
Victim Sex,named_all,graphsage_geo_blind_mb,graphsage_fairloss_a100_mb,fpr,gap,0.03279562236799177,0.025941803117857765,0.03981803134419121,True
Victim Sex,named_all,graphsage_geo_blind_mb,graphsage_fairloss_a100_mb,fpr,amplification,0.39724990364532986,0.31180986001090305,0.4866957199031779,True
Victim Sex,named_n>=5000,graphsage_geo_blind_mb,graphsage_fairloss_a100_mb,selection_rate,gap,0.02734102598224275,0.023992875260451265,0.030652108165251588,True
Victim Sex,named_n>=5000,graphsage_geo_blind_mb,graphsage_fairloss_a100_mb,selection_rate,amplification,0.3311789547744899,0.2888036284181243,0.3778103591160704,True
Victim Sex,named_n>=5000,graphsage_geo_blind_mb,graphsage_fairloss_a100_mb,tpr,gap,0.02431372838255641,0.02016099356676374,0.028357648855932657,True
Victim Sex,named_n>=5000,graphsage_geo_blind_mb,graphsage_fairloss_a100_mb,tpr,amplification,0.2945096192672345,0.24235546152992324,0.3450844484535967,True
Victim Sex,named_n>=5000,graphsage_geo_blind_mb,graphsage_fairloss_a100_mb,fpr,gap,0.03279562236799177,0.025941803117857765,0.03981803134419121,True
Victim Sex,named_n>=5000,graphsage_geo_blind_mb,graphsage_fairloss_a100_mb,fpr,amplification,0.39724990364532986,0.31180986001090305,0.4866957199031779,True
Victim Sex,named_all,graphsage_geo_blind_mb,graphsage_fairloss_a5_sstate20_mb,selection_rate,gap,0.013304148557601314,0.011074067211113193,0.015565467870046684,True
Victim Sex,named_all,graphsage_geo_blind_mb,graphsage_fairloss_a5_sstate20_mb,selection_rate,amplification,0.1611517437689629,0.1321312301218269,0.1905422151838231,True
Victim Sex,named_all,graphsage_geo_blind_mb,graphsage_fairloss_a5_sstate20_mb,tpr,gap,0.012391789175180912,0.009867829729475036,0.015054407733642361,True
Victim Sex,named_all,graphsage_geo_blind_mb,graphsage_fairloss_a5_sstate20_mb,tpr,amplification,0.1501004311062658,0.11950905104498902,0.184503347019396,True
Victim Sex,named_all,graphsage_geo_blind_mb,graphsage_fairloss_a5_sstate20_mb,fpr,gap,0.014405631749048575,0.00959509324032011,0.01935324595763077,True
Victim Sex,named_all,graphsage_geo_blind_mb,graphsage_fairloss_a5_sstate20_mb,fpr,amplification,0.17449389311925034,0.11343849610183794,0.23773999608895754,True
Victim Sex,named_n>=5000,graphsage_geo_blind_mb,graphsage_fairloss_a5_sstate20_mb,selection_rate,gap,0.013304148557601314,0.011074067211113193,0.015565467870046684,True
Victim Sex,named_n>=5000,graphsage_geo_blind_mb,graphsage_fairloss_a5_sstate20_mb,selection_rate,amplification,0.1611517437689629,0.1321312301218269,0.1905422151838231,True
Victim Sex,named_n>=5000,graphsage_geo_blind_mb,graphsage_fairloss_a5_sstate20_mb,tpr,gap,0.012391789175180912,0.009867829729475036,0.015054407733642361,True
Victim Sex,named_n>=5000,graphsage_geo_blind_mb,graphsage_fairloss_a5_sstate20_mb,tpr,amplification,0.1501004311062658,0.11950905104498902,0.184503347019396,True
Victim Sex,named_n>=5000,graphsage_geo_blind_mb,graphsage_fairloss_a5_sstate20_mb,fpr,gap,0.014405631749048575,0.00959509324032011,0.01935324595763077,True
Victim Sex,named_n>=5000,graphsage_geo_blind_mb,graphsage_fairloss_a5_sstate20_mb,fpr,amplification,0.17449389311925034,0.11343849610183794,0.23773999608895754,True
Victim Sex,named_all,graphsage_geo_blind_mb,graphsage_fairloss_a10_sstate20_mb,selection_rate,gap,0.02372397359701428,0.021067760757301678,0.02625992138905764,True
Victim Sex,named_all,graphsage_geo_blind_mb,graphsage_fairloss_a10_sstate20_mb,selection_rate,amplification,0.2873659819517971,0.25179468559855844,0.322584248165733,True
Victim Sex,named_all,graphsage_geo_blind_mb,graphsage_fairloss_a10_sstate20_mb,tpr,gap,0.022445512881022145,0.019431493556823363,0.0252753558808162,True
Victim Sex,named_all,graphsage_geo_blind_mb,graphsage_fairloss_a10_sstate20_mb,tpr,amplification,0.2718801225726535,0.23208951615525886,0.31000105794992855,True
Victim Sex,named_all,graphsage_geo_blind_mb,graphsage_fairloss_a10_sstate20_mb,fpr,gap,0.02448506445226939,0.01863860507495356,0.02997672331982688,True
Victim Sex,named_all,graphsage_geo_blind_mb,graphsage_fairloss_a10_sstate20_mb,fpr,amplification,0.29658499495063295,0.22469969051441566,0.3663023654074581,True
Victim Sex,named_n>=5000,graphsage_geo_blind_mb,graphsage_fairloss_a10_sstate20_mb,selection_rate,gap,0.02372397359701428,0.021067760757301678,0.02625992138905764,True
Victim Sex,named_n>=5000,graphsage_geo_blind_mb,graphsage_fairloss_a10_sstate20_mb,selection_rate,amplification,0.2873659819517971,0.25179468559855844,0.322584248165733,True
Victim Sex,named_n>=5000,graphsage_geo_blind_mb,graphsage_fairloss_a10_sstate20_mb,tpr,gap,0.022445512881022145,0.019431493556823363,0.0252753558808162,True
Victim Sex,named_n>=5000,graphsage_geo_blind_mb,graphsage_fairloss_a10_sstate20_mb,tpr,amplification,0.2718801225726535,0.23208951615525886,0.31000105794992855,True
Victim Sex,named_n>=5000,graphsage_geo_blind_mb,graphsage_fairloss_a10_sstate20_mb,fpr,gap,0.02448506445226939,0.01863860507495356,0.02997672331982688,True
Victim Sex,named_n>=5000,graphsage_geo_blind_mb,graphsage_fairloss_a10_sstate20_mb,fpr,amplification,0.29658499495063295,0.22469969051441566,0.3663023654074581,True
Victim Sex,named_all,graphsage_geo_blind_mb,graphsage_fairloss_a25_sstate20_mb,selection_rate,gap,0.027609779841707316,0.024650031979936437,0.030463010262991454,True
Victim Sex,named_all,graphsage_geo_blind_mb,graphsage_fairloss_a25_sstate20_mb,selection_rate,amplification,0.33443434183739273,0.29548661456674635,0.37459766980736536,True
Victim Sex,named_all,graphsage_geo_blind_mb,graphsage_fairloss_a25_sstate20_mb,tpr,gap,0.02598085754599666,0.02255072028614607,0.029509416794958557,True
Victim Sex,named_all,graphsage_geo_blind_mb,graphsage_fairloss_a25_sstate20_mb,tpr,amplification,0.3147033784253875,0.2726960904424695,0.3597061007183145,True
Victim Sex,named_all,graphsage_geo_blind_mb,graphsage_fairloss_a25_sstate20_mb,fpr,gap,0.028450784251379535,0.022473126850302238,0.03421722503741345,True
Victim Sex,named_all,graphsage_geo_blind_mb,graphsage_fairloss_a25_sstate20_mb,fpr,amplification,0.3446213392652461,0.2703389369099,0.42028840522675504,True
Victim Sex,named_n>=5000,graphsage_geo_blind_mb,graphsage_fairloss_a25_sstate20_mb,selection_rate,gap,0.027609779841707316,0.024650031979936437,0.030463010262991454,True
Victim Sex,named_n>=5000,graphsage_geo_blind_mb,graphsage_fairloss_a25_sstate20_mb,selection_rate,amplification,0.33443434183739273,0.29548661456674635,0.37459766980736536,True
Victim Sex,named_n>=5000,graphsage_geo_blind_mb,graphsage_fairloss_a25_sstate20_mb,tpr,gap,0.02598085754599666,0.02255072028614607,0.029509416794958557,True
Victim Sex,named_n>=5000,graphsage_geo_blind_mb,graphsage_fairloss_a25_sstate20_mb,tpr,amplification,0.3147033784253875,0.2726960904424695,0.3597061007183145,True
Victim Sex,named_n>=5000,graphsage_geo_blind_mb,graphsage_fairloss_a25_sstate20_mb,fpr,gap,0.028450784251379535,0.022473126850302238,0.03421722503741345,True
Victim Sex,named_n>=5000,graphsage_geo_blind_mb,graphsage_fairloss_a25_sstate20_mb,fpr,amplification,0.3446213392652461,0.2703389369099,0.42028840522675504,True
Victim Sex,named_all,graphsage_geo_blind_mb,graphsage_fairloss_a50_sstate20_mb,selection_rate,gap,0.03463588962721453,0.03113262898506511,0.037872813933520495,True
Victim Sex,named_all,graphsage_geo_blind_mb,graphsage_fairloss_a50_sstate20_mb,selection_rate,amplification,0.4195408662379896,0.3735048217813008,0.4691850140896754,True
Victim Sex,named_all,graphsage_geo_blind_mb,graphsage_fairloss_a50_sstate20_mb,tpr,gap,0.03289258393516936,0.028978275464689267,0.036765923040885495,True
Victim Sex,named_all,graphsage_geo_blind_mb,graphsage_fairloss_a50_sstate20_mb,tpr,amplification,0.3984243888490683,0.34648355865233205,0.4543969926664013,True
Victim Sex,named_all,graphsage_geo_blind_mb,graphsage_fairloss_a50_sstate20_mb,fpr,gap,0.03472264150575166,0.02814155231630981,0.04094023913939545,True
Victim Sex,named_all,graphsage_geo_blind_mb,graphsage_fairloss_a50_sstate20_mb,fpr,amplification,0.420591682563511,0.3338284073774893,0.49896804083766416,True
Victim Sex,named_n>=5000,graphsage_geo_blind_mb,graphsage_fairloss_a50_sstate20_mb,selection_rate,gap,0.03463588962721453,0.03113262898506511,0.037872813933520495,True
Victim Sex,named_n>=5000,graphsage_geo_blind_mb,graphsage_fairloss_a50_sstate20_mb,selection_rate,amplification,0.4195408662379896,0.3735048217813008,0.4691850140896754,True
Victim Sex,named_n>=5000,graphsage_geo_blind_mb,graphsage_fairloss_a50_sstate20_mb,tpr,gap,0.03289258393516936,0.028978275464689267,0.036765923040885495,True
Victim Sex,named_n>=5000,graphsage_geo_blind_mb,graphsage_fairloss_a50_sstate20_mb,tpr,amplification,0.3984243888490683,0.34648355865233205,0.4543969926664013,True
Victim Sex,named_n>=5000,graphsage_geo_blind_mb,graphsage_fairloss_a50_sstate20_mb,fpr,gap,0.03472264150575166,0.02814155231630981,0.04094023913939545,True
Victim Sex,named_n>=5000,graphsage_geo_blind_mb,graphsage_fairloss_a50_sstate20_mb,fpr,amplification,0.420591682563511,0.3338284073774893,0.49896804083766416,True
Victim Sex,named_all,graphsage_geo_blind_mb,graphsage_fairloss_a100_sstate20_mb,selection_rate,gap,0.044534578706260874,0.04098657687692483,0.04778032922160237,True
Victim Sex,named_all,graphsage_geo_blind_mb,graphsage_fairloss_a100_sstate20_mb,selection_rate,amplification,0.5394426396741931,0.48981355489492956,0.5899981813018786,True
Victim Sex,named_all,graphsage_geo_blind_mb,graphsage_fairloss_a100_sstate20_mb,tpr,gap,0.03980070897344812,0.03595160203613632,0.04376849841276553,True
Victim Sex,named_all,graphsage_geo_blind_mb,graphsage_fairloss_a100_sstate20_mb,tpr,amplification,0.48210177649042896,0.42699349630319594,0.5358402821450231,True
Victim Sex,named_all,graphsage_geo_blind_mb,graphsage_fairloss_a100_sstate20_mb,fpr,gap,0.0510405799073837,0.04386501348978517,0.058288428631627295,True
Victim Sex,named_all,graphsage_geo_blind_mb,graphsage_fairloss_a100_sstate20_mb,fpr,amplification,0.6182491438247255,0.522780651889136,0.7165854057166404,True
Victim Sex,named_n>=5000,graphsage_geo_blind_mb,graphsage_fairloss_a100_sstate20_mb,selection_rate,gap,0.044534578706260874,0.04098657687692483,0.04778032922160237,True
Victim Sex,named_n>=5000,graphsage_geo_blind_mb,graphsage_fairloss_a100_sstate20_mb,selection_rate,amplification,0.5394426396741931,0.48981355489492956,0.5899981813018786,True
Victim Sex,named_n>=5000,graphsage_geo_blind_mb,graphsage_fairloss_a100_sstate20_mb,tpr,gap,0.03980070897344812,0.03595160203613632,0.04376849841276553,True
Victim Sex,named_n>=5000,graphsage_geo_blind_mb,graphsage_fairloss_a100_sstate20_mb,tpr,amplification,0.48210177649042896,0.42699349630319594,0.5358402821450231,True
Victim Sex,named_n>=5000,graphsage_geo_blind_mb,graphsage_fairloss_a100_sstate20_mb,fpr,gap,0.0510405799073837,0.04386501348978517,0.058288428631627295,True
Victim Sex,named_n>=5000,graphsage_geo_blind_mb,graphsage_fairloss_a100_sstate20_mb,fpr,amplification,0.6182491438247255,0.522780651889136,0.7165854057166404,True
Victim Sex,named_all,graphsage_geo_blind_mb,graphsage_fairloss_a5_sstate50_mb,selection_rate,gap,0.01368087376745497,0.0114771737490168,0.01601421369627298,True
Victim Sex,named_all,graphsage_geo_blind_mb,graphsage_fairloss_a5_sstate50_mb,selection_rate,amplification,0.16571497637470212,0.13830679236106166,0.19806104788404894,True
Victim Sex,named_all,graphsage_geo_blind_mb,graphsage_fairloss_a5_sstate50_mb,tpr,gap,0.011611279413777709,0.009117862532520055,0.014318617618184176,True
Victim Sex,named_all,graphsage_geo_blind_mb,graphsage_fairloss_a5_sstate50_mb,tpr,amplification,0.1406461989519685,0.11000268693960549,0.17547863697218008,True
Victim Sex,named_all,graphsage_geo_blind_mb,graphsage_fairloss_a5_sstate50_mb,fpr,gap,0.018927520863659897,0.014064942934611769,0.023861534221172355,True
Victim Sex,named_all,graphsage_geo_blind_mb,graphsage_fairloss_a5_sstate50_mb,fpr,amplification,0.2292670575043667,0.17049806163794595,0.2917245692739914,True
Victim Sex,named_n>=5000,graphsage_geo_blind_mb,graphsage_fairloss_a5_sstate50_mb,selection_rate,gap,0.01368087376745497,0.0114771737490168,0.01601421369627298,True
Victim Sex,named_n>=5000,graphsage_geo_blind_mb,graphsage_fairloss_a5_sstate50_mb,selection_rate,amplification,0.16571497637470212,0.13830679236106166,0.19806104788404894,True
Victim Sex,named_n>=5000,graphsage_geo_blind_mb,graphsage_fairloss_a5_sstate50_mb,tpr,gap,0.011611279413777709,0.009117862532520055,0.014318617618184176,True
Victim Sex,named_n>=5000,graphsage_geo_blind_mb,graphsage_fairloss_a5_sstate50_mb,tpr,amplification,0.1406461989519685,0.11000268693960549,0.17547863697218008,True
Victim Sex,named_n>=5000,graphsage_geo_blind_mb,graphsage_fairloss_a5_sstate50_mb,fpr,gap,0.018927520863659897,0.014064942934611769,0.023861534221172355,True
Victim Sex,named_n>=5000,graphsage_geo_blind_mb,graphsage_fairloss_a5_sstate50_mb,fpr,amplification,0.2292670575043667,0.17049806163794595,0.2917245692739914,True
Victim Sex,named_all,graphsage_geo_blind_mb,graphsage_fairloss_a10_sstate50_mb,selection_rate,gap,0.02132993905235958,0.018865595372775053,0.02404655874862187,True
Victim Sex,named_all,graphsage_geo_blind_mb,graphsage_fairloss_a10_sstate50_mb,selection_rate,amplification,0.25836729482470455,0.22433150672486077,0.29133624676907477,True
Victim Sex,named_all,graphsage_geo_blind_mb,graphsage_fairloss_a10_sstate50_mb,tpr,gap,0.019838964534854897,0.0168884794669821,0.022779511589274996,True
Victim Sex,named_all,graphsage_geo_blind_mb,graphsage_fairloss_a10_sstate50_mb,tpr,amplification,0.24030727825388165,0.20382134089111206,0.27982789912622014,True
Victim Sex,named_all,graphsage_geo_blind_mb,graphsage_fairloss_a10_sstate50_mb,fpr,gap,0.024149484727591986,0.01881366473222642,0.029922339676071726,True
Victim Sex,named_all,graphsage_geo_blind_mb,graphsage_fairloss_a10_sstate50_mb,fpr,amplification,0.2925201532532382,0.22725335403215977,0.36724965792409825,True
Victim Sex,named_n>=5000,graphsage_geo_blind_mb,graphsage_fairloss_a10_sstate50_mb,selection_rate,gap,0.02132993905235958,0.018865595372775053,0.02404655874862187,True
Victim Sex,named_n>=5000,graphsage_geo_blind_mb,graphsage_fairloss_a10_sstate50_mb,selection_rate,amplification,0.25836729482470455,0.22433150672486077,0.29133624676907477,True
Victim Sex,named_n>=5000,graphsage_geo_blind_mb,graphsage_fairloss_a10_sstate50_mb,tpr,gap,0.019838964534854897,0.0168884794669821,0.022779511589274996,True
Victim Sex,named_n>=5000,graphsage_geo_blind_mb,graphsage_fairloss_a10_sstate50_mb,tpr,amplification,0.24030727825388165,0.20382134089111206,0.27982789912622014,True
Victim Sex,named_n>=5000,graphsage_geo_blind_mb,graphsage_fairloss_a10_sstate50_mb,fpr,gap,0.024149484727591986,0.01881366473222642,0.029922339676071726,True
Victim Sex,named_n>=5000,graphsage_geo_blind_mb,graphsage_fairloss_a10_sstate50_mb,fpr,amplification,0.2925201532532382,0.22725335403215977,0.36724965792409825,True
Victim Sex,named_all,graphsage_geo_blind_mb,graphsage_fairloss_a25_sstate50_mb,selection_rate,gap,0.02709693548043035,0.02426042797753337,0.029890630971048233,True
Victim Sex,named_all,graphsage_geo_blind_mb,graphsage_fairloss_a25_sstate50_mb,selection_rate,amplification,0.32822231235320276,0.2903672719486343,0.36710423536443354,True
Victim Sex,named_all,graphsage_geo_blind_mb,graphsage_fairloss_a25_sstate50_mb,tpr,gap,0.0255829882524089,0.022260095120685296,0.02874677195818302,True
Victim Sex,named_all,graphsage_geo_blind_mb,graphsage_fairloss_a25_sstate50_mb,tpr,amplification,0.30988402977062823,0.2677464107826889,0.35440684232725445,True
Victim Sex,named_all,graphsage_geo_blind_mb,graphsage_fairloss_a25_sstate50_mb,fpr,gap,0.02770425516989411,0.022067052401988158,0.03370766693896936,True
Victim Sex,named_all,graphsage_geo_blind_mb,graphsage_fairloss_a25_sstate50_mb,fpr,amplification,0.3355787114913039,0.2639106443808321,0.4122097387903497,True
Victim Sex,named_n>=5000,graphsage_geo_blind_mb,graphsage_fairloss_a25_sstate50_mb,selection_rate,gap,0.02709693548043035,0.02426042797753337,0.029890630971048233,True
Victim Sex,named_n>=5000,graphsage_geo_blind_mb,graphsage_fairloss_a25_sstate50_mb,selection_rate,amplification,0.32822231235320276,0.2903672719486343,0.36710423536443354,True
Victim Sex,named_n>=5000,graphsage_geo_blind_mb,graphsage_fairloss_a25_sstate50_mb,tpr,gap,0.0255829882524089,0.022260095120685296,0.02874677195818302,True
Victim Sex,named_n>=5000,graphsage_geo_blind_mb,graphsage_fairloss_a25_sstate50_mb,tpr,amplification,0.30988402977062823,0.2677464107826889,0.35440684232725445,True
Victim Sex,named_n>=5000,graphsage_geo_blind_mb,graphsage_fairloss_a25_sstate50_mb,fpr,gap,0.02770425516989411,0.022067052401988158,0.03370766693896936,True
Victim Sex,named_n>=5000,graphsage_geo_blind_mb,graphsage_fairloss_a25_sstate50_mb,fpr,amplification,0.3355787114913039,0.2639106443808321,0.4122097387903497,True
Victim Sex,named_all,graphsage_geo_blind_mb,graphsage_fairloss_a50_sstate50_mb,selection_rate,gap,0.033741849103473776,0.0304200041580785,0.03704616832607474,True
Victim Sex,named_all,graphsage_geo_blind_mb,graphsage_fairloss_a50_sstate50_mb,selection_rate,amplification,0.4087114479721644,0.3649849000551469,0.4576719308402121,True
Victim Sex,named_all,graphsage_geo_blind_mb,graphsage_fairloss_a50_sstate50_mb,tpr,gap,0.03022906218796151,0.026410654061776888,0.03416373799750061,True
Victim Sex,named_all,graphsage_geo_blind_mb,graphsage_fairloss_a50_sstate50_mb,tpr,amplification,0.3661614317518357,0.3174794644601614,0.4171375732339192,True
Victim Sex,named_all,graphsage_geo_blind_mb,graphsage_fairloss_a50_sstate50_mb,fpr,gap,0.039779521007650254,0.03277261430960009,0.04625679917401513,True
Victim Sex,named_all,graphsage_geo_blind_mb,graphsage_fairloss_a50_sstate50_mb,fpr,amplification,0.48184512890261366,0.39657641881996913,0.5722902429963947,True
Victim Sex,named_n>=5000,graphsage_geo_blind_mb,graphsage_fairloss_a50_sstate50_mb,selection_rate,gap,0.033741849103473776,0.0304200041580785,0.03704616832607474,True
Victim Sex,named_n>=5000,graphsage_geo_blind_mb,graphsage_fairloss_a50_sstate50_mb,selection_rate,amplification,0.4087114479721644,0.3649849000551469,0.4576719308402121,True
Victim Sex,named_n>=5000,graphsage_geo_blind_mb,graphsage_fairloss_a50_sstate50_mb,tpr,gap,0.03022906218796151,0.026410654061776888,0.03416373799750061,True
Victim Sex,named_n>=5000,graphsage_geo_blind_mb,graphsage_fairloss_a50_sstate50_mb,tpr,amplification,0.3661614317518357,0.3174794644601614,0.4171375732339192,True
Victim Sex,named_n>=5000,graphsage_geo_blind_mb,graphsage_fairloss_a50_sstate50_mb,fpr,gap,0.039779521007650254,0.03277261430960009,0.04625679917401513,True
Victim Sex,named_n>=5000,graphsage_geo_blind_mb,graphsage_fairloss_a50_sstate50_mb,fpr,amplification,0.48184512890261366,0.39657641881996913,0.5722902429963947,True
Victim Sex,named_all,graphsage_geo_blind_mb,graphsage_fairloss_a100_sstate50_mb,selection_rate,gap,0.03481065207235212,0.031078497461205425,0.03815263347514602,True
Victim Sex,named_all,graphsage_geo_blind_mb,graphsage_fairloss_a100_sstate50_mb,selection_rate,amplification,0.4216577452443623,0.37312808822231436,0.4704236796701232,True
Victim Sex,named_all,graphsage_geo_blind_mb,graphsage_fairloss_a100_sstate50_mb,tpr,gap,0.031612007840440826,0.02741427743072393,0.035581248471700085,True
Victim Sex,named_all,graphsage_geo_blind_mb,graphsage_fairloss_a100_sstate50_mb,tpr,amplification,0.3829129061111185,0.3293131346033511,0.43475110106057924,True
Victim Sex,named_all,graphsage_geo_blind_mb,graphsage_fairloss_a100_sstate50_mb,fpr,gap,0.03831017313581625,0.031358033760281255,0.045327937123874125,True
Victim Sex,named_all,graphsage_geo_blind_mb,graphsage_fairloss_a100_sstate50_mb,fpr,amplification,0.46404707360248887,0.3746322044491242,0.5578486428205112,True
Victim Sex,named_n>=5000,graphsage_geo_blind_mb,graphsage_fairloss_a100_sstate50_mb,selection_rate,gap,0.03481065207235212,0.031078497461205425,0.03815263347514602,True
Victim Sex,named_n>=5000,graphsage_geo_blind_mb,graphsage_fairloss_a100_sstate50_mb,selection_rate,amplification,0.4216577452443623,0.37312808822231436,0.4704236796701232,True
Victim Sex,named_n>=5000,graphsage_geo_blind_mb,graphsage_fairloss_a100_sstate50_mb,tpr,gap,0.031612007840440826,0.02741427743072393,0.035581248471700085,True
Victim Sex,named_n>=5000,graphsage_geo_blind_mb,graphsage_fairloss_a100_sstate50_mb,tpr,amplification,0.3829129061111185,0.3293131346033511,0.43475110106057924,True
Victim Sex,named_n>=5000,graphsage_geo_blind_mb,graphsage_fairloss_a100_sstate50_mb,fpr,gap,0.03831017313581625,0.031358033760281255,0.045327937123874125,True
Victim Sex,named_n>=5000,graphsage_geo_blind_mb,graphsage_fairloss_a100_sstate50_mb,fpr,amplification,0.46404707360248887,0.3746322044491242,0.5578486428205112,True
Victim Sex,named_all,graphsage_fairloss_a10_mb,graphsage_fairloss_a25_mb,selection_rate,gap,0.007182460839958993,0.005277436729210988,0.009402333583158843,True
Victim Sex,named_all,graphsage_fairloss_a10_mb,graphsage_fairloss_a25_mb,selection_rate,amplification,0.08700038817969791,0.06338758315842288,0.11517431383193544,True
Victim Sex,named_all,graphsage_fairloss_a10_mb,graphsage_fairloss_a25_mb,tpr,gap,0.006333032504774128,0.003946749944452449,0.008831653643343809,True
Victim Sex,named_all,graphsage_fairloss_a10_mb,graphsage_fairloss_a25_mb,tpr,amplification,0.07671135263344353,0.04758511347466016,0.1071689442507035,True
Victim Sex,named_all,graphsage_fairloss_a10_mb,graphsage_fairloss_a25_mb,fpr,gap,0.0094685991150682,0.0051603982291814,0.013628116550334453,True
Victim Sex,named_all,graphsage_fairloss_a10_mb,graphsage_fairloss_a25_mb,fpr,amplification,0.11469213921026811,0.06274603328349061,0.16613670855392448,True
Victim Sex,named_n>=5000,graphsage_fairloss_a10_mb,graphsage_fairloss_a25_mb,selection_rate,gap,0.007182460839958993,0.005277436729210988,0.009402333583158843,True
Victim Sex,named_n>=5000,graphsage_fairloss_a10_mb,graphsage_fairloss_a25_mb,selection_rate,amplification,0.08700038817969791,0.06338758315842288,0.11517431383193544,True
Victim Sex,named_n>=5000,graphsage_fairloss_a10_mb,graphsage_fairloss_a25_mb,tpr,gap,0.006333032504774128,0.003946749944452449,0.008831653643343809,True
Victim Sex,named_n>=5000,graphsage_fairloss_a10_mb,graphsage_fairloss_a25_mb,tpr,amplification,0.07671135263344353,0.04758511347466016,0.1071689442507035,True
Victim Sex,named_n>=5000,graphsage_fairloss_a10_mb,graphsage_fairloss_a25_mb,fpr,gap,0.0094685991150682,0.0051603982291814,0.013628116550334453,True
Victim Sex,named_n>=5000,graphsage_fairloss_a10_mb,graphsage_fairloss_a25_mb,fpr,amplification,0.11469213921026811,0.06274603328349061,0.16613670855392448,True
Victim Sex,named_all,graphsage_fairloss_a10_mb,graphsage_fairloss_a100_mb,selection_rate,gap,0.008774336267696636,0.0063538839455603065,0.011103012362071243,True
Victim Sex,named_all,graphsage_fairloss_a10_mb,graphsage_fairloss_a100_mb,selection_rate,amplification,0.10628260679986767,0.07756890859578494,0.1354662245362822,True
Victim Sex,named_all,graphsage_fairloss_a10_mb,graphsage_fairloss_a100_mb,tpr,gap,0.008007719272743019,0.005111369316222336,0.010527515498292079,True
Victim Sex,named_all,graphsage_fairloss_a10_mb,graphsage_fairloss_a100_mb,tpr,amplification,0.09699665625558329,0.06183582082737832,0.13034525306570885,True
Victim Sex,named_all,graphsage_fairloss_a10_mb,graphsage_fairloss_a100_mb,fpr,gap,0.00904128296795198,0.004175662981084956,0.013795443267171817,True
Victim Sex,named_all,graphsage_fairloss_a10_mb,graphsage_fairloss_a100_mb,fpr,amplification,0.1095161039344843,0.05053507745371234,0.16713973245292424,True
Victim Sex,named_n>=5000,graphsage_fairloss_a10_mb,graphsage_fairloss_a100_mb,selection_rate,gap,0.008774336267696636,0.0063538839455603065,0.011103012362071243,True
Victim Sex,named_n>=5000,graphsage_fairloss_a10_mb,graphsage_fairloss_a100_mb,selection_rate,amplification,0.10628260679986767,0.07756890859578494,0.1354662245362822,True
Victim Sex,named_n>=5000,graphsage_fairloss_a10_mb,graphsage_fairloss_a100_mb,tpr,gap,0.008007719272743019,0.005111369316222336,0.010527515498292079,True
Victim Sex,named_n>=5000,graphsage_fairloss_a10_mb,graphsage_fairloss_a100_mb,tpr,amplification,0.09699665625558329,0.06183582082737832,0.13034525306570885,True
Victim Sex,named_n>=5000,graphsage_fairloss_a10_mb,graphsage_fairloss_a100_mb,fpr,gap,0.00904128296795198,0.004175662981084956,0.013795443267171817,True
Victim Sex,named_n>=5000,graphsage_fairloss_a10_mb,graphsage_fairloss_a100_mb,fpr,amplification,0.1095161039344843,0.05053507745371234,0.16713973245292424,True
Victim Sex,named_all,graphsage_fairloss_a10_mb,graphsage_fairloss_a5_sstate20_mb,selection_rate,gap,-0.0052625411569448,-0.00814614677964104,-0.0025695360880231403,True
Victim Sex,named_all,graphsage_fairloss_a10_mb,graphsage_fairloss_a5_sstate20_mb,selection_rate,amplification,-0.0637446042056593,-0.09894613034610648,-0.031174444526172577,True
Victim Sex,named_all,graphsage_fairloss_a10_mb,graphsage_fairloss_a5_sstate20_mb,tpr,gap,-0.003914219934632479,-0.0070608005096228135,-0.0007619547593628628,True
Victim Sex,named_all,graphsage_fairloss_a10_mb,graphsage_fairloss_a5_sstate20_mb,tpr,amplification,-0.04741253190538541,-0.08586241534546202,-0.009139072806181014,True
Victim Sex,named_all,graphsage_fairloss_a10_mb,graphsage_fairloss_a5_sstate20_mb,fpr,gap,-0.009348707650991217,-0.015262161882457848,-0.0034877252069360058,True
Victim Sex,named_all,graphsage_fairloss_a10_mb,graphsage_fairloss_a5_sstate20_mb,fpr,amplification,-0.11323990659159522,-0.18627525935674732,-0.042768871000322894,True
Victim Sex,named_n>=5000,graphsage_fairloss_a10_mb,graphsage_fairloss_a5_sstate20_mb,selection_rate,gap,-0.0052625411569448,-0.00814614677964104,-0.0025695360880231403,True
Victim Sex,named_n>=5000,graphsage_fairloss_a10_mb,graphsage_fairloss_a5_sstate20_mb,selection_rate,amplification,-0.0637446042056593,-0.09894613034610648,-0.031174444526172577,True
Victim Sex,named_n>=5000,graphsage_fairloss_a10_mb,graphsage_fairloss_a5_sstate20_mb,tpr,gap,-0.003914219934632479,-0.0070608005096228135,-0.0007619547593628628,True
Victim Sex,named_n>=5000,graphsage_fairloss_a10_mb,graphsage_fairloss_a5_sstate20_mb,tpr,amplification,-0.04741253190538541,-0.08586241534546202,-0.009139072806181014,True
Victim Sex,named_n>=5000,graphsage_fairloss_a10_mb,graphsage_fairloss_a5_sstate20_mb,fpr,gap,-0.009348707650991217,-0.015262161882457848,-0.0034877252069360058,True
Victim Sex,named_n>=5000,graphsage_fairloss_a10_mb,graphsage_fairloss_a5_sstate20_mb,fpr,amplification,-0.11323990659159522,-0.18627525935674732,-0.042768871000322894,True
Victim Sex,named_all,graphsage_fairloss_a10_mb,graphsage_fairloss_a10_sstate20_mb,selection_rate,gap,0.005157283882468167,0.002544597490534581,0.007947154345778447,True
Victim Sex,named_all,graphsage_fairloss_a10_mb,graphsage_fairloss_a10_sstate20_mb,selection_rate,amplification,0.062469633977174865,0.03063393293588664,0.09535751322345122,True
Victim Sex,named_all,graphsage_fairloss_a10_mb,graphsage_fairloss_a10_sstate20_mb,tpr,gap,0.006139503771208754,0.003045315241856619,0.009524901490287873,True
Victim Sex,named_all,graphsage_fairloss_a10_mb,graphsage_fairloss_a10_sstate20_mb,tpr,amplification,0.07436715956100226,0.0370704480750269,0.11611589854343571,True
Victim Sex,named_all,graphsage_fairloss_a10_mb,graphsage_fairloss_a10_sstate20_mb,fpr,gap,0.0007307250522295972,-0.005014770330197049,0.006429668475238846,False
Victim Sex,named_all,graphsage_fairloss_a10_mb,graphsage_fairloss_a10_sstate20_mb,fpr,amplification,0.00885119523978739,-0.06115702487064409,0.07853205543443102,False
Victim Sex,named_n>=5000,graphsage_fairloss_a10_mb,graphsage_fairloss_a10_sstate20_mb,selection_rate,gap,0.005157283882468167,0.002544597490534581,0.007947154345778447,True
Victim Sex,named_n>=5000,graphsage_fairloss_a10_mb,graphsage_fairloss_a10_sstate20_mb,selection_rate,amplification,0.062469633977174865,0.03063393293588664,0.09535751322345122,True
Victim Sex,named_n>=5000,graphsage_fairloss_a10_mb,graphsage_fairloss_a10_sstate20_mb,tpr,gap,0.006139503771208754,0.003045315241856619,0.009524901490287873,True
Victim Sex,named_n>=5000,graphsage_fairloss_a10_mb,graphsage_fairloss_a10_sstate20_mb,tpr,amplification,0.07436715956100226,0.0370704480750269,0.11611589854343571,True
Victim Sex,named_n>=5000,graphsage_fairloss_a10_mb,graphsage_fairloss_a10_sstate20_mb,fpr,gap,0.0007307250522295972,-0.005014770330197049,0.006429668475238846,False
Victim Sex,named_n>=5000,graphsage_fairloss_a10_mb,graphsage_fairloss_a10_sstate20_mb,fpr,amplification,0.00885119523978739,-0.06115702487064409,0.07853205543443102,False
Victim Sex,named_all,graphsage_fairloss_a10_mb,graphsage_fairloss_a25_sstate20_mb,selection_rate,gap,0.009043090127161202,0.006124048455071207,0.011974407424635321,True
Victim Sex,named_all,graphsage_fairloss_a10_mb,graphsage_fairloss_a25_sstate20_mb,selection_rate,amplification,0.10953799386277052,0.07339636040317182,0.1461460229603711,True
Victim Sex,named_all,graphsage_fairloss_a10_mb,graphsage_fairloss_a25_sstate20_mb,tpr,gap,0.00967484843618327,0.006182681425151498,0.013070659356740183,True
Victim Sex,named_all,graphsage_fairloss_a10_mb,graphsage_fairloss_a25_sstate20_mb,tpr,amplification,0.11719041541373626,0.07485788503819979,0.15947192044249214,True
Victim Sex,named_all,graphsage_fairloss_a10_mb,graphsage_fairloss_a25_sstate20_mb,fpr,gap,0.004696444851339743,-0.001103965108987899,0.010726308634707209,False
Victim Sex,named_all,graphsage_fairloss_a10_mb,graphsage_fairloss_a25_sstate20_mb,fpr,amplification,0.05688753955440051,-0.013017431475550598,0.1320760310097221,False
Victim Sex,named_n>=5000,graphsage_fairloss_a10_mb,graphsage_fairloss_a25_sstate20_mb,selection_rate,gap,0.009043090127161202,0.006124048455071207,0.011974407424635321,True
Victim Sex,named_n>=5000,graphsage_fairloss_a10_mb,graphsage_fairloss_a25_sstate20_mb,selection_rate,amplification,0.10953799386277052,0.07339636040317182,0.1461460229603711,True
Victim Sex,named_n>=5000,graphsage_fairloss_a10_mb,graphsage_fairloss_a25_sstate20_mb,tpr,gap,0.00967484843618327,0.006182681425151498,0.013070659356740183,True
Victim Sex,named_n>=5000,graphsage_fairloss_a10_mb,graphsage_fairloss_a25_sstate20_mb,tpr,amplification,0.11719041541373626,0.07485788503819979,0.15947192044249214,True
Victim Sex,named_n>=5000,graphsage_fairloss_a10_mb,graphsage_fairloss_a25_sstate20_mb,fpr,gap,0.004696444851339743,-0.001103965108987899,0.010726308634707209,False
Victim Sex,named_n>=5000,graphsage_fairloss_a10_mb,graphsage_fairloss_a25_sstate20_mb,fpr,amplification,0.05688753955440051,-0.013017431475550598,0.1320760310097221,False
Victim Sex,named_all,graphsage_fairloss_a10_mb,graphsage_fairloss_a50_sstate20_mb,selection_rate,gap,0.01606919991266842,0.012852505295465977,0.019121992377365716,True
Victim Sex,named_all,graphsage_fairloss_a10_mb,graphsage_fairloss_a50_sstate20_mb,selection_rate,amplification,0.19464451826336737,0.15452267850483975,0.2343476825086701,True
Victim Sex,named_all,graphsage_fairloss_a10_mb,graphsage_fairloss_a50_sstate20_mb,tpr,gap,0.01658657482535597,0.013062101397346083,0.020208499592899904,True
Victim Sex,named_all,graphsage_fairloss_a10_mb,graphsage_fairloss_a50_sstate20_mb,tpr,amplification,0.20091142583741706,0.1566872936840422,0.2470944729983878,True
Victim Sex,named_all,graphsage_fairloss_a10_mb,graphsage_fairloss_a50_sstate20_mb,fpr,gap,0.010968302105711869,0.005212570870716059,0.01719669531338574,True
Victim Sex,named_all,graphsage_fairloss_a10_mb,graphsage_fairloss_a50_sstate20_mb,fpr,amplification,0.13285788285266542,0.0618864975762856,0.20855932225053736,True
Victim Sex,named_n>=5000,graphsage_fairloss_a10_mb,graphsage_fairloss_a50_sstate20_mb,selection_rate,gap,0.01606919991266842,0.012852505295465977,0.019121992377365716,True
Victim Sex,named_n>=5000,graphsage_fairloss_a10_mb,graphsage_fairloss_a50_sstate20_mb,selection_rate,amplification,0.19464451826336737,0.15452267850483975,0.2343476825086701,True
Victim Sex,named_n>=5000,graphsage_fairloss_a10_mb,graphsage_fairloss_a50_sstate20_mb,tpr,gap,0.01658657482535597,0.013062101397346083,0.020208499592899904,True
Victim Sex,named_n>=5000,graphsage_fairloss_a10_mb,graphsage_fairloss_a50_sstate20_mb,tpr,amplification,0.20091142583741706,0.1566872936840422,0.2470944729983878,True
Victim Sex,named_n>=5000,graphsage_fairloss_a10_mb,graphsage_fairloss_a50_sstate20_mb,fpr,gap,0.010968302105711869,0.005212570870716059,0.01719669531338574,True
Victim Sex,named_n>=5000,graphsage_fairloss_a10_mb,graphsage_fairloss_a50_sstate20_mb,fpr,amplification,0.13285788285266542,0.0618864975762856,0.20855932225053736,True
Victim Sex,named_all,graphsage_fairloss_a10_mb,graphsage_fairloss_a100_sstate20_mb,selection_rate,gap,0.02596788899171476,0.022399159528275252,0.029621061152936213,True
Victim Sex,named_all,graphsage_fairloss_a10_mb,graphsage_fairloss_a100_sstate20_mb,selection_rate,amplification,0.31454629169957093,0.2697450640637298,0.3627352216145671,True
Victim Sex,named_all,graphsage_fairloss_a10_mb,graphsage_fairloss_a100_sstate20_mb,tpr,gap,0.023494699863634727,0.019404578012575644,0.02760896146743456,True
Victim Sex,named_all,graphsage_fairloss_a10_mb,graphsage_fairloss_a100_sstate20_mb,tpr,amplification,0.28458881347877774,0.23558938174617888,0.3385819355819656,True
Victim Sex,named_all,graphsage_fairloss_a10_mb,graphsage_fairloss_a100_sstate20_mb,fpr,gap,0.027286240507343906,0.019931753955302497,0.03423855079055481,True
Victim Sex,named_all,graphsage_fairloss_a10_mb,graphsage_fairloss_a100_sstate20_mb,fpr,amplification,0.33051534411387995,0.23678240000394168,0.41818564191578866,True
Victim Sex,named_n>=5000,graphsage_fairloss_a10_mb,graphsage_fairloss_a100_sstate20_mb,selection_rate,gap,0.02596788899171476,0.022399159528275252,0.029621061152936213,True
Victim Sex,named_n>=5000,graphsage_fairloss_a10_mb,graphsage_fairloss_a100_sstate20_mb,selection_rate,amplification,0.31454629169957093,0.2697450640637298,0.3627352216145671,True
Victim Sex,named_n>=5000,graphsage_fairloss_a10_mb,graphsage_fairloss_a100_sstate20_mb,tpr,gap,0.023494699863634727,0.019404578012575644,0.02760896146743456,True
Victim Sex,named_n>=5000,graphsage_fairloss_a10_mb,graphsage_fairloss_a100_sstate20_mb,tpr,amplification,0.28458881347877774,0.23558938174617888,0.3385819355819656,True
Victim Sex,named_n>=5000,graphsage_fairloss_a10_mb,graphsage_fairloss_a100_sstate20_mb,fpr,gap,0.027286240507343906,0.019931753955302497,0.03423855079055481,True
Victim Sex,named_n>=5000,graphsage_fairloss_a10_mb,graphsage_fairloss_a100_sstate20_mb,fpr,amplification,0.33051534411387995,0.23678240000394168,0.41818564191578866,True
Victim Sex,named_all,graphsage_fairloss_a10_mb,graphsage_fairloss_a5_sstate50_mb,selection_rate,gap,-0.004885815947091143,-0.007294864507031188,-0.002127773458744317,True
Victim Sex,named_all,graphsage_fairloss_a10_mb,graphsage_fairloss_a5_sstate50_mb,selection_rate,amplification,-0.059181371599920096,-0.08895963410531806,-0.026098632207292832,True
Victim Sex,named_all,graphsage_fairloss_a10_mb,graphsage_fairloss_a5_sstate50_mb,tpr,gap,-0.004694729696035682,-0.00763505404310603,-0.001852403536503983,True
Victim Sex,named_all,graphsage_fairloss_a10_mb,graphsage_fairloss_a5_sstate50_mb,tpr,amplification,-0.05686676405968272,-0.09169110449597731,-0.022393043953411317,True
Victim Sex,named_all,graphsage_fairloss_a10_mb,graphsage_fairloss_a5_sstate50_mb,fpr,gap,-0.0048268185363798954,-0.010218169177715793,0.0008084739516027122,False
Victim Sex,named_all,graphsage_fairloss_a10_mb,graphsage_fairloss_a5_sstate50_mb,fpr,amplification,-0.05846674220647885,-0.12386146157396723,0.010036654617474956,False
Victim Sex,named_n>=5000,graphsage_fairloss_a10_mb,graphsage_fairloss_a5_sstate50_mb,selection_rate,gap,-0.004885815947091143,-0.007294864507031188,-0.002127773458744317,True
Victim Sex,named_n>=5000,graphsage_fairloss_a10_mb,graphsage_fairloss_a5_sstate50_mb,selection_rate,amplification,-0.059181371599920096,-0.08895963410531806,-0.026098632207292832,True
Victim Sex,named_n>=5000,graphsage_fairloss_a10_mb,graphsage_fairloss_a5_sstate50_mb,tpr,gap,-0.004694729696035682,-0.00763505404310603,-0.001852403536503983,True
Victim Sex,named_n>=5000,graphsage_fairloss_a10_mb,graphsage_fairloss_a5_sstate50_mb,tpr,amplification,-0.05686676405968272,-0.09169110449597731,-0.022393043953411317,True
Victim Sex,named_n>=5000,graphsage_fairloss_a10_mb,graphsage_fairloss_a5_sstate50_mb,fpr,gap,-0.0048268185363798954,-0.010218169177715793,0.0008084739516027122,False
Victim Sex,named_n>=5000,graphsage_fairloss_a10_mb,graphsage_fairloss_a5_sstate50_mb,fpr,amplification,-0.05846674220647885,-0.12386146157396723,0.010036654617474956,False
Victim Sex,named_all,graphsage_fairloss_a10_mb,graphsage_fairloss_a10_sstate50_mb,selection_rate,gap,0.002763249337813467,-0.000248441130547275,0.006106078979454288,False
Victim Sex,named_all,graphsage_fairloss_a10_mb,graphsage_fairloss_a10_sstate50_mb,selection_rate,amplification,0.03347094685008234,-0.0030864865073044145,0.07238702133527217,False
Victim Sex,named_all,graphsage_fairloss_a10_mb,graphsage_fairloss_a10_sstate50_mb,tpr,gap,0.0035329554250415063,0.00011964201354408568,0.0070088050198808555,True
Victim Sex,named_all,graphsage_fairloss_a10_mb,graphsage_fairloss_a10_sstate50_mb,tpr,amplification,0.04279431524223043,0.0014457134138246735,0.08515899279567758,True
Victim Sex,named_all,graphsage_fairloss_a10_mb,graphsage_fairloss_a10_sstate50_mb,fpr,gap,0.0003951453275521932,-0.006156893541620141,0.0072962895864075415,False
Victim Sex,named_all,graphsage_fairloss_a10_mb,graphsage_fairloss_a10_sstate50_mb,fpr,amplification,0.004786353542392652,-0.07285572107462045,0.08987679059854121,False
Victim Sex,named_n>=5000,graphsage_fairloss_a10_mb,graphsage_fairloss_a10_sstate50_mb,selection_rate,gap,0.002763249337813467,-0.000248441130547275,0.006106078979454288,False
Victim Sex,named_n>=5000,graphsage_fairloss_a10_mb,graphsage_fairloss_a10_sstate50_mb,selection_rate,amplification,0.03347094685008234,-0.0030864865073044145,0.07238702133527217,False
Victim Sex,named_n>=5000,graphsage_fairloss_a10_mb,graphsage_fairloss_a10_sstate50_mb,tpr,gap,0.0035329554250415063,0.00011964201354408568,0.0070088050198808555,True
Victim Sex,named_n>=5000,graphsage_fairloss_a10_mb,graphsage_fairloss_a10_sstate50_mb,tpr,amplification,0.04279431524223043,0.0014457134138246735,0.08515899279567758,True
Victim Sex,named_n>=5000,graphsage_fairloss_a10_mb,graphsage_fairloss_a10_sstate50_mb,fpr,gap,0.0003951453275521932,-0.006156893541620141,0.0072962895864075415,False
Victim Sex,named_n>=5000,graphsage_fairloss_a10_mb,graphsage_fairloss_a10_sstate50_mb,fpr,amplification,0.004786353542392652,-0.07285572107462045,0.08987679059854121,False
Victim Sex,named_all,graphsage_fairloss_a10_mb,graphsage_fairloss_a25_sstate50_mb,selection_rate,gap,0.008530245765884237,0.0054979894405889325,0.011308251386785447,True
Victim Sex,named_all,graphsage_fairloss_a10_mb,graphsage_fairloss_a25_sstate50_mb,selection_rate,amplification,0.10332596437858055,0.06683097480075764,0.13824038670621083,True
Victim Sex,named_all,graphsage_fairloss_a10_mb,graphsage_fairloss_a25_sstate50_mb,tpr,gap,0.00927697914259551,0.006008983608045327,0.012718412108453888,True
Victim Sex,named_all,graphsage_fairloss_a10_mb,graphsage_fairloss_a25_sstate50_mb,tpr,amplification,0.11237106675897701,0.07208330135334698,0.1542612271278411,True
Victim Sex,named_all,graphsage_fairloss_a10_mb,graphsage_fairloss_a25_sstate50_mb,fpr,gap,0.0039499157698543175,-0.0024581895470702593,0.010580190832230597,False
Victim Sex,named_all,graphsage_fairloss_a10_mb,graphsage_fairloss_a25_sstate50_mb,fpr,amplification,0.047844911780458355,-0.029316665107367138,0.12831299587179726,False
Victim Sex,named_n>=5000,graphsage_fairloss_a10_mb,graphsage_fairloss_a25_sstate50_mb,selection_rate,gap,0.008530245765884237,0.0054979894405889325,0.011308251386785447,True
Victim Sex,named_n>=5000,graphsage_fairloss_a10_mb,graphsage_fairloss_a25_sstate50_mb,selection_rate,amplification,0.10332596437858055,0.06683097480075764,0.13824038670621083,True
Victim Sex,named_n>=5000,graphsage_fairloss_a10_mb,graphsage_fairloss_a25_sstate50_mb,tpr,gap,0.00927697914259551,0.006008983608045327,0.012718412108453888,True
Victim Sex,named_n>=5000,graphsage_fairloss_a10_mb,graphsage_fairloss_a25_sstate50_mb,tpr,amplification,0.11237106675897701,0.07208330135334698,0.1542612271278411,True
Victim Sex,named_n>=5000,graphsage_fairloss_a10_mb,graphsage_fairloss_a25_sstate50_mb,fpr,gap,0.0039499157698543175,-0.0024581895470702593,0.010580190832230597,False
Victim Sex,named_n>=5000,graphsage_fairloss_a10_mb,graphsage_fairloss_a25_sstate50_mb,fpr,amplification,0.047844911780458355,-0.029316665107367138,0.12831299587179726,False
Victim Sex,named_all,graphsage_fairloss_a10_mb,graphsage_fairloss_a50_sstate50_mb,selection_rate,gap,0.015175159388927661,0.011715799457569048,0.018446973900482107,True
Victim Sex,named_all,graphsage_fairloss_a10_mb,graphsage_fairloss_a50_sstate50_mb,selection_rate,amplification,0.1838150999975422,0.14127059554370078,0.22460122682260653,True
Victim Sex,named_all,graphsage_fairloss_a10_mb,graphsage_fairloss_a50_sstate50_mb,tpr,gap,0.013923053078148118,0.010171094127804176,0.017796852694544413,True
Victim Sex,named_all,graphsage_fairloss_a10_mb,graphsage_fairloss_a50_sstate50_mb,tpr,amplification,0.16864846874018447,0.12283864351662796,0.21670655707755054,True
Victim Sex,named_all,graphsage_fairloss_a10_mb,graphsage_fairloss_a50_sstate50_mb,fpr,gap,0.01602518160761046,0.008894441287026602,0.022738974433649466,True
Victim Sex,named_all,graphsage_fairloss_a10_mb,graphsage_fairloss_a50_sstate50_mb,fpr,amplification,0.1941113291917681,0.10798428977309756,0.275428492423562,True
Victim Sex,named_n>=5000,graphsage_fairloss_a10_mb,graphsage_fairloss_a50_sstate50_mb,selection_rate,gap,0.015175159388927661,0.011715799457569048,0.018446973900482107,True
Victim Sex,named_n>=5000,graphsage_fairloss_a10_mb,graphsage_fairloss_a50_sstate50_mb,selection_rate,amplification,0.1838150999975422,0.14127059554370078,0.22460122682260653,True
Victim Sex,named_n>=5000,graphsage_fairloss_a10_mb,graphsage_fairloss_a50_sstate50_mb,tpr,gap,0.013923053078148118,0.010171094127804176,0.017796852694544413,True
Victim Sex,named_n>=5000,graphsage_fairloss_a10_mb,graphsage_fairloss_a50_sstate50_mb,tpr,amplification,0.16864846874018447,0.12283864351662796,0.21670655707755054,True
Victim Sex,named_n>=5000,graphsage_fairloss_a10_mb,graphsage_fairloss_a50_sstate50_mb,fpr,gap,0.01602518160761046,0.008894441287026602,0.022738974433649466,True
Victim Sex,named_n>=5000,graphsage_fairloss_a10_mb,graphsage_fairloss_a50_sstate50_mb,fpr,amplification,0.1941113291917681,0.10798428977309756,0.275428492423562,True
Victim Sex,named_all,graphsage_fairloss_a10_mb,graphsage_fairloss_a100_sstate50_mb,selection_rate,gap,0.016243962357806008,0.012824336875542316,0.019536103551881838,True
Victim Sex,named_all,graphsage_fairloss_a10_mb,graphsage_fairloss_a100_sstate50_mb,selection_rate,amplification,0.19676139726974007,0.15435937205425718,0.23712082026235615,True
Victim Sex,named_all,graphsage_fairloss_a10_mb,graphsage_fairloss_a100_sstate50_mb,tpr,gap,0.015305998730627435,0.011319052928105056,0.019193890870253246,True
Victim Sex,named_all,graphsage_fairloss_a10_mb,graphsage_fairloss_a100_sstate50_mb,tpr,amplification,0.18539994309946728,0.13739411233790672,0.23466838200259388,True
Victim Sex,named_all,graphsage_fairloss_a10_mb,graphsage_fairloss_a100_sstate50_mb,fpr,gap,0.014555833735776458,0.007310291774473919,0.0217874203595377,True
Victim Sex,named_all,graphsage_fairloss_a10_mb,graphsage_fairloss_a100_sstate50_mb,fpr,amplification,0.1763132738916433,0.08821846542905044,0.2653274424155666,True
Victim Sex,named_n>=5000,graphsage_fairloss_a10_mb,graphsage_fairloss_a100_sstate50_mb,selection_rate,gap,0.016243962357806008,0.012824336875542316,0.019536103551881838,True
Victim Sex,named_n>=5000,graphsage_fairloss_a10_mb,graphsage_fairloss_a100_sstate50_mb,selection_rate,amplification,0.19676139726974007,0.15435937205425718,0.23712082026235615,True
Victim Sex,named_n>=5000,graphsage_fairloss_a10_mb,graphsage_fairloss_a100_sstate50_mb,tpr,gap,0.015305998730627435,0.011319052928105056,0.019193890870253246,True
Victim Sex,named_n>=5000,graphsage_fairloss_a10_mb,graphsage_fairloss_a100_sstate50_mb,tpr,amplification,0.18539994309946728,0.13739411233790672,0.23466838200259388,True
Victim Sex,named_n>=5000,graphsage_fairloss_a10_mb,graphsage_fairloss_a100_sstate50_mb,fpr,gap,0.014555833735776458,0.007310291774473919,0.0217874203595377,True
Victim Sex,named_n>=5000,graphsage_fairloss_a10_mb,graphsage_fairloss_a100_sstate50_mb,fpr,amplification,0.1763132738916433,0.08821846542905044,0.2653274424155666,True
Victim Sex,named_all,graphsage_fairloss_a25_mb,graphsage_fairloss_a100_mb,selection_rate,gap,0.0015918754277376435,-0.00048418218125917677,0.003416983431399467,False
Victim Sex,named_all,graphsage_fairloss_a25_mb,graphsage_fairloss_a100_mb,selection_rate,amplification,0.019282218620169767,-0.0059106305837159975,0.04150390461794106,False
Victim Sex,named_all,graphsage_fairloss_a25_mb,graphsage_fairloss_a100_mb,tpr,gap,0.0016746867679688915,-0.000730026314394347,0.00409935903953598,False
Victim Sex,named_all,graphsage_fairloss_a25_mb,graphsage_fairloss_a100_mb,tpr,amplification,0.02028530362213976,-0.00884532293242511,0.05002537609769646,False
Victim Sex,named_all,graphsage_fairloss_a25_mb,graphsage_fairloss_a100_mb,fpr,gap,-0.000427316147116219,-0.004634709823477496,0.003467240982077748,False
Victim Sex,named_all,graphsage_fairloss_a25_mb,graphsage_fairloss_a100_mb,fpr,amplification,-0.005176035275783808,-0.05636183971174706,0.04202234101530046,False
Victim Sex,named_n>=5000,graphsage_fairloss_a25_mb,graphsage_fairloss_a100_mb,selection_rate,gap,0.0015918754277376435,-0.00048418218125917677,0.003416983431399467,False
Victim Sex,named_n>=5000,graphsage_fairloss_a25_mb,graphsage_fairloss_a100_mb,selection_rate,amplification,0.019282218620169767,-0.0059106305837159975,0.04150390461794106,False
Victim Sex,named_n>=5000,graphsage_fairloss_a25_mb,graphsage_fairloss_a100_mb,tpr,gap,0.0016746867679688915,-0.000730026314394347,0.00409935903953598,False
Victim Sex,named_n>=5000,graphsage_fairloss_a25_mb,graphsage_fairloss_a100_mb,tpr,amplification,0.02028530362213976,-0.00884532293242511,0.05002537609769646,False
Victim Sex,named_n>=5000,graphsage_fairloss_a25_mb,graphsage_fairloss_a100_mb,fpr,gap,-0.000427316147116219,-0.004634709823477496,0.003467240982077748,False
Victim Sex,named_n>=5000,graphsage_fairloss_a25_mb,graphsage_fairloss_a100_mb,fpr,amplification,-0.005176035275783808,-0.05636183971174706,0.04202234101530046,False
Victim Sex,named_all,graphsage_fairloss_a25_mb,graphsage_fairloss_a5_sstate20_mb,selection_rate,gap,-0.012445001996903793,-0.015462186690010116,-0.009512523235282106,True
Victim Sex,named_all,graphsage_fairloss_a25_mb,graphsage_fairloss_a5_sstate20_mb,selection_rate,amplification,-0.1507449923853572,-0.1893020716268007,-0.11517834736085429,True
Victim Sex,named_all,graphsage_fairloss_a25_mb,graphsage_fairloss_a5_sstate20_mb,tpr,gap,-0.010247252439406607,-0.013463685188314986,-0.006864229770896277,True
Victim Sex,named_all,graphsage_fairloss_a25_mb,graphsage_fairloss_a5_sstate20_mb,tpr,amplification,-0.12412388453882894,-0.16453016387501226,-0.08195197088115778,True
Victim Sex,named_all,graphsage_fairloss_a25_mb,graphsage_fairloss_a5_sstate20_mb,fpr,gap,-0.018817306766059416,-0.024734901795034292,-0.01296939819711881,True
Victim Sex,named_all,graphsage_fairloss_a25_mb,graphsage_fairloss_a5_sstate20_mb,fpr,amplification,-0.22793204580186333,-0.3038497911774284,-0.15651462832911342,True
Victim Sex,named_n>=5000,graphsage_fairloss_a25_mb,graphsage_fairloss_a5_sstate20_mb,selection_rate,gap,-0.012445001996903793,-0.015462186690010116,-0.009512523235282106,True
Victim Sex,named_n>=5000,graphsage_fairloss_a25_mb,graphsage_fairloss_a5_sstate20_mb,selection_rate,amplification,-0.1507449923853572,-0.1893020716268007,-0.11517834736085429,True
Victim Sex,named_n>=5000,graphsage_fairloss_a25_mb,graphsage_fairloss_a5_sstate20_mb,tpr,gap,-0.010247252439406607,-0.013463685188314986,-0.006864229770896277,True
Victim Sex,named_n>=5000,graphsage_fairloss_a25_mb,graphsage_fairloss_a5_sstate20_mb,tpr,amplification,-0.12412388453882894,-0.16453016387501226,-0.08195197088115778,True
Victim Sex,named_n>=5000,graphsage_fairloss_a25_mb,graphsage_fairloss_a5_sstate20_mb,fpr,gap,-0.018817306766059416,-0.024734901795034292,-0.01296939819711881,True
Victim Sex,named_n>=5000,graphsage_fairloss_a25_mb,graphsage_fairloss_a5_sstate20_mb,fpr,amplification,-0.22793204580186333,-0.3038497911774284,-0.15651462832911342,True
Victim Sex,named_all,graphsage_fairloss_a25_mb,graphsage_fairloss_a10_sstate20_mb,selection_rate,gap,-0.0020251769574908263,-0.004900752643500819,0.0009326782728466812,False
Victim Sex,named_all,graphsage_fairloss_a25_mb,graphsage_fairloss_a10_sstate20_mb,selection_rate,amplification,-0.024530754202523042,-0.0593058364421952,0.011035792713153088,False
Victim Sex,named_all,graphsage_fairloss_a25_mb,graphsage_fairloss_a10_sstate20_mb,tpr,gap,-0.00019352873356537348,-0.0036306512341515245,0.00320441303764904,False
Victim Sex,named_all,graphsage_fairloss_a25_mb,graphsage_fairloss_a10_sstate20_mb,tpr,amplification,-0.0023441930724412696,-0.04346806520945916,0.03830877410265405,False
Victim Sex,named_all,graphsage_fairloss_a25_mb,graphsage_fairloss_a10_sstate20_mb,fpr,gap,-0.008737874062838602,-0.01480780290016118,-0.0027880825286689527,True
Victim Sex,named_all,graphsage_fairloss_a25_mb,graphsage_fairloss_a10_sstate20_mb,fpr,amplification,-0.10584094397048072,-0.17805541340225506,-0.033793594939041646,True
Victim Sex,named_n>=5000,graphsage_fairloss_a25_mb,graphsage_fairloss_a10_sstate20_mb,selection_rate,gap,-0.0020251769574908263,-0.004900752643500819,0.0009326782728466812,False
Victim Sex,named_n>=5000,graphsage_fairloss_a25_mb,graphsage_fairloss_a10_sstate20_mb,selection_rate,amplification,-0.024530754202523042,-0.0593058364421952,0.011035792713153088,False
Victim Sex,named_n>=5000,graphsage_fairloss_a25_mb,graphsage_fairloss_a10_sstate20_mb,tpr,gap,-0.00019352873356537348,-0.0036306512341515245,0.00320441303764904,False
Victim Sex,named_n>=5000,graphsage_fairloss_a25_mb,graphsage_fairloss_a10_sstate20_mb,tpr,amplification,-0.0023441930724412696,-0.04346806520945916,0.03830877410265405,False
Victim Sex,named_n>=5000,graphsage_fairloss_a25_mb,graphsage_fairloss_a10_sstate20_mb,fpr,gap,-0.008737874062838602,-0.01480780290016118,-0.0027880825286689527,True
Victim Sex,named_n>=5000,graphsage_fairloss_a25_mb,graphsage_fairloss_a10_sstate20_mb,fpr,amplification,-0.10584094397048072,-0.17805541340225506,-0.033793594939041646,True
Victim Sex,named_all,graphsage_fairloss_a25_mb,graphsage_fairloss_a25_sstate20_mb,selection_rate,gap,0.001860629287202209,-0.0011262955715267919,0.00492395535935211,False
Victim Sex,named_all,graphsage_fairloss_a25_mb,graphsage_fairloss_a25_sstate20_mb,selection_rate,amplification,0.022537605683072615,-0.013782229341483179,0.05940439938066769,False
Victim Sex,named_all,graphsage_fairloss_a25_mb,graphsage_fairloss_a25_sstate20_mb,tpr,gap,0.0033418159314091422,2.2733709183983607e-05,0.0068753106117472925,True
Victim Sex,named_all,graphsage_fairloss_a25_mb,graphsage_fairloss_a25_sstate20_mb,tpr,amplification,0.04047906278029273,0.0002883693682025534,0.08397821912905822,True
Victim Sex,named_all,graphsage_fairloss_a25_mb,graphsage_fairloss_a25_sstate20_mb,fpr,gap,-0.004772154263728456,-0.011132624362711794,0.0015802821879796224,False
Victim Sex,named_all,graphsage_fairloss_a25_mb,graphsage_fairloss_a25_sstate20_mb,fpr,amplification,-0.057804599655867595,-0.1344199330569287,0.019656240153546223,False
Victim Sex,named_n>=5000,graphsage_fairloss_a25_mb,graphsage_fairloss_a25_sstate20_mb,selection_rate,gap,0.001860629287202209,-0.0011262955715267919,0.00492395535935211,False
Victim Sex,named_n>=5000,graphsage_fairloss_a25_mb,graphsage_fairloss_a25_sstate20_mb,selection_rate,amplification,0.022537605683072615,-0.013782229341483179,0.05940439938066769,False
Victim Sex,named_n>=5000,graphsage_fairloss_a25_mb,graphsage_fairloss_a25_sstate20_mb,tpr,gap,0.0033418159314091422,2.2733709183983607e-05,0.0068753106117472925,True
Victim Sex,named_n>=5000,graphsage_fairloss_a25_mb,graphsage_fairloss_a25_sstate20_mb,tpr,amplification,0.04047906278029273,0.0002883693682025534,0.08397821912905822,True
Victim Sex,named_n>=5000,graphsage_fairloss_a25_mb,graphsage_fairloss_a25_sstate20_mb,fpr,gap,-0.004772154263728456,-0.011132624362711794,0.0015802821879796224,False
Victim Sex,named_n>=5000,graphsage_fairloss_a25_mb,graphsage_fairloss_a25_sstate20_mb,fpr,amplification,-0.057804599655867595,-0.1344199330569287,0.019656240153546223,False
Victim Sex,named_all,graphsage_fairloss_a25_mb,graphsage_fairloss_a50_sstate20_mb,selection_rate,gap,0.008886739072709426,0.005634888500910396,0.012037983857435677,True
Victim Sex,named_all,graphsage_fairloss_a25_mb,graphsage_fairloss_a50_sstate20_mb,selection_rate,amplification,0.10764413008366946,0.06732205662914906,0.14685453246141172,True
Victim Sex,named_all,graphsage_fairloss_a25_mb,graphsage_fairloss_a50_sstate20_mb,tpr,gap,0.010253542320581843,0.006582376315590324,0.014161053983444267,True
Victim Sex,named_all,graphsage_fairloss_a25_mb,graphsage_fairloss_a50_sstate20_mb,tpr,amplification,0.12420007320397353,0.08030456472470321,0.17000909591260494,True
Victim Sex,named_all,graphsage_fairloss_a25_mb,graphsage_fairloss_a50_sstate20_mb,fpr,gap,0.0014997029906436699,-0.004646277520990639,0.008071961946038915,False
Victim Sex,named_all,graphsage_fairloss_a25_mb,graphsage_fairloss_a50_sstate20_mb,fpr,amplification,0.018165743642397314,-0.05706441349918055,0.09759056293579244,False
Victim Sex,named_n>=5000,graphsage_fairloss_a25_mb,graphsage_fairloss_a50_sstate20_mb,selection_rate,gap,0.008886739072709426,0.005634888500910396,0.012037983857435677,True
Victim Sex,named_n>=5000,graphsage_fairloss_a25_mb,graphsage_fairloss_a50_sstate20_mb,selection_rate,amplification,0.10764413008366946,0.06732205662914906,0.14685453246141172,True
Victim Sex,named_n>=5000,graphsage_fairloss_a25_mb,graphsage_fairloss_a50_sstate20_mb,tpr,gap,0.010253542320581843,0.006582376315590324,0.014161053983444267,True
Victim Sex,named_n>=5000,graphsage_fairloss_a25_mb,graphsage_fairloss_a50_sstate20_mb,tpr,amplification,0.12420007320397353,0.08030456472470321,0.17000909591260494,True
Victim Sex,named_n>=5000,graphsage_fairloss_a25_mb,graphsage_fairloss_a50_sstate20_mb,fpr,gap,0.0014997029906436699,-0.004646277520990639,0.008071961946038915,False
Victim Sex,named_n>=5000,graphsage_fairloss_a25_mb,graphsage_fairloss_a50_sstate20_mb,fpr,amplification,0.018165743642397314,-0.05706441349918055,0.09759056293579244,False
Victim Sex,named_all,graphsage_fairloss_a25_mb,graphsage_fairloss_a100_sstate20_mb,selection_rate,gap,0.018785428151755768,0.015160260517325613,0.022396098305032065,True
Victim Sex,named_all,graphsage_fairloss_a25_mb,graphsage_fairloss_a100_sstate20_mb,selection_rate,amplification,0.22754590351987303,0.18564384418808802,0.27194043745161706,True
Victim Sex,named_all,graphsage_fairloss_a25_mb,graphsage_fairloss_a100_sstate20_mb,tpr,gap,0.0171616673588606,0.013151904382123412,0.021330445813187156,True
Victim Sex,named_all,graphsage_fairloss_a25_mb,graphsage_fairloss_a100_sstate20_mb,tpr,amplification,0.2078774608453342,0.15654937619580922,0.25659660547323726,True
Victim Sex,named_all,graphsage_fairloss_a25_mb,graphsage_fairloss_a100_sstate20_mb,fpr,gap,0.017817641392275707,0.011014370329577165,0.025012403997224396,True
Victim Sex,named_all,graphsage_fairloss_a25_mb,graphsage_fairloss_a100_sstate20_mb,fpr,amplification,0.21582320490361184,0.13202965444444328,0.3055408241454009,True
Victim Sex,named_n>=5000,graphsage_fairloss_a25_mb,graphsage_fairloss_a100_sstate20_mb,selection_rate,gap,0.018785428151755768,0.015160260517325613,0.022396098305032065,True
Victim Sex,named_n>=5000,graphsage_fairloss_a25_mb,graphsage_fairloss_a100_sstate20_mb,selection_rate,amplification,0.22754590351987303,0.18564384418808802,0.27194043745161706,True
Victim Sex,named_n>=5000,graphsage_fairloss_a25_mb,graphsage_fairloss_a100_sstate20_mb,tpr,gap,0.0171616673588606,0.013151904382123412,0.021330445813187156,True
Victim Sex,named_n>=5000,graphsage_fairloss_a25_mb,graphsage_fairloss_a100_sstate20_mb,tpr,amplification,0.2078774608453342,0.15654937619580922,0.25659660547323726,True
Victim Sex,named_n>=5000,graphsage_fairloss_a25_mb,graphsage_fairloss_a100_sstate20_mb,fpr,gap,0.017817641392275707,0.011014370329577165,0.025012403997224396,True
Victim Sex,named_n>=5000,graphsage_fairloss_a25_mb,graphsage_fairloss_a100_sstate20_mb,fpr,amplification,0.21582320490361184,0.13202965444444328,0.3055408241454009,True
Victim Sex,named_all,graphsage_fairloss_a25_mb,graphsage_fairloss_a5_sstate50_mb,selection_rate,gap,-0.012068276787050136,-0.01507359182588982,-0.009153228000872685,True
Victim Sex,named_all,graphsage_fairloss_a25_mb,graphsage_fairloss_a5_sstate50_mb,selection_rate,amplification,-0.146181759779618,-0.18453136698607708,-0.1096076503377764,True
Victim Sex,named_all,graphsage_fairloss_a25_mb,graphsage_fairloss_a5_sstate50_mb,tpr,gap,-0.01102776220080981,-0.014293441405166949,-0.007496847101243806,True
Victim Sex,named_all,graphsage_fairloss_a25_mb,graphsage_fairloss_a5_sstate50_mb,tpr,amplification,-0.13357811669312625,-0.17413089431355616,-0.0908324772910657,True
Victim Sex,named_all,graphsage_fairloss_a25_mb,graphsage_fairloss_a5_sstate50_mb,fpr,gap,-0.014295417651448095,-0.020601874808552793,-0.008125707466870337,True
Victim Sex,named_all,graphsage_fairloss_a25_mb,graphsage_fairloss_a5_sstate50_mb,fpr,amplification,-0.17315888141674696,-0.24874010002525088,-0.09916771877230365,True
Victim Sex,named_n>=5000,graphsage_fairloss_a25_mb,graphsage_fairloss_a5_sstate50_mb,selection_rate,gap,-0.012068276787050136,-0.01507359182588982,-0.009153228000872685,True
Victim Sex,named_n>=5000,graphsage_fairloss_a25_mb,graphsage_fairloss_a5_sstate50_mb,selection_rate,amplification,-0.146181759779618,-0.18453136698607708,-0.1096076503377764,True
Victim Sex,named_n>=5000,graphsage_fairloss_a25_mb,graphsage_fairloss_a5_sstate50_mb,tpr,gap,-0.01102776220080981,-0.014293441405166949,-0.007496847101243806,True
Victim Sex,named_n>=5000,graphsage_fairloss_a25_mb,graphsage_fairloss_a5_sstate50_mb,tpr,amplification,-0.13357811669312625,-0.17413089431355616,-0.0908324772910657,True
Victim Sex,named_n>=5000,graphsage_fairloss_a25_mb,graphsage_fairloss_a5_sstate50_mb,fpr,gap,-0.014295417651448095,-0.020601874808552793,-0.008125707466870337,True
Victim Sex,named_n>=5000,graphsage_fairloss_a25_mb,graphsage_fairloss_a5_sstate50_mb,fpr,amplification,-0.17315888141674696,-0.24874010002525088,-0.09916771877230365,True
Victim Sex,named_all,graphsage_fairloss_a25_mb,graphsage_fairloss_a10_sstate50_mb,selection_rate,gap,-0.004419211502145526,-0.007299410090459429,-0.0013706670223588965,True
Victim Sex,named_all,graphsage_fairloss_a25_mb,graphsage_fairloss_a10_sstate50_mb,selection_rate,amplification,-0.05352944132961557,-0.08902796403497808,-0.016237336879550823,True
Victim Sex,named_all,graphsage_fairloss_a25_mb,graphsage_fairloss_a10_sstate50_mb,tpr,gap,-0.0028000770797326213,-0.006062986061555711,0.000626942567892711,False
Victim Sex,named_all,graphsage_fairloss_a25_mb,graphsage_fairloss_a10_sstate50_mb,tpr,amplification,-0.0339170373912131,-0.0736493210926462,0.0075072656076099215,False
Victim Sex,named_all,graphsage_fairloss_a25_mb,graphsage_fairloss_a10_sstate50_mb,fpr,gap,-0.009073453787516006,-0.01531850511500717,-0.002638984849405622,True
Victim Sex,named_all,graphsage_fairloss_a25_mb,graphsage_fairloss_a10_sstate50_mb,fpr,amplification,-0.10990578566787546,-0.1879572625490769,-0.03051396997412812,True
Victim Sex,named_n>=5000,graphsage_fairloss_a25_mb,graphsage_fairloss_a10_sstate50_mb,selection_rate,gap,-0.004419211502145526,-0.007299410090459429,-0.0013706670223588965,True
Victim Sex,named_n>=5000,graphsage_fairloss_a25_mb,graphsage_fairloss_a10_sstate50_mb,selection_rate,amplification,-0.05352944132961557,-0.08902796403497808,-0.016237336879550823,True
Victim Sex,named_n>=5000,graphsage_fairloss_a25_mb,graphsage_fairloss_a10_sstate50_mb,tpr,gap,-0.0028000770797326213,-0.006062986061555711,0.000626942567892711,False
Victim Sex,named_n>=5000,graphsage_fairloss_a25_mb,graphsage_fairloss_a10_sstate50_mb,tpr,amplification,-0.0339170373912131,-0.0736493210926462,0.0075072656076099215,False
Victim Sex,named_n>=5000,graphsage_fairloss_a25_mb,graphsage_fairloss_a10_sstate50_mb,fpr,gap,-0.009073453787516006,-0.01531850511500717,-0.002638984849405622,True
Victim Sex,named_n>=5000,graphsage_fairloss_a25_mb,graphsage_fairloss_a10_sstate50_mb,fpr,amplification,-0.10990578566787546,-0.1879572625490769,-0.03051396997412812,True
Victim Sex,named_all,graphsage_fairloss_a25_mb,graphsage_fairloss_a25_sstate50_mb,selection_rate,gap,0.001347784925925244,-0.0014317873465511278,0.004306844605817777,False
Victim Sex,named_all,graphsage_fairloss_a25_mb,graphsage_fairloss_a25_sstate50_mb,selection_rate,amplification,0.01632557619888264,-0.017028735869479082,0.05162212771439419,False
Victim Sex,named_all,graphsage_fairloss_a25_mb,graphsage_fairloss_a25_sstate50_mb,tpr,gap,0.002943946637821382,-0.0004353894792882478,0.00640022293687049,False
Victim Sex,named_all,graphsage_fairloss_a25_mb,graphsage_fairloss_a25_sstate50_mb,tpr,amplification,0.03565971412553348,-0.005060683461844172,0.07758188811235114,False
Victim Sex,named_all,graphsage_fairloss_a25_mb,graphsage_fairloss_a25_sstate50_mb,fpr,gap,-0.005518683345213882,-0.011613010550651962,0.0005074658687806578,False
Victim Sex,named_all,graphsage_fairloss_a25_mb,graphsage_fairloss_a25_sstate50_mb,fpr,amplification,-0.06684722742980975,-0.13958400310874375,0.00609009074841815,False
Victim Sex,named_n>=5000,graphsage_fairloss_a25_mb,graphsage_fairloss_a25_sstate50_mb,selection_rate,gap,0.001347784925925244,-0.0014317873465511278,0.004306844605817777,False
Victim Sex,named_n>=5000,graphsage_fairloss_a25_mb,graphsage_fairloss_a25_sstate50_mb,selection_rate,amplification,0.01632557619888264,-0.017028735869479082,0.05162212771439419,False
Victim Sex,named_n>=5000,graphsage_fairloss_a25_mb,graphsage_fairloss_a25_sstate50_mb,tpr,gap,0.002943946637821382,-0.0004353894792882478,0.00640022293687049,False
Victim Sex,named_n>=5000,graphsage_fairloss_a25_mb,graphsage_fairloss_a25_sstate50_mb,tpr,amplification,0.03565971412553348,-0.005060683461844172,0.07758188811235114,False
Victim Sex,named_n>=5000,graphsage_fairloss_a25_mb,graphsage_fairloss_a25_sstate50_mb,fpr,gap,-0.005518683345213882,-0.011613010550651962,0.0005074658687806578,False
Victim Sex,named_n>=5000,graphsage_fairloss_a25_mb,graphsage_fairloss_a25_sstate50_mb,fpr,amplification,-0.06684722742980975,-0.13958400310874375,0.00609009074841815,False
Victim Sex,named_all,graphsage_fairloss_a25_mb,graphsage_fairloss_a50_sstate50_mb,selection_rate,gap,0.007992698548968669,0.004658560349077667,0.011457734615242923,True
Victim Sex,named_all,graphsage_fairloss_a25_mb,graphsage_fairloss_a50_sstate50_mb,selection_rate,amplification,0.09681471181784429,0.056221932269796736,0.140060471685677,True
Victim Sex,named_all,graphsage_fairloss_a25_mb,graphsage_fairloss_a50_sstate50_mb,tpr,gap,0.00759002057337399,0.003631254341188683,0.011657010825484732,True
Victim Sex,named_all,graphsage_fairloss_a25_mb,graphsage_fairloss_a50_sstate50_mb,tpr,amplification,0.09193711610674093,0.04464064604592313,0.14350541285415686,True
Victim Sex,named_all,graphsage_fairloss_a25_mb,graphsage_fairloss_a50_sstate50_mb,fpr,gap,0.006556582492542262,-0.00031107605769733056,0.013740647396814566,False
Victim Sex,named_all,graphsage_fairloss_a25_mb,graphsage_fairloss_a50_sstate50_mb,fpr,amplification,0.0794191899815,-0.003769915806068046,0.1666202319031034,False
Victim Sex,named_n>=5000,graphsage_fairloss_a25_mb,graphsage_fairloss_a50_sstate50_mb,selection_rate,gap,0.007992698548968669,0.004658560349077667,0.011457734615242923,True
Victim Sex,named_n>=5000,graphsage_fairloss_a25_mb,graphsage_fairloss_a50_sstate50_mb,selection_rate,amplification,0.09681471181784429,0.056221932269796736,0.140060471685677,True
Victim Sex,named_n>=5000,graphsage_fairloss_a25_mb,graphsage_fairloss_a50_sstate50_mb,tpr,gap,0.00759002057337399,0.003631254341188683,0.011657010825484732,True
Victim Sex,named_n>=5000,graphsage_fairloss_a25_mb,graphsage_fairloss_a50_sstate50_mb,tpr,amplification,0.09193711610674093,0.04464064604592313,0.14350541285415686,True
Victim Sex,named_n>=5000,graphsage_fairloss_a25_mb,graphsage_fairloss_a50_sstate50_mb,fpr,gap,0.006556582492542262,-0.00031107605769733056,0.013740647396814566,False
Victim Sex,named_n>=5000,graphsage_fairloss_a25_mb,graphsage_fairloss_a50_sstate50_mb,fpr,amplification,0.0794191899815,-0.003769915806068046,0.1666202319031034,False
Victim Sex,named_all,graphsage_fairloss_a25_mb,graphsage_fairloss_a100_sstate50_mb,selection_rate,gap,0.009061501517847015,0.005652088976597067,0.0125704289023851,True
Victim Sex,named_all,graphsage_fairloss_a25_mb,graphsage_fairloss_a100_sstate50_mb,selection_rate,amplification,0.10976100909004216,0.0670628942870659,0.15081104308586543,True
Victim Sex,named_all,graphsage_fairloss_a25_mb,graphsage_fairloss_a100_sstate50_mb,tpr,gap,0.008972966225853307,0.0051375822758461445,0.012879820081848339,True
Victim Sex,named_all,graphsage_fairloss_a25_mb,graphsage_fairloss_a100_sstate50_mb,tpr,amplification,0.10868859046602375,0.06231958013987123,0.16001434695420277,True
Victim Sex,named_all,graphsage_fairloss_a25_mb,graphsage_fairloss_a100_sstate50_mb,fpr,gap,0.005087234620708259,-0.0019058106711927008,0.012167442748775976,False
Victim Sex,named_all,graphsage_fairloss_a25_mb,graphsage_fairloss_a100_sstate50_mb,fpr,amplification,0.0616211346813752,-0.023088358497076116,0.14762304303272542,False
Victim Sex,named_n>=5000,graphsage_fairloss_a25_mb,graphsage_fairloss_a100_sstate50_mb,selection_rate,gap,0.009061501517847015,0.005652088976597067,0.0125704289023851,True
Victim Sex,named_n>=5000,graphsage_fairloss_a25_mb,graphsage_fairloss_a100_sstate50_mb,selection_rate,amplification,0.10976100909004216,0.0670628942870659,0.15081104308586543,True
Victim Sex,named_n>=5000,graphsage_fairloss_a25_mb,graphsage_fairloss_a100_sstate50_mb,tpr,gap,0.008972966225853307,0.0051375822758461445,0.012879820081848339,True
Victim Sex,named_n>=5000,graphsage_fairloss_a25_mb,graphsage_fairloss_a100_sstate50_mb,tpr,amplification,0.10868859046602375,0.06231958013987123,0.16001434695420277,True
Victim Sex,named_n>=5000,graphsage_fairloss_a25_mb,graphsage_fairloss_a100_sstate50_mb,fpr,gap,0.005087234620708259,-0.0019058106711927008,0.012167442748775976,False
Victim Sex,named_n>=5000,graphsage_fairloss_a25_mb,graphsage_fairloss_a100_sstate50_mb,fpr,amplification,0.0616211346813752,-0.023088358497076116,0.14762304303272542,False
Victim Sex,named_all,graphsage_fairloss_a100_mb,graphsage_fairloss_a5_sstate20_mb,selection_rate,gap,-0.014036877424641436,-0.01728681401336732,-0.01064378135652851,True
Victim Sex,named_all,graphsage_fairloss_a100_mb,graphsage_fairloss_a5_sstate20_mb,selection_rate,amplification,-0.17002721100552698,-0.2108148399565946,-0.12983283372507454,True
Victim Sex,named_all,graphsage_fairloss_a100_mb,graphsage_fairloss_a5_sstate20_mb,tpr,gap,-0.011921939207375498,-0.015676570861777008,-0.008078822776641865,True
Victim Sex,named_all,graphsage_fairloss_a100_mb,graphsage_fairloss_a5_sstate20_mb,tpr,amplification,-0.1444091881609687,-0.19113176593962772,-0.09716155225785725,True
Victim Sex,named_all,graphsage_fairloss_a100_mb,graphsage_fairloss_a5_sstate20_mb,fpr,gap,-0.018389990618943197,-0.025243914379787163,-0.011527081177736213,True
Victim Sex,named_all,graphsage_fairloss_a100_mb,graphsage_fairloss_a5_sstate20_mb,fpr,amplification,-0.22275601052607952,-0.3080609981320327,-0.1380450465198118,True
Victim Sex,named_n>=5000,graphsage_fairloss_a100_mb,graphsage_fairloss_a5_sstate20_mb,selection_rate,gap,-0.014036877424641436,-0.01728681401336732,-0.01064378135652851,True
Victim Sex,named_n>=5000,graphsage_fairloss_a100_mb,graphsage_fairloss_a5_sstate20_mb,selection_rate,amplification,-0.17002721100552698,-0.2108148399565946,-0.12983283372507454,True
Victim Sex,named_n>=5000,graphsage_fairloss_a100_mb,graphsage_fairloss_a5_sstate20_mb,tpr,gap,-0.011921939207375498,-0.015676570861777008,-0.008078822776641865,True
Victim Sex,named_n>=5000,graphsage_fairloss_a100_mb,graphsage_fairloss_a5_sstate20_mb,tpr,amplification,-0.1444091881609687,-0.19113176593962772,-0.09716155225785725,True
Victim Sex,named_n>=5000,graphsage_fairloss_a100_mb,graphsage_fairloss_a5_sstate20_mb,fpr,gap,-0.018389990618943197,-0.025243914379787163,-0.011527081177736213,True
Victim Sex,named_n>=5000,graphsage_fairloss_a100_mb,graphsage_fairloss_a5_sstate20_mb,fpr,amplification,-0.22275601052607952,-0.3080609981320327,-0.1380450465198118,True
Victim Sex,named_all,graphsage_fairloss_a100_mb,graphsage_fairloss_a10_sstate20_mb,selection_rate,gap,-0.0036170523852284697,-0.006627521542939161,-0.0005710287703712021,True
Victim Sex,named_all,graphsage_fairloss_a100_mb,graphsage_fairloss_a10_sstate20_mb,selection_rate,amplification,-0.04381297282269281,-0.08121684615912057,-0.007074349486428509,True
Victim Sex,named_all,graphsage_fairloss_a100_mb,graphsage_fairloss_a10_sstate20_mb,tpr,gap,-0.001868215501534265,-0.005322719322158426,0.001657096881880686,False
Victim Sex,named_all,graphsage_fairloss_a100_mb,graphsage_fairloss_a10_sstate20_mb,tpr,amplification,-0.02262949669458103,-0.06381674656488537,0.02041823289262434,False
Victim Sex,named_all,graphsage_fairloss_a100_mb,graphsage_fairloss_a10_sstate20_mb,fpr,gap,-0.008310557915722383,-0.014924685766042238,-0.001613095715776516,True
Victim Sex,named_all,graphsage_fairloss_a100_mb,graphsage_fairloss_a10_sstate20_mb,fpr,amplification,-0.10066490869469691,-0.18079011184411134,-0.01896366814513967,True
Victim Sex,named_n>=5000,graphsage_fairloss_a100_mb,graphsage_fairloss_a10_sstate20_mb,selection_rate,gap,-0.0036170523852284697,-0.006627521542939161,-0.0005710287703712021,True
Victim Sex,named_n>=5000,graphsage_fairloss_a100_mb,graphsage_fairloss_a10_sstate20_mb,selection_rate,amplification,-0.04381297282269281,-0.08121684615912057,-0.007074349486428509,True
Victim Sex,named_n>=5000,graphsage_fairloss_a100_mb,graphsage_fairloss_a10_sstate20_mb,tpr,gap,-0.001868215501534265,-0.005322719322158426,0.001657096881880686,False
Victim Sex,named_n>=5000,graphsage_fairloss_a100_mb,graphsage_fairloss_a10_sstate20_mb,tpr,amplification,-0.02262949669458103,-0.06381674656488537,0.02041823289262434,False
Victim Sex,named_n>=5000,graphsage_fairloss_a100_mb,graphsage_fairloss_a10_sstate20_mb,fpr,gap,-0.008310557915722383,-0.014924685766042238,-0.001613095715776516,True
Victim Sex,named_n>=5000,graphsage_fairloss_a100_mb,graphsage_fairloss_a10_sstate20_mb,fpr,amplification,-0.10066490869469691,-0.18079011184411134,-0.01896366814513967,True
Victim Sex,named_all,graphsage_fairloss_a100_mb,graphsage_fairloss_a25_sstate20_mb,selection_rate,gap,0.00026875385946456554,-0.003065451820071341,0.003479438188003923,False
Victim Sex,named_all,graphsage_fairloss_a100_mb,graphsage_fairloss_a25_sstate20_mb,selection_rate,amplification,0.003255387062902848,-0.037149992143772126,0.04210139804035289,False
Victim Sex,named_all,graphsage_fairloss_a100_mb,graphsage_fairloss_a25_sstate20_mb,tpr,gap,0.0016671291634402507,-0.0023545624993786237,0.005115774845674028,False
Victim Sex,named_all,graphsage_fairloss_a100_mb,graphsage_fairloss_a25_sstate20_mb,tpr,amplification,0.02019375915815297,-0.0282368367594694,0.06159720161507738,False
Victim Sex,named_all,graphsage_fairloss_a100_mb,graphsage_fairloss_a25_sstate20_mb,fpr,gap,-0.004344838116612237,-0.010855046986799644,0.002119819135203649,False
Victim Sex,named_all,graphsage_fairloss_a100_mb,graphsage_fairloss_a25_sstate20_mb,fpr,amplification,-0.05262856438008379,-0.13072221646131318,0.026320229060701895,False
Victim Sex,named_n>=5000,graphsage_fairloss_a100_mb,graphsage_fairloss_a25_sstate20_mb,selection_rate,gap,0.00026875385946456554,-0.003065451820071341,0.003479438188003923,False
Victim Sex,named_n>=5000,graphsage_fairloss_a100_mb,graphsage_fairloss_a25_sstate20_mb,selection_rate,amplification,0.003255387062902848,-0.037149992143772126,0.04210139804035289,False
Victim Sex,named_n>=5000,graphsage_fairloss_a100_mb,graphsage_fairloss_a25_sstate20_mb,tpr,gap,0.0016671291634402507,-0.0023545624993786237,0.005115774845674028,False
Victim Sex,named_n>=5000,graphsage_fairloss_a100_mb,graphsage_fairloss_a25_sstate20_mb,tpr,amplification,0.02019375915815297,-0.0282368367594694,0.06159720161507738,False
Victim Sex,named_n>=5000,graphsage_fairloss_a100_mb,graphsage_fairloss_a25_sstate20_mb,fpr,gap,-0.004344838116612237,-0.010855046986799644,0.002119819135203649,False
Victim Sex,named_n>=5000,graphsage_fairloss_a100_mb,graphsage_fairloss_a25_sstate20_mb,fpr,amplification,-0.05262856438008379,-0.13072221646131318,0.026320229060701895,False
Victim Sex,named_all,graphsage_fairloss_a100_mb,graphsage_fairloss_a50_sstate20_mb,selection_rate,gap,0.007294863644971783,0.0037922382425089607,0.010767702546266739,True
Victim Sex,named_all,graphsage_fairloss_a100_mb,graphsage_fairloss_a50_sstate20_mb,selection_rate,amplification,0.0883619114634997,0.04561691323992211,0.13110488436390677,True
Victim Sex,named_all,graphsage_fairloss_a100_mb,graphsage_fairloss_a50_sstate20_mb,tpr,gap,0.008578855552612952,0.004384245688288974,0.012460997359787809,True
Victim Sex,named_all,graphsage_fairloss_a100_mb,graphsage_fairloss_a50_sstate20_mb,tpr,amplification,0.10391476958183377,0.0535385093995706,0.15136905973059175,True
Victim Sex,named_all,graphsage_fairloss_a100_mb,graphsage_fairloss_a50_sstate20_mb,fpr,gap,0.0019270191377598889,-0.00487761900155567,0.008997524353170843,False
Victim Sex,named_all,graphsage_fairloss_a100_mb,graphsage_fairloss_a50_sstate20_mb,fpr,amplification,0.023341778918181122,-0.05804669605827894,0.1113883084628046,False
Victim Sex,named_n>=5000,graphsage_fairloss_a100_mb,graphsage_fairloss_a50_sstate20_mb,selection_rate,gap,0.007294863644971783,0.0037922382425089607,0.010767702546266739,True
Victim Sex,named_n>=5000,graphsage_fairloss_a100_mb,graphsage_fairloss_a50_sstate20_mb,selection_rate,amplification,0.0883619114634997,0.04561691323992211,0.13110488436390677,True
Victim Sex,named_n>=5000,graphsage_fairloss_a100_mb,graphsage_fairloss_a50_sstate20_mb,tpr,gap,0.008578855552612952,0.004384245688288974,0.012460997359787809,True
Victim Sex,named_n>=5000,graphsage_fairloss_a100_mb,graphsage_fairloss_a50_sstate20_mb,tpr,amplification,0.10391476958183377,0.0535385093995706,0.15136905973059175,True
Victim Sex,named_n>=5000,graphsage_fairloss_a100_mb,graphsage_fairloss_a50_sstate20_mb,fpr,gap,0.0019270191377598889,-0.00487761900155567,0.008997524353170843,False
Victim Sex,named_n>=5000,graphsage_fairloss_a100_mb,graphsage_fairloss_a50_sstate20_mb,fpr,amplification,0.023341778918181122,-0.05804669605827894,0.1113883084628046,False
Victim Sex,named_all,graphsage_fairloss_a100_mb,graphsage_fairloss_a100_sstate20_mb,selection_rate,gap,0.017193552724018124,0.013541681233834734,0.02116440348962965,True
Victim Sex,named_all,graphsage_fairloss_a100_mb,graphsage_fairloss_a100_sstate20_mb,selection_rate,amplification,0.20826368489970326,0.1625354752217386,0.2595263958352968,True
Victim Sex,named_all,graphsage_fairloss_a100_mb,graphsage_fairloss_a100_sstate20_mb,tpr,gap,0.015486980590891708,0.011124685653261131,0.019979071992531443,True
Victim Sex,named_all,graphsage_fairloss_a100_mb,graphsage_fairloss_a100_sstate20_mb,tpr,amplification,0.18759215722319444,0.13412229958243901,0.2443930030085799,True
Victim Sex,named_all,graphsage_fairloss_a100_mb,graphsage_fairloss_a100_sstate20_mb,fpr,gap,0.018244957539391926,0.010936513837829306,0.026948674738430677,True
Victim Sex,named_all,graphsage_fairloss_a100_mb,graphsage_fairloss_a100_sstate20_mb,fpr,amplification,0.22099924017939565,0.12993776774630322,0.3176698374452174,True
Victim Sex,named_n>=5000,graphsage_fairloss_a100_mb,graphsage_fairloss_a100_sstate20_mb,selection_rate,gap,0.017193552724018124,0.013541681233834734,0.02116440348962965,True
Victim Sex,named_n>=5000,graphsage_fairloss_a100_mb,graphsage_fairloss_a100_sstate20_mb,selection_rate,amplification,0.20826368489970326,0.1625354752217386,0.2595263958352968,True
Victim Sex,named_n>=5000,graphsage_fairloss_a100_mb,graphsage_fairloss_a100_sstate20_mb,tpr,gap,0.015486980590891708,0.011124685653261131,0.019979071992531443,True
Victim Sex,named_n>=5000,graphsage_fairloss_a100_mb,graphsage_fairloss_a100_sstate20_mb,tpr,amplification,0.18759215722319444,0.13412229958243901,0.2443930030085799,True
Victim Sex,named_n>=5000,graphsage_fairloss_a100_mb,graphsage_fairloss_a100_sstate20_mb,fpr,gap,0.018244957539391926,0.010936513837829306,0.026948674738430677,True
Victim Sex,named_n>=5000,graphsage_fairloss_a100_mb,graphsage_fairloss_a100_sstate20_mb,fpr,amplification,0.22099924017939565,0.12993776774630322,0.3176698374452174,True
Victim Sex,named_all,graphsage_fairloss_a100_mb,graphsage_fairloss_a5_sstate50_mb,selection_rate,gap,-0.01366015221478778,-0.01674222640971152,-0.010671260328914238,True
Victim Sex,named_all,graphsage_fairloss_a100_mb,graphsage_fairloss_a5_sstate50_mb,selection_rate,amplification,-0.16546397839978777,-0.204726986011493,-0.12919419488804113,True
Victim Sex,named_all,graphsage_fairloss_a100_mb,graphsage_fairloss_a5_sstate50_mb,tpr,gap,-0.012702448968778701,-0.016322406840223923,-0.009148560323810779,True
Victim Sex,named_all,graphsage_fairloss_a100_mb,graphsage_fairloss_a5_sstate50_mb,tpr,amplification,-0.153863420315266,-0.19832307083248987,-0.11121181707062301,True
Victim Sex,named_all,graphsage_fairloss_a100_mb,graphsage_fairloss_a5_sstate50_mb,fpr,gap,-0.013868101504331876,-0.020404024391293695,-0.007397860472151293,True
Victim Sex,named_all,graphsage_fairloss_a100_mb,graphsage_fairloss_a5_sstate50_mb,fpr,amplification,-0.16798284614096315,-0.24892469153187766,-0.09055067665379854,True
Victim Sex,named_n>=5000,graphsage_fairloss_a100_mb,graphsage_fairloss_a5_sstate50_mb,selection_rate,gap,-0.01366015221478778,-0.01674222640971152,-0.010671260328914238,True
Victim Sex,named_n>=5000,graphsage_fairloss_a100_mb,graphsage_fairloss_a5_sstate50_mb,selection_rate,amplification,-0.16546397839978777,-0.204726986011493,-0.12919419488804113,True
Victim Sex,named_n>=5000,graphsage_fairloss_a100_mb,graphsage_fairloss_a5_sstate50_mb,tpr,gap,-0.012702448968778701,-0.016322406840223923,-0.009148560323810779,True
Victim Sex,named_n>=5000,graphsage_fairloss_a100_mb,graphsage_fairloss_a5_sstate50_mb,tpr,amplification,-0.153863420315266,-0.19832307083248987,-0.11121181707062301,True
Victim Sex,named_n>=5000,graphsage_fairloss_a100_mb,graphsage_fairloss_a5_sstate50_mb,fpr,gap,-0.013868101504331876,-0.020404024391293695,-0.007397860472151293,True
Victim Sex,named_n>=5000,graphsage_fairloss_a100_mb,graphsage_fairloss_a5_sstate50_mb,fpr,amplification,-0.16798284614096315,-0.24892469153187766,-0.09055067665379854,True
Victim Sex,named_all,graphsage_fairloss_a100_mb,graphsage_fairloss_a10_sstate50_mb,selection_rate,gap,-0.006011086929883169,-0.009367968293608475,-0.0024618221916211797,True
Victim Sex,named_all,graphsage_fairloss_a100_mb,graphsage_fairloss_a10_sstate50_mb,selection_rate,amplification,-0.07281165994978533,-0.11370317089358807,-0.030036946624015782,True
Victim Sex,named_all,graphsage_fairloss_a100_mb,graphsage_fairloss_a10_sstate50_mb,tpr,gap,-0.004474763847701513,-0.008285307651056922,-0.000462903712047036,True
Victim Sex,named_all,graphsage_fairloss_a100_mb,graphsage_fairloss_a10_sstate50_mb,tpr,amplification,-0.05420234101335286,-0.10170028512193059,-0.005807637814262463,True
Victim Sex,named_all,graphsage_fairloss_a100_mb,graphsage_fairloss_a10_sstate50_mb,fpr,gap,-0.008646137640399787,-0.015635768182863784,-0.0013558218699644279,True
Victim Sex,named_all,graphsage_fairloss_a100_mb,graphsage_fairloss_a10_sstate50_mb,fpr,amplification,-0.10472975039209165,-0.19087219726124222,-0.016554027686085267,True
Victim Sex,named_n>=5000,graphsage_fairloss_a100_mb,graphsage_fairloss_a10_sstate50_mb,selection_rate,gap,-0.006011086929883169,-0.009367968293608475,-0.0024618221916211797,True
Victim Sex,named_n>=5000,graphsage_fairloss_a100_mb,graphsage_fairloss_a10_sstate50_mb,selection_rate,amplification,-0.07281165994978533,-0.11370317089358807,-0.030036946624015782,True
Victim Sex,named_n>=5000,graphsage_fairloss_a100_mb,graphsage_fairloss_a10_sstate50_mb,tpr,gap,-0.004474763847701513,-0.008285307651056922,-0.000462903712047036,True
Victim Sex,named_n>=5000,graphsage_fairloss_a100_mb,graphsage_fairloss_a10_sstate50_mb,tpr,amplification,-0.05420234101335286,-0.10170028512193059,-0.005807637814262463,True
Victim Sex,named_n>=5000,graphsage_fairloss_a100_mb,graphsage_fairloss_a10_sstate50_mb,fpr,gap,-0.008646137640399787,-0.015635768182863784,-0.0013558218699644279,True
Victim Sex,named_n>=5000,graphsage_fairloss_a100_mb,graphsage_fairloss_a10_sstate50_mb,fpr,amplification,-0.10472975039209165,-0.19087219726124222,-0.016554027686085267,True
Victim Sex,named_all,graphsage_fairloss_a100_mb,graphsage_fairloss_a25_sstate50_mb,selection_rate,gap,-0.00024409050181239955,-0.003598996010123162,0.0032898821757171284,False
Victim Sex,named_all,graphsage_fairloss_a100_mb,graphsage_fairloss_a25_sstate50_mb,selection_rate,amplification,-0.0029566424212871256,-0.04364783281481212,0.039370138963020156,False
Victim Sex,named_all,graphsage_fairloss_a100_mb,graphsage_fairloss_a25_sstate50_mb,tpr,gap,0.0012692598698524904,-0.0027285386450781016,0.00508544839733297,False
Victim Sex,named_all,graphsage_fairloss_a100_mb,graphsage_fairloss_a25_sstate50_mb,tpr,amplification,0.01537441050339372,-0.03211302592641066,0.06053699019802199,False
Victim Sex,named_all,graphsage_fairloss_a100_mb,graphsage_fairloss_a25_sstate50_mb,fpr,gap,-0.005091367198097663,-0.012074095615199591,0.002039142152937808,False
Victim Sex,named_all,graphsage_fairloss_a100_mb,graphsage_fairloss_a25_sstate50_mb,fpr,amplification,-0.061671192154025944,-0.14397318561177708,0.025045234707047885,False
Victim Sex,named_n>=5000,graphsage_fairloss_a100_mb,graphsage_fairloss_a25_sstate50_mb,selection_rate,gap,-0.00024409050181239955,-0.003598996010123162,0.0032898821757171284,False
Victim Sex,named_n>=5000,graphsage_fairloss_a100_mb,graphsage_fairloss_a25_sstate50_mb,selection_rate,amplification,-0.0029566424212871256,-0.04364783281481212,0.039370138963020156,False
Victim Sex,named_n>=5000,graphsage_fairloss_a100_mb,graphsage_fairloss_a25_sstate50_mb,tpr,gap,0.0012692598698524904,-0.0027285386450781016,0.00508544839733297,False
Victim Sex,named_n>=5000,graphsage_fairloss_a100_mb,graphsage_fairloss_a25_sstate50_mb,tpr,amplification,0.01537441050339372,-0.03211302592641066,0.06053699019802199,False
Victim Sex,named_n>=5000,graphsage_fairloss_a100_mb,graphsage_fairloss_a25_sstate50_mb,fpr,gap,-0.005091367198097663,-0.012074095615199591,0.002039142152937808,False
Victim Sex,named_n>=5000,graphsage_fairloss_a100_mb,graphsage_fairloss_a25_sstate50_mb,fpr,amplification,-0.061671192154025944,-0.14397318561177708,0.025045234707047885,False
Victim Sex,named_all,graphsage_fairloss_a100_mb,graphsage_fairloss_a50_sstate50_mb,selection_rate,gap,0.006400823121231025,0.002682653277596181,0.009744667629930029,True
Victim Sex,named_all,graphsage_fairloss_a100_mb,graphsage_fairloss_a50_sstate50_mb,selection_rate,amplification,0.07753249319767452,0.03209372158846473,0.11883059618469141,True
Victim Sex,named_all,graphsage_fairloss_a100_mb,graphsage_fairloss_a50_sstate50_mb,tpr,gap,0.0059153338054050986,0.0017072354930664862,0.009794935373029511,True
Victim Sex,named_all,graphsage_fairloss_a100_mb,graphsage_fairloss_a50_sstate50_mb,tpr,amplification,0.07165181248460117,0.02152433269836793,0.11992092015032242,True
Victim Sex,named_all,graphsage_fairloss_a100_mb,graphsage_fairloss_a50_sstate50_mb,fpr,gap,0.006983898639658481,-0.00013075765227652382,0.014052390932570193,False
Victim Sex,named_all,graphsage_fairloss_a100_mb,graphsage_fairloss_a50_sstate50_mb,fpr,amplification,0.0845952252572838,-0.0015850331407415647,0.16914011686950436,False
Victim Sex,named_n>=5000,graphsage_fairloss_a100_mb,graphsage_fairloss_a50_sstate50_mb,selection_rate,gap,0.006400823121231025,0.002682653277596181,0.009744667629930029,True
Victim Sex,named_n>=5000,graphsage_fairloss_a100_mb,graphsage_fairloss_a50_sstate50_mb,selection_rate,amplification,0.07753249319767452,0.03209372158846473,0.11883059618469141,True
Victim Sex,named_n>=5000,graphsage_fairloss_a100_mb,graphsage_fairloss_a50_sstate50_mb,tpr,gap,0.0059153338054050986,0.0017072354930664862,0.009794935373029511,True
Victim Sex,named_n>=5000,graphsage_fairloss_a100_mb,graphsage_fairloss_a50_sstate50_mb,tpr,amplification,0.07165181248460117,0.02152433269836793,0.11992092015032242,True
Victim Sex,named_n>=5000,graphsage_fairloss_a100_mb,graphsage_fairloss_a50_sstate50_mb,fpr,gap,0.006983898639658481,-0.00013075765227652382,0.014052390932570193,False
Victim Sex,named_n>=5000,graphsage_fairloss_a100_mb,graphsage_fairloss_a50_sstate50_mb,fpr,amplification,0.0845952252572838,-0.0015850331407415647,0.16914011686950436,False
Victim Sex,named_all,graphsage_fairloss_a100_mb,graphsage_fairloss_a100_sstate50_mb,selection_rate,gap,0.007469626090109371,0.0038489698662963283,0.011203620480622383,True
Victim Sex,named_all,graphsage_fairloss_a100_mb,graphsage_fairloss_a100_sstate50_mb,selection_rate,amplification,0.0904787904698724,0.04561316925025948,0.13561180929794267,True
Victim Sex,named_all,graphsage_fairloss_a100_mb,graphsage_fairloss_a100_sstate50_mb,tpr,gap,0.007298279457884416,0.00290884864154963,0.011701567763796031,True
Victim Sex,named_all,graphsage_fairloss_a100_mb,graphsage_fairloss_a100_sstate50_mb,tpr,amplification,0.08840328684388399,0.035548322524162165,0.14076149192655277,True
Victim Sex,named_all,graphsage_fairloss_a100_mb,graphsage_fairloss_a100_sstate50_mb,fpr,gap,0.005514550767824478,-0.00198308073554261,0.013127992866301263,False
Victim Sex,named_all,graphsage_fairloss_a100_mb,graphsage_fairloss_a100_sstate50_mb,fpr,amplification,0.06679716995715901,-0.02452388714092409,0.1587870985577506,False
Victim Sex,named_n>=5000,graphsage_fairloss_a100_mb,graphsage_fairloss_a100_sstate50_mb,selection_rate,gap,0.007469626090109371,0.0038489698662963283,0.011203620480622383,True
Victim Sex,named_n>=5000,graphsage_fairloss_a100_mb,graphsage_fairloss_a100_sstate50_mb,selection_rate,amplification,0.0904787904698724,0.04561316925025948,0.13561180929794267,True
Victim Sex,named_n>=5000,graphsage_fairloss_a100_mb,graphsage_fairloss_a100_sstate50_mb,tpr,gap,0.007298279457884416,0.00290884864154963,0.011701567763796031,True
Victim Sex,named_n>=5000,graphsage_fairloss_a100_mb,graphsage_fairloss_a100_sstate50_mb,tpr,amplification,0.08840328684388399,0.035548322524162165,0.14076149192655277,True
Victim Sex,named_n>=5000,graphsage_fairloss_a100_mb,graphsage_fairloss_a100_sstate50_mb,fpr,gap,0.005514550767824478,-0.00198308073554261,0.013127992866301263,False
Victim Sex,named_n>=5000,graphsage_fairloss_a100_mb,graphsage_fairloss_a100_sstate50_mb,fpr,amplification,0.06679716995715901,-0.02452388714092409,0.1587870985577506,False
Victim Sex,named_all,graphsage_fairloss_a5_sstate20_mb,graphsage_fairloss_a10_sstate20_mb,selection_rate,gap,0.010419825039412967,0.008478593614476124,0.01231043050432305,True
Victim Sex,named_all,graphsage_fairloss_a5_sstate20_mb,graphsage_fairloss_a10_sstate20_mb,selection_rate,amplification,0.12621423818283417,0.1012532099152454,0.15216539086580774,True
Victim Sex,named_all,graphsage_fairloss_a5_sstate20_mb,graphsage_fairloss_a10_sstate20_mb,tpr,gap,0.010053723705841233,0.00797611359253302,0.01239744904415914,True
Victim Sex,named_all,graphsage_fairloss_a5_sstate20_mb,graphsage_fairloss_a10_sstate20_mb,tpr,amplification,0.12177969146638767,0.09500882175286876,0.15148368783133798,True
Victim Sex,named_all,graphsage_fairloss_a5_sstate20_mb,graphsage_fairloss_a10_sstate20_mb,fpr,gap,0.010079432703220814,0.0056915128110169,0.014564860782277544,True
Victim Sex,named_all,graphsage_fairloss_a5_sstate20_mb,graphsage_fairloss_a10_sstate20_mb,fpr,amplification,0.12209110183138261,0.06715606284901478,0.17660125202157137,True
Victim Sex,named_n>=5000,graphsage_fairloss_a5_sstate20_mb,graphsage_fairloss_a10_sstate20_mb,selection_rate,gap,0.010419825039412967,0.008478593614476124,0.01231043050432305,True
Victim Sex,named_n>=5000,graphsage_fairloss_a5_sstate20_mb,graphsage_fairloss_a10_sstate20_mb,selection_rate,amplification,0.12621423818283417,0.1012532099152454,0.15216539086580774,True
Victim Sex,named_n>=5000,graphsage_fairloss_a5_sstate20_mb,graphsage_fairloss_a10_sstate20_mb,tpr,gap,0.010053723705841233,0.00797611359253302,0.01239744904415914,True
Victim Sex,named_n>=5000,graphsage_fairloss_a5_sstate20_mb,graphsage_fairloss_a10_sstate20_mb,tpr,amplification,0.12177969146638767,0.09500882175286876,0.15148368783133798,True
Victim Sex,named_n>=5000,graphsage_fairloss_a5_sstate20_mb,graphsage_fairloss_a10_sstate20_mb,fpr,gap,0.010079432703220814,0.0056915128110169,0.014564860782277544,True
Victim Sex,named_n>=5000,graphsage_fairloss_a5_sstate20_mb,graphsage_fairloss_a10_sstate20_mb,fpr,amplification,0.12209110183138261,0.06715606284901478,0.17660125202157137,True
Victim Sex,named_all,graphsage_fairloss_a5_sstate20_mb,graphsage_fairloss_a25_sstate20_mb,selection_rate,gap,0.014305631284106002,0.011753501747026773,0.016802745475024573,True
Victim Sex,named_all,graphsage_fairloss_a5_sstate20_mb,graphsage_fairloss_a25_sstate20_mb,selection_rate,amplification,0.17328259806842983,0.14153425092926006,0.20482985252698516,True
Victim Sex,named_all,graphsage_fairloss_a5_sstate20_mb,graphsage_fairloss_a25_sstate20_mb,tpr,gap,0.013589068370815749,0.010697546197744847,0.01630876707016328,True
Victim Sex,named_all,graphsage_fairloss_a5_sstate20_mb,graphsage_fairloss_a25_sstate20_mb,tpr,amplification,0.16460294731912167,0.1294988964782607,0.1993125720644542,True
Victim Sex,named_all,graphsage_fairloss_a5_sstate20_mb,graphsage_fairloss_a25_sstate20_mb,fpr,gap,0.01404515250233096,0.008690702092821374,0.019226058418738062,True
Victim Sex,named_all,graphsage_fairloss_a5_sstate20_mb,graphsage_fairloss_a25_sstate20_mb,fpr,amplification,0.17012744614599573,0.1046337658449518,0.2344045149026825,True
Victim Sex,named_n>=5000,graphsage_fairloss_a5_sstate20_mb,graphsage_fairloss_a25_sstate20_mb,selection_rate,gap,0.014305631284106002,0.011753501747026773,0.016802745475024573,True
Victim Sex,named_n>=5000,graphsage_fairloss_a5_sstate20_mb,graphsage_fairloss_a25_sstate20_mb,selection_rate,amplification,0.17328259806842983,0.14153425092926006,0.20482985252698516,True
Victim Sex,named_n>=5000,graphsage_fairloss_a5_sstate20_mb,graphsage_fairloss_a25_sstate20_mb,tpr,gap,0.013589068370815749,0.010697546197744847,0.01630876707016328,True
Victim Sex,named_n>=5000,graphsage_fairloss_a5_sstate20_mb,graphsage_fairloss_a25_sstate20_mb,tpr,amplification,0.16460294731912167,0.1294988964782607,0.1993125720644542,True
Victim Sex,named_n>=5000,graphsage_fairloss_a5_sstate20_mb,graphsage_fairloss_a25_sstate20_mb,fpr,gap,0.01404515250233096,0.008690702092821374,0.019226058418738062,True
Victim Sex,named_n>=5000,graphsage_fairloss_a5_sstate20_mb,graphsage_fairloss_a25_sstate20_mb,fpr,amplification,0.17012744614599573,0.1046337658449518,0.2344045149026825,True
Victim Sex,named_all,graphsage_fairloss_a5_sstate20_mb,graphsage_fairloss_a50_sstate20_mb,selection_rate,gap,0.02133174106961322,0.018468636763044916,0.02410218031050212,True
Victim Sex,named_all,graphsage_fairloss_a5_sstate20_mb,graphsage_fairloss_a50_sstate20_mb,selection_rate,amplification,0.2583891224690267,0.2219549321581698,0.29826171936808704,True
Victim Sex,named_all,graphsage_fairloss_a5_sstate20_mb,graphsage_fairloss_a50_sstate20_mb,tpr,gap,0.02050079475998845,0.017040061010220677,0.023805796307927583,True
Victim Sex,named_all,graphsage_fairloss_a5_sstate20_mb,graphsage_fairloss_a50_sstate20_mb,tpr,amplification,0.24832395774280247,0.20399560420884044,0.2947145426238544,True
Victim Sex,named_all,graphsage_fairloss_a5_sstate20_mb,graphsage_fairloss_a50_sstate20_mb,fpr,gap,0.020317009756703086,0.013989209987894467,0.026409678347574697,True
Victim Sex,named_all,graphsage_fairloss_a5_sstate20_mb,graphsage_fairloss_a50_sstate20_mb,fpr,amplification,0.24609778944426064,0.1705099507998193,0.32268122616954736,True
Victim Sex,named_n>=5000,graphsage_fairloss_a5_sstate20_mb,graphsage_fairloss_a50_sstate20_mb,selection_rate,gap,0.02133174106961322,0.018468636763044916,0.02410218031050212,True
Victim Sex,named_n>=5000,graphsage_fairloss_a5_sstate20_mb,graphsage_fairloss_a50_sstate20_mb,selection_rate,amplification,0.2583891224690267,0.2219549321581698,0.29826171936808704,True
Victim Sex,named_n>=5000,graphsage_fairloss_a5_sstate20_mb,graphsage_fairloss_a50_sstate20_mb,tpr,gap,0.02050079475998845,0.017040061010220677,0.023805796307927583,True
Victim Sex,named_n>=5000,graphsage_fairloss_a5_sstate20_mb,graphsage_fairloss_a50_sstate20_mb,tpr,amplification,0.24832395774280247,0.20399560420884044,0.2947145426238544,True
Victim Sex,named_n>=5000,graphsage_fairloss_a5_sstate20_mb,graphsage_fairloss_a50_sstate20_mb,fpr,gap,0.020317009756703086,0.013989209987894467,0.026409678347574697,True
Victim Sex,named_n>=5000,graphsage_fairloss_a5_sstate20_mb,graphsage_fairloss_a50_sstate20_mb,fpr,amplification,0.24609778944426064,0.1705099507998193,0.32268122616954736,True
Victim Sex,named_all,graphsage_fairloss_a5_sstate20_mb,graphsage_fairloss_a100_sstate20_mb,selection_rate,gap,0.03123043014865956,0.027839336765595343,0.03443229850707554,True
Victim Sex,named_all,graphsage_fairloss_a5_sstate20_mb,graphsage_fairloss_a100_sstate20_mb,selection_rate,amplification,0.37829089590523024,0.3337543287463922,0.42290911063339365,True
Victim Sex,named_all,graphsage_fairloss_a5_sstate20_mb,graphsage_fairloss_a100_sstate20_mb,tpr,gap,0.027408919798267206,0.02374134619037765,0.031016967768043434,True
Victim Sex,named_all,graphsage_fairloss_a5_sstate20_mb,graphsage_fairloss_a100_sstate20_mb,tpr,amplification,0.33200134538416315,0.28232715746437237,0.38108896929095687,True
Victim Sex,named_all,graphsage_fairloss_a5_sstate20_mb,graphsage_fairloss_a100_sstate20_mb,fpr,gap,0.03663494815833512,0.029886395232338034,0.04312419686759921,True
Victim Sex,named_all,graphsage_fairloss_a5_sstate20_mb,graphsage_fairloss_a100_sstate20_mb,fpr,amplification,0.44375525070547517,0.357487567064929,0.5278495765211406,True
Victim Sex,named_n>=5000,graphsage_fairloss_a5_sstate20_mb,graphsage_fairloss_a100_sstate20_mb,selection_rate,gap,0.03123043014865956,0.027839336765595343,0.03443229850707554,True
Victim Sex,named_n>=5000,graphsage_fairloss_a5_sstate20_mb,graphsage_fairloss_a100_sstate20_mb,selection_rate,amplification,0.37829089590523024,0.3337543287463922,0.42290911063339365,True
Victim Sex,named_n>=5000,graphsage_fairloss_a5_sstate20_mb,graphsage_fairloss_a100_sstate20_mb,tpr,gap,0.027408919798267206,0.02374134619037765,0.031016967768043434,True
Victim Sex,named_n>=5000,graphsage_fairloss_a5_sstate20_mb,graphsage_fairloss_a100_sstate20_mb,tpr,amplification,0.33200134538416315,0.28232715746437237,0.38108896929095687,True
Victim Sex,named_n>=5000,graphsage_fairloss_a5_sstate20_mb,graphsage_fairloss_a100_sstate20_mb,fpr,gap,0.03663494815833512,0.029886395232338034,0.04312419686759921,True
Victim Sex,named_n>=5000,graphsage_fairloss_a5_sstate20_mb,graphsage_fairloss_a100_sstate20_mb,fpr,amplification,0.44375525070547517,0.357487567064929,0.5278495765211406,True
Victim Sex,named_all,graphsage_fairloss_a5_sstate20_mb,graphsage_fairloss_a5_sstate50_mb,selection_rate,gap,0.00037672520985365665,-0.0017380885638386577,0.002605875144453554,False
Victim Sex,named_all,graphsage_fairloss_a5_sstate20_mb,graphsage_fairloss_a5_sstate50_mb,selection_rate,amplification,0.004563232605739209,-0.021191801360939445,0.03148790796750496,False
Victim Sex,named_all,graphsage_fairloss_a5_sstate20_mb,graphsage_fairloss_a5_sstate50_mb,tpr,gap,-0.000780509761403203,-0.003297737755499716,0.001740024129100534,False
Victim Sex,named_all,graphsage_fairloss_a5_sstate20_mb,graphsage_fairloss_a5_sstate50_mb,tpr,amplification,-0.009454232154297304,-0.04018479750661995,0.02149722018801666,False
Victim Sex,named_all,graphsage_fairloss_a5_sstate20_mb,graphsage_fairloss_a5_sstate50_mb,fpr,gap,0.004521889114611322,4.76349304754431e-05,0.00888264725327588,True
Victim Sex,named_all,graphsage_fairloss_a5_sstate20_mb,graphsage_fairloss_a5_sstate50_mb,fpr,amplification,0.05477316438511637,0.000601268910158348,0.10776651084015366,True
Victim Sex,named_n>=5000,graphsage_fairloss_a5_sstate20_mb,graphsage_fairloss_a5_sstate50_mb,selection_rate,gap,0.00037672520985365665,-0.0017380885638386577,0.002605875144453554,False
Victim Sex,named_n>=5000,graphsage_fairloss_a5_sstate20_mb,graphsage_fairloss_a5_sstate50_mb,selection_rate,amplification,0.004563232605739209,-0.021191801360939445,0.03148790796750496,False
Victim Sex,named_n>=5000,graphsage_fairloss_a5_sstate20_mb,graphsage_fairloss_a5_sstate50_mb,tpr,gap,-0.000780509761403203,-0.003297737755499716,0.001740024129100534,False
Victim Sex,named_n>=5000,graphsage_fairloss_a5_sstate20_mb,graphsage_fairloss_a5_sstate50_mb,tpr,amplification,-0.009454232154297304,-0.04018479750661995,0.02149722018801666,False
Victim Sex,named_n>=5000,graphsage_fairloss_a5_sstate20_mb,graphsage_fairloss_a5_sstate50_mb,fpr,gap,0.004521889114611322,4.76349304754431e-05,0.00888264725327588,True
Victim Sex,named_n>=5000,graphsage_fairloss_a5_sstate20_mb,graphsage_fairloss_a5_sstate50_mb,fpr,amplification,0.05477316438511637,0.000601268910158348,0.10776651084015366,True
Victim Sex,named_all,graphsage_fairloss_a5_sstate20_mb,graphsage_fairloss_a10_sstate50_mb,selection_rate,gap,0.008025790494758267,0.00573892812457052,0.01027774864731631,True
Victim Sex,named_all,graphsage_fairloss_a5_sstate20_mb,graphsage_fairloss_a10_sstate50_mb,selection_rate,amplification,0.09721555105574164,0.06888839358132413,0.124968208890546,True
Victim Sex,named_all,graphsage_fairloss_a5_sstate20_mb,graphsage_fairloss_a10_sstate50_mb,tpr,gap,0.007447175359673985,0.004846284523842556,0.00989309011319726,True
Victim Sex,named_all,graphsage_fairloss_a5_sstate20_mb,graphsage_fairloss_a10_sstate50_mb,tpr,amplification,0.09020684714761584,0.05923941485497786,0.12055097414763506,True
Victim Sex,named_all,graphsage_fairloss_a5_sstate20_mb,graphsage_fairloss_a10_sstate50_mb,fpr,gap,0.00974385297854341,0.0051776525799954055,0.014626496472571644,True
Victim Sex,named_all,graphsage_fairloss_a5_sstate20_mb,graphsage_fairloss_a10_sstate50_mb,fpr,amplification,0.11802626013398787,0.0627392933850096,0.17687931872943627,True
Victim Sex,named_n>=5000,graphsage_fairloss_a5_sstate20_mb,graphsage_fairloss_a10_sstate50_mb,selection_rate,gap,0.008025790494758267,0.00573892812457052,0.01027774864731631,True
Victim Sex,named_n>=5000,graphsage_fairloss_a5_sstate20_mb,graphsage_fairloss_a10_sstate50_mb,selection_rate,amplification,0.09721555105574164,0.06888839358132413,0.124968208890546,True
Victim Sex,named_n>=5000,graphsage_fairloss_a5_sstate20_mb,graphsage_fairloss_a10_sstate50_mb,tpr,gap,0.007447175359673985,0.004846284523842556,0.00989309011319726,True
Victim Sex,named_n>=5000,graphsage_fairloss_a5_sstate20_mb,graphsage_fairloss_a10_sstate50_mb,tpr,amplification,0.09020684714761584,0.05923941485497786,0.12055097414763506,True
Victim Sex,named_n>=5000,graphsage_fairloss_a5_sstate20_mb,graphsage_fairloss_a10_sstate50_mb,fpr,gap,0.00974385297854341,0.0051776525799954055,0.014626496472571644,True
Victim Sex,named_n>=5000,graphsage_fairloss_a5_sstate20_mb,graphsage_fairloss_a10_sstate50_mb,fpr,amplification,0.11802626013398787,0.0627392933850096,0.17687931872943627,True
Victim Sex,named_all,graphsage_fairloss_a5_sstate20_mb,graphsage_fairloss_a25_sstate50_mb,selection_rate,gap,0.013792786922829037,0.011253743166555618,0.016307406421412533,True
Victim Sex,named_all,graphsage_fairloss_a5_sstate20_mb,graphsage_fairloss_a25_sstate50_mb,selection_rate,amplification,0.16707056858423985,0.13736774925967263,0.19912654720767378,True
Victim Sex,named_all,graphsage_fairloss_a5_sstate20_mb,graphsage_fairloss_a25_sstate50_mb,tpr,gap,0.013191199077227989,0.010404003990675675,0.01605175848061203,True
Victim Sex,named_all,graphsage_fairloss_a5_sstate20_mb,graphsage_fairloss_a25_sstate50_mb,tpr,amplification,0.15978359866436243,0.12576411901159745,0.19691787309364606,True
Victim Sex,named_all,graphsage_fairloss_a5_sstate20_mb,graphsage_fairloss_a25_sstate50_mb,fpr,gap,0.013298623420845535,0.008118050224592888,0.018263998285634686,True
Victim Sex,named_all,graphsage_fairloss_a5_sstate20_mb,graphsage_fairloss_a25_sstate50_mb,fpr,amplification,0.16108481837205357,0.09712622680999931,0.2204506876468799,True
Victim Sex,named_n>=5000,graphsage_fairloss_a5_sstate20_mb,graphsage_fairloss_a25_sstate50_mb,selection_rate,gap,0.013792786922829037,0.011253743166555618,0.016307406421412533,True
Victim Sex,named_n>=5000,graphsage_fairloss_a5_sstate20_mb,graphsage_fairloss_a25_sstate50_mb,selection_rate,amplification,0.16707056858423985,0.13736774925967263,0.19912654720767378,True
Victim Sex,named_n>=5000,graphsage_fairloss_a5_sstate20_mb,graphsage_fairloss_a25_sstate50_mb,tpr,gap,0.013191199077227989,0.010404003990675675,0.01605175848061203,True
Victim Sex,named_n>=5000,graphsage_fairloss_a5_sstate20_mb,graphsage_fairloss_a25_sstate50_mb,tpr,amplification,0.15978359866436243,0.12576411901159745,0.19691787309364606,True
Victim Sex,named_n>=5000,graphsage_fairloss_a5_sstate20_mb,graphsage_fairloss_a25_sstate50_mb,fpr,gap,0.013298623420845535,0.008118050224592888,0.018263998285634686,True
Victim Sex,named_n>=5000,graphsage_fairloss_a5_sstate20_mb,graphsage_fairloss_a25_sstate50_mb,fpr,amplification,0.16108481837205357,0.09712622680999931,0.2204506876468799,True
Victim Sex,named_all,graphsage_fairloss_a5_sstate20_mb,graphsage_fairloss_a50_sstate50_mb,selection_rate,gap,0.02043770054587246,0.017527161618605312,0.023177071963866026,True
Victim Sex,named_all,graphsage_fairloss_a5_sstate20_mb,graphsage_fairloss_a50_sstate50_mb,selection_rate,amplification,0.2475597042032015,0.21039114090905733,0.28324361043327206,True
Victim Sex,named_all,graphsage_fairloss_a5_sstate20_mb,graphsage_fairloss_a50_sstate50_mb,tpr,gap,0.017837273012780597,0.014371657194068691,0.021068016262295094,True
Victim Sex,named_all,graphsage_fairloss_a5_sstate20_mb,graphsage_fairloss_a50_sstate50_mb,tpr,amplification,0.21606100064556988,0.1756940174264337,0.2593962942838203,True
Victim Sex,named_all,graphsage_fairloss_a5_sstate20_mb,graphsage_fairloss_a50_sstate50_mb,fpr,gap,0.02537388925860168,0.01968884916090515,0.031118170727259063,True
Victim Sex,named_all,graphsage_fairloss_a5_sstate20_mb,graphsage_fairloss_a50_sstate50_mb,fpr,amplification,0.3073512357833633,0.23414086286447777,0.38057058072358174,True
Victim Sex,named_n>=5000,graphsage_fairloss_a5_sstate20_mb,graphsage_fairloss_a50_sstate50_mb,selection_rate,gap,0.02043770054587246,0.017527161618605312,0.023177071963866026,True
Victim Sex,named_n>=5000,graphsage_fairloss_a5_sstate20_mb,graphsage_fairloss_a50_sstate50_mb,selection_rate,amplification,0.2475597042032015,0.21039114090905733,0.28324361043327206,True
Victim Sex,named_n>=5000,graphsage_fairloss_a5_sstate20_mb,graphsage_fairloss_a50_sstate50_mb,tpr,gap,0.017837273012780597,0.014371657194068691,0.021068016262295094,True
Victim Sex,named_n>=5000,graphsage_fairloss_a5_sstate20_mb,graphsage_fairloss_a50_sstate50_mb,tpr,amplification,0.21606100064556988,0.1756940174264337,0.2593962942838203,True
Victim Sex,named_n>=5000,graphsage_fairloss_a5_sstate20_mb,graphsage_fairloss_a50_sstate50_mb,fpr,gap,0.02537388925860168,0.01968884916090515,0.031118170727259063,True
Victim Sex,named_n>=5000,graphsage_fairloss_a5_sstate20_mb,graphsage_fairloss_a50_sstate50_mb,fpr,amplification,0.3073512357833633,0.23414086286447777,0.38057058072358174,True
Victim Sex,named_all,graphsage_fairloss_a5_sstate20_mb,graphsage_fairloss_a100_sstate50_mb,selection_rate,gap,0.021506503514750808,0.01847953340714741,0.024468839348843276,True
Victim Sex,named_all,graphsage_fairloss_a5_sstate20_mb,graphsage_fairloss_a100_sstate50_mb,selection_rate,amplification,0.2605060014753994,0.22282256717795648,0.300236988195656,True
Victim Sex,named_all,graphsage_fairloss_a5_sstate20_mb,graphsage_fairloss_a100_sstate50_mb,tpr,gap,0.019220218665259914,0.015730357358898293,0.022886064926173046,True
Victim Sex,named_all,graphsage_fairloss_a5_sstate20_mb,graphsage_fairloss_a100_sstate50_mb,tpr,amplification,0.2328124750048527,0.18958668747582053,0.2784341428019042,True
Victim Sex,named_all,graphsage_fairloss_a5_sstate20_mb,graphsage_fairloss_a100_sstate50_mb,fpr,gap,0.023904541386767675,0.017720648384744624,0.03000805586380957,True
Victim Sex,named_all,graphsage_fairloss_a5_sstate20_mb,graphsage_fairloss_a100_sstate50_mb,fpr,amplification,0.2895531804832385,0.21361280553663814,0.3671559770346387,True
Victim Sex,named_n>=5000,graphsage_fairloss_a5_sstate20_mb,graphsage_fairloss_a100_sstate50_mb,selection_rate,gap,0.021506503514750808,0.01847953340714741,0.024468839348843276,True
Victim Sex,named_n>=5000,graphsage_fairloss_a5_sstate20_mb,graphsage_fairloss_a100_sstate50_mb,selection_rate,amplification,0.2605060014753994,0.22282256717795648,0.300236988195656,True
Victim Sex,named_n>=5000,graphsage_fairloss_a5_sstate20_mb,graphsage_fairloss_a100_sstate50_mb,tpr,gap,0.019220218665259914,0.015730357358898293,0.022886064926173046,True
Victim Sex,named_n>=5000,graphsage_fairloss_a5_sstate20_mb,graphsage_fairloss_a100_sstate50_mb,tpr,amplification,0.2328124750048527,0.18958668747582053,0.2784341428019042,True
Victim Sex,named_n>=5000,graphsage_fairloss_a5_sstate20_mb,graphsage_fairloss_a100_sstate50_mb,fpr,gap,0.023904541386767675,0.017720648384744624,0.03000805586380957,True
Victim Sex,named_n>=5000,graphsage_fairloss_a5_sstate20_mb,graphsage_fairloss_a100_sstate50_mb,fpr,amplification,0.2895531804832385,0.21361280553663814,0.3671559770346387,True
Victim Sex,named_all,graphsage_fairloss_a10_sstate20_mb,graphsage_fairloss_a25_sstate20_mb,selection_rate,gap,0.0038858062446930353,0.0019808054996686307,0.005858431202010505,True
Victim Sex,named_all,graphsage_fairloss_a10_sstate20_mb,graphsage_fairloss_a25_sstate20_mb,selection_rate,amplification,0.047068359885595656,0.02401228477410522,0.07094946807540624,True
Victim Sex,named_all,graphsage_fairloss_a10_sstate20_mb,graphsage_fairloss_a25_sstate20_mb,tpr,gap,0.0035353446649745157,0.0013487641602475148,0.005845870327229005,True
Victim Sex,named_all,graphsage_fairloss_a10_sstate20_mb,graphsage_fairloss_a25_sstate20_mb,tpr,amplification,0.042823255852734,0.016409873207594766,0.07029464096224754,True
Victim Sex,named_all,graphsage_fairloss_a10_sstate20_mb,graphsage_fairloss_a25_sstate20_mb,fpr,gap,0.003965719799110146,-0.000277201091605296,0.007895635474642702,False
Victim Sex,named_all,graphsage_fairloss_a10_sstate20_mb,graphsage_fairloss_a25_sstate20_mb,fpr,amplification,0.04803634431461312,-0.0034601558590136687,0.09587659593149836,False
Victim Sex,named_n>=5000,graphsage_fairloss_a10_sstate20_mb,graphsage_fairloss_a25_sstate20_mb,selection_rate,gap,0.0038858062446930353,0.0019808054996686307,0.005858431202010505,True
Victim Sex,named_n>=5000,graphsage_fairloss_a10_sstate20_mb,graphsage_fairloss_a25_sstate20_mb,selection_rate,amplification,0.047068359885595656,0.02401228477410522,0.07094946807540624,True
Victim Sex,named_n>=5000,graphsage_fairloss_a10_sstate20_mb,graphsage_fairloss_a25_sstate20_mb,tpr,gap,0.0035353446649745157,0.0013487641602475148,0.005845870327229005,True
Victim Sex,named_n>=5000,graphsage_fairloss_a10_sstate20_mb,graphsage_fairloss_a25_sstate20_mb,tpr,amplification,0.042823255852734,0.016409873207594766,0.07029464096224754,True
Victim Sex,named_n>=5000,graphsage_fairloss_a10_sstate20_mb,graphsage_fairloss_a25_sstate20_mb,fpr,gap,0.003965719799110146,-0.000277201091605296,0.007895635474642702,False
Victim Sex,named_n>=5000,graphsage_fairloss_a10_sstate20_mb,graphsage_fairloss_a25_sstate20_mb,fpr,amplification,0.04803634431461312,-0.0034601558590136687,0.09587659593149836,False
Victim Sex,named_all,graphsage_fairloss_a10_sstate20_mb,graphsage_fairloss_a50_sstate20_mb,selection_rate,gap,0.010911916030200253,0.008369535787336815,0.013349397811146677,True
Victim Sex,named_all,graphsage_fairloss_a10_sstate20_mb,graphsage_fairloss_a50_sstate20_mb,selection_rate,amplification,0.1321748842861925,0.10035097105024739,0.16211332974514492,True
Victim Sex,named_all,graphsage_fairloss_a10_sstate20_mb,graphsage_fairloss_a50_sstate20_mb,tpr,gap,0.010447071054147217,0.0075568198716410686,0.013215117908396556,True
Victim Sex,named_all,graphsage_fairloss_a10_sstate20_mb,graphsage_fairloss_a50_sstate20_mb,tpr,amplification,0.1265442662764148,0.09005462497681764,0.16223741058697339,True
Victim Sex,named_all,graphsage_fairloss_a10_sstate20_mb,graphsage_fairloss_a50_sstate20_mb,fpr,gap,0.010237577053482272,0.005262786918809081,0.015368341713913701,True
Victim Sex,named_all,graphsage_fairloss_a10_sstate20_mb,graphsage_fairloss_a50_sstate20_mb,fpr,amplification,0.12400668761287803,0.06341977535430483,0.18705081578942825,True
Victim Sex,named_n>=5000,graphsage_fairloss_a10_sstate20_mb,graphsage_fairloss_a50_sstate20_mb,selection_rate,gap,0.010911916030200253,0.008369535787336815,0.013349397811146677,True
Victim Sex,named_n>=5000,graphsage_fairloss_a10_sstate20_mb,graphsage_fairloss_a50_sstate20_mb,selection_rate,amplification,0.1321748842861925,0.10035097105024739,0.16211332974514492,True
Victim Sex,named_n>=5000,graphsage_fairloss_a10_sstate20_mb,graphsage_fairloss_a50_sstate20_mb,tpr,gap,0.010447071054147217,0.0075568198716410686,0.013215117908396556,True
Victim Sex,named_n>=5000,graphsage_fairloss_a10_sstate20_mb,graphsage_fairloss_a50_sstate20_mb,tpr,amplification,0.1265442662764148,0.09005462497681764,0.16223741058697339,True
Victim Sex,named_n>=5000,graphsage_fairloss_a10_sstate20_mb,graphsage_fairloss_a50_sstate20_mb,fpr,gap,0.010237577053482272,0.005262786918809081,0.015368341713913701,True
Victim Sex,named_n>=5000,graphsage_fairloss_a10_sstate20_mb,graphsage_fairloss_a50_sstate20_mb,fpr,amplification,0.12400668761287803,0.06341977535430483,0.18705081578942825,True
Victim Sex,named_all,graphsage_fairloss_a10_sstate20_mb,graphsage_fairloss_a100_sstate20_mb,selection_rate,gap,0.020810605109246594,0.018179972462436474,0.02364421389098227,True
Victim Sex,named_all,graphsage_fairloss_a10_sstate20_mb,graphsage_fairloss_a100_sstate20_mb,selection_rate,amplification,0.25207665772239607,0.2182885524151497,0.2896945782894378,True
Victim Sex,named_all,graphsage_fairloss_a10_sstate20_mb,graphsage_fairloss_a100_sstate20_mb,tpr,gap,0.017355196092425973,0.014078099102186117,0.020421132461339597,True
Victim Sex,named_all,graphsage_fairloss_a10_sstate20_mb,graphsage_fairloss_a100_sstate20_mb,tpr,amplification,0.21022165391777548,0.17000309464083047,0.2500293897695468,True
Victim Sex,named_all,graphsage_fairloss_a10_sstate20_mb,graphsage_fairloss_a100_sstate20_mb,fpr,gap,0.02655551545511431,0.020799780112531054,0.03253898894217322,True
Victim Sex,named_all,graphsage_fairloss_a10_sstate20_mb,graphsage_fairloss_a100_sstate20_mb,fpr,amplification,0.32166414887409256,0.25265875066168625,0.3971993462617512,True
Victim Sex,named_n>=5000,graphsage_fairloss_a10_sstate20_mb,graphsage_fairloss_a100_sstate20_mb,selection_rate,gap,0.020810605109246594,0.018179972462436474,0.02364421389098227,True
Victim Sex,named_n>=5000,graphsage_fairloss_a10_sstate20_mb,graphsage_fairloss_a100_sstate20_mb,selection_rate,amplification,0.25207665772239607,0.2182885524151497,0.2896945782894378,True
Victim Sex,named_n>=5000,graphsage_fairloss_a10_sstate20_mb,graphsage_fairloss_a100_sstate20_mb,tpr,gap,0.017355196092425973,0.014078099102186117,0.020421132461339597,True
Victim Sex,named_n>=5000,graphsage_fairloss_a10_sstate20_mb,graphsage_fairloss_a100_sstate20_mb,tpr,amplification,0.21022165391777548,0.17000309464083047,0.2500293897695468,True
Victim Sex,named_n>=5000,graphsage_fairloss_a10_sstate20_mb,graphsage_fairloss_a100_sstate20_mb,fpr,gap,0.02655551545511431,0.020799780112531054,0.03253898894217322,True
Victim Sex,named_n>=5000,graphsage_fairloss_a10_sstate20_mb,graphsage_fairloss_a100_sstate20_mb,fpr,amplification,0.32166414887409256,0.25265875066168625,0.3971993462617512,True
Victim Sex,named_all,graphsage_fairloss_a10_sstate20_mb,graphsage_fairloss_a5_sstate50_mb,selection_rate,gap,-0.01004309982955931,-0.012324407987434565,-0.007938923776563231,True
Victim Sex,named_all,graphsage_fairloss_a10_sstate20_mb,graphsage_fairloss_a5_sstate50_mb,selection_rate,amplification,-0.12165100557709496,-0.15022555146420646,-0.0963979217817249,True
Victim Sex,named_all,graphsage_fairloss_a10_sstate20_mb,graphsage_fairloss_a5_sstate50_mb,tpr,gap,-0.010834233467244436,-0.013267773201010571,-0.008345785385240298,True
Victim Sex,named_all,graphsage_fairloss_a10_sstate20_mb,graphsage_fairloss_a5_sstate50_mb,tpr,amplification,-0.13123392362068498,-0.163637692964301,-0.10046955242740957,True
Victim Sex,named_all,graphsage_fairloss_a10_sstate20_mb,graphsage_fairloss_a5_sstate50_mb,fpr,gap,-0.005557543588609493,-0.010401522803990329,-0.0008060915144470715,True
Victim Sex,named_all,graphsage_fairloss_a10_sstate20_mb,graphsage_fairloss_a5_sstate50_mb,fpr,amplification,-0.06731793744626624,-0.12488435916967044,-0.00970650536803459,True
Victim Sex,named_n>=5000,graphsage_fairloss_a10_sstate20_mb,graphsage_fairloss_a5_sstate50_mb,selection_rate,gap,-0.01004309982955931,-0.012324407987434565,-0.007938923776563231,True
Victim Sex,named_n>=5000,graphsage_fairloss_a10_sstate20_mb,graphsage_fairloss_a5_sstate50_mb,selection_rate,amplification,-0.12165100557709496,-0.15022555146420646,-0.0963979217817249,True
Victim Sex,named_n>=5000,graphsage_fairloss_a10_sstate20_mb,graphsage_fairloss_a5_sstate50_mb,tpr,gap,-0.010834233467244436,-0.013267773201010571,-0.008345785385240298,True
Victim Sex,named_n>=5000,graphsage_fairloss_a10_sstate20_mb,graphsage_fairloss_a5_sstate50_mb,tpr,amplification,-0.13123392362068498,-0.163637692964301,-0.10046955242740957,True
Victim Sex,named_n>=5000,graphsage_fairloss_a10_sstate20_mb,graphsage_fairloss_a5_sstate50_mb,fpr,gap,-0.005557543588609493,-0.010401522803990329,-0.0008060915144470715,True
Victim Sex,named_n>=5000,graphsage_fairloss_a10_sstate20_mb,graphsage_fairloss_a5_sstate50_mb,fpr,amplification,-0.06731793744626624,-0.12488435916967044,-0.00970650536803459,True
Victim Sex,named_all,graphsage_fairloss_a10_sstate20_mb,graphsage_fairloss_a10_sstate50_mb,selection_rate,gap,-0.0023940345446546996,-0.004497482882520246,-0.00020420181073012615,True
Victim Sex,named_all,graphsage_fairloss_a10_sstate20_mb,graphsage_fairloss_a10_sstate50_mb,selection_rate,amplification,-0.028998687127092526,-0.05462916791043793,-0.0024692415042750263,True
Victim Sex,named_all,graphsage_fairloss_a10_sstate20_mb,graphsage_fairloss_a10_sstate50_mb,tpr,gap,-0.002606548346167248,-0.0048793464285851375,-0.00012363756888125548,True
Victim Sex,named_all,graphsage_fairloss_a10_sstate20_mb,graphsage_fairloss_a10_sstate50_mb,tpr,amplification,-0.03157284431877183,-0.058874693806851,-0.001470977920393843,True
Victim Sex,named_all,graphsage_fairloss_a10_sstate20_mb,graphsage_fairloss_a10_sstate50_mb,fpr,gap,-0.00033557972467740393,-0.005163732958785462,0.004175986618671293,False
Victim Sex,named_all,graphsage_fairloss_a10_sstate20_mb,graphsage_fairloss_a10_sstate50_mb,fpr,amplification,-0.004064841697394739,-0.06263625110209388,0.05030545943500528,False
Victim Sex,named_n>=5000,graphsage_fairloss_a10_sstate20_mb,graphsage_fairloss_a10_sstate50_mb,selection_rate,gap,-0.0023940345446546996,-0.004497482882520246,-0.00020420181073012615,True
Victim Sex,named_n>=5000,graphsage_fairloss_a10_sstate20_mb,graphsage_fairloss_a10_sstate50_mb,selection_rate,amplification,-0.028998687127092526,-0.05462916791043793,-0.0024692415042750263,True
Victim Sex,named_n>=5000,graphsage_fairloss_a10_sstate20_mb,graphsage_fairloss_a10_sstate50_mb,tpr,gap,-0.002606548346167248,-0.0048793464285851375,-0.00012363756888125548,True
Victim Sex,named_n>=5000,graphsage_fairloss_a10_sstate20_mb,graphsage_fairloss_a10_sstate50_mb,tpr,amplification,-0.03157284431877183,-0.058874693806851,-0.001470977920393843,True
Victim Sex,named_n>=5000,graphsage_fairloss_a10_sstate20_mb,graphsage_fairloss_a10_sstate50_mb,fpr,gap,-0.00033557972467740393,-0.005163732958785462,0.004175986618671293,False
Victim Sex,named_n>=5000,graphsage_fairloss_a10_sstate20_mb,graphsage_fairloss_a10_sstate50_mb,fpr,amplification,-0.004064841697394739,-0.06263625110209388,0.05030545943500528,False
Victim Sex,named_all,graphsage_fairloss_a10_sstate20_mb,graphsage_fairloss_a25_sstate50_mb,selection_rate,gap,0.00337296188341607,0.0014665290229139982,0.005505980745266527,True
Victim Sex,named_all,graphsage_fairloss_a10_sstate20_mb,graphsage_fairloss_a25_sstate50_mb,selection_rate,amplification,0.04085633040140568,0.017674376977729438,0.06763113776925683,True
Victim Sex,named_all,graphsage_fairloss_a10_sstate20_mb,graphsage_fairloss_a25_sstate50_mb,tpr,gap,0.0031374753713867554,0.0009503970195918227,0.005493678761777096,True
Victim Sex,named_all,graphsage_fairloss_a10_sstate20_mb,graphsage_fairloss_a25_sstate50_mb,tpr,amplification,0.03800390719797475,0.011452172560380385,0.06648966091320532,True
Victim Sex,named_all,graphsage_fairloss_a10_sstate20_mb,graphsage_fairloss_a25_sstate50_mb,fpr,gap,0.0032191907176247203,-0.0014039669414684472,0.007898405237080092,False
Victim Sex,named_all,graphsage_fairloss_a10_sstate20_mb,graphsage_fairloss_a25_sstate50_mb,fpr,amplification,0.038993716540670964,-0.016847955801499007,0.09548226907910394,False
Victim Sex,named_n>=5000,graphsage_fairloss_a10_sstate20_mb,graphsage_fairloss_a25_sstate50_mb,selection_rate,gap,0.00337296188341607,0.0014665290229139982,0.005505980745266527,True
Victim Sex,named_n>=5000,graphsage_fairloss_a10_sstate20_mb,graphsage_fairloss_a25_sstate50_mb,selection_rate,amplification,0.04085633040140568,0.017674376977729438,0.06763113776925683,True
Victim Sex,named_n>=5000,graphsage_fairloss_a10_sstate20_mb,graphsage_fairloss_a25_sstate50_mb,tpr,gap,0.0031374753713867554,0.0009503970195918227,0.005493678761777096,True
Victim Sex,named_n>=5000,graphsage_fairloss_a10_sstate20_mb,graphsage_fairloss_a25_sstate50_mb,tpr,amplification,0.03800390719797475,0.011452172560380385,0.06648966091320532,True
Victim Sex,named_n>=5000,graphsage_fairloss_a10_sstate20_mb,graphsage_fairloss_a25_sstate50_mb,fpr,gap,0.0032191907176247203,-0.0014039669414684472,0.007898405237080092,False
Victim Sex,named_n>=5000,graphsage_fairloss_a10_sstate20_mb,graphsage_fairloss_a25_sstate50_mb,fpr,amplification,0.038993716540670964,-0.016847955801499007,0.09548226907910394,False
Victim Sex,named_all,graphsage_fairloss_a10_sstate20_mb,graphsage_fairloss_a50_sstate50_mb,selection_rate,gap,0.010017875506459495,0.0075069750606758774,0.012513574584059545,True
Victim Sex,named_all,graphsage_fairloss_a10_sstate20_mb,graphsage_fairloss_a50_sstate50_mb,selection_rate,amplification,0.12134546602036733,0.09063059863733154,0.15401268532925907,True
Victim Sex,named_all,graphsage_fairloss_a10_sstate20_mb,graphsage_fairloss_a50_sstate50_mb,tpr,gap,0.0077835493069393635,0.004916169548115509,0.010603630699879976,True
Victim Sex,named_all,graphsage_fairloss_a10_sstate20_mb,graphsage_fairloss_a50_sstate50_mb,tpr,amplification,0.0942813091791822,0.05965557047928343,0.13020087276617492,True
Victim Sex,named_all,graphsage_fairloss_a10_sstate20_mb,graphsage_fairloss_a50_sstate50_mb,fpr,gap,0.015294456555380864,0.0100966440646624,0.020656379306047124,True
Victim Sex,named_all,graphsage_fairloss_a10_sstate20_mb,graphsage_fairloss_a50_sstate50_mb,fpr,amplification,0.1852601339519807,0.12091701667914682,0.2533486836349993,True
Victim Sex,named_n>=5000,graphsage_fairloss_a10_sstate20_mb,graphsage_fairloss_a50_sstate50_mb,selection_rate,gap,0.010017875506459495,0.0075069750606758774,0.012513574584059545,True
Victim Sex,named_n>=5000,graphsage_fairloss_a10_sstate20_mb,graphsage_fairloss_a50_sstate50_mb,selection_rate,amplification,0.12134546602036733,0.09063059863733154,0.15401268532925907,True
Victim Sex,named_n>=5000,graphsage_fairloss_a10_sstate20_mb,graphsage_fairloss_a50_sstate50_mb,tpr,gap,0.0077835493069393635,0.004916169548115509,0.010603630699879976,True
Victim Sex,named_n>=5000,graphsage_fairloss_a10_sstate20_mb,graphsage_fairloss_a50_sstate50_mb,tpr,amplification,0.0942813091791822,0.05965557047928343,0.13020087276617492,True
Victim Sex,named_n>=5000,graphsage_fairloss_a10_sstate20_mb,graphsage_fairloss_a50_sstate50_mb,fpr,gap,0.015294456555380864,0.0100966440646624,0.020656379306047124,True
Victim Sex,named_n>=5000,graphsage_fairloss_a10_sstate20_mb,graphsage_fairloss_a50_sstate50_mb,fpr,amplification,0.1852601339519807,0.12091701667914682,0.2533486836349993,True
Victim Sex,named_all,graphsage_fairloss_a10_sstate20_mb,graphsage_fairloss_a100_sstate50_mb,selection_rate,gap,0.011086678475337841,0.008367584273339983,0.013864971056162608,True
Victim Sex,named_all,graphsage_fairloss_a10_sstate20_mb,graphsage_fairloss_a100_sstate50_mb,selection_rate,amplification,0.1342917632925652,0.10052232845582737,0.17037581198071122,True
Victim Sex,named_all,graphsage_fairloss_a10_sstate20_mb,graphsage_fairloss_a100_sstate50_mb,tpr,gap,0.00916649495941868,0.005865026018503616,0.012526940209192082,True
Victim Sex,named_all,graphsage_fairloss_a10_sstate20_mb,graphsage_fairloss_a100_sstate50_mb,tpr,amplification,0.11103278353846502,0.06990359826717767,0.1522737203915044,True
Victim Sex,named_all,graphsage_fairloss_a10_sstate20_mb,graphsage_fairloss_a100_sstate50_mb,fpr,gap,0.01382510868354686,0.00818135632860872,0.019595636924310093,True
Victim Sex,named_all,graphsage_fairloss_a10_sstate20_mb,graphsage_fairloss_a100_sstate50_mb,fpr,amplification,0.16746207865185592,0.09904487570730587,0.24106987330615734,True
Victim Sex,named_n>=5000,graphsage_fairloss_a10_sstate20_mb,graphsage_fairloss_a100_sstate50_mb,selection_rate,gap,0.011086678475337841,0.008367584273339983,0.013864971056162608,True
Victim Sex,named_n>=5000,graphsage_fairloss_a10_sstate20_mb,graphsage_fairloss_a100_sstate50_mb,selection_rate,amplification,0.1342917632925652,0.10052232845582737,0.17037581198071122,True
Victim Sex,named_n>=5000,graphsage_fairloss_a10_sstate20_mb,graphsage_fairloss_a100_sstate50_mb,tpr,gap,0.00916649495941868,0.005865026018503616,0.012526940209192082,True
Victim Sex,named_n>=5000,graphsage_fairloss_a10_sstate20_mb,graphsage_fairloss_a100_sstate50_mb,tpr,amplification,0.11103278353846502,0.06990359826717767,0.1522737203915044,True
Victim Sex,named_n>=5000,graphsage_fairloss_a10_sstate20_mb,graphsage_fairloss_a100_sstate50_mb,fpr,gap,0.01382510868354686,0.00818135632860872,0.019595636924310093,True
Victim Sex,named_n>=5000,graphsage_fairloss_a10_sstate20_mb,graphsage_fairloss_a100_sstate50_mb,fpr,amplification,0.16746207865185592,0.09904487570730587,0.24106987330615734,True
Victim Sex,named_all,graphsage_fairloss_a25_sstate20_mb,graphsage_fairloss_a50_sstate20_mb,selection_rate,gap,0.007026109785507217,0.004967082442521961,0.009101504157484865,True
Victim Sex,named_all,graphsage_fairloss_a25_sstate20_mb,graphsage_fairloss_a50_sstate20_mb,selection_rate,amplification,0.08510652440059685,0.05984379682985432,0.11062204983255637,True
Victim Sex,named_all,graphsage_fairloss_a25_sstate20_mb,graphsage_fairloss_a50_sstate20_mb,tpr,gap,0.006911726389172701,0.004582767987425818,0.009276324357011003,True
Victim Sex,named_all,graphsage_fairloss_a25_sstate20_mb,graphsage_fairloss_a50_sstate20_mb,tpr,amplification,0.0837210104236808,0.05505892837107729,0.11364298404803726,True
Victim Sex,named_all,graphsage_fairloss_a25_sstate20_mb,graphsage_fairloss_a50_sstate20_mb,fpr,gap,0.006271857254372126,0.0022872239097784727,0.010457762726421651,True
Victim Sex,named_all,graphsage_fairloss_a25_sstate20_mb,graphsage_fairloss_a50_sstate20_mb,fpr,amplification,0.07597034329826491,0.02745247755797617,0.1281068192269696,True
Victim Sex,named_n>=5000,graphsage_fairloss_a25_sstate20_mb,graphsage_fairloss_a50_sstate20_mb,selection_rate,gap,0.007026109785507217,0.004967082442521961,0.009101504157484865,True
Victim Sex,named_n>=5000,graphsage_fairloss_a25_sstate20_mb,graphsage_fairloss_a50_sstate20_mb,selection_rate,amplification,0.08510652440059685,0.05984379682985432,0.11062204983255637,True
Victim Sex,named_n>=5000,graphsage_fairloss_a25_sstate20_mb,graphsage_fairloss_a50_sstate20_mb,tpr,gap,0.006911726389172701,0.004582767987425818,0.009276324357011003,True
Victim Sex,named_n>=5000,graphsage_fairloss_a25_sstate20_mb,graphsage_fairloss_a50_sstate20_mb,tpr,amplification,0.0837210104236808,0.05505892837107729,0.11364298404803726,True
Victim Sex,named_n>=5000,graphsage_fairloss_a25_sstate20_mb,graphsage_fairloss_a50_sstate20_mb,fpr,gap,0.006271857254372126,0.0022872239097784727,0.010457762726421651,True
Victim Sex,named_n>=5000,graphsage_fairloss_a25_sstate20_mb,graphsage_fairloss_a50_sstate20_mb,fpr,amplification,0.07597034329826491,0.02745247755797617,0.1281068192269696,True
Victim Sex,named_all,graphsage_fairloss_a25_sstate20_mb,graphsage_fairloss_a100_sstate20_mb,selection_rate,gap,0.01692479886455356,0.014450223215957254,0.019457116435081287,True
Victim Sex,named_all,graphsage_fairloss_a25_sstate20_mb,graphsage_fairloss_a100_sstate20_mb,selection_rate,amplification,0.2050082978368004,0.17368860968285393,0.23813346454138873,True
Victim Sex,named_all,graphsage_fairloss_a25_sstate20_mb,graphsage_fairloss_a100_sstate20_mb,tpr,gap,0.013819851427451457,0.010865624864267964,0.016825471966198335,True
Victim Sex,named_all,graphsage_fairloss_a25_sstate20_mb,graphsage_fairloss_a100_sstate20_mb,tpr,amplification,0.16739839806504148,0.13087375717070454,0.20623438796408053,True
Victim Sex,named_all,graphsage_fairloss_a25_sstate20_mb,graphsage_fairloss_a100_sstate20_mb,fpr,gap,0.022589795656004164,0.017372054887179456,0.027811812272487618,True
Victim Sex,named_all,graphsage_fairloss_a25_sstate20_mb,graphsage_fairloss_a100_sstate20_mb,fpr,amplification,0.27362780455947944,0.20974313392645888,0.3392414357577797,True
Victim Sex,named_n>=5000,graphsage_fairloss_a25_sstate20_mb,graphsage_fairloss_a100_sstate20_mb,selection_rate,gap,0.01692479886455356,0.014450223215957254,0.019457116435081287,True
Victim Sex,named_n>=5000,graphsage_fairloss_a25_sstate20_mb,graphsage_fairloss_a100_sstate20_mb,selection_rate,amplification,0.2050082978368004,0.17368860968285393,0.23813346454138873,True
Victim Sex,named_n>=5000,graphsage_fairloss_a25_sstate20_mb,graphsage_fairloss_a100_sstate20_mb,tpr,gap,0.013819851427451457,0.010865624864267964,0.016825471966198335,True
Victim Sex,named_n>=5000,graphsage_fairloss_a25_sstate20_mb,graphsage_fairloss_a100_sstate20_mb,tpr,amplification,0.16739839806504148,0.13087375717070454,0.20623438796408053,True
Victim Sex,named_n>=5000,graphsage_fairloss_a25_sstate20_mb,graphsage_fairloss_a100_sstate20_mb,fpr,gap,0.022589795656004164,0.017372054887179456,0.027811812272487618,True
Victim Sex,named_n>=5000,graphsage_fairloss_a25_sstate20_mb,graphsage_fairloss_a100_sstate20_mb,fpr,amplification,0.27362780455947944,0.20974313392645888,0.3392414357577797,True
Victim Sex,named_all,graphsage_fairloss_a25_sstate20_mb,graphsage_fairloss_a5_sstate50_mb,selection_rate,gap,-0.013928906074252345,-0.01655336169055309,-0.011293566004150244,True
Victim Sex,named_all,graphsage_fairloss_a25_sstate20_mb,graphsage_fairloss_a5_sstate50_mb,selection_rate,amplification,-0.16871936546269062,-0.2034582148718384,-0.13591539237480085,True
Victim Sex,named_all,graphsage_fairloss_a25_sstate20_mb,graphsage_fairloss_a5_sstate50_mb,tpr,gap,-0.014369578132218952,-0.017297203159390248,-0.011321990585244518,True
Victim Sex,named_all,graphsage_fairloss_a25_sstate20_mb,graphsage_fairloss_a5_sstate50_mb,tpr,amplification,-0.17405717947341898,-0.21210127295355743,-0.1367159312304173,True
Victim Sex,named_all,graphsage_fairloss_a25_sstate20_mb,graphsage_fairloss_a5_sstate50_mb,fpr,gap,-0.009523263387719638,-0.015013690962510795,-0.004696578127888336,True
Victim Sex,named_all,graphsage_fairloss_a25_sstate20_mb,graphsage_fairloss_a5_sstate50_mb,fpr,amplification,-0.11535428176087936,-0.18110693283240403,-0.05705929398924582,True
Victim Sex,named_n>=5000,graphsage_fairloss_a25_sstate20_mb,graphsage_fairloss_a5_sstate50_mb,selection_rate,gap,-0.013928906074252345,-0.01655336169055309,-0.011293566004150244,True
Victim Sex,named_n>=5000,graphsage_fairloss_a25_sstate20_mb,graphsage_fairloss_a5_sstate50_mb,selection_rate,amplification,-0.16871936546269062,-0.2034582148718384,-0.13591539237480085,True
Victim Sex,named_n>=5000,graphsage_fairloss_a25_sstate20_mb,graphsage_fairloss_a5_sstate50_mb,tpr,gap,-0.014369578132218952,-0.017297203159390248,-0.011321990585244518,True
Victim Sex,named_n>=5000,graphsage_fairloss_a25_sstate20_mb,graphsage_fairloss_a5_sstate50_mb,tpr,amplification,-0.17405717947341898,-0.21210127295355743,-0.1367159312304173,True
Victim Sex,named_n>=5000,graphsage_fairloss_a25_sstate20_mb,graphsage_fairloss_a5_sstate50_mb,fpr,gap,-0.009523263387719638,-0.015013690962510795,-0.004696578127888336,True
Victim Sex,named_n>=5000,graphsage_fairloss_a25_sstate20_mb,graphsage_fairloss_a5_sstate50_mb,fpr,amplification,-0.11535428176087936,-0.18110693283240403,-0.05705929398924582,True
Victim Sex,named_all,graphsage_fairloss_a25_sstate20_mb,graphsage_fairloss_a10_sstate50_mb,selection_rate,gap,-0.006279840789347735,-0.008548410689919383,-0.003905572330101296,True
Victim Sex,named_all,graphsage_fairloss_a25_sstate20_mb,graphsage_fairloss_a10_sstate50_mb,selection_rate,amplification,-0.07606704701268818,-0.10476077423507985,-0.047295289546446906,True
Victim Sex,named_all,graphsage_fairloss_a25_sstate20_mb,graphsage_fairloss_a10_sstate50_mb,tpr,gap,-0.0061418930111417636,-0.008802858189375599,-0.0032682814659581007,True
Victim Sex,named_all,graphsage_fairloss_a25_sstate20_mb,graphsage_fairloss_a10_sstate50_mb,tpr,amplification,-0.07439610017150583,-0.10716371755288896,-0.039807020753861104,True
Victim Sex,named_all,graphsage_fairloss_a25_sstate20_mb,graphsage_fairloss_a10_sstate50_mb,fpr,gap,-0.0043012995237875495,-0.009168770870891543,0.0006778678395992791,False
Victim Sex,named_all,graphsage_fairloss_a25_sstate20_mb,graphsage_fairloss_a10_sstate50_mb,fpr,amplification,-0.05210118601200786,-0.11219529950464563,0.00790166564833475,False
Victim Sex,named_n>=5000,graphsage_fairloss_a25_sstate20_mb,graphsage_fairloss_a10_sstate50_mb,selection_rate,gap,-0.006279840789347735,-0.008548410689919383,-0.003905572330101296,True
Victim Sex,named_n>=5000,graphsage_fairloss_a25_sstate20_mb,graphsage_fairloss_a10_sstate50_mb,selection_rate,amplification,-0.07606704701268818,-0.10476077423507985,-0.047295289546446906,True
Victim Sex,named_n>=5000,graphsage_fairloss_a25_sstate20_mb,graphsage_fairloss_a10_sstate50_mb,tpr,gap,-0.0061418930111417636,-0.008802858189375599,-0.0032682814659581007,True
Victim Sex,named_n>=5000,graphsage_fairloss_a25_sstate20_mb,graphsage_fairloss_a10_sstate50_mb,tpr,amplification,-0.07439610017150583,-0.10716371755288896,-0.039807020753861104,True
Victim Sex,named_n>=5000,graphsage_fairloss_a25_sstate20_mb,graphsage_fairloss_a10_sstate50_mb,fpr,gap,-0.0043012995237875495,-0.009168770870891543,0.0006778678395992791,False
Victim Sex,named_n>=5000,graphsage_fairloss_a25_sstate20_mb,graphsage_fairloss_a10_sstate50_mb,fpr,amplification,-0.05210118601200786,-0.11219529950464563,0.00790166564833475,False
Victim Sex,named_all,graphsage_fairloss_a25_sstate20_mb,graphsage_fairloss_a25_sstate50_mb,selection_rate,gap,-0.0005128443612769651,-0.0027469232252867156,0.0016047289266854935,False
Victim Sex,named_all,graphsage_fairloss_a25_sstate20_mb,graphsage_fairloss_a25_sstate50_mb,selection_rate,amplification,-0.006212029484189974,-0.0333591830528048,0.01950261827292779,False
Victim Sex,named_all,graphsage_fairloss_a25_sstate20_mb,graphsage_fairloss_a25_sstate50_mb,tpr,gap,-0.00039786929358776035,-0.0026998736540066264,0.0020340391920917714,False
Victim Sex,named_all,graphsage_fairloss_a25_sstate20_mb,graphsage_fairloss_a25_sstate50_mb,tpr,amplification,-0.004819348654759248,-0.03229771705941129,0.024453483072209025,False
Victim Sex,named_all,graphsage_fairloss_a25_sstate20_mb,graphsage_fairloss_a25_sstate50_mb,fpr,gap,-0.0007465290814854253,-0.005575554930314711,0.0035153206862010384,False
Victim Sex,named_all,graphsage_fairloss_a25_sstate20_mb,graphsage_fairloss_a25_sstate50_mb,fpr,amplification,-0.009042627773942158,-0.06796624985065844,0.04342798555477677,False
Victim Sex,named_n>=5000,graphsage_fairloss_a25_sstate20_mb,graphsage_fairloss_a25_sstate50_mb,selection_rate,gap,-0.0005128443612769651,-0.0027469232252867156,0.0016047289266854935,False
Victim Sex,named_n>=5000,graphsage_fairloss_a25_sstate20_mb,graphsage_fairloss_a25_sstate50_mb,selection_rate,amplification,-0.006212029484189974,-0.0333591830528048,0.01950261827292779,False
Victim Sex,named_n>=5000,graphsage_fairloss_a25_sstate20_mb,graphsage_fairloss_a25_sstate50_mb,tpr,gap,-0.00039786929358776035,-0.0026998736540066264,0.0020340391920917714,False
Victim Sex,named_n>=5000,graphsage_fairloss_a25_sstate20_mb,graphsage_fairloss_a25_sstate50_mb,tpr,amplification,-0.004819348654759248,-0.03229771705941129,0.024453483072209025,False
Victim Sex,named_n>=5000,graphsage_fairloss_a25_sstate20_mb,graphsage_fairloss_a25_sstate50_mb,fpr,gap,-0.0007465290814854253,-0.005575554930314711,0.0035153206862010384,False
Victim Sex,named_n>=5000,graphsage_fairloss_a25_sstate20_mb,graphsage_fairloss_a25_sstate50_mb,fpr,amplification,-0.009042627773942158,-0.06796624985065844,0.04342798555477677,False
Victim Sex,named_all,graphsage_fairloss_a25_sstate20_mb,graphsage_fairloss_a50_sstate50_mb,selection_rate,gap,0.00613206926176646,0.003833845844417294,0.008463744405322207,True
Victim Sex,named_all,graphsage_fairloss_a25_sstate20_mb,graphsage_fairloss_a50_sstate50_mb,selection_rate,amplification,0.07427710613477168,0.0459349516610954,0.10324852418976974,True
Victim Sex,named_all,graphsage_fairloss_a25_sstate20_mb,graphsage_fairloss_a50_sstate50_mb,tpr,gap,0.004248204641964848,0.001510462409506319,0.007154865815799291,True
Victim Sex,named_all,graphsage_fairloss_a25_sstate20_mb,graphsage_fairloss_a50_sstate50_mb,tpr,amplification,0.051458053326448205,0.018090003386426717,0.08544571963945713,True
Victim Sex,named_all,graphsage_fairloss_a25_sstate20_mb,graphsage_fairloss_a50_sstate50_mb,fpr,gap,0.011328736756270719,0.006238237419524975,0.01600100176689603,True
Victim Sex,named_all,graphsage_fairloss_a25_sstate20_mb,graphsage_fairloss_a50_sstate50_mb,fpr,amplification,0.1372237896373676,0.0760516847577981,0.19658501985106794,True
Victim Sex,named_n>=5000,graphsage_fairloss_a25_sstate20_mb,graphsage_fairloss_a50_sstate50_mb,selection_rate,gap,0.00613206926176646,0.003833845844417294,0.008463744405322207,True
Victim Sex,named_n>=5000,graphsage_fairloss_a25_sstate20_mb,graphsage_fairloss_a50_sstate50_mb,selection_rate,amplification,0.07427710613477168,0.0459349516610954,0.10324852418976974,True
Victim Sex,named_n>=5000,graphsage_fairloss_a25_sstate20_mb,graphsage_fairloss_a50_sstate50_mb,tpr,gap,0.004248204641964848,0.001510462409506319,0.007154865815799291,True
Victim Sex,named_n>=5000,graphsage_fairloss_a25_sstate20_mb,graphsage_fairloss_a50_sstate50_mb,tpr,amplification,0.051458053326448205,0.018090003386426717,0.08544571963945713,True
Victim Sex,named_n>=5000,graphsage_fairloss_a25_sstate20_mb,graphsage_fairloss_a50_sstate50_mb,fpr,gap,0.011328736756270719,0.006238237419524975,0.01600100176689603,True
Victim Sex,named_n>=5000,graphsage_fairloss_a25_sstate20_mb,graphsage_fairloss_a50_sstate50_mb,fpr,amplification,0.1372237896373676,0.0760516847577981,0.19658501985106794,True
Victim Sex,named_all,graphsage_fairloss_a25_sstate20_mb,graphsage_fairloss_a100_sstate50_mb,selection_rate,gap,0.007200872230644806,0.004492249712818294,0.009896870882508301,True
Victim Sex,named_all,graphsage_fairloss_a25_sstate20_mb,graphsage_fairloss_a100_sstate50_mb,selection_rate,amplification,0.08722340340696955,0.054709331988645395,0.12125003516717908,True
Victim Sex,named_all,graphsage_fairloss_a25_sstate20_mb,graphsage_fairloss_a100_sstate50_mb,tpr,gap,0.005631150294444165,0.0027890263008768625,0.008730593210170409,True
Victim Sex,named_all,graphsage_fairloss_a25_sstate20_mb,graphsage_fairloss_a100_sstate50_mb,tpr,amplification,0.06820952768573102,0.03275475876495393,0.10520491576497701,True
Victim Sex,named_all,graphsage_fairloss_a25_sstate20_mb,graphsage_fairloss_a100_sstate50_mb,fpr,gap,0.009859388884436715,0.004403362924153805,0.01486160150786881,True
Victim Sex,named_all,graphsage_fairloss_a25_sstate20_mb,graphsage_fairloss_a100_sstate50_mb,fpr,amplification,0.1194257343372428,0.053889051796552685,0.18136222659014795,True
Victim Sex,named_n>=5000,graphsage_fairloss_a25_sstate20_mb,graphsage_fairloss_a100_sstate50_mb,selection_rate,gap,0.007200872230644806,0.004492249712818294,0.009896870882508301,True
Victim Sex,named_n>=5000,graphsage_fairloss_a25_sstate20_mb,graphsage_fairloss_a100_sstate50_mb,selection_rate,amplification,0.08722340340696955,0.054709331988645395,0.12125003516717908,True
Victim Sex,named_n>=5000,graphsage_fairloss_a25_sstate20_mb,graphsage_fairloss_a100_sstate50_mb,tpr,gap,0.005631150294444165,0.0027890263008768625,0.008730593210170409,True
Victim Sex,named_n>=5000,graphsage_fairloss_a25_sstate20_mb,graphsage_fairloss_a100_sstate50_mb,tpr,amplification,0.06820952768573102,0.03275475876495393,0.10520491576497701,True
Victim Sex,named_n>=5000,graphsage_fairloss_a25_sstate20_mb,graphsage_fairloss_a100_sstate50_mb,fpr,gap,0.009859388884436715,0.004403362924153805,0.01486160150786881,True
Victim Sex,named_n>=5000,graphsage_fairloss_a25_sstate20_mb,graphsage_fairloss_a100_sstate50_mb,fpr,amplification,0.1194257343372428,0.053889051796552685,0.18136222659014795,True
Victim Sex,named_all,graphsage_fairloss_a50_sstate20_mb,graphsage_fairloss_a100_sstate20_mb,selection_rate,gap,0.009898689079046341,0.007672061357322893,0.012182907827070698,True
Victim Sex,named_all,graphsage_fairloss_a50_sstate20_mb,graphsage_fairloss_a100_sstate20_mb,selection_rate,amplification,0.11990177343620356,0.0929531737002564,0.14972819092417244,True
Victim Sex,named_all,graphsage_fairloss_a50_sstate20_mb,graphsage_fairloss_a100_sstate20_mb,tpr,gap,0.006908125038278756,0.004444023960111973,0.009397261872544646,True
Victim Sex,named_all,graphsage_fairloss_a50_sstate20_mb,graphsage_fairloss_a100_sstate20_mb,tpr,amplification,0.08367738764136068,0.053185846670991,0.11533790149989204,True
Victim Sex,named_all,graphsage_fairloss_a50_sstate20_mb,graphsage_fairloss_a100_sstate20_mb,fpr,gap,0.016317938401632037,0.011316737125546376,0.021062293895110284,True
Victim Sex,named_all,graphsage_fairloss_a50_sstate20_mb,graphsage_fairloss_a100_sstate20_mb,fpr,amplification,0.19765746126121453,0.13576558462071614,0.2566073154768074,True
Victim Sex,named_n>=5000,graphsage_fairloss_a50_sstate20_mb,graphsage_fairloss_a100_sstate20_mb,selection_rate,gap,0.009898689079046341,0.007672061357322893,0.012182907827070698,True
Victim Sex,named_n>=5000,graphsage_fairloss_a50_sstate20_mb,graphsage_fairloss_a100_sstate20_mb,selection_rate,amplification,0.11990177343620356,0.0929531737002564,0.14972819092417244,True
Victim Sex,named_n>=5000,graphsage_fairloss_a50_sstate20_mb,graphsage_fairloss_a100_sstate20_mb,tpr,gap,0.006908125038278756,0.004444023960111973,0.009397261872544646,True
Victim Sex,named_n>=5000,graphsage_fairloss_a50_sstate20_mb,graphsage_fairloss_a100_sstate20_mb,tpr,amplification,0.08367738764136068,0.053185846670991,0.11533790149989204,True
Victim Sex,named_n>=5000,graphsage_fairloss_a50_sstate20_mb,graphsage_fairloss_a100_sstate20_mb,fpr,gap,0.016317938401632037,0.011316737125546376,0.021062293895110284,True
Victim Sex,named_n>=5000,graphsage_fairloss_a50_sstate20_mb,graphsage_fairloss_a100_sstate20_mb,fpr,amplification,0.19765746126121453,0.13576558462071614,0.2566073154768074,True
Victim Sex,named_all,graphsage_fairloss_a50_sstate20_mb,graphsage_fairloss_a5_sstate50_mb,selection_rate,gap,-0.020955015859759563,-0.02383234511137664,-0.018069195642183757,True
Victim Sex,named_all,graphsage_fairloss_a50_sstate20_mb,graphsage_fairloss_a5_sstate50_mb,selection_rate,amplification,-0.25382588986328747,-0.29134187017055463,-0.21399396362960238,True
Victim Sex,named_all,graphsage_fairloss_a50_sstate20_mb,graphsage_fairloss_a5_sstate50_mb,tpr,gap,-0.021281304521391653,-0.02465209431435111,-0.01785331928709692,True
Victim Sex,named_all,graphsage_fairloss_a50_sstate20_mb,graphsage_fairloss_a5_sstate50_mb,tpr,amplification,-0.2577781898970998,-0.3028817127157843,-0.21471535572640277,True
Victim Sex,named_all,graphsage_fairloss_a50_sstate20_mb,graphsage_fairloss_a5_sstate50_mb,fpr,gap,-0.015795120642091764,-0.02191643045618752,-0.00980276564606055,True
Victim Sex,named_all,graphsage_fairloss_a50_sstate20_mb,graphsage_fairloss_a5_sstate50_mb,fpr,amplification,-0.19132462505914427,-0.2654935760241457,-0.1194550288893552,True
Victim Sex,named_n>=5000,graphsage_fairloss_a50_sstate20_mb,graphsage_fairloss_a5_sstate50_mb,selection_rate,gap,-0.020955015859759563,-0.02383234511137664,-0.018069195642183757,True
Victim Sex,named_n>=5000,graphsage_fairloss_a50_sstate20_mb,graphsage_fairloss_a5_sstate50_mb,selection_rate,amplification,-0.25382588986328747,-0.29134187017055463,-0.21399396362960238,True
Victim Sex,named_n>=5000,graphsage_fairloss_a50_sstate20_mb,graphsage_fairloss_a5_sstate50_mb,tpr,gap,-0.021281304521391653,-0.02465209431435111,-0.01785331928709692,True
Victim Sex,named_n>=5000,graphsage_fairloss_a50_sstate20_mb,graphsage_fairloss_a5_sstate50_mb,tpr,amplification,-0.2577781898970998,-0.3028817127157843,-0.21471535572640277,True
Victim Sex,named_n>=5000,graphsage_fairloss_a50_sstate20_mb,graphsage_fairloss_a5_sstate50_mb,fpr,gap,-0.015795120642091764,-0.02191643045618752,-0.00980276564606055,True
Victim Sex,named_n>=5000,graphsage_fairloss_a50_sstate20_mb,graphsage_fairloss_a5_sstate50_mb,fpr,amplification,-0.19132462505914427,-0.2654935760241457,-0.1194550288893552,True
Victim Sex,named_all,graphsage_fairloss_a50_sstate20_mb,graphsage_fairloss_a10_sstate50_mb,selection_rate,gap,-0.013305950574854952,-0.015983117366646545,-0.010660526994094779,True
Victim Sex,named_all,graphsage_fairloss_a50_sstate20_mb,graphsage_fairloss_a10_sstate50_mb,selection_rate,amplification,-0.16117357141328503,-0.19605465658872392,-0.12846378121687982,True
Victim Sex,named_all,graphsage_fairloss_a50_sstate20_mb,graphsage_fairloss_a10_sstate50_mb,tpr,gap,-0.013053619400314465,-0.016124299033792495,-0.01001204151452435,True
Victim Sex,named_all,graphsage_fairloss_a50_sstate20_mb,graphsage_fairloss_a10_sstate50_mb,tpr,amplification,-0.15811711059518663,-0.19697422298600203,-0.12149213980306602,True
Victim Sex,named_all,graphsage_fairloss_a50_sstate20_mb,graphsage_fairloss_a10_sstate50_mb,fpr,gap,-0.010573156778159676,-0.01600668746343525,-0.005425322454984673,True
Victim Sex,named_all,graphsage_fairloss_a50_sstate20_mb,graphsage_fairloss_a10_sstate50_mb,fpr,amplification,-0.12807152931027277,-0.1944992459381224,-0.0651902279325271,True
Victim Sex,named_n>=5000,graphsage_fairloss_a50_sstate20_mb,graphsage_fairloss_a10_sstate50_mb,selection_rate,gap,-0.013305950574854952,-0.015983117366646545,-0.010660526994094779,True
Victim Sex,named_n>=5000,graphsage_fairloss_a50_sstate20_mb,graphsage_fairloss_a10_sstate50_mb,selection_rate,amplification,-0.16117357141328503,-0.19605465658872392,-0.12846378121687982,True
Victim Sex,named_n>=5000,graphsage_fairloss_a50_sstate20_mb,graphsage_fairloss_a10_sstate50_mb,tpr,gap,-0.013053619400314465,-0.016124299033792495,-0.01001204151452435,True
Victim Sex,named_n>=5000,graphsage_fairloss_a50_sstate20_mb,graphsage_fairloss_a10_sstate50_mb,tpr,amplification,-0.15811711059518663,-0.19697422298600203,-0.12149213980306602,True
Victim Sex,named_n>=5000,graphsage_fairloss_a50_sstate20_mb,graphsage_fairloss_a10_sstate50_mb,fpr,gap,-0.010573156778159676,-0.01600668746343525,-0.005425322454984673,True
Victim Sex,named_n>=5000,graphsage_fairloss_a50_sstate20_mb,graphsage_fairloss_a10_sstate50_mb,fpr,amplification,-0.12807152931027277,-0.1944992459381224,-0.0651902279325271,True
Victim Sex,named_all,graphsage_fairloss_a50_sstate20_mb,graphsage_fairloss_a25_sstate50_mb,selection_rate,gap,-0.0075389541467841825,-0.009949767537877793,-0.005127462479656758,True
Victim Sex,named_all,graphsage_fairloss_a50_sstate20_mb,graphsage_fairloss_a25_sstate50_mb,selection_rate,amplification,-0.09131855388478682,-0.11992870556207894,-0.06259527326834219,True
Victim Sex,named_all,graphsage_fairloss_a50_sstate20_mb,graphsage_fairloss_a25_sstate50_mb,tpr,gap,-0.007309595682760461,-0.010212095710427981,-0.004472958012715128,True
Victim Sex,named_all,graphsage_fairloss_a50_sstate20_mb,graphsage_fairloss_a25_sstate50_mb,tpr,amplification,-0.08854035907844005,-0.12231848236887091,-0.0540291057415494,True
Victim Sex,named_all,graphsage_fairloss_a50_sstate20_mb,graphsage_fairloss_a25_sstate50_mb,fpr,gap,-0.0070183863358575516,-0.012197359402318017,-0.001773346646801879,True
Victim Sex,named_all,graphsage_fairloss_a50_sstate20_mb,graphsage_fairloss_a25_sstate50_mb,fpr,amplification,-0.08501297107220707,-0.15024006003370088,-0.021673454261017435,True
Victim Sex,named_n>=5000,graphsage_fairloss_a50_sstate20_mb,graphsage_fairloss_a25_sstate50_mb,selection_rate,gap,-0.0075389541467841825,-0.009949767537877793,-0.005127462479656758,True
Victim Sex,named_n>=5000,graphsage_fairloss_a50_sstate20_mb,graphsage_fairloss_a25_sstate50_mb,selection_rate,amplification,-0.09131855388478682,-0.11992870556207894,-0.06259527326834219,True
Victim Sex,named_n>=5000,graphsage_fairloss_a50_sstate20_mb,graphsage_fairloss_a25_sstate50_mb,tpr,gap,-0.007309595682760461,-0.010212095710427981,-0.004472958012715128,True
Victim Sex,named_n>=5000,graphsage_fairloss_a50_sstate20_mb,graphsage_fairloss_a25_sstate50_mb,tpr,amplification,-0.08854035907844005,-0.12231848236887091,-0.0540291057415494,True
Victim Sex,named_n>=5000,graphsage_fairloss_a50_sstate20_mb,graphsage_fairloss_a25_sstate50_mb,fpr,gap,-0.0070183863358575516,-0.012197359402318017,-0.001773346646801879,True
Victim Sex,named_n>=5000,graphsage_fairloss_a50_sstate20_mb,graphsage_fairloss_a25_sstate50_mb,fpr,amplification,-0.08501297107220707,-0.15024006003370088,-0.021673454261017435,True
Victim Sex,named_all,graphsage_fairloss_a50_sstate20_mb,graphsage_fairloss_a50_sstate50_mb,selection_rate,gap,-0.0008940405237407578,-0.0030376019114385006,0.0013598491391217519,False
Victim Sex,named_all,graphsage_fairloss_a50_sstate20_mb,graphsage_fairloss_a50_sstate50_mb,selection_rate,amplification,-0.010829418265825175,-0.03725108295426328,0.016261310447481518,False
Victim Sex,named_all,graphsage_fairloss_a50_sstate20_mb,graphsage_fairloss_a50_sstate50_mb,tpr,gap,-0.002663521747207853,-0.005087976172761075,-0.00015661346918559584,True
Victim Sex,named_all,graphsage_fairloss_a50_sstate20_mb,graphsage_fairloss_a50_sstate50_mb,tpr,amplification,-0.03226295709723259,-0.06150021214811695,-0.0019416707557043666,True
Victim Sex,named_all,graphsage_fairloss_a50_sstate20_mb,graphsage_fairloss_a50_sstate50_mb,fpr,gap,0.005056879501898592,0.0004909126723574548,0.009492329529864304,True
Victim Sex,named_all,graphsage_fairloss_a50_sstate20_mb,graphsage_fairloss_a50_sstate50_mb,fpr,amplification,0.06125344633910268,0.005923321607793552,0.11591122957157139,True
Victim Sex,named_n>=5000,graphsage_fairloss_a50_sstate20_mb,graphsage_fairloss_a50_sstate50_mb,selection_rate,gap,-0.0008940405237407578,-0.0030376019114385006,0.0013598491391217519,False
Victim Sex,named_n>=5000,graphsage_fairloss_a50_sstate20_mb,graphsage_fairloss_a50_sstate50_mb,selection_rate,amplification,-0.010829418265825175,-0.03725108295426328,0.016261310447481518,False
Victim Sex,named_n>=5000,graphsage_fairloss_a50_sstate20_mb,graphsage_fairloss_a50_sstate50_mb,tpr,gap,-0.002663521747207853,-0.005087976172761075,-0.00015661346918559584,True
Victim Sex,named_n>=5000,graphsage_fairloss_a50_sstate20_mb,graphsage_fairloss_a50_sstate50_mb,tpr,amplification,-0.03226295709723259,-0.06150021214811695,-0.0019416707557043666,True
Victim Sex,named_n>=5000,graphsage_fairloss_a50_sstate20_mb,graphsage_fairloss_a50_sstate50_mb,fpr,gap,0.005056879501898592,0.0004909126723574548,0.009492329529864304,True
Victim Sex,named_n>=5000,graphsage_fairloss_a50_sstate20_mb,graphsage_fairloss_a50_sstate50_mb,fpr,amplification,0.06125344633910268,0.005923321607793552,0.11591122957157139,True
Victim Sex,named_all,graphsage_fairloss_a50_sstate20_mb,graphsage_fairloss_a100_sstate50_mb,selection_rate,gap,0.00017476244513758843,-0.002272314666247144,0.0026039071847177406,False
Victim Sex,named_all,graphsage_fairloss_a50_sstate20_mb,graphsage_fairloss_a100_sstate50_mb,selection_rate,amplification,0.002116879006372696,-0.027374787201712405,0.031497371136994225,False
Victim Sex,named_all,graphsage_fairloss_a50_sstate20_mb,graphsage_fairloss_a100_sstate50_mb,tpr,gap,-0.001280576094728536,-0.0041225667597462375,0.0014291036900630594,False
Victim Sex,named_all,graphsage_fairloss_a50_sstate20_mb,graphsage_fairloss_a100_sstate50_mb,tpr,amplification,-0.015511482737949778,-0.049673293572459705,0.017117779823692586,False
Victim Sex,named_all,graphsage_fairloss_a50_sstate20_mb,graphsage_fairloss_a100_sstate50_mb,fpr,gap,0.0035875316300645888,-0.0015227899715043291,0.008687776233815957,False
Victim Sex,named_all,graphsage_fairloss_a50_sstate20_mb,graphsage_fairloss_a100_sstate50_mb,fpr,amplification,0.043455391038977886,-0.01820756076205142,0.10637381526639648,False
Victim Sex,named_n>=5000,graphsage_fairloss_a50_sstate20_mb,graphsage_fairloss_a100_sstate50_mb,selection_rate,gap,0.00017476244513758843,-0.002272314666247144,0.0026039071847177406,False
Victim Sex,named_n>=5000,graphsage_fairloss_a50_sstate20_mb,graphsage_fairloss_a100_sstate50_mb,selection_rate,amplification,0.002116879006372696,-0.027374787201712405,0.031497371136994225,False
Victim Sex,named_n>=5000,graphsage_fairloss_a50_sstate20_mb,graphsage_fairloss_a100_sstate50_mb,tpr,gap,-0.001280576094728536,-0.0041225667597462375,0.0014291036900630594,False
Victim Sex,named_n>=5000,graphsage_fairloss_a50_sstate20_mb,graphsage_fairloss_a100_sstate50_mb,tpr,amplification,-0.015511482737949778,-0.049673293572459705,0.017117779823692586,False
Victim Sex,named_n>=5000,graphsage_fairloss_a50_sstate20_mb,graphsage_fairloss_a100_sstate50_mb,fpr,gap,0.0035875316300645888,-0.0015227899715043291,0.008687776233815957,False
Victim Sex,named_n>=5000,graphsage_fairloss_a50_sstate20_mb,graphsage_fairloss_a100_sstate50_mb,fpr,amplification,0.043455391038977886,-0.01820756076205142,0.10637381526639648,False
Victim Sex,named_all,graphsage_fairloss_a100_sstate20_mb,graphsage_fairloss_a5_sstate50_mb,selection_rate,gap,-0.030853704938805904,-0.033778590079343654,-0.027929988640858768,True
Victim Sex,named_all,graphsage_fairloss_a100_sstate20_mb,graphsage_fairloss_a5_sstate50_mb,selection_rate,amplification,-0.37372766329949103,-0.4175650231776317,-0.3341982997230401,True
Victim Sex,named_all,graphsage_fairloss_a100_sstate20_mb,graphsage_fairloss_a5_sstate50_mb,tpr,gap,-0.02818942955967041,-0.031691217892881596,-0.024650666747257566,True
Victim Sex,named_all,graphsage_fairloss_a100_sstate20_mb,graphsage_fairloss_a5_sstate50_mb,tpr,amplification,-0.34145557753846045,-0.3890482342247347,-0.29687461063220033,True
Victim Sex,named_all,graphsage_fairloss_a100_sstate20_mb,graphsage_fairloss_a5_sstate50_mb,fpr,gap,-0.0321130590437238,-0.038402378768538185,-0.025872744095564625,True
Victim Sex,named_all,graphsage_fairloss_a100_sstate20_mb,graphsage_fairloss_a5_sstate50_mb,fpr,amplification,-0.3889820863203588,-0.4690094841536672,-0.3115655254962624,True
Victim Sex,named_n>=5000,graphsage_fairloss_a100_sstate20_mb,graphsage_fairloss_a5_sstate50_mb,selection_rate,gap,-0.030853704938805904,-0.033778590079343654,-0.027929988640858768,True
Victim Sex,named_n>=5000,graphsage_fairloss_a100_sstate20_mb,graphsage_fairloss_a5_sstate50_mb,selection_rate,amplification,-0.37372766329949103,-0.4175650231776317,-0.3341982997230401,True
Victim Sex,named_n>=5000,graphsage_fairloss_a100_sstate20_mb,graphsage_fairloss_a5_sstate50_mb,tpr,gap,-0.02818942955967041,-0.031691217892881596,-0.024650666747257566,True
Victim Sex,named_n>=5000,graphsage_fairloss_a100_sstate20_mb,graphsage_fairloss_a5_sstate50_mb,tpr,amplification,-0.34145557753846045,-0.3890482342247347,-0.29687461063220033,True
Victim Sex,named_n>=5000,graphsage_fairloss_a100_sstate20_mb,graphsage_fairloss_a5_sstate50_mb,fpr,gap,-0.0321130590437238,-0.038402378768538185,-0.025872744095564625,True
Victim Sex,named_n>=5000,graphsage_fairloss_a100_sstate20_mb,graphsage_fairloss_a5_sstate50_mb,fpr,amplification,-0.3889820863203588,-0.4690094841536672,-0.3115655254962624,True
Victim Sex,named_all,graphsage_fairloss_a100_sstate20_mb,graphsage_fairloss_a10_sstate50_mb,selection_rate,gap,-0.023204639653901293,-0.026184780098702905,-0.02025216022880124,True
Victim Sex,named_all,graphsage_fairloss_a100_sstate20_mb,graphsage_fairloss_a10_sstate50_mb,selection_rate,amplification,-0.2810753448494886,-0.3221427723006849,-0.24273884185903566,True
Victim Sex,named_all,graphsage_fairloss_a100_sstate20_mb,graphsage_fairloss_a10_sstate50_mb,tpr,gap,-0.01996174443859322,-0.023474939053800402,-0.01662476438583359,True
Victim Sex,named_all,graphsage_fairloss_a100_sstate20_mb,graphsage_fairloss_a10_sstate50_mb,tpr,amplification,-0.2417944982365473,-0.28569430598742834,-0.20004056228245848,True
Victim Sex,named_all,graphsage_fairloss_a100_sstate20_mb,graphsage_fairloss_a10_sstate50_mb,fpr,gap,-0.026891095179791713,-0.0330364078920437,-0.02097894505849551,True
Victim Sex,named_all,graphsage_fairloss_a100_sstate20_mb,graphsage_fairloss_a10_sstate50_mb,fpr,amplification,-0.3257289905714873,-0.40588177110866,-0.2539424335835136,True
Victim Sex,named_n>=5000,graphsage_fairloss_a100_sstate20_mb,graphsage_fairloss_a10_sstate50_mb,selection_rate,gap,-0.023204639653901293,-0.026184780098702905,-0.02025216022880124,True
Victim Sex,named_n>=5000,graphsage_fairloss_a100_sstate20_mb,graphsage_fairloss_a10_sstate50_mb,selection_rate,amplification,-0.2810753448494886,-0.3221427723006849,-0.24273884185903566,True
Victim Sex,named_n>=5000,graphsage_fairloss_a100_sstate20_mb,graphsage_fairloss_a10_sstate50_mb,tpr,gap,-0.01996174443859322,-0.023474939053800402,-0.01662476438583359,True
Victim Sex,named_n>=5000,graphsage_fairloss_a100_sstate20_mb,graphsage_fairloss_a10_sstate50_mb,tpr,amplification,-0.2417944982365473,-0.28569430598742834,-0.20004056228245848,True
Victim Sex,named_n>=5000,graphsage_fairloss_a100_sstate20_mb,graphsage_fairloss_a10_sstate50_mb,fpr,gap,-0.026891095179791713,-0.0330364078920437,-0.02097894505849551,True
Victim Sex,named_n>=5000,graphsage_fairloss_a100_sstate20_mb,graphsage_fairloss_a10_sstate50_mb,fpr,amplification,-0.3257289905714873,-0.40588177110866,-0.2539424335835136,True
Victim Sex,named_all,graphsage_fairloss_a100_sstate20_mb,graphsage_fairloss_a25_sstate50_mb,selection_rate,gap,-0.017437643225830524,-0.019926078921561483,-0.01506122367412156,True
Victim Sex,named_all,graphsage_fairloss_a100_sstate20_mb,graphsage_fairloss_a25_sstate50_mb,selection_rate,amplification,-0.2112203273209904,-0.24407305449709155,-0.17882311239199827,True
Victim Sex,named_all,graphsage_fairloss_a100_sstate20_mb,graphsage_fairloss_a25_sstate50_mb,tpr,gap,-0.014217720721039218,-0.017123827521797662,-0.011251162248054123,True
Victim Sex,named_all,graphsage_fairloss_a100_sstate20_mb,graphsage_fairloss_a25_sstate50_mb,tpr,amplification,-0.17221774671980072,-0.2082475532094272,-0.1358055377145779,True
Victim Sex,named_all,graphsage_fairloss_a100_sstate20_mb,graphsage_fairloss_a25_sstate50_mb,fpr,gap,-0.02333632473748959,-0.028487745517130708,-0.017823352779171547,True
Victim Sex,named_all,graphsage_fairloss_a100_sstate20_mb,graphsage_fairloss_a25_sstate50_mb,fpr,amplification,-0.2826704323334216,-0.34830750101396923,-0.21287477199327948,True
Victim Sex,named_n>=5000,graphsage_fairloss_a100_sstate20_mb,graphsage_fairloss_a25_sstate50_mb,selection_rate,gap,-0.017437643225830524,-0.019926078921561483,-0.01506122367412156,True
Victim Sex,named_n>=5000,graphsage_fairloss_a100_sstate20_mb,graphsage_fairloss_a25_sstate50_mb,selection_rate,amplification,-0.2112203273209904,-0.24407305449709155,-0.17882311239199827,True
Victim Sex,named_n>=5000,graphsage_fairloss_a100_sstate20_mb,graphsage_fairloss_a25_sstate50_mb,tpr,gap,-0.014217720721039218,-0.017123827521797662,-0.011251162248054123,True
Victim Sex,named_n>=5000,graphsage_fairloss_a100_sstate20_mb,graphsage_fairloss_a25_sstate50_mb,tpr,amplification,-0.17221774671980072,-0.2082475532094272,-0.1358055377145779,True
Victim Sex,named_n>=5000,graphsage_fairloss_a100_sstate20_mb,graphsage_fairloss_a25_sstate50_mb,fpr,gap,-0.02333632473748959,-0.028487745517130708,-0.017823352779171547,True
Victim Sex,named_n>=5000,graphsage_fairloss_a100_sstate20_mb,graphsage_fairloss_a25_sstate50_mb,fpr,amplification,-0.2826704323334216,-0.34830750101396923,-0.21287477199327948,True
Victim Sex,named_all,graphsage_fairloss_a100_sstate20_mb,graphsage_fairloss_a50_sstate50_mb,selection_rate,gap,-0.010792729602787099,-0.013050230329857842,-0.008518078893189326,True
Victim Sex,named_all,graphsage_fairloss_a100_sstate20_mb,graphsage_fairloss_a50_sstate50_mb,selection_rate,amplification,-0.13073119170202874,-0.16074513094486745,-0.10204889733456726,True
Victim Sex,named_all,graphsage_fairloss_a100_sstate20_mb,graphsage_fairloss_a50_sstate50_mb,tpr,gap,-0.00957164678548661,-0.012305286217081546,-0.006877909372944646,True
Victim Sex,named_all,graphsage_fairloss_a100_sstate20_mb,graphsage_fairloss_a50_sstate50_mb,tpr,amplification,-0.11594034473859327,-0.1512192120842866,-0.08277915588072225,True
Victim Sex,named_all,graphsage_fairloss_a100_sstate20_mb,graphsage_fairloss_a50_sstate50_mb,fpr,gap,-0.011261058899733445,-0.016514188586029894,-0.00586208990321288,True
Victim Sex,named_all,graphsage_fairloss_a100_sstate20_mb,graphsage_fairloss_a50_sstate50_mb,fpr,amplification,-0.13640401492211185,-0.20095368825462573,-0.07151262435055523,True
Victim Sex,named_n>=5000,graphsage_fairloss_a100_sstate20_mb,graphsage_fairloss_a50_sstate50_mb,selection_rate,gap,-0.010792729602787099,-0.013050230329857842,-0.008518078893189326,True
Victim Sex,named_n>=5000,graphsage_fairloss_a100_sstate20_mb,graphsage_fairloss_a50_sstate50_mb,selection_rate,amplification,-0.13073119170202874,-0.16074513094486745,-0.10204889733456726,True
Victim Sex,named_n>=5000,graphsage_fairloss_a100_sstate20_mb,graphsage_fairloss_a50_sstate50_mb,tpr,gap,-0.00957164678548661,-0.012305286217081546,-0.006877909372944646,True
Victim Sex,named_n>=5000,graphsage_fairloss_a100_sstate20_mb,graphsage_fairloss_a50_sstate50_mb,tpr,amplification,-0.11594034473859327,-0.1512192120842866,-0.08277915588072225,True
Victim Sex,named_n>=5000,graphsage_fairloss_a100_sstate20_mb,graphsage_fairloss_a50_sstate50_mb,fpr,gap,-0.011261058899733445,-0.016514188586029894,-0.00586208990321288,True
Victim Sex,named_n>=5000,graphsage_fairloss_a100_sstate20_mb,graphsage_fairloss_a50_sstate50_mb,fpr,amplification,-0.13640401492211185,-0.20095368825462573,-0.07151262435055523,True
Victim Sex,named_all,graphsage_fairloss_a100_sstate20_mb,graphsage_fairloss_a100_sstate50_mb,selection_rate,gap,-0.009723926633908753,-0.011978904905158858,-0.007502161439524221,True
Victim Sex,named_all,graphsage_fairloss_a100_sstate20_mb,graphsage_fairloss_a100_sstate50_mb,selection_rate,amplification,-0.11778489442983087,-0.14653074378834757,-0.09010861245308607,True
Victim Sex,named_all,graphsage_fairloss_a100_sstate20_mb,graphsage_fairloss_a100_sstate50_mb,tpr,gap,-0.008188701133007292,-0.01091864658905733,-0.005444795609441328,True
Victim Sex,named_all,graphsage_fairloss_a100_sstate20_mb,graphsage_fairloss_a100_sstate50_mb,tpr,amplification,-0.09918887037931046,-0.13111914005456968,-0.06654099306914227,True
Victim Sex,named_all,graphsage_fairloss_a100_sstate20_mb,graphsage_fairloss_a100_sstate50_mb,fpr,gap,-0.012730406771567448,-0.01743653522008893,-0.00812710920292573,True
Victim Sex,named_all,graphsage_fairloss_a100_sstate20_mb,graphsage_fairloss_a100_sstate50_mb,fpr,amplification,-0.15420207022223664,-0.21156419924415562,-0.09599777351849391,True
Victim Sex,named_n>=5000,graphsage_fairloss_a100_sstate20_mb,graphsage_fairloss_a100_sstate50_mb,selection_rate,gap,-0.009723926633908753,-0.011978904905158858,-0.007502161439524221,True
Victim Sex,named_n>=5000,graphsage_fairloss_a100_sstate20_mb,graphsage_fairloss_a100_sstate50_mb,selection_rate,amplification,-0.11778489442983087,-0.14653074378834757,-0.09010861245308607,True
Victim Sex,named_n>=5000,graphsage_fairloss_a100_sstate20_mb,graphsage_fairloss_a100_sstate50_mb,tpr,gap,-0.008188701133007292,-0.01091864658905733,-0.005444795609441328,True
Victim Sex,named_n>=5000,graphsage_fairloss_a100_sstate20_mb,graphsage_fairloss_a100_sstate50_mb,tpr,amplification,-0.09918887037931046,-0.13111914005456968,-0.06654099306914227,True
Victim Sex,named_n>=5000,graphsage_fairloss_a100_sstate20_mb,graphsage_fairloss_a100_sstate50_mb,fpr,gap,-0.012730406771567448,-0.01743653522008893,-0.00812710920292573,True
Victim Sex,named_n>=5000,graphsage_fairloss_a100_sstate20_mb,graphsage_fairloss_a100_sstate50_mb,fpr,amplification,-0.15420207022223664,-0.21156419924415562,-0.09599777351849391,True
Victim Sex,named_all,graphsage_fairloss_a5_sstate50_mb,graphsage_fairloss_a10_sstate50_mb,selection_rate,gap,0.00764906528490461,0.005716773433709918,0.009624621580569537,True
Victim Sex,named_all,graphsage_fairloss_a5_sstate50_mb,graphsage_fairloss_a10_sstate50_mb,selection_rate,amplification,0.09265231845000244,0.06830510788253853,0.11795516127956468,True
Victim Sex,named_all,graphsage_fairloss_a5_sstate50_mb,graphsage_fairloss_a10_sstate50_mb,tpr,gap,0.008227685121077188,0.006014651367789306,0.01047426377615928,True
Victim Sex,named_all,graphsage_fairloss_a5_sstate50_mb,graphsage_fairloss_a10_sstate50_mb,tpr,amplification,0.09966107930191315,0.07354921090588536,0.12882700676709047,True
Victim Sex,named_all,graphsage_fairloss_a5_sstate50_mb,graphsage_fairloss_a10_sstate50_mb,fpr,gap,0.005221963863932089,0.000760098871065032,0.00987234425235344,True
Victim Sex,named_all,graphsage_fairloss_a5_sstate50_mb,graphsage_fairloss_a10_sstate50_mb,fpr,amplification,0.0632530957488715,0.00926604965072265,0.12022425237026667,True
Victim Sex,named_n>=5000,graphsage_fairloss_a5_sstate50_mb,graphsage_fairloss_a10_sstate50_mb,selection_rate,gap,0.00764906528490461,0.005716773433709918,0.009624621580569537,True
Victim Sex,named_n>=5000,graphsage_fairloss_a5_sstate50_mb,graphsage_fairloss_a10_sstate50_mb,selection_rate,amplification,0.09265231845000244,0.06830510788253853,0.11795516127956468,True
Victim Sex,named_n>=5000,graphsage_fairloss_a5_sstate50_mb,graphsage_fairloss_a10_sstate50_mb,tpr,gap,0.008227685121077188,0.006014651367789306,0.01047426377615928,True
Victim Sex,named_n>=5000,graphsage_fairloss_a5_sstate50_mb,graphsage_fairloss_a10_sstate50_mb,tpr,amplification,0.09966107930191315,0.07354921090588536,0.12882700676709047,True
Victim Sex,named_n>=5000,graphsage_fairloss_a5_sstate50_mb,graphsage_fairloss_a10_sstate50_mb,fpr,gap,0.005221963863932089,0.000760098871065032,0.00987234425235344,True
Victim Sex,named_n>=5000,graphsage_fairloss_a5_sstate50_mb,graphsage_fairloss_a10_sstate50_mb,fpr,amplification,0.0632530957488715,0.00926604965072265,0.12022425237026667,True
Victim Sex,named_all,graphsage_fairloss_a5_sstate50_mb,graphsage_fairloss_a25_sstate50_mb,selection_rate,gap,0.01341606171297538,0.011125494263184155,0.015733930880102054,True
Victim Sex,named_all,graphsage_fairloss_a5_sstate50_mb,graphsage_fairloss_a25_sstate50_mb,selection_rate,amplification,0.16250733597850064,0.13397152479959,0.19167427942175236,True
Victim Sex,named_all,graphsage_fairloss_a5_sstate50_mb,graphsage_fairloss_a25_sstate50_mb,tpr,gap,0.013971708838631192,0.011363963161299164,0.016632744811060127,True
Victim Sex,named_all,graphsage_fairloss_a5_sstate50_mb,graphsage_fairloss_a25_sstate50_mb,tpr,amplification,0.16923783081865973,0.13718570592550294,0.20242636317386803,True
Victim Sex,named_all,graphsage_fairloss_a5_sstate50_mb,graphsage_fairloss_a25_sstate50_mb,fpr,gap,0.008776734306234213,0.0034270763285597626,0.013908401398176645,True
Victim Sex,named_all,graphsage_fairloss_a5_sstate50_mb,graphsage_fairloss_a25_sstate50_mb,fpr,amplification,0.1063116539869372,0.04130287444340323,0.16841430620221648,True
Victim Sex,named_n>=5000,graphsage_fairloss_a5_sstate50_mb,graphsage_fairloss_a25_sstate50_mb,selection_rate,gap,0.01341606171297538,0.011125494263184155,0.015733930880102054,True
Victim Sex,named_n>=5000,graphsage_fairloss_a5_sstate50_mb,graphsage_fairloss_a25_sstate50_mb,selection_rate,amplification,0.16250733597850064,0.13397152479959,0.19167427942175236,True
Victim Sex,named_n>=5000,graphsage_fairloss_a5_sstate50_mb,graphsage_fairloss_a25_sstate50_mb,tpr,gap,0.013971708838631192,0.011363963161299164,0.016632744811060127,True
Victim Sex,named_n>=5000,graphsage_fairloss_a5_sstate50_mb,graphsage_fairloss_a25_sstate50_mb,tpr,amplification,0.16923783081865973,0.13718570592550294,0.20242636317386803,True
Victim Sex,named_n>=5000,graphsage_fairloss_a5_sstate50_mb,graphsage_fairloss_a25_sstate50_mb,fpr,gap,0.008776734306234213,0.0034270763285597626,0.013908401398176645,True
Victim Sex,named_n>=5000,graphsage_fairloss_a5_sstate50_mb,graphsage_fairloss_a25_sstate50_mb,fpr,amplification,0.1063116539869372,0.04130287444340323,0.16841430620221648,True
Victim Sex,named_all,graphsage_fairloss_a5_sstate50_mb,graphsage_fairloss_a50_sstate50_mb,selection_rate,gap,0.020060975336018805,0.017408390934926344,0.022641542815837943,True
Victim Sex,named_all,graphsage_fairloss_a5_sstate50_mb,graphsage_fairloss_a50_sstate50_mb,selection_rate,amplification,0.2429964715974623,0.20796294271843951,0.2775702116986041,True
Victim Sex,named_all,graphsage_fairloss_a5_sstate50_mb,graphsage_fairloss_a50_sstate50_mb,tpr,gap,0.0186177827741838,0.01567569295720504,0.02185478990851648,True
Victim Sex,named_all,graphsage_fairloss_a5_sstate50_mb,graphsage_fairloss_a50_sstate50_mb,tpr,amplification,0.22551523279986718,0.189146624665274,0.26778055902105113,True
Victim Sex,named_all,graphsage_fairloss_a5_sstate50_mb,graphsage_fairloss_a50_sstate50_mb,fpr,gap,0.020852000143990357,0.015052233472690598,0.026341299137028772,True
Victim Sex,named_all,graphsage_fairloss_a5_sstate50_mb,graphsage_fairloss_a50_sstate50_mb,fpr,amplification,0.25257807139824695,0.18209703496754837,0.32061489609563043,True
Victim Sex,named_n>=5000,graphsage_fairloss_a5_sstate50_mb,graphsage_fairloss_a50_sstate50_mb,selection_rate,gap,0.020060975336018805,0.017408390934926344,0.022641542815837943,True
Victim Sex,named_n>=5000,graphsage_fairloss_a5_sstate50_mb,graphsage_fairloss_a50_sstate50_mb,selection_rate,amplification,0.2429964715974623,0.20796294271843951,0.2775702116986041,True
Victim Sex,named_n>=5000,graphsage_fairloss_a5_sstate50_mb,graphsage_fairloss_a50_sstate50_mb,tpr,gap,0.0186177827741838,0.01567569295720504,0.02185478990851648,True
Victim Sex,named_n>=5000,graphsage_fairloss_a5_sstate50_mb,graphsage_fairloss_a50_sstate50_mb,tpr,amplification,0.22551523279986718,0.189146624665274,0.26778055902105113,True
Victim Sex,named_n>=5000,graphsage_fairloss_a5_sstate50_mb,graphsage_fairloss_a50_sstate50_mb,fpr,gap,0.020852000143990357,0.015052233472690598,0.026341299137028772,True
Victim Sex,named_n>=5000,graphsage_fairloss_a5_sstate50_mb,graphsage_fairloss_a50_sstate50_mb,fpr,amplification,0.25257807139824695,0.18209703496754837,0.32061489609563043,True
Victim Sex,named_all,graphsage_fairloss_a5_sstate50_mb,graphsage_fairloss_a100_sstate50_mb,selection_rate,gap,0.02112977830489715,0.017927363961271807,0.023876700730819853,True
Victim Sex,named_all,graphsage_fairloss_a5_sstate50_mb,graphsage_fairloss_a100_sstate50_mb,selection_rate,amplification,0.25594276886966016,0.21662466733522168,0.29471342560833463,True
Victim Sex,named_all,graphsage_fairloss_a5_sstate50_mb,graphsage_fairloss_a100_sstate50_mb,tpr,gap,0.020000728426663117,0.01632278781259185,0.023203400135722363,True
Victim Sex,named_all,graphsage_fairloss_a5_sstate50_mb,graphsage_fairloss_a100_sstate50_mb,tpr,amplification,0.24226670715915,0.19775810611513034,0.28661269799241273,True
Victim Sex,named_all,graphsage_fairloss_a5_sstate50_mb,graphsage_fairloss_a100_sstate50_mb,fpr,gap,0.019382652272156353,0.012748149418781015,0.025181592441342226,True
Victim Sex,named_all,graphsage_fairloss_a5_sstate50_mb,graphsage_fairloss_a100_sstate50_mb,fpr,amplification,0.23478001609812216,0.15624490857082762,0.3092890412028568,True
Victim Sex,named_n>=5000,graphsage_fairloss_a5_sstate50_mb,graphsage_fairloss_a100_sstate50_mb,selection_rate,gap,0.02112977830489715,0.017927363961271807,0.023876700730819853,True
Victim Sex,named_n>=5000,graphsage_fairloss_a5_sstate50_mb,graphsage_fairloss_a100_sstate50_mb,selection_rate,amplification,0.25594276886966016,0.21662466733522168,0.29471342560833463,True
Victim Sex,named_n>=5000,graphsage_fairloss_a5_sstate50_mb,graphsage_fairloss_a100_sstate50_mb,tpr,gap,0.020000728426663117,0.01632278781259185,0.023203400135722363,True
Victim Sex,named_n>=5000,graphsage_fairloss_a5_sstate50_mb,graphsage_fairloss_a100_sstate50_mb,tpr,amplification,0.24226670715915,0.19775810611513034,0.28661269799241273,True
Victim Sex,named_n>=5000,graphsage_fairloss_a5_sstate50_mb,graphsage_fairloss_a100_sstate50_mb,fpr,gap,0.019382652272156353,0.012748149418781015,0.025181592441342226,True
Victim Sex,named_n>=5000,graphsage_fairloss_a5_sstate50_mb,graphsage_fairloss_a100_sstate50_mb,fpr,amplification,0.23478001609812216,0.15624490857082762,0.3092890412028568,True
Victim Sex,named_all,graphsage_fairloss_a10_sstate50_mb,graphsage_fairloss_a25_sstate50_mb,selection_rate,gap,0.00576699642807077,0.0036668853213013496,0.007771223234380359,True
Victim Sex,named_all,graphsage_fairloss_a10_sstate50_mb,graphsage_fairloss_a25_sstate50_mb,selection_rate,amplification,0.06985501752849821,0.043434944472270094,0.0942730101627978,True
Victim Sex,named_all,graphsage_fairloss_a10_sstate50_mb,graphsage_fairloss_a25_sstate50_mb,tpr,gap,0.005744023717554003,0.003590809943380527,0.008053936294641696,True
Victim Sex,named_all,graphsage_fairloss_a10_sstate50_mb,graphsage_fairloss_a25_sstate50_mb,tpr,amplification,0.06957675151674658,0.043228107373588086,0.09973253488437113,True
Victim Sex,named_all,graphsage_fairloss_a10_sstate50_mb,graphsage_fairloss_a25_sstate50_mb,fpr,gap,0.0035547704423021242,-0.0011856452432745925,0.007582754989643037,False
Victim Sex,named_all,graphsage_fairloss_a10_sstate50_mb,graphsage_fairloss_a25_sstate50_mb,fpr,amplification,0.0430585582380657,-0.01431654848294527,0.0916705821476066,False
Victim Sex,named_n>=5000,graphsage_fairloss_a10_sstate50_mb,graphsage_fairloss_a25_sstate50_mb,selection_rate,gap,0.00576699642807077,0.0036668853213013496,0.007771223234380359,True
Victim Sex,named_n>=5000,graphsage_fairloss_a10_sstate50_mb,graphsage_fairloss_a25_sstate50_mb,selection_rate,amplification,0.06985501752849821,0.043434944472270094,0.0942730101627978,True
Victim Sex,named_n>=5000,graphsage_fairloss_a10_sstate50_mb,graphsage_fairloss_a25_sstate50_mb,tpr,gap,0.005744023717554003,0.003590809943380527,0.008053936294641696,True
Victim Sex,named_n>=5000,graphsage_fairloss_a10_sstate50_mb,graphsage_fairloss_a25_sstate50_mb,tpr,amplification,0.06957675151674658,0.043228107373588086,0.09973253488437113,True
Victim Sex,named_n>=5000,graphsage_fairloss_a10_sstate50_mb,graphsage_fairloss_a25_sstate50_mb,fpr,gap,0.0035547704423021242,-0.0011856452432745925,0.007582754989643037,False
Victim Sex,named_n>=5000,graphsage_fairloss_a10_sstate50_mb,graphsage_fairloss_a25_sstate50_mb,fpr,amplification,0.0430585582380657,-0.01431654848294527,0.0916705821476066,False
Victim Sex,named_all,graphsage_fairloss_a10_sstate50_mb,graphsage_fairloss_a50_sstate50_mb,selection_rate,gap,0.012411910051114194,0.009937255708266169,0.01486581250856583,True
Victim Sex,named_all,graphsage_fairloss_a10_sstate50_mb,graphsage_fairloss_a50_sstate50_mb,selection_rate,amplification,0.15034415314745986,0.1197259959408073,0.18249563320648945,True
Victim Sex,named_all,graphsage_fairloss_a10_sstate50_mb,graphsage_fairloss_a50_sstate50_mb,tpr,gap,0.010390097653106611,0.007636130429895321,0.013187208409791535,True
Victim Sex,named_all,graphsage_fairloss_a10_sstate50_mb,graphsage_fairloss_a50_sstate50_mb,tpr,amplification,0.12585415349795404,0.09159140503703876,0.16261578026515536,True
Victim Sex,named_all,graphsage_fairloss_a10_sstate50_mb,graphsage_fairloss_a50_sstate50_mb,fpr,gap,0.015630036280058268,0.010771014887802507,0.020694345085613932,True
Victim Sex,named_all,graphsage_fairloss_a10_sstate50_mb,graphsage_fairloss_a50_sstate50_mb,fpr,amplification,0.18932497564937545,0.1304361625549432,0.25329402837212456,True
Victim Sex,named_n>=5000,graphsage_fairloss_a10_sstate50_mb,graphsage_fairloss_a50_sstate50_mb,selection_rate,gap,0.012411910051114194,0.009937255708266169,0.01486581250856583,True
Victim Sex,named_n>=5000,graphsage_fairloss_a10_sstate50_mb,graphsage_fairloss_a50_sstate50_mb,selection_rate,amplification,0.15034415314745986,0.1197259959408073,0.18249563320648945,True
Victim Sex,named_n>=5000,graphsage_fairloss_a10_sstate50_mb,graphsage_fairloss_a50_sstate50_mb,tpr,gap,0.010390097653106611,0.007636130429895321,0.013187208409791535,True
Victim Sex,named_n>=5000,graphsage_fairloss_a10_sstate50_mb,graphsage_fairloss_a50_sstate50_mb,tpr,amplification,0.12585415349795404,0.09159140503703876,0.16261578026515536,True
Victim Sex,named_n>=5000,graphsage_fairloss_a10_sstate50_mb,graphsage_fairloss_a50_sstate50_mb,fpr,gap,0.015630036280058268,0.010771014887802507,0.020694345085613932,True
Victim Sex,named_n>=5000,graphsage_fairloss_a10_sstate50_mb,graphsage_fairloss_a50_sstate50_mb,fpr,amplification,0.18932497564937545,0.1304361625549432,0.25329402837212456,True
Victim Sex,named_all,graphsage_fairloss_a10_sstate50_mb,graphsage_fairloss_a100_sstate50_mb,selection_rate,gap,0.01348071301999254,0.010721299865316999,0.016353840132575955,True
Victim Sex,named_all,graphsage_fairloss_a10_sstate50_mb,graphsage_fairloss_a100_sstate50_mb,selection_rate,amplification,0.16329045041965773,0.13065312684454786,0.19889791355643324,True
Victim Sex,named_all,graphsage_fairloss_a10_sstate50_mb,graphsage_fairloss_a100_sstate50_mb,tpr,gap,0.011773043305585928,0.008460460513210224,0.015127055930273409,True
Victim Sex,named_all,graphsage_fairloss_a10_sstate50_mb,graphsage_fairloss_a100_sstate50_mb,tpr,amplification,0.14260562785723685,0.1027865811653662,0.1850429242998101,True
Victim Sex,named_all,graphsage_fairloss_a10_sstate50_mb,graphsage_fairloss_a100_sstate50_mb,fpr,gap,0.014160688408224265,0.00846036841664016,0.019383279280281836,True
Victim Sex,named_all,graphsage_fairloss_a10_sstate50_mb,graphsage_fairloss_a100_sstate50_mb,fpr,amplification,0.17152692034925066,0.10405968810939699,0.2372976681099192,True
Victim Sex,named_n>=5000,graphsage_fairloss_a10_sstate50_mb,graphsage_fairloss_a100_sstate50_mb,selection_rate,gap,0.01348071301999254,0.010721299865316999,0.016353840132575955,True
Victim Sex,named_n>=5000,graphsage_fairloss_a10_sstate50_mb,graphsage_fairloss_a100_sstate50_mb,selection_rate,amplification,0.16329045041965773,0.13065312684454786,0.19889791355643324,True
Victim Sex,named_n>=5000,graphsage_fairloss_a10_sstate50_mb,graphsage_fairloss_a100_sstate50_mb,tpr,gap,0.011773043305585928,0.008460460513210224,0.015127055930273409,True
Victim Sex,named_n>=5000,graphsage_fairloss_a10_sstate50_mb,graphsage_fairloss_a100_sstate50_mb,tpr,amplification,0.14260562785723685,0.1027865811653662,0.1850429242998101,True
Victim Sex,named_n>=5000,graphsage_fairloss_a10_sstate50_mb,graphsage_fairloss_a100_sstate50_mb,fpr,gap,0.014160688408224265,0.00846036841664016,0.019383279280281836,True
Victim Sex,named_n>=5000,graphsage_fairloss_a10_sstate50_mb,graphsage_fairloss_a100_sstate50_mb,fpr,amplification,0.17152692034925066,0.10405968810939699,0.2372976681099192,True
Victim Sex,named_all,graphsage_fairloss_a25_sstate50_mb,graphsage_fairloss_a50_sstate50_mb,selection_rate,gap,0.006644913623043425,0.004436071546726261,0.008885880128654319,True
Victim Sex,named_all,graphsage_fairloss_a25_sstate50_mb,graphsage_fairloss_a50_sstate50_mb,selection_rate,amplification,0.08048913561896165,0.05226373275346135,0.10830085868657081,True
Victim Sex,named_all,graphsage_fairloss_a25_sstate50_mb,graphsage_fairloss_a50_sstate50_mb,tpr,gap,0.004646073935552608,0.0022611222614273147,0.007059557618130537,True
Victim Sex,named_all,graphsage_fairloss_a25_sstate50_mb,graphsage_fairloss_a50_sstate50_mb,tpr,amplification,0.05627740198120745,0.027113802591139175,0.08597755611966967,True
Victim Sex,named_all,graphsage_fairloss_a25_sstate50_mb,graphsage_fairloss_a50_sstate50_mb,fpr,gap,0.012075265837756144,0.007111789787040648,0.017128245030207278,True
Victim Sex,named_all,graphsage_fairloss_a25_sstate50_mb,graphsage_fairloss_a50_sstate50_mb,fpr,amplification,0.14626641741130975,0.08678647766529715,0.20534596389317136,True
Victim Sex,named_n>=5000,graphsage_fairloss_a25_sstate50_mb,graphsage_fairloss_a50_sstate50_mb,selection_rate,gap,0.006644913623043425,0.004436071546726261,0.008885880128654319,True
Victim Sex,named_n>=5000,graphsage_fairloss_a25_sstate50_mb,graphsage_fairloss_a50_sstate50_mb,selection_rate,amplification,0.08048913561896165,0.05226373275346135,0.10830085868657081,True
Victim Sex,named_n>=5000,graphsage_fairloss_a25_sstate50_mb,graphsage_fairloss_a50_sstate50_mb,tpr,gap,0.004646073935552608,0.0022611222614273147,0.007059557618130537,True
Victim Sex,named_n>=5000,graphsage_fairloss_a25_sstate50_mb,graphsage_fairloss_a50_sstate50_mb,tpr,amplification,0.05627740198120745,0.027113802591139175,0.08597755611966967,True
Victim Sex,named_n>=5000,graphsage_fairloss_a25_sstate50_mb,graphsage_fairloss_a50_sstate50_mb,fpr,gap,0.012075265837756144,0.007111789787040648,0.017128245030207278,True
Victim Sex,named_n>=5000,graphsage_fairloss_a25_sstate50_mb,graphsage_fairloss_a50_sstate50_mb,fpr,amplification,0.14626641741130975,0.08678647766529715,0.20534596389317136,True
Victim Sex,named_all,graphsage_fairloss_a25_sstate50_mb,graphsage_fairloss_a100_sstate50_mb,selection_rate,gap,0.007713716591921771,0.005159893065365237,0.010254238450613753,True
Victim Sex,named_all,graphsage_fairloss_a25_sstate50_mb,graphsage_fairloss_a100_sstate50_mb,selection_rate,amplification,0.09343543289115952,0.0621600792362425,0.12575954618920646,True
Victim Sex,named_all,graphsage_fairloss_a25_sstate50_mb,graphsage_fairloss_a100_sstate50_mb,tpr,gap,0.006029019588031925,0.003076911098232993,0.009048686806959028,True
Victim Sex,named_all,graphsage_fairloss_a25_sstate50_mb,graphsage_fairloss_a100_sstate50_mb,tpr,amplification,0.07302887634049027,0.03718882850398389,0.10993466065204059,True
Victim Sex,named_all,graphsage_fairloss_a25_sstate50_mb,graphsage_fairloss_a100_sstate50_mb,fpr,gap,0.01060591796592214,0.005229770023649351,0.015687886177534187,True
Victim Sex,named_all,graphsage_fairloss_a25_sstate50_mb,graphsage_fairloss_a100_sstate50_mb,fpr,amplification,0.12846836211118495,0.0643676699499382,0.19125879536892937,True
Victim Sex,named_n>=5000,graphsage_fairloss_a25_sstate50_mb,graphsage_fairloss_a100_sstate50_mb,selection_rate,gap,0.007713716591921771,0.005159893065365237,0.010254238450613753,True
Victim Sex,named_n>=5000,graphsage_fairloss_a25_sstate50_mb,graphsage_fairloss_a100_sstate50_mb,selection_rate,amplification,0.09343543289115952,0.0621600792362425,0.12575954618920646,True
Victim Sex,named_n>=5000,graphsage_fairloss_a25_sstate50_mb,graphsage_fairloss_a100_sstate50_mb,tpr,gap,0.006029019588031925,0.003076911098232993,0.009048686806959028,True
Victim Sex,named_n>=5000,graphsage_fairloss_a25_sstate50_mb,graphsage_fairloss_a100_sstate50_mb,tpr,amplification,0.07302887634049027,0.03718882850398389,0.10993466065204059,True
Victim Sex,named_n>=5000,graphsage_fairloss_a25_sstate50_mb,graphsage_fairloss_a100_sstate50_mb,fpr,gap,0.01060591796592214,0.005229770023649351,0.015687886177534187,True
Victim Sex,named_n>=5000,graphsage_fairloss_a25_sstate50_mb,graphsage_fairloss_a100_sstate50_mb,fpr,amplification,0.12846836211118495,0.0643676699499382,0.19125879536892937,True
Victim Sex,named_all,graphsage_fairloss_a50_sstate50_mb,graphsage_fairloss_a100_sstate50_mb,selection_rate,gap,0.0010688029688783462,-0.0010485657876964176,0.0032459226333025307,False
Victim Sex,named_all,graphsage_fairloss_a50_sstate50_mb,graphsage_fairloss_a100_sstate50_mb,selection_rate,amplification,0.01294629727219787,-0.0128935803403096,0.03854810564804583,False
Victim Sex,named_all,graphsage_fairloss_a50_sstate50_mb,graphsage_fairloss_a100_sstate50_mb,tpr,gap,0.0013829456524793171,-0.0009511366587420772,0.0036629386654802574,False
Victim Sex,named_all,graphsage_fairloss_a50_sstate50_mb,graphsage_fairloss_a100_sstate50_mb,tpr,amplification,0.016751474359282814,-0.0115060734783448,0.04430559853606325,False
Victim Sex,named_all,graphsage_fairloss_a50_sstate50_mb,graphsage_fairloss_a100_sstate50_mb,fpr,gap,-0.0014693478718340036,-0.005819586201912821,0.0029620815632373297,False
Victim Sex,named_all,graphsage_fairloss_a50_sstate50_mb,graphsage_fairloss_a100_sstate50_mb,fpr,amplification,-0.017798055300124793,-0.07017605098907437,0.03613185089950565,False
Victim Sex,named_n>=5000,graphsage_fairloss_a50_sstate50_mb,graphsage_fairloss_a100_sstate50_mb,selection_rate,gap,0.0010688029688783462,-0.0010485657876964176,0.0032459226333025307,False
Victim Sex,named_n>=5000,graphsage_fairloss_a50_sstate50_mb,graphsage_fairloss_a100_sstate50_mb,selection_rate,amplification,0.01294629727219787,-0.0128935803403096,0.03854810564804583,False
Victim Sex,named_n>=5000,graphsage_fairloss_a50_sstate50_mb,graphsage_fairloss_a100_sstate50_mb,tpr,gap,0.0013829456524793171,-0.0009511366587420772,0.0036629386654802574,False
Victim Sex,named_n>=5000,graphsage_fairloss_a50_sstate50_mb,graphsage_fairloss_a100_sstate50_mb,tpr,amplification,0.016751474359282814,-0.0115060734783448,0.04430559853606325,False
Victim Sex,named_n>=5000,graphsage_fairloss_a50_sstate50_mb,graphsage_fairloss_a100_sstate50_mb,fpr,gap,-0.0014693478718340036,-0.005819586201912821,0.0029620815632373297,False
Victim Sex,named_n>=5000,graphsage_fairloss_a50_sstate50_mb,graphsage_fairloss_a100_sstate50_mb,fpr,amplification,-0.017798055300124793,-0.07017605098907437,0.03613185089950565,False
