attribute,group_set,model_a,model_b,metric,quantity,diff,diff_lo,diff_hi,significant
Victim Race,named_all,graphsage_fairloss_a100_mb,graphsage_fairloss_a5_sstate20_mb,selection_rate,gap,-0.02190717002365955,-0.04738686236454735,0.00281986758220118,False
Victim Race,named_all,graphsage_fairloss_a100_mb,graphsage_fairloss_a5_sstate20_mb,selection_rate,amplification,-0.16280259110000217,-0.34167912936403205,0.022117022012578664,False
Victim Race,named_all,graphsage_fairloss_a100_mb,graphsage_fairloss_a5_sstate20_mb,tpr,gap,0.005706023048488773,-0.015815310327331106,0.028440878264348414,False
Victim Race,named_all,graphsage_fairloss_a100_mb,graphsage_fairloss_a5_sstate20_mb,tpr,amplification,0.04240416887106102,-0.11399370488800273,0.2121365115300231,False
Victim Race,named_all,graphsage_fairloss_a100_mb,graphsage_fairloss_a5_sstate20_mb,fpr,gap,-0.11062033485231598,-0.16211937405916665,-0.055943221592966,True
Victim Race,named_all,graphsage_fairloss_a100_mb,graphsage_fairloss_a5_sstate20_mb,fpr,amplification,-0.8220722769238138,-1.2383610975434727,-0.42411740853922214,True
Victim Race,named_n>=5000,graphsage_fairloss_a100_mb,graphsage_fairloss_a5_sstate20_mb,selection_rate,gap,-0.08409913363484833,-0.08690888451928586,-0.08136371604655453,True
Victim Race,named_n>=5000,graphsage_fairloss_a100_mb,graphsage_fairloss_a5_sstate20_mb,selection_rate,amplification,-1.1018498544917823,-1.1793770230692069,-1.0320540738216866,True
Victim Race,named_n>=5000,graphsage_fairloss_a100_mb,graphsage_fairloss_a5_sstate20_mb,tpr,gap,-0.06639162376229901,-0.07603547932609075,-0.05685109857314526,True
Victim Race,named_n>=5000,graphsage_fairloss_a100_mb,graphsage_fairloss_a5_sstate20_mb,tpr,amplification,-0.8698496383992418,-1.0117450268325046,-0.7407515888112721,True
Victim Race,named_n>=5000,graphsage_fairloss_a100_mb,graphsage_fairloss_a5_sstate20_mb,fpr,gap,-0.093622622191876,-0.0987865908215769,-0.0883410359015256,True
Victim Race,named_n>=5000,graphsage_fairloss_a100_mb,graphsage_fairloss_a5_sstate20_mb,fpr,amplification,-1.2266246771002627,-1.3325510958416171,-1.133784060637749,True
Victim Race,named_all,graphsage_fairloss_a100_mb,graphsage_fairloss_a10_sstate20_mb,selection_rate,gap,-0.01741791109630514,-0.041507244487575104,0.0009350663615339675,False
Victim Race,named_all,graphsage_fairloss_a100_mb,graphsage_fairloss_a10_sstate20_mb,selection_rate,amplification,-0.12944077463978454,-0.3137977962082685,0.006825330473672316,False
Victim Race,named_all,graphsage_fairloss_a100_mb,graphsage_fairloss_a10_sstate20_mb,tpr,gap,-0.019238095238095276,-0.04162869153016212,0.002496504232986559,False
Victim Race,named_all,graphsage_fairloss_a100_mb,graphsage_fairloss_a10_sstate20_mb,tpr,amplification,-0.1429674279794233,-0.31681296797164904,0.016835496692578864,False
Victim Race,named_all,graphsage_fairloss_a100_mb,graphsage_fairloss_a10_sstate20_mb,fpr,gap,-0.1029383847328097,-0.1541127793278278,-0.05270515201727806,True
Victim Race,named_all,graphsage_fairloss_a100_mb,graphsage_fairloss_a10_sstate20_mb,fpr,amplification,-0.7649840549943765,-1.2027007587396477,-0.36770051001163034,True
Victim Race,named_n>=5000,graphsage_fairloss_a100_mb,graphsage_fairloss_a10_sstate20_mb,selection_rate,gap,-0.06171262484422457,-0.06430513426406365,-0.059103835482873776,True
Victim Race,named_n>=5000,graphsage_fairloss_a100_mb,graphsage_fairloss_a10_sstate20_mb,selection_rate,amplification,-0.8085463400866512,-0.8684315693045837,-0.7552640497211399,True
Victim Race,named_n>=5000,graphsage_fairloss_a100_mb,graphsage_fairloss_a10_sstate20_mb,tpr,gap,-0.045347965166083304,-0.05481885324661409,-0.035594335263758256,True
Victim Race,named_n>=5000,graphsage_fairloss_a100_mb,graphsage_fairloss_a10_sstate20_mb,tpr,amplification,-0.5941398758838405,-0.7224943613615598,-0.47072495489802296,True
Victim Race,named_n>=5000,graphsage_fairloss_a100_mb,graphsage_fairloss_a10_sstate20_mb,fpr,gap,-0.06886469476290513,-0.07397403496045857,-0.06383491169295745,True
Victim Race,named_n>=5000,graphsage_fairloss_a100_mb,graphsage_fairloss_a10_sstate20_mb,fpr,amplification,-0.9022513149016088,-0.9856580317896265,-0.8218825936474617,True
Victim Race,named_all,graphsage_fairloss_a100_mb,graphsage_fairloss_a25_sstate20_mb,selection_rate,gap,-0.0320010332024932,-0.05267572891470281,-0.013093922451876398,True
Victim Race,named_all,graphsage_fairloss_a100_mb,graphsage_fairloss_a25_sstate20_mb,selection_rate,amplification,-0.23781488515479188,-0.4050584881097212,-0.09305121786004138,True
Victim Race,named_all,graphsage_fairloss_a100_mb,graphsage_fairloss_a25_sstate20_mb,tpr,gap,-0.030097847358121377,-0.05223781746782403,-0.009174263871451297,True
Victim Race,named_all,graphsage_fairloss_a100_mb,graphsage_fairloss_a25_sstate20_mb,tpr,amplification,-0.22367140671946917,-0.3996175299301647,-0.06594440026057082,True
Victim Race,named_all,graphsage_fairloss_a100_mb,graphsage_fairloss_a25_sstate20_mb,fpr,gap,-0.10752178989417815,-0.15640768702415675,-0.05498162667427555,True
Victim Race,named_all,graphsage_fairloss_a100_mb,graphsage_fairloss_a25_sstate20_mb,fpr,amplification,-0.7990455168594202,-1.2143979968069225,-0.39753728110139186,True
Victim Race,named_n>=5000,graphsage_fairloss_a100_mb,graphsage_fairloss_a25_sstate20_mb,selection_rate,gap,-0.049114116363651816,-0.05199748437479579,-0.04629765631611391,True
Victim Race,named_n>=5000,graphsage_fairloss_a100_mb,graphsage_fairloss_a25_sstate20_mb,selection_rate,amplification,-0.6434832278267122,-0.6940234686121276,-0.5963563909527442,True
Victim Race,named_n>=5000,graphsage_fairloss_a100_mb,graphsage_fairloss_a25_sstate20_mb,tpr,gap,-0.03295809605698996,-0.04242904018398895,-0.023276432582877857,True
Victim Race,named_n>=5000,graphsage_fairloss_a100_mb,graphsage_fairloss_a25_sstate20_mb,tpr,amplification,-0.431810314508076,-0.5601015070559499,-0.3051252616845382,True
Victim Race,named_n>=5000,graphsage_fairloss_a100_mb,graphsage_fairloss_a25_sstate20_mb,fpr,gap,-0.056311911731528164,-0.061194114637946856,-0.05113181030623072,True
Victim Race,named_n>=5000,graphsage_fairloss_a100_mb,graphsage_fairloss_a25_sstate20_mb,fpr,amplification,-0.7377872882370305,-0.8220545972846087,-0.6551707858201069,True
Victim Race,named_all,graphsage_fairloss_a100_mb,graphsage_fairloss_a50_sstate20_mb,selection_rate,gap,-0.03173887013996518,-0.052085234377640344,-0.011788599045011918,True
Victim Race,named_all,graphsage_fairloss_a100_mb,graphsage_fairloss_a50_sstate20_mb,selection_rate,amplification,-0.23586662685286708,-0.41509058252614717,-0.08545829431952205,True
Victim Race,named_all,graphsage_fairloss_a100_mb,graphsage_fairloss_a50_sstate20_mb,tpr,gap,-0.026866275277234286,-0.050431031539798506,-0.005160004459522714,True
Victim Race,named_all,graphsage_fairloss_a100_mb,graphsage_fairloss_a50_sstate20_mb,tpr,amplification,-0.19965605888920845,-0.39340031604774034,-0.03859398524234956,True
Victim Race,named_all,graphsage_fairloss_a100_mb,graphsage_fairloss_a50_sstate20_mb,fpr,gap,-0.08454629218413362,-0.13362959277728248,-0.03407341456873868,True
Victim Race,named_all,graphsage_fairloss_a100_mb,graphsage_fairloss_a50_sstate20_mb,fpr,amplification,-0.6283036750346778,-1.033812699803076,-0.24353411049581797,True
Victim Race,named_n>=5000,graphsage_fairloss_a100_mb,graphsage_fairloss_a50_sstate20_mb,selection_rate,gap,-0.03703415256584497,-0.04001396914389016,-0.034189468348381054,True
Victim Race,named_n>=5000,graphsage_fairloss_a100_mb,graphsage_fairloss_a50_sstate20_mb,selection_rate,amplification,-0.485213983215088,-0.5321345016206598,-0.4393894951050679,True
Victim Race,named_n>=5000,graphsage_fairloss_a100_mb,graphsage_fairloss_a50_sstate20_mb,tpr,gap,-0.021537146894051618,-0.030741875768013,-0.011832204978642728,True
Victim Race,named_n>=5000,graphsage_fairloss_a100_mb,graphsage_fairloss_a50_sstate20_mb,tpr,amplification,-0.28217534647164993,-0.40517774473746476,-0.15520605696031223,True
Victim Race,named_n>=5000,graphsage_fairloss_a100_mb,graphsage_fairloss_a50_sstate20_mb,fpr,gap,-0.04347575595496184,-0.04860356660456496,-0.03819138845100795,True
Victim Race,named_n>=5000,graphsage_fairloss_a100_mb,graphsage_fairloss_a50_sstate20_mb,fpr,amplification,-0.5696105691277296,-0.646654550681879,-0.4938614671968331,True
Victim Race,named_all,graphsage_fairloss_a100_mb,graphsage_fairloss_a100_sstate20_mb,selection_rate,gap,-0.03491500219676241,-0.05599355817557683,-0.012275634526344135,True
Victim Race,named_all,graphsage_fairloss_a100_mb,graphsage_fairloss_a100_sstate20_mb,selection_rate,amplification,-0.25946997351808787,-0.4343762543092956,-0.0875295214136508,True
Victim Race,named_all,graphsage_fairloss_a100_mb,graphsage_fairloss_a100_sstate20_mb,tpr,gap,-0.03348119156338336,-0.05771673832457796,-0.008333359604285578,True
Victim Race,named_all,graphsage_fairloss_a100_mb,graphsage_fairloss_a100_sstate20_mb,tpr,amplification,-0.2488146453306157,-0.4346826441581292,-0.06019823229764115,True
Victim Race,named_all,graphsage_fairloss_a100_mb,graphsage_fairloss_a100_sstate20_mb,fpr,gap,-0.09220587854783346,-0.14315360184663714,-0.03730962675992123,True
Victim Race,named_all,graphsage_fairloss_a100_mb,graphsage_fairloss_a100_sstate20_mb,fpr,amplification,-0.6852257012670862,-1.1439229826054842,-0.28087393437626496,True
Victim Race,named_n>=5000,graphsage_fairloss_a100_mb,graphsage_fairloss_a100_sstate20_mb,selection_rate,gap,-0.03142643087992769,-0.034204616207058565,-0.02842217103305905,True
Victim Race,named_n>=5000,graphsage_fairloss_a100_mb,graphsage_fairloss_a100_sstate20_mb,selection_rate,amplification,-0.4117427468705318,-0.45805906583350636,-0.36688443336007215,True
Victim Race,named_n>=5000,graphsage_fairloss_a100_mb,graphsage_fairloss_a100_sstate20_mb,tpr,gap,-0.016700706922890163,-0.02642804285407807,-0.007633609218858657,True
Victim Race,named_n>=5000,graphsage_fairloss_a100_mb,graphsage_fairloss_a100_sstate20_mb,tpr,amplification,-0.2188092872965256,-0.3484183680468477,-0.10078614768899506,True
Victim Race,named_n>=5000,graphsage_fairloss_a100_mb,graphsage_fairloss_a100_sstate20_mb,fpr,gap,-0.03804495539185365,-0.04364619934328935,-0.03223375207110104,True
Victim Race,named_n>=5000,graphsage_fairloss_a100_mb,graphsage_fairloss_a100_sstate20_mb,fpr,amplification,-0.4984573175827568,-0.5733512645350908,-0.4195853936199345,True
Victim Race,named_all,graphsage_fairloss_a100_mb,graphsage_fairloss_a50_sstate50_mb,selection_rate,gap,-0.03281528367202097,-0.054929733781376215,-0.013695080942242052,True
Victim Race,named_all,graphsage_fairloss_a100_mb,graphsage_fairloss_a50_sstate50_mb,selection_rate,amplification,-0.24386596733931643,-0.42624271492197907,-0.1005015243701701,True
Victim Race,named_all,graphsage_fairloss_a100_mb,graphsage_fairloss_a50_sstate50_mb,tpr,gap,-0.0313450750163079,-0.05490628679729333,-0.008881278978544495,True
Victim Race,named_all,graphsage_fairloss_a100_mb,graphsage_fairloss_a50_sstate50_mb,tpr,amplification,-0.23294014815093012,-0.42061480339416385,-0.06995831492367616,True
Victim Race,named_all,graphsage_fairloss_a100_mb,graphsage_fairloss_a50_sstate50_mb,fpr,gap,-0.10455206948771689,-0.1555864917558092,-0.051093320668966324,True
Victim Race,named_all,graphsage_fairloss_a100_mb,graphsage_fairloss_a50_sstate50_mb,fpr,amplification,-0.7769761132581201,-1.232783928341103,-0.36690064412432677,True
Victim Race,named_n>=5000,graphsage_fairloss_a100_mb,graphsage_fairloss_a50_sstate50_mb,selection_rate,gap,-0.0527637703484618,-0.05559846625093828,-0.04972588971039218,True
Victim Race,named_n>=5000,graphsage_fairloss_a100_mb,graphsage_fairloss_a50_sstate50_mb,selection_rate,amplification,-0.6913002568292784,-0.7451915035076164,-0.6392315034063167,True
Victim Race,named_n>=5000,graphsage_fairloss_a100_mb,graphsage_fairloss_a50_sstate50_mb,tpr,gap,-0.036458758641376265,-0.045449633914348454,-0.02758375685495851,True
Victim Race,named_n>=5000,graphsage_fairloss_a100_mb,graphsage_fairloss_a50_sstate50_mb,tpr,amplification,-0.477675288289834,-0.5996301750545496,-0.3609555021000529,True
Victim Race,named_n>=5000,graphsage_fairloss_a100_mb,graphsage_fairloss_a50_sstate50_mb,fpr,gap,-0.06095865454632354,-0.06671897330745634,-0.055760928055340574,True
Victim Race,named_n>=5000,graphsage_fairloss_a100_mb,graphsage_fairloss_a50_sstate50_mb,fpr,amplification,-0.7986679736026338,-0.8908794361608393,-0.7170945382452782,True
Victim Race,named_all,graphsage_fairloss_a100_mb,graphsage_fairloss_a100_sstate50_mb,selection_rate,gap,-0.04569482867668001,-0.06651563925783233,-0.025339961037644364,True
Victim Race,named_all,graphsage_fairloss_a100_mb,graphsage_fairloss_a100_sstate50_mb,selection_rate,amplification,-0.3395799868444844,-0.5448098731395129,-0.17918884532961074,True
Victim Race,named_all,graphsage_fairloss_a100_mb,graphsage_fairloss_a100_sstate50_mb,tpr,gap,-0.037036747118938895,-0.06111771297437266,-0.0133933586224291,True
Victim Race,named_all,graphsage_fairloss_a100_mb,graphsage_fairloss_a100_sstate50_mb,tpr,amplification,-0.27523766832351226,-0.4731812516689682,-0.0980064074150592,True
Victim Race,named_all,graphsage_fairloss_a100_mb,graphsage_fairloss_a100_sstate50_mb,fpr,gap,-0.12984314774688482,-0.18248417791413077,-0.07847515430999624,True
Victim Race,named_all,graphsage_fairloss_a100_mb,graphsage_fairloss_a100_sstate50_mb,fpr,amplification,-0.9649261345460665,-1.3982780410729128,-0.5646807152244915,True
Victim Race,named_n>=5000,graphsage_fairloss_a100_mb,graphsage_fairloss_a100_sstate50_mb,selection_rate,gap,-0.052060497011923834,-0.05520828603926299,-0.04908253469716745,True
Victim Race,named_n>=5000,graphsage_fairloss_a100_mb,graphsage_fairloss_a100_sstate50_mb,selection_rate,amplification,-0.6820861116884155,-0.7426713758514975,-0.6306326935143871,True
Victim Race,named_n>=5000,graphsage_fairloss_a100_mb,graphsage_fairloss_a100_sstate50_mb,tpr,gap,-0.03755904247128439,-0.046872734974567565,-0.02776514327169833,True
Victim Race,named_n>=5000,graphsage_fairloss_a100_mb,graphsage_fairloss_a100_sstate50_mb,tpr,amplification,-0.4920909846886559,-0.6138231271694686,-0.36465456874031055,True
Victim Race,named_n>=5000,graphsage_fairloss_a100_mb,graphsage_fairloss_a100_sstate50_mb,fpr,gap,-0.05723178796947859,-0.06304092670641688,-0.05142898307509384,True
Victim Race,named_n>=5000,graphsage_fairloss_a100_mb,graphsage_fairloss_a100_sstate50_mb,fpr,amplification,-0.7498393208220148,-0.8358065622882233,-0.6669965677819462,True
Victim Race,named_all,graphsage_fairloss_a5_sstate20_mb,graphsage_fairloss_a10_sstate20_mb,selection_rate,gap,0.0044892589273544115,-0.015808410231062005,0.01590383811211811,False
Victim Race,named_all,graphsage_fairloss_a5_sstate20_mb,graphsage_fairloss_a10_sstate20_mb,selection_rate,amplification,0.03336181646021763,-0.11296349648452,0.11871289665700929,False
Victim Race,named_all,graphsage_fairloss_a5_sstate20_mb,graphsage_fairloss_a10_sstate20_mb,tpr,gap,-0.02494411828658405,-0.03726325785252142,-0.012545859691387553,True
Victim Race,named_all,graphsage_fairloss_a5_sstate20_mb,graphsage_fairloss_a10_sstate20_mb,tpr,amplification,-0.18537159685048432,-0.2842138176159443,-0.0907011866618589,True
Victim Race,named_all,graphsage_fairloss_a5_sstate20_mb,graphsage_fairloss_a10_sstate20_mb,fpr,gap,0.007681950119506287,-0.019472240498748628,0.032173872951121625,False
Victim Race,named_all,graphsage_fairloss_a5_sstate20_mb,graphsage_fairloss_a10_sstate20_mb,fpr,amplification,0.0570882219294373,-0.13791283161044582,0.24429263672908363,False
Victim Race,named_n>=5000,graphsage_fairloss_a5_sstate20_mb,graphsage_fairloss_a10_sstate20_mb,selection_rate,gap,0.02238650879062376,0.020658668028634922,0.024273260703247843,True
Victim Race,named_n>=5000,graphsage_fairloss_a5_sstate20_mb,graphsage_fairloss_a10_sstate20_mb,selection_rate,amplification,0.29330351440513125,0.2656663977278403,0.32303456993458235,True
Victim Race,named_n>=5000,graphsage_fairloss_a5_sstate20_mb,graphsage_fairloss_a10_sstate20_mb,tpr,gap,0.02104365859621571,0.01898620893364778,0.023322265366612978,True
Victim Race,named_n>=5000,graphsage_fairloss_a5_sstate20_mb,graphsage_fairloss_a10_sstate20_mb,tpr,amplification,0.27570976251540125,0.24609792893736918,0.3082028718646686,True
Victim Race,named_n>=5000,graphsage_fairloss_a5_sstate20_mb,graphsage_fairloss_a10_sstate20_mb,fpr,gap,0.02475792742897087,0.021702250935779474,0.02814043263888131,True
Victim Race,named_n>=5000,graphsage_fairloss_a5_sstate20_mb,graphsage_fairloss_a10_sstate20_mb,fpr,amplification,0.324373362198654,0.2806306579196197,0.3755365379819129,True
Victim Race,named_all,graphsage_fairloss_a5_sstate20_mb,graphsage_fairloss_a25_sstate20_mb,selection_rate,gap,-0.01009386317883365,-0.030517945509952314,0.009154095434094895,False
Victim Race,named_all,graphsage_fairloss_a5_sstate20_mb,graphsage_fairloss_a25_sstate20_mb,selection_rate,amplification,-0.07501229405478971,-0.23069160698466548,0.0686952078264682,False
Victim Race,named_all,graphsage_fairloss_a5_sstate20_mb,graphsage_fairloss_a25_sstate20_mb,tpr,gap,-0.03580387040661015,-0.049825811537502825,-0.021775911167127078,True
Victim Race,named_all,graphsage_fairloss_a5_sstate20_mb,graphsage_fairloss_a25_sstate20_mb,tpr,amplification,-0.2660755755905302,-0.3863590102336121,-0.15692243663792496,True
Victim Race,named_all,graphsage_fairloss_a5_sstate20_mb,graphsage_fairloss_a25_sstate20_mb,fpr,gap,0.0030985449581378277,-0.024524082234222068,0.031048302229856346,False
Victim Race,named_all,graphsage_fairloss_a5_sstate20_mb,graphsage_fairloss_a25_sstate20_mb,fpr,amplification,0.023026760064393637,-0.1810512215488998,0.23552271827011284,False
Victim Race,named_n>=5000,graphsage_fairloss_a5_sstate20_mb,graphsage_fairloss_a25_sstate20_mb,selection_rate,gap,0.03498501727119652,0.03290874985590134,0.0371540758511213,True
Victim Race,named_n>=5000,graphsage_fairloss_a5_sstate20_mb,graphsage_fairloss_a25_sstate20_mb,selection_rate,amplification,0.4583666266650702,0.4251437549445766,0.499214756097703,True
Victim Race,named_n>=5000,graphsage_fairloss_a5_sstate20_mb,graphsage_fairloss_a25_sstate20_mb,tpr,gap,0.03343352770530905,0.0310839837620265,0.03601717176782187,True
Victim Race,named_n>=5000,graphsage_fairloss_a5_sstate20_mb,graphsage_fairloss_a25_sstate20_mb,tpr,amplification,0.43803932389116573,0.4020650495393565,0.4813426218655627,True
Victim Race,named_n>=5000,graphsage_fairloss_a5_sstate20_mb,graphsage_fairloss_a25_sstate20_mb,fpr,gap,0.03731071046034784,0.03338237975291975,0.04127618348978178,True
Victim Race,named_n>=5000,graphsage_fairloss_a5_sstate20_mb,graphsage_fairloss_a25_sstate20_mb,fpr,amplification,0.48883738886323225,0.43302411575329786,0.5477917221573065,True
Victim Race,named_all,graphsage_fairloss_a5_sstate20_mb,graphsage_fairloss_a50_sstate20_mb,selection_rate,gap,-0.00983170011630563,-0.03156218373085057,0.012063505377506905,False
Victim Race,named_all,graphsage_fairloss_a5_sstate20_mb,graphsage_fairloss_a50_sstate20_mb,selection_rate,amplification,-0.07306403575286491,-0.24150918662320184,0.09005847361673217,False
Victim Race,named_all,graphsage_fairloss_a5_sstate20_mb,graphsage_fairloss_a50_sstate20_mb,tpr,gap,-0.03257229832572306,-0.051016972746362584,-0.01389780010817667,True
Victim Race,named_all,graphsage_fairloss_a5_sstate20_mb,graphsage_fairloss_a50_sstate20_mb,tpr,amplification,-0.24206022776026948,-0.38939372067064304,-0.09969030260203945,True
Victim Race,named_all,graphsage_fairloss_a5_sstate20_mb,graphsage_fairloss_a50_sstate20_mb,fpr,gap,0.026074042668182362,-0.006100047832764685,0.05610083246448495,False
Victim Race,named_all,graphsage_fairloss_a5_sstate20_mb,graphsage_fairloss_a50_sstate20_mb,fpr,amplification,0.19376860188913603,-0.042402074093162836,0.4219021725835057,False
Victim Race,named_n>=5000,graphsage_fairloss_a5_sstate20_mb,graphsage_fairloss_a50_sstate20_mb,selection_rate,gap,0.047064981069003364,0.044561832738353985,0.04941682980341685,True
Victim Race,named_n>=5000,graphsage_fairloss_a5_sstate20_mb,graphsage_fairloss_a50_sstate20_mb,selection_rate,amplification,0.6166358712766944,0.575305652866136,0.663383604969342,True
Victim Race,named_n>=5000,graphsage_fairloss_a5_sstate20_mb,graphsage_fairloss_a50_sstate20_mb,tpr,gap,0.044854476868247395,0.04222562467845961,0.047690025258062325,True
Victim Race,named_n>=5000,graphsage_fairloss_a5_sstate20_mb,graphsage_fairloss_a50_sstate20_mb,tpr,amplification,0.5876742919275918,0.5425032414786712,0.6356830005557059,True
Victim Race,named_n>=5000,graphsage_fairloss_a5_sstate20_mb,graphsage_fairloss_a50_sstate20_mb,fpr,gap,0.05014686623691417,0.045334400747321,0.05477647125099357,True
Victim Race,named_n>=5000,graphsage_fairloss_a5_sstate20_mb,graphsage_fairloss_a50_sstate20_mb,fpr,amplification,0.6570141079725332,0.586394232201462,0.7281014151319196,True
Victim Race,named_all,graphsage_fairloss_a5_sstate20_mb,graphsage_fairloss_a100_sstate20_mb,selection_rate,gap,-0.013007832173102862,-0.034274086295033916,0.008919988865018607,False
Victim Race,named_all,graphsage_fairloss_a5_sstate20_mb,graphsage_fairloss_a100_sstate20_mb,selection_rate,amplification,-0.0966673824180857,-0.26356506621827097,0.06690288341439943,False
Victim Race,named_all,graphsage_fairloss_a5_sstate20_mb,graphsage_fairloss_a100_sstate20_mb,tpr,gap,-0.039187214611872134,-0.05684025100862204,-0.020413345547557117,True
Victim Race,named_all,graphsage_fairloss_a5_sstate20_mb,graphsage_fairloss_a100_sstate20_mb,tpr,amplification,-0.2912188142016767,-0.43916780348024315,-0.14937585438689863,True
Victim Race,named_all,graphsage_fairloss_a5_sstate20_mb,graphsage_fairloss_a100_sstate20_mb,fpr,gap,0.018414456304482518,-0.013572059919641692,0.04785378540081494,False
Victim Race,named_all,graphsage_fairloss_a5_sstate20_mb,graphsage_fairloss_a100_sstate20_mb,fpr,amplification,0.13684657565672764,-0.10082201486504104,0.36587329807596947,False
Victim Race,named_n>=5000,graphsage_fairloss_a5_sstate20_mb,graphsage_fairloss_a100_sstate20_mb,selection_rate,gap,0.05267270275492064,0.05001505748029288,0.055373267465575936,True
Victim Race,named_n>=5000,graphsage_fairloss_a5_sstate20_mb,graphsage_fairloss_a100_sstate20_mb,selection_rate,amplification,0.6901071076212506,0.6400589690874757,0.7408817796931061,True
Victim Race,named_n>=5000,graphsage_fairloss_a5_sstate20_mb,graphsage_fairloss_a100_sstate20_mb,tpr,gap,0.04969091683940885,0.04679853199162409,0.05277637766314641,True
Victim Race,named_n>=5000,graphsage_fairloss_a5_sstate20_mb,graphsage_fairloss_a100_sstate20_mb,tpr,amplification,0.6510403511027161,0.5998381911449325,0.7057869198400126,True
Victim Race,named_n>=5000,graphsage_fairloss_a5_sstate20_mb,graphsage_fairloss_a100_sstate20_mb,fpr,gap,0.05557766680002235,0.05064740348329122,0.06085069630634735,True
Victim Race,named_n>=5000,graphsage_fairloss_a5_sstate20_mb,graphsage_fairloss_a100_sstate20_mb,fpr,amplification,0.728167359517506,0.6509906778741548,0.8120544762173715,True
Victim Race,named_all,graphsage_fairloss_a5_sstate20_mb,graphsage_fairloss_a50_sstate50_mb,selection_rate,gap,-0.010908113648361417,-0.03195862502347324,0.006789758207783883,False
Victim Race,named_all,graphsage_fairloss_a5_sstate20_mb,graphsage_fairloss_a50_sstate50_mb,selection_rate,amplification,-0.08106337623931426,-0.24190434141875133,0.048568422643791166,False
Victim Race,named_all,graphsage_fairloss_a5_sstate20_mb,graphsage_fairloss_a50_sstate50_mb,tpr,gap,-0.03705109806479667,-0.05319290319118518,-0.019855621302315427,True
Victim Race,named_all,graphsage_fairloss_a5_sstate20_mb,graphsage_fairloss_a50_sstate50_mb,tpr,amplification,-0.27534431702199114,-0.4065186040713767,-0.14448130721069338,True
Victim Race,named_all,graphsage_fairloss_a5_sstate20_mb,graphsage_fairloss_a50_sstate50_mb,fpr,gap,0.00606826536459909,-0.01968302630022778,0.030902307707866415,False
Victim Race,named_all,graphsage_fairloss_a5_sstate20_mb,graphsage_fairloss_a50_sstate50_mb,fpr,amplification,0.04509616366569369,-0.14683827705466407,0.2298559493500126,False
Victim Race,named_n>=5000,graphsage_fairloss_a5_sstate20_mb,graphsage_fairloss_a50_sstate50_mb,selection_rate,gap,0.03133536328638653,0.029000718135001845,0.03367604021549183,True
Victim Race,named_n>=5000,graphsage_fairloss_a5_sstate20_mb,graphsage_fairloss_a50_sstate50_mb,selection_rate,amplification,0.410549597662504,0.376357026700207,0.4495553902331462,True
Victim Race,named_n>=5000,graphsage_fairloss_a5_sstate20_mb,graphsage_fairloss_a50_sstate50_mb,tpr,gap,0.029932865120922747,0.02719785388878419,0.0326383977869285,True
Victim Race,named_n>=5000,graphsage_fairloss_a5_sstate20_mb,graphsage_fairloss_a50_sstate50_mb,tpr,amplification,0.3921743501094077,0.3513764128813371,0.43316850236779714,True
Victim Race,named_n>=5000,graphsage_fairloss_a5_sstate20_mb,graphsage_fairloss_a50_sstate50_mb,fpr,gap,0.03266396764555246,0.028445924975162594,0.037275933343685966,True
Victim Race,named_n>=5000,graphsage_fairloss_a5_sstate20_mb,graphsage_fairloss_a50_sstate50_mb,fpr,amplification,0.42795670349762904,0.368313152847915,0.4944943606268795,True
Victim Race,named_all,graphsage_fairloss_a5_sstate20_mb,graphsage_fairloss_a100_sstate50_mb,selection_rate,gap,-0.02378765865302046,-0.046269914948963174,-0.0039025359911668803,True
Victim Race,named_all,graphsage_fairloss_a5_sstate20_mb,graphsage_fairloss_a100_sstate50_mb,selection_rate,amplification,-0.17677739574448226,-0.34327087886785645,-0.028489367399938747,True
Victim Race,named_all,graphsage_fairloss_a5_sstate20_mb,graphsage_fairloss_a100_sstate50_mb,tpr,gap,-0.04274277016742767,-0.05963991893530544,-0.025033980269088593,True
Victim Race,named_all,graphsage_fairloss_a5_sstate20_mb,graphsage_fairloss_a100_sstate50_mb,tpr,amplification,-0.3176418371945733,-0.46491126153082357,-0.18549393152075358,True
Victim Race,named_all,graphsage_fairloss_a5_sstate20_mb,graphsage_fairloss_a100_sstate50_mb,fpr,gap,-0.01922281289456884,-0.049637092614049555,0.010333634209498312,False
Victim Race,named_all,graphsage_fairloss_a5_sstate20_mb,graphsage_fairloss_a100_sstate50_mb,fpr,amplification,-0.14285385762225267,-0.3683299422427972,0.07563018320039258,False
Victim Race,named_n>=5000,graphsage_fairloss_a5_sstate20_mb,graphsage_fairloss_a100_sstate50_mb,selection_rate,gap,0.0320386366229245,0.029570023280775883,0.03458913373620016,True
Victim Race,named_n>=5000,graphsage_fairloss_a5_sstate20_mb,graphsage_fairloss_a100_sstate50_mb,selection_rate,amplification,0.4197637428033669,0.38178645608155876,0.4621625504562597,True
Victim Race,named_n>=5000,graphsage_fairloss_a5_sstate20_mb,graphsage_fairloss_a100_sstate50_mb,tpr,gap,0.028832581291014625,0.026001065962560965,0.032065648181431136,True
Victim Race,named_n>=5000,graphsage_fairloss_a5_sstate20_mb,graphsage_fairloss_a100_sstate50_mb,tpr,amplification,0.3777586537105858,0.3341097582035119,0.42474758139083474,True
Victim Race,named_n>=5000,graphsage_fairloss_a5_sstate20_mb,graphsage_fairloss_a100_sstate50_mb,fpr,gap,0.03639083422239742,0.031782674257506964,0.04132868634317029,True
Victim Race,named_n>=5000,graphsage_fairloss_a5_sstate20_mb,graphsage_fairloss_a100_sstate50_mb,fpr,amplification,0.47678535627824803,0.4102390511578903,0.5453152726649805,True
Victim Race,named_all,graphsage_fairloss_a10_sstate20_mb,graphsage_fairloss_a25_sstate20_mb,selection_rate,gap,-0.014583122106188062,-0.02351574909594787,0.0011308343839187703,False
Victim Race,named_all,graphsage_fairloss_a10_sstate20_mb,graphsage_fairloss_a25_sstate20_mb,selection_rate,amplification,-0.10837411051500734,-0.17884001279963946,0.00886654074352502,False
Victim Race,named_all,graphsage_fairloss_a10_sstate20_mb,graphsage_fairloss_a25_sstate20_mb,tpr,gap,-0.0108597521200261,-0.021707504991473635,0.0007134376509666524,False
Victim Race,named_all,graphsage_fairloss_a10_sstate20_mb,graphsage_fairloss_a25_sstate20_mb,tpr,amplification,-0.08070397874004587,-0.16766770513705723,0.00466886312011985,False
Victim Race,named_all,graphsage_fairloss_a10_sstate20_mb,graphsage_fairloss_a25_sstate20_mb,fpr,gap,-0.004583405161368459,-0.026289635533527686,0.016071375855102623,False
Victim Race,named_all,graphsage_fairloss_a10_sstate20_mb,graphsage_fairloss_a25_sstate20_mb,fpr,amplification,-0.03406146186504366,-0.1906339729470124,0.11691490825323511,False
Victim Race,named_n>=5000,graphsage_fairloss_a10_sstate20_mb,graphsage_fairloss_a25_sstate20_mb,selection_rate,gap,0.012598508480572757,0.011025111185229742,0.014326604353199957,True
Victim Race,named_n>=5000,graphsage_fairloss_a10_sstate20_mb,graphsage_fairloss_a25_sstate20_mb,selection_rate,amplification,0.16506311225993897,0.14470030229614103,0.18840438769021844,True
Victim Race,named_n>=5000,graphsage_fairloss_a10_sstate20_mb,graphsage_fairloss_a25_sstate20_mb,tpr,gap,0.012389869109093343,0.010407104286937613,0.014331508389164213,True
Victim Race,named_n>=5000,graphsage_fairloss_a10_sstate20_mb,graphsage_fairloss_a25_sstate20_mb,tpr,amplification,0.1623295613757645,0.13658284124420386,0.18985296473113641,True
Victim Race,named_n>=5000,graphsage_fairloss_a10_sstate20_mb,graphsage_fairloss_a25_sstate20_mb,fpr,gap,0.012552783031376968,0.009833611802286,0.015627386066953974,True
Victim Race,named_n>=5000,graphsage_fairloss_a10_sstate20_mb,graphsage_fairloss_a25_sstate20_mb,fpr,amplification,0.16446402666457827,0.1283231388520571,0.20792345464662806,True
Victim Race,named_all,graphsage_fairloss_a10_sstate20_mb,graphsage_fairloss_a50_sstate20_mb,selection_rate,gap,-0.014320959043660042,-0.027970790528853363,0.004756526242165606,False
Victim Race,named_all,graphsage_fairloss_a10_sstate20_mb,graphsage_fairloss_a50_sstate20_mb,selection_rate,amplification,-0.10642585221308254,-0.20801557766345213,0.034252274495715274,False
Victim Race,named_all,graphsage_fairloss_a10_sstate20_mb,graphsage_fairloss_a50_sstate20_mb,tpr,gap,-0.00762818003913901,-0.023827106927031893,0.008062259551318314,False
Victim Race,named_all,graphsage_fairloss_a10_sstate20_mb,graphsage_fairloss_a50_sstate20_mb,tpr,amplification,-0.056688630909785154,-0.1902123798392166,0.056144903543883413,False
Victim Race,named_all,graphsage_fairloss_a10_sstate20_mb,graphsage_fairloss_a50_sstate20_mb,fpr,gap,0.018392092548676076,-0.006153847665031271,0.042222194817220476,False
Victim Race,named_all,graphsage_fairloss_a10_sstate20_mb,graphsage_fairloss_a50_sstate20_mb,fpr,amplification,0.13668037995969873,-0.04618332218209836,0.3203751670290805,False
Victim Race,named_n>=5000,graphsage_fairloss_a10_sstate20_mb,graphsage_fairloss_a50_sstate20_mb,selection_rate,gap,0.024678472278379604,0.022605039795197422,0.02685051101824592,True
Victim Race,named_n>=5000,graphsage_fairloss_a10_sstate20_mb,graphsage_fairloss_a50_sstate20_mb,selection_rate,amplification,0.32333235687156314,0.2910346861958536,0.3576125707580629,True
Victim Race,named_n>=5000,graphsage_fairloss_a10_sstate20_mb,graphsage_fairloss_a50_sstate20_mb,tpr,gap,0.023810818272031686,0.021334518015498603,0.02625866309157333,True
Victim Race,named_n>=5000,graphsage_fairloss_a10_sstate20_mb,graphsage_fairloss_a50_sstate20_mb,tpr,amplification,0.31196452941219055,0.2773664780369271,0.3482056079624265,True
Victim Race,named_n>=5000,graphsage_fairloss_a10_sstate20_mb,graphsage_fairloss_a50_sstate20_mb,fpr,gap,0.025388938807943295,0.021291999542575473,0.02939476676202548,True
Victim Race,named_n>=5000,graphsage_fairloss_a10_sstate20_mb,graphsage_fairloss_a50_sstate20_mb,fpr,amplification,0.33264074577387925,0.2781703277535313,0.3919325345311167,True
Victim Race,named_all,graphsage_fairloss_a10_sstate20_mb,graphsage_fairloss_a100_sstate20_mb,selection_rate,gap,-0.017497091100457274,-0.030085919413805833,0.0011979097137089145,False
Victim Race,named_all,graphsage_fairloss_a10_sstate20_mb,graphsage_fairloss_a100_sstate20_mb,selection_rate,amplification,-0.13002919887830333,-0.2341949292686686,0.009062239063808994,False
Victim Race,named_all,graphsage_fairloss_a10_sstate20_mb,graphsage_fairloss_a100_sstate20_mb,tpr,gap,-0.014243096325288085,-0.029623126226816753,0.0025699473751550407,False
Victim Race,named_all,graphsage_fairloss_a10_sstate20_mb,graphsage_fairloss_a100_sstate20_mb,tpr,amplification,-0.1058472173511924,-0.23186564724429967,0.018326763122244818,False
Victim Race,named_all,graphsage_fairloss_a10_sstate20_mb,graphsage_fairloss_a100_sstate20_mb,fpr,gap,0.010732506184976232,-0.01367060642967245,0.03610940604658668,False
Victim Race,named_all,graphsage_fairloss_a10_sstate20_mb,graphsage_fairloss_a100_sstate20_mb,fpr,amplification,0.07975835372729034,-0.105480874931366,0.26862182285513797,False
Victim Race,named_n>=5000,graphsage_fairloss_a10_sstate20_mb,graphsage_fairloss_a100_sstate20_mb,selection_rate,gap,0.03028619396429688,0.02787198087476562,0.03261059959911496,True
Victim Race,named_n>=5000,graphsage_fairloss_a10_sstate20_mb,graphsage_fairloss_a100_sstate20_mb,selection_rate,amplification,0.39680359321611935,0.3609295834252654,0.4344728695800375,True
Victim Race,named_n>=5000,graphsage_fairloss_a10_sstate20_mb,graphsage_fairloss_a100_sstate20_mb,tpr,gap,0.02864725824319314,0.025782457384128418,0.031512778419441737,True
Victim Race,named_n>=5000,graphsage_fairloss_a10_sstate20_mb,graphsage_fairloss_a100_sstate20_mb,tpr,amplification,0.3753305885873149,0.3359785046584433,0.42140171707365676,True
Victim Race,named_n>=5000,graphsage_fairloss_a10_sstate20_mb,graphsage_fairloss_a100_sstate20_mb,fpr,gap,0.03081973937105148,0.026495330858125075,0.03524600454137822,True
Victim Race,named_n>=5000,graphsage_fairloss_a10_sstate20_mb,graphsage_fairloss_a100_sstate20_mb,fpr,amplification,0.403793997318852,0.34616530597199463,0.46681983290431606,True
Victim Race,named_all,graphsage_fairloss_a10_sstate20_mb,graphsage_fairloss_a50_sstate50_mb,selection_rate,gap,-0.015397372575715829,-0.02781897712953174,-0.0006770795346458205,True
Victim Race,named_all,graphsage_fairloss_a10_sstate20_mb,graphsage_fairloss_a50_sstate50_mb,selection_rate,amplification,-0.11442519269953189,-0.21143359488525726,-0.004532187524176507,True
Victim Race,named_all,graphsage_fairloss_a10_sstate20_mb,graphsage_fairloss_a50_sstate50_mb,tpr,gap,-0.012106979778212623,-0.027491571527005286,0.002322023832117531,False
Victim Race,named_all,graphsage_fairloss_a10_sstate20_mb,graphsage_fairloss_a50_sstate50_mb,tpr,amplification,-0.08997272017150681,-0.20775913074189511,0.016944765057234124,False
Victim Race,named_all,graphsage_fairloss_a10_sstate20_mb,graphsage_fairloss_a50_sstate50_mb,fpr,gap,-0.0016136847549071964,-0.02637155925890712,0.024620189350243633,False
Victim Race,named_all,graphsage_fairloss_a10_sstate20_mb,graphsage_fairloss_a50_sstate50_mb,fpr,amplification,-0.01199205826374361,-0.1876765434178574,0.18581816036094645,False
Victim Race,named_n>=5000,graphsage_fairloss_a10_sstate20_mb,graphsage_fairloss_a50_sstate50_mb,selection_rate,gap,0.00894885449576277,0.006812691747327318,0.011059902198137267,True
Victim Race,named_n>=5000,graphsage_fairloss_a10_sstate20_mb,graphsage_fairloss_a50_sstate50_mb,selection_rate,amplification,0.11724608325737274,0.08875874417263215,0.14607447505172566,True
Victim Race,named_n>=5000,graphsage_fairloss_a10_sstate20_mb,graphsage_fairloss_a50_sstate50_mb,tpr,gap,0.008889206524707038,0.006288136515457543,0.011498677070304395,True
Victim Race,named_n>=5000,graphsage_fairloss_a10_sstate20_mb,graphsage_fairloss_a50_sstate50_mb,tpr,amplification,0.11646458759400646,0.08278352122144697,0.15091744388771347,True
Victim Race,named_n>=5000,graphsage_fairloss_a10_sstate20_mb,graphsage_fairloss_a50_sstate50_mb,fpr,gap,0.007906040216581589,0.004165959403974985,0.011899142006608071,True
Victim Race,named_n>=5000,graphsage_fairloss_a10_sstate20_mb,graphsage_fairloss_a50_sstate50_mb,fpr,amplification,0.10358334129897506,0.05453672484358281,0.1566273494132469,True
Victim Race,named_all,graphsage_fairloss_a10_sstate20_mb,graphsage_fairloss_a100_sstate50_mb,selection_rate,gap,-0.028276917580374872,-0.03945799114535814,-0.012769569924112623,True
Victim Race,named_all,graphsage_fairloss_a10_sstate20_mb,graphsage_fairloss_a100_sstate50_mb,selection_rate,amplification,-0.2101392122046999,-0.30555116910308183,-0.09389037823956672,True
Victim Race,named_all,graphsage_fairloss_a10_sstate20_mb,graphsage_fairloss_a100_sstate50_mb,tpr,gap,-0.01779865188084362,-0.03328707012857997,-0.0035884205037732425,True
Victim Race,named_all,graphsage_fairloss_a10_sstate20_mb,graphsage_fairloss_a100_sstate50_mb,tpr,amplification,-0.13227024034408896,-0.24755345177710789,-0.02739397270519643,True
Victim Race,named_all,graphsage_fairloss_a10_sstate20_mb,graphsage_fairloss_a100_sstate50_mb,fpr,gap,-0.026904763014075128,-0.050810348595708335,-0.0042031896055435124,True
Victim Race,named_all,graphsage_fairloss_a10_sstate20_mb,graphsage_fairloss_a100_sstate50_mb,fpr,amplification,-0.19994207955168997,-0.3737915916252857,-0.03213283751943943,True
Victim Race,named_n>=5000,graphsage_fairloss_a10_sstate20_mb,graphsage_fairloss_a100_sstate50_mb,selection_rate,gap,0.009652127832300739,0.007384915766350636,0.01205900507434698,True
Victim Race,named_n>=5000,graphsage_fairloss_a10_sstate20_mb,graphsage_fairloss_a100_sstate50_mb,selection_rate,amplification,0.12646022839823567,0.09728624727564221,0.159918594205351,True
Victim Race,named_n>=5000,graphsage_fairloss_a10_sstate20_mb,graphsage_fairloss_a100_sstate50_mb,tpr,gap,0.0077889226947989165,0.005073219273022228,0.010574659532403982,True
Victim Race,named_n>=5000,graphsage_fairloss_a10_sstate20_mb,graphsage_fairloss_a100_sstate50_mb,tpr,amplification,0.10204889119518457,0.06683385368767635,0.14058607919074007,True
Victim Race,named_n>=5000,graphsage_fairloss_a10_sstate20_mb,graphsage_fairloss_a100_sstate50_mb,fpr,gap,0.011632906793426545,0.007483215314245203,0.015614764188387793,True
Victim Race,named_n>=5000,graphsage_fairloss_a10_sstate20_mb,graphsage_fairloss_a100_sstate50_mb,fpr,amplification,0.15241199407959405,0.10032613875346653,0.20456992886916273,True
Victim Race,named_all,graphsage_fairloss_a25_sstate20_mb,graphsage_fairloss_a50_sstate20_mb,selection_rate,gap,0.00026216306252802024,-0.01023642956117865,0.011722997928766944,False
Victim Race,named_all,graphsage_fairloss_a25_sstate20_mb,graphsage_fairloss_a50_sstate20_mb,selection_rate,amplification,0.001948258301924799,-0.07700972836943261,0.08547810046521044,False
Victim Race,named_all,graphsage_fairloss_a25_sstate20_mb,graphsage_fairloss_a50_sstate20_mb,tpr,gap,0.0032315720808870907,-0.00880842800609651,0.016081100931088624,False
Victim Race,named_all,graphsage_fairloss_a25_sstate20_mb,graphsage_fairloss_a50_sstate20_mb,tpr,amplification,0.024015347830260714,-0.06442827720266144,0.1194722270303657,False
Victim Race,named_all,graphsage_fairloss_a25_sstate20_mb,graphsage_fairloss_a50_sstate20_mb,fpr,gap,0.022975497710044535,0.0028255217643966407,0.04122532582507561,True
Victim Race,named_all,graphsage_fairloss_a25_sstate20_mb,graphsage_fairloss_a50_sstate20_mb,fpr,amplification,0.1707418418247424,0.019973885776702376,0.3259180973186858,True
Victim Race,named_n>=5000,graphsage_fairloss_a25_sstate20_mb,graphsage_fairloss_a50_sstate20_mb,selection_rate,gap,0.012079963797806847,0.010432241374765353,0.013887822533135129,True
Victim Race,named_n>=5000,graphsage_fairloss_a25_sstate20_mb,graphsage_fairloss_a50_sstate20_mb,selection_rate,amplification,0.15826924461162417,0.13420374453855796,0.18260654706136006,True
Victim Race,named_n>=5000,graphsage_fairloss_a25_sstate20_mb,graphsage_fairloss_a50_sstate20_mb,tpr,gap,0.011420949162938343,0.009335858612179232,0.013528469352084693,True
Victim Race,named_n>=5000,graphsage_fairloss_a25_sstate20_mb,graphsage_fairloss_a50_sstate20_mb,tpr,amplification,0.14963496803642606,0.12111631145964602,0.17754441955748737,True
Victim Race,named_n>=5000,graphsage_fairloss_a25_sstate20_mb,graphsage_fairloss_a50_sstate20_mb,fpr,gap,0.012836155776566327,0.009803194337478777,0.016150081710920645,True
Victim Race,named_n>=5000,graphsage_fairloss_a25_sstate20_mb,graphsage_fairloss_a50_sstate20_mb,fpr,amplification,0.168176719109301,0.1276890827015517,0.21346036668358773,True
Victim Race,named_all,graphsage_fairloss_a25_sstate20_mb,graphsage_fairloss_a100_sstate20_mb,selection_rate,gap,-0.0029139689942692115,-0.015336309825562538,0.010930763362832725,False
Victim Race,named_all,graphsage_fairloss_a25_sstate20_mb,graphsage_fairloss_a100_sstate20_mb,selection_rate,amplification,-0.021655088363295993,-0.11293048979049157,0.07936820169518538,False
Victim Race,named_all,graphsage_fairloss_a25_sstate20_mb,graphsage_fairloss_a100_sstate20_mb,tpr,gap,-0.0033833442052619844,-0.01804819385815058,0.011892879205968258,False
Victim Race,named_all,graphsage_fairloss_a25_sstate20_mb,graphsage_fairloss_a100_sstate20_mb,tpr,amplification,-0.025143238611146534,-0.1334270167246085,0.08708626571828576,False
Victim Race,named_all,graphsage_fairloss_a25_sstate20_mb,graphsage_fairloss_a100_sstate20_mb,fpr,gap,0.01531591134634469,-0.003850514038299879,0.034738837698768586,False
Victim Race,named_all,graphsage_fairloss_a25_sstate20_mb,graphsage_fairloss_a100_sstate20_mb,fpr,amplification,0.113819815592334,-0.026540190089172248,0.26334402171471577,False
Victim Race,named_n>=5000,graphsage_fairloss_a25_sstate20_mb,graphsage_fairloss_a100_sstate20_mb,selection_rate,gap,0.017687685483724125,0.015593364383242797,0.019771681841972238,True
Victim Race,named_n>=5000,graphsage_fairloss_a25_sstate20_mb,graphsage_fairloss_a100_sstate20_mb,selection_rate,amplification,0.23174048095618038,0.20226526594333308,0.2606956390275469,True
Victim Race,named_n>=5000,graphsage_fairloss_a25_sstate20_mb,graphsage_fairloss_a100_sstate20_mb,tpr,gap,0.016257389134099798,0.01374565612642532,0.018655640320775022,True
Victim Race,named_n>=5000,graphsage_fairloss_a25_sstate20_mb,graphsage_fairloss_a100_sstate20_mb,tpr,amplification,0.2130010272115504,0.17768878444817496,0.2463259626136834,True
Victim Race,named_n>=5000,graphsage_fairloss_a25_sstate20_mb,graphsage_fairloss_a100_sstate20_mb,fpr,gap,0.01826695633967451,0.014368237187192,0.02266946094518659,True
Victim Race,named_n>=5000,graphsage_fairloss_a25_sstate20_mb,graphsage_fairloss_a100_sstate20_mb,fpr,amplification,0.23932997065427375,0.1886699781728004,0.2992004699396703,True
Victim Race,named_all,graphsage_fairloss_a25_sstate20_mb,graphsage_fairloss_a50_sstate50_mb,selection_rate,gap,-0.0008142504695277664,-0.012414933657477738,0.010678980605727039,False
Victim Race,named_all,graphsage_fairloss_a25_sstate20_mb,graphsage_fairloss_a50_sstate50_mb,selection_rate,amplification,-0.006051082184524548,-0.09538462421934663,0.08143281924458251,False
Victim Race,named_all,graphsage_fairloss_a25_sstate20_mb,graphsage_fairloss_a50_sstate50_mb,tpr,gap,-0.0012472276581865227,-0.014813859613354912,0.011291343497441063,False
Victim Race,named_all,graphsage_fairloss_a25_sstate20_mb,graphsage_fairloss_a50_sstate50_mb,tpr,amplification,-0.009268741431460947,-0.1111415472411384,0.08399991233212345,False
Victim Race,named_all,graphsage_fairloss_a25_sstate20_mb,graphsage_fairloss_a50_sstate50_mb,fpr,gap,0.0029697204064612626,-0.015672835617360905,0.022990922119801045,False
Victim Race,named_all,graphsage_fairloss_a25_sstate20_mb,graphsage_fairloss_a50_sstate50_mb,fpr,amplification,0.022069403601300053,-0.1155484959070281,0.17490986457835847,False
Victim Race,named_n>=5000,graphsage_fairloss_a25_sstate20_mb,graphsage_fairloss_a50_sstate50_mb,selection_rate,gap,-0.0036496539848099863,-0.005562908332566249,-0.00163926998299003,True
Victim Race,named_n>=5000,graphsage_fairloss_a25_sstate20_mb,graphsage_fairloss_a50_sstate50_mb,selection_rate,amplification,-0.047817029002566236,-0.07355312139416831,-0.021556127240252375,True
Victim Race,named_n>=5000,graphsage_fairloss_a25_sstate20_mb,graphsage_fairloss_a50_sstate50_mb,tpr,gap,-0.003500662584386305,-0.005879723977981874,-0.0012205962422937233,True
Victim Race,named_n>=5000,graphsage_fairloss_a25_sstate20_mb,graphsage_fairloss_a50_sstate50_mb,tpr,amplification,-0.04586497378175802,-0.07750037529213186,-0.015620360869021894,True
Victim Race,named_n>=5000,graphsage_fairloss_a25_sstate20_mb,graphsage_fairloss_a50_sstate50_mb,fpr,gap,-0.004646742814795379,-0.008620495984052972,-0.0009174493596968684,True
Victim Race,named_n>=5000,graphsage_fairloss_a25_sstate20_mb,graphsage_fairloss_a50_sstate50_mb,fpr,amplification,-0.060880685365603204,-0.11292244950336049,-0.011932510906735158,True
Victim Race,named_all,graphsage_fairloss_a25_sstate20_mb,graphsage_fairloss_a100_sstate50_mb,selection_rate,gap,-0.01369379547418681,-0.02716706377369972,-0.002262632624438746,True
Victim Race,named_all,graphsage_fairloss_a25_sstate20_mb,graphsage_fairloss_a100_sstate50_mb,selection_rate,amplification,-0.10176510168969255,-0.20716795803077698,-0.017695419937932583,True
Victim Race,named_all,graphsage_fairloss_a25_sstate20_mb,graphsage_fairloss_a100_sstate50_mb,tpr,gap,-0.0069388997608175185,-0.02195254157538649,0.007503493352010911,False
Victim Race,named_all,graphsage_fairloss_a25_sstate20_mb,graphsage_fairloss_a100_sstate50_mb,tpr,amplification,-0.051566261604043095,-0.16391112066981403,0.058412147363216566,False
Victim Race,named_all,graphsage_fairloss_a25_sstate20_mb,graphsage_fairloss_a100_sstate50_mb,fpr,gap,-0.02232135785270667,-0.04561373218433584,-0.0007981185294478204,True
Victim Race,named_all,graphsage_fairloss_a25_sstate20_mb,graphsage_fairloss_a100_sstate50_mb,fpr,amplification,-0.1658806176866463,-0.3455707015220385,-0.0053423323707724665,True
Victim Race,named_n>=5000,graphsage_fairloss_a25_sstate20_mb,graphsage_fairloss_a100_sstate50_mb,selection_rate,gap,-0.002946380648272018,-0.0052014318089000115,-0.0005364611217274218,True
Victim Race,named_n>=5000,graphsage_fairloss_a25_sstate20_mb,graphsage_fairloss_a100_sstate50_mb,selection_rate,amplification,-0.0386028838617033,-0.0686555689043097,-0.006748038801293827,True
Victim Race,named_n>=5000,graphsage_fairloss_a25_sstate20_mb,graphsage_fairloss_a100_sstate50_mb,tpr,gap,-0.004600946414294427,-0.0073835071778973055,-0.0017058267711404398,True
Victim Race,named_n>=5000,graphsage_fairloss_a25_sstate20_mb,graphsage_fairloss_a100_sstate50_mb,tpr,amplification,-0.06028067018057992,-0.09760820156700226,-0.02211667886525204,True
Victim Race,named_n>=5000,graphsage_fairloss_a25_sstate20_mb,graphsage_fairloss_a100_sstate50_mb,fpr,gap,-0.0009198762379504233,-0.004767111676384691,0.003185865306312595,False
Victim Race,named_n>=5000,graphsage_fairloss_a25_sstate20_mb,graphsage_fairloss_a100_sstate50_mb,fpr,amplification,-0.012052032584984218,-0.06310804932352179,0.042934985679447306,False
Victim Race,named_all,graphsage_fairloss_a50_sstate20_mb,graphsage_fairloss_a100_sstate20_mb,selection_rate,gap,-0.0031761320567972318,-0.014860034858514018,0.009112230413812018,False
Victim Race,named_all,graphsage_fairloss_a50_sstate20_mb,graphsage_fairloss_a100_sstate20_mb,selection_rate,amplification,-0.023603346665220792,-0.11323997864043767,0.06619357044413074,False
Victim Race,named_all,graphsage_fairloss_a50_sstate20_mb,graphsage_fairloss_a100_sstate20_mb,tpr,gap,-0.006614916286149075,-0.01994983141539161,0.006623314578770732,False
Victim Race,named_all,graphsage_fairloss_a50_sstate20_mb,graphsage_fairloss_a100_sstate20_mb,tpr,amplification,-0.04915858644140725,-0.14699848758310557,0.049306319972017204,False
Victim Race,named_all,graphsage_fairloss_a50_sstate20_mb,graphsage_fairloss_a100_sstate20_mb,fpr,gap,-0.007659586363699844,-0.03023993467776701,0.0136158828258865,False
Victim Race,named_all,graphsage_fairloss_a50_sstate20_mb,graphsage_fairloss_a100_sstate20_mb,fpr,amplification,-0.056922026232408385,-0.2298281803867433,0.09930039997128526,False
Victim Race,named_n>=5000,graphsage_fairloss_a50_sstate20_mb,graphsage_fairloss_a100_sstate20_mb,selection_rate,gap,0.005607721685917277,0.0036907430176991497,0.007566865554838159,True
Victim Race,named_n>=5000,graphsage_fairloss_a50_sstate20_mb,graphsage_fairloss_a100_sstate20_mb,selection_rate,amplification,0.07347123634455621,0.04814824242894932,0.09997126998845982,True
Victim Race,named_n>=5000,graphsage_fairloss_a50_sstate20_mb,graphsage_fairloss_a100_sstate20_mb,tpr,gap,0.004836439971161455,0.0024968815167816434,0.007120967140979778,True
Victim Race,named_n>=5000,graphsage_fairloss_a50_sstate20_mb,graphsage_fairloss_a100_sstate20_mb,tpr,amplification,0.06336605917512433,0.03240272673495255,0.09519261397519506,True
Victim Race,named_n>=5000,graphsage_fairloss_a50_sstate20_mb,graphsage_fairloss_a100_sstate20_mb,fpr,gap,0.005430800563108185,0.001887782566782667,0.00918041300046113,True
Victim Race,named_n>=5000,graphsage_fairloss_a50_sstate20_mb,graphsage_fairloss_a100_sstate20_mb,fpr,amplification,0.07115325154497276,0.02385338581960641,0.12208645142870346,True
Victim Race,named_all,graphsage_fairloss_a50_sstate20_mb,graphsage_fairloss_a50_sstate50_mb,selection_rate,gap,-0.0010764135320557866,-0.014535594975457538,0.010191540775288038,False
Victim Race,named_all,graphsage_fairloss_a50_sstate20_mb,graphsage_fairloss_a50_sstate50_mb,selection_rate,amplification,-0.007999340486449347,-0.10610406124264209,0.07508058302408385,False
Victim Race,named_all,graphsage_fairloss_a50_sstate20_mb,graphsage_fairloss_a50_sstate50_mb,tpr,gap,-0.004478799739073613,-0.017732377010808896,0.009729610309109299,False
Victim Race,named_all,graphsage_fairloss_a50_sstate20_mb,graphsage_fairloss_a50_sstate50_mb,tpr,amplification,-0.03328408926172166,-0.1327650242125289,0.0731960985692649,False
Victim Race,named_all,graphsage_fairloss_a50_sstate20_mb,graphsage_fairloss_a50_sstate50_mb,fpr,gap,-0.020005777303583272,-0.043203489194218424,0.003812829331570264,False
Victim Race,named_all,graphsage_fairloss_a50_sstate20_mb,graphsage_fairloss_a50_sstate50_mb,fpr,amplification,-0.14867243822344234,-0.32770128156644457,0.026627560830483298,False
Victim Race,named_n>=5000,graphsage_fairloss_a50_sstate20_mb,graphsage_fairloss_a50_sstate50_mb,selection_rate,gap,-0.015729617782616834,-0.0176843196698321,-0.014039512188676452,True
Victim Race,named_n>=5000,graphsage_fairloss_a50_sstate20_mb,graphsage_fairloss_a50_sstate50_mb,selection_rate,amplification,-0.2060862736141904,-0.23389728780974764,-0.18122808503490492,True
Victim Race,named_n>=5000,graphsage_fairloss_a50_sstate20_mb,graphsage_fairloss_a50_sstate50_mb,tpr,gap,-0.014921611747324648,-0.017208759697608985,-0.012597656360147966,True
Victim Race,named_n>=5000,graphsage_fairloss_a50_sstate20_mb,graphsage_fairloss_a50_sstate50_mb,tpr,amplification,-0.1954999418181841,-0.22607809732720632,-0.16554207207184676,True
Victim Race,named_n>=5000,graphsage_fairloss_a50_sstate20_mb,graphsage_fairloss_a50_sstate50_mb,fpr,gap,-0.017482898591361706,-0.020809946584963702,-0.01380834337834676,True
Victim Race,named_n>=5000,graphsage_fairloss_a50_sstate20_mb,graphsage_fairloss_a50_sstate50_mb,fpr,amplification,-0.2290574044749042,-0.2773488947472647,-0.17753573756715735,True
Victim Race,named_all,graphsage_fairloss_a50_sstate20_mb,graphsage_fairloss_a100_sstate50_mb,selection_rate,gap,-0.01395595853671483,-0.028437214843353945,-0.001046226155472916,True
Victim Race,named_all,graphsage_fairloss_a50_sstate20_mb,graphsage_fairloss_a100_sstate50_mb,selection_rate,amplification,-0.10371335999161735,-0.21518760285750205,-0.00773071389351085,True
Victim Race,named_all,graphsage_fairloss_a50_sstate20_mb,graphsage_fairloss_a100_sstate50_mb,tpr,gap,-0.01017047184170461,-0.025495666197460822,0.004746725491339782,False
Victim Race,named_all,graphsage_fairloss_a50_sstate20_mb,graphsage_fairloss_a100_sstate50_mb,tpr,amplification,-0.07558160943430381,-0.18891073618292054,0.036028529153380846,False
Victim Race,named_all,graphsage_fairloss_a50_sstate20_mb,graphsage_fairloss_a100_sstate50_mb,fpr,gap,-0.045296855562751204,-0.07301971870433435,-0.01933899438142547,True
Victim Race,named_all,graphsage_fairloss_a50_sstate20_mb,graphsage_fairloss_a100_sstate50_mb,fpr,amplification,-0.3366224595113887,-0.5558063872163541,-0.14324224224254428,True
Victim Race,named_n>=5000,graphsage_fairloss_a50_sstate20_mb,graphsage_fairloss_a100_sstate50_mb,selection_rate,gap,-0.015026344446078865,-0.016987389802293685,-0.01300175237714754,True
Victim Race,named_n>=5000,graphsage_fairloss_a50_sstate20_mb,graphsage_fairloss_a100_sstate50_mb,selection_rate,amplification,-0.19687212847332747,-0.22603499402218516,-0.16944668694652867,True
Victim Race,named_n>=5000,graphsage_fairloss_a50_sstate20_mb,graphsage_fairloss_a100_sstate50_mb,tpr,gap,-0.01602189557723277,-0.01822092167605069,-0.013493238356130212,True
Victim Race,named_n>=5000,graphsage_fairloss_a50_sstate20_mb,graphsage_fairloss_a100_sstate50_mb,tpr,amplification,-0.20991563821700598,-0.2424073017758619,-0.17707755936152692,True
Victim Race,named_n>=5000,graphsage_fairloss_a50_sstate20_mb,graphsage_fairloss_a100_sstate50_mb,fpr,gap,-0.01375603201451675,-0.0172819816898186,-0.01010758746381155,True
Victim Race,named_n>=5000,graphsage_fairloss_a50_sstate20_mb,graphsage_fairloss_a100_sstate50_mb,fpr,amplification,-0.1802287516942852,-0.22802094962352829,-0.13169377331008747,True
Victim Race,named_all,graphsage_fairloss_a100_sstate20_mb,graphsage_fairloss_a50_sstate50_mb,selection_rate,gap,0.002099718524741445,-0.011327885682902009,0.012716851822347143,False
Victim Race,named_all,graphsage_fairloss_a100_sstate20_mb,graphsage_fairloss_a50_sstate50_mb,selection_rate,amplification,0.015604006178771446,-0.08814986372693288,0.10079878757479911,False
Victim Race,named_all,graphsage_fairloss_a100_sstate20_mb,graphsage_fairloss_a50_sstate50_mb,tpr,gap,0.0021361165470754617,-0.011171135893331652,0.015257516564386528,False
Victim Race,named_all,graphsage_fairloss_a100_sstate20_mb,graphsage_fairloss_a50_sstate50_mb,tpr,amplification,0.015874497179685587,-0.0834789869547147,0.11680098969200146,False
Victim Race,named_all,graphsage_fairloss_a100_sstate20_mb,graphsage_fairloss_a50_sstate50_mb,fpr,gap,-0.012346190939883428,-0.03389954416884539,0.0106428548884945,False
Victim Race,named_all,graphsage_fairloss_a100_sstate20_mb,graphsage_fairloss_a50_sstate50_mb,fpr,amplification,-0.09175041199103395,-0.25315117937343856,0.08286543832645435,False
Victim Race,named_n>=5000,graphsage_fairloss_a100_sstate20_mb,graphsage_fairloss_a50_sstate50_mb,selection_rate,gap,-0.02133733946853411,-0.023285322891481833,-0.019261052023324267,True
Victim Race,named_n>=5000,graphsage_fairloss_a100_sstate20_mb,graphsage_fairloss_a50_sstate50_mb,selection_rate,amplification,-0.2795575099587466,-0.3114449629342484,-0.25007224043448845,True
Victim Race,named_n>=5000,graphsage_fairloss_a100_sstate20_mb,graphsage_fairloss_a50_sstate50_mb,tpr,gap,-0.019758051718486103,-0.022124805586585788,-0.017393447745149764,True
Victim Race,named_n>=5000,graphsage_fairloss_a100_sstate20_mb,graphsage_fairloss_a50_sstate50_mb,tpr,amplification,-0.2588660009933084,-0.2942019710988831,-0.2278929985631008,True
Victim Race,named_n>=5000,graphsage_fairloss_a100_sstate20_mb,graphsage_fairloss_a50_sstate50_mb,fpr,gap,-0.02291369915446989,-0.026444063661412366,-0.019209836781374855,True
Victim Race,named_n>=5000,graphsage_fairloss_a100_sstate20_mb,graphsage_fairloss_a50_sstate50_mb,fpr,amplification,-0.30021065601987695,-0.35183287809125124,-0.2514769370823564,True
Victim Race,named_all,graphsage_fairloss_a100_sstate20_mb,graphsage_fairloss_a100_sstate50_mb,selection_rate,gap,-0.010779826479917598,-0.0239472318380865,0.00014725549552674632,False
Victim Race,named_all,graphsage_fairloss_a100_sstate20_mb,graphsage_fairloss_a100_sstate50_mb,selection_rate,amplification,-0.08011001332639656,-0.1800990641349687,0.0010439220128105372,False
Victim Race,named_all,graphsage_fairloss_a100_sstate20_mb,graphsage_fairloss_a100_sstate50_mb,tpr,gap,-0.003555555555555534,-0.01709389327764723,0.009247312622581959,False
Victim Race,named_all,graphsage_fairloss_a100_sstate20_mb,graphsage_fairloss_a100_sstate50_mb,tpr,amplification,-0.02642302299289656,-0.12949864330105038,0.07221148671294603,False
Victim Race,named_all,graphsage_fairloss_a100_sstate20_mb,graphsage_fairloss_a100_sstate50_mb,fpr,gap,-0.03763726919905136,-0.06333397644887667,-0.014937781679934752,True
Victim Race,named_all,graphsage_fairloss_a100_sstate20_mb,graphsage_fairloss_a100_sstate50_mb,fpr,amplification,-0.2797004332789803,-0.4788019331347018,-0.10972189146439412,True
Victim Race,named_n>=5000,graphsage_fairloss_a100_sstate20_mb,graphsage_fairloss_a100_sstate50_mb,selection_rate,gap,-0.020634066131996143,-0.022473956317934397,-0.018597177222323017,True
Victim Race,named_n>=5000,graphsage_fairloss_a100_sstate20_mb,graphsage_fairloss_a100_sstate50_mb,selection_rate,amplification,-0.2703433648178837,-0.2978447675337253,-0.24165880879523804,True
Victim Race,named_n>=5000,graphsage_fairloss_a100_sstate20_mb,graphsage_fairloss_a100_sstate50_mb,tpr,gap,-0.020858335548394225,-0.0231514231501275,-0.01850027400521238,True
Victim Race,named_n>=5000,graphsage_fairloss_a100_sstate20_mb,graphsage_fairloss_a100_sstate50_mb,tpr,amplification,-0.2732816973921303,-0.30629925497795196,-0.24004882428365681,True
Victim Race,named_n>=5000,graphsage_fairloss_a100_sstate20_mb,graphsage_fairloss_a100_sstate50_mb,fpr,gap,-0.019186832577624935,-0.022579042888810623,-0.01553006303669289,True
Victim Race,named_n>=5000,graphsage_fairloss_a100_sstate20_mb,graphsage_fairloss_a100_sstate50_mb,fpr,amplification,-0.25138200323925797,-0.2970769482299525,-0.20311530469821118,True
Victim Race,named_all,graphsage_fairloss_a50_sstate50_mb,graphsage_fairloss_a100_sstate50_mb,selection_rate,gap,-0.012879545004659043,-0.022951857109060832,-0.0030746439863776,True
Victim Race,named_all,graphsage_fairloss_a50_sstate50_mb,graphsage_fairloss_a100_sstate50_mb,selection_rate,amplification,-0.095714019505168,-0.18261670937488925,-0.021783934522829174,True
Victim Race,named_all,graphsage_fairloss_a50_sstate50_mb,graphsage_fairloss_a100_sstate50_mb,tpr,gap,-0.005691672102630996,-0.016634911423005966,0.004924935346002188,False
Victim Race,named_all,graphsage_fairloss_a50_sstate50_mb,graphsage_fairloss_a100_sstate50_mb,tpr,amplification,-0.04229752017258215,-0.1266714161372465,0.03762461870742405,False
Victim Race,named_all,graphsage_fairloss_a50_sstate50_mb,graphsage_fairloss_a100_sstate50_mb,fpr,gap,-0.02529107825916793,-0.048703974099598056,-0.006492282071784824,True
Victim Race,named_all,graphsage_fairloss_a50_sstate50_mb,graphsage_fairloss_a100_sstate50_mb,fpr,amplification,-0.18795002128794636,-0.3795724223196084,-0.04900216516482171,True
Victim Race,named_n>=5000,graphsage_fairloss_a50_sstate50_mb,graphsage_fairloss_a100_sstate50_mb,selection_rate,gap,0.0007032733365379684,-0.00107284444470917,0.0025145221750588363,False
Victim Race,named_n>=5000,graphsage_fairloss_a50_sstate50_mb,graphsage_fairloss_a100_sstate50_mb,selection_rate,amplification,0.00921414514086294,-0.013805226706034407,0.03297291393166001,False
Victim Race,named_n>=5000,graphsage_fairloss_a50_sstate50_mb,graphsage_fairloss_a100_sstate50_mb,tpr,gap,-0.001100283829908122,-0.003226161343828815,0.0009812818236168363,False
Victim Race,named_n>=5000,graphsage_fairloss_a50_sstate50_mb,graphsage_fairloss_a100_sstate50_mb,tpr,amplification,-0.014415696398821898,-0.042132440665560635,0.012651535341641252,False
Victim Race,named_n>=5000,graphsage_fairloss_a50_sstate50_mb,graphsage_fairloss_a100_sstate50_mb,fpr,gap,0.003726866576844956,0.0005003805140948739,0.007149619292717175,True
Victim Race,named_n>=5000,graphsage_fairloss_a50_sstate50_mb,graphsage_fairloss_a100_sstate50_mb,fpr,amplification,0.048828652780618986,0.006645087933900999,0.09457975873144836,True
Victim Sex,named_all,graphsage_fairloss_a100_mb,graphsage_fairloss_a5_sstate20_mb,selection_rate,gap,-0.014036877424641436,-0.01728681401336732,-0.01064378135652851,True
Victim Sex,named_all,graphsage_fairloss_a100_mb,graphsage_fairloss_a5_sstate20_mb,selection_rate,amplification,-0.17002721100552698,-0.2108148399565946,-0.12983283372507454,True
Victim Sex,named_all,graphsage_fairloss_a100_mb,graphsage_fairloss_a5_sstate20_mb,tpr,gap,-0.011921939207375498,-0.015676570861777008,-0.008078822776641865,True
Victim Sex,named_all,graphsage_fairloss_a100_mb,graphsage_fairloss_a5_sstate20_mb,tpr,amplification,-0.1444091881609687,-0.19113176593962772,-0.09716155225785725,True
Victim Sex,named_all,graphsage_fairloss_a100_mb,graphsage_fairloss_a5_sstate20_mb,fpr,gap,-0.018389990618943197,-0.025243914379787163,-0.011527081177736213,True
Victim Sex,named_all,graphsage_fairloss_a100_mb,graphsage_fairloss_a5_sstate20_mb,fpr,amplification,-0.22275601052607952,-0.3080609981320327,-0.1380450465198118,True
Victim Sex,named_n>=5000,graphsage_fairloss_a100_mb,graphsage_fairloss_a5_sstate20_mb,selection_rate,gap,-0.014036877424641436,-0.01728681401336732,-0.01064378135652851,True
Victim Sex,named_n>=5000,graphsage_fairloss_a100_mb,graphsage_fairloss_a5_sstate20_mb,selection_rate,amplification,-0.17002721100552698,-0.2108148399565946,-0.12983283372507454,True
Victim Sex,named_n>=5000,graphsage_fairloss_a100_mb,graphsage_fairloss_a5_sstate20_mb,tpr,gap,-0.011921939207375498,-0.015676570861777008,-0.008078822776641865,True
Victim Sex,named_n>=5000,graphsage_fairloss_a100_mb,graphsage_fairloss_a5_sstate20_mb,tpr,amplification,-0.1444091881609687,-0.19113176593962772,-0.09716155225785725,True
Victim Sex,named_n>=5000,graphsage_fairloss_a100_mb,graphsage_fairloss_a5_sstate20_mb,fpr,gap,-0.018389990618943197,-0.025243914379787163,-0.011527081177736213,True
Victim Sex,named_n>=5000,graphsage_fairloss_a100_mb,graphsage_fairloss_a5_sstate20_mb,fpr,amplification,-0.22275601052607952,-0.3080609981320327,-0.1380450465198118,True
Victim Sex,named_all,graphsage_fairloss_a100_mb,graphsage_fairloss_a10_sstate20_mb,selection_rate,gap,-0.0036170523852284697,-0.006627521542939161,-0.0005710287703712021,True
Victim Sex,named_all,graphsage_fairloss_a100_mb,graphsage_fairloss_a10_sstate20_mb,selection_rate,amplification,-0.04381297282269281,-0.08121684615912057,-0.007074349486428509,True
Victim Sex,named_all,graphsage_fairloss_a100_mb,graphsage_fairloss_a10_sstate20_mb,tpr,gap,-0.001868215501534265,-0.005322719322158426,0.001657096881880686,False
Victim Sex,named_all,graphsage_fairloss_a100_mb,graphsage_fairloss_a10_sstate20_mb,tpr,amplification,-0.02262949669458103,-0.06381674656488537,0.02041823289262434,False
Victim Sex,named_all,graphsage_fairloss_a100_mb,graphsage_fairloss_a10_sstate20_mb,fpr,gap,-0.008310557915722383,-0.014924685766042238,-0.001613095715776516,True
Victim Sex,named_all,graphsage_fairloss_a100_mb,graphsage_fairloss_a10_sstate20_mb,fpr,amplification,-0.10066490869469691,-0.18079011184411134,-0.01896366814513967,True
Victim Sex,named_n>=5000,graphsage_fairloss_a100_mb,graphsage_fairloss_a10_sstate20_mb,selection_rate,gap,-0.0036170523852284697,-0.006627521542939161,-0.0005710287703712021,True
Victim Sex,named_n>=5000,graphsage_fairloss_a100_mb,graphsage_fairloss_a10_sstate20_mb,selection_rate,amplification,-0.04381297282269281,-0.08121684615912057,-0.007074349486428509,True
Victim Sex,named_n>=5000,graphsage_fairloss_a100_mb,graphsage_fairloss_a10_sstate20_mb,tpr,gap,-0.001868215501534265,-0.005322719322158426,0.001657096881880686,False
Victim Sex,named_n>=5000,graphsage_fairloss_a100_mb,graphsage_fairloss_a10_sstate20_mb,tpr,amplification,-0.02262949669458103,-0.06381674656488537,0.02041823289262434,False
Victim Sex,named_n>=5000,graphsage_fairloss_a100_mb,graphsage_fairloss_a10_sstate20_mb,fpr,gap,-0.008310557915722383,-0.014924685766042238,-0.001613095715776516,True
Victim Sex,named_n>=5000,graphsage_fairloss_a100_mb,graphsage_fairloss_a10_sstate20_mb,fpr,amplification,-0.10066490869469691,-0.18079011184411134,-0.01896366814513967,True
Victim Sex,named_all,graphsage_fairloss_a100_mb,graphsage_fairloss_a25_sstate20_mb,selection_rate,gap,0.00026875385946456554,-0.003065451820071341,0.003479438188003923,False
Victim Sex,named_all,graphsage_fairloss_a100_mb,graphsage_fairloss_a25_sstate20_mb,selection_rate,amplification,0.003255387062902848,-0.037149992143772126,0.04210139804035289,False
Victim Sex,named_all,graphsage_fairloss_a100_mb,graphsage_fairloss_a25_sstate20_mb,tpr,gap,0.0016671291634402507,-0.0023545624993786237,0.005115774845674028,False
Victim Sex,named_all,graphsage_fairloss_a100_mb,graphsage_fairloss_a25_sstate20_mb,tpr,amplification,0.02019375915815297,-0.0282368367594694,0.06159720161507738,False
Victim Sex,named_all,graphsage_fairloss_a100_mb,graphsage_fairloss_a25_sstate20_mb,fpr,gap,-0.004344838116612237,-0.010855046986799644,0.002119819135203649,False
Victim Sex,named_all,graphsage_fairloss_a100_mb,graphsage_fairloss_a25_sstate20_mb,fpr,amplification,-0.05262856438008379,-0.13072221646131318,0.026320229060701895,False
Victim Sex,named_n>=5000,graphsage_fairloss_a100_mb,graphsage_fairloss_a25_sstate20_mb,selection_rate,gap,0.00026875385946456554,-0.003065451820071341,0.003479438188003923,False
Victim Sex,named_n>=5000,graphsage_fairloss_a100_mb,graphsage_fairloss_a25_sstate20_mb,selection_rate,amplification,0.003255387062902848,-0.037149992143772126,0.04210139804035289,False
Victim Sex,named_n>=5000,graphsage_fairloss_a100_mb,graphsage_fairloss_a25_sstate20_mb,tpr,gap,0.0016671291634402507,-0.0023545624993786237,0.005115774845674028,False
Victim Sex,named_n>=5000,graphsage_fairloss_a100_mb,graphsage_fairloss_a25_sstate20_mb,tpr,amplification,0.02019375915815297,-0.0282368367594694,0.06159720161507738,False
Victim Sex,named_n>=5000,graphsage_fairloss_a100_mb,graphsage_fairloss_a25_sstate20_mb,fpr,gap,-0.004344838116612237,-0.010855046986799644,0.002119819135203649,False
Victim Sex,named_n>=5000,graphsage_fairloss_a100_mb,graphsage_fairloss_a25_sstate20_mb,fpr,amplification,-0.05262856438008379,-0.13072221646131318,0.026320229060701895,False
Victim Sex,named_all,graphsage_fairloss_a100_mb,graphsage_fairloss_a50_sstate20_mb,selection_rate,gap,0.007294863644971783,0.0037922382425089607,0.010767702546266739,True
Victim Sex,named_all,graphsage_fairloss_a100_mb,graphsage_fairloss_a50_sstate20_mb,selection_rate,amplification,0.0883619114634997,0.04561691323992211,0.13110488436390677,True
Victim Sex,named_all,graphsage_fairloss_a100_mb,graphsage_fairloss_a50_sstate20_mb,tpr,gap,0.008578855552612952,0.004384245688288974,0.012460997359787809,True
Victim Sex,named_all,graphsage_fairloss_a100_mb,graphsage_fairloss_a50_sstate20_mb,tpr,amplification,0.10391476958183377,0.0535385093995706,0.15136905973059175,True
Victim Sex,named_all,graphsage_fairloss_a100_mb,graphsage_fairloss_a50_sstate20_mb,fpr,gap,0.0019270191377598889,-0.00487761900155567,0.008997524353170843,False
Victim Sex,named_all,graphsage_fairloss_a100_mb,graphsage_fairloss_a50_sstate20_mb,fpr,amplification,0.023341778918181122,-0.05804669605827894,0.1113883084628046,False
Victim Sex,named_n>=5000,graphsage_fairloss_a100_mb,graphsage_fairloss_a50_sstate20_mb,selection_rate,gap,0.007294863644971783,0.0037922382425089607,0.010767702546266739,True
Victim Sex,named_n>=5000,graphsage_fairloss_a100_mb,graphsage_fairloss_a50_sstate20_mb,selection_rate,amplification,0.0883619114634997,0.04561691323992211,0.13110488436390677,True
Victim Sex,named_n>=5000,graphsage_fairloss_a100_mb,graphsage_fairloss_a50_sstate20_mb,tpr,gap,0.008578855552612952,0.004384245688288974,0.012460997359787809,True
Victim Sex,named_n>=5000,graphsage_fairloss_a100_mb,graphsage_fairloss_a50_sstate20_mb,tpr,amplification,0.10391476958183377,0.0535385093995706,0.15136905973059175,True
Victim Sex,named_n>=5000,graphsage_fairloss_a100_mb,graphsage_fairloss_a50_sstate20_mb,fpr,gap,0.0019270191377598889,-0.00487761900155567,0.008997524353170843,False
Victim Sex,named_n>=5000,graphsage_fairloss_a100_mb,graphsage_fairloss_a50_sstate20_mb,fpr,amplification,0.023341778918181122,-0.05804669605827894,0.1113883084628046,False
Victim Sex,named_all,graphsage_fairloss_a100_mb,graphsage_fairloss_a100_sstate20_mb,selection_rate,gap,0.017193552724018124,0.013541681233834734,0.02116440348962965,True
Victim Sex,named_all,graphsage_fairloss_a100_mb,graphsage_fairloss_a100_sstate20_mb,selection_rate,amplification,0.20826368489970326,0.1625354752217386,0.2595263958352968,True
Victim Sex,named_all,graphsage_fairloss_a100_mb,graphsage_fairloss_a100_sstate20_mb,tpr,gap,0.015486980590891708,0.011124685653261131,0.019979071992531443,True
Victim Sex,named_all,graphsage_fairloss_a100_mb,graphsage_fairloss_a100_sstate20_mb,tpr,amplification,0.18759215722319444,0.13412229958243901,0.2443930030085799,True
Victim Sex,named_all,graphsage_fairloss_a100_mb,graphsage_fairloss_a100_sstate20_mb,fpr,gap,0.018244957539391926,0.010936513837829306,0.026948674738430677,True
Victim Sex,named_all,graphsage_fairloss_a100_mb,graphsage_fairloss_a100_sstate20_mb,fpr,amplification,0.22099924017939565,0.12993776774630322,0.3176698374452174,True
Victim Sex,named_n>=5000,graphsage_fairloss_a100_mb,graphsage_fairloss_a100_sstate20_mb,selection_rate,gap,0.017193552724018124,0.013541681233834734,0.02116440348962965,True
Victim Sex,named_n>=5000,graphsage_fairloss_a100_mb,graphsage_fairloss_a100_sstate20_mb,selection_rate,amplification,0.20826368489970326,0.1625354752217386,0.2595263958352968,True
Victim Sex,named_n>=5000,graphsage_fairloss_a100_mb,graphsage_fairloss_a100_sstate20_mb,tpr,gap,0.015486980590891708,0.011124685653261131,0.019979071992531443,True
Victim Sex,named_n>=5000,graphsage_fairloss_a100_mb,graphsage_fairloss_a100_sstate20_mb,tpr,amplification,0.18759215722319444,0.13412229958243901,0.2443930030085799,True
Victim Sex,named_n>=5000,graphsage_fairloss_a100_mb,graphsage_fairloss_a100_sstate20_mb,fpr,gap,0.018244957539391926,0.010936513837829306,0.026948674738430677,True
Victim Sex,named_n>=5000,graphsage_fairloss_a100_mb,graphsage_fairloss_a100_sstate20_mb,fpr,amplification,0.22099924017939565,0.12993776774630322,0.3176698374452174,True
Victim Sex,named_all,graphsage_fairloss_a100_mb,graphsage_fairloss_a50_sstate50_mb,selection_rate,gap,0.006400823121231025,0.002682653277596181,0.009744667629930029,True
Victim Sex,named_all,graphsage_fairloss_a100_mb,graphsage_fairloss_a50_sstate50_mb,selection_rate,amplification,0.07753249319767452,0.03209372158846473,0.11883059618469141,True
Victim Sex,named_all,graphsage_fairloss_a100_mb,graphsage_fairloss_a50_sstate50_mb,tpr,gap,0.0059153338054050986,0.0017072354930664862,0.009794935373029511,True
Victim Sex,named_all,graphsage_fairloss_a100_mb,graphsage_fairloss_a50_sstate50_mb,tpr,amplification,0.07165181248460117,0.02152433269836793,0.11992092015032242,True
Victim Sex,named_all,graphsage_fairloss_a100_mb,graphsage_fairloss_a50_sstate50_mb,fpr,gap,0.006983898639658481,-0.00013075765227652382,0.014052390932570193,False
Victim Sex,named_all,graphsage_fairloss_a100_mb,graphsage_fairloss_a50_sstate50_mb,fpr,amplification,0.0845952252572838,-0.0015850331407415647,0.16914011686950436,False
Victim Sex,named_n>=5000,graphsage_fairloss_a100_mb,graphsage_fairloss_a50_sstate50_mb,selection_rate,gap,0.006400823121231025,0.002682653277596181,0.009744667629930029,True
Victim Sex,named_n>=5000,graphsage_fairloss_a100_mb,graphsage_fairloss_a50_sstate50_mb,selection_rate,amplification,0.07753249319767452,0.03209372158846473,0.11883059618469141,True
Victim Sex,named_n>=5000,graphsage_fairloss_a100_mb,graphsage_fairloss_a50_sstate50_mb,tpr,gap,0.0059153338054050986,0.0017072354930664862,0.009794935373029511,True
Victim Sex,named_n>=5000,graphsage_fairloss_a100_mb,graphsage_fairloss_a50_sstate50_mb,tpr,amplification,0.07165181248460117,0.02152433269836793,0.11992092015032242,True
Victim Sex,named_n>=5000,graphsage_fairloss_a100_mb,graphsage_fairloss_a50_sstate50_mb,fpr,gap,0.006983898639658481,-0.00013075765227652382,0.014052390932570193,False
Victim Sex,named_n>=5000,graphsage_fairloss_a100_mb,graphsage_fairloss_a50_sstate50_mb,fpr,amplification,0.0845952252572838,-0.0015850331407415647,0.16914011686950436,False
Victim Sex,named_all,graphsage_fairloss_a100_mb,graphsage_fairloss_a100_sstate50_mb,selection_rate,gap,0.007469626090109371,0.0038489698662963283,0.011203620480622383,True
Victim Sex,named_all,graphsage_fairloss_a100_mb,graphsage_fairloss_a100_sstate50_mb,selection_rate,amplification,0.0904787904698724,0.04561316925025948,0.13561180929794267,True
Victim Sex,named_all,graphsage_fairloss_a100_mb,graphsage_fairloss_a100_sstate50_mb,tpr,gap,0.007298279457884416,0.00290884864154963,0.011701567763796031,True
Victim Sex,named_all,graphsage_fairloss_a100_mb,graphsage_fairloss_a100_sstate50_mb,tpr,amplification,0.08840328684388399,0.035548322524162165,0.14076149192655277,True
Victim Sex,named_all,graphsage_fairloss_a100_mb,graphsage_fairloss_a100_sstate50_mb,fpr,gap,0.005514550767824478,-0.00198308073554261,0.013127992866301263,False
Victim Sex,named_all,graphsage_fairloss_a100_mb,graphsage_fairloss_a100_sstate50_mb,fpr,amplification,0.06679716995715901,-0.02452388714092409,0.1587870985577506,False
Victim Sex,named_n>=5000,graphsage_fairloss_a100_mb,graphsage_fairloss_a100_sstate50_mb,selection_rate,gap,0.007469626090109371,0.0038489698662963283,0.011203620480622383,True
Victim Sex,named_n>=5000,graphsage_fairloss_a100_mb,graphsage_fairloss_a100_sstate50_mb,selection_rate,amplification,0.0904787904698724,0.04561316925025948,0.13561180929794267,True
Victim Sex,named_n>=5000,graphsage_fairloss_a100_mb,graphsage_fairloss_a100_sstate50_mb,tpr,gap,0.007298279457884416,0.00290884864154963,0.011701567763796031,True
Victim Sex,named_n>=5000,graphsage_fairloss_a100_mb,graphsage_fairloss_a100_sstate50_mb,tpr,amplification,0.08840328684388399,0.035548322524162165,0.14076149192655277,True
Victim Sex,named_n>=5000,graphsage_fairloss_a100_mb,graphsage_fairloss_a100_sstate50_mb,fpr,gap,0.005514550767824478,-0.00198308073554261,0.013127992866301263,False
Victim Sex,named_n>=5000,graphsage_fairloss_a100_mb,graphsage_fairloss_a100_sstate50_mb,fpr,amplification,0.06679716995715901,-0.02452388714092409,0.1587870985577506,False
Victim Sex,named_all,graphsage_fairloss_a5_sstate20_mb,graphsage_fairloss_a10_sstate20_mb,selection_rate,gap,0.010419825039412967,0.008478593614476124,0.01231043050432305,True
Victim Sex,named_all,graphsage_fairloss_a5_sstate20_mb,graphsage_fairloss_a10_sstate20_mb,selection_rate,amplification,0.12621423818283417,0.1012532099152454,0.15216539086580774,True
Victim Sex,named_all,graphsage_fairloss_a5_sstate20_mb,graphsage_fairloss_a10_sstate20_mb,tpr,gap,0.010053723705841233,0.00797611359253302,0.01239744904415914,True
Victim Sex,named_all,graphsage_fairloss_a5_sstate20_mb,graphsage_fairloss_a10_sstate20_mb,tpr,amplification,0.12177969146638767,0.09500882175286876,0.15148368783133798,True
Victim Sex,named_all,graphsage_fairloss_a5_sstate20_mb,graphsage_fairloss_a10_sstate20_mb,fpr,gap,0.010079432703220814,0.0056915128110169,0.014564860782277544,True
Victim Sex,named_all,graphsage_fairloss_a5_sstate20_mb,graphsage_fairloss_a10_sstate20_mb,fpr,amplification,0.12209110183138261,0.06715606284901478,0.17660125202157137,True
Victim Sex,named_n>=5000,graphsage_fairloss_a5_sstate20_mb,graphsage_fairloss_a10_sstate20_mb,selection_rate,gap,0.010419825039412967,0.008478593614476124,0.01231043050432305,True
Victim Sex,named_n>=5000,graphsage_fairloss_a5_sstate20_mb,graphsage_fairloss_a10_sstate20_mb,selection_rate,amplification,0.12621423818283417,0.1012532099152454,0.15216539086580774,True
Victim Sex,named_n>=5000,graphsage_fairloss_a5_sstate20_mb,graphsage_fairloss_a10_sstate20_mb,tpr,gap,0.010053723705841233,0.00797611359253302,0.01239744904415914,True
Victim Sex,named_n>=5000,graphsage_fairloss_a5_sstate20_mb,graphsage_fairloss_a10_sstate20_mb,tpr,amplification,0.12177969146638767,0.09500882175286876,0.15148368783133798,True
Victim Sex,named_n>=5000,graphsage_fairloss_a5_sstate20_mb,graphsage_fairloss_a10_sstate20_mb,fpr,gap,0.010079432703220814,0.0056915128110169,0.014564860782277544,True
Victim Sex,named_n>=5000,graphsage_fairloss_a5_sstate20_mb,graphsage_fairloss_a10_sstate20_mb,fpr,amplification,0.12209110183138261,0.06715606284901478,0.17660125202157137,True
Victim Sex,named_all,graphsage_fairloss_a5_sstate20_mb,graphsage_fairloss_a25_sstate20_mb,selection_rate,gap,0.014305631284106002,0.011753501747026773,0.016802745475024573,True
Victim Sex,named_all,graphsage_fairloss_a5_sstate20_mb,graphsage_fairloss_a25_sstate20_mb,selection_rate,amplification,0.17328259806842983,0.14153425092926006,0.20482985252698516,True
Victim Sex,named_all,graphsage_fairloss_a5_sstate20_mb,graphsage_fairloss_a25_sstate20_mb,tpr,gap,0.013589068370815749,0.010697546197744847,0.01630876707016328,True
Victim Sex,named_all,graphsage_fairloss_a5_sstate20_mb,graphsage_fairloss_a25_sstate20_mb,tpr,amplification,0.16460294731912167,0.1294988964782607,0.1993125720644542,True
Victim Sex,named_all,graphsage_fairloss_a5_sstate20_mb,graphsage_fairloss_a25_sstate20_mb,fpr,gap,0.01404515250233096,0.008690702092821374,0.019226058418738062,True
Victim Sex,named_all,graphsage_fairloss_a5_sstate20_mb,graphsage_fairloss_a25_sstate20_mb,fpr,amplification,0.17012744614599573,0.1046337658449518,0.2344045149026825,True
Victim Sex,named_n>=5000,graphsage_fairloss_a5_sstate20_mb,graphsage_fairloss_a25_sstate20_mb,selection_rate,gap,0.014305631284106002,0.011753501747026773,0.016802745475024573,True
Victim Sex,named_n>=5000,graphsage_fairloss_a5_sstate20_mb,graphsage_fairloss_a25_sstate20_mb,selection_rate,amplification,0.17328259806842983,0.14153425092926006,0.20482985252698516,True
Victim Sex,named_n>=5000,graphsage_fairloss_a5_sstate20_mb,graphsage_fairloss_a25_sstate20_mb,tpr,gap,0.013589068370815749,0.010697546197744847,0.01630876707016328,True
Victim Sex,named_n>=5000,graphsage_fairloss_a5_sstate20_mb,graphsage_fairloss_a25_sstate20_mb,tpr,amplification,0.16460294731912167,0.1294988964782607,0.1993125720644542,True
Victim Sex,named_n>=5000,graphsage_fairloss_a5_sstate20_mb,graphsage_fairloss_a25_sstate20_mb,fpr,gap,0.01404515250233096,0.008690702092821374,0.019226058418738062,True
Victim Sex,named_n>=5000,graphsage_fairloss_a5_sstate20_mb,graphsage_fairloss_a25_sstate20_mb,fpr,amplification,0.17012744614599573,0.1046337658449518,0.2344045149026825,True
Victim Sex,named_all,graphsage_fairloss_a5_sstate20_mb,graphsage_fairloss_a50_sstate20_mb,selection_rate,gap,0.02133174106961322,0.018468636763044916,0.02410218031050212,True
Victim Sex,named_all,graphsage_fairloss_a5_sstate20_mb,graphsage_fairloss_a50_sstate20_mb,selection_rate,amplification,0.2583891224690267,0.2219549321581698,0.29826171936808704,True
Victim Sex,named_all,graphsage_fairloss_a5_sstate20_mb,graphsage_fairloss_a50_sstate20_mb,tpr,gap,0.02050079475998845,0.017040061010220677,0.023805796307927583,True
Victim Sex,named_all,graphsage_fairloss_a5_sstate20_mb,graphsage_fairloss_a50_sstate20_mb,tpr,amplification,0.24832395774280247,0.20399560420884044,0.2947145426238544,True
Victim Sex,named_all,graphsage_fairloss_a5_sstate20_mb,graphsage_fairloss_a50_sstate20_mb,fpr,gap,0.020317009756703086,0.013989209987894467,0.026409678347574697,True
Victim Sex,named_all,graphsage_fairloss_a5_sstate20_mb,graphsage_fairloss_a50_sstate20_mb,fpr,amplification,0.24609778944426064,0.1705099507998193,0.32268122616954736,True
Victim Sex,named_n>=5000,graphsage_fairloss_a5_sstate20_mb,graphsage_fairloss_a50_sstate20_mb,selection_rate,gap,0.02133174106961322,0.018468636763044916,0.02410218031050212,True
Victim Sex,named_n>=5000,graphsage_fairloss_a5_sstate20_mb,graphsage_fairloss_a50_sstate20_mb,selection_rate,amplification,0.2583891224690267,0.2219549321581698,0.29826171936808704,True
Victim Sex,named_n>=5000,graphsage_fairloss_a5_sstate20_mb,graphsage_fairloss_a50_sstate20_mb,tpr,gap,0.02050079475998845,0.017040061010220677,0.023805796307927583,True
Victim Sex,named_n>=5000,graphsage_fairloss_a5_sstate20_mb,graphsage_fairloss_a50_sstate20_mb,tpr,amplification,0.24832395774280247,0.20399560420884044,0.2947145426238544,True
Victim Sex,named_n>=5000,graphsage_fairloss_a5_sstate20_mb,graphsage_fairloss_a50_sstate20_mb,fpr,gap,0.020317009756703086,0.013989209987894467,0.026409678347574697,True
Victim Sex,named_n>=5000,graphsage_fairloss_a5_sstate20_mb,graphsage_fairloss_a50_sstate20_mb,fpr,amplification,0.24609778944426064,0.1705099507998193,0.32268122616954736,True
Victim Sex,named_all,graphsage_fairloss_a5_sstate20_mb,graphsage_fairloss_a100_sstate20_mb,selection_rate,gap,0.03123043014865956,0.027839336765595343,0.03443229850707554,True
Victim Sex,named_all,graphsage_fairloss_a5_sstate20_mb,graphsage_fairloss_a100_sstate20_mb,selection_rate,amplification,0.37829089590523024,0.3337543287463922,0.42290911063339365,True
Victim Sex,named_all,graphsage_fairloss_a5_sstate20_mb,graphsage_fairloss_a100_sstate20_mb,tpr,gap,0.027408919798267206,0.02374134619037765,0.031016967768043434,True
Victim Sex,named_all,graphsage_fairloss_a5_sstate20_mb,graphsage_fairloss_a100_sstate20_mb,tpr,amplification,0.33200134538416315,0.28232715746437237,0.38108896929095687,True
Victim Sex,named_all,graphsage_fairloss_a5_sstate20_mb,graphsage_fairloss_a100_sstate20_mb,fpr,gap,0.03663494815833512,0.029886395232338034,0.04312419686759921,True
Victim Sex,named_all,graphsage_fairloss_a5_sstate20_mb,graphsage_fairloss_a100_sstate20_mb,fpr,amplification,0.44375525070547517,0.357487567064929,0.5278495765211406,True
Victim Sex,named_n>=5000,graphsage_fairloss_a5_sstate20_mb,graphsage_fairloss_a100_sstate20_mb,selection_rate,gap,0.03123043014865956,0.027839336765595343,0.03443229850707554,True
Victim Sex,named_n>=5000,graphsage_fairloss_a5_sstate20_mb,graphsage_fairloss_a100_sstate20_mb,selection_rate,amplification,0.37829089590523024,0.3337543287463922,0.42290911063339365,True
Victim Sex,named_n>=5000,graphsage_fairloss_a5_sstate20_mb,graphsage_fairloss_a100_sstate20_mb,tpr,gap,0.027408919798267206,0.02374134619037765,0.031016967768043434,True
Victim Sex,named_n>=5000,graphsage_fairloss_a5_sstate20_mb,graphsage_fairloss_a100_sstate20_mb,tpr,amplification,0.33200134538416315,0.28232715746437237,0.38108896929095687,True
Victim Sex,named_n>=5000,graphsage_fairloss_a5_sstate20_mb,graphsage_fairloss_a100_sstate20_mb,fpr,gap,0.03663494815833512,0.029886395232338034,0.04312419686759921,True
Victim Sex,named_n>=5000,graphsage_fairloss_a5_sstate20_mb,graphsage_fairloss_a100_sstate20_mb,fpr,amplification,0.44375525070547517,0.357487567064929,0.5278495765211406,True
Victim Sex,named_all,graphsage_fairloss_a5_sstate20_mb,graphsage_fairloss_a50_sstate50_mb,selection_rate,gap,0.02043770054587246,0.017527161618605312,0.023177071963866026,True
Victim Sex,named_all,graphsage_fairloss_a5_sstate20_mb,graphsage_fairloss_a50_sstate50_mb,selection_rate,amplification,0.2475597042032015,0.21039114090905733,0.28324361043327206,True
Victim Sex,named_all,graphsage_fairloss_a5_sstate20_mb,graphsage_fairloss_a50_sstate50_mb,tpr,gap,0.017837273012780597,0.014371657194068691,0.021068016262295094,True
Victim Sex,named_all,graphsage_fairloss_a5_sstate20_mb,graphsage_fairloss_a50_sstate50_mb,tpr,amplification,0.21606100064556988,0.1756940174264337,0.2593962942838203,True
Victim Sex,named_all,graphsage_fairloss_a5_sstate20_mb,graphsage_fairloss_a50_sstate50_mb,fpr,gap,0.02537388925860168,0.01968884916090515,0.031118170727259063,True
Victim Sex,named_all,graphsage_fairloss_a5_sstate20_mb,graphsage_fairloss_a50_sstate50_mb,fpr,amplification,0.3073512357833633,0.23414086286447777,0.38057058072358174,True
Victim Sex,named_n>=5000,graphsage_fairloss_a5_sstate20_mb,graphsage_fairloss_a50_sstate50_mb,selection_rate,gap,0.02043770054587246,0.017527161618605312,0.023177071963866026,True
Victim Sex,named_n>=5000,graphsage_fairloss_a5_sstate20_mb,graphsage_fairloss_a50_sstate50_mb,selection_rate,amplification,0.2475597042032015,0.21039114090905733,0.28324361043327206,True
Victim Sex,named_n>=5000,graphsage_fairloss_a5_sstate20_mb,graphsage_fairloss_a50_sstate50_mb,tpr,gap,0.017837273012780597,0.014371657194068691,0.021068016262295094,True
Victim Sex,named_n>=5000,graphsage_fairloss_a5_sstate20_mb,graphsage_fairloss_a50_sstate50_mb,tpr,amplification,0.21606100064556988,0.1756940174264337,0.2593962942838203,True
Victim Sex,named_n>=5000,graphsage_fairloss_a5_sstate20_mb,graphsage_fairloss_a50_sstate50_mb,fpr,gap,0.02537388925860168,0.01968884916090515,0.031118170727259063,True
Victim Sex,named_n>=5000,graphsage_fairloss_a5_sstate20_mb,graphsage_fairloss_a50_sstate50_mb,fpr,amplification,0.3073512357833633,0.23414086286447777,0.38057058072358174,True
Victim Sex,named_all,graphsage_fairloss_a5_sstate20_mb,graphsage_fairloss_a100_sstate50_mb,selection_rate,gap,0.021506503514750808,0.01847953340714741,0.024468839348843276,True
Victim Sex,named_all,graphsage_fairloss_a5_sstate20_mb,graphsage_fairloss_a100_sstate50_mb,selection_rate,amplification,0.2605060014753994,0.22282256717795648,0.300236988195656,True
Victim Sex,named_all,graphsage_fairloss_a5_sstate20_mb,graphsage_fairloss_a100_sstate50_mb,tpr,gap,0.019220218665259914,0.015730357358898293,0.022886064926173046,True
Victim Sex,named_all,graphsage_fairloss_a5_sstate20_mb,graphsage_fairloss_a100_sstate50_mb,tpr,amplification,0.2328124750048527,0.18958668747582053,0.2784341428019042,True
Victim Sex,named_all,graphsage_fairloss_a5_sstate20_mb,graphsage_fairloss_a100_sstate50_mb,fpr,gap,0.023904541386767675,0.017720648384744624,0.03000805586380957,True
Victim Sex,named_all,graphsage_fairloss_a5_sstate20_mb,graphsage_fairloss_a100_sstate50_mb,fpr,amplification,0.2895531804832385,0.21361280553663814,0.3671559770346387,True
Victim Sex,named_n>=5000,graphsage_fairloss_a5_sstate20_mb,graphsage_fairloss_a100_sstate50_mb,selection_rate,gap,0.021506503514750808,0.01847953340714741,0.024468839348843276,True
Victim Sex,named_n>=5000,graphsage_fairloss_a5_sstate20_mb,graphsage_fairloss_a100_sstate50_mb,selection_rate,amplification,0.2605060014753994,0.22282256717795648,0.300236988195656,True
Victim Sex,named_n>=5000,graphsage_fairloss_a5_sstate20_mb,graphsage_fairloss_a100_sstate50_mb,tpr,gap,0.019220218665259914,0.015730357358898293,0.022886064926173046,True
Victim Sex,named_n>=5000,graphsage_fairloss_a5_sstate20_mb,graphsage_fairloss_a100_sstate50_mb,tpr,amplification,0.2328124750048527,0.18958668747582053,0.2784341428019042,True
Victim Sex,named_n>=5000,graphsage_fairloss_a5_sstate20_mb,graphsage_fairloss_a100_sstate50_mb,fpr,gap,0.023904541386767675,0.017720648384744624,0.03000805586380957,True
Victim Sex,named_n>=5000,graphsage_fairloss_a5_sstate20_mb,graphsage_fairloss_a100_sstate50_mb,fpr,amplification,0.2895531804832385,0.21361280553663814,0.3671559770346387,True
Victim Sex,named_all,graphsage_fairloss_a10_sstate20_mb,graphsage_fairloss_a25_sstate20_mb,selection_rate,gap,0.0038858062446930353,0.0019808054996686307,0.005858431202010505,True
Victim Sex,named_all,graphsage_fairloss_a10_sstate20_mb,graphsage_fairloss_a25_sstate20_mb,selection_rate,amplification,0.047068359885595656,0.02401228477410522,0.07094946807540624,True
Victim Sex,named_all,graphsage_fairloss_a10_sstate20_mb,graphsage_fairloss_a25_sstate20_mb,tpr,gap,0.0035353446649745157,0.0013487641602475148,0.005845870327229005,True
Victim Sex,named_all,graphsage_fairloss_a10_sstate20_mb,graphsage_fairloss_a25_sstate20_mb,tpr,amplification,0.042823255852734,0.016409873207594766,0.07029464096224754,True
Victim Sex,named_all,graphsage_fairloss_a10_sstate20_mb,graphsage_fairloss_a25_sstate20_mb,fpr,gap,0.003965719799110146,-0.000277201091605296,0.007895635474642702,False
Victim Sex,named_all,graphsage_fairloss_a10_sstate20_mb,graphsage_fairloss_a25_sstate20_mb,fpr,amplification,0.04803634431461312,-0.0034601558590136687,0.09587659593149836,False
Victim Sex,named_n>=5000,graphsage_fairloss_a10_sstate20_mb,graphsage_fairloss_a25_sstate20_mb,selection_rate,gap,0.0038858062446930353,0.0019808054996686307,0.005858431202010505,True
Victim Sex,named_n>=5000,graphsage_fairloss_a10_sstate20_mb,graphsage_fairloss_a25_sstate20_mb,selection_rate,amplification,0.047068359885595656,0.02401228477410522,0.07094946807540624,True
Victim Sex,named_n>=5000,graphsage_fairloss_a10_sstate20_mb,graphsage_fairloss_a25_sstate20_mb,tpr,gap,0.0035353446649745157,0.0013487641602475148,0.005845870327229005,True
Victim Sex,named_n>=5000,graphsage_fairloss_a10_sstate20_mb,graphsage_fairloss_a25_sstate20_mb,tpr,amplification,0.042823255852734,0.016409873207594766,0.07029464096224754,True
Victim Sex,named_n>=5000,graphsage_fairloss_a10_sstate20_mb,graphsage_fairloss_a25_sstate20_mb,fpr,gap,0.003965719799110146,-0.000277201091605296,0.007895635474642702,False
Victim Sex,named_n>=5000,graphsage_fairloss_a10_sstate20_mb,graphsage_fairloss_a25_sstate20_mb,fpr,amplification,0.04803634431461312,-0.0034601558590136687,0.09587659593149836,False
Victim Sex,named_all,graphsage_fairloss_a10_sstate20_mb,graphsage_fairloss_a50_sstate20_mb,selection_rate,gap,0.010911916030200253,0.008369535787336815,0.013349397811146677,True
Victim Sex,named_all,graphsage_fairloss_a10_sstate20_mb,graphsage_fairloss_a50_sstate20_mb,selection_rate,amplification,0.1321748842861925,0.10035097105024739,0.16211332974514492,True
Victim Sex,named_all,graphsage_fairloss_a10_sstate20_mb,graphsage_fairloss_a50_sstate20_mb,tpr,gap,0.010447071054147217,0.0075568198716410686,0.013215117908396556,True
Victim Sex,named_all,graphsage_fairloss_a10_sstate20_mb,graphsage_fairloss_a50_sstate20_mb,tpr,amplification,0.1265442662764148,0.09005462497681764,0.16223741058697339,True
Victim Sex,named_all,graphsage_fairloss_a10_sstate20_mb,graphsage_fairloss_a50_sstate20_mb,fpr,gap,0.010237577053482272,0.005262786918809081,0.015368341713913701,True
Victim Sex,named_all,graphsage_fairloss_a10_sstate20_mb,graphsage_fairloss_a50_sstate20_mb,fpr,amplification,0.12400668761287803,0.06341977535430483,0.18705081578942825,True
Victim Sex,named_n>=5000,graphsage_fairloss_a10_sstate20_mb,graphsage_fairloss_a50_sstate20_mb,selection_rate,gap,0.010911916030200253,0.008369535787336815,0.013349397811146677,True
Victim Sex,named_n>=5000,graphsage_fairloss_a10_sstate20_mb,graphsage_fairloss_a50_sstate20_mb,selection_rate,amplification,0.1321748842861925,0.10035097105024739,0.16211332974514492,True
Victim Sex,named_n>=5000,graphsage_fairloss_a10_sstate20_mb,graphsage_fairloss_a50_sstate20_mb,tpr,gap,0.010447071054147217,0.0075568198716410686,0.013215117908396556,True
Victim Sex,named_n>=5000,graphsage_fairloss_a10_sstate20_mb,graphsage_fairloss_a50_sstate20_mb,tpr,amplification,0.1265442662764148,0.09005462497681764,0.16223741058697339,True
Victim Sex,named_n>=5000,graphsage_fairloss_a10_sstate20_mb,graphsage_fairloss_a50_sstate20_mb,fpr,gap,0.010237577053482272,0.005262786918809081,0.015368341713913701,True
Victim Sex,named_n>=5000,graphsage_fairloss_a10_sstate20_mb,graphsage_fairloss_a50_sstate20_mb,fpr,amplification,0.12400668761287803,0.06341977535430483,0.18705081578942825,True
Victim Sex,named_all,graphsage_fairloss_a10_sstate20_mb,graphsage_fairloss_a100_sstate20_mb,selection_rate,gap,0.020810605109246594,0.018179972462436474,0.02364421389098227,True
Victim Sex,named_all,graphsage_fairloss_a10_sstate20_mb,graphsage_fairloss_a100_sstate20_mb,selection_rate,amplification,0.25207665772239607,0.2182885524151497,0.2896945782894378,True
Victim Sex,named_all,graphsage_fairloss_a10_sstate20_mb,graphsage_fairloss_a100_sstate20_mb,tpr,gap,0.017355196092425973,0.014078099102186117,0.020421132461339597,True
Victim Sex,named_all,graphsage_fairloss_a10_sstate20_mb,graphsage_fairloss_a100_sstate20_mb,tpr,amplification,0.21022165391777548,0.17000309464083047,0.2500293897695468,True
Victim Sex,named_all,graphsage_fairloss_a10_sstate20_mb,graphsage_fairloss_a100_sstate20_mb,fpr,gap,0.02655551545511431,0.020799780112531054,0.03253898894217322,True
Victim Sex,named_all,graphsage_fairloss_a10_sstate20_mb,graphsage_fairloss_a100_sstate20_mb,fpr,amplification,0.32166414887409256,0.25265875066168625,0.3971993462617512,True
Victim Sex,named_n>=5000,graphsage_fairloss_a10_sstate20_mb,graphsage_fairloss_a100_sstate20_mb,selection_rate,gap,0.020810605109246594,0.018179972462436474,0.02364421389098227,True
Victim Sex,named_n>=5000,graphsage_fairloss_a10_sstate20_mb,graphsage_fairloss_a100_sstate20_mb,selection_rate,amplification,0.25207665772239607,0.2182885524151497,0.2896945782894378,True
Victim Sex,named_n>=5000,graphsage_fairloss_a10_sstate20_mb,graphsage_fairloss_a100_sstate20_mb,tpr,gap,0.017355196092425973,0.014078099102186117,0.020421132461339597,True
Victim Sex,named_n>=5000,graphsage_fairloss_a10_sstate20_mb,graphsage_fairloss_a100_sstate20_mb,tpr,amplification,0.21022165391777548,0.17000309464083047,0.2500293897695468,True
Victim Sex,named_n>=5000,graphsage_fairloss_a10_sstate20_mb,graphsage_fairloss_a100_sstate20_mb,fpr,gap,0.02655551545511431,0.020799780112531054,0.03253898894217322,True
Victim Sex,named_n>=5000,graphsage_fairloss_a10_sstate20_mb,graphsage_fairloss_a100_sstate20_mb,fpr,amplification,0.32166414887409256,0.25265875066168625,0.3971993462617512,True
Victim Sex,named_all,graphsage_fairloss_a10_sstate20_mb,graphsage_fairloss_a50_sstate50_mb,selection_rate,gap,0.010017875506459495,0.0075069750606758774,0.012513574584059545,True
Victim Sex,named_all,graphsage_fairloss_a10_sstate20_mb,graphsage_fairloss_a50_sstate50_mb,selection_rate,amplification,0.12134546602036733,0.09063059863733154,0.15401268532925907,True
Victim Sex,named_all,graphsage_fairloss_a10_sstate20_mb,graphsage_fairloss_a50_sstate50_mb,tpr,gap,0.0077835493069393635,0.004916169548115509,0.010603630699879976,True
Victim Sex,named_all,graphsage_fairloss_a10_sstate20_mb,graphsage_fairloss_a50_sstate50_mb,tpr,amplification,0.0942813091791822,0.05965557047928343,0.13020087276617492,True
Victim Sex,named_all,graphsage_fairloss_a10_sstate20_mb,graphsage_fairloss_a50_sstate50_mb,fpr,gap,0.015294456555380864,0.0100966440646624,0.020656379306047124,True
Victim Sex,named_all,graphsage_fairloss_a10_sstate20_mb,graphsage_fairloss_a50_sstate50_mb,fpr,amplification,0.1852601339519807,0.12091701667914682,0.2533486836349993,True
Victim Sex,named_n>=5000,graphsage_fairloss_a10_sstate20_mb,graphsage_fairloss_a50_sstate50_mb,selection_rate,gap,0.010017875506459495,0.0075069750606758774,0.012513574584059545,True
Victim Sex,named_n>=5000,graphsage_fairloss_a10_sstate20_mb,graphsage_fairloss_a50_sstate50_mb,selection_rate,amplification,0.12134546602036733,0.09063059863733154,0.15401268532925907,True
Victim Sex,named_n>=5000,graphsage_fairloss_a10_sstate20_mb,graphsage_fairloss_a50_sstate50_mb,tpr,gap,0.0077835493069393635,0.004916169548115509,0.010603630699879976,True
Victim Sex,named_n>=5000,graphsage_fairloss_a10_sstate20_mb,graphsage_fairloss_a50_sstate50_mb,tpr,amplification,0.0942813091791822,0.05965557047928343,0.13020087276617492,True
Victim Sex,named_n>=5000,graphsage_fairloss_a10_sstate20_mb,graphsage_fairloss_a50_sstate50_mb,fpr,gap,0.015294456555380864,0.0100966440646624,0.020656379306047124,True
Victim Sex,named_n>=5000,graphsage_fairloss_a10_sstate20_mb,graphsage_fairloss_a50_sstate50_mb,fpr,amplification,0.1852601339519807,0.12091701667914682,0.2533486836349993,True
Victim Sex,named_all,graphsage_fairloss_a10_sstate20_mb,graphsage_fairloss_a100_sstate50_mb,selection_rate,gap,0.011086678475337841,0.008367584273339983,0.013864971056162608,True
Victim Sex,named_all,graphsage_fairloss_a10_sstate20_mb,graphsage_fairloss_a100_sstate50_mb,selection_rate,amplification,0.1342917632925652,0.10052232845582737,0.17037581198071122,True
Victim Sex,named_all,graphsage_fairloss_a10_sstate20_mb,graphsage_fairloss_a100_sstate50_mb,tpr,gap,0.00916649495941868,0.005865026018503616,0.012526940209192082,True
Victim Sex,named_all,graphsage_fairloss_a10_sstate20_mb,graphsage_fairloss_a100_sstate50_mb,tpr,amplification,0.11103278353846502,0.06990359826717767,0.1522737203915044,True
Victim Sex,named_all,graphsage_fairloss_a10_sstate20_mb,graphsage_fairloss_a100_sstate50_mb,fpr,gap,0.01382510868354686,0.00818135632860872,0.019595636924310093,True
Victim Sex,named_all,graphsage_fairloss_a10_sstate20_mb,graphsage_fairloss_a100_sstate50_mb,fpr,amplification,0.16746207865185592,0.09904487570730587,0.24106987330615734,True
Victim Sex,named_n>=5000,graphsage_fairloss_a10_sstate20_mb,graphsage_fairloss_a100_sstate50_mb,selection_rate,gap,0.011086678475337841,0.008367584273339983,0.013864971056162608,True
Victim Sex,named_n>=5000,graphsage_fairloss_a10_sstate20_mb,graphsage_fairloss_a100_sstate50_mb,selection_rate,amplification,0.1342917632925652,0.10052232845582737,0.17037581198071122,True
Victim Sex,named_n>=5000,graphsage_fairloss_a10_sstate20_mb,graphsage_fairloss_a100_sstate50_mb,tpr,gap,0.00916649495941868,0.005865026018503616,0.012526940209192082,True
Victim Sex,named_n>=5000,graphsage_fairloss_a10_sstate20_mb,graphsage_fairloss_a100_sstate50_mb,tpr,amplification,0.11103278353846502,0.06990359826717767,0.1522737203915044,True
Victim Sex,named_n>=5000,graphsage_fairloss_a10_sstate20_mb,graphsage_fairloss_a100_sstate50_mb,fpr,gap,0.01382510868354686,0.00818135632860872,0.019595636924310093,True
Victim Sex,named_n>=5000,graphsage_fairloss_a10_sstate20_mb,graphsage_fairloss_a100_sstate50_mb,fpr,amplification,0.16746207865185592,0.09904487570730587,0.24106987330615734,True
Victim Sex,named_all,graphsage_fairloss_a25_sstate20_mb,graphsage_fairloss_a50_sstate20_mb,selection_rate,gap,0.007026109785507217,0.004967082442521961,0.009101504157484865,True
Victim Sex,named_all,graphsage_fairloss_a25_sstate20_mb,graphsage_fairloss_a50_sstate20_mb,selection_rate,amplification,0.08510652440059685,0.05984379682985432,0.11062204983255637,True
Victim Sex,named_all,graphsage_fairloss_a25_sstate20_mb,graphsage_fairloss_a50_sstate20_mb,tpr,gap,0.006911726389172701,0.004582767987425818,0.009276324357011003,True
Victim Sex,named_all,graphsage_fairloss_a25_sstate20_mb,graphsage_fairloss_a50_sstate20_mb,tpr,amplification,0.0837210104236808,0.05505892837107729,0.11364298404803726,True
Victim Sex,named_all,graphsage_fairloss_a25_sstate20_mb,graphsage_fairloss_a50_sstate20_mb,fpr,gap,0.006271857254372126,0.0022872239097784727,0.010457762726421651,True
Victim Sex,named_all,graphsage_fairloss_a25_sstate20_mb,graphsage_fairloss_a50_sstate20_mb,fpr,amplification,0.07597034329826491,0.02745247755797617,0.1281068192269696,True
Victim Sex,named_n>=5000,graphsage_fairloss_a25_sstate20_mb,graphsage_fairloss_a50_sstate20_mb,selection_rate,gap,0.007026109785507217,0.004967082442521961,0.009101504157484865,True
Victim Sex,named_n>=5000,graphsage_fairloss_a25_sstate20_mb,graphsage_fairloss_a50_sstate20_mb,selection_rate,amplification,0.08510652440059685,0.05984379682985432,0.11062204983255637,True
Victim Sex,named_n>=5000,graphsage_fairloss_a25_sstate20_mb,graphsage_fairloss_a50_sstate20_mb,tpr,gap,0.006911726389172701,0.004582767987425818,0.009276324357011003,True
Victim Sex,named_n>=5000,graphsage_fairloss_a25_sstate20_mb,graphsage_fairloss_a50_sstate20_mb,tpr,amplification,0.0837210104236808,0.05505892837107729,0.11364298404803726,True
Victim Sex,named_n>=5000,graphsage_fairloss_a25_sstate20_mb,graphsage_fairloss_a50_sstate20_mb,fpr,gap,0.006271857254372126,0.0022872239097784727,0.010457762726421651,True
Victim Sex,named_n>=5000,graphsage_fairloss_a25_sstate20_mb,graphsage_fairloss_a50_sstate20_mb,fpr,amplification,0.07597034329826491,0.02745247755797617,0.1281068192269696,True
Victim Sex,named_all,graphsage_fairloss_a25_sstate20_mb,graphsage_fairloss_a100_sstate20_mb,selection_rate,gap,0.01692479886455356,0.014450223215957254,0.019457116435081287,True
Victim Sex,named_all,graphsage_fairloss_a25_sstate20_mb,graphsage_fairloss_a100_sstate20_mb,selection_rate,amplification,0.2050082978368004,0.17368860968285393,0.23813346454138873,True
Victim Sex,named_all,graphsage_fairloss_a25_sstate20_mb,graphsage_fairloss_a100_sstate20_mb,tpr,gap,0.013819851427451457,0.010865624864267964,0.016825471966198335,True
Victim Sex,named_all,graphsage_fairloss_a25_sstate20_mb,graphsage_fairloss_a100_sstate20_mb,tpr,amplification,0.16739839806504148,0.13087375717070454,0.20623438796408053,True
Victim Sex,named_all,graphsage_fairloss_a25_sstate20_mb,graphsage_fairloss_a100_sstate20_mb,fpr,gap,0.022589795656004164,0.017372054887179456,0.027811812272487618,True
Victim Sex,named_all,graphsage_fairloss_a25_sstate20_mb,graphsage_fairloss_a100_sstate20_mb,fpr,amplification,0.27362780455947944,0.20974313392645888,0.3392414357577797,True
Victim Sex,named_n>=5000,graphsage_fairloss_a25_sstate20_mb,graphsage_fairloss_a100_sstate20_mb,selection_rate,gap,0.01692479886455356,0.014450223215957254,0.019457116435081287,True
Victim Sex,named_n>=5000,graphsage_fairloss_a25_sstate20_mb,graphsage_fairloss_a100_sstate20_mb,selection_rate,amplification,0.2050082978368004,0.17368860968285393,0.23813346454138873,True
Victim Sex,named_n>=5000,graphsage_fairloss_a25_sstate20_mb,graphsage_fairloss_a100_sstate20_mb,tpr,gap,0.013819851427451457,0.010865624864267964,0.016825471966198335,True
Victim Sex,named_n>=5000,graphsage_fairloss_a25_sstate20_mb,graphsage_fairloss_a100_sstate20_mb,tpr,amplification,0.16739839806504148,0.13087375717070454,0.20623438796408053,True
Victim Sex,named_n>=5000,graphsage_fairloss_a25_sstate20_mb,graphsage_fairloss_a100_sstate20_mb,fpr,gap,0.022589795656004164,0.017372054887179456,0.027811812272487618,True
Victim Sex,named_n>=5000,graphsage_fairloss_a25_sstate20_mb,graphsage_fairloss_a100_sstate20_mb,fpr,amplification,0.27362780455947944,0.20974313392645888,0.3392414357577797,True
Victim Sex,named_all,graphsage_fairloss_a25_sstate20_mb,graphsage_fairloss_a50_sstate50_mb,selection_rate,gap,0.00613206926176646,0.003833845844417294,0.008463744405322207,True
Victim Sex,named_all,graphsage_fairloss_a25_sstate20_mb,graphsage_fairloss_a50_sstate50_mb,selection_rate,amplification,0.07427710613477168,0.0459349516610954,0.10324852418976974,True
Victim Sex,named_all,graphsage_fairloss_a25_sstate20_mb,graphsage_fairloss_a50_sstate50_mb,tpr,gap,0.004248204641964848,0.001510462409506319,0.007154865815799291,True
Victim Sex,named_all,graphsage_fairloss_a25_sstate20_mb,graphsage_fairloss_a50_sstate50_mb,tpr,amplification,0.051458053326448205,0.018090003386426717,0.08544571963945713,True
Victim Sex,named_all,graphsage_fairloss_a25_sstate20_mb,graphsage_fairloss_a50_sstate50_mb,fpr,gap,0.011328736756270719,0.006238237419524975,0.01600100176689603,True
Victim Sex,named_all,graphsage_fairloss_a25_sstate20_mb,graphsage_fairloss_a50_sstate50_mb,fpr,amplification,0.1372237896373676,0.0760516847577981,0.19658501985106794,True
Victim Sex,named_n>=5000,graphsage_fairloss_a25_sstate20_mb,graphsage_fairloss_a50_sstate50_mb,selection_rate,gap,0.00613206926176646,0.003833845844417294,0.008463744405322207,True
Victim Sex,named_n>=5000,graphsage_fairloss_a25_sstate20_mb,graphsage_fairloss_a50_sstate50_mb,selection_rate,amplification,0.07427710613477168,0.0459349516610954,0.10324852418976974,True
Victim Sex,named_n>=5000,graphsage_fairloss_a25_sstate20_mb,graphsage_fairloss_a50_sstate50_mb,tpr,gap,0.004248204641964848,0.001510462409506319,0.007154865815799291,True
Victim Sex,named_n>=5000,graphsage_fairloss_a25_sstate20_mb,graphsage_fairloss_a50_sstate50_mb,tpr,amplification,0.051458053326448205,0.018090003386426717,0.08544571963945713,True
Victim Sex,named_n>=5000,graphsage_fairloss_a25_sstate20_mb,graphsage_fairloss_a50_sstate50_mb,fpr,gap,0.011328736756270719,0.006238237419524975,0.01600100176689603,True
Victim Sex,named_n>=5000,graphsage_fairloss_a25_sstate20_mb,graphsage_fairloss_a50_sstate50_mb,fpr,amplification,0.1372237896373676,0.0760516847577981,0.19658501985106794,True
Victim Sex,named_all,graphsage_fairloss_a25_sstate20_mb,graphsage_fairloss_a100_sstate50_mb,selection_rate,gap,0.007200872230644806,0.004492249712818294,0.009896870882508301,True
Victim Sex,named_all,graphsage_fairloss_a25_sstate20_mb,graphsage_fairloss_a100_sstate50_mb,selection_rate,amplification,0.08722340340696955,0.054709331988645395,0.12125003516717908,True
Victim Sex,named_all,graphsage_fairloss_a25_sstate20_mb,graphsage_fairloss_a100_sstate50_mb,tpr,gap,0.005631150294444165,0.0027890263008768625,0.008730593210170409,True
Victim Sex,named_all,graphsage_fairloss_a25_sstate20_mb,graphsage_fairloss_a100_sstate50_mb,tpr,amplification,0.06820952768573102,0.03275475876495393,0.10520491576497701,True
Victim Sex,named_all,graphsage_fairloss_a25_sstate20_mb,graphsage_fairloss_a100_sstate50_mb,fpr,gap,0.009859388884436715,0.004403362924153805,0.01486160150786881,True
Victim Sex,named_all,graphsage_fairloss_a25_sstate20_mb,graphsage_fairloss_a100_sstate50_mb,fpr,amplification,0.1194257343372428,0.053889051796552685,0.18136222659014795,True
Victim Sex,named_n>=5000,graphsage_fairloss_a25_sstate20_mb,graphsage_fairloss_a100_sstate50_mb,selection_rate,gap,0.007200872230644806,0.004492249712818294,0.009896870882508301,True
Victim Sex,named_n>=5000,graphsage_fairloss_a25_sstate20_mb,graphsage_fairloss_a100_sstate50_mb,selection_rate,amplification,0.08722340340696955,0.054709331988645395,0.12125003516717908,True
Victim Sex,named_n>=5000,graphsage_fairloss_a25_sstate20_mb,graphsage_fairloss_a100_sstate50_mb,tpr,gap,0.005631150294444165,0.0027890263008768625,0.008730593210170409,True
Victim Sex,named_n>=5000,graphsage_fairloss_a25_sstate20_mb,graphsage_fairloss_a100_sstate50_mb,tpr,amplification,0.06820952768573102,0.03275475876495393,0.10520491576497701,True
Victim Sex,named_n>=5000,graphsage_fairloss_a25_sstate20_mb,graphsage_fairloss_a100_sstate50_mb,fpr,gap,0.009859388884436715,0.004403362924153805,0.01486160150786881,True
Victim Sex,named_n>=5000,graphsage_fairloss_a25_sstate20_mb,graphsage_fairloss_a100_sstate50_mb,fpr,amplification,0.1194257343372428,0.053889051796552685,0.18136222659014795,True
Victim Sex,named_all,graphsage_fairloss_a50_sstate20_mb,graphsage_fairloss_a100_sstate20_mb,selection_rate,gap,0.009898689079046341,0.007672061357322893,0.012182907827070698,True
Victim Sex,named_all,graphsage_fairloss_a50_sstate20_mb,graphsage_fairloss_a100_sstate20_mb,selection_rate,amplification,0.11990177343620356,0.0929531737002564,0.14972819092417244,True
Victim Sex,named_all,graphsage_fairloss_a50_sstate20_mb,graphsage_fairloss_a100_sstate20_mb,tpr,gap,0.006908125038278756,0.004444023960111973,0.009397261872544646,True
Victim Sex,named_all,graphsage_fairloss_a50_sstate20_mb,graphsage_fairloss_a100_sstate20_mb,tpr,amplification,0.08367738764136068,0.053185846670991,0.11533790149989204,True
Victim Sex,named_all,graphsage_fairloss_a50_sstate20_mb,graphsage_fairloss_a100_sstate20_mb,fpr,gap,0.016317938401632037,0.011316737125546376,0.021062293895110284,True
Victim Sex,named_all,graphsage_fairloss_a50_sstate20_mb,graphsage_fairloss_a100_sstate20_mb,fpr,amplification,0.19765746126121453,0.13576558462071614,0.2566073154768074,True
Victim Sex,named_n>=5000,graphsage_fairloss_a50_sstate20_mb,graphsage_fairloss_a100_sstate20_mb,selection_rate,gap,0.009898689079046341,0.007672061357322893,0.012182907827070698,True
Victim Sex,named_n>=5000,graphsage_fairloss_a50_sstate20_mb,graphsage_fairloss_a100_sstate20_mb,selection_rate,amplification,0.11990177343620356,0.0929531737002564,0.14972819092417244,True
Victim Sex,named_n>=5000,graphsage_fairloss_a50_sstate20_mb,graphsage_fairloss_a100_sstate20_mb,tpr,gap,0.006908125038278756,0.004444023960111973,0.009397261872544646,True
Victim Sex,named_n>=5000,graphsage_fairloss_a50_sstate20_mb,graphsage_fairloss_a100_sstate20_mb,tpr,amplification,0.08367738764136068,0.053185846670991,0.11533790149989204,True
Victim Sex,named_n>=5000,graphsage_fairloss_a50_sstate20_mb,graphsage_fairloss_a100_sstate20_mb,fpr,gap,0.016317938401632037,0.011316737125546376,0.021062293895110284,True
Victim Sex,named_n>=5000,graphsage_fairloss_a50_sstate20_mb,graphsage_fairloss_a100_sstate20_mb,fpr,amplification,0.19765746126121453,0.13576558462071614,0.2566073154768074,True
Victim Sex,named_all,graphsage_fairloss_a50_sstate20_mb,graphsage_fairloss_a50_sstate50_mb,selection_rate,gap,-0.0008940405237407578,-0.0030376019114385006,0.0013598491391217519,False
Victim Sex,named_all,graphsage_fairloss_a50_sstate20_mb,graphsage_fairloss_a50_sstate50_mb,selection_rate,amplification,-0.010829418265825175,-0.03725108295426328,0.016261310447481518,False
Victim Sex,named_all,graphsage_fairloss_a50_sstate20_mb,graphsage_fairloss_a50_sstate50_mb,tpr,gap,-0.002663521747207853,-0.005087976172761075,-0.00015661346918559584,True
Victim Sex,named_all,graphsage_fairloss_a50_sstate20_mb,graphsage_fairloss_a50_sstate50_mb,tpr,amplification,-0.03226295709723259,-0.06150021214811695,-0.0019416707557043666,True
Victim Sex,named_all,graphsage_fairloss_a50_sstate20_mb,graphsage_fairloss_a50_sstate50_mb,fpr,gap,0.005056879501898592,0.0004909126723574548,0.009492329529864304,True
Victim Sex,named_all,graphsage_fairloss_a50_sstate20_mb,graphsage_fairloss_a50_sstate50_mb,fpr,amplification,0.06125344633910268,0.005923321607793552,0.11591122957157139,True
Victim Sex,named_n>=5000,graphsage_fairloss_a50_sstate20_mb,graphsage_fairloss_a50_sstate50_mb,selection_rate,gap,-0.0008940405237407578,-0.0030376019114385006,0.0013598491391217519,False
Victim Sex,named_n>=5000,graphsage_fairloss_a50_sstate20_mb,graphsage_fairloss_a50_sstate50_mb,selection_rate,amplification,-0.010829418265825175,-0.03725108295426328,0.016261310447481518,False
Victim Sex,named_n>=5000,graphsage_fairloss_a50_sstate20_mb,graphsage_fairloss_a50_sstate50_mb,tpr,gap,-0.002663521747207853,-0.005087976172761075,-0.00015661346918559584,True
Victim Sex,named_n>=5000,graphsage_fairloss_a50_sstate20_mb,graphsage_fairloss_a50_sstate50_mb,tpr,amplification,-0.03226295709723259,-0.06150021214811695,-0.0019416707557043666,True
Victim Sex,named_n>=5000,graphsage_fairloss_a50_sstate20_mb,graphsage_fairloss_a50_sstate50_mb,fpr,gap,0.005056879501898592,0.0004909126723574548,0.009492329529864304,True
Victim Sex,named_n>=5000,graphsage_fairloss_a50_sstate20_mb,graphsage_fairloss_a50_sstate50_mb,fpr,amplification,0.06125344633910268,0.005923321607793552,0.11591122957157139,True
Victim Sex,named_all,graphsage_fairloss_a50_sstate20_mb,graphsage_fairloss_a100_sstate50_mb,selection_rate,gap,0.00017476244513758843,-0.002272314666247144,0.0026039071847177406,False
Victim Sex,named_all,graphsage_fairloss_a50_sstate20_mb,graphsage_fairloss_a100_sstate50_mb,selection_rate,amplification,0.002116879006372696,-0.027374787201712405,0.031497371136994225,False
Victim Sex,named_all,graphsage_fairloss_a50_sstate20_mb,graphsage_fairloss_a100_sstate50_mb,tpr,gap,-0.001280576094728536,-0.0041225667597462375,0.0014291036900630594,False
Victim Sex,named_all,graphsage_fairloss_a50_sstate20_mb,graphsage_fairloss_a100_sstate50_mb,tpr,amplification,-0.015511482737949778,-0.049673293572459705,0.017117779823692586,False
Victim Sex,named_all,graphsage_fairloss_a50_sstate20_mb,graphsage_fairloss_a100_sstate50_mb,fpr,gap,0.0035875316300645888,-0.0015227899715043291,0.008687776233815957,False
Victim Sex,named_all,graphsage_fairloss_a50_sstate20_mb,graphsage_fairloss_a100_sstate50_mb,fpr,amplification,0.043455391038977886,-0.01820756076205142,0.10637381526639648,False
Victim Sex,named_n>=5000,graphsage_fairloss_a50_sstate20_mb,graphsage_fairloss_a100_sstate50_mb,selection_rate,gap,0.00017476244513758843,-0.002272314666247144,0.0026039071847177406,False
Victim Sex,named_n>=5000,graphsage_fairloss_a50_sstate20_mb,graphsage_fairloss_a100_sstate50_mb,selection_rate,amplification,0.002116879006372696,-0.027374787201712405,0.031497371136994225,False
Victim Sex,named_n>=5000,graphsage_fairloss_a50_sstate20_mb,graphsage_fairloss_a100_sstate50_mb,tpr,gap,-0.001280576094728536,-0.0041225667597462375,0.0014291036900630594,False
Victim Sex,named_n>=5000,graphsage_fairloss_a50_sstate20_mb,graphsage_fairloss_a100_sstate50_mb,tpr,amplification,-0.015511482737949778,-0.049673293572459705,0.017117779823692586,False
Victim Sex,named_n>=5000,graphsage_fairloss_a50_sstate20_mb,graphsage_fairloss_a100_sstate50_mb,fpr,gap,0.0035875316300645888,-0.0015227899715043291,0.008687776233815957,False
Victim Sex,named_n>=5000,graphsage_fairloss_a50_sstate20_mb,graphsage_fairloss_a100_sstate50_mb,fpr,amplification,0.043455391038977886,-0.01820756076205142,0.10637381526639648,False
Victim Sex,named_all,graphsage_fairloss_a100_sstate20_mb,graphsage_fairloss_a50_sstate50_mb,selection_rate,gap,-0.010792729602787099,-0.013050230329857842,-0.008518078893189326,True
Victim Sex,named_all,graphsage_fairloss_a100_sstate20_mb,graphsage_fairloss_a50_sstate50_mb,selection_rate,amplification,-0.13073119170202874,-0.16074513094486745,-0.10204889733456726,True
Victim Sex,named_all,graphsage_fairloss_a100_sstate20_mb,graphsage_fairloss_a50_sstate50_mb,tpr,gap,-0.00957164678548661,-0.012305286217081546,-0.006877909372944646,True
Victim Sex,named_all,graphsage_fairloss_a100_sstate20_mb,graphsage_fairloss_a50_sstate50_mb,tpr,amplification,-0.11594034473859327,-0.1512192120842866,-0.08277915588072225,True
Victim Sex,named_all,graphsage_fairloss_a100_sstate20_mb,graphsage_fairloss_a50_sstate50_mb,fpr,gap,-0.011261058899733445,-0.016514188586029894,-0.00586208990321288,True
Victim Sex,named_all,graphsage_fairloss_a100_sstate20_mb,graphsage_fairloss_a50_sstate50_mb,fpr,amplification,-0.13640401492211185,-0.20095368825462573,-0.07151262435055523,True
Victim Sex,named_n>=5000,graphsage_fairloss_a100_sstate20_mb,graphsage_fairloss_a50_sstate50_mb,selection_rate,gap,-0.010792729602787099,-0.013050230329857842,-0.008518078893189326,True
Victim Sex,named_n>=5000,graphsage_fairloss_a100_sstate20_mb,graphsage_fairloss_a50_sstate50_mb,selection_rate,amplification,-0.13073119170202874,-0.16074513094486745,-0.10204889733456726,True
Victim Sex,named_n>=5000,graphsage_fairloss_a100_sstate20_mb,graphsage_fairloss_a50_sstate50_mb,tpr,gap,-0.00957164678548661,-0.012305286217081546,-0.006877909372944646,True
Victim Sex,named_n>=5000,graphsage_fairloss_a100_sstate20_mb,graphsage_fairloss_a50_sstate50_mb,tpr,amplification,-0.11594034473859327,-0.1512192120842866,-0.08277915588072225,True
Victim Sex,named_n>=5000,graphsage_fairloss_a100_sstate20_mb,graphsage_fairloss_a50_sstate50_mb,fpr,gap,-0.011261058899733445,-0.016514188586029894,-0.00586208990321288,True
Victim Sex,named_n>=5000,graphsage_fairloss_a100_sstate20_mb,graphsage_fairloss_a50_sstate50_mb,fpr,amplification,-0.13640401492211185,-0.20095368825462573,-0.07151262435055523,True
Victim Sex,named_all,graphsage_fairloss_a100_sstate20_mb,graphsage_fairloss_a100_sstate50_mb,selection_rate,gap,-0.009723926633908753,-0.011978904905158858,-0.007502161439524221,True
Victim Sex,named_all,graphsage_fairloss_a100_sstate20_mb,graphsage_fairloss_a100_sstate50_mb,selection_rate,amplification,-0.11778489442983087,-0.14653074378834757,-0.09010861245308607,True
Victim Sex,named_all,graphsage_fairloss_a100_sstate20_mb,graphsage_fairloss_a100_sstate50_mb,tpr,gap,-0.008188701133007292,-0.01091864658905733,-0.005444795609441328,True
Victim Sex,named_all,graphsage_fairloss_a100_sstate20_mb,graphsage_fairloss_a100_sstate50_mb,tpr,amplification,-0.09918887037931046,-0.13111914005456968,-0.06654099306914227,True
Victim Sex,named_all,graphsage_fairloss_a100_sstate20_mb,graphsage_fairloss_a100_sstate50_mb,fpr,gap,-0.012730406771567448,-0.01743653522008893,-0.00812710920292573,True
Victim Sex,named_all,graphsage_fairloss_a100_sstate20_mb,graphsage_fairloss_a100_sstate50_mb,fpr,amplification,-0.15420207022223664,-0.21156419924415562,-0.09599777351849391,True
Victim Sex,named_n>=5000,graphsage_fairloss_a100_sstate20_mb,graphsage_fairloss_a100_sstate50_mb,selection_rate,gap,-0.009723926633908753,-0.011978904905158858,-0.007502161439524221,True
Victim Sex,named_n>=5000,graphsage_fairloss_a100_sstate20_mb,graphsage_fairloss_a100_sstate50_mb,selection_rate,amplification,-0.11778489442983087,-0.14653074378834757,-0.09010861245308607,True
Victim Sex,named_n>=5000,graphsage_fairloss_a100_sstate20_mb,graphsage_fairloss_a100_sstate50_mb,tpr,gap,-0.008188701133007292,-0.01091864658905733,-0.005444795609441328,True
Victim Sex,named_n>=5000,graphsage_fairloss_a100_sstate20_mb,graphsage_fairloss_a100_sstate50_mb,tpr,amplification,-0.09918887037931046,-0.13111914005456968,-0.06654099306914227,True
Victim Sex,named_n>=5000,graphsage_fairloss_a100_sstate20_mb,graphsage_fairloss_a100_sstate50_mb,fpr,gap,-0.012730406771567448,-0.01743653522008893,-0.00812710920292573,True
Victim Sex,named_n>=5000,graphsage_fairloss_a100_sstate20_mb,graphsage_fairloss_a100_sstate50_mb,fpr,amplification,-0.15420207022223664,-0.21156419924415562,-0.09599777351849391,True
Victim Sex,named_all,graphsage_fairloss_a50_sstate50_mb,graphsage_fairloss_a100_sstate50_mb,selection_rate,gap,0.0010688029688783462,-0.0010485657876964176,0.0032459226333025307,False
Victim Sex,named_all,graphsage_fairloss_a50_sstate50_mb,graphsage_fairloss_a100_sstate50_mb,selection_rate,amplification,0.01294629727219787,-0.0128935803403096,0.03854810564804583,False
Victim Sex,named_all,graphsage_fairloss_a50_sstate50_mb,graphsage_fairloss_a100_sstate50_mb,tpr,gap,0.0013829456524793171,-0.0009511366587420772,0.0036629386654802574,False
Victim Sex,named_all,graphsage_fairloss_a50_sstate50_mb,graphsage_fairloss_a100_sstate50_mb,tpr,amplification,0.016751474359282814,-0.0115060734783448,0.04430559853606325,False
Victim Sex,named_all,graphsage_fairloss_a50_sstate50_mb,graphsage_fairloss_a100_sstate50_mb,fpr,gap,-0.0014693478718340036,-0.005819586201912821,0.0029620815632373297,False
Victim Sex,named_all,graphsage_fairloss_a50_sstate50_mb,graphsage_fairloss_a100_sstate50_mb,fpr,amplification,-0.017798055300124793,-0.07017605098907437,0.03613185089950565,False
Victim Sex,named_n>=5000,graphsage_fairloss_a50_sstate50_mb,graphsage_fairloss_a100_sstate50_mb,selection_rate,gap,0.0010688029688783462,-0.0010485657876964176,0.0032459226333025307,False
Victim Sex,named_n>=5000,graphsage_fairloss_a50_sstate50_mb,graphsage_fairloss_a100_sstate50_mb,selection_rate,amplification,0.01294629727219787,-0.0128935803403096,0.03854810564804583,False
Victim Sex,named_n>=5000,graphsage_fairloss_a50_sstate50_mb,graphsage_fairloss_a100_sstate50_mb,tpr,gap,0.0013829456524793171,-0.0009511366587420772,0.0036629386654802574,False
Victim Sex,named_n>=5000,graphsage_fairloss_a50_sstate50_mb,graphsage_fairloss_a100_sstate50_mb,tpr,amplification,0.016751474359282814,-0.0115060734783448,0.04430559853606325,False
Victim Sex,named_n>=5000,graphsage_fairloss_a50_sstate50_mb,graphsage_fairloss_a100_sstate50_mb,fpr,gap,-0.0014693478718340036,-0.005819586201912821,0.0029620815632373297,False
Victim Sex,named_n>=5000,graphsage_fairloss_a50_sstate50_mb,graphsage_fairloss_a100_sstate50_mb,fpr,amplification,-0.017798055300124793,-0.07017605098907437,0.03613185089950565,False
