attribute,group_set,model_a,model_b,metric,quantity,diff,diff_lo,diff_hi,significant
Victim Race,named_all,graphsage_geo_mb,graphsage_geo_blind_mb,selection_rate,gap,0.02325357740166567,0.010910263357364933,0.036303368946859864,True
Victim Race,named_all,graphsage_geo_mb,graphsage_geo_blind_mb,selection_rate,amplification,0.17280838416130706,0.07898281231524408,0.27155329053259736,True
Victim Race,named_all,graphsage_geo_mb,graphsage_geo_blind_mb,tpr,gap,0.02224566836209907,-0.0008990837061945088,0.03484139367767155,False
Victim Race,named_all,graphsage_geo_mb,graphsage_geo_blind_mb,tpr,amplification,0.16531813311302734,-0.006300093127380062,0.2670371179119496,False
Victim Race,named_all,graphsage_geo_mb,graphsage_geo_blind_mb,fpr,gap,0.010515857300601505,-0.027167356979432386,0.04900261759385207,False
Victim Race,named_all,graphsage_geo_mb,graphsage_geo_blind_mb,fpr,amplification,0.0781483329123227,-0.19703754892133424,0.36278699447203894,False
Victim Race,named_n>=5000,graphsage_geo_mb,graphsage_geo_blind_mb,selection_rate,gap,0.033604947336807856,0.03090562994011326,0.036162165681929884,True
Victim Race,named_n>=5000,graphsage_geo_mb,graphsage_geo_blind_mb,selection_rate,amplification,0.4402852292633195,0.39851078232959186,0.48338061709235997,True
Victim Race,named_n>=5000,graphsage_geo_mb,graphsage_geo_blind_mb,tpr,gap,0.03582141765742464,0.032611303830705526,0.03903741800857436,True
Victim Race,named_n>=5000,graphsage_geo_mb,graphsage_geo_blind_mb,tpr,amplification,0.4693249755092306,0.42178335399563954,0.5194429968934241,True
Victim Race,named_n>=5000,graphsage_geo_mb,graphsage_geo_blind_mb,fpr,gap,0.024531897593781493,0.019522715401964208,0.029817182145046885,True
Victim Race,named_n>=5000,graphsage_geo_mb,graphsage_geo_blind_mb,fpr,amplification,0.32141196497314195,0.25460965093821286,0.38941183838937127,True
Victim Race,named_all,graphsage_geo_mb,graphsage_fairloss_a0_mb,selection_rate,gap,0.018142658065835038,0.004967099120634278,0.030749609459686963,True
Victim Race,named_all,graphsage_geo_mb,graphsage_fairloss_a0_mb,selection_rate,amplification,0.13482671378226208,0.037675892807893734,0.23509720981259277,True
Victim Race,named_all,graphsage_geo_mb,graphsage_fairloss_a0_mb,tpr,gap,0.009615096498650444,-0.017043024781300216,0.029100106549210466,False
Victim Race,named_all,graphsage_geo_mb,graphsage_fairloss_a0_mb,tpr,amplification,0.07145435133640143,-0.11959062552292116,0.22019072522293962,False
Victim Race,named_all,graphsage_geo_mb,graphsage_fairloss_a0_mb,fpr,gap,0.003058243606528399,-0.032394186248855344,0.03989024548588577,False
Victim Race,named_all,graphsage_geo_mb,graphsage_fairloss_a0_mb,fpr,amplification,0.022727261568706414,-0.24486559904103303,0.3035994388289028,False
Victim Race,named_n>=5000,graphsage_geo_mb,graphsage_fairloss_a0_mb,selection_rate,gap,0.033767868636333964,0.031103719165851876,0.036427119261470894,True
Victim Race,named_n>=5000,graphsage_geo_mb,graphsage_fairloss_a0_mb,selection_rate,amplification,0.4424197912072736,0.4010816836298167,0.48689503719653243,True
Victim Race,named_n>=5000,graphsage_geo_mb,graphsage_fairloss_a0_mb,tpr,gap,0.036425452079121845,0.03322903584989619,0.0395890023460272,True
Victim Race,named_n>=5000,graphsage_geo_mb,graphsage_fairloss_a0_mb,tpr,amplification,0.47723891244162364,0.430175415766282,0.5315361275475221,True
Victim Race,named_n>=5000,graphsage_geo_mb,graphsage_fairloss_a0_mb,fpr,gap,0.023546455653601583,0.018283095090145272,0.028870182013581016,True
Victim Race,named_n>=5000,graphsage_geo_mb,graphsage_fairloss_a0_mb,fpr,amplification,0.30850090380678297,0.2401659805721891,0.37648593448487483,True
Victim Race,named_all,graphsage_geo_mb,graphsage_fairloss_a10_mb,selection_rate,gap,0.05550515186064087,0.031770131697467875,0.07861503286742734,True
Victim Race,named_all,graphsage_geo_mb,graphsage_fairloss_a10_mb,selection_rate,amplification,0.41248516045441863,0.2384488392851426,0.61212348968062,True
Victim Race,named_all,graphsage_geo_mb,graphsage_fairloss_a10_mb,tpr,gap,0.003006703369709429,-0.02391053672333585,0.03022524625015538,False
Victim Race,named_all,graphsage_geo_mb,graphsage_fairloss_a10_mb,tpr,amplification,0.022344241576120805,-0.18209013669758742,0.22754497699992507,False
Victim Race,named_all,graphsage_geo_mb,graphsage_fairloss_a10_mb,fpr,gap,0.12158964371741532,0.08286740032925773,0.15664576980131767,True
Victim Race,named_all,graphsage_geo_mb,graphsage_fairloss_a10_mb,fpr,amplification,0.9035904238996995,0.5946446656128763,1.2182983335253423,True
Victim Race,named_n>=5000,graphsage_geo_mb,graphsage_fairloss_a10_mb,selection_rate,gap,0.11001109038710644,0.10697835851143063,0.1130477092806849,True
Victim Race,named_n>=5000,graphsage_geo_mb,graphsage_fairloss_a10_mb,selection_rate,amplification,1.4413430756828527,1.3547577255788625,1.5283063196027218,True
Victim Race,named_n>=5000,graphsage_geo_mb,graphsage_fairloss_a10_mb,tpr,gap,0.10726140011732299,0.10368208771692762,0.1108090978897478,True
Victim Race,named_n>=5000,graphsage_geo_mb,graphsage_fairloss_a10_mb,tpr,amplification,1.405317189413759,1.3158924506144458,1.4915781925588147,True
Victim Race,named_n>=5000,graphsage_geo_mb,graphsage_fairloss_a10_mb,fpr,gap,0.11279586556562465,0.1073189104337645,0.11869636335003349,True
Victim Race,named_n>=5000,graphsage_geo_mb,graphsage_fairloss_a10_mb,fpr,amplification,1.4778286373363818,1.3713859961085013,1.594447306250568,True
Victim Race,named_all,graphsage_geo_mb,graphsage_fairloss_a25_mb,selection_rate,gap,0.07027246403746346,0.046578478372987245,0.09513579253425074,True
Victim Race,named_all,graphsage_geo_mb,graphsage_fairloss_a25_mb,selection_rate,amplification,0.5222280749145185,0.33067156502515177,0.7529051261475432,True
Victim Race,named_all,graphsage_geo_mb,graphsage_fairloss_a25_mb,tpr,gap,0.014727512241203278,-0.01178279915850818,0.04152506619742141,False
Victim Race,named_all,graphsage_geo_mb,graphsage_fairloss_a25_mb,tpr,amplification,0.10944714222491658,-0.08399416436683184,0.3240474291497553,False
Victim Race,named_all,graphsage_geo_mb,graphsage_fairloss_a25_mb,fpr,gap,0.1779425519374933,0.1294559289356924,0.21963301773866628,True
Victim Race,named_all,graphsage_geo_mb,graphsage_fairloss_a25_mb,fpr,amplification,1.3223756647291194,0.9265495614703035,1.7519950424699544,True
Victim Race,named_n>=5000,graphsage_geo_mb,graphsage_fairloss_a25_mb,selection_rate,gap,0.1308432647237765,0.12761120508991744,0.133943021528301,True
Victim Race,named_n>=5000,graphsage_geo_mb,graphsage_fairloss_a25_mb,selection_rate,amplification,1.7142820141655184,1.612041066406301,1.8181740998101876,True
Victim Race,named_n>=5000,graphsage_geo_mb,graphsage_fairloss_a25_mb,tpr,gap,0.12813944389601617,0.124170144352558,0.13186099811582994,True
Victim Race,named_n>=5000,graphsage_geo_mb,graphsage_fairloss_a25_mb,tpr,amplification,1.6788571000567116,1.5738441650385533,1.7886593251920748,True
Victim Race,named_n>=5000,graphsage_geo_mb,graphsage_fairloss_a25_mb,fpr,gap,0.1335667644393081,0.1274019018542918,0.13916412552700233,True
Victim Race,named_n>=5000,graphsage_geo_mb,graphsage_fairloss_a25_mb,fpr,amplification,1.7499647570852792,1.622163578266949,1.8673104205533047,True
Victim Race,named_all,graphsage_geo_mb,graphsage_fairloss_a50_mb,selection_rate,gap,0.05399445531800684,0.027396841350572975,0.0774099773605229,True
Victim Race,named_all,graphsage_geo_mb,graphsage_fairloss_a50_mb,selection_rate,amplification,0.4012584565378008,0.19552778341209323,0.6035371058790721,True
Victim Race,named_all,graphsage_geo_mb,graphsage_fairloss_a50_mb,tpr,gap,0.004198701630200863,-0.02305286430948187,0.032204713107521515,False
Victim Race,named_all,graphsage_geo_mb,graphsage_fairloss_a50_mb,tpr,amplification,0.03120254710737469,-0.18069668770275724,0.2448814333865851,False
Victim Race,named_all,graphsage_geo_mb,graphsage_fairloss_a50_mb,fpr,gap,0.13757534871817745,0.08531687394269644,0.18149524340701334,True
Victim Race,named_all,graphsage_geo_mb,graphsage_fairloss_a50_mb,fpr,amplification,1.0223877944351747,0.6250826839786204,1.409801871969818,True
Victim Race,named_n>=5000,graphsage_geo_mb,graphsage_fairloss_a50_mb,selection_rate,gap,0.13521663055716515,0.13185222958141776,0.13842620889043616,True
Victim Race,named_n>=5000,graphsage_geo_mb,graphsage_fairloss_a50_mb,selection_rate,amplification,1.771580969563578,1.6790259913571004,1.871042111448281,True
Victim Race,named_n>=5000,graphsage_geo_mb,graphsage_fairloss_a50_mb,tpr,gap,0.13310416939446323,0.12805823400619093,0.136168129950597,True
Victim Race,named_n>=5000,graphsage_geo_mb,graphsage_fairloss_a50_mb,tpr,amplification,1.7439039302869432,1.6388342702452767,1.84327094127338,True
Victim Race,named_n>=5000,graphsage_geo_mb,graphsage_fairloss_a50_mb,fpr,gap,0.13526700091044458,0.12917959241305832,0.14158802287675823,True
Victim Race,named_n>=5000,graphsage_geo_mb,graphsage_fairloss_a50_mb,fpr,amplification,1.7722409117536202,1.6588929856046923,1.8988747741964151,True
Victim Race,named_all,graphsage_geo_mb,graphsage_fairloss_a100_mb,selection_rate,gap,0.06615848345587666,0.04115893483775634,0.09130686444815996,True
Victim Race,named_all,graphsage_geo_mb,graphsage_fairloss_a100_mb,selection_rate,amplification,0.4916551301802565,0.30261675752728556,0.7152325481237121,True
Victim Race,named_all,graphsage_geo_mb,graphsage_fairloss_a100_mb,tpr,gap,0.011647277407543788,-0.015798549121208077,0.038766608865166405,False
Victim Race,named_all,graphsage_geo_mb,graphsage_fairloss_a100_mb,tpr,amplification,0.0865564533967993,-0.1177769161941425,0.2991152461178871,False
Victim Race,named_all,graphsage_geo_mb,graphsage_fairloss_a100_mb,fpr,gap,0.17082170183688966,0.11633366772967561,0.22198645326210445,True
Victim Race,named_all,graphsage_geo_mb,graphsage_fairloss_a100_mb,fpr,amplification,1.2694572436842761,0.8600392999670455,1.7225252914708467,True
Victim Race,named_n>=5000,graphsage_geo_mb,graphsage_fairloss_a100_mb,selection_rate,gap,0.14562089525888133,0.14235121920888136,0.14870494270441778,True
Victim Race,named_n>=5000,graphsage_geo_mb,graphsage_fairloss_a100_mb,selection_rate,amplification,1.9078955432363038,1.7955393742575687,2.031705173909369,True
Victim Race,named_n>=5000,graphsage_geo_mb,graphsage_fairloss_a100_mb,tpr,gap,0.12890069383699976,0.11938646384976118,0.1381542590589533,True
Victim Race,named_n>=5000,graphsage_geo_mb,graphsage_fairloss_a100_mb,tpr,amplification,1.6888308429533574,1.5368949618989032,1.8552775375659565,True
Victim Race,named_n>=5000,graphsage_geo_mb,graphsage_fairloss_a100_mb,fpr,gap,0.1480753444195223,0.14178531275268139,0.15396054887848942,True
Victim Race,named_n>=5000,graphsage_geo_mb,graphsage_fairloss_a100_mb,fpr,amplification,1.9400532401544694,1.8097081855794885,2.0820562850665443,True
Victim Race,named_all,graphsage_geo_mb,xgboost,selection_rate,gap,-0.03581415594338466,-0.049498587975386865,-0.022608901106573,True
Victim Race,named_all,graphsage_geo_mb,xgboost,selection_rate,amplification,-0.266152012302161,-0.3862908671263347,-0.1610319283605979,True
Victim Race,named_all,graphsage_geo_mb,xgboost,tpr,gap,-0.040053758818526686,-0.056200527077452316,-0.025907920491490263,True
Victim Race,named_all,graphsage_geo_mb,xgboost,tpr,amplification,-0.29765851599765014,-0.4286263088868494,-0.18670458600136589,True
Victim Race,named_all,graphsage_geo_mb,xgboost,fpr,gap,-0.03134117307217438,-0.07154280870293873,0.0056034971197715545,False
Victim Race,named_all,graphsage_geo_mb,xgboost,fpr,amplification,-0.23291115094980475,-0.5341145225527724,0.04410703430735152,False
Victim Race,named_n>=5000,graphsage_geo_mb,xgboost,selection_rate,gap,-0.02279598704118735,-0.02562579233099049,-0.01993289154865515,True
Victim Race,named_n>=5000,graphsage_geo_mb,xgboost,selection_rate,amplification,-0.29866841569840785,-0.3399330290246802,-0.25711572519064085,True
Victim Race,named_n>=5000,graphsage_geo_mb,xgboost,tpr,gap,-0.027632129680769446,-0.0309209023985558,-0.024237486678049237,True
Victim Race,named_n>=5000,graphsage_geo_mb,xgboost,tpr,amplification,-0.36203057929526294,-0.4131618224954703,-0.31478107383856746,True
Victim Race,named_n>=5000,graphsage_geo_mb,xgboost,fpr,gap,-0.014439280656923681,-0.020262958536760352,-0.008959009348069574,True
Victim Race,named_n>=5000,graphsage_geo_mb,xgboost,fpr,amplification,-0.1891805373391473,-0.2674663989258186,-0.11497934070175295,True
Victim Race,named_all,graphsage_geo_mb,xgboost_blind,selection_rate,gap,0.0373036064129838,0.02008664680527532,0.05606640877618356,True
Victim Race,named_all,graphsage_geo_mb,xgboost_blind,selection_rate,amplification,0.2772208265535667,0.14585244568938233,0.4413616417879962,True
Victim Race,named_all,graphsage_geo_mb,xgboost_blind,tpr,gap,0.020705779891805,-0.002780954871475305,0.038755422465425675,False
Victim Race,named_all,graphsage_geo_mb,xgboost_blind,tpr,amplification,0.15387449010947463,-0.02061251253232616,0.2949644393106203,False
Victim Race,named_all,graphsage_geo_mb,xgboost_blind,fpr,gap,0.08226507573392722,0.039025568332795725,0.12714737289331865,True
Victim Race,named_all,graphsage_geo_mb,xgboost_blind,fpr,amplification,0.6113508715209215,0.29257941507129953,0.9841436293368039,True
Victim Race,named_n>=5000,graphsage_geo_mb,xgboost_blind,selection_rate,gap,0.04678199950947959,0.04322249657372331,0.05008835649598854,True
Victim Race,named_n>=5000,graphsage_geo_mb,xgboost_blind,selection_rate,amplification,0.6129283040675129,0.5544618160879901,0.6721186384059961,True
Victim Race,named_n>=5000,graphsage_geo_mb,xgboost_blind,tpr,gap,0.04228440614927165,0.03786327253865372,0.046331639964300377,True
Victim Race,named_n>=5000,graphsage_geo_mb,xgboost_blind,tpr,amplification,0.5540017447164325,0.49161067669618236,0.6232731332325354,True
Victim Race,named_n>=5000,graphsage_geo_mb,xgboost_blind,fpr,gap,0.05044867707923478,0.0444348894520222,0.05693383060696529,True
Victim Race,named_n>=5000,graphsage_geo_mb,xgboost_blind,fpr,amplification,0.6609683726399784,0.5790154587223718,0.7566247739640055,True
Victim Race,named_all,graphsage_geo_mb,logreg,selection_rate,gap,-0.0910339627140464,-0.10854062929611805,-0.0745499213221829,True
Victim Race,named_all,graphsage_geo_mb,logreg,selection_rate,amplification,-0.6765166377921781,-0.872137961552558,-0.5286312266214687,True
Victim Race,named_all,graphsage_geo_mb,logreg,tpr,gap,-0.10538704004555577,-0.1227864323451162,-0.08810285594018129,True
Victim Race,named_all,graphsage_geo_mb,logreg,tpr,amplification,-0.7831811762654173,-0.9878453024254659,-0.6307427155709612,True
Victim Race,named_all,graphsage_geo_mb,logreg,fpr,gap,-0.0842132850027722,-0.12870132308567236,-0.04229173674926318,True
Victim Race,named_all,graphsage_geo_mb,logreg,fpr,amplification,-0.6258289404193897,-0.9661269410308855,-0.3202808698031156,True
Victim Race,named_n>=5000,graphsage_geo_mb,logreg,selection_rate,gap,-0.041217671125739375,-0.045182533923973575,-0.03766505612466969,True
Victim Race,named_n>=5000,graphsage_geo_mb,logreg,selection_rate,amplification,-0.5400255979993482,-0.6044963476286829,-0.48608885483728015,True
Victim Race,named_n>=5000,graphsage_geo_mb,logreg,tpr,gap,-0.053496859991922774,-0.058055577044861285,-0.04928619871273475,True
Victim Race,named_n>=5000,graphsage_geo_mb,logreg,tpr,amplification,-0.7009050491982951,-0.7772617690894903,-0.637076084625564,True
Victim Race,named_n>=5000,graphsage_geo_mb,logreg,fpr,gap,-0.028251468097378135,-0.03554450416751862,-0.021375640606895722,True
Victim Race,named_n>=5000,graphsage_geo_mb,logreg,fpr,amplification,-0.3701450260764205,-0.47432056629874836,-0.27557242830689266,True
Victim Race,named_all,graphsage_geo_mb,logreg_blind,selection_rate,gap,0.00796292757031497,-0.014646606953575596,0.02490897064711535,False
Victim Race,named_all,graphsage_geo_mb,logreg_blind,selection_rate,amplification,0.059176298891588264,-0.10969991257411418,0.17987893644571096,False
Victim Race,named_all,graphsage_geo_mb,logreg_blind,tpr,gap,-0.0279600285285293,-0.05687982149449331,0.0012354408203063434,False
Victim Race,named_all,graphsage_geo_mb,logreg_blind,tpr,amplification,-0.20778425906944942,-0.4310257295076929,0.008548741708888249,False
Victim Race,named_all,graphsage_geo_mb,logreg_blind,fpr,gap,0.012518811180014244,-0.03930684427301095,0.06395665118078006,False
Victim Race,named_all,graphsage_geo_mb,logreg_blind,fpr,amplification,0.09303323502747585,-0.29888962238422173,0.4663168300666879,False
Victim Race,named_n>=5000,graphsage_geo_mb,logreg_blind,selection_rate,gap,0.062287134760833196,0.05827268580843928,0.06574573891531105,True
Victim Race,named_n>=5000,graphsage_geo_mb,logreg_blind,selection_rate,amplification,0.816073452919559,0.7561058827958451,0.8816140004121704,True
Victim Race,named_n>=5000,graphsage_geo_mb,logreg_blind,tpr,gap,0.056885171833101156,0.05229653615485581,0.061162438452639425,True
Victim Race,named_n>=5000,graphsage_geo_mb,logreg_blind,tpr,amplification,0.7452980262458988,0.6772685546246505,0.8184479679937953,True
Victim Race,named_n>=5000,graphsage_geo_mb,logreg_blind,fpr,gap,0.05900374821053306,0.05217914066101992,0.06591476952041234,True
Victim Race,named_n>=5000,graphsage_geo_mb,logreg_blind,fpr,amplification,0.7730551858301895,0.6784654195133265,0.8778267384506658,True
Victim Race,named_all,graphsage_geo_blind_mb,graphsage_fairloss_a0_mb,selection_rate,gap,-0.005110919335830633,-0.013007381722682492,0.0022182957689498182,False
Victim Race,named_all,graphsage_geo_blind_mb,graphsage_fairloss_a0_mb,selection_rate,amplification,-0.037981670379044985,-0.09488911660638505,0.01586378080815896,False
Victim Race,named_all,graphsage_geo_blind_mb,graphsage_fairloss_a0_mb,tpr,gap,-0.012630571863448625,-0.021915429956349833,0.0009747295923223865,False
Victim Race,named_all,graphsage_geo_blind_mb,graphsage_fairloss_a0_mb,tpr,amplification,-0.09386378177662591,-0.16970545521584204,0.006823920948489187,False
Victim Race,named_all,graphsage_geo_blind_mb,graphsage_fairloss_a0_mb,fpr,gap,-0.007457613694073106,-0.026079056163175,0.010213561890180238,False
Victim Race,named_all,graphsage_geo_blind_mb,graphsage_fairloss_a0_mb,fpr,amplification,-0.05542107134361629,-0.19439036273765412,0.07743070927259675,False
Victim Race,named_n>=5000,graphsage_geo_blind_mb,graphsage_fairloss_a0_mb,selection_rate,gap,0.00016292129952610868,-0.001399317902869532,0.0017725292268806116,False
Victim Race,named_n>=5000,graphsage_geo_blind_mb,graphsage_fairloss_a0_mb,selection_rate,amplification,0.0021345619439541164,-0.01817061338377471,0.023478633105157194,False
Victim Race,named_n>=5000,graphsage_geo_blind_mb,graphsage_fairloss_a0_mb,tpr,gap,0.0006040344216972082,-0.001428183536107855,0.0025109197496717946,False
Victim Race,named_n>=5000,graphsage_geo_blind_mb,graphsage_fairloss_a0_mb,tpr,amplification,0.007913936932393062,-0.018887857557254865,0.03349845211289117,False
Victim Race,named_n>=5000,graphsage_geo_blind_mb,graphsage_fairloss_a0_mb,fpr,gap,-0.0009854419401799097,-0.003811861410095972,0.0019414013086297723,False
Victim Race,named_n>=5000,graphsage_geo_blind_mb,graphsage_fairloss_a0_mb,fpr,amplification,-0.012911061166358984,-0.05139955769710035,0.025514525861065677,False
Victim Race,named_all,graphsage_geo_blind_mb,graphsage_fairloss_a10_mb,selection_rate,gap,0.032251574458975196,0.01003225002199135,0.056129259330355376,True
Victim Race,named_all,graphsage_geo_blind_mb,graphsage_fairloss_a10_mb,selection_rate,amplification,0.23967677629311157,0.07190614290495834,0.43217998911380956,True
Victim Race,named_all,graphsage_geo_blind_mb,graphsage_fairloss_a10_mb,tpr,gap,-0.01923896499238964,-0.035092703856054494,0.0024169385877751085,False
Victim Race,named_all,graphsage_geo_blind_mb,graphsage_fairloss_a10_mb,tpr,amplification,-0.14297389153690654,-0.2611785014763362,0.01808952427684453,False
Victim Race,named_all,graphsage_geo_blind_mb,graphsage_fairloss_a10_mb,fpr,gap,0.11107378641681381,0.07310743873987424,0.1485345380816225,True
Victim Race,named_all,graphsage_geo_blind_mb,graphsage_fairloss_a10_mb,fpr,amplification,0.8254420909873768,0.5339341836656915,1.1569340550150662,True
Victim Race,named_n>=5000,graphsage_geo_blind_mb,graphsage_fairloss_a10_mb,selection_rate,gap,0.07640614305029858,0.0739974400148263,0.07877775507171945,True
Victim Race,named_n>=5000,graphsage_geo_blind_mb,graphsage_fairloss_a10_mb,selection_rate,amplification,1.0010578464195334,0.9364207796148722,1.0628179726526172,True
Victim Race,named_n>=5000,graphsage_geo_blind_mb,graphsage_fairloss_a10_mb,tpr,gap,0.07143998245989835,0.06863533085953309,0.07432353759129705,True
Victim Race,named_n>=5000,graphsage_geo_blind_mb,graphsage_fairloss_a10_mb,tpr,amplification,0.9359922139045284,0.8704391857324637,0.9984502031413816,True
Victim Race,named_n>=5000,graphsage_geo_blind_mb,graphsage_fairloss_a10_mb,fpr,gap,0.08826396797184316,0.08325505869950871,0.09303174526067601,True
Victim Race,named_n>=5000,graphsage_geo_blind_mb,graphsage_fairloss_a10_mb,fpr,amplification,1.1564166723632399,1.0718159685356776,1.2398416050575904,True
Victim Race,named_all,graphsage_geo_blind_mb,graphsage_fairloss_a25_mb,selection_rate,gap,0.047018886635797785,0.023763148290038436,0.07262308020758652,True
Victim Race,named_all,graphsage_geo_blind_mb,graphsage_fairloss_a25_mb,selection_rate,amplification,0.34941969075321144,0.1789044303435165,0.5484321983368559,True
Victim Race,named_all,graphsage_geo_blind_mb,graphsage_fairloss_a25_mb,tpr,gap,-0.0075181561208957914,-0.023960143244548874,0.019261550091565032,False
Victim Race,named_all,graphsage_geo_blind_mb,graphsage_fairloss_a25_mb,tpr,amplification,-0.05587099088811076,-0.17698428262134072,0.14141725790167892,False
Victim Race,named_all,graphsage_geo_blind_mb,graphsage_fairloss_a25_mb,fpr,gap,0.1674266946368918,0.11513947590906642,0.21077143703723286,True
Victim Race,named_all,graphsage_geo_blind_mb,graphsage_fairloss_a25_mb,fpr,amplification,1.2442273318167967,0.8222735375922963,1.6336843322655312,True
Victim Race,named_n>=5000,graphsage_geo_blind_mb,graphsage_fairloss_a25_mb,selection_rate,gap,0.09723831738696864,0.0944613524599692,0.09995224304619141,True
Victim Race,named_n>=5000,graphsage_geo_blind_mb,graphsage_fairloss_a25_mb,selection_rate,amplification,1.273996784902199,1.197020329652257,1.3555960947731513,True
Victim Race,named_n>=5000,graphsage_geo_blind_mb,graphsage_fairloss_a25_mb,tpr,gap,0.09231802623859153,0.08916729747574001,0.0955974661528903,True
Victim Race,named_n>=5000,graphsage_geo_blind_mb,graphsage_fairloss_a25_mb,tpr,amplification,1.209532124547481,1.134423446638631,1.292334978884726,True
Victim Race,named_n>=5000,graphsage_geo_blind_mb,graphsage_fairloss_a25_mb,fpr,gap,0.1090348668455266,0.10391948644480531,0.11415835003175522,True
Victim Race,named_n>=5000,graphsage_geo_blind_mb,graphsage_fairloss_a25_mb,fpr,amplification,1.4285527921121375,1.3320563770224387,1.5390872520996457,True
Victim Race,named_all,graphsage_geo_blind_mb,graphsage_fairloss_a50_mb,selection_rate,gap,0.03074087791634117,0.007746269288451907,0.05404866363723161,True
Victim Race,named_all,graphsage_geo_blind_mb,graphsage_fairloss_a50_mb,selection_rate,amplification,0.22845007237649373,0.05474659556472899,0.41793130026895153,True
Victim Race,named_all,graphsage_geo_blind_mb,graphsage_fairloss_a50_mb,tpr,gap,-0.018046966731898206,-0.036493821223140294,0.006563566943864317,False
Victim Race,named_all,graphsage_geo_blind_mb,graphsage_fairloss_a50_mb,tpr,amplification,-0.13411558600565265,-0.26673302621664696,0.05131975002916903,False
Victim Race,named_all,graphsage_geo_blind_mb,graphsage_fairloss_a50_mb,fpr,gap,0.12705949141757594,0.0802112905449102,0.16667578974519132,True
Victim Race,named_all,graphsage_geo_blind_mb,graphsage_fairloss_a50_mb,fpr,amplification,0.944239461522852,0.5986974601184666,1.2960295117344562,True
Victim Race,named_n>=5000,graphsage_geo_blind_mb,graphsage_fairloss_a50_mb,selection_rate,gap,0.1016116832203573,0.09882755509842352,0.10431401023652848,True
Victim Race,named_n>=5000,graphsage_geo_blind_mb,graphsage_fairloss_a50_mb,selection_rate,amplification,1.3312957403002585,1.255023170704515,1.4106761927884575,True
Victim Race,named_n>=5000,graphsage_geo_blind_mb,graphsage_fairloss_a50_mb,tpr,gap,0.0972827517370386,0.09306163569782894,0.09997362254883718,True
Victim Race,named_n>=5000,graphsage_geo_blind_mb,graphsage_fairloss_a50_mb,tpr,amplification,1.2745789547777127,1.182296174825917,1.3507127247465218,True
Victim Race,named_n>=5000,graphsage_geo_blind_mb,graphsage_fairloss_a50_mb,fpr,gap,0.11073510331666309,0.10518421000812594,0.11577134447028588,True
Victim Race,named_n>=5000,graphsage_geo_blind_mb,graphsage_fairloss_a50_mb,fpr,amplification,1.4508289467804785,1.3523630127254826,1.553052936208537,True
Victim Race,named_all,graphsage_geo_blind_mb,graphsage_fairloss_a100_mb,selection_rate,gap,0.04290490605421099,0.018093276131417105,0.06714753772896584,True
Victim Race,named_all,graphsage_geo_blind_mb,graphsage_fairloss_a100_mb,selection_rate,amplification,0.31884674601894947,0.1328156711596979,0.5189650446996521,True
Victim Race,named_all,graphsage_geo_blind_mb,graphsage_fairloss_a100_mb,tpr,gap,-0.010598390954555281,-0.029993861377421722,0.015393758812503553,False
Victim Race,named_all,graphsage_geo_blind_mb,graphsage_fairloss_a100_mb,tpr,amplification,-0.07876167971622805,-0.23527536885507083,0.11267111302068944,False
Victim Race,named_all,graphsage_geo_blind_mb,graphsage_fairloss_a100_mb,fpr,gap,0.16030584453628816,0.10714753852362882,0.20925496028506171,True
Victim Race,named_all,graphsage_geo_blind_mb,graphsage_fairloss_a100_mb,fpr,amplification,1.1913089107719534,0.7741359814578314,1.6341478082073349,True
Victim Race,named_n>=5000,graphsage_geo_blind_mb,graphsage_fairloss_a100_mb,selection_rate,gap,0.11201594792207348,0.10901641840768955,0.1149848122122816,True
Victim Race,named_n>=5000,graphsage_geo_blind_mb,graphsage_fairloss_a100_mb,selection_rate,amplification,1.4676103139729846,1.377696921279934,1.5600651690532226,True
Victim Race,named_n>=5000,graphsage_geo_blind_mb,graphsage_fairloss_a100_mb,tpr,gap,0.09307927617957512,0.0835564324247721,0.10248289215235701,True
Victim Race,named_n>=5000,graphsage_geo_blind_mb,graphsage_fairloss_a100_mb,tpr,amplification,1.2195058674441268,1.076183239227994,1.362669528513991,True
Victim Race,named_n>=5000,graphsage_geo_blind_mb,graphsage_fairloss_a100_mb,fpr,gap,0.12354344682574081,0.11844428809095812,0.129046643454349,True
Victim Race,named_n>=5000,graphsage_geo_blind_mb,graphsage_fairloss_a100_mb,fpr,amplification,1.6186412751813273,1.5137227037332288,1.7354274501960036,True
Victim Race,named_all,graphsage_geo_blind_mb,xgboost,selection_rate,gap,-0.05906773334505033,-0.07544398064687399,-0.04394141153913812,True
Victim Race,named_all,graphsage_geo_blind_mb,xgboost,selection_rate,amplification,-0.43896039646346807,-0.5815031111836462,-0.31135337246267103,True
Victim Race,named_all,graphsage_geo_blind_mb,xgboost,tpr,gap,-0.062299427180625755,-0.08026504164298794,-0.03624247486830266,True
Victim Race,named_all,graphsage_geo_blind_mb,xgboost,tpr,amplification,-0.4629766491106775,-0.6206128245773498,-0.2699811982527972,True
Victim Race,named_all,graphsage_geo_blind_mb,xgboost,fpr,gap,-0.04185703037277588,-0.08624336025555247,0.0016565391783365953,False
Victim Race,named_all,graphsage_geo_blind_mb,xgboost,fpr,amplification,-0.31105948386212745,-0.6565605487519274,0.012401582858998552,False
Victim Race,named_n>=5000,graphsage_geo_blind_mb,xgboost,selection_rate,gap,-0.056400934377995204,-0.05988725591140234,-0.05298686688028187,True
Victim Race,named_n>=5000,graphsage_geo_blind_mb,xgboost,selection_rate,amplification,-0.7389536449617273,-0.8033457432150729,-0.6829183359339076,True
Victim Race,named_n>=5000,graphsage_geo_blind_mb,xgboost,tpr,gap,-0.06345354733819408,-0.06745940802188839,-0.059339907469103864,True
Victim Race,named_n>=5000,graphsage_geo_blind_mb,xgboost,tpr,amplification,-0.8313555548044935,-0.9055845961549603,-0.7631887301782289,True
Victim Race,named_n>=5000,graphsage_geo_blind_mb,xgboost,fpr,gap,-0.038971178250705174,-0.04520960450210471,-0.03264933257311082,True
Victim Race,named_n>=5000,graphsage_geo_blind_mb,xgboost,fpr,amplification,-0.5105925023122893,-0.5981493096515128,-0.429210204023094,True
Victim Race,named_all,graphsage_geo_blind_mb,xgboost_blind,selection_rate,gap,0.014050029011318133,-0.0018075437681386972,0.031832546760336464,False
Victim Race,named_all,graphsage_geo_blind_mb,xgboost_blind,selection_rate,amplification,0.10441244239225966,-0.013612072492397617,0.24090004224843095,False
Victim Race,named_all,graphsage_geo_blind_mb,xgboost_blind,tpr,gap,-0.0015398884702940707,-0.021262181694115236,0.020795422560567087,False
Victim Race,named_all,graphsage_geo_blind_mb,xgboost_blind,tpr,amplification,-0.011443643003552717,-0.159313357252453,0.15809946674664957,False
Victim Race,named_all,graphsage_geo_blind_mb,xgboost_blind,fpr,gap,0.07174921843332571,0.03097013542682967,0.11345220726302176,True
Victim Race,named_all,graphsage_geo_blind_mb,xgboost_blind,fpr,amplification,0.5332025386085988,0.2306500833716751,0.8590612727060319,True
Victim Race,named_n>=5000,graphsage_geo_blind_mb,xgboost_blind,selection_rate,gap,0.013177052172671733,0.010211848475625073,0.01604857715887304,True
Victim Race,named_n>=5000,graphsage_geo_blind_mb,xgboost_blind,selection_rate,amplification,0.17264307480419339,0.1347654482537354,0.21150572213838975,True
Victim Race,named_n>=5000,graphsage_geo_blind_mb,xgboost_blind,tpr,gap,0.00646298849184701,0.0028646008219292696,0.010080802077602011,True
Victim Race,named_n>=5000,graphsage_geo_blind_mb,xgboost_blind,tpr,amplification,0.08467676920720191,0.037093788829663,0.1334565913021398,True
Victim Race,named_n>=5000,graphsage_geo_blind_mb,xgboost_blind,fpr,gap,0.02591677948545329,0.020160418446350182,0.03144116202911653,True
Victim Race,named_n>=5000,graphsage_geo_blind_mb,xgboost_blind,fpr,amplification,0.3395564076668365,0.2642701332494684,0.4163425068163899,True
Victim Race,named_all,graphsage_geo_blind_mb,logreg,selection_rate,gap,-0.11428754011571207,-0.13197462397639384,-0.09891486239721173,True
Victim Race,named_all,graphsage_geo_blind_mb,logreg,selection_rate,amplification,-0.8493250219534851,-1.0586609447500501,-0.6934434020004742,True
Victim Race,named_all,graphsage_geo_blind_mb,logreg,tpr,gap,-0.12763270840765484,-0.14465229588244102,-0.1013093245455695,True
Victim Race,named_all,graphsage_geo_blind_mb,logreg,tpr,amplification,-0.9484993093784446,-1.1685568065537122,-0.7269408315382102,True
Victim Race,named_all,graphsage_geo_blind_mb,logreg,fpr,gap,-0.0947291423033737,-0.139767434618947,-0.050993442635188006,True
Victim Race,named_all,graphsage_geo_blind_mb,logreg,fpr,amplification,-0.7039772733317124,-1.0702743288097825,-0.3817311984330827,True
Victim Race,named_n>=5000,graphsage_geo_blind_mb,logreg,selection_rate,gap,-0.07482261846254723,-0.07860491256223688,-0.0709780790953769,True
Victim Race,named_n>=5000,graphsage_geo_blind_mb,logreg,selection_rate,amplification,-0.9803108272626677,-1.0567012132854974,-0.9113766085401652,True
Victim Race,named_n>=5000,graphsage_geo_blind_mb,logreg,tpr,gap,-0.08931827764934741,-0.09368164818942235,-0.08482598917741589,True
Victim Race,named_n>=5000,graphsage_geo_blind_mb,logreg,tpr,amplification,-1.1702300247075257,-1.2607890835832627,-1.084558729562187,True
Victim Race,named_n>=5000,graphsage_geo_blind_mb,logreg,fpr,gap,-0.05278336569115963,-0.060047355937061085,-0.04572048362029115,True
Victim Race,named_n>=5000,graphsage_geo_blind_mb,logreg,fpr,amplification,-0.6915569910495625,-0.8041985039816962,-0.594898689827423,True
Victim Race,named_all,graphsage_geo_blind_mb,logreg_blind,selection_rate,gap,-0.0152906498313507,-0.04045810666535734,0.0023598486056396334,False
Victim Race,named_all,graphsage_geo_blind_mb,logreg_blind,selection_rate,amplification,-0.1136320852697188,-0.31182976353494873,0.01662968342510557,False
Victim Race,named_all,graphsage_geo_blind_mb,logreg_blind,tpr,gap,-0.05020569689062837,-0.07245098211961302,-0.02240955816636365,True
Victim Race,named_all,graphsage_geo_blind_mb,logreg_blind,tpr,amplification,-0.37310239218247676,-0.5502556924982902,-0.16968501884678394,True
Victim Race,named_all,graphsage_geo_blind_mb,logreg_blind,fpr,gap,0.002002953879412739,-0.04843564488611249,0.05255126701957683,False
Victim Race,named_all,graphsage_geo_blind_mb,logreg_blind,fpr,amplification,0.014884902115153142,-0.3737325591785357,0.3839515510618427,False
Victim Race,named_n>=5000,graphsage_geo_blind_mb,logreg_blind,selection_rate,gap,0.02868218742402534,0.024938758657180808,0.032107321264189324,True
Victim Race,named_n>=5000,graphsage_geo_blind_mb,logreg_blind,selection_rate,amplification,0.37578822365623954,0.32554990977976167,0.4278082266412576,True
Victim Race,named_n>=5000,graphsage_geo_blind_mb,logreg_blind,tpr,gap,0.02106375417567652,0.01682642336073045,0.025125035249621817,True
Victim Race,named_n>=5000,graphsage_geo_blind_mb,logreg_blind,tpr,amplification,0.2759730507366682,0.21723436092305687,0.3360854911291777,True
Victim Race,named_n>=5000,graphsage_geo_blind_mb,logreg_blind,fpr,gap,0.034471850616751565,0.027694482015643035,0.040885440031415185,True
Victim Race,named_n>=5000,graphsage_geo_blind_mb,logreg_blind,fpr,amplification,0.45164322085704756,0.36349363350772534,0.5416609602609357,True
Victim Race,named_all,graphsage_fairloss_a0_mb,graphsage_fairloss_a10_mb,selection_rate,gap,0.03736249379480583,0.015634331204159226,0.058036265718881055,True
Victim Race,named_all,graphsage_fairloss_a0_mb,graphsage_fairloss_a10_mb,selection_rate,amplification,0.27765844667215656,0.11340959669029269,0.45884770606201625,True
Victim Race,named_all,graphsage_fairloss_a0_mb,graphsage_fairloss_a10_mb,tpr,gap,-0.006608393128941015,-0.02322033731883178,0.01125597946401684,False
Victim Race,named_all,graphsage_fairloss_a0_mb,graphsage_fairloss_a10_mb,tpr,amplification,-0.04911010976028063,-0.18192537567633302,0.08420162381458307,False
Victim Race,named_all,graphsage_fairloss_a0_mb,graphsage_fairloss_a10_mb,fpr,gap,0.11853140011088692,0.08043450320214453,0.15240826285139605,True
Victim Race,named_all,graphsage_fairloss_a0_mb,graphsage_fairloss_a10_mb,fpr,amplification,0.880863162330993,0.5773436561034819,1.193260067793091,True
Victim Race,named_n>=5000,graphsage_fairloss_a0_mb,graphsage_fairloss_a10_mb,selection_rate,gap,0.07624322175077247,0.07385849707173431,0.07856878664207938,True
Victim Race,named_n>=5000,graphsage_fairloss_a0_mb,graphsage_fairloss_a10_mb,selection_rate,amplification,0.9989232844755792,0.9382975578780016,1.063738765662768,True
Victim Race,named_n>=5000,graphsage_fairloss_a0_mb,graphsage_fairloss_a10_mb,tpr,gap,0.07083594803820115,0.06794465876183932,0.0737281625058455,True
Victim Race,named_n>=5000,graphsage_fairloss_a0_mb,graphsage_fairloss_a10_mb,tpr,amplification,0.9280782769721353,0.869943125014581,0.9939432839931255,True
Victim Race,named_n>=5000,graphsage_fairloss_a0_mb,graphsage_fairloss_a10_mb,fpr,gap,0.08924940991202307,0.0846407594643921,0.09347893387619306,True
Victim Race,named_n>=5000,graphsage_fairloss_a0_mb,graphsage_fairloss_a10_mb,fpr,amplification,1.1693277335295988,1.0865940446706204,1.2576086191038345,True
Victim Race,named_all,graphsage_fairloss_a0_mb,graphsage_fairloss_a25_mb,selection_rate,gap,0.05212980597162842,0.029911028453845422,0.07609443494837954,True
Victim Race,named_all,graphsage_fairloss_a0_mb,graphsage_fairloss_a25_mb,selection_rate,amplification,0.3874013611322564,0.21869320116659308,0.6015726546131005,True
Victim Race,named_all,graphsage_fairloss_a0_mb,graphsage_fairloss_a25_mb,tpr,gap,0.005112415742552834,-0.013821230252983882,0.028631818345895562,False
Victim Race,named_all,graphsage_fairloss_a0_mb,graphsage_fairloss_a25_mb,tpr,amplification,0.03799279088851515,-0.10139654628120341,0.20423802738235422,False
Victim Race,named_all,graphsage_fairloss_a0_mb,graphsage_fairloss_a25_mb,fpr,gap,0.1748843083309649,0.11456999603616232,0.21845114937787094,True
Victim Race,named_all,graphsage_fairloss_a0_mb,graphsage_fairloss_a25_mb,fpr,amplification,1.299648403160413,0.8371906180403579,1.6902477130824252,True
Victim Race,named_n>=5000,graphsage_fairloss_a0_mb,graphsage_fairloss_a25_mb,selection_rate,gap,0.09707539608744253,0.0945271482713966,0.09964491226297867,True
Victim Race,named_n>=5000,graphsage_fairloss_a0_mb,graphsage_fairloss_a25_mb,selection_rate,amplification,1.2718622229582448,1.1966706935432305,1.3564470520888374,True
Victim Race,named_n>=5000,graphsage_fairloss_a0_mb,graphsage_fairloss_a25_mb,tpr,gap,0.09171399181689432,0.08875777252756599,0.0947822724612708,True
Victim Race,named_n>=5000,graphsage_fairloss_a0_mb,graphsage_fairloss_a25_mb,tpr,amplification,1.201618187615088,1.1259191849008108,1.285812336131713,True
Victim Race,named_n>=5000,graphsage_fairloss_a0_mb,graphsage_fairloss_a25_mb,fpr,gap,0.11002030878570651,0.1048759468920761,0.11501256311143515,True
Victim Race,named_n>=5000,graphsage_fairloss_a0_mb,graphsage_fairloss_a25_mb,fpr,amplification,1.4414638532784965,1.342371471265111,1.5488227147577476,True
Victim Race,named_all,graphsage_fairloss_a0_mb,graphsage_fairloss_a50_mb,selection_rate,gap,0.0358517972521718,0.012401541043783581,0.05957605651837149,True
Victim Race,named_all,graphsage_fairloss_a0_mb,graphsage_fairloss_a50_mb,selection_rate,amplification,0.2664317427555387,0.09319358634728743,0.46658203788350755,True
Victim Race,named_all,graphsage_fairloss_a0_mb,graphsage_fairloss_a50_mb,tpr,gap,-0.005416394868449581,-0.0226332299387974,0.015111056867725245,False
Victim Race,named_all,graphsage_fairloss_a0_mb,graphsage_fairloss_a50_mb,tpr,amplification,-0.040251804229026744,-0.17254541828479494,0.11578411217082368,False
Victim Race,named_all,graphsage_fairloss_a0_mb,graphsage_fairloss_a50_mb,fpr,gap,0.13451710511164905,0.08650096378646349,0.1777943246030232,True
Victim Race,named_all,graphsage_fairloss_a0_mb,graphsage_fairloss_a50_mb,fpr,amplification,0.9996605328664683,0.6283700270854965,1.3816975618426799,True
Victim Race,named_n>=5000,graphsage_fairloss_a0_mb,graphsage_fairloss_a50_mb,selection_rate,gap,0.10144876192083119,0.09873587970893187,0.10410706556395144,True
Victim Race,named_n>=5000,graphsage_fairloss_a0_mb,graphsage_fairloss_a50_mb,selection_rate,amplification,1.3291611783563044,1.2573042909072067,1.4100925335048555,True
Victim Race,named_n>=5000,graphsage_fairloss_a0_mb,graphsage_fairloss_a50_mb,tpr,gap,0.09667871731534139,0.09254070611274652,0.09946690039575545,True
Victim Race,named_n>=5000,graphsage_fairloss_a0_mb,graphsage_fairloss_a50_mb,tpr,amplification,1.2666650178453196,1.1838233868435852,1.3410271643215625,True
Victim Race,named_n>=5000,graphsage_fairloss_a0_mb,graphsage_fairloss_a50_mb,fpr,gap,0.111720545256843,0.10638312511146047,0.11716780259308408,True
Victim Race,named_n>=5000,graphsage_fairloss_a0_mb,graphsage_fairloss_a50_mb,fpr,amplification,1.4637400079468375,1.3692249378090995,1.5770895184002658,True
Victim Race,named_all,graphsage_fairloss_a0_mb,graphsage_fairloss_a100_mb,selection_rate,gap,0.04801582539004162,0.0224166408331659,0.07306811709567274,True
Victim Race,named_all,graphsage_fairloss_a0_mb,graphsage_fairloss_a100_mb,selection_rate,amplification,0.35682841639799445,0.16143630839122924,0.5658017748961636,True
Victim Race,named_all,graphsage_fairloss_a0_mb,graphsage_fairloss_a100_mb,tpr,gap,0.002032180908893344,-0.018611953129758614,0.02541548640691819,False
Victim Race,named_all,graphsage_fairloss_a0_mb,graphsage_fairloss_a100_mb,tpr,amplification,0.01510210206039786,-0.13379180985367048,0.19071552932485525,False
Victim Race,named_all,graphsage_fairloss_a0_mb,graphsage_fairloss_a100_mb,fpr,gap,0.16776345823036126,0.10989077387283303,0.21843523559328423,True
Victim Race,named_all,graphsage_fairloss_a0_mb,graphsage_fairloss_a100_mb,fpr,amplification,1.2467299821155697,0.7815472063470796,1.7100636920342365,True
Victim Race,named_n>=5000,graphsage_fairloss_a0_mb,graphsage_fairloss_a100_mb,selection_rate,gap,0.11185302662254737,0.10896298808055184,0.11478015877976834,True
Victim Race,named_n>=5000,graphsage_fairloss_a0_mb,graphsage_fairloss_a100_mb,selection_rate,amplification,1.4654757520290302,1.3762724082182665,1.5543631793444634,True
Victim Race,named_n>=5000,graphsage_fairloss_a0_mb,graphsage_fairloss_a100_mb,tpr,gap,0.09247524175787791,0.08330028951476932,0.10147263359949193,True
Victim Race,named_n>=5000,graphsage_fairloss_a0_mb,graphsage_fairloss_a100_mb,tpr,amplification,1.2115919305117338,1.0782300349051437,1.347367558644894,True
Victim Race,named_n>=5000,graphsage_fairloss_a0_mb,graphsage_fairloss_a100_mb,fpr,gap,0.12452888876592072,0.11919011872770702,0.12998785352768766,True
Victim Race,named_n>=5000,graphsage_fairloss_a0_mb,graphsage_fairloss_a100_mb,fpr,amplification,1.6315523363476863,1.5245877041705223,1.747849283492702,True
Victim Race,named_all,graphsage_fairloss_a0_mb,xgboost,selection_rate,gap,-0.0539568140092197,-0.07182501629383606,-0.0374848499146153,True
Victim Race,named_all,graphsage_fairloss_a0_mb,xgboost,selection_rate,amplification,-0.4009787260844231,-0.5534200926395467,-0.272501358630082,True
Victim Race,named_all,graphsage_fairloss_a0_mb,xgboost,tpr,gap,-0.04966885531717713,-0.07220061902624474,-0.02399743082272515,True
Victim Race,named_all,graphsage_fairloss_a0_mb,xgboost,tpr,amplification,-0.3691128673340516,-0.5458184802199874,-0.17861597851193323,True
Victim Race,named_all,graphsage_fairloss_a0_mb,xgboost,fpr,gap,-0.03439941667870278,-0.0821575456260059,0.009802916330234406,False
Victim Race,named_all,graphsage_fairloss_a0_mb,xgboost,fpr,amplification,-0.25563841251851116,-0.6256539783306112,0.07741767710156999,False
Victim Race,named_n>=5000,graphsage_fairloss_a0_mb,xgboost,selection_rate,gap,-0.05656385567752131,-0.05993995713037978,-0.05339701050294753,True
Victim Race,named_n>=5000,graphsage_fairloss_a0_mb,xgboost,selection_rate,amplification,-0.7410882069056814,-0.8020364917785296,-0.6831792450620672,True
Victim Race,named_n>=5000,graphsage_fairloss_a0_mb,xgboost,tpr,gap,-0.06405758175989129,-0.06823998969644604,-0.060093905177734865,True
Victim Race,named_n>=5000,graphsage_fairloss_a0_mb,xgboost,tpr,amplification,-0.8392694917368866,-0.9085548387740771,-0.7696946519805005,True
Victim Race,named_n>=5000,graphsage_fairloss_a0_mb,xgboost,fpr,gap,-0.037985736310525264,-0.04366274427960043,-0.03174269112828884,True
Victim Race,named_n>=5000,graphsage_fairloss_a0_mb,xgboost,fpr,amplification,-0.49768144114593027,-0.5793970966669693,-0.4140831946238197,True
Victim Race,named_all,graphsage_fairloss_a0_mb,xgboost_blind,selection_rate,gap,0.019160948347148765,0.003931687399222247,0.036036151692116165,True
Victim Race,named_all,graphsage_fairloss_a0_mb,xgboost_blind,selection_rate,amplification,0.14239411277130465,0.029315282031256957,0.27794852029402267,True
Victim Race,named_all,graphsage_fairloss_a0_mb,xgboost_blind,tpr,gap,0.011090683393154555,-0.012577156891666438,0.03305245404995223,False
Victim Race,named_all,graphsage_fairloss_a0_mb,xgboost_blind,tpr,amplification,0.08242013877307319,-0.09219789285590295,0.24842775686724583,False
Victim Race,named_all,graphsage_fairloss_a0_mb,xgboost_blind,fpr,gap,0.07920683212739882,0.03971278830857089,0.12165163413092353,True
Victim Race,named_all,graphsage_fairloss_a0_mb,xgboost_blind,fpr,amplification,0.5886236099522151,0.2949242134811583,0.9347780561869605,True
Victim Race,named_n>=5000,graphsage_fairloss_a0_mb,xgboost_blind,selection_rate,gap,0.013014130873145624,0.009881760325825845,0.01622597432964367,True
Victim Race,named_n>=5000,graphsage_fairloss_a0_mb,xgboost_blind,selection_rate,amplification,0.17050851286023927,0.12784803626887273,0.21119036002412717,True
Victim Race,named_n>=5000,graphsage_fairloss_a0_mb,xgboost_blind,tpr,gap,0.005858954070149802,0.001922496402708551,0.009592406939504862,True
Victim Race,named_n>=5000,graphsage_fairloss_a0_mb,xgboost_blind,tpr,amplification,0.07676283227480885,0.025244705997507028,0.12534435911109823,True
Victim Race,named_n>=5000,graphsage_fairloss_a0_mb,xgboost_blind,fpr,gap,0.0269022214256332,0.021283982409766092,0.03253206156529847,True
Victim Race,named_n>=5000,graphsage_fairloss_a0_mb,xgboost_blind,fpr,amplification,0.35246746883319546,0.2769771226475407,0.43026806953598074,True
Victim Race,named_all,graphsage_fairloss_a0_mb,logreg,selection_rate,gap,-0.10917662077988144,-0.12666627186305868,-0.09321280278262432,True
Victim Race,named_all,graphsage_fairloss_a0_mb,logreg,selection_rate,amplification,-0.8113433515744402,-1.0111832437269888,-0.6625018773045215,True
Victim Race,named_all,graphsage_fairloss_a0_mb,logreg,tpr,gap,-0.11500213654420621,-0.13719260393665894,-0.08759310058149786,True
Victim Race,named_all,graphsage_fairloss_a0_mb,logreg,tpr,amplification,-0.8546355276018187,-1.0756353544204713,-0.6364055724559226,True
Victim Race,named_all,graphsage_fairloss_a0_mb,logreg,fpr,gap,-0.0872715286093006,-0.13495150456884084,-0.04292391671573738,True
Victim Race,named_all,graphsage_fairloss_a0_mb,logreg,fpr,amplification,-0.6485562019880962,-1.0287068278677411,-0.32631517724146664,True
Victim Race,named_n>=5000,graphsage_fairloss_a0_mb,logreg,selection_rate,gap,-0.07498553976207334,-0.0789752254428696,-0.07133108883312371,True
Victim Race,named_n>=5000,graphsage_fairloss_a0_mb,logreg,selection_rate,amplification,-0.9824453892066218,-1.063158487193054,-0.9109327027813119,True
Victim Race,named_n>=5000,graphsage_fairloss_a0_mb,logreg,tpr,gap,-0.08992231207104462,-0.09417286862815213,-0.08509993659695679,True
Victim Race,named_n>=5000,graphsage_fairloss_a0_mb,logreg,tpr,amplification,-1.1781439616399187,-1.2716649108336222,-1.091868347981172,True
Victim Race,named_n>=5000,graphsage_fairloss_a0_mb,logreg,fpr,gap,-0.05179792375097972,-0.05855135025881463,-0.044972261456721146,True
Victim Race,named_n>=5000,graphsage_fairloss_a0_mb,logreg,fpr,amplification,-0.6786459298832035,-0.7714589385173024,-0.5793141830614815,True
Victim Race,named_all,graphsage_fairloss_a0_mb,logreg_blind,selection_rate,gap,-0.010179730495520067,-0.03458967357961656,0.005449087999325186,False
Victim Race,named_all,graphsage_fairloss_a0_mb,logreg_blind,selection_rate,amplification,-0.07565041489067381,-0.2712174895602496,0.043454170473481046,False
Victim Race,named_all,graphsage_fairloss_a0_mb,logreg_blind,tpr,gap,-0.037575125027179745,-0.06115421509529949,-0.01153447543806769,True
Victim Race,named_all,graphsage_fairloss_a0_mb,logreg_blind,tpr,amplification,-0.27923861040585085,-0.4617022707428153,-0.08506551947687398,True
Victim Race,named_all,graphsage_fairloss_a0_mb,logreg_blind,fpr,gap,0.009460567573485845,-0.03893670079408283,0.05552395940481049,False
Victim Race,named_all,graphsage_fairloss_a0_mb,logreg_blind,fpr,amplification,0.07030597345876943,-0.2853439367262308,0.40766172031437,False
Victim Race,named_n>=5000,graphsage_fairloss_a0_mb,logreg_blind,selection_rate,gap,0.028519266124499232,0.024657809904819562,0.03193503150561415,True
Victim Race,named_n>=5000,graphsage_fairloss_a0_mb,logreg_blind,selection_rate,amplification,0.3736536617122854,0.3231895956808493,0.4229514321427619,True
Victim Race,named_n>=5000,graphsage_fairloss_a0_mb,logreg_blind,tpr,gap,0.02045971975397931,0.01616097098758872,0.024449568331385122,True
Victim Race,named_n>=5000,graphsage_fairloss_a0_mb,logreg_blind,tpr,amplification,0.26805911380427516,0.20792609710209195,0.325825686981842,True
Victim Race,named_n>=5000,graphsage_fairloss_a0_mb,logreg_blind,fpr,gap,0.035457292556931475,0.028629196338415222,0.042447622790492474,True
Victim Race,named_n>=5000,graphsage_fairloss_a0_mb,logreg_blind,fpr,amplification,0.46455428202340654,0.3731922651016616,0.5586190147217132,True
Victim Race,named_all,graphsage_fairloss_a10_mb,graphsage_fairloss_a25_mb,selection_rate,gap,0.014767312176822589,0.0012641884290976485,0.028046631711591698,True
Victim Race,named_all,graphsage_fairloss_a10_mb,graphsage_fairloss_a25_mb,selection_rate,amplification,0.10974291446009987,0.009846830111295543,0.21530688628038114,True
Victim Race,named_all,graphsage_fairloss_a10_mb,graphsage_fairloss_a25_mb,tpr,gap,0.011720808871493849,-0.0034358797866954616,0.02634604364217746,False
Victim Race,named_all,graphsage_fairloss_a10_mb,graphsage_fairloss_a25_mb,tpr,amplification,0.08710290064879578,-0.02602243359757716,0.19891744224575003,False
Victim Race,named_all,graphsage_fairloss_a10_mb,graphsage_fairloss_a25_mb,fpr,gap,0.05635290822007799,0.01673360777571091,0.08772440832988802,True
Victim Race,named_all,graphsage_fairloss_a10_mb,graphsage_fairloss_a25_mb,fpr,amplification,0.41878524082942004,0.12536896327714508,0.6823355138852895,True
Victim Race,named_n>=5000,graphsage_fairloss_a10_mb,graphsage_fairloss_a25_mb,selection_rate,gap,0.020832174336670062,0.019062747746776448,0.02262073377193482,True
Victim Race,named_n>=5000,graphsage_fairloss_a10_mb,graphsage_fairloss_a25_mb,selection_rate,amplification,0.2729389384826656,0.2459044557440346,0.3012020441290241,True
Victim Race,named_n>=5000,graphsage_fairloss_a10_mb,graphsage_fairloss_a25_mb,tpr,gap,0.02087804377869318,0.018830195121769068,0.023006382701845927,True
Victim Race,named_n>=5000,graphsage_fairloss_a10_mb,graphsage_fairloss_a25_mb,tpr,amplification,0.2735399106429526,0.24372094126214966,0.30544002421445227,True
Victim Race,named_n>=5000,graphsage_fairloss_a10_mb,graphsage_fairloss_a25_mb,fpr,gap,0.02077089887368344,0.017594514121974488,0.023914622407527415,True
Victim Race,named_n>=5000,graphsage_fairloss_a10_mb,graphsage_fairloss_a25_mb,fpr,amplification,0.2721361197488975,0.2282038138662628,0.3161809398778561,True
Victim Race,named_all,graphsage_fairloss_a10_mb,graphsage_fairloss_a50_mb,selection_rate,gap,-0.0015106965426340269,-0.013886676033081802,0.010349912853714859,False
Victim Race,named_all,graphsage_fairloss_a10_mb,graphsage_fairloss_a50_mb,selection_rate,amplification,-0.011226703916617842,-0.10215360165846943,0.07869664575480737,False
Victim Race,named_all,graphsage_fairloss_a10_mb,graphsage_fairloss_a50_mb,tpr,gap,0.0011919982604914336,-0.012440916326343823,0.014808484617233884,False
Victim Race,named_all,graphsage_fairloss_a10_mb,graphsage_fairloss_a50_mb,tpr,amplification,0.008858305531253885,-0.09384248944735248,0.10744868399520764,False
Victim Race,named_all,graphsage_fairloss_a10_mb,graphsage_fairloss_a50_mb,fpr,gap,0.01598570500076213,-0.018871630254744788,0.04505373088975329,False
Victim Race,named_all,graphsage_fairloss_a10_mb,graphsage_fairloss_a50_mb,fpr,amplification,0.11879737053547523,-0.1418576816346841,0.3389237348263335,False
Victim Race,named_n>=5000,graphsage_fairloss_a10_mb,graphsage_fairloss_a50_mb,selection_rate,gap,0.025205540170058716,0.023482312614746027,0.02688829933081651,True
Victim Race,named_n>=5000,graphsage_fairloss_a10_mb,graphsage_fairloss_a50_mb,selection_rate,amplification,0.33023789388072516,0.3016849492716,0.35858004235717733,True
Victim Race,named_n>=5000,graphsage_fairloss_a10_mb,graphsage_fairloss_a50_mb,tpr,gap,0.025842769277140243,0.02180020351027244,0.02765567656643653,True
Victim Race,named_n>=5000,graphsage_fairloss_a10_mb,graphsage_fairloss_a50_mb,tpr,amplification,0.3385867408731842,0.2850067221523489,0.36735094375331123,True
Victim Race,named_n>=5000,graphsage_fairloss_a10_mb,graphsage_fairloss_a50_mb,fpr,gap,0.022471135344819926,0.01938247039783865,0.026140749276074415,True
Victim Race,named_n>=5000,graphsage_fairloss_a10_mb,graphsage_fairloss_a50_mb,fpr,amplification,0.2944122744172385,0.2529727604784016,0.34524331963944627,True
Victim Race,named_all,graphsage_fairloss_a10_mb,graphsage_fairloss_a100_mb,selection_rate,gap,0.010653331595235793,-0.003913332898808998,0.02654888037542911,False
Victim Race,named_all,graphsage_fairloss_a10_mb,graphsage_fairloss_a100_mb,selection_rate,amplification,0.0791699697258379,-0.02932471287222248,0.2002316038407844,False
Victim Race,named_all,graphsage_fairloss_a10_mb,graphsage_fairloss_a100_mb,tpr,gap,0.008640574037834359,-0.008466605722284555,0.025764411441801742,False
Victim Race,named_all,graphsage_fairloss_a10_mb,graphsage_fairloss_a100_mb,tpr,amplification,0.06421221182067849,-0.06326477498068422,0.19547172068735696,False
Victim Race,named_all,graphsage_fairloss_a10_mb,graphsage_fairloss_a100_mb,fpr,gap,0.04923205811947434,0.009354728824261064,0.09017275725035558,True
Victim Race,named_all,graphsage_fairloss_a10_mb,graphsage_fairloss_a100_mb,fpr,amplification,0.3658668197845767,0.07107751241174753,0.6758131561799243,True
Victim Race,named_n>=5000,graphsage_fairloss_a10_mb,graphsage_fairloss_a100_mb,selection_rate,gap,0.0356098048717749,0.03362800909912509,0.03735189737490518,True
Victim Race,named_n>=5000,graphsage_fairloss_a10_mb,graphsage_fairloss_a100_mb,selection_rate,amplification,0.46655246755345114,0.4324456852534617,0.5026627026275028,True
Victim Race,named_n>=5000,graphsage_fairloss_a10_mb,graphsage_fairloss_a100_mb,tpr,gap,0.021639293719676767,0.012079989838108674,0.031225123285960794,True
Victim Race,named_n>=5000,graphsage_fairloss_a10_mb,graphsage_fairloss_a100_mb,tpr,amplification,0.2835136535395985,0.16035207731543102,0.4127350849037298,True
Victim Race,named_n>=5000,graphsage_fairloss_a10_mb,graphsage_fairloss_a100_mb,fpr,gap,0.03527947885389765,0.03153970563432798,0.03894417647487133,True
Victim Race,named_n>=5000,graphsage_fairloss_a10_mb,graphsage_fairloss_a100_mb,fpr,amplification,0.4622246028180875,0.4095963440744738,0.5202757724475224,True
Victim Race,named_all,graphsage_fairloss_a10_mb,xgboost,selection_rate,gap,-0.09131930780402553,-0.115201164597987,-0.06456782474771347,True
Victim Race,named_all,graphsage_fairloss_a10_mb,xgboost,selection_rate,amplification,-0.6786371727565796,-0.9251243639546721,-0.47019325448415805,True
Victim Race,named_all,graphsage_fairloss_a10_mb,xgboost,tpr,gap,-0.043060462188236115,-0.07202687196908757,-0.011864564611398315,True
Victim Race,named_all,graphsage_fairloss_a10_mb,xgboost,tpr,amplification,-0.32000275757377095,-0.5686160719525915,-0.08919873337633073,True
Victim Race,named_all,graphsage_fairloss_a10_mb,xgboost,fpr,gap,-0.1529308167895897,-0.19721218512088076,-0.10653348642617837,True
Victim Race,named_all,graphsage_fairloss_a10_mb,xgboost,fpr,amplification,-1.1365015748495042,-1.550763304772943,-0.7738958788235205,True
Victim Race,named_n>=5000,graphsage_fairloss_a10_mb,xgboost,selection_rate,gap,-0.13280707742829378,-0.136515659579585,-0.12947663617582683,True
Victim Race,named_n>=5000,graphsage_fairloss_a10_mb,xgboost,selection_rate,amplification,-1.7400114913812605,-1.856001451283938,-1.6355700119410166,True
Victim Race,named_n>=5000,graphsage_fairloss_a10_mb,xgboost,tpr,gap,-0.13489352979809244,-0.13928846527527713,-0.13063255944754376,True
Victim Race,named_n>=5000,graphsage_fairloss_a10_mb,xgboost,tpr,amplification,-1.7673477687090218,-1.8867462873418077,-1.65896772594112,True
Victim Race,named_n>=5000,graphsage_fairloss_a10_mb,xgboost,fpr,gap,-0.12723514622254833,-0.13400302226843022,-0.12051106997693806,True
Victim Race,named_n>=5000,graphsage_fairloss_a10_mb,xgboost,fpr,amplification,-1.6670091746755291,-1.7950339479491537,-1.5498729751291125,True
Victim Race,named_all,graphsage_fairloss_a10_mb,xgboost_blind,selection_rate,gap,-0.018201545447657064,-0.043054602751255576,0.0071524208611447385,False
Victim Race,named_all,graphsage_fairloss_a10_mb,xgboost_blind,selection_rate,amplification,-0.1352643339008519,-0.3257517861585727,0.05268346705796998,False
Victim Race,named_all,graphsage_fairloss_a10_mb,xgboost_blind,tpr,gap,0.01769907652209557,-0.0100316495447197,0.04201438259719446,False
Victim Race,named_all,graphsage_fairloss_a10_mb,xgboost_blind,tpr,amplification,0.13153024853335382,-0.0758467185461171,0.3155912015817607,False
Victim Race,named_all,graphsage_fairloss_a10_mb,xgboost_blind,fpr,gap,-0.0393245679834881,-0.08262430223932479,0.0015984954057146044,False
Victim Race,named_all,graphsage_fairloss_a10_mb,xgboost_blind,fpr,amplification,-0.29223955237877797,-0.6150257156297794,0.01184264171477468,False
Victim Race,named_n>=5000,graphsage_fairloss_a10_mb,xgboost_blind,selection_rate,gap,-0.06322909087762685,-0.0665421835265127,-0.05999403828815275,True
Victim Race,named_n>=5000,graphsage_fairloss_a10_mb,xgboost_blind,selection_rate,amplification,-0.8284147716153399,-0.8961102491199954,-0.7684239938604378,True
Victim Race,named_n>=5000,graphsage_fairloss_a10_mb,xgboost_blind,tpr,gap,-0.06497699396805134,-0.0688021256012534,-0.0611335154743168,True
Victim Race,named_n>=5000,graphsage_fairloss_a10_mb,xgboost_blind,tpr,amplification,-0.8513154446973265,-0.9242582436612283,-0.7836215615680209,True
Victim Race,named_n>=5000,graphsage_fairloss_a10_mb,xgboost_blind,fpr,gap,-0.06234718848638987,-0.06886119576762213,-0.05602728355242655,True
Victim Race,named_n>=5000,graphsage_fairloss_a10_mb,xgboost_blind,fpr,amplification,-0.8168602646964034,-0.9140160765040692,-0.7251689604047381,True
Victim Race,named_all,graphsage_fairloss_a10_mb,logreg,selection_rate,gap,-0.14653911457468727,-0.1730051907917082,-0.12098170270481723,True
Victim Race,named_all,graphsage_fairloss_a10_mb,logreg,selection_rate,amplification,-1.0890017982465967,-1.3768366128691307,-0.840337911930402,True
Victim Race,named_all,graphsage_fairloss_a10_mb,logreg,tpr,gap,-0.1083937434152652,-0.1384129739278455,-0.07992115044290296,True
Victim Race,named_all,graphsage_fairloss_a10_mb,logreg,tpr,amplification,-0.8055254178415381,-1.089592971660085,-0.5857136067305643,True
Victim Race,named_all,graphsage_fairloss_a10_mb,logreg,fpr,gap,-0.20580292872018752,-0.25135816172680564,-0.15384228271014383,True
Victim Race,named_all,graphsage_fairloss_a10_mb,logreg,fpr,amplification,-1.5294193643190892,-1.991963825189575,-1.111918627811338,True
Victim Race,named_n>=5000,graphsage_fairloss_a10_mb,logreg,selection_rate,gap,-0.1512287615128458,-0.15494404987573718,-0.14741394187964102,True
Victim Race,named_n>=5000,graphsage_fairloss_a10_mb,logreg,selection_rate,amplification,-1.981368673682201,-2.1038641442181367,-1.8590957526885876,True
Victim Race,named_n>=5000,graphsage_fairloss_a10_mb,logreg,tpr,gap,-0.16075826010924577,-0.16532922730352462,-0.15619524521726194,True
Victim Race,named_n>=5000,graphsage_fairloss_a10_mb,logreg,tpr,amplification,-2.106222238612054,-2.2375532851433886,-1.9837954779477083,True
Victim Race,named_n>=5000,graphsage_fairloss_a10_mb,logreg,fpr,gap,-0.1410473336630028,-0.14878699399752207,-0.13358181484554532,True
Victim Race,named_n>=5000,graphsage_fairloss_a10_mb,logreg,fpr,amplification,-1.8479736634128023,-1.9851730229356015,-1.712442743854957,True
Victim Race,named_all,graphsage_fairloss_a10_mb,logreg_blind,selection_rate,gap,-0.047542224290325896,-0.07428548316092423,-0.026871768224678017,True
Victim Race,named_all,graphsage_fairloss_a10_mb,logreg_blind,selection_rate,amplification,-0.35330886156283037,-0.5876376781808488,-0.20071785604447104,True
Victim Race,named_all,graphsage_fairloss_a10_mb,logreg_blind,tpr,gap,-0.03096673189823873,-0.058367910675034045,-0.006305368563094299,True
Victim Race,named_all,graphsage_fairloss_a10_mb,logreg_blind,tpr,amplification,-0.23012850064557022,-0.451657810281306,-0.047659982524221094,True
Victim Race,named_all,graphsage_fairloss_a10_mb,logreg_blind,fpr,gap,-0.10907083253740107,-0.16122552886560132,-0.05520310111257672,True
Victim Race,named_all,graphsage_fairloss_a10_mb,logreg_blind,fpr,amplification,-0.8105571888722236,-1.2383714616954244,-0.39899811364394877,True
Victim Race,named_n>=5000,graphsage_fairloss_a10_mb,logreg_blind,selection_rate,gap,-0.04772395562627324,-0.05138209343162631,-0.0439850014273327,True
Victim Race,named_n>=5000,graphsage_fairloss_a10_mb,logreg_blind,selection_rate,amplification,-0.6252696227632938,-0.6854278068767152,-0.5663585301256338,True
Victim Race,named_n>=5000,graphsage_fairloss_a10_mb,logreg_blind,tpr,gap,-0.050376228284221836,-0.05475904857196718,-0.045965676598717205,True
Victim Race,named_n>=5000,graphsage_fairloss_a10_mb,logreg_blind,tpr,amplification,-0.6600191631678601,-0.7285849232195332,-0.5942546357803884,True
Victim Race,named_n>=5000,graphsage_fairloss_a10_mb,logreg_blind,fpr,gap,-0.053792117355091595,-0.06047657916329476,-0.046786538012607924,True
Victim Race,named_n>=5000,graphsage_fairloss_a10_mb,logreg_blind,fpr,amplification,-0.7047734515061923,-0.803058510720512,-0.6045847897061246,True
Victim Race,named_all,graphsage_fairloss_a25_mb,graphsage_fairloss_a50_mb,selection_rate,gap,-0.016278008719456616,-0.027932056072961488,-0.00552247939630071,True
Victim Race,named_all,graphsage_fairloss_a25_mb,graphsage_fairloss_a50_mb,selection_rate,amplification,-0.12096961837671771,-0.21307791528301812,-0.039594949357079766,True
Victim Race,named_all,graphsage_fairloss_a25_mb,graphsage_fairloss_a50_mb,tpr,gap,-0.010528810611002415,-0.02278834268600024,0.0018537747502039678,False
Victim Race,named_all,graphsage_fairloss_a25_mb,graphsage_fairloss_a50_mb,tpr,amplification,-0.07824459511754189,-0.1754606807433771,0.01310538257770015,False
Victim Race,named_all,graphsage_fairloss_a25_mb,graphsage_fairloss_a50_mb,fpr,gap,-0.04036720321931586,-0.06825952697159428,-0.010089884723819815,True
Victim Race,named_all,graphsage_fairloss_a25_mb,graphsage_fairloss_a50_mb,fpr,amplification,-0.2999878702939448,-0.5175464728897972,-0.07173168257133292,True
Victim Race,named_n>=5000,graphsage_fairloss_a25_mb,graphsage_fairloss_a50_mb,selection_rate,gap,0.004373365833388654,0.002634369243897128,0.00603658015611497,True
Victim Race,named_n>=5000,graphsage_fairloss_a25_mb,graphsage_fairloss_a50_mb,selection_rate,amplification,0.05729895539805957,0.03486807857198966,0.07854013443704112,True
Victim Race,named_n>=5000,graphsage_fairloss_a25_mb,graphsage_fairloss_a50_mb,tpr,gap,0.004964725498447065,0.00041959920992173114,0.006773879617450148,True
Victim Race,named_n>=5000,graphsage_fairloss_a25_mb,graphsage_fairloss_a50_mb,tpr,amplification,0.0650468302302316,0.005258951144854636,0.089451705559622,True
Victim Race,named_n>=5000,graphsage_fairloss_a25_mb,graphsage_fairloss_a50_mb,fpr,gap,0.0017002364711364848,-0.0013715003845688534,0.004866872647167099,False
Victim Race,named_n>=5000,graphsage_fairloss_a25_mb,graphsage_fairloss_a50_mb,fpr,amplification,0.022276154668340986,-0.018785893405394705,0.06287152890345224,False
Victim Race,named_all,graphsage_fairloss_a25_mb,graphsage_fairloss_a100_mb,selection_rate,gap,-0.004113980581586796,-0.01634344085398535,0.007777956817929543,False
Victim Race,named_all,graphsage_fairloss_a25_mb,graphsage_fairloss_a100_mb,selection_rate,amplification,-0.030572944734261975,-0.1249525085332018,0.05710854150519779,False
Victim Race,named_all,graphsage_fairloss_a25_mb,graphsage_fairloss_a100_mb,tpr,gap,-0.00308023483365949,-0.01721327567899859,0.010298494300707313,False
Victim Race,named_all,graphsage_fairloss_a25_mb,graphsage_fairloss_a100_mb,tpr,amplification,-0.02289068882811729,-0.13210946193283643,0.07750069542936365,False
Victim Race,named_all,graphsage_fairloss_a25_mb,graphsage_fairloss_a100_mb,fpr,gap,-0.007120850100603648,-0.03519522398634416,0.030079747648521775,False
Victim Race,named_all,graphsage_fairloss_a25_mb,graphsage_fairloss_a100_mb,fpr,amplification,-0.052918421044843345,-0.2521933053868092,0.22995398841785125,False
Victim Race,named_n>=5000,graphsage_fairloss_a25_mb,graphsage_fairloss_a100_mb,selection_rate,gap,0.014777630535104835,0.0130269860203885,0.016531503132870485,True
Victim Race,named_n>=5000,graphsage_fairloss_a25_mb,graphsage_fairloss_a100_mb,selection_rate,amplification,0.19361352907078555,0.16897274039206964,0.21812429643470285,True
Victim Race,named_n>=5000,graphsage_fairloss_a25_mb,graphsage_fairloss_a100_mb,tpr,gap,0.0007612499409835882,-0.008394953165445373,0.010609951836054291,False
Victim Race,named_n>=5000,graphsage_fairloss_a25_mb,graphsage_fairloss_a100_mb,tpr,amplification,0.009973742896645918,-0.10851638531963366,0.13808689733383545,False
Victim Race,named_n>=5000,graphsage_fairloss_a25_mb,graphsage_fairloss_a100_mb,fpr,gap,0.014508579980214209,0.011325235099705436,0.017620214861887782,True
Victim Race,named_n>=5000,graphsage_fairloss_a25_mb,graphsage_fairloss_a100_mb,fpr,amplification,0.19008848306919002,0.1477669485386623,0.23378283400391714,True
Victim Race,named_all,graphsage_fairloss_a25_mb,xgboost,selection_rate,gap,-0.10608661998084812,-0.13218710497681352,-0.08127820074951447,True
Victim Race,named_all,graphsage_fairloss_a25_mb,xgboost,selection_rate,amplification,-0.7883800872166795,-1.045413650616515,-0.5713885722601535,True
Victim Race,named_all,graphsage_fairloss_a25_mb,xgboost,tpr,gap,-0.05478127105972996,-0.08531369617155682,-0.025424376679874836,True
Victim Race,named_all,graphsage_fairloss_a25_mb,xgboost,tpr,amplification,-0.4071056582225667,-0.6664231626718515,-0.19055788719957992,True
Victim Race,named_all,graphsage_fairloss_a25_mb,xgboost,fpr,gap,-0.2092837250096677,-0.2561322894291983,-0.15329536639905098,True
Victim Race,named_all,graphsage_fairloss_a25_mb,xgboost,fpr,amplification,-1.5552868156789241,-2.0134621851570675,-1.0886912468450607,True
Victim Race,named_n>=5000,graphsage_fairloss_a25_mb,xgboost,selection_rate,gap,-0.15363925176496385,-0.15717460604476094,-0.1500869248110572,True
Victim Race,named_n>=5000,graphsage_fairloss_a25_mb,xgboost,selection_rate,amplification,-2.0129504298639262,-2.144591138373792,-1.9032579526427074,True
Victim Race,named_n>=5000,graphsage_fairloss_a25_mb,xgboost,tpr,gap,-0.15577157357678562,-0.16023099288026224,-0.15143869852212755,True
Victim Race,named_n>=5000,graphsage_fairloss_a25_mb,xgboost,tpr,amplification,-2.0408876793519743,-2.179625786084018,-1.9236041793144103,True
Victim Race,named_n>=5000,graphsage_fairloss_a25_mb,xgboost,fpr,gap,-0.14800604509623178,-0.15428957636597662,-0.14101590133874378,True
Victim Race,named_n>=5000,graphsage_fairloss_a25_mb,xgboost,fpr,amplification,-1.9391452944244265,-2.084042614735385,-1.8116236043024783,True
Victim Race,named_all,graphsage_fairloss_a25_mb,xgboost_blind,selection_rate,gap,-0.03296885762447965,-0.05916977530682868,-0.006535051387487906,True
Victim Race,named_all,graphsage_fairloss_a25_mb,xgboost_blind,selection_rate,amplification,-0.24500724836095178,-0.4556157357583991,-0.047513431629652055,True
Victim Race,named_all,graphsage_fairloss_a25_mb,xgboost_blind,tpr,gap,0.005978267650601721,-0.024064762439194726,0.03093034297625185,False
Victim Race,named_all,graphsage_fairloss_a25_mb,xgboost_blind,tpr,amplification,0.044427347884558044,-0.1823363181943855,0.23729828314003626,False
Victim Race,named_all,graphsage_fairloss_a25_mb,xgboost_blind,fpr,gap,-0.09567747620356609,-0.13937900674340076,-0.04407471524648481,True
Victim Race,named_all,graphsage_fairloss_a25_mb,xgboost_blind,fpr,amplification,-0.711024793208198,-1.0841205886956093,-0.3090801867735668,True
Victim Race,named_n>=5000,graphsage_fairloss_a25_mb,xgboost_blind,selection_rate,gap,-0.08406126521429691,-0.08731684832029506,-0.08085357148842393,True
Victim Race,named_n>=5000,graphsage_fairloss_a25_mb,xgboost_blind,selection_rate,amplification,-1.1013537100980055,-1.1819006047270615,-1.0339616509883012,True
Victim Race,named_n>=5000,graphsage_fairloss_a25_mb,xgboost_blind,tpr,gap,-0.08585503774674452,-0.089835824713537,-0.08215384789538879,True
Victim Race,named_n>=5000,graphsage_fairloss_a25_mb,xgboost_blind,tpr,amplification,-1.1248553553402791,-1.2108843919081034,-1.0524089193847321,True
Victim Race,named_n>=5000,graphsage_fairloss_a25_mb,xgboost_blind,fpr,gap,-0.08311808736007331,-0.08946385816358132,-0.07665746554754352,True
Victim Race,named_n>=5000,graphsage_fairloss_a25_mb,xgboost_blind,fpr,amplification,-1.0889963844453008,-1.193147328657721,-0.9971454476815724,True
Victim Race,named_all,graphsage_fairloss_a25_mb,logreg,selection_rate,gap,-0.16130642675150986,-0.1890583551919634,-0.13272790815911387,True
Victim Race,named_all,graphsage_fairloss_a25_mb,logreg,selection_rate,amplification,-1.1987447127066966,-1.5170319143545958,-0.9439713273319276,True
Victim Race,named_all,graphsage_fairloss_a25_mb,logreg,tpr,gap,-0.12011455228675905,-0.14760247394757764,-0.09122616459330954,True
Victim Race,named_all,graphsage_fairloss_a25_mb,logreg,tpr,amplification,-0.8926283184903339,-1.1777683234493317,-0.6433310370989672,True
Victim Race,named_all,graphsage_fairloss_a25_mb,logreg,fpr,gap,-0.2621558369402655,-0.3112553119076722,-0.2052256730202071,True
Victim Race,named_all,graphsage_fairloss_a25_mb,logreg,fpr,amplification,-1.9482046051485091,-2.472223932400169,-1.4722926485817958,True
Victim Race,named_n>=5000,graphsage_fairloss_a25_mb,logreg,selection_rate,gap,-0.17206093584951587,-0.1759214254075904,-0.16835523208833328,True
Victim Race,named_n>=5000,graphsage_fairloss_a25_mb,logreg,selection_rate,amplification,-2.2543076121648666,-2.39606309048861,-2.128613366214408,True
Victim Race,named_n>=5000,graphsage_fairloss_a25_mb,logreg,tpr,gap,-0.18163630388793894,-0.18647805333552714,-0.17724518214999765,True
Victim Race,named_n>=5000,graphsage_fairloss_a25_mb,logreg,tpr,amplification,-2.3797621492550065,-2.528257791229809,-2.2424952652853953,True
Victim Race,named_n>=5000,graphsage_fairloss_a25_mb,logreg,fpr,gap,-0.16181823253668623,-0.1687368625771213,-0.15444893878683222,True
Victim Race,named_n>=5000,graphsage_fairloss_a25_mb,logreg,fpr,amplification,-2.1201097831616997,-2.264242851278203,-1.9791053236685472,True
Victim Race,named_all,graphsage_fairloss_a25_mb,logreg_blind,selection_rate,gap,-0.062309536467148485,-0.0912728328774441,-0.03937419914531323,True
Victim Race,named_all,graphsage_fairloss_a25_mb,logreg_blind,selection_rate,amplification,-0.46305177602293024,-0.6918688678119573,-0.280020594749104,True
Victim Race,named_all,graphsage_fairloss_a25_mb,logreg_blind,tpr,gap,-0.04268754076973258,-0.07114665066617573,-0.015117721105485194,True
Victim Race,named_all,graphsage_fairloss_a25_mb,logreg_blind,tpr,amplification,-0.317231401294366,-0.5566828958179195,-0.1147466812127591,True
Victim Race,named_all,graphsage_fairloss_a25_mb,logreg_blind,fpr,gap,-0.16542374075747907,-0.21799307256252728,-0.09864847699384896,True
Victim Race,named_all,graphsage_fairloss_a25_mb,logreg_blind,fpr,amplification,-1.2293424297016435,-1.7032400659492952,-0.713141443311398,True
Victim Race,named_n>=5000,graphsage_fairloss_a25_mb,logreg_blind,selection_rate,gap,-0.0685561299629433,-0.07214714104625942,-0.06504839227315634,True
Victim Race,named_n>=5000,graphsage_fairloss_a25_mb,logreg_blind,selection_rate,amplification,-0.8982085612459594,-0.9709826779050605,-0.8311187182920631,True
Victim Race,named_n>=5000,graphsage_fairloss_a25_mb,logreg_blind,tpr,gap,-0.07125427206291501,-0.07576309660023996,-0.0668776099717233,True
Victim Race,named_n>=5000,graphsage_fairloss_a25_mb,logreg_blind,tpr,amplification,-0.9335590738108127,-1.0139633374881458,-0.8601558038029495,True
Victim Race,named_n>=5000,graphsage_fairloss_a25_mb,logreg_blind,fpr,gap,-0.07456301622877504,-0.08164636374529713,-0.06764961431327098,True
Victim Race,named_n>=5000,graphsage_fairloss_a25_mb,logreg_blind,fpr,amplification,-0.9769095712550898,-1.0880481083594429,-0.8756164593326414,True
Victim Race,named_all,graphsage_fairloss_a50_mb,graphsage_fairloss_a100_mb,selection_rate,gap,0.01216402813786982,-0.0006868020451616149,0.02528032256195597,False
Victim Race,named_all,graphsage_fairloss_a50_mb,graphsage_fairloss_a100_mb,selection_rate,amplification,0.09039667364245574,-0.005069989161602534,0.19583397704133013,False
Victim Race,named_all,graphsage_fairloss_a50_mb,graphsage_fairloss_a100_mb,tpr,gap,0.007448575777342925,-0.006446546796100502,0.02098909176646658,False
Victim Race,named_all,graphsage_fairloss_a50_mb,graphsage_fairloss_a100_mb,tpr,amplification,0.055353906289424604,-0.046671136401830834,0.155780356687417,False
Victim Race,named_all,graphsage_fairloss_a50_mb,graphsage_fairloss_a100_mb,fpr,gap,0.03324635311871221,-0.0008455311424076012,0.07076047760230256,False
Victim Race,named_all,graphsage_fairloss_a50_mb,graphsage_fairloss_a100_mb,fpr,amplification,0.24706944924910146,-0.006816016037485374,0.5415477207691568,False
Victim Race,named_n>=5000,graphsage_fairloss_a50_mb,graphsage_fairloss_a100_mb,selection_rate,gap,0.010404264701716182,0.008763510102388017,0.012163134452266439,True
Victim Race,named_n>=5000,graphsage_fairloss_a50_mb,graphsage_fairloss_a100_mb,selection_rate,amplification,0.13631457367272598,0.11367775103312172,0.16096963979830198,True
Victim Race,named_n>=5000,graphsage_fairloss_a50_mb,graphsage_fairloss_a100_mb,tpr,gap,-0.004203475557463476,-0.01039355199151237,0.00622676985968604,False
Victim Race,named_n>=5000,graphsage_fairloss_a50_mb,graphsage_fairloss_a100_mb,tpr,amplification,-0.05507308733358568,-0.13744535283043707,0.08229012620713232,False
Victim Race,named_n>=5000,graphsage_fairloss_a50_mb,graphsage_fairloss_a100_mb,fpr,gap,0.012808343509077724,0.009523488288111264,0.016120642645654895,True
Victim Race,named_n>=5000,graphsage_fairloss_a50_mb,graphsage_fairloss_a100_mb,fpr,amplification,0.16781232840084903,0.12476651934069602,0.2125956281518185,True
Victim Race,named_all,graphsage_fairloss_a50_mb,xgboost,selection_rate,gap,-0.0898086112613915,-0.11553453671760584,-0.06450051772624527,True
Victim Race,named_all,graphsage_fairloss_a50_mb,xgboost,selection_rate,amplification,-0.6674104688399618,-0.9108737963453197,-0.4688983044337495,True
Victim Race,named_all,graphsage_fairloss_a50_mb,xgboost,tpr,gap,-0.04425246044872755,-0.07297269354354886,-0.01707231434172938,True
Victim Race,named_all,graphsage_fairloss_a50_mb,xgboost,tpr,amplification,-0.32886106310502483,-0.5601071683406051,-0.12305807587948633,True
Victim Race,named_all,graphsage_fairloss_a50_mb,xgboost,fpr,gap,-0.16891652179035183,-0.22258545221324694,-0.11153289344289385,True
Victim Race,named_all,graphsage_fairloss_a50_mb,xgboost,fpr,amplification,-1.2552989453849794,-1.7472704023103114,-0.8233906075155227,True
Victim Race,named_n>=5000,graphsage_fairloss_a50_mb,xgboost,selection_rate,gap,-0.1580126175983525,-0.16167749673845142,-0.1544375461844699,True
Victim Race,named_n>=5000,graphsage_fairloss_a50_mb,xgboost,selection_rate,amplification,-2.070249385261986,-2.196492401788999,-1.9521513356385738,True
Victim Race,named_n>=5000,graphsage_fairloss_a50_mb,xgboost,tpr,gap,-0.16073629907523268,-0.16487705782497675,-0.1558448367544362,True
Victim Race,named_n>=5000,graphsage_fairloss_a50_mb,xgboost,tpr,amplification,-2.105934509582206,-2.2326992563979116,-1.9795425312624042,True
Victim Race,named_n>=5000,graphsage_fairloss_a50_mb,xgboost,fpr,gap,-0.14970628156736826,-0.15594166413380464,-0.14237983830489315,True
Victim Race,named_n>=5000,graphsage_fairloss_a50_mb,xgboost,fpr,amplification,-1.9614214490927675,-2.1037354073137857,-1.8171345012476519,True
Victim Race,named_all,graphsage_fairloss_a50_mb,xgboost_blind,selection_rate,gap,-0.016690848905023037,-0.041010758813700685,0.00928495309959268,False
Victim Race,named_all,graphsage_fairloss_a50_mb,xgboost_blind,selection_rate,amplification,-0.12403762998423407,-0.31357003391203847,0.06699433475385914,False
Victim Race,named_all,graphsage_fairloss_a50_mb,xgboost_blind,tpr,gap,0.016507078261604136,-0.012243148010000326,0.03971424168901388,False
Victim Race,named_all,graphsage_fairloss_a50_mb,xgboost_blind,tpr,amplification,0.12267194300209994,-0.09422827922644424,0.29788222728922165,False
Victim Race,named_all,graphsage_fairloss_a50_mb,xgboost_blind,fpr,gap,-0.05531027298425023,-0.10541362659032927,0.0017489115131206938,False
Victim Race,named_all,graphsage_fairloss_a50_mb,xgboost_blind,fpr,amplification,-0.4110369229142532,-0.7952421639859125,0.013238783372640704,False
Victim Race,named_n>=5000,graphsage_fairloss_a50_mb,xgboost_blind,selection_rate,gap,-0.08843463104768556,-0.09174273286134037,-0.08498669727627182,True
Victim Race,named_n>=5000,graphsage_fairloss_a50_mb,xgboost_blind,selection_rate,amplification,-1.1586526654960652,-1.234015346123409,-1.0795156259419314,True
Victim Race,named_n>=5000,graphsage_fairloss_a50_mb,xgboost_blind,tpr,gap,-0.09081976324519159,-0.09443129056018683,-0.08561348929510462,True
Victim Race,named_n>=5000,graphsage_fairloss_a50_mb,xgboost_blind,tpr,amplification,-1.1899021855705108,-1.2677164350822758,-1.1009744482933894,True
Victim Race,named_n>=5000,graphsage_fairloss_a50_mb,xgboost_blind,fpr,gap,-0.0848183238312098,-0.09095608147643332,-0.0786853455831389,True
Victim Race,named_n>=5000,graphsage_fairloss_a50_mb,xgboost_blind,fpr,amplification,-1.1112725391136418,-1.2072938226559236,-1.0130945562337061,True
Victim Race,named_all,graphsage_fairloss_a50_mb,logreg,selection_rate,gap,-0.14502841803205324,-0.17191061366981414,-0.11813516049916545,True
Victim Race,named_all,graphsage_fairloss_a50_mb,logreg,selection_rate,amplification,-1.0777750943299789,-1.3743490819211552,-0.8229887626678518,True
Victim Race,named_all,graphsage_fairloss_a50_mb,logreg,tpr,gap,-0.10958574167575663,-0.1386268170574727,-0.08251723576890709,True
Victim Race,named_all,graphsage_fairloss_a50_mb,logreg,tpr,amplification,-0.814383723372792,-1.0809652055436965,-0.594233656041936,True
Victim Race,named_all,graphsage_fairloss_a50_mb,logreg,fpr,gap,-0.22178863372094965,-0.2732486493357499,-0.16384081415618032,True
Victim Race,named_all,graphsage_fairloss_a50_mb,logreg,fpr,amplification,-1.6482167348545644,-2.172051761910658,-1.181090784278137,True
Victim Race,named_n>=5000,graphsage_fairloss_a50_mb,logreg,selection_rate,gap,-0.17643430168290453,-0.1802123186440791,-0.1729793494656056,True
Victim Race,named_n>=5000,graphsage_fairloss_a50_mb,logreg,selection_rate,amplification,-2.3116065675629263,-2.461118651443441,-2.187008480023703,True
Victim Race,named_n>=5000,graphsage_fairloss_a50_mb,logreg,tpr,gap,-0.186601029386386,-0.19074255306027554,-0.18133532288999896,True
Victim Race,named_n>=5000,graphsage_fairloss_a50_mb,logreg,tpr,amplification,-2.4448089794852383,-2.596012966033035,-2.30244137994839,True
Victim Race,named_n>=5000,graphsage_fairloss_a50_mb,logreg,fpr,gap,-0.16351846900782271,-0.17065296906467575,-0.15652273622456506,True
Victim Race,named_n>=5000,graphsage_fairloss_a50_mb,logreg,fpr,amplification,-2.1423859378300407,-2.302233676498394,-1.9980785624565605,True
Victim Race,named_all,graphsage_fairloss_a50_mb,logreg_blind,selection_rate,gap,-0.04603152774769187,-0.07285987078376024,-0.02573538428856285,True
Victim Race,named_all,graphsage_fairloss_a50_mb,logreg_blind,selection_rate,amplification,-0.3420821576462125,-0.5662748162732326,-0.18531583019759437,True
Victim Race,named_all,graphsage_fairloss_a50_mb,logreg_blind,tpr,gap,-0.032158730158730164,-0.0583401742191002,-0.007142748152457751,True
Victim Race,named_all,graphsage_fairloss_a50_mb,logreg_blind,tpr,amplification,-0.2389868061768241,-0.4422109639594121,-0.05385334544504717,True
Victim Race,named_all,graphsage_fairloss_a50_mb,logreg_blind,fpr,gap,-0.1250565375381632,-0.18058273809873918,-0.06881090832865808,True
Victim Race,named_all,graphsage_fairloss_a50_mb,logreg_blind,fpr,amplification,-0.9293545594076988,-1.3999915706258113,-0.5060530411235735,True
Victim Race,named_n>=5000,graphsage_fairloss_a50_mb,logreg_blind,selection_rate,gap,-0.07292949579633196,-0.07673150774568883,-0.06946534975187932,True
Victim Race,named_n>=5000,graphsage_fairloss_a50_mb,logreg_blind,selection_rate,amplification,-0.955507516644019,-1.0233721987643418,-0.8821185211098161,True
Victim Race,named_n>=5000,graphsage_fairloss_a50_mb,logreg_blind,tpr,gap,-0.07621899756136208,-0.08011847287880941,-0.07117901072979667,True
Victim Race,named_n>=5000,graphsage_fairloss_a50_mb,logreg_blind,tpr,amplification,-0.9986059040410443,-1.0737269545169275,-0.9118356798818585,True
Victim Race,named_n>=5000,graphsage_fairloss_a50_mb,logreg_blind,fpr,gap,-0.07626325269991152,-0.0831646778054583,-0.06933871358930417,True
Victim Race,named_n>=5000,graphsage_fairloss_a50_mb,logreg_blind,fpr,amplification,-0.9991857259234308,-1.1039466131153393,-0.8945994292615412,True
Victim Race,named_all,graphsage_fairloss_a100_mb,xgboost,selection_rate,gap,-0.10197263939926132,-0.12570515933029086,-0.07655722794119592,True
Victim Race,named_all,graphsage_fairloss_a100_mb,xgboost,selection_rate,amplification,-0.7578071424824175,-1.0030166472275157,-0.549555445203193,True
Victim Race,named_all,graphsage_fairloss_a100_mb,xgboost,tpr,gap,-0.051701036226070474,-0.07850440714697067,-0.02463121180148637,True
Victim Race,named_all,graphsage_fairloss_a100_mb,xgboost,tpr,amplification,-0.38421496939444943,-0.6093501941657413,-0.17549313855176588,True
Victim Race,named_all,graphsage_fairloss_a100_mb,xgboost,fpr,gap,-0.20216287490906404,-0.2554969202112704,-0.14708009207839048,True
Victim Race,named_all,graphsage_fairloss_a100_mb,xgboost,fpr,amplification,-1.502368394634081,-1.9895390020172956,-1.087512058729667,True
Victim Race,named_n>=5000,graphsage_fairloss_a100_mb,xgboost,selection_rate,gap,-0.16841688230006868,-0.171966390387249,-0.1648873392674934,True
Victim Race,named_n>=5000,graphsage_fairloss_a100_mb,xgboost,selection_rate,amplification,-2.2065639589347117,-2.346114886420288,-2.0852477680130233,True
Victim Race,named_n>=5000,graphsage_fairloss_a100_mb,xgboost,tpr,gap,-0.1565328235177692,-0.16501650752193617,-0.1479176302446583,True
Victim Race,named_n>=5000,graphsage_fairloss_a100_mb,xgboost,tpr,amplification,-2.0508614222486203,-2.2353080465455712,-1.8975797180995038,True
Victim Race,named_n>=5000,graphsage_fairloss_a100_mb,xgboost,fpr,gap,-0.16251462507644598,-0.16874249285571896,-0.1554893831279549,True
Victim Race,named_n>=5000,graphsage_fairloss_a100_mb,xgboost,fpr,amplification,-2.1292337774936168,-2.273547679843772,-1.9802509762854013,True
Victim Race,named_all,graphsage_fairloss_a100_mb,xgboost_blind,selection_rate,gap,-0.028854877042892857,-0.05345076828129555,-0.003669157239329944,True
Victim Race,named_all,graphsage_fairloss_a100_mb,xgboost_blind,selection_rate,amplification,-0.2144343036266898,-0.4174658827193424,-0.0270422194909372,True
Victim Race,named_all,graphsage_fairloss_a100_mb,xgboost_blind,tpr,gap,0.00905850248426121,-0.021008454274025264,0.0339835278139877,False
Victim Race,named_all,graphsage_fairloss_a100_mb,xgboost_blind,tpr,amplification,0.06731803671267533,-0.1602382610048829,0.25924080701912716,False
Victim Race,named_all,graphsage_fairloss_a100_mb,xgboost_blind,fpr,gap,-0.08855662610296244,-0.13953028406276738,-0.040872632365489915,True
Victim Race,named_all,graphsage_fairloss_a100_mb,xgboost_blind,fpr,amplification,-0.6581063721633547,-1.0824904312409658,-0.30050851156348546,True
Victim Race,named_n>=5000,graphsage_fairloss_a100_mb,xgboost_blind,selection_rate,gap,-0.09883889574940175,-0.10228801221414371,-0.09537147198940042,True
Victim Race,named_n>=5000,graphsage_fairloss_a100_mb,xgboost_blind,selection_rate,amplification,-1.2949672391687912,-1.3830600260948203,-1.210854430062078,True
Victim Race,named_n>=5000,graphsage_fairloss_a100_mb,xgboost_blind,tpr,gap,-0.08661628768772811,-0.09659524349631057,-0.07692174721518538,True
Victim Race,named_n>=5000,graphsage_fairloss_a100_mb,xgboost_blind,tpr,amplification,-1.134829098236925,-1.2779468953516138,-0.9971674652366498,True
Victim Race,named_n>=5000,graphsage_fairloss_a100_mb,xgboost_blind,fpr,gap,-0.09762666734028752,-0.10381431563438821,-0.09118182903236365,True
Victim Race,named_n>=5000,graphsage_fairloss_a100_mb,xgboost_blind,fpr,amplification,-1.279084867514491,-1.3961314174510973,-1.1703424892968943,True
Victim Race,named_all,graphsage_fairloss_a100_mb,logreg,selection_rate,gap,-0.15719244616992306,-0.18507182914167156,-0.1316055099349129,True
Victim Race,named_all,graphsage_fairloss_a100_mb,logreg,selection_rate,amplification,-1.1681717679724346,-1.4839779770342,-0.9210392263646812,True
Victim Race,named_all,graphsage_fairloss_a100_mb,logreg,tpr,gap,-0.11703431745309956,-0.1479396486683292,-0.08791746015992483,True
Victim Race,named_all,graphsage_fairloss_a100_mb,logreg,tpr,amplification,-0.8697376296622166,-1.1758350572687997,-0.6281629144590264,True
Victim Race,named_all,graphsage_fairloss_a100_mb,logreg,fpr,gap,-0.25503498683966186,-0.3100758442889295,-0.1981341232475131,True
Victim Race,named_all,graphsage_fairloss_a100_mb,logreg,fpr,amplification,-1.895286184103666,-2.4227646677054118,-1.4345465481013038,True
Victim Race,named_n>=5000,graphsage_fairloss_a100_mb,logreg,selection_rate,gap,-0.1868385663846207,-0.1907201544172138,-0.1830546500311706,True
Victim Race,named_n>=5000,graphsage_fairloss_a100_mb,logreg,selection_rate,amplification,-2.447921141235652,-2.595253967854749,-2.309835387927606,True
Victim Race,named_n>=5000,graphsage_fairloss_a100_mb,logreg,tpr,gap,-0.18239755382892253,-0.19100792505184133,-0.17319661276366663,True
Victim Race,named_n>=5000,graphsage_fairloss_a100_mb,logreg,tpr,amplification,-2.3897358921516525,-2.5858155549508015,-2.2235466923743052,True
Victim Race,named_n>=5000,graphsage_fairloss_a100_mb,logreg,fpr,gap,-0.17632681251690044,-0.18349687811637136,-0.16918950734507718,True
Victim Race,named_n>=5000,graphsage_fairloss_a100_mb,logreg,fpr,amplification,-2.31019826623089,-2.4754648444713103,-2.1546486712070965,True
Victim Race,named_all,graphsage_fairloss_a100_mb,logreg_blind,selection_rate,gap,-0.05819555588556169,-0.08639301701193079,-0.03769213468055864,True
Victim Race,named_all,graphsage_fairloss_a100_mb,logreg_blind,selection_rate,amplification,-0.43247883128866826,-0.6853026697158848,-0.2720958983496379,True
Victim Race,named_all,graphsage_fairloss_a100_mb,logreg_blind,tpr,gap,-0.03960730593607309,-0.06495503121634098,-0.011951896278668475,True
Victim Race,named_all,graphsage_fairloss_a100_mb,logreg_blind,tpr,amplification,-0.2943407124662487,-0.5008955995316845,-0.0933325840671101,True
Victim Race,named_all,graphsage_fairloss_a100_mb,logreg_blind,fpr,gap,-0.15830289065687542,-0.2154243100448183,-0.09693816645593578,True
Victim Race,named_all,graphsage_fairloss_a100_mb,logreg_blind,fpr,amplification,-1.1764240086568003,-1.7048671842562932,-0.73101478467061,True
Victim Race,named_n>=5000,graphsage_fairloss_a100_mb,logreg_blind,selection_rate,gap,-0.08333376049804814,-0.08703577540348285,-0.07961466282841817,True
Victim Race,named_n>=5000,graphsage_fairloss_a100_mb,logreg_blind,selection_rate,amplification,-1.0918220903167448,-1.1677471655686043,-1.0150697375755833,True
Victim Race,named_n>=5000,graphsage_fairloss_a100_mb,logreg_blind,tpr,gap,-0.0720155220038986,-0.08108227783218172,-0.06286013073851592,True
Victim Race,named_n>=5000,graphsage_fairloss_a100_mb,logreg_blind,tpr,amplification,-0.9435328167074587,-1.0767894049926923,-0.8006464840659949,True
Victim Race,named_n>=5000,graphsage_fairloss_a100_mb,logreg_blind,fpr,gap,-0.08907159620898925,-0.09653099781917869,-0.08220466750791555,True
Victim Race,named_n>=5000,graphsage_fairloss_a100_mb,logreg_blind,fpr,amplification,-1.1669980543242797,-1.2847324645387344,-1.0595130917825575,True
Victim Race,named_all,xgboost,xgboost_blind,selection_rate,gap,0.07311776235636847,0.058177314688849346,0.0877597148616759,True
Victim Race,named_all,xgboost,xgboost_blind,selection_rate,amplification,0.5433728388557277,0.40951437140627367,0.6951529077407836,True
Victim Race,named_all,xgboost,xgboost_blind,tpr,gap,0.060759538710331684,0.038429437195742176,0.07592759123649946,True
Victim Race,named_all,xgboost,xgboost_blind,tpr,amplification,0.45153300610712477,0.2788448153570434,0.5946857698025488,True
Victim Race,named_all,xgboost,xgboost_blind,fpr,gap,0.1136062488061016,0.07433641192675487,0.15078038836995794,True
Victim Race,named_all,xgboost,xgboost_blind,fpr,amplification,0.8442620224707262,0.5469614771930654,1.1658317577566544,True
Victim Race,named_n>=5000,xgboost,xgboost_blind,selection_rate,gap,0.06957798655066694,0.06645120794037433,0.07249998287545949,True
Victim Race,named_n>=5000,xgboost,xgboost_blind,selection_rate,amplification,0.9115967197659207,0.8511041715768888,0.9726235151686159,True
Victim Race,named_n>=5000,xgboost,xgboost_blind,tpr,gap,0.0699165358300411,0.06619750533538671,0.0735738111302419,True
Victim Race,named_n>=5000,xgboost,xgboost_blind,tpr,amplification,0.9160323240116954,0.8508279763293523,0.9838562896580221,True
Victim Race,named_n>=5000,xgboost,xgboost_blind,fpr,gap,0.06488795773615846,0.058956884436673386,0.07064379900328736,True
Victim Race,named_n>=5000,xgboost,xgboost_blind,fpr,amplification,0.8501489099791257,0.7603365252333905,0.9392614889751317,True
Victim Race,named_all,xgboost,logreg,selection_rate,gap,-0.05521980677066174,-0.07206173510795935,-0.041237422895025015,True
Victim Race,named_all,xgboost,logreg,selection_rate,amplification,-0.41036462549001707,-0.5619024942898971,-0.29381587938027287,True
Victim Race,named_all,xgboost,logreg,tpr,gap,-0.06533328122702908,-0.08251585403557177,-0.04883192162336783,True
Victim Race,named_all,xgboost,logreg,tpr,amplification,-0.48552266026776714,-0.6428740951183798,-0.35277683777046964,True
Victim Race,named_all,xgboost,logreg,fpr,gap,-0.05287211193059782,-0.09161608338647645,-0.017213956114609772,True
Victim Race,named_all,xgboost,logreg,fpr,amplification,-0.392917789469585,-0.6977332186552524,-0.13054938210888162,True
Victim Race,named_n>=5000,xgboost,logreg,selection_rate,gap,-0.018421684084552026,-0.022173504095256324,-0.015228519593399477,True
Victim Race,named_n>=5000,xgboost,logreg,selection_rate,amplification,-0.2413571823009404,-0.2951658431301883,-0.19898134582557397,True
Victim Race,named_n>=5000,xgboost,logreg,tpr,gap,-0.025864730311153328,-0.030019508884526556,-0.0218666679825808,True
Victim Race,named_n>=5000,xgboost,logreg,tpr,amplification,-0.33887446990303216,-0.3994593268517896,-0.28558929519994075,True
Victim Race,named_n>=5000,xgboost,logreg,fpr,gap,-0.013812187440454454,-0.020287441426170134,-0.007766367253948704,True
Victim Race,named_n>=5000,xgboost,logreg,fpr,amplification,-0.18096448873727322,-0.26710817684637467,-0.10137871745782855,True
Victim Race,named_all,xgboost,logreg_blind,selection_rate,gap,0.04377708351369963,0.019893845822465256,0.06012527316554757,True
Victim Race,named_all,xgboost,logreg_blind,selection_rate,amplification,0.3253283111937493,0.14517309721877428,0.4748080076853909,True
Victim Race,named_all,xgboost,logreg_blind,tpr,gap,0.012093730289997384,-0.017514312104859785,0.04026112331428696,False
Victim Race,named_all,xgboost,logreg_blind,tpr,amplification,0.08987425692820072,-0.13517881728870657,0.304456581535084,False
Victim Race,named_all,xgboost,logreg_blind,fpr,gap,0.04385998425218862,-0.00014330193941047403,0.09025647762688971,False
Victim Race,named_all,xgboost,logreg_blind,fpr,amplification,0.3259443859772806,-0.0009857635596018633,0.7025134826866494,False
Victim Race,named_n>=5000,xgboost,logreg_blind,selection_rate,gap,0.08508312180202054,0.0813811434064405,0.08861711164204819,True
Victim Race,named_n>=5000,xgboost,logreg_blind,selection_rate,amplification,1.1147418686179669,1.037706490646884,1.1948523730497322,True
Victim Race,named_n>=5000,xgboost,logreg_blind,tpr,gap,0.0845173015138706,0.07994225029156762,0.08880531323723552,True
Victim Race,named_n>=5000,xgboost,logreg_blind,tpr,amplification,1.1073286055411617,1.026377704829937,1.1928528367486093,True
Victim Race,named_n>=5000,xgboost,logreg_blind,fpr,gap,0.07344302886745674,0.0664047390856099,0.08038081721012826,True
Victim Race,named_n>=5000,xgboost,logreg_blind,fpr,amplification,0.9622357231693368,0.8560403509061907,1.0699784527367915,True
Victim Race,named_all,xgboost_blind,logreg,selection_rate,gap,-0.1283375691270302,-0.14653871324784223,-0.11093247372364187,True
Victim Race,named_all,xgboost_blind,logreg,selection_rate,amplification,-0.9537374643457448,-1.1944797595394143,-0.772621879854331,True
Victim Race,named_all,xgboost_blind,logreg,tpr,gap,-0.12609281993736077,-0.14352219703291416,-0.10137258381143717,True
Victim Race,named_all,xgboost_blind,logreg,tpr,amplification,-0.9370556663748919,-1.1560448629340807,-0.7229805043176776,True
Victim Race,named_all,xgboost_blind,logreg,fpr,gap,-0.16647836073669942,-0.21596707847291102,-0.12208891222352751,True
Victim Race,named_all,xgboost_blind,logreg,fpr,amplification,-1.2371798119403112,-1.6672757750068488,-0.8621338020934193,True
Victim Race,named_n>=5000,xgboost_blind,logreg,selection_rate,gap,-0.08799967063521896,-0.0918615823697811,-0.08422521371767686,True
Victim Race,named_n>=5000,xgboost_blind,logreg,selection_rate,amplification,-1.152953902066861,-1.233370650902429,-1.0765306894428204,True
Victim Race,named_n>=5000,xgboost_blind,logreg,tpr,gap,-0.09578126614119442,-0.10048227092848706,-0.09125630540616433,True
Victim Race,named_n>=5000,xgboost_blind,logreg,tpr,amplification,-1.2549067939147276,-1.3439027579122649,-1.1687521458849859,True
Victim Race,named_n>=5000,xgboost_blind,logreg,fpr,gap,-0.07870014517661292,-0.08559705552057614,-0.07186272588895731,True
Victim Race,named_n>=5000,xgboost_blind,logreg,fpr,amplification,-1.031113398716399,-1.1427906621197645,-0.9312062294591492,True
Victim Race,named_all,xgboost_blind,logreg_blind,selection_rate,gap,-0.029340678842668833,-0.05438676178820461,-0.014290881110665942,True
Victim Race,named_all,xgboost_blind,logreg_blind,selection_rate,amplification,-0.21804452766197846,-0.4247029530035203,-0.0962559058730242,True
Victim Race,named_all,xgboost_blind,logreg_blind,tpr,gap,-0.0486658084203343,-0.07327638329456765,-0.020858016490355232,True
Victim Race,named_all,xgboost_blind,logreg_blind,tpr,amplification,-0.36165874917892404,-0.5562926739869337,-0.1595110629252002,True
Victim Race,named_all,xgboost_blind,logreg_blind,fpr,gap,-0.06974626455391297,-0.11732475809339227,-0.021101455092307323,True
Victim Race,named_all,xgboost_blind,logreg_blind,fpr,amplification,-0.5183176364934456,-0.8982166672669981,-0.1554883782261784,True
Victim Race,named_n>=5000,xgboost_blind,logreg_blind,selection_rate,gap,0.015505135251353608,0.011888539655343321,0.01890099757396696,True
Victim Race,named_n>=5000,xgboost_blind,logreg_blind,selection_rate,amplification,0.20314514885204615,0.1540900714781381,0.25119311588390864,True
Victim Race,named_n>=5000,xgboost_blind,logreg_blind,tpr,gap,0.014600765683829509,0.010130355862122919,0.018546860616995026,True
Victim Race,named_n>=5000,xgboost_blind,logreg_blind,tpr,amplification,0.19129628152946632,0.13127675522671106,0.24300285463523313,True
Victim Race,named_n>=5000,xgboost_blind,logreg_blind,fpr,gap,0.008555071131298275,0.00196454867965314,0.01484587992064968,True
Victim Race,named_n>=5000,xgboost_blind,logreg_blind,fpr,amplification,0.11208681319021108,0.026292372836564628,0.19714642308633165,True
Victim Race,named_all,logreg,logreg_blind,selection_rate,gap,0.09899689028436137,0.08051625507778962,0.11021347543232946,True
Victim Race,named_all,logreg,logreg_blind,selection_rate,amplification,0.7356929366837663,0.5676608183587007,0.8937239510416719,True
Victim Race,named_all,logreg,logreg_blind,tpr,gap,0.07742701151702647,0.05431411404649854,0.10203733713102169,True
Victim Race,named_all,logreg,logreg_blind,tpr,amplification,0.5753969171959679,0.3970944140905964,0.7887469246179425,True
Victim Race,named_all,logreg,logreg_blind,fpr,gap,0.09673209618278644,0.0696723711650645,0.12253439948573253,True
Victim Race,named_all,logreg,logreg_blind,fpr,amplification,0.7188621754468656,0.5014660576171882,0.9677674387094426,True
Victim Race,named_n>=5000,logreg,logreg_blind,selection_rate,gap,0.10350480588657257,0.10086471234063886,0.1059994067044115,True
Victim Race,named_n>=5000,logreg,logreg_blind,selection_rate,amplification,1.3560990509189073,1.276218581541393,1.4356053055816131,True
Victim Race,named_n>=5000,logreg,logreg_blind,tpr,gap,0.11038203182502393,0.1072684539480295,0.1134993790043984,True
Victim Race,named_n>=5000,logreg,logreg_blind,tpr,amplification,1.446203075444194,1.359711298535078,1.534834267353085,True
Victim Race,named_n>=5000,logreg,logreg_blind,fpr,gap,0.0872552163079112,0.08240485545331276,0.09191245534007572,True
Victim Race,named_n>=5000,logreg,logreg_blind,fpr,amplification,1.14320021190661,1.0570457783003715,1.2321650394104293,True
Victim Sex,named_all,graphsage_geo_mb,graphsage_geo_blind_mb,selection_rate,gap,0.09889287367109623,0.09545989828875438,0.10219015744812344,True
Victim Sex,named_all,graphsage_geo_mb,graphsage_geo_blind_mb,selection_rate,amplification,1.1978789149430729,1.1247660644659545,1.2775461421548322,True
Victim Sex,named_all,graphsage_geo_mb,graphsage_geo_blind_mb,tpr,gap,0.09898090213218591,0.09519583210485721,0.10294188210627502,True
Victim Sex,named_all,graphsage_geo_mb,graphsage_geo_blind_mb,tpr,amplification,1.1989451943779788,1.1217754568450609,1.2814908600105832,True
Victim Sex,named_all,graphsage_geo_mb,graphsage_geo_blind_mb,fpr,gap,0.09481998561909794,0.0868227966906676,0.10201949731953726,True
Victim Sex,named_all,graphsage_geo_mb,graphsage_geo_blind_mb,fpr,amplification,1.148544452920677,1.0382060167093021,1.2657052469159054,True
Victim Sex,named_n>=5000,graphsage_geo_mb,graphsage_geo_blind_mb,selection_rate,gap,0.09889287367109623,0.09545989828875438,0.10219015744812344,True
Victim Sex,named_n>=5000,graphsage_geo_mb,graphsage_geo_blind_mb,selection_rate,amplification,1.1978789149430729,1.1247660644659545,1.2775461421548322,True
Victim Sex,named_n>=5000,graphsage_geo_mb,graphsage_geo_blind_mb,tpr,gap,0.09898090213218591,0.09519583210485721,0.10294188210627502,True
Victim Sex,named_n>=5000,graphsage_geo_mb,graphsage_geo_blind_mb,tpr,amplification,1.1989451943779788,1.1217754568450609,1.2814908600105832,True
Victim Sex,named_n>=5000,graphsage_geo_mb,graphsage_geo_blind_mb,fpr,gap,0.09481998561909794,0.0868227966906676,0.10201949731953726,True
Victim Sex,named_n>=5000,graphsage_geo_mb,graphsage_geo_blind_mb,fpr,amplification,1.148544452920677,1.0382060167093021,1.2657052469159054,True
Victim Sex,named_all,graphsage_geo_mb,graphsage_fairloss_a0_mb,selection_rate,gap,0.09177125838178879,0.08819559544262695,0.09551330042822344,True
Victim Sex,named_all,graphsage_geo_mb,graphsage_fairloss_a0_mb,selection_rate,amplification,1.111615542480362,1.0411517052974264,1.1866539367826354,True
Victim Sex,named_all,graphsage_geo_mb,graphsage_fairloss_a0_mb,tpr,gap,0.09328179409223136,0.08930723636250251,0.09746031435417689,True
Victim Sex,named_all,graphsage_geo_mb,graphsage_fairloss_a0_mb,tpr,amplification,1.1299125017114755,1.0536534894297975,1.21084554293393,True
Victim Sex,named_all,graphsage_geo_mb,graphsage_fairloss_a0_mb,fpr,gap,0.08308063079177086,0.07505684877229904,0.09064609286440685,True
Victim Sex,named_all,graphsage_geo_mb,graphsage_fairloss_a0_mb,fpr,amplification,1.0063468900360186,0.8945438876970635,1.119848656210484,True
Victim Sex,named_n>=5000,graphsage_geo_mb,graphsage_fairloss_a0_mb,selection_rate,gap,0.09177125838178879,0.08819559544262695,0.09551330042822344,True
Victim Sex,named_n>=5000,graphsage_geo_mb,graphsage_fairloss_a0_mb,selection_rate,amplification,1.111615542480362,1.0411517052974264,1.1866539367826354,True
Victim Sex,named_n>=5000,graphsage_geo_mb,graphsage_fairloss_a0_mb,tpr,gap,0.09328179409223136,0.08930723636250251,0.09746031435417689,True
Victim Sex,named_n>=5000,graphsage_geo_mb,graphsage_fairloss_a0_mb,tpr,amplification,1.1299125017114755,1.0536534894297975,1.21084554293393,True
Victim Sex,named_n>=5000,graphsage_geo_mb,graphsage_fairloss_a0_mb,fpr,gap,0.08308063079177086,0.07505684877229904,0.09064609286440685,True
Victim Sex,named_n>=5000,graphsage_geo_mb,graphsage_fairloss_a0_mb,fpr,amplification,1.0063468900360186,0.8945438876970635,1.119848656210484,True
Victim Sex,named_all,graphsage_geo_mb,graphsage_fairloss_a10_mb,selection_rate,gap,0.11745956338564234,0.11378325221474632,0.12153973419329851,True
Victim Sex,named_all,graphsage_geo_mb,graphsage_fairloss_a10_mb,selection_rate,amplification,1.422775262917695,1.3386390860955926,1.515044565459081,True
Victim Sex,named_all,graphsage_geo_mb,graphsage_fairloss_a10_mb,tpr,gap,0.1152869112419993,0.11113682768975933,0.11952016008433612,True
Victim Sex,named_all,graphsage_geo_mb,graphsage_fairloss_a10_mb,tpr,amplification,1.3964581573896298,1.307859032448307,1.4946795653967075,True
Victim Sex,named_all,graphsage_geo_mb,graphsage_fairloss_a10_mb,fpr,gap,0.11857432501913773,0.11023565543526942,0.12644111894360863,True
Victim Sex,named_all,graphsage_geo_mb,graphsage_fairloss_a10_mb,fpr,amplification,1.4362782526315225,1.3138640566172135,1.566020178763648,True
Victim Sex,named_n>=5000,graphsage_geo_mb,graphsage_fairloss_a10_mb,selection_rate,gap,0.11745956338564234,0.11378325221474632,0.12153973419329851,True
Victim Sex,named_n>=5000,graphsage_geo_mb,graphsage_fairloss_a10_mb,selection_rate,amplification,1.422775262917695,1.3386390860955926,1.515044565459081,True
Victim Sex,named_n>=5000,graphsage_geo_mb,graphsage_fairloss_a10_mb,tpr,gap,0.1152869112419993,0.11113682768975933,0.11952016008433612,True
Victim Sex,named_n>=5000,graphsage_geo_mb,graphsage_fairloss_a10_mb,tpr,amplification,1.3964581573896298,1.307859032448307,1.4946795653967075,True
Victim Sex,named_n>=5000,graphsage_geo_mb,graphsage_fairloss_a10_mb,fpr,gap,0.11857432501913773,0.11023565543526942,0.12644111894360863,True
Victim Sex,named_n>=5000,graphsage_geo_mb,graphsage_fairloss_a10_mb,fpr,amplification,1.4362782526315225,1.3138640566172135,1.566020178763648,True
Victim Sex,named_all,graphsage_geo_mb,graphsage_fairloss_a25_mb,selection_rate,gap,0.12464202422560133,0.12065609270564708,0.12863521798323738,True
Victim Sex,named_all,graphsage_geo_mb,graphsage_fairloss_a25_mb,selection_rate,amplification,1.509775651097393,1.4156123064333181,1.6085571958825255,True
Victim Sex,named_all,graphsage_geo_mb,graphsage_fairloss_a25_mb,tpr,gap,0.12161994374677343,0.1169768417724546,0.12626266216280718,True
Victim Sex,named_all,graphsage_geo_mb,graphsage_fairloss_a25_mb,tpr,amplification,1.4731695100230735,1.3749257327960422,1.5731598339254425,True
Victim Sex,named_all,graphsage_geo_mb,graphsage_fairloss_a25_mb,fpr,gap,0.12804292413420593,0.11944898784519341,0.13655285024745414,True
Victim Sex,named_all,graphsage_geo_mb,graphsage_fairloss_a25_mb,fpr,amplification,1.5509703918417905,1.4227178184226739,1.6898266812557168,True
Victim Sex,named_n>=5000,graphsage_geo_mb,graphsage_fairloss_a25_mb,selection_rate,gap,0.12464202422560133,0.12065609270564708,0.12863521798323738,True
Victim Sex,named_n>=5000,graphsage_geo_mb,graphsage_fairloss_a25_mb,selection_rate,amplification,1.509775651097393,1.4156123064333181,1.6085571958825255,True
Victim Sex,named_n>=5000,graphsage_geo_mb,graphsage_fairloss_a25_mb,tpr,gap,0.12161994374677343,0.1169768417724546,0.12626266216280718,True
Victim Sex,named_n>=5000,graphsage_geo_mb,graphsage_fairloss_a25_mb,tpr,amplification,1.4731695100230735,1.3749257327960422,1.5731598339254425,True
Victim Sex,named_n>=5000,graphsage_geo_mb,graphsage_fairloss_a25_mb,fpr,gap,0.12804292413420593,0.11944898784519341,0.13655285024745414,True
Victim Sex,named_n>=5000,graphsage_geo_mb,graphsage_fairloss_a25_mb,fpr,amplification,1.5509703918417905,1.4227178184226739,1.6898266812557168,True
Victim Sex,named_all,graphsage_geo_mb,graphsage_fairloss_a50_mb,selection_rate,gap,0.12273508778144837,0.11916372338305203,0.1264171978836782,True
Victim Sex,named_all,graphsage_geo_mb,graphsage_fairloss_a50_mb,selection_rate,amplification,1.4866771317219267,1.4017627294941823,1.5807349465079736,True
Victim Sex,named_all,graphsage_geo_mb,graphsage_fairloss_a50_mb,tpr,gap,0.1202534521866474,0.11595052961051291,0.12434765362406161,True
Victim Sex,named_all,graphsage_geo_mb,graphsage_fairloss_a50_mb,tpr,amplification,1.4566173423434619,1.3688005799297989,1.5540065930824465,True
Victim Sex,named_all,graphsage_geo_mb,graphsage_fairloss_a50_mb,fpr,gap,0.12274554604198445,0.11419995602978737,0.13153286061954575,True
Victim Sex,named_all,graphsage_geo_mb,graphsage_fairloss_a50_mb,fpr,amplification,1.486803811525214,1.366546967336065,1.623857894179491,True
Victim Sex,named_n>=5000,graphsage_geo_mb,graphsage_fairloss_a50_mb,selection_rate,gap,0.12273508778144837,0.11916372338305203,0.1264171978836782,True
Victim Sex,named_n>=5000,graphsage_geo_mb,graphsage_fairloss_a50_mb,selection_rate,amplification,1.4866771317219267,1.4017627294941823,1.5807349465079736,True
Victim Sex,named_n>=5000,graphsage_geo_mb,graphsage_fairloss_a50_mb,tpr,gap,0.1202534521866474,0.11595052961051291,0.12434765362406161,True
Victim Sex,named_n>=5000,graphsage_geo_mb,graphsage_fairloss_a50_mb,tpr,amplification,1.4566173423434619,1.3688005799297989,1.5540065930824465,True
Victim Sex,named_n>=5000,graphsage_geo_mb,graphsage_fairloss_a50_mb,fpr,gap,0.12274554604198445,0.11419995602978737,0.13153286061954575,True
Victim Sex,named_n>=5000,graphsage_geo_mb,graphsage_fairloss_a50_mb,fpr,amplification,1.486803811525214,1.366546967336065,1.623857894179491,True
Victim Sex,named_all,graphsage_geo_mb,graphsage_fairloss_a100_mb,selection_rate,gap,0.12623389965333898,0.12231557519069894,0.13055676053976167,True
Victim Sex,named_all,graphsage_geo_mb,graphsage_fairloss_a100_mb,selection_rate,amplification,1.5290578697175627,1.4392306658381313,1.6324874629972341,True
Victim Sex,named_all,graphsage_geo_mb,graphsage_fairloss_a100_mb,tpr,gap,0.12329463051474232,0.1188025739298414,0.12833026672216166,True
Victim Sex,named_all,graphsage_geo_mb,graphsage_fairloss_a100_mb,tpr,amplification,1.4934548136452133,1.3997452759376303,1.6001834410277758,True
Victim Sex,named_all,graphsage_geo_mb,graphsage_fairloss_a100_mb,fpr,gap,0.1276156079870897,0.11853701028114151,0.1357468606394644,True
Victim Sex,named_all,graphsage_geo_mb,graphsage_fairloss_a100_mb,fpr,amplification,1.5457943565660068,1.4191304822123085,1.6863528230432168,True
Victim Sex,named_n>=5000,graphsage_geo_mb,graphsage_fairloss_a100_mb,selection_rate,gap,0.12623389965333898,0.12231557519069894,0.13055676053976167,True
Victim Sex,named_n>=5000,graphsage_geo_mb,graphsage_fairloss_a100_mb,selection_rate,amplification,1.5290578697175627,1.4392306658381313,1.6324874629972341,True
Victim Sex,named_n>=5000,graphsage_geo_mb,graphsage_fairloss_a100_mb,tpr,gap,0.12329463051474232,0.1188025739298414,0.12833026672216166,True
Victim Sex,named_n>=5000,graphsage_geo_mb,graphsage_fairloss_a100_mb,tpr,amplification,1.4934548136452133,1.3997452759376303,1.6001834410277758,True
Victim Sex,named_n>=5000,graphsage_geo_mb,graphsage_fairloss_a100_mb,fpr,gap,0.1276156079870897,0.11853701028114151,0.1357468606394644,True
Victim Sex,named_n>=5000,graphsage_geo_mb,graphsage_fairloss_a100_mb,fpr,amplification,1.5457943565660068,1.4191304822123085,1.6863528230432168,True
Victim Sex,named_all,graphsage_geo_mb,xgboost,selection_rate,gap,-0.011307622373517678,-0.014651299368435441,-0.007861123123627732,True
Victim Sex,named_all,graphsage_geo_mb,xgboost,selection_rate,amplification,-0.13696803335318863,-0.178441809021914,-0.09546005165397332,True
Victim Sex,named_all,graphsage_geo_mb,xgboost,tpr,gap,-0.016295650554253416,-0.019922436650588966,-0.01241283617632898,True
Victim Sex,named_all,graphsage_geo_mb,xgboost,tpr,amplification,-0.19738749092418972,-0.24411128794550166,-0.14949337543620203,True
Victim Sex,named_all,graphsage_geo_mb,xgboost,fpr,gap,0.0003158321208009962,-0.0072977556208868154,0.007453423223076564,False
Victim Sex,named_all,graphsage_geo_mb,xgboost,fpr,amplification,0.003825641061129925,-0.0868551302549609,0.09011886924200199,False
Victim Sex,named_n>=5000,graphsage_geo_mb,xgboost,selection_rate,gap,-0.011307622373517678,-0.014651299368435441,-0.007861123123627732,True
Victim Sex,named_n>=5000,graphsage_geo_mb,xgboost,selection_rate,amplification,-0.13696803335318863,-0.178441809021914,-0.09546005165397332,True
Victim Sex,named_n>=5000,graphsage_geo_mb,xgboost,tpr,gap,-0.016295650554253416,-0.019922436650588966,-0.01241283617632898,True
Victim Sex,named_n>=5000,graphsage_geo_mb,xgboost,tpr,amplification,-0.19738749092418972,-0.24411128794550166,-0.14949337543620203,True
Victim Sex,named_n>=5000,graphsage_geo_mb,xgboost,fpr,gap,0.0003158321208009962,-0.0072977556208868154,0.007453423223076564,False
Victim Sex,named_n>=5000,graphsage_geo_mb,xgboost,fpr,amplification,0.003825641061129925,-0.0868551302549609,0.09011886924200199,False
Victim Sex,named_all,graphsage_geo_mb,xgboost_blind,selection_rate,gap,0.10307412595010446,0.09887676497774278,0.10722376244219058,True
Victim Sex,named_all,graphsage_geo_mb,xgboost_blind,selection_rate,amplification,1.2485259813812435,1.1688902640048804,1.335895909015947,True
Victim Sex,named_all,graphsage_geo_mb,xgboost_blind,tpr,gap,0.09862081338645634,0.09379252270549102,0.10354738195455053,True
Victim Sex,named_all,graphsage_geo_mb,xgboost_blind,tpr,amplification,1.1945834775018735,1.1123700631272215,1.285593857000689,True
Victim Sex,named_all,graphsage_geo_mb,xgboost_blind,fpr,gap,0.10846745293644722,0.09866718086463129,0.11802966900143141,True
Victim Sex,named_all,graphsage_geo_mb,xgboost_blind,fpr,amplification,1.3138547804999785,1.1761853624107517,1.4488222693670954,True
Victim Sex,named_n>=5000,graphsage_geo_mb,xgboost_blind,selection_rate,gap,0.10307412595010446,0.09887676497774278,0.10722376244219058,True
Victim Sex,named_n>=5000,graphsage_geo_mb,xgboost_blind,selection_rate,amplification,1.2485259813812435,1.1688902640048804,1.335895909015947,True
Victim Sex,named_n>=5000,graphsage_geo_mb,xgboost_blind,tpr,gap,0.09862081338645634,0.09379252270549102,0.10354738195455053,True
Victim Sex,named_n>=5000,graphsage_geo_mb,xgboost_blind,tpr,amplification,1.1945834775018735,1.1123700631272215,1.285593857000689,True
Victim Sex,named_n>=5000,graphsage_geo_mb,xgboost_blind,fpr,gap,0.10846745293644722,0.09866718086463129,0.11802966900143141,True
Victim Sex,named_n>=5000,graphsage_geo_mb,xgboost_blind,fpr,amplification,1.3138547804999785,1.1761853624107517,1.4488222693670954,True
Victim Sex,named_all,graphsage_geo_mb,logreg,selection_rate,gap,-0.04456222713989788,-0.04885432315062848,-0.04039443145647048,True
Victim Sex,named_all,graphsage_geo_mb,logreg,selection_rate,amplification,-0.5397775422253628,-0.600874223137799,-0.4777474527100929,True
Victim Sex,named_all,graphsage_geo_mb,logreg,tpr,gap,-0.04901705117390698,-0.05388797252760544,-0.044053819394167325,True
Victim Sex,named_all,graphsage_geo_mb,logreg,tpr,amplification,-0.593738354385287,-0.6610362182949623,-0.5276232606432719,True
Victim Sex,named_all,graphsage_geo_mb,logreg,fpr,gap,-0.05147411190959683,-0.060866721632220164,-0.0419160116781688,True
Victim Sex,named_all,graphsage_geo_mb,logreg,fpr,amplification,-0.6235004710955998,-0.748987503208775,-0.5020017954695425,True
Victim Sex,named_n>=5000,graphsage_geo_mb,logreg,selection_rate,gap,-0.04456222713989788,-0.04885432315062848,-0.04039443145647048,True
Victim Sex,named_n>=5000,graphsage_geo_mb,logreg,selection_rate,amplification,-0.5397775422253628,-0.600874223137799,-0.4777474527100929,True
Victim Sex,named_n>=5000,graphsage_geo_mb,logreg,tpr,gap,-0.04901705117390698,-0.05388797252760544,-0.044053819394167325,True
Victim Sex,named_n>=5000,graphsage_geo_mb,logreg,tpr,amplification,-0.593738354385287,-0.6610362182949623,-0.5276232606432719,True
Victim Sex,named_n>=5000,graphsage_geo_mb,logreg,fpr,gap,-0.05147411190959683,-0.060866721632220164,-0.0419160116781688,True
Victim Sex,named_n>=5000,graphsage_geo_mb,logreg,fpr,amplification,-0.6235004710955998,-0.748987503208775,-0.5020017954695425,True
Victim Sex,named_all,graphsage_geo_mb,logreg_blind,selection_rate,gap,0.1014560037970278,0.09654063068003294,0.10619845410718737,True
Victim Sex,named_all,graphsage_geo_mb,logreg_blind,selection_rate,amplification,1.228925838954203,1.1455856606983104,1.3148101714317493,True
Victim Sex,named_all,graphsage_geo_mb,logreg_blind,tpr,gap,0.09713071521149019,0.09159009693249932,0.10242358083133271,True
Victim Sex,named_all,graphsage_geo_mb,logreg_blind,tpr,amplification,1.1765340759754945,1.0847620526613755,1.2705904947560178,True
Victim Sex,named_all,graphsage_geo_mb,logreg_blind,fpr,gap,0.09456087556513659,0.08477168922353834,0.10488217431421165,True
Victim Sex,named_all,graphsage_geo_mb,logreg_blind,fpr,amplification,1.1454058802534255,1.011779944435684,1.285753139628512,True
Victim Sex,named_n>=5000,graphsage_geo_mb,logreg_blind,selection_rate,gap,0.1014560037970278,0.09654063068003294,0.10619845410718737,True
Victim Sex,named_n>=5000,graphsage_geo_mb,logreg_blind,selection_rate,amplification,1.228925838954203,1.1455856606983104,1.3148101714317493,True
Victim Sex,named_n>=5000,graphsage_geo_mb,logreg_blind,tpr,gap,0.09713071521149019,0.09159009693249932,0.10242358083133271,True
Victim Sex,named_n>=5000,graphsage_geo_mb,logreg_blind,tpr,amplification,1.1765340759754945,1.0847620526613755,1.2705904947560178,True
Victim Sex,named_n>=5000,graphsage_geo_mb,logreg_blind,fpr,gap,0.09456087556513659,0.08477168922353834,0.10488217431421165,True
Victim Sex,named_n>=5000,graphsage_geo_mb,logreg_blind,fpr,amplification,1.1454058802534255,1.011779944435684,1.285753139628512,True
Victim Sex,named_all,graphsage_geo_blind_mb,graphsage_fairloss_a0_mb,selection_rate,gap,-0.007121615289307437,-0.008930438602388282,-0.005359522016329399,True
Victim Sex,named_all,graphsage_geo_blind_mb,graphsage_fairloss_a0_mb,selection_rate,amplification,-0.08626337246271087,-0.10804092900602304,-0.06529765605011656,True
Victim Sex,named_all,graphsage_geo_blind_mb,graphsage_fairloss_a0_mb,tpr,gap,-0.005699108039954548,-0.0078030042361782095,-0.003817324267944985,True
Victim Sex,named_all,graphsage_geo_blind_mb,graphsage_fairloss_a0_mb,tpr,amplification,-0.06903269266650303,-0.09479915449562887,-0.04684070929518699,True
Victim Sex,named_all,graphsage_geo_blind_mb,graphsage_fairloss_a0_mb,fpr,gap,-0.011739354827327075,-0.01615743233900158,-0.007759296876639192,True
Victim Sex,named_all,graphsage_geo_blind_mb,graphsage_fairloss_a0_mb,fpr,amplification,-0.14219756288465835,-0.19610306713523296,-0.09569625081412553,True
Victim Sex,named_n>=5000,graphsage_geo_blind_mb,graphsage_fairloss_a0_mb,selection_rate,gap,-0.007121615289307437,-0.008930438602388282,-0.005359522016329399,True
Victim Sex,named_n>=5000,graphsage_geo_blind_mb,graphsage_fairloss_a0_mb,selection_rate,amplification,-0.08626337246271087,-0.10804092900602304,-0.06529765605011656,True
Victim Sex,named_n>=5000,graphsage_geo_blind_mb,graphsage_fairloss_a0_mb,tpr,gap,-0.005699108039954548,-0.0078030042361782095,-0.003817324267944985,True
Victim Sex,named_n>=5000,graphsage_geo_blind_mb,graphsage_fairloss_a0_mb,tpr,amplification,-0.06903269266650303,-0.09479915449562887,-0.04684070929518699,True
Victim Sex,named_n>=5000,graphsage_geo_blind_mb,graphsage_fairloss_a0_mb,fpr,gap,-0.011739354827327075,-0.01615743233900158,-0.007759296876639192,True
Victim Sex,named_n>=5000,graphsage_geo_blind_mb,graphsage_fairloss_a0_mb,fpr,amplification,-0.14219756288465835,-0.19610306713523296,-0.09569625081412553,True
Victim Sex,named_all,graphsage_geo_blind_mb,graphsage_fairloss_a10_mb,selection_rate,gap,0.018566689714546114,0.015742037700715597,0.021390490358687456,True
Victim Sex,named_all,graphsage_geo_blind_mb,graphsage_fairloss_a10_mb,selection_rate,amplification,0.2248963479746222,0.18838663731521277,0.26457697205644437,True
Victim Sex,named_all,graphsage_geo_blind_mb,graphsage_fairloss_a10_mb,tpr,gap,0.01630600910981339,0.013063043715935774,0.019595678379305953,True
Victim Sex,named_all,graphsage_geo_blind_mb,graphsage_fairloss_a10_mb,tpr,amplification,0.19751296301165122,0.15856690594176143,0.2411155831451631,True
Victim Sex,named_all,graphsage_geo_blind_mb,graphsage_fairloss_a10_mb,fpr,gap,0.023754339400039792,0.017537657773423396,0.02983541170978918,True
Victim Sex,named_all,graphsage_geo_blind_mb,graphsage_fairloss_a10_mb,fpr,amplification,0.28773379971084556,0.20902290164753487,0.3635345770708607,True
Victim Sex,named_n>=5000,graphsage_geo_blind_mb,graphsage_fairloss_a10_mb,selection_rate,gap,0.018566689714546114,0.015742037700715597,0.021390490358687456,True
Victim Sex,named_n>=5000,graphsage_geo_blind_mb,graphsage_fairloss_a10_mb,selection_rate,amplification,0.2248963479746222,0.18838663731521277,0.26457697205644437,True
Victim Sex,named_n>=5000,graphsage_geo_blind_mb,graphsage_fairloss_a10_mb,tpr,gap,0.01630600910981339,0.013063043715935774,0.019595678379305953,True
Victim Sex,named_n>=5000,graphsage_geo_blind_mb,graphsage_fairloss_a10_mb,tpr,amplification,0.19751296301165122,0.15856690594176143,0.2411155831451631,True
Victim Sex,named_n>=5000,graphsage_geo_blind_mb,graphsage_fairloss_a10_mb,fpr,gap,0.023754339400039792,0.017537657773423396,0.02983541170978918,True
Victim Sex,named_n>=5000,graphsage_geo_blind_mb,graphsage_fairloss_a10_mb,fpr,amplification,0.28773379971084556,0.20902290164753487,0.3635345770708607,True
Victim Sex,named_all,graphsage_geo_blind_mb,graphsage_fairloss_a25_mb,selection_rate,gap,0.025749150554505107,0.022475573225881135,0.02884669368904046,True
Victim Sex,named_all,graphsage_geo_blind_mb,graphsage_fairloss_a25_mb,selection_rate,amplification,0.3118967361543201,0.2693905790049111,0.3550380208500919,True
Victim Sex,named_all,graphsage_geo_blind_mb,graphsage_fairloss_a25_mb,tpr,gap,0.02263904161458752,0.0190121365789786,0.0261415744125434,True
Victim Sex,named_all,graphsage_geo_blind_mb,graphsage_fairloss_a25_mb,tpr,amplification,0.27422431564509475,0.22770414941392214,0.3196765778506574,True
Victim Sex,named_all,graphsage_geo_blind_mb,graphsage_fairloss_a25_mb,fpr,gap,0.03322293851510799,0.02643249042578119,0.03958904429661303,True
Victim Sex,named_all,graphsage_geo_blind_mb,graphsage_fairloss_a25_mb,fpr,amplification,0.40242593892111367,0.3176635341202614,0.4852464074809128,True
Victim Sex,named_n>=5000,graphsage_geo_blind_mb,graphsage_fairloss_a25_mb,selection_rate,gap,0.025749150554505107,0.022475573225881135,0.02884669368904046,True
Victim Sex,named_n>=5000,graphsage_geo_blind_mb,graphsage_fairloss_a25_mb,selection_rate,amplification,0.3118967361543201,0.2693905790049111,0.3550380208500919,True
Victim Sex,named_n>=5000,graphsage_geo_blind_mb,graphsage_fairloss_a25_mb,tpr,gap,0.02263904161458752,0.0190121365789786,0.0261415744125434,True
Victim Sex,named_n>=5000,graphsage_geo_blind_mb,graphsage_fairloss_a25_mb,tpr,amplification,0.27422431564509475,0.22770414941392214,0.3196765778506574,True
Victim Sex,named_n>=5000,graphsage_geo_blind_mb,graphsage_fairloss_a25_mb,fpr,gap,0.03322293851510799,0.02643249042578119,0.03958904429661303,True
Victim Sex,named_n>=5000,graphsage_geo_blind_mb,graphsage_fairloss_a25_mb,fpr,amplification,0.40242593892111367,0.3176635341202614,0.4852464074809128,True
Victim Sex,named_all,graphsage_geo_blind_mb,graphsage_fairloss_a50_mb,selection_rate,gap,0.023842214110352145,0.02082899404720804,0.026844155938878633,True
Victim Sex,named_all,graphsage_geo_blind_mb,graphsage_fairloss_a50_mb,selection_rate,amplification,0.28879821677885387,0.2506856152615042,0.3269228418320233,True
Victim Sex,named_all,graphsage_geo_blind_mb,graphsage_fairloss_a50_mb,tpr,gap,0.021272550054461492,0.017720931469467904,0.024900750934975045,True
Victim Sex,named_all,graphsage_geo_blind_mb,graphsage_fairloss_a50_mb,tpr,amplification,0.2576721479654832,0.21039689923369176,0.302195738776245,True
Victim Sex,named_all,graphsage_geo_blind_mb,graphsage_fairloss_a50_mb,fpr,gap,0.02792556042288652,0.021296820922301826,0.03422179280387057,True
Victim Sex,named_all,graphsage_geo_blind_mb,graphsage_fairloss_a50_mb,fpr,amplification,0.33825935860453704,0.25514793350972365,0.4210118252480046,True
Victim Sex,named_n>=5000,graphsage_geo_blind_mb,graphsage_fairloss_a50_mb,selection_rate,gap,0.023842214110352145,0.02082899404720804,0.026844155938878633,True
Victim Sex,named_n>=5000,graphsage_geo_blind_mb,graphsage_fairloss_a50_mb,selection_rate,amplification,0.28879821677885387,0.2506856152615042,0.3269228418320233,True
Victim Sex,named_n>=5000,graphsage_geo_blind_mb,graphsage_fairloss_a50_mb,tpr,gap,0.021272550054461492,0.017720931469467904,0.024900750934975045,True
Victim Sex,named_n>=5000,graphsage_geo_blind_mb,graphsage_fairloss_a50_mb,tpr,amplification,0.2576721479654832,0.21039689923369176,0.302195738776245,True
Victim Sex,named_n>=5000,graphsage_geo_blind_mb,graphsage_fairloss_a50_mb,fpr,gap,0.02792556042288652,0.021296820922301826,0.03422179280387057,True
Victim Sex,named_n>=5000,graphsage_geo_blind_mb,graphsage_fairloss_a50_mb,fpr,amplification,0.33825935860453704,0.25514793350972365,0.4210118252480046,True
Victim Sex,named_all,graphsage_geo_blind_mb,graphsage_fairloss_a100_mb,selection_rate,gap,0.02734102598224275,0.023992875260451265,0.030652108165251588,True
Victim Sex,named_all,graphsage_geo_blind_mb,graphsage_fairloss_a100_mb,selection_rate,amplification,0.3311789547744899,0.2888036284181243,0.3778103591160704,True
Victim Sex,named_all,graphsage_geo_blind_mb,graphsage_fairloss_a100_mb,tpr,gap,0.02431372838255641,0.02016099356676374,0.028357648855932657,True
Victim Sex,named_all,graphsage_geo_blind_mb,graphsage_fairloss_a100_mb,tpr,amplification,0.2945096192672345,0.24235546152992324,0.3450844484535967,True
Victim Sex,named_all,graphsage_geo_blind_mb,graphsage_fairloss_a100_mb,fpr,gap,0.03279562236799177,0.025941803117857765,0.03981803134419121,True
Victim Sex,named_all,graphsage_geo_blind_mb,graphsage_fairloss_a100_mb,fpr,amplification,0.39724990364532986,0.31180986001090305,0.4866957199031779,True
Victim Sex,named_n>=5000,graphsage_geo_blind_mb,graphsage_fairloss_a100_mb,selection_rate,gap,0.02734102598224275,0.023992875260451265,0.030652108165251588,True
Victim Sex,named_n>=5000,graphsage_geo_blind_mb,graphsage_fairloss_a100_mb,selection_rate,amplification,0.3311789547744899,0.2888036284181243,0.3778103591160704,True
Victim Sex,named_n>=5000,graphsage_geo_blind_mb,graphsage_fairloss_a100_mb,tpr,gap,0.02431372838255641,0.02016099356676374,0.028357648855932657,True
Victim Sex,named_n>=5000,graphsage_geo_blind_mb,graphsage_fairloss_a100_mb,tpr,amplification,0.2945096192672345,0.24235546152992324,0.3450844484535967,True
Victim Sex,named_n>=5000,graphsage_geo_blind_mb,graphsage_fairloss_a100_mb,fpr,gap,0.03279562236799177,0.025941803117857765,0.03981803134419121,True
Victim Sex,named_n>=5000,graphsage_geo_blind_mb,graphsage_fairloss_a100_mb,fpr,amplification,0.39724990364532986,0.31180986001090305,0.4866957199031779,True
Victim Sex,named_all,graphsage_geo_blind_mb,xgboost,selection_rate,gap,-0.1102004960446139,-0.11425767335035532,-0.10635219436434025,True
Victim Sex,named_all,graphsage_geo_blind_mb,xgboost,selection_rate,amplification,-1.3348469482962615,-1.433790995036204,-1.2486203479391442,True
Victim Sex,named_all,graphsage_geo_blind_mb,xgboost,tpr,gap,-0.11527655268643933,-0.1200458138455039,-0.1106402565633429,True
Victim Sex,named_all,graphsage_geo_blind_mb,xgboost,tpr,amplification,-1.3963326853021685,-1.500791250426728,-1.3055218163107043,True
Victim Sex,named_all,graphsage_geo_blind_mb,xgboost,fpr,gap,-0.09450415349829694,-0.10358432255752083,-0.0857506416276728,True
Victim Sex,named_all,graphsage_geo_blind_mb,xgboost,fpr,amplification,-1.144718811859547,-1.2852872327578808,-1.0137555399367786,True
Victim Sex,named_n>=5000,graphsage_geo_blind_mb,xgboost,selection_rate,gap,-0.1102004960446139,-0.11425767335035532,-0.10635219436434025,True
Victim Sex,named_n>=5000,graphsage_geo_blind_mb,xgboost,selection_rate,amplification,-1.3348469482962615,-1.433790995036204,-1.2486203479391442,True
Victim Sex,named_n>=5000,graphsage_geo_blind_mb,xgboost,tpr,gap,-0.11527655268643933,-0.1200458138455039,-0.1106402565633429,True
Victim Sex,named_n>=5000,graphsage_geo_blind_mb,xgboost,tpr,amplification,-1.3963326853021685,-1.500791250426728,-1.3055218163107043,True
Victim Sex,named_n>=5000,graphsage_geo_blind_mb,xgboost,fpr,gap,-0.09450415349829694,-0.10358432255752083,-0.0857506416276728,True
Victim Sex,named_n>=5000,graphsage_geo_blind_mb,xgboost,fpr,amplification,-1.144718811859547,-1.2852872327578808,-1.0137555399367786,True
Victim Sex,named_all,graphsage_geo_blind_mb,xgboost_blind,selection_rate,gap,0.00418125227900823,0.000408395263404221,0.007792927624687177,True
Victim Sex,named_all,graphsage_geo_blind_mb,xgboost_blind,selection_rate,amplification,0.05064706643817063,0.005030994179738158,0.09324667097903423,True
Victim Sex,named_all,graphsage_geo_blind_mb,xgboost_blind,tpr,gap,-0.00036008874572956984,-0.004682932699933487,0.0039009509210462573,False
Victim Sex,named_all,graphsage_geo_blind_mb,xgboost_blind,tpr,amplification,-0.004361716876105093,-0.05656815615548423,0.048438556323260766,False
Victim Sex,named_all,graphsage_geo_blind_mb,xgboost_blind,fpr,gap,0.013647467317349282,0.006275240031543741,0.021056683681778935,True
Victim Sex,named_all,graphsage_geo_blind_mb,xgboost_blind,fpr,amplification,0.16531032757930153,0.07551465794056297,0.25763938338924386,True
Victim Sex,named_n>=5000,graphsage_geo_blind_mb,xgboost_blind,selection_rate,gap,0.00418125227900823,0.000408395263404221,0.007792927624687177,True
Victim Sex,named_n>=5000,graphsage_geo_blind_mb,xgboost_blind,selection_rate,amplification,0.05064706643817063,0.005030994179738158,0.09324667097903423,True
Victim Sex,named_n>=5000,graphsage_geo_blind_mb,xgboost_blind,tpr,gap,-0.00036008874572956984,-0.004682932699933487,0.0039009509210462573,False
Victim Sex,named_n>=5000,graphsage_geo_blind_mb,xgboost_blind,tpr,amplification,-0.004361716876105093,-0.05656815615548423,0.048438556323260766,False
Victim Sex,named_n>=5000,graphsage_geo_blind_mb,xgboost_blind,fpr,gap,0.013647467317349282,0.006275240031543741,0.021056683681778935,True
Victim Sex,named_n>=5000,graphsage_geo_blind_mb,xgboost_blind,fpr,amplification,0.16531032757930153,0.07551465794056297,0.25763938338924386,True
Victim Sex,named_all,graphsage_geo_blind_mb,logreg,selection_rate,gap,-0.1434551008109941,-0.14782912238886114,-0.13930671452421567,True
Victim Sex,named_all,graphsage_geo_blind_mb,logreg,selection_rate,amplification,-1.7376564571684356,-1.845919885977441,-1.6256715345517616,True
Victim Sex,named_all,graphsage_geo_blind_mb,logreg,tpr,gap,-0.1479979533060929,-0.15278494630182768,-0.14348778993841607,True
Victim Sex,named_all,graphsage_geo_blind_mb,logreg,tpr,amplification,-1.7926835487632657,-1.905173526454024,-1.6793563681842707,True
Victim Sex,named_all,graphsage_geo_blind_mb,logreg,fpr,gap,-0.14629409752869477,-0.1556975001306347,-0.13732684737597464,True
Victim Sex,named_all,graphsage_geo_blind_mb,logreg,fpr,amplification,-1.7720449240162768,-1.9107408759334596,-1.635046119700739,True
Victim Sex,named_n>=5000,graphsage_geo_blind_mb,logreg,selection_rate,gap,-0.1434551008109941,-0.14782912238886114,-0.13930671452421567,True
Victim Sex,named_n>=5000,graphsage_geo_blind_mb,logreg,selection_rate,amplification,-1.7376564571684356,-1.845919885977441,-1.6256715345517616,True
Victim Sex,named_n>=5000,graphsage_geo_blind_mb,logreg,tpr,gap,-0.1479979533060929,-0.15278494630182768,-0.14348778993841607,True
Victim Sex,named_n>=5000,graphsage_geo_blind_mb,logreg,tpr,amplification,-1.7926835487632657,-1.905173526454024,-1.6793563681842707,True
Victim Sex,named_n>=5000,graphsage_geo_blind_mb,logreg,fpr,gap,-0.14629409752869477,-0.1556975001306347,-0.13732684737597464,True
Victim Sex,named_n>=5000,graphsage_geo_blind_mb,logreg,fpr,amplification,-1.7720449240162768,-1.9107408759334596,-1.635046119700739,True
Victim Sex,named_all,graphsage_geo_blind_mb,logreg_blind,selection_rate,gap,0.0025631301259315675,-0.00176550049936455,0.006753109155852038,False
Victim Sex,named_all,graphsage_geo_blind_mb,logreg_blind,selection_rate,amplification,0.031046924011130184,-0.02167584589859032,0.0832446788900619,False
Victim Sex,named_all,graphsage_geo_blind_mb,logreg_blind,tpr,gap,-0.0018501869206957178,-0.006877333219284254,0.002858816334890033,False
Victim Sex,named_all,graphsage_geo_blind_mb,logreg_blind,tpr,amplification,-0.02241111840248422,-0.08396042625748934,0.03457919094920139,False
Victim Sex,named_all,graphsage_geo_blind_mb,logreg_blind,fpr,gap,-0.00025911005396134223,-0.009545385779484055,0.0089194678245952,False
Victim Sex,named_all,graphsage_geo_blind_mb,logreg_blind,fpr,amplification,-0.0031385726672514824,-0.1148680408119899,0.10788375942434081,False
Victim Sex,named_n>=5000,graphsage_geo_blind_mb,logreg_blind,selection_rate,gap,0.0025631301259315675,-0.00176550049936455,0.006753109155852038,False
Victim Sex,named_n>=5000,graphsage_geo_blind_mb,logreg_blind,selection_rate,amplification,0.031046924011130184,-0.02167584589859032,0.0832446788900619,False
Victim Sex,named_n>=5000,graphsage_geo_blind_mb,logreg_blind,tpr,gap,-0.0018501869206957178,-0.006877333219284254,0.002858816334890033,False
Victim Sex,named_n>=5000,graphsage_geo_blind_mb,logreg_blind,tpr,amplification,-0.02241111840248422,-0.08396042625748934,0.03457919094920139,False
Victim Sex,named_n>=5000,graphsage_geo_blind_mb,logreg_blind,fpr,gap,-0.00025911005396134223,-0.009545385779484055,0.0089194678245952,False
Victim Sex,named_n>=5000,graphsage_geo_blind_mb,logreg_blind,fpr,amplification,-0.0031385726672514824,-0.1148680408119899,0.10788375942434081,False
Victim Sex,named_all,graphsage_fairloss_a0_mb,graphsage_fairloss_a10_mb,selection_rate,gap,0.02568830500385355,0.02289655172482975,0.02846345270642426,True
Victim Sex,named_all,graphsage_fairloss_a0_mb,graphsage_fairloss_a10_mb,selection_rate,amplification,0.3111597204373331,0.27397905776820886,0.3501654564015496,True
Victim Sex,named_all,graphsage_fairloss_a0_mb,graphsage_fairloss_a10_mb,tpr,gap,0.02200511714976794,0.01873858469396191,0.02526771304506134,True
Victim Sex,named_all,graphsage_fairloss_a0_mb,graphsage_fairloss_a10_mb,tpr,amplification,0.26654565567815425,0.22478629241461084,0.3065888137073286,True
Victim Sex,named_all,graphsage_fairloss_a0_mb,graphsage_fairloss_a10_mb,fpr,gap,0.03549369422736687,0.029574139118197142,0.04146237908045016,True
Victim Sex,named_all,graphsage_fairloss_a0_mb,graphsage_fairloss_a10_mb,fpr,amplification,0.4299313625955039,0.3568974070465335,0.5092122777158032,True
Victim Sex,named_n>=5000,graphsage_fairloss_a0_mb,graphsage_fairloss_a10_mb,selection_rate,gap,0.02568830500385355,0.02289655172482975,0.02846345270642426,True
Victim Sex,named_n>=5000,graphsage_fairloss_a0_mb,graphsage_fairloss_a10_mb,selection_rate,amplification,0.3111597204373331,0.27397905776820886,0.3501654564015496,True
Victim Sex,named_n>=5000,graphsage_fairloss_a0_mb,graphsage_fairloss_a10_mb,tpr,gap,0.02200511714976794,0.01873858469396191,0.02526771304506134,True
Victim Sex,named_n>=5000,graphsage_fairloss_a0_mb,graphsage_fairloss_a10_mb,tpr,amplification,0.26654565567815425,0.22478629241461084,0.3065888137073286,True
Victim Sex,named_n>=5000,graphsage_fairloss_a0_mb,graphsage_fairloss_a10_mb,fpr,gap,0.03549369422736687,0.029574139118197142,0.04146237908045016,True
Victim Sex,named_n>=5000,graphsage_fairloss_a0_mb,graphsage_fairloss_a10_mb,fpr,amplification,0.4299313625955039,0.3568974070465335,0.5092122777158032,True
Victim Sex,named_all,graphsage_fairloss_a0_mb,graphsage_fairloss_a25_mb,selection_rate,gap,0.032870765843812544,0.02963625352827464,0.0358967128595293,True
Victim Sex,named_all,graphsage_fairloss_a0_mb,graphsage_fairloss_a25_mb,selection_rate,amplification,0.398160108617031,0.3544630651702355,0.4431679526332948,True
Victim Sex,named_all,graphsage_fairloss_a0_mb,graphsage_fairloss_a25_mb,tpr,gap,0.028338149654542066,0.024656966877154123,0.0322052988679688,True
Victim Sex,named_all,graphsage_fairloss_a0_mb,graphsage_fairloss_a25_mb,tpr,amplification,0.3432570083115978,0.2956776714210757,0.394577487549469,True
Victim Sex,named_all,graphsage_fairloss_a0_mb,graphsage_fairloss_a25_mb,fpr,gap,0.04496229334243507,0.03818562448053132,0.051094584893469124,True
Victim Sex,named_all,graphsage_fairloss_a0_mb,graphsage_fairloss_a25_mb,fpr,amplification,0.544623501805772,0.4565388748047716,0.623779198116912,True
Victim Sex,named_n>=5000,graphsage_fairloss_a0_mb,graphsage_fairloss_a25_mb,selection_rate,gap,0.032870765843812544,0.02963625352827464,0.0358967128595293,True
Victim Sex,named_n>=5000,graphsage_fairloss_a0_mb,graphsage_fairloss_a25_mb,selection_rate,amplification,0.398160108617031,0.3544630651702355,0.4431679526332948,True
Victim Sex,named_n>=5000,graphsage_fairloss_a0_mb,graphsage_fairloss_a25_mb,tpr,gap,0.028338149654542066,0.024656966877154123,0.0322052988679688,True
Victim Sex,named_n>=5000,graphsage_fairloss_a0_mb,graphsage_fairloss_a25_mb,tpr,amplification,0.3432570083115978,0.2956776714210757,0.394577487549469,True
Victim Sex,named_n>=5000,graphsage_fairloss_a0_mb,graphsage_fairloss_a25_mb,fpr,gap,0.04496229334243507,0.03818562448053132,0.051094584893469124,True
Victim Sex,named_n>=5000,graphsage_fairloss_a0_mb,graphsage_fairloss_a25_mb,fpr,amplification,0.544623501805772,0.4565388748047716,0.623779198116912,True
Victim Sex,named_all,graphsage_fairloss_a0_mb,graphsage_fairloss_a50_mb,selection_rate,gap,0.03096382939965958,0.027798267233625204,0.03399858304391217,True
Victim Sex,named_all,graphsage_fairloss_a0_mb,graphsage_fairloss_a50_mb,selection_rate,amplification,0.37506158924156474,0.33465266128982857,0.4218701325504128,True
Victim Sex,named_all,graphsage_fairloss_a0_mb,graphsage_fairloss_a50_mb,tpr,gap,0.02697165809441604,0.023292207865186862,0.0305951976114113,True
Victim Sex,named_all,graphsage_fairloss_a0_mb,graphsage_fairloss_a50_mb,tpr,amplification,0.32670484063198624,0.28154829460566244,0.3770658560276588,True
Victim Sex,named_all,graphsage_fairloss_a0_mb,graphsage_fairloss_a50_mb,fpr,gap,0.039664915250213595,0.03232129753676752,0.0460796130094095,True
Victim Sex,named_all,graphsage_fairloss_a0_mb,graphsage_fairloss_a50_mb,fpr,amplification,0.4804569214891954,0.39060551604744476,0.5674869221367322,True
Victim Sex,named_n>=5000,graphsage_fairloss_a0_mb,graphsage_fairloss_a50_mb,selection_rate,gap,0.03096382939965958,0.027798267233625204,0.03399858304391217,True
Victim Sex,named_n>=5000,graphsage_fairloss_a0_mb,graphsage_fairloss_a50_mb,selection_rate,amplification,0.37506158924156474,0.33465266128982857,0.4218701325504128,True
Victim Sex,named_n>=5000,graphsage_fairloss_a0_mb,graphsage_fairloss_a50_mb,tpr,gap,0.02697165809441604,0.023292207865186862,0.0305951976114113,True
Victim Sex,named_n>=5000,graphsage_fairloss_a0_mb,graphsage_fairloss_a50_mb,tpr,amplification,0.32670484063198624,0.28154829460566244,0.3770658560276588,True
Victim Sex,named_n>=5000,graphsage_fairloss_a0_mb,graphsage_fairloss_a50_mb,fpr,gap,0.039664915250213595,0.03232129753676752,0.0460796130094095,True
Victim Sex,named_n>=5000,graphsage_fairloss_a0_mb,graphsage_fairloss_a50_mb,fpr,amplification,0.4804569214891954,0.39060551604744476,0.5674869221367322,True
Victim Sex,named_all,graphsage_fairloss_a0_mb,graphsage_fairloss_a100_mb,selection_rate,gap,0.03446264127155019,0.030768491191743248,0.037807445933975434,True
Victim Sex,named_all,graphsage_fairloss_a0_mb,graphsage_fairloss_a100_mb,selection_rate,amplification,0.41744232723720076,0.3684525997866337,0.4702250967752452,True
Victim Sex,named_all,graphsage_fairloss_a0_mb,graphsage_fairloss_a100_mb,tpr,gap,0.030012836422510958,0.025805807147601716,0.03389598545466019,True
Victim Sex,named_all,graphsage_fairloss_a0_mb,graphsage_fairloss_a100_mb,tpr,amplification,0.36354231193373754,0.3102709945962915,0.4182528606567297,True
Victim Sex,named_all,graphsage_fairloss_a0_mb,graphsage_fairloss_a100_mb,fpr,gap,0.04453497719531885,0.03713696458477801,0.05169586869948895,True
Victim Sex,named_all,graphsage_fairloss_a0_mb,graphsage_fairloss_a100_mb,fpr,amplification,0.5394474665299882,0.4500700701510383,0.6423451642676039,True
Victim Sex,named_n>=5000,graphsage_fairloss_a0_mb,graphsage_fairloss_a100_mb,selection_rate,gap,0.03446264127155019,0.030768491191743248,0.037807445933975434,True
Victim Sex,named_n>=5000,graphsage_fairloss_a0_mb,graphsage_fairloss_a100_mb,selection_rate,amplification,0.41744232723720076,0.3684525997866337,0.4702250967752452,True
Victim Sex,named_n>=5000,graphsage_fairloss_a0_mb,graphsage_fairloss_a100_mb,tpr,gap,0.030012836422510958,0.025805807147601716,0.03389598545466019,True
Victim Sex,named_n>=5000,graphsage_fairloss_a0_mb,graphsage_fairloss_a100_mb,tpr,amplification,0.36354231193373754,0.3102709945962915,0.4182528606567297,True
Victim Sex,named_n>=5000,graphsage_fairloss_a0_mb,graphsage_fairloss_a100_mb,fpr,gap,0.04453497719531885,0.03713696458477801,0.05169586869948895,True
Victim Sex,named_n>=5000,graphsage_fairloss_a0_mb,graphsage_fairloss_a100_mb,fpr,amplification,0.5394474665299882,0.4500700701510383,0.6423451642676039,True
Victim Sex,named_all,graphsage_fairloss_a0_mb,xgboost,selection_rate,gap,-0.10307888075530647,-0.10755605399273026,-0.09869909440324312,True
Victim Sex,named_all,graphsage_fairloss_a0_mb,xgboost,selection_rate,amplification,-1.2485835758335506,-1.3424645815057696,-1.1677618888772792,True
Victim Sex,named_all,graphsage_fairloss_a0_mb,xgboost,tpr,gap,-0.10957744464648478,-0.11442753530437554,-0.10489289661487732,True
Victim Sex,named_all,graphsage_fairloss_a0_mb,xgboost,tpr,amplification,-1.3272999926356652,-1.4268730808310173,-1.2386293888536228,True
Victim Sex,named_all,graphsage_fairloss_a0_mb,xgboost,fpr,gap,-0.08276479867096986,-0.09161424309706896,-0.07369537519604472,True
Victim Sex,named_all,graphsage_fairloss_a0_mb,xgboost,fpr,amplification,-1.0025212489748887,-1.1353261787232938,-0.8808855851419746,True
Victim Sex,named_n>=5000,graphsage_fairloss_a0_mb,xgboost,selection_rate,gap,-0.10307888075530647,-0.10755605399273026,-0.09869909440324312,True
Victim Sex,named_n>=5000,graphsage_fairloss_a0_mb,xgboost,selection_rate,amplification,-1.2485835758335506,-1.3424645815057696,-1.1677618888772792,True
Victim Sex,named_n>=5000,graphsage_fairloss_a0_mb,xgboost,tpr,gap,-0.10957744464648478,-0.11442753530437554,-0.10489289661487732,True
Victim Sex,named_n>=5000,graphsage_fairloss_a0_mb,xgboost,tpr,amplification,-1.3272999926356652,-1.4268730808310173,-1.2386293888536228,True
Victim Sex,named_n>=5000,graphsage_fairloss_a0_mb,xgboost,fpr,gap,-0.08276479867096986,-0.09161424309706896,-0.07369537519604472,True
Victim Sex,named_n>=5000,graphsage_fairloss_a0_mb,xgboost,fpr,amplification,-1.0025212489748887,-1.1353261787232938,-0.8808855851419746,True
Victim Sex,named_all,graphsage_fairloss_a0_mb,xgboost_blind,selection_rate,gap,0.011302867568315667,0.007503207626761247,0.01481437937114035,True
Victim Sex,named_all,graphsage_fairloss_a0_mb,xgboost_blind,selection_rate,amplification,0.1369104389008815,0.0898965682162445,0.17909584359158223,True
Victim Sex,named_all,graphsage_fairloss_a0_mb,xgboost_blind,tpr,gap,0.005339019294224978,0.0009106934337879681,0.009471218369124363,True
Victim Sex,named_all,graphsage_fairloss_a0_mb,xgboost_blind,tpr,amplification,0.06467097579039793,0.01075564424543259,0.11252042529487193,True
Victim Sex,named_all,graphsage_fairloss_a0_mb,xgboost_blind,fpr,gap,0.025386822144676358,0.017761345447907785,0.033279183981017306,True
Victim Sex,named_all,graphsage_fairloss_a0_mb,xgboost_blind,fpr,amplification,0.3075078904639599,0.21509122898711042,0.405932781777619,True
Victim Sex,named_n>=5000,graphsage_fairloss_a0_mb,xgboost_blind,selection_rate,gap,0.011302867568315667,0.007503207626761247,0.01481437937114035,True
Victim Sex,named_n>=5000,graphsage_fairloss_a0_mb,xgboost_blind,selection_rate,amplification,0.1369104389008815,0.0898965682162445,0.17909584359158223,True
Victim Sex,named_n>=5000,graphsage_fairloss_a0_mb,xgboost_blind,tpr,gap,0.005339019294224978,0.0009106934337879681,0.009471218369124363,True
Victim Sex,named_n>=5000,graphsage_fairloss_a0_mb,xgboost_blind,tpr,amplification,0.06467097579039793,0.01075564424543259,0.11252042529487193,True
Victim Sex,named_n>=5000,graphsage_fairloss_a0_mb,xgboost_blind,fpr,gap,0.025386822144676358,0.017761345447907785,0.033279183981017306,True
Victim Sex,named_n>=5000,graphsage_fairloss_a0_mb,xgboost_blind,fpr,amplification,0.3075078904639599,0.21509122898711042,0.405932781777619,True
Victim Sex,named_all,graphsage_fairloss_a0_mb,logreg,selection_rate,gap,-0.13633348552168667,-0.1403297602319666,-0.1321819424759108,True
Victim Sex,named_all,graphsage_fairloss_a0_mb,logreg,selection_rate,amplification,-1.6513930847057248,-1.7565862930452005,-1.5538778253817622,True
Victim Sex,named_all,graphsage_fairloss_a0_mb,logreg,tpr,gap,-0.14229884526613834,-0.14674552652838327,-0.13742341877246506,True
Victim Sex,named_all,graphsage_fairloss_a0_mb,logreg,tpr,amplification,-1.7236508560967625,-1.8345721338578085,-1.6216156668064268,True
Victim Sex,named_all,graphsage_fairloss_a0_mb,logreg,fpr,gap,-0.1345547427013677,-0.14326079508233283,-0.12632618163090797,True
Victim Sex,named_all,graphsage_fairloss_a0_mb,logreg,fpr,amplification,-1.6298473611316184,-1.7633334170601698,-1.502720862496777,True
Victim Sex,named_n>=5000,graphsage_fairloss_a0_mb,logreg,selection_rate,gap,-0.13633348552168667,-0.1403297602319666,-0.1321819424759108,True
Victim Sex,named_n>=5000,graphsage_fairloss_a0_mb,logreg,selection_rate,amplification,-1.6513930847057248,-1.7565862930452005,-1.5538778253817622,True
Victim Sex,named_n>=5000,graphsage_fairloss_a0_mb,logreg,tpr,gap,-0.14229884526613834,-0.14674552652838327,-0.13742341877246506,True
Victim Sex,named_n>=5000,graphsage_fairloss_a0_mb,logreg,tpr,amplification,-1.7236508560967625,-1.8345721338578085,-1.6216156668064268,True
Victim Sex,named_n>=5000,graphsage_fairloss_a0_mb,logreg,fpr,gap,-0.1345547427013677,-0.14326079508233283,-0.12632618163090797,True
Victim Sex,named_n>=5000,graphsage_fairloss_a0_mb,logreg,fpr,amplification,-1.6298473611316184,-1.7633334170601698,-1.502720862496777,True
Victim Sex,named_all,graphsage_fairloss_a0_mb,logreg_blind,selection_rate,gap,0.009684745415239004,0.005908287292210479,0.01409175922999106,True
Victim Sex,named_all,graphsage_fairloss_a0_mb,logreg_blind,selection_rate,amplification,0.11731029647384106,0.07113429273812344,0.17030651204557717,True
Victim Sex,named_all,graphsage_fairloss_a0_mb,logreg_blind,tpr,gap,0.00384892111925883,-0.0009864021314037047,0.008794039810624729,False
Victim Sex,named_all,graphsage_fairloss_a0_mb,logreg_blind,tpr,amplification,0.046621574264018806,-0.011756637275615794,0.10795382547877236,False
Victim Sex,named_all,graphsage_fairloss_a0_mb,logreg_blind,fpr,gap,0.011480244773365733,0.0032354528658274625,0.020321956320637727,True
Victim Sex,named_all,graphsage_fairloss_a0_mb,logreg_blind,fpr,amplification,0.13905899021740686,0.03950805020714483,0.24967940614241443,True
Victim Sex,named_n>=5000,graphsage_fairloss_a0_mb,logreg_blind,selection_rate,gap,0.009684745415239004,0.005908287292210479,0.01409175922999106,True
Victim Sex,named_n>=5000,graphsage_fairloss_a0_mb,logreg_blind,selection_rate,amplification,0.11731029647384106,0.07113429273812344,0.17030651204557717,True
Victim Sex,named_n>=5000,graphsage_fairloss_a0_mb,logreg_blind,tpr,gap,0.00384892111925883,-0.0009864021314037047,0.008794039810624729,False
Victim Sex,named_n>=5000,graphsage_fairloss_a0_mb,logreg_blind,tpr,amplification,0.046621574264018806,-0.011756637275615794,0.10795382547877236,False
Victim Sex,named_n>=5000,graphsage_fairloss_a0_mb,logreg_blind,fpr,gap,0.011480244773365733,0.0032354528658274625,0.020321956320637727,True
Victim Sex,named_n>=5000,graphsage_fairloss_a0_mb,logreg_blind,fpr,amplification,0.13905899021740686,0.03950805020714483,0.24967940614241443,True
Victim Sex,named_all,graphsage_fairloss_a10_mb,graphsage_fairloss_a25_mb,selection_rate,gap,0.007182460839958993,0.005277436729210988,0.009402333583158843,True
Victim Sex,named_all,graphsage_fairloss_a10_mb,graphsage_fairloss_a25_mb,selection_rate,amplification,0.08700038817969791,0.06338758315842288,0.11517431383193544,True
Victim Sex,named_all,graphsage_fairloss_a10_mb,graphsage_fairloss_a25_mb,tpr,gap,0.006333032504774128,0.003946749944452449,0.008831653643343809,True
Victim Sex,named_all,graphsage_fairloss_a10_mb,graphsage_fairloss_a25_mb,tpr,amplification,0.07671135263344353,0.04758511347466016,0.1071689442507035,True
Victim Sex,named_all,graphsage_fairloss_a10_mb,graphsage_fairloss_a25_mb,fpr,gap,0.0094685991150682,0.0051603982291814,0.013628116550334453,True
Victim Sex,named_all,graphsage_fairloss_a10_mb,graphsage_fairloss_a25_mb,fpr,amplification,0.11469213921026811,0.06274603328349061,0.16613670855392448,True
Victim Sex,named_n>=5000,graphsage_fairloss_a10_mb,graphsage_fairloss_a25_mb,selection_rate,gap,0.007182460839958993,0.005277436729210988,0.009402333583158843,True
Victim Sex,named_n>=5000,graphsage_fairloss_a10_mb,graphsage_fairloss_a25_mb,selection_rate,amplification,0.08700038817969791,0.06338758315842288,0.11517431383193544,True
Victim Sex,named_n>=5000,graphsage_fairloss_a10_mb,graphsage_fairloss_a25_mb,tpr,gap,0.006333032504774128,0.003946749944452449,0.008831653643343809,True
Victim Sex,named_n>=5000,graphsage_fairloss_a10_mb,graphsage_fairloss_a25_mb,tpr,amplification,0.07671135263344353,0.04758511347466016,0.1071689442507035,True
Victim Sex,named_n>=5000,graphsage_fairloss_a10_mb,graphsage_fairloss_a25_mb,fpr,gap,0.0094685991150682,0.0051603982291814,0.013628116550334453,True
Victim Sex,named_n>=5000,graphsage_fairloss_a10_mb,graphsage_fairloss_a25_mb,fpr,amplification,0.11469213921026811,0.06274603328349061,0.16613670855392448,True
Victim Sex,named_all,graphsage_fairloss_a10_mb,graphsage_fairloss_a50_mb,selection_rate,gap,0.0052755243958060305,0.0031082621670084493,0.007400569715317354,True
Victim Sex,named_all,graphsage_fairloss_a10_mb,graphsage_fairloss_a50_mb,selection_rate,amplification,0.06390186880423165,0.03744735394857603,0.0903335415061533,True
Victim Sex,named_all,graphsage_fairloss_a10_mb,graphsage_fairloss_a50_mb,tpr,gap,0.004966540944648101,0.002572713153342196,0.007286849545659979,True
Victim Sex,named_all,graphsage_fairloss_a10_mb,graphsage_fairloss_a50_mb,tpr,amplification,0.06015918495383199,0.030590278188695277,0.08821541069006468,True
Victim Sex,named_all,graphsage_fairloss_a10_mb,graphsage_fairloss_a50_mb,fpr,gap,0.004171221022846727,-0.0004459244374091051,0.008400692983046411,False
Victim Sex,named_all,graphsage_fairloss_a10_mb,graphsage_fairloss_a50_mb,fpr,amplification,0.05052555889369148,-0.0050329706127316964,0.10077338610082028,False
Victim Sex,named_n>=5000,graphsage_fairloss_a10_mb,graphsage_fairloss_a50_mb,selection_rate,gap,0.0052755243958060305,0.0031082621670084493,0.007400569715317354,True
Victim Sex,named_n>=5000,graphsage_fairloss_a10_mb,graphsage_fairloss_a50_mb,selection_rate,amplification,0.06390186880423165,0.03744735394857603,0.0903335415061533,True
Victim Sex,named_n>=5000,graphsage_fairloss_a10_mb,graphsage_fairloss_a50_mb,tpr,gap,0.004966540944648101,0.002572713153342196,0.007286849545659979,True
Victim Sex,named_n>=5000,graphsage_fairloss_a10_mb,graphsage_fairloss_a50_mb,tpr,amplification,0.06015918495383199,0.030590278188695277,0.08821541069006468,True
Victim Sex,named_n>=5000,graphsage_fairloss_a10_mb,graphsage_fairloss_a50_mb,fpr,gap,0.004171221022846727,-0.0004459244374091051,0.008400692983046411,False
Victim Sex,named_n>=5000,graphsage_fairloss_a10_mb,graphsage_fairloss_a50_mb,fpr,amplification,0.05052555889369148,-0.0050329706127316964,0.10077338610082028,False
Victim Sex,named_all,graphsage_fairloss_a10_mb,graphsage_fairloss_a100_mb,selection_rate,gap,0.008774336267696636,0.0063538839455603065,0.011103012362071243,True
Victim Sex,named_all,graphsage_fairloss_a10_mb,graphsage_fairloss_a100_mb,selection_rate,amplification,0.10628260679986767,0.07756890859578494,0.1354662245362822,True
Victim Sex,named_all,graphsage_fairloss_a10_mb,graphsage_fairloss_a100_mb,tpr,gap,0.008007719272743019,0.005111369316222336,0.010527515498292079,True
Victim Sex,named_all,graphsage_fairloss_a10_mb,graphsage_fairloss_a100_mb,tpr,amplification,0.09699665625558329,0.06183582082737832,0.13034525306570885,True
Victim Sex,named_all,graphsage_fairloss_a10_mb,graphsage_fairloss_a100_mb,fpr,gap,0.00904128296795198,0.004175662981084956,0.013795443267171817,True
Victim Sex,named_all,graphsage_fairloss_a10_mb,graphsage_fairloss_a100_mb,fpr,amplification,0.1095161039344843,0.05053507745371234,0.16713973245292424,True
Victim Sex,named_n>=5000,graphsage_fairloss_a10_mb,graphsage_fairloss_a100_mb,selection_rate,gap,0.008774336267696636,0.0063538839455603065,0.011103012362071243,True
Victim Sex,named_n>=5000,graphsage_fairloss_a10_mb,graphsage_fairloss_a100_mb,selection_rate,amplification,0.10628260679986767,0.07756890859578494,0.1354662245362822,True
Victim Sex,named_n>=5000,graphsage_fairloss_a10_mb,graphsage_fairloss_a100_mb,tpr,gap,0.008007719272743019,0.005111369316222336,0.010527515498292079,True
Victim Sex,named_n>=5000,graphsage_fairloss_a10_mb,graphsage_fairloss_a100_mb,tpr,amplification,0.09699665625558329,0.06183582082737832,0.13034525306570885,True
Victim Sex,named_n>=5000,graphsage_fairloss_a10_mb,graphsage_fairloss_a100_mb,fpr,gap,0.00904128296795198,0.004175662981084956,0.013795443267171817,True
Victim Sex,named_n>=5000,graphsage_fairloss_a10_mb,graphsage_fairloss_a100_mb,fpr,amplification,0.1095161039344843,0.05053507745371234,0.16713973245292424,True
Victim Sex,named_all,graphsage_fairloss_a10_mb,xgboost,selection_rate,gap,-0.12876718575916002,-0.13324147555738178,-0.12461816515744956,True
Victim Sex,named_all,graphsage_fairloss_a10_mb,xgboost,selection_rate,amplification,-1.5597432962708837,-1.6668785023102515,-1.466870275526596,True
Victim Sex,named_all,graphsage_fairloss_a10_mb,xgboost,tpr,gap,-0.13158256179625272,-0.13665463143606013,-0.12691345779039218,True
Victim Sex,named_all,graphsage_fairloss_a10_mb,xgboost,tpr,amplification,-1.5938456483138195,-1.7092364736759966,-1.495272314860015,True
Victim Sex,named_all,graphsage_fairloss_a10_mb,xgboost,fpr,gap,-0.11825849289833673,-0.12752331622177854,-0.10934124787329534,True
Victim Sex,named_all,graphsage_fairloss_a10_mb,xgboost,fpr,amplification,-1.4324526115703926,-1.578913285672116,-1.302493525913973,True
Victim Sex,named_n>=5000,graphsage_fairloss_a10_mb,xgboost,selection_rate,gap,-0.12876718575916002,-0.13324147555738178,-0.12461816515744956,True
Victim Sex,named_n>=5000,graphsage_fairloss_a10_mb,xgboost,selection_rate,amplification,-1.5597432962708837,-1.6668785023102515,-1.466870275526596,True
Victim Sex,named_n>=5000,graphsage_fairloss_a10_mb,xgboost,tpr,gap,-0.13158256179625272,-0.13665463143606013,-0.12691345779039218,True
Victim Sex,named_n>=5000,graphsage_fairloss_a10_mb,xgboost,tpr,amplification,-1.5938456483138195,-1.7092364736759966,-1.495272314860015,True
Victim Sex,named_n>=5000,graphsage_fairloss_a10_mb,xgboost,fpr,gap,-0.11825849289833673,-0.12752331622177854,-0.10934124787329534,True
Victim Sex,named_n>=5000,graphsage_fairloss_a10_mb,xgboost,fpr,amplification,-1.4324526115703926,-1.578913285672116,-1.302493525913973,True
Victim Sex,named_all,graphsage_fairloss_a10_mb,xgboost_blind,selection_rate,gap,-0.014385437435537884,-0.018567097080632332,-0.010278836362297072,True
Victim Sex,named_all,graphsage_fairloss_a10_mb,xgboost_blind,selection_rate,amplification,-0.17424928153645158,-0.22703779181598974,-0.12378747753735171,True
Victim Sex,named_all,graphsage_fairloss_a10_mb,xgboost_blind,tpr,gap,-0.01666609785554296,-0.021325779946513756,-0.012008436038794744,True
Victim Sex,named_all,graphsage_fairloss_a10_mb,xgboost_blind,tpr,amplification,-0.20187467988775631,-0.2622942768136093,-0.14465747797943837,True
Victim Sex,named_all,graphsage_fairloss_a10_mb,xgboost_blind,fpr,gap,-0.01010687208269051,-0.018399077155450992,-0.0020953254717700283,True
Victim Sex,named_all,graphsage_fairloss_a10_mb,xgboost_blind,fpr,amplification,-0.12242347213154403,-0.2267207702051531,-0.025605905702419943,True
Victim Sex,named_n>=5000,graphsage_fairloss_a10_mb,xgboost_blind,selection_rate,gap,-0.014385437435537884,-0.018567097080632332,-0.010278836362297072,True
Victim Sex,named_n>=5000,graphsage_fairloss_a10_mb,xgboost_blind,selection_rate,amplification,-0.17424928153645158,-0.22703779181598974,-0.12378747753735171,True
Victim Sex,named_n>=5000,graphsage_fairloss_a10_mb,xgboost_blind,tpr,gap,-0.01666609785554296,-0.021325779946513756,-0.012008436038794744,True
Victim Sex,named_n>=5000,graphsage_fairloss_a10_mb,xgboost_blind,tpr,amplification,-0.20187467988775631,-0.2622942768136093,-0.14465747797943837,True
Victim Sex,named_n>=5000,graphsage_fairloss_a10_mb,xgboost_blind,fpr,gap,-0.01010687208269051,-0.018399077155450992,-0.0020953254717700283,True
Victim Sex,named_n>=5000,graphsage_fairloss_a10_mb,xgboost_blind,fpr,amplification,-0.12242347213154403,-0.2267207702051531,-0.025605905702419943,True
Victim Sex,named_all,graphsage_fairloss_a10_mb,logreg,selection_rate,gap,-0.16202179052554022,-0.1662905403776834,-0.1576427786200544,True
Victim Sex,named_all,graphsage_fairloss_a10_mb,logreg,selection_rate,amplification,-1.9625528051430579,-2.0970834323771554,-1.8393125316018106,True
Victim Sex,named_all,graphsage_fairloss_a10_mb,logreg,tpr,gap,-0.16430396241590628,-0.16880651672293187,-0.15935477749497506,True
Victim Sex,named_all,graphsage_fairloss_a10_mb,logreg,tpr,amplification,-1.9901965117749167,-2.124147118691379,-1.8690294819934823,True
Victim Sex,named_all,graphsage_fairloss_a10_mb,logreg,fpr,gap,-0.17004843692873456,-0.17903897441675104,-0.16096913130913212,True
Victim Sex,named_all,graphsage_fairloss_a10_mb,logreg,fpr,amplification,-2.0597787237271223,-2.221494762422024,-1.9036219162575585,True
Victim Sex,named_n>=5000,graphsage_fairloss_a10_mb,logreg,selection_rate,gap,-0.16202179052554022,-0.1662905403776834,-0.1576427786200544,True
Victim Sex,named_n>=5000,graphsage_fairloss_a10_mb,logreg,selection_rate,amplification,-1.9625528051430579,-2.0970834323771554,-1.8393125316018106,True
Victim Sex,named_n>=5000,graphsage_fairloss_a10_mb,logreg,tpr,gap,-0.16430396241590628,-0.16880651672293187,-0.15935477749497506,True
Victim Sex,named_n>=5000,graphsage_fairloss_a10_mb,logreg,tpr,amplification,-1.9901965117749167,-2.124147118691379,-1.8690294819934823,True
Victim Sex,named_n>=5000,graphsage_fairloss_a10_mb,logreg,fpr,gap,-0.17004843692873456,-0.17903897441675104,-0.16096913130913212,True
Victim Sex,named_n>=5000,graphsage_fairloss_a10_mb,logreg,fpr,amplification,-2.0597787237271223,-2.221494762422024,-1.9036219162575585,True
Victim Sex,named_all,graphsage_fairloss_a10_mb,logreg_blind,selection_rate,gap,-0.016003559588614547,-0.020344033591044808,-0.011919890054822338,True
Victim Sex,named_all,graphsage_fairloss_a10_mb,logreg_blind,selection_rate,amplification,-0.19384942396349203,-0.24798096817646298,-0.14214324415151078,True
Victim Sex,named_all,graphsage_fairloss_a10_mb,logreg_blind,tpr,gap,-0.01815619603050911,-0.02308934273507128,-0.013411816346519915,True
Victim Sex,named_all,graphsage_fairloss_a10_mb,logreg_blind,tpr,amplification,-0.21992408141413544,-0.28402533852678685,-0.16318821507585438,True
Victim Sex,named_all,graphsage_fairloss_a10_mb,logreg_blind,fpr,gap,-0.024013449454001135,-0.032518127858807366,-0.015183889322357669,True
Victim Sex,named_all,graphsage_fairloss_a10_mb,logreg_blind,fpr,amplification,-0.29087237237809704,-0.40054997056315134,-0.18129843970955584,True
Victim Sex,named_n>=5000,graphsage_fairloss_a10_mb,logreg_blind,selection_rate,gap,-0.016003559588614547,-0.020344033591044808,-0.011919890054822338,True
Victim Sex,named_n>=5000,graphsage_fairloss_a10_mb,logreg_blind,selection_rate,amplification,-0.19384942396349203,-0.24798096817646298,-0.14214324415151078,True
Victim Sex,named_n>=5000,graphsage_fairloss_a10_mb,logreg_blind,tpr,gap,-0.01815619603050911,-0.02308934273507128,-0.013411816346519915,True
Victim Sex,named_n>=5000,graphsage_fairloss_a10_mb,logreg_blind,tpr,amplification,-0.21992408141413544,-0.28402533852678685,-0.16318821507585438,True
Victim Sex,named_n>=5000,graphsage_fairloss_a10_mb,logreg_blind,fpr,gap,-0.024013449454001135,-0.032518127858807366,-0.015183889322357669,True
Victim Sex,named_n>=5000,graphsage_fairloss_a10_mb,logreg_blind,fpr,amplification,-0.29087237237809704,-0.40054997056315134,-0.18129843970955584,True
Victim Sex,named_all,graphsage_fairloss_a25_mb,graphsage_fairloss_a50_mb,selection_rate,gap,-0.0019069364441529624,-0.0038248386225368525,-0.00013796366427820827,True
Victim Sex,named_all,graphsage_fairloss_a25_mb,graphsage_fairloss_a50_mb,selection_rate,amplification,-0.023098519375466253,-0.04659893736378666,-0.001661632225984928,True
Victim Sex,named_all,graphsage_fairloss_a25_mb,graphsage_fairloss_a50_mb,tpr,gap,-0.0013664915601260264,-0.0034778386390613867,0.0006886254612410351,False
Victim Sex,named_all,graphsage_fairloss_a25_mb,graphsage_fairloss_a50_mb,tpr,amplification,-0.01655216767961154,-0.04294990683324382,0.008264635976363515,False
Victim Sex,named_all,graphsage_fairloss_a25_mb,graphsage_fairloss_a50_mb,fpr,gap,-0.005297378092221472,-0.009194174118152095,-0.0010568919925296391,True
Victim Sex,named_all,graphsage_fairloss_a25_mb,graphsage_fairloss_a50_mb,fpr,amplification,-0.06416658031657663,-0.1131248064623977,-0.012781825661796722,True
Victim Sex,named_n>=5000,graphsage_fairloss_a25_mb,graphsage_fairloss_a50_mb,selection_rate,gap,-0.0019069364441529624,-0.0038248386225368525,-0.00013796366427820827,True
Victim Sex,named_n>=5000,graphsage_fairloss_a25_mb,graphsage_fairloss_a50_mb,selection_rate,amplification,-0.023098519375466253,-0.04659893736378666,-0.001661632225984928,True
Victim Sex,named_n>=5000,graphsage_fairloss_a25_mb,graphsage_fairloss_a50_mb,tpr,gap,-0.0013664915601260264,-0.0034778386390613867,0.0006886254612410351,False
Victim Sex,named_n>=5000,graphsage_fairloss_a25_mb,graphsage_fairloss_a50_mb,tpr,amplification,-0.01655216767961154,-0.04294990683324382,0.008264635976363515,False
Victim Sex,named_n>=5000,graphsage_fairloss_a25_mb,graphsage_fairloss_a50_mb,fpr,gap,-0.005297378092221472,-0.009194174118152095,-0.0010568919925296391,True
Victim Sex,named_n>=5000,graphsage_fairloss_a25_mb,graphsage_fairloss_a50_mb,fpr,amplification,-0.06416658031657663,-0.1131248064623977,-0.012781825661796722,True
Victim Sex,named_all,graphsage_fairloss_a25_mb,graphsage_fairloss_a100_mb,selection_rate,gap,0.0015918754277376435,-0.00048418218125917677,0.003416983431399467,False
Victim Sex,named_all,graphsage_fairloss_a25_mb,graphsage_fairloss_a100_mb,selection_rate,amplification,0.019282218620169767,-0.0059106305837159975,0.04150390461794106,False
Victim Sex,named_all,graphsage_fairloss_a25_mb,graphsage_fairloss_a100_mb,tpr,gap,0.0016746867679688915,-0.000730026314394347,0.00409935903953598,False
Victim Sex,named_all,graphsage_fairloss_a25_mb,graphsage_fairloss_a100_mb,tpr,amplification,0.02028530362213976,-0.00884532293242511,0.05002537609769646,False
Victim Sex,named_all,graphsage_fairloss_a25_mb,graphsage_fairloss_a100_mb,fpr,gap,-0.000427316147116219,-0.004634709823477496,0.003467240982077748,False
Victim Sex,named_all,graphsage_fairloss_a25_mb,graphsage_fairloss_a100_mb,fpr,amplification,-0.005176035275783808,-0.05636183971174706,0.04202234101530046,False
Victim Sex,named_n>=5000,graphsage_fairloss_a25_mb,graphsage_fairloss_a100_mb,selection_rate,gap,0.0015918754277376435,-0.00048418218125917677,0.003416983431399467,False
Victim Sex,named_n>=5000,graphsage_fairloss_a25_mb,graphsage_fairloss_a100_mb,selection_rate,amplification,0.019282218620169767,-0.0059106305837159975,0.04150390461794106,False
Victim Sex,named_n>=5000,graphsage_fairloss_a25_mb,graphsage_fairloss_a100_mb,tpr,gap,0.0016746867679688915,-0.000730026314394347,0.00409935903953598,False
Victim Sex,named_n>=5000,graphsage_fairloss_a25_mb,graphsage_fairloss_a100_mb,tpr,amplification,0.02028530362213976,-0.00884532293242511,0.05002537609769646,False
Victim Sex,named_n>=5000,graphsage_fairloss_a25_mb,graphsage_fairloss_a100_mb,fpr,gap,-0.000427316147116219,-0.004634709823477496,0.003467240982077748,False
Victim Sex,named_n>=5000,graphsage_fairloss_a25_mb,graphsage_fairloss_a100_mb,fpr,amplification,-0.005176035275783808,-0.05636183971174706,0.04202234101530046,False
Victim Sex,named_all,graphsage_fairloss_a25_mb,xgboost,selection_rate,gap,-0.135949646599119,-0.13993822665497394,-0.1317655184278453,True
Victim Sex,named_all,graphsage_fairloss_a25_mb,xgboost,selection_rate,amplification,-1.6467436844505816,-1.760951256430834,-1.556797201276508,True
Victim Sex,named_all,graphsage_fairloss_a25_mb,xgboost,tpr,gap,-0.13791559430102684,-0.14281238176834293,-0.13334852054253318,True
Victim Sex,named_all,graphsage_fairloss_a25_mb,xgboost,tpr,amplification,-1.6705570009472632,-1.7896958625197237,-1.5732182520855513,True
Victim Sex,named_all,graphsage_fairloss_a25_mb,xgboost,fpr,gap,-0.12772709201340493,-0.1367729348509168,-0.11891438007840308,True
Victim Sex,named_all,graphsage_fairloss_a25_mb,xgboost,fpr,amplification,-1.5471447507806606,-1.6963814259806154,-1.4122927541183234,True
Victim Sex,named_n>=5000,graphsage_fairloss_a25_mb,xgboost,selection_rate,gap,-0.135949646599119,-0.13993822665497394,-0.1317655184278453,True
Victim Sex,named_n>=5000,graphsage_fairloss_a25_mb,xgboost,selection_rate,amplification,-1.6467436844505816,-1.760951256430834,-1.556797201276508,True
Victim Sex,named_n>=5000,graphsage_fairloss_a25_mb,xgboost,tpr,gap,-0.13791559430102684,-0.14281238176834293,-0.13334852054253318,True
Victim Sex,named_n>=5000,graphsage_fairloss_a25_mb,xgboost,tpr,amplification,-1.6705570009472632,-1.7896958625197237,-1.5732182520855513,True
Victim Sex,named_n>=5000,graphsage_fairloss_a25_mb,xgboost,fpr,gap,-0.12772709201340493,-0.1367729348509168,-0.11891438007840308,True
Victim Sex,named_n>=5000,graphsage_fairloss_a25_mb,xgboost,fpr,amplification,-1.5471447507806606,-1.6963814259806154,-1.4122927541183234,True
Victim Sex,named_all,graphsage_fairloss_a25_mb,xgboost_blind,selection_rate,gap,-0.021567898275496877,-0.02558561057659068,-0.01768267899125543,True
Victim Sex,named_all,graphsage_fairloss_a25_mb,xgboost_blind,selection_rate,amplification,-0.2612496697161495,-0.31200324081424463,-0.21245106613335235,True
Victim Sex,named_all,graphsage_fairloss_a25_mb,xgboost_blind,tpr,gap,-0.022999130360317088,-0.02745877644452019,-0.018245080850368404,True
Victim Sex,named_all,graphsage_fairloss_a25_mb,xgboost_blind,tpr,amplification,-0.27858603252119984,-0.3385841964606368,-0.21987250990797458,True
Victim Sex,named_all,graphsage_fairloss_a25_mb,xgboost_blind,fpr,gap,-0.01957547119775871,-0.027517404557630083,-0.011504879283692706,True
Victim Sex,named_all,graphsage_fairloss_a25_mb,xgboost_blind,fpr,amplification,-0.23711561134181214,-0.334683996077338,-0.14104199595932757,True
Victim Sex,named_n>=5000,graphsage_fairloss_a25_mb,xgboost_blind,selection_rate,gap,-0.021567898275496877,-0.02558561057659068,-0.01768267899125543,True
Victim Sex,named_n>=5000,graphsage_fairloss_a25_mb,xgboost_blind,selection_rate,amplification,-0.2612496697161495,-0.31200324081424463,-0.21245106613335235,True
Victim Sex,named_n>=5000,graphsage_fairloss_a25_mb,xgboost_blind,tpr,gap,-0.022999130360317088,-0.02745877644452019,-0.018245080850368404,True
Victim Sex,named_n>=5000,graphsage_fairloss_a25_mb,xgboost_blind,tpr,amplification,-0.27858603252119984,-0.3385841964606368,-0.21987250990797458,True
Victim Sex,named_n>=5000,graphsage_fairloss_a25_mb,xgboost_blind,fpr,gap,-0.01957547119775871,-0.027517404557630083,-0.011504879283692706,True
Victim Sex,named_n>=5000,graphsage_fairloss_a25_mb,xgboost_blind,fpr,amplification,-0.23711561134181214,-0.334683996077338,-0.14104199595932757,True
Victim Sex,named_all,graphsage_fairloss_a25_mb,logreg,selection_rate,gap,-0.16920425136549921,-0.17382776069218028,-0.16450156153862314,True
Victim Sex,named_all,graphsage_fairloss_a25_mb,logreg,selection_rate,amplification,-2.0495531933227555,-2.1850614883649007,-1.930196716812294,True
Victim Sex,named_all,graphsage_fairloss_a25_mb,logreg,tpr,gap,-0.1706369949206804,-0.17587734023907436,-0.16529793612216195,True
Victim Sex,named_all,graphsage_fairloss_a25_mb,logreg,tpr,amplification,-2.0669078644083605,-2.203063817770553,-1.9395830976574415,True
Victim Sex,named_all,graphsage_fairloss_a25_mb,logreg,fpr,gap,-0.17951703604380276,-0.18914205474276377,-0.17044487821379475,True
Victim Sex,named_all,graphsage_fairloss_a25_mb,logreg,fpr,amplification,-2.1744708629373903,-2.350270101182105,-2.0211299943730694,True
Victim Sex,named_n>=5000,graphsage_fairloss_a25_mb,logreg,selection_rate,gap,-0.16920425136549921,-0.17382776069218028,-0.16450156153862314,True
Victim Sex,named_n>=5000,graphsage_fairloss_a25_mb,logreg,selection_rate,amplification,-2.0495531933227555,-2.1850614883649007,-1.930196716812294,True
Victim Sex,named_n>=5000,graphsage_fairloss_a25_mb,logreg,tpr,gap,-0.1706369949206804,-0.17587734023907436,-0.16529793612216195,True
Victim Sex,named_n>=5000,graphsage_fairloss_a25_mb,logreg,tpr,amplification,-2.0669078644083605,-2.203063817770553,-1.9395830976574415,True
Victim Sex,named_n>=5000,graphsage_fairloss_a25_mb,logreg,fpr,gap,-0.17951703604380276,-0.18914205474276377,-0.17044487821379475,True
Victim Sex,named_n>=5000,graphsage_fairloss_a25_mb,logreg,fpr,amplification,-2.1744708629373903,-2.350270101182105,-2.0211299943730694,True
Victim Sex,named_all,graphsage_fairloss_a25_mb,logreg_blind,selection_rate,gap,-0.02318602042857354,-0.02737612053471187,-0.01906473520309122,True
Victim Sex,named_all,graphsage_fairloss_a25_mb,logreg_blind,selection_rate,amplification,-0.28084981214318994,-0.3354989753327554,-0.231839997733843,True
Victim Sex,named_all,graphsage_fairloss_a25_mb,logreg_blind,tpr,gap,-0.024489228535283236,-0.02936655684445171,-0.019516551981329625,True
Victim Sex,named_all,graphsage_fairloss_a25_mb,logreg_blind,tpr,amplification,-0.29663543404757897,-0.3639255992894887,-0.23492534476119242,True
Victim Sex,named_all,graphsage_fairloss_a25_mb,logreg_blind,fpr,gap,-0.033482048569069334,-0.04267937132795664,-0.02400291563519978,True
Victim Sex,named_all,graphsage_fairloss_a25_mb,logreg_blind,fpr,amplification,-0.40556451158836515,-0.519687472532529,-0.2898924448642178,True
Victim Sex,named_n>=5000,graphsage_fairloss_a25_mb,logreg_blind,selection_rate,gap,-0.02318602042857354,-0.02737612053471187,-0.01906473520309122,True
Victim Sex,named_n>=5000,graphsage_fairloss_a25_mb,logreg_blind,selection_rate,amplification,-0.28084981214318994,-0.3354989753327554,-0.231839997733843,True
Victim Sex,named_n>=5000,graphsage_fairloss_a25_mb,logreg_blind,tpr,gap,-0.024489228535283236,-0.02936655684445171,-0.019516551981329625,True
Victim Sex,named_n>=5000,graphsage_fairloss_a25_mb,logreg_blind,tpr,amplification,-0.29663543404757897,-0.3639255992894887,-0.23492534476119242,True
Victim Sex,named_n>=5000,graphsage_fairloss_a25_mb,logreg_blind,fpr,gap,-0.033482048569069334,-0.04267937132795664,-0.02400291563519978,True
Victim Sex,named_n>=5000,graphsage_fairloss_a25_mb,logreg_blind,fpr,amplification,-0.40556451158836515,-0.519687472532529,-0.2898924448642178,True
Victim Sex,named_all,graphsage_fairloss_a50_mb,graphsage_fairloss_a100_mb,selection_rate,gap,0.003498811871890606,0.001388996932774228,0.005411054698084508,True
Victim Sex,named_all,graphsage_fairloss_a50_mb,graphsage_fairloss_a100_mb,selection_rate,amplification,0.04238073799563602,0.016695944946461254,0.06603744107963021,True
Victim Sex,named_all,graphsage_fairloss_a50_mb,graphsage_fairloss_a100_mb,tpr,gap,0.003041178328094918,0.0005956711683525962,0.005297964804559859,True
Victim Sex,named_all,graphsage_fairloss_a50_mb,graphsage_fairloss_a100_mb,tpr,amplification,0.0368374713017513,0.007176800813204135,0.06382603650704861,True
Victim Sex,named_all,graphsage_fairloss_a50_mb,graphsage_fairloss_a100_mb,fpr,gap,0.004870061945105253,0.0005164184385168568,0.009117868210061617,True
Victim Sex,named_all,graphsage_fairloss_a50_mb,graphsage_fairloss_a100_mb,fpr,amplification,0.05899054504079282,0.00602051136746669,0.11172038691669972,True
Victim Sex,named_n>=5000,graphsage_fairloss_a50_mb,graphsage_fairloss_a100_mb,selection_rate,gap,0.003498811871890606,0.001388996932774228,0.005411054698084508,True
Victim Sex,named_n>=5000,graphsage_fairloss_a50_mb,graphsage_fairloss_a100_mb,selection_rate,amplification,0.04238073799563602,0.016695944946461254,0.06603744107963021,True
Victim Sex,named_n>=5000,graphsage_fairloss_a50_mb,graphsage_fairloss_a100_mb,tpr,gap,0.003041178328094918,0.0005956711683525962,0.005297964804559859,True
Victim Sex,named_n>=5000,graphsage_fairloss_a50_mb,graphsage_fairloss_a100_mb,tpr,amplification,0.0368374713017513,0.007176800813204135,0.06382603650704861,True
Victim Sex,named_n>=5000,graphsage_fairloss_a50_mb,graphsage_fairloss_a100_mb,fpr,gap,0.004870061945105253,0.0005164184385168568,0.009117868210061617,True
Victim Sex,named_n>=5000,graphsage_fairloss_a50_mb,graphsage_fairloss_a100_mb,fpr,amplification,0.05899054504079282,0.00602051136746669,0.11172038691669972,True
Victim Sex,named_all,graphsage_fairloss_a50_mb,xgboost,selection_rate,gap,-0.13404271015496605,-0.13828402674345455,-0.12993592441296592,True
Victim Sex,named_all,graphsage_fairloss_a50_mb,xgboost,selection_rate,amplification,-1.6236451650751154,-1.7370436932155566,-1.5227216583577385,True
Victim Sex,named_all,graphsage_fairloss_a50_mb,xgboost,tpr,gap,-0.13654910274090082,-0.14149047588855104,-0.13150094558897424,True
Victim Sex,named_all,graphsage_fairloss_a50_mb,xgboost,tpr,amplification,-1.6540048332676516,-1.770194752962433,-1.5556446667246713,True
Victim Sex,named_all,graphsage_fairloss_a50_mb,xgboost,fpr,gap,-0.12242971392118346,-0.13148430621300547,-0.11285828737051237,True
Victim Sex,named_all,graphsage_fairloss_a50_mb,xgboost,fpr,amplification,-1.482978170464084,-1.6214506743676447,-1.3413956696401752,True
Victim Sex,named_n>=5000,graphsage_fairloss_a50_mb,xgboost,selection_rate,gap,-0.13404271015496605,-0.13828402674345455,-0.12993592441296592,True
Victim Sex,named_n>=5000,graphsage_fairloss_a50_mb,xgboost,selection_rate,amplification,-1.6236451650751154,-1.7370436932155566,-1.5227216583577385,True
Victim Sex,named_n>=5000,graphsage_fairloss_a50_mb,xgboost,tpr,gap,-0.13654910274090082,-0.14149047588855104,-0.13150094558897424,True
Victim Sex,named_n>=5000,graphsage_fairloss_a50_mb,xgboost,tpr,amplification,-1.6540048332676516,-1.770194752962433,-1.5556446667246713,True
Victim Sex,named_n>=5000,graphsage_fairloss_a50_mb,xgboost,fpr,gap,-0.12242971392118346,-0.13148430621300547,-0.11285828737051237,True
Victim Sex,named_n>=5000,graphsage_fairloss_a50_mb,xgboost,fpr,amplification,-1.482978170464084,-1.6214506743676447,-1.3413956696401752,True
Victim Sex,named_all,graphsage_fairloss_a50_mb,xgboost_blind,selection_rate,gap,-0.019660961831343915,-0.02371584262698711,-0.015510484361300833,True
Victim Sex,named_all,graphsage_fairloss_a50_mb,xgboost_blind,selection_rate,amplification,-0.23815115034068324,-0.29153998197547376,-0.1869719345637502,True
Victim Sex,named_all,graphsage_fairloss_a50_mb,xgboost_blind,tpr,gap,-0.021632638800191062,-0.02642120084516244,-0.016955947067145212,True
Victim Sex,named_all,graphsage_fairloss_a50_mb,xgboost_blind,tpr,amplification,-0.2620338648415883,-0.3219371841500336,-0.20597105046825234,True
Victim Sex,named_all,graphsage_fairloss_a50_mb,xgboost_blind,fpr,gap,-0.014278093105537237,-0.022945381780622883,-0.006036677285001509,True
Victim Sex,named_all,graphsage_fairloss_a50_mb,xgboost_blind,fpr,amplification,-0.1729490310252355,-0.27830320603013853,-0.072683992921212,True
Victim Sex,named_n>=5000,graphsage_fairloss_a50_mb,xgboost_blind,selection_rate,gap,-0.019660961831343915,-0.02371584262698711,-0.015510484361300833,True
Victim Sex,named_n>=5000,graphsage_fairloss_a50_mb,xgboost_blind,selection_rate,amplification,-0.23815115034068324,-0.29153998197547376,-0.1869719345637502,True
Victim Sex,named_n>=5000,graphsage_fairloss_a50_mb,xgboost_blind,tpr,gap,-0.021632638800191062,-0.02642120084516244,-0.016955947067145212,True
Victim Sex,named_n>=5000,graphsage_fairloss_a50_mb,xgboost_blind,tpr,amplification,-0.2620338648415883,-0.3219371841500336,-0.20597105046825234,True
Victim Sex,named_n>=5000,graphsage_fairloss_a50_mb,xgboost_blind,fpr,gap,-0.014278093105537237,-0.022945381780622883,-0.006036677285001509,True
Victim Sex,named_n>=5000,graphsage_fairloss_a50_mb,xgboost_blind,fpr,amplification,-0.1729490310252355,-0.27830320603013853,-0.072683992921212,True
Victim Sex,named_all,graphsage_fairloss_a50_mb,logreg,selection_rate,gap,-0.16729731492134625,-0.17124429134076535,-0.16315702380562655,True
Victim Sex,named_all,graphsage_fairloss_a50_mb,logreg,selection_rate,amplification,-2.0264546739472893,-2.1615830086811036,-1.8982947918878703,True
Victim Sex,named_all,graphsage_fairloss_a50_mb,logreg,tpr,gap,-0.16927050336055438,-0.1743712615484087,-0.16460868585559035,True
Victim Sex,named_all,graphsage_fairloss_a50_mb,logreg,tpr,amplification,-2.050355696728749,-2.1893159567216673,-1.9221579411862846,True
Victim Sex,named_all,graphsage_fairloss_a50_mb,logreg,fpr,gap,-0.17421965795158129,-0.18285354902062953,-0.16434044276357446,True
Victim Sex,named_all,graphsage_fairloss_a50_mb,logreg,fpr,amplification,-2.110304282620814,-2.2767016302716154,-1.9512088070450069,True
Victim Sex,named_n>=5000,graphsage_fairloss_a50_mb,logreg,selection_rate,gap,-0.16729731492134625,-0.17124429134076535,-0.16315702380562655,True
Victim Sex,named_n>=5000,graphsage_fairloss_a50_mb,logreg,selection_rate,amplification,-2.0264546739472893,-2.1615830086811036,-1.8982947918878703,True
Victim Sex,named_n>=5000,graphsage_fairloss_a50_mb,logreg,tpr,gap,-0.16927050336055438,-0.1743712615484087,-0.16460868585559035,True
Victim Sex,named_n>=5000,graphsage_fairloss_a50_mb,logreg,tpr,amplification,-2.050355696728749,-2.1893159567216673,-1.9221579411862846,True
Victim Sex,named_n>=5000,graphsage_fairloss_a50_mb,logreg,fpr,gap,-0.17421965795158129,-0.18285354902062953,-0.16434044276357446,True
Victim Sex,named_n>=5000,graphsage_fairloss_a50_mb,logreg,fpr,amplification,-2.110304282620814,-2.2767016302716154,-1.9512088070450069,True
Victim Sex,named_all,graphsage_fairloss_a50_mb,logreg_blind,selection_rate,gap,-0.021279083984420577,-0.02540410280015616,-0.016990658625782747,True
Victim Sex,named_all,graphsage_fairloss_a50_mb,logreg_blind,selection_rate,amplification,-0.2577512927677237,-0.3098025343768816,-0.20262372395001454,True
Victim Sex,named_all,graphsage_fairloss_a50_mb,logreg_blind,tpr,gap,-0.02312273697515721,-0.02784289887197163,-0.018220124799034364,True
Victim Sex,named_all,graphsage_fairloss_a50_mb,logreg_blind,tpr,amplification,-0.28008326636796743,-0.3394442023096148,-0.2201698994051589,True
Victim Sex,named_all,graphsage_fairloss_a50_mb,logreg_blind,fpr,gap,-0.028184670476847862,-0.037119030928454796,-0.018830980619930625,True
Victim Sex,named_all,graphsage_fairloss_a50_mb,logreg_blind,fpr,amplification,-0.3413979312717885,-0.4465393721250345,-0.22803307006456708,True
Victim Sex,named_n>=5000,graphsage_fairloss_a50_mb,logreg_blind,selection_rate,gap,-0.021279083984420577,-0.02540410280015616,-0.016990658625782747,True
Victim Sex,named_n>=5000,graphsage_fairloss_a50_mb,logreg_blind,selection_rate,amplification,-0.2577512927677237,-0.3098025343768816,-0.20262372395001454,True
Victim Sex,named_n>=5000,graphsage_fairloss_a50_mb,logreg_blind,tpr,gap,-0.02312273697515721,-0.02784289887197163,-0.018220124799034364,True
Victim Sex,named_n>=5000,graphsage_fairloss_a50_mb,logreg_blind,tpr,amplification,-0.28008326636796743,-0.3394442023096148,-0.2201698994051589,True
Victim Sex,named_n>=5000,graphsage_fairloss_a50_mb,logreg_blind,fpr,gap,-0.028184670476847862,-0.037119030928454796,-0.018830980619930625,True
Victim Sex,named_n>=5000,graphsage_fairloss_a50_mb,logreg_blind,fpr,amplification,-0.3413979312717885,-0.4465393721250345,-0.22803307006456708,True
Victim Sex,named_all,graphsage_fairloss_a100_mb,xgboost,selection_rate,gap,-0.13754152202685666,-0.1418164128166567,-0.13298735294715164,True
Victim Sex,named_all,graphsage_fairloss_a100_mb,xgboost,selection_rate,amplification,-1.6660259030707514,-1.7836886858311833,-1.565348596057537,True
Victim Sex,named_all,graphsage_fairloss_a100_mb,xgboost,tpr,gap,-0.13959028106899574,-0.1446123309915857,-0.13469904376822753,True
Victim Sex,named_all,graphsage_fairloss_a100_mb,xgboost,tpr,amplification,-1.690842304569403,-1.8131145188552689,-1.5855855119815259,True
Victim Sex,named_all,graphsage_fairloss_a100_mb,xgboost,fpr,gap,-0.1272997758662887,-0.13616428345370316,-0.11865994513015121,True
Victim Sex,named_all,graphsage_fairloss_a100_mb,xgboost,fpr,amplification,-1.541968715504877,-1.6797308186042812,-1.3997951080437785,True
Victim Sex,named_n>=5000,graphsage_fairloss_a100_mb,xgboost,selection_rate,gap,-0.13754152202685666,-0.1418164128166567,-0.13298735294715164,True
Victim Sex,named_n>=5000,graphsage_fairloss_a100_mb,xgboost,selection_rate,amplification,-1.6660259030707514,-1.7836886858311833,-1.565348596057537,True
Victim Sex,named_n>=5000,graphsage_fairloss_a100_mb,xgboost,tpr,gap,-0.13959028106899574,-0.1446123309915857,-0.13469904376822753,True
Victim Sex,named_n>=5000,graphsage_fairloss_a100_mb,xgboost,tpr,amplification,-1.690842304569403,-1.8131145188552689,-1.5855855119815259,True
Victim Sex,named_n>=5000,graphsage_fairloss_a100_mb,xgboost,fpr,gap,-0.1272997758662887,-0.13616428345370316,-0.11865994513015121,True
Victim Sex,named_n>=5000,graphsage_fairloss_a100_mb,xgboost,fpr,amplification,-1.541968715504877,-1.6797308186042812,-1.3997951080437785,True
Victim Sex,named_all,graphsage_fairloss_a100_mb,xgboost_blind,selection_rate,gap,-0.02315977370323452,-0.027379846158754197,-0.018741621413256925,True
Victim Sex,named_all,graphsage_fairloss_a100_mb,xgboost_blind,selection_rate,amplification,-0.28053188833631926,-0.33618979599834686,-0.22566622774132186,True
Victim Sex,named_all,graphsage_fairloss_a100_mb,xgboost_blind,tpr,gap,-0.02467381712828598,-0.02964390590610253,-0.019776220897635477,True
Victim Sex,named_all,graphsage_fairloss_a100_mb,xgboost_blind,tpr,amplification,-0.2988713361433396,-0.36233349159105505,-0.23559527668687064,True
Victim Sex,named_all,graphsage_fairloss_a100_mb,xgboost_blind,fpr,gap,-0.01914815505064249,-0.028027839167084737,-0.010754665135041771,True
Victim Sex,named_all,graphsage_fairloss_a100_mb,xgboost_blind,fpr,amplification,-0.23193957606602833,-0.33997112896554577,-0.12890088209970282,True
Victim Sex,named_n>=5000,graphsage_fairloss_a100_mb,xgboost_blind,selection_rate,gap,-0.02315977370323452,-0.027379846158754197,-0.018741621413256925,True
Victim Sex,named_n>=5000,graphsage_fairloss_a100_mb,xgboost_blind,selection_rate,amplification,-0.28053188833631926,-0.33618979599834686,-0.22566622774132186,True
Victim Sex,named_n>=5000,graphsage_fairloss_a100_mb,xgboost_blind,tpr,gap,-0.02467381712828598,-0.02964390590610253,-0.019776220897635477,True
Victim Sex,named_n>=5000,graphsage_fairloss_a100_mb,xgboost_blind,tpr,amplification,-0.2988713361433396,-0.36233349159105505,-0.23559527668687064,True
Victim Sex,named_n>=5000,graphsage_fairloss_a100_mb,xgboost_blind,fpr,gap,-0.01914815505064249,-0.028027839167084737,-0.010754665135041771,True
Victim Sex,named_n>=5000,graphsage_fairloss_a100_mb,xgboost_blind,fpr,amplification,-0.23193957606602833,-0.33997112896554577,-0.12890088209970282,True
Victim Sex,named_all,graphsage_fairloss_a100_mb,logreg,selection_rate,gap,-0.17079612679323686,-0.175414640518064,-0.1665654961576581,True
Victim Sex,named_all,graphsage_fairloss_a100_mb,logreg,selection_rate,amplification,-2.0688354119429255,-2.199606372864722,-1.9473195000367918,True
Victim Sex,named_all,graphsage_fairloss_a100_mb,logreg,tpr,gap,-0.1723116816886493,-0.17761658975335165,-0.16761410720021558,True
Victim Sex,named_all,graphsage_fairloss_a100_mb,logreg,tpr,amplification,-2.0871931680305003,-2.228099742571766,-1.9623291358858082,True
Victim Sex,named_all,graphsage_fairloss_a100_mb,logreg,fpr,gap,-0.17908971989668654,-0.18875471281768952,-0.1694700298621905,True
Victim Sex,named_all,graphsage_fairloss_a100_mb,logreg,fpr,amplification,-2.1692948276616066,-2.3365305732503243,-2.0072648627509624,True
Victim Sex,named_n>=5000,graphsage_fairloss_a100_mb,logreg,selection_rate,gap,-0.17079612679323686,-0.175414640518064,-0.1665654961576581,True
Victim Sex,named_n>=5000,graphsage_fairloss_a100_mb,logreg,selection_rate,amplification,-2.0688354119429255,-2.199606372864722,-1.9473195000367918,True
Victim Sex,named_n>=5000,graphsage_fairloss_a100_mb,logreg,tpr,gap,-0.1723116816886493,-0.17761658975335165,-0.16761410720021558,True
Victim Sex,named_n>=5000,graphsage_fairloss_a100_mb,logreg,tpr,amplification,-2.0871931680305003,-2.228099742571766,-1.9623291358858082,True
Victim Sex,named_n>=5000,graphsage_fairloss_a100_mb,logreg,fpr,gap,-0.17908971989668654,-0.18875471281768952,-0.1694700298621905,True
Victim Sex,named_n>=5000,graphsage_fairloss_a100_mb,logreg,fpr,amplification,-2.1692948276616066,-2.3365305732503243,-2.0072648627509624,True
Victim Sex,named_all,graphsage_fairloss_a100_mb,logreg_blind,selection_rate,gap,-0.024777895856311183,-0.029313372412143605,-0.020187877264016395,True
Victim Sex,named_all,graphsage_fairloss_a100_mb,logreg_blind,selection_rate,amplification,-0.3001320307633597,-0.3589197466459289,-0.24130211319872033,True
Victim Sex,named_all,graphsage_fairloss_a100_mb,logreg_blind,tpr,gap,-0.026163915303252128,-0.03137949946811616,-0.021283138154587815,True
Victim Sex,named_all,graphsage_fairloss_a100_mb,logreg_blind,tpr,amplification,-0.31692073766971873,-0.38054519239995827,-0.25377459667600155,True
Victim Sex,named_all,graphsage_fairloss_a100_mb,logreg_blind,fpr,gap,-0.033054732421953115,-0.042376083860672625,-0.023846885584163653,True
Victim Sex,named_all,graphsage_fairloss_a100_mb,logreg_blind,fpr,amplification,-0.40038847631258134,-0.5162234558269663,-0.2838364476958541,True
Victim Sex,named_n>=5000,graphsage_fairloss_a100_mb,logreg_blind,selection_rate,gap,-0.024777895856311183,-0.029313372412143605,-0.020187877264016395,True
Victim Sex,named_n>=5000,graphsage_fairloss_a100_mb,logreg_blind,selection_rate,amplification,-0.3001320307633597,-0.3589197466459289,-0.24130211319872033,True
Victim Sex,named_n>=5000,graphsage_fairloss_a100_mb,logreg_blind,tpr,gap,-0.026163915303252128,-0.03137949946811616,-0.021283138154587815,True
Victim Sex,named_n>=5000,graphsage_fairloss_a100_mb,logreg_blind,tpr,amplification,-0.31692073766971873,-0.38054519239995827,-0.25377459667600155,True
Victim Sex,named_n>=5000,graphsage_fairloss_a100_mb,logreg_blind,fpr,gap,-0.033054732421953115,-0.042376083860672625,-0.023846885584163653,True
Victim Sex,named_n>=5000,graphsage_fairloss_a100_mb,logreg_blind,fpr,amplification,-0.40038847631258134,-0.5162234558269663,-0.2838364476958541,True
Victim Sex,named_all,xgboost,xgboost_blind,selection_rate,gap,0.11438174832362213,0.11045571294890409,0.1185798936993454,True
Victim Sex,named_all,xgboost,xgboost_blind,selection_rate,amplification,1.3854940147344321,1.2965591381661306,1.4843076663429329,True
Victim Sex,named_all,xgboost,xgboost_blind,tpr,gap,0.11491646394070976,0.1104344580771774,0.11949146070175289,True
Victim Sex,named_all,xgboost,xgboost_blind,tpr,amplification,1.3919709684260633,1.2978973043882733,1.494788871058655,True
Victim Sex,named_all,xgboost,xgboost_blind,fpr,gap,0.10815162081564622,0.09968947933177143,0.11690537392325123,True
Victim Sex,named_all,xgboost,xgboost_blind,fpr,amplification,1.3100291394388486,1.1860457633514996,1.4475235397841026,True
Victim Sex,named_n>=5000,xgboost,xgboost_blind,selection_rate,gap,0.11438174832362213,0.11045571294890409,0.1185798936993454,True
Victim Sex,named_n>=5000,xgboost,xgboost_blind,selection_rate,amplification,1.3854940147344321,1.2965591381661306,1.4843076663429329,True
Victim Sex,named_n>=5000,xgboost,xgboost_blind,tpr,gap,0.11491646394070976,0.1104344580771774,0.11949146070175289,True
Victim Sex,named_n>=5000,xgboost,xgboost_blind,tpr,amplification,1.3919709684260633,1.2978973043882733,1.494788871058655,True
Victim Sex,named_n>=5000,xgboost,xgboost_blind,fpr,gap,0.10815162081564622,0.09968947933177143,0.11690537392325123,True
Victim Sex,named_n>=5000,xgboost,xgboost_blind,fpr,amplification,1.3100291394388486,1.1860457633514996,1.4475235397841026,True
Victim Sex,named_all,xgboost,logreg,selection_rate,gap,-0.0332546047663802,-0.03736877179644056,-0.029028431780270505,True
Victim Sex,named_all,xgboost,logreg,selection_rate,amplification,-0.40280950887217415,-0.4633827032039235,-0.34662546394946187,True
Victim Sex,named_all,xgboost,logreg,tpr,gap,-0.03272140061965356,-0.03750508631063587,-0.02779818909701448,True
Victim Sex,named_all,xgboost,logreg,tpr,amplification,-0.39635086346109727,-0.4603429776286831,-0.3342716752713101,True
Victim Sex,named_all,xgboost,logreg,fpr,gap,-0.05178994403039783,-0.06061350600054116,-0.04222251320729435,True
Victim Sex,named_all,xgboost,logreg,fpr,amplification,-0.6273261121567297,-0.7464252936340332,-0.5137974605299951,True
Victim Sex,named_n>=5000,xgboost,logreg,selection_rate,gap,-0.0332546047663802,-0.03736877179644056,-0.029028431780270505,True
Victim Sex,named_n>=5000,xgboost,logreg,selection_rate,amplification,-0.40280950887217415,-0.4633827032039235,-0.34662546394946187,True
Victim Sex,named_n>=5000,xgboost,logreg,tpr,gap,-0.03272140061965356,-0.03750508631063587,-0.02779818909701448,True
Victim Sex,named_n>=5000,xgboost,logreg,tpr,amplification,-0.39635086346109727,-0.4603429776286831,-0.3342716752713101,True
Victim Sex,named_n>=5000,xgboost,logreg,fpr,gap,-0.05178994403039783,-0.06061350600054116,-0.04222251320729435,True
Victim Sex,named_n>=5000,xgboost,logreg,fpr,amplification,-0.6273261121567297,-0.7464252936340332,-0.5137974605299951,True
Victim Sex,named_all,xgboost,logreg_blind,selection_rate,gap,0.11276362617054547,0.10788004363865406,0.11715457043726964,True
Victim Sex,named_all,xgboost,logreg_blind,selection_rate,amplification,1.3658938723073917,1.2776947382593107,1.460665538859306,True
Victim Sex,named_all,xgboost,logreg_blind,tpr,gap,0.11342636576574361,0.10806573578726913,0.11864686379221906,True
Victim Sex,named_all,xgboost,logreg_blind,tpr,amplification,1.3739215668996843,1.2784769916914103,1.4727129356096926,True
Victim Sex,named_all,xgboost,logreg_blind,fpr,gap,0.0942450434443356,0.08401227948580155,0.10424183463920038,True
Victim Sex,named_all,xgboost,logreg_blind,fpr,amplification,1.1415802391922956,1.007883720793757,1.2803065764637138,True
Victim Sex,named_n>=5000,xgboost,logreg_blind,selection_rate,gap,0.11276362617054547,0.10788004363865406,0.11715457043726964,True
Victim Sex,named_n>=5000,xgboost,logreg_blind,selection_rate,amplification,1.3658938723073917,1.2776947382593107,1.460665538859306,True
Victim Sex,named_n>=5000,xgboost,logreg_blind,tpr,gap,0.11342636576574361,0.10806573578726913,0.11864686379221906,True
Victim Sex,named_n>=5000,xgboost,logreg_blind,tpr,amplification,1.3739215668996843,1.2784769916914103,1.4727129356096926,True
Victim Sex,named_n>=5000,xgboost,logreg_blind,fpr,gap,0.0942450434443356,0.08401227948580155,0.10424183463920038,True
Victim Sex,named_n>=5000,xgboost,logreg_blind,fpr,amplification,1.1415802391922956,1.007883720793757,1.2803065764637138,True
Victim Sex,named_all,xgboost_blind,logreg,selection_rate,gap,-0.14763635309000234,-0.15180100598762858,-0.14309567497853062,True
Victim Sex,named_all,xgboost_blind,logreg,selection_rate,amplification,-1.7883035236066063,-1.9046476695769194,-1.6838597751760245,True
Victim Sex,named_all,xgboost_blind,logreg,tpr,gap,-0.14763786456036332,-0.1523042815922459,-0.14226390110635184,True
Victim Sex,named_all,xgboost_blind,logreg,tpr,amplification,-1.7883218318871605,-1.9109271837321213,-1.679826278787515,True
Victim Sex,named_all,xgboost_blind,logreg,fpr,gap,-0.15994156484604405,-0.1687070142821114,-0.15054186839364841,True
Victim Sex,named_all,xgboost_blind,logreg,fpr,amplification,-1.9373552515955783,-2.097806677336277,-1.7947924841930034,True
Victim Sex,named_n>=5000,xgboost_blind,logreg,selection_rate,gap,-0.14763635309000234,-0.15180100598762858,-0.14309567497853062,True
Victim Sex,named_n>=5000,xgboost_blind,logreg,selection_rate,amplification,-1.7883035236066063,-1.9046476695769194,-1.6838597751760245,True
Victim Sex,named_n>=5000,xgboost_blind,logreg,tpr,gap,-0.14763786456036332,-0.1523042815922459,-0.14226390110635184,True
Victim Sex,named_n>=5000,xgboost_blind,logreg,tpr,amplification,-1.7883218318871605,-1.9109271837321213,-1.679826278787515,True
Victim Sex,named_n>=5000,xgboost_blind,logreg,fpr,gap,-0.15994156484604405,-0.1687070142821114,-0.15054186839364841,True
Victim Sex,named_n>=5000,xgboost_blind,logreg,fpr,amplification,-1.9373552515955783,-2.097806677336277,-1.7947924841930034,True
Victim Sex,named_all,xgboost_blind,logreg_blind,selection_rate,gap,-0.001618122153076662,-0.0058197927515018285,0.002669851388566546,False
Victim Sex,named_all,xgboost_blind,logreg_blind,selection_rate,amplification,-0.019600142427040446,-0.06965247413634959,0.032018625478753455,False
Victim Sex,named_all,xgboost_blind,logreg_blind,tpr,gap,-0.001490098174966148,-0.006037251264303603,0.003342737304340528,False
Victim Sex,named_all,xgboost_blind,logreg_blind,tpr,amplification,-0.018049401526379127,-0.07476389055587912,0.04011778144413349,False
Victim Sex,named_all,xgboost_blind,logreg_blind,fpr,gap,-0.013906577371310624,-0.022872127404534454,-0.005271016103657507,True
Victim Sex,named_all,xgboost_blind,logreg_blind,fpr,amplification,-0.168448900246553,-0.2780616002392711,-0.06426330740893396,True
Victim Sex,named_n>=5000,xgboost_blind,logreg_blind,selection_rate,gap,-0.001618122153076662,-0.0058197927515018285,0.002669851388566546,False
Victim Sex,named_n>=5000,xgboost_blind,logreg_blind,selection_rate,amplification,-0.019600142427040446,-0.06965247413634959,0.032018625478753455,False
Victim Sex,named_n>=5000,xgboost_blind,logreg_blind,tpr,gap,-0.001490098174966148,-0.006037251264303603,0.003342737304340528,False
Victim Sex,named_n>=5000,xgboost_blind,logreg_blind,tpr,amplification,-0.018049401526379127,-0.07476389055587912,0.04011778144413349,False
Victim Sex,named_n>=5000,xgboost_blind,logreg_blind,fpr,gap,-0.013906577371310624,-0.022872127404534454,-0.005271016103657507,True
Victim Sex,named_n>=5000,xgboost_blind,logreg_blind,fpr,amplification,-0.168448900246553,-0.2780616002392711,-0.06426330740893396,True
Victim Sex,named_all,logreg,logreg_blind,selection_rate,gap,0.14601823093692567,0.14278821239113837,0.14934853092000275,True
Victim Sex,named_all,logreg,logreg_blind,selection_rate,amplification,1.7687033811795658,1.6674306792562266,1.8899195626240326,True
Victim Sex,named_all,logreg,logreg_blind,tpr,gap,0.14614776638539717,0.1424616877154573,0.14995278524480432,True
Victim Sex,named_all,logreg,logreg_blind,tpr,amplification,1.7702724303607815,1.666088811005978,1.8952731244403036,True
Victim Sex,named_all,logreg,logreg_blind,fpr,gap,0.14603498747473342,0.1395215206312646,0.15322227484602302,True
Victim Sex,named_all,logreg,logreg_blind,fpr,amplification,1.7689063513490253,1.6507290331183784,1.9121701997922498,True
Victim Sex,named_n>=5000,logreg,logreg_blind,selection_rate,gap,0.14601823093692567,0.14278821239113837,0.14934853092000275,True
Victim Sex,named_n>=5000,logreg,logreg_blind,selection_rate,amplification,1.7687033811795658,1.6674306792562266,1.8899195626240326,True
Victim Sex,named_n>=5000,logreg,logreg_blind,tpr,gap,0.14614776638539717,0.1424616877154573,0.14995278524480432,True
Victim Sex,named_n>=5000,logreg,logreg_blind,tpr,amplification,1.7702724303607815,1.666088811005978,1.8952731244403036,True
Victim Sex,named_n>=5000,logreg,logreg_blind,fpr,gap,0.14603498747473342,0.1395215206312646,0.15322227484602302,True
Victim Sex,named_n>=5000,logreg,logreg_blind,fpr,amplification,1.7689063513490253,1.6507290331183784,1.9121701997922498,True
