State,City,shr_actual,shr_cleared,ra_actual,ra_cleared,agency_years,ratio_actual,q_shr,q_ra,d
Alaska,Anchorage,676,534,607.0,420.0,38,1.113673805601318,0.7899408284023669,0.6919275123558485,-0.09801331604651842
Alaska,Juneau,674,562,590.0,477.0,45,1.1423728813559322,0.8338278931750742,0.8084745762711865,-0.025353316903887757
Alaska,Nome,10,10,9.0,9.0,7,1.1111111111111112,1.0,1.0,0.0
Alaska,Bethel,23,21,23.0,19.0,14,1.0,0.9130434782608695,0.8260869565217391,-0.08695652173913038
Alaska,North Slope,28,28,25.0,19.0,13,1.12,1.0,0.76,-0.24
Alaska,Kenai Peninsula,13,8,11.0,7.0,13,1.1818181818181819,0.6153846153846154,0.6363636363636364,0.020979020979020935
Alabama,Jefferson,3492,2513,3484.0,1515.0,243,1.002296211251435,0.7196449026345934,0.43484500574052815,-0.2847998968940652
Alabama,Mobile,1644,1251,1634.0,857.0,120,1.0061199510403918,0.7609489051094891,0.5244798041615667,-0.2364691009479224
Alabama,Montgomery,930,723,926.0,507.0,55,1.0043196544276458,0.7774193548387097,0.5475161987041036,-0.2299031561346061
Alabama,Autauga,63,55,61.0,46.0,32,1.0327868852459017,0.873015873015873,0.7540983606557377,-0.11891751236013537
Alabama,Baldwin,156,132,153.0,96.0,81,1.0196078431372548,0.8461538461538461,0.6274509803921569,-0.2187028657616893
Alabama,Barbour,60,42,59.0,40.0,36,1.0169491525423728,0.7,0.6779661016949152,-0.02203389830508473
Alabama,Blount,30,25,29.0,20.0,19,1.0344827586206897,0.8333333333333334,0.6896551724137931,-0.14367816091954022
Alabama,Bullock,16,13,16.0,8.0,12,1.0,0.8125,0.5,-0.3125
Alabama,Butler,56,51,56.0,43.0,37,1.0,0.9107142857142857,0.7678571428571429,-0.1428571428571428
Alabama,Calhoun,321,268,319.0,217.0,90,1.006269592476489,0.8348909657320872,0.6802507836990596,-0.15464018203302765
Alabama,Chambers,95,85,93.0,67.0,53,1.021505376344086,0.8947368421052632,0.7204301075268817,-0.17430673457838142
Alabama,Chilton,40,33,39.0,22.0,28,1.0256410256410255,0.825,0.5641025641025641,-0.26089743589743586
Alabama,Choctaw,19,17,19.0,15.0,9,1.0,0.8947368421052632,0.7894736842105263,-0.10526315789473684
Alabama,Clarke,47,45,44.0,39.0,28,1.0681818181818181,0.9574468085106383,0.8863636363636364,-0.071083172147002
Alabama,Cleburne,29,19,28.0,12.0,19,1.0357142857142858,0.6551724137931034,0.42857142857142855,-0.22660098522167488
Alabama,Coffee,74,63,74.0,53.0,35,1.0,0.8513513513513513,0.7162162162162162,-0.1351351351351351
Alabama,Colbert,71,57,69.0,45.0,41,1.0289855072463767,0.8028169014084507,0.6521739130434783,-0.15064298836497247
Alabama,Coosa,38,30,38.0,20.0,26,1.0,0.7894736842105263,0.5263157894736842,-0.26315789473684215
Alabama,Covington,47,45,46.0,30.0,32,1.0217391304347827,0.9574468085106383,0.6521739130434783,-0.3052728954671601
Alabama,Crenshaw,39,38,39.0,23.0,21,1.0,0.9743589743589743,0.5897435897435898,-0.3846153846153846
Alabama,Cullman,51,43,52.0,31.0,31,0.9807692307692307,0.8431372549019608,0.5961538461538461,-0.24698340874811464
Alabama,Dale,74,68,73.0,57.0,46,1.0136986301369864,0.918918918918919,0.7808219178082192,-0.13809700111069978
Alabama,Dallas,163,141,162.0,113.0,40,1.0061728395061729,0.8650306748466258,0.6975308641975309,-0.16749981064909492
Alabama,De Kalb,34,26,34.0,23.0,23,1.0,0.7647058823529411,0.6764705882352942,-0.08823529411764697
Alabama,Elmore,109,95,108.0,74.0,57,1.0092592592592593,0.8715596330275229,0.6851851851851852,-0.1863744478423377
Alabama,Escambia,66,59,66.0,39.0,37,1.0,0.8939393939393939,0.5909090909090909,-0.303030303030303
Alabama,Etowah,236,185,234.0,123.0,72,1.0085470085470085,0.7838983050847458,0.5256410256410257,-0.2582572794437201
Alabama,Fayette,18,16,18.0,14.0,15,1.0,0.8888888888888888,0.7777777777777778,-0.11111111111111105
Alabama,Franklin,32,30,32.0,19.0,24,1.0,0.9375,0.59375,-0.34375
Alabama,Geneva,47,43,45.0,30.0,30,1.0444444444444445,0.9148936170212766,0.6666666666666666,-0.24822695035460995
Alabama,Greene,37,32,37.0,22.0,24,1.0,0.8648648648648649,0.5945945945945946,-0.2702702702702703
Alabama,Houston,192,158,190.0,121.0,51,1.0105263157894737,0.8229166666666666,0.6368421052631579,-0.18607456140350875
Alabama,Jackson,81,74,80.0,48.0,44,1.0125,0.9135802469135802,0.6,-0.3135802469135802
Alabama,Lamar,2,2,2.0,2.0,2,1.0,1.0,1.0,0.0
Alabama,Lauderdale,108,91,106.0,74.0,42,1.0188679245283019,0.8425925925925926,0.6981132075471698,-0.1444793850454228
Alabama,Lawrence,42,35,43.0,31.0,23,0.9767441860465116,0.8333333333333334,0.7209302325581395,-0.11240310077519389
Alabama,Lee,178,144,177.0,119.0,75,1.0056497175141244,0.8089887640449438,0.672316384180791,-0.13667237986415282
Alabama,Limestone,67,59,66.0,44.0,36,1.0151515151515151,0.8805970149253731,0.6666666666666666,-0.2139303482587065
Alabama,Lowndes,45,39,45.0,29.0,21,1.0,0.8666666666666667,0.6444444444444445,-0.2222222222222222
Alabama,Macon,113,86,115.0,63.0,46,0.9826086956521739,0.7610619469026548,0.5478260869565217,-0.21323585994613314
Alabama,Madison,531,456,522.0,354.0,66,1.0172413793103448,0.8587570621468926,0.6781609195402298,-0.1805961426066628
Alabama,Marengo,41,37,41.0,27.0,24,1.0,0.9024390243902439,0.6585365853658537,-0.24390243902439024
Alabama,Marion,20,19,20.0,13.0,16,1.0,0.95,0.65,-0.29999999999999993
Alabama,Marshall,93,81,92.0,73.0,56,1.0108695652173914,0.8709677419354839,0.7934782608695652,-0.07748948106591869
Alabama,Morgan,163,133,162.0,117.0,58,1.0061728395061729,0.8159509202453987,0.7222222222222222,-0.09372869802317652
Alabama,Perry,27,24,26.0,14.0,19,1.0384615384615385,0.8888888888888888,0.5384615384615384,-0.3504273504273504
Alabama,Pickens,29,27,29.0,18.0,21,1.0,0.9310344827586207,0.6206896551724138,-0.31034482758620685
Alabama,Pike,53,50,51.0,36.0,34,1.0392156862745099,0.9433962264150944,0.7058823529411765,-0.23751387347391784
Alabama,Russell,138,121,135.0,110.0,47,1.0222222222222221,0.8768115942028986,0.8148148148148148,-0.06199677938808379
Alabama,St. Clair,74,59,74.0,43.0,43,1.0,0.7972972972972973,0.581081081081081,-0.21621621621621623
Alabama,Shelby,110,99,109.0,71.0,63,1.0091743119266054,0.9,0.6513761467889908,-0.24862385321100922
Alabama,Sumter,39,33,39.0,31.0,27,1.0,0.8461538461538461,0.7948717948717948,-0.05128205128205132
Alabama,Talladega,97,76,94.0,63.0,48,1.0319148936170213,0.7835051546391752,0.6702127659574468,-0.11329238868172842
Alabama,Tallapoosa,108,94,104.0,63.0,52,1.0384615384615385,0.8703703703703703,0.6057692307692307,-0.2646011396011396
Alabama,Tuscaloosa,326,275,323.0,166.0,68,1.0092879256965945,0.843558282208589,0.5139318885448917,-0.3296263936636973
Alabama,Walker,61,46,60.0,31.0,40,1.0166666666666666,0.7540983606557377,0.5166666666666667,-0.23743169398907094
Alabama,Washington,11,8,11.0,11.0,8,1.0,0.7272727272727273,1.0,0.2727272727272727
Alabama,Wilcox,41,36,42.0,30.0,22,0.9761904761904762,0.8780487804878049,0.7142857142857143,-0.16376306620209058
Alabama,Winston,10,9,9.0,6.0,9,1.1111111111111112,0.9,0.6666666666666666,-0.2333333333333334
Arkansas,Arkansas,53,44,53.0,40.0,36,1.0,0.8301886792452831,0.7547169811320755,-0.07547169811320753
Arkansas,Ashley,74,70,72.0,1064.0,46,1.0277777777777777,0.9459459459459459,14.777777777777779,13.831831831831833
Arkansas,Benton,103,87,92.0,70.0,65,1.1195652173913044,0.8446601941747572,0.7608695652173914,-0.08379062895736589
Arkansas,Boone,45,41,41.0,31.0,30,1.0975609756097562,0.9111111111111111,0.7560975609756098,-0.15501355013550133
Arkansas,Bradley,36,32,35.0,27.0,26,1.0285714285714285,0.8888888888888888,0.7714285714285715,-0.11746031746031738
Arkansas,Calhoun,20,20,19.0,18.0,15,1.0526315789473684,1.0,0.9473684210526315,-0.052631578947368474
Arkansas,Chicot,67,65,65.0,57.0,47,1.0307692307692307,0.9701492537313433,0.8769230769230769,-0.09322617680826639
Arkansas,Clark,29,24,28.0,19.0,22,1.0357142857142858,0.8275862068965517,0.6785714285714286,-0.1490147783251231
Arkansas,Clay,18,18,17.0,18.0,13,1.0588235294117647,1.0,1.0588235294117647,0.05882352941176472
Arkansas,Columbia,95,84,92.0,82.0,43,1.0326086956521738,0.8842105263157894,0.8913043478260869,0.007093821510297471
Arkansas,Conway,49,42,48.0,37.0,29,1.0208333333333333,0.8571428571428571,0.7708333333333334,-0.08630952380952372
Arkansas,Craighead,136,122,135.0,116.0,53,1.0074074074074073,0.8970588235294118,0.8592592592592593,-0.03779956427015252
Arkansas,Crawford,52,47,51.0,44.0,31,1.0196078431372548,0.9038461538461539,0.8627450980392157,-0.041101055806938125
Arkansas,Crittenden,322,275,316.0,258.0,69,1.018987341772152,0.8540372670807453,0.8164556962025317,-0.03758157087821368
Arkansas,Drew,47,41,44.0,37.0,31,1.0681818181818181,0.8723404255319149,0.8409090909090909,-0.03143133462282399
Arkansas,Faulkner,102,87,99.0,77.0,52,1.0303030303030303,0.8529411764705882,0.7777777777777778,-0.07516339869281041
Arkansas,Franklin,16,12,15.0,10.0,12,1.0666666666666667,0.75,0.6666666666666666,-0.08333333333333337
Arkansas,Fulton,19,17,19.0,16.0,15,1.0,0.8947368421052632,0.8421052631578947,-0.052631578947368474
Arkansas,Garland,247,204,244.0,192.0,66,1.0122950819672132,0.8259109311740891,0.7868852459016393,-0.03902568527244976
Arkansas,Grant,15,12,14.0,8.0,12,1.0714285714285714,0.8,0.5714285714285714,-0.22857142857142865
Arkansas,Greene,44,39,43.0,34.0,31,1.0232558139534884,0.8863636363636364,0.7906976744186046,-0.09566596194503174
Arkansas,Hempstead,54,46,48.0,39.0,34,1.125,0.8518518518518519,0.8125,-0.03935185185185186
Arkansas,Hot Spring,69,61,69.0,55.0,35,1.0,0.8840579710144928,0.7971014492753623,-0.08695652173913049
Arkansas,Jefferson,497,389,483.0,317.0,64,1.0289855072463767,0.7826961770623743,0.6563146997929606,-0.12638147726941362
Arkansas,Lafayette,36,35,35.0,33.0,19,1.0285714285714285,0.9722222222222222,0.9428571428571428,-0.029365079365079372
Arkansas,Lincoln,18,14,18.0,14.0,14,1.0,0.7777777777777778,0.7777777777777778,0.0
Arkansas,Little River,22,20,21.0,17.0,16,1.0476190476190477,0.9090909090909091,0.8095238095238095,-0.09956709956709953
Arkansas,Lonoke,70,61,65.0,48.0,42,1.0769230769230769,0.8714285714285714,0.7384615384615385,-0.13296703296703294
Arkansas,Miller,129,112,123.0,110.0,51,1.048780487804878,0.8682170542635659,0.8943089430894309,0.026091888825864995
Arkansas,Mississippi,256,212,253.0,202.0,79,1.0118577075098814,0.828125,0.7984189723320159,-0.029706027667984136
Arkansas,Montgomery,15,14,14.0,11.0,12,1.0714285714285714,0.9333333333333333,0.7857142857142857,-0.14761904761904765
Arkansas,Newton,11,11,11.0,11.0,10,1.0,1.0,1.0,0.0
Arkansas,Ouachita,83,69,80.0,60.0,43,1.0375,0.8313253012048193,0.75,-0.08132530120481929
Arkansas,Phillips,145,124,142.0,112.0,58,1.0211267605633803,0.8551724137931035,0.7887323943661971,-0.06644001942690636
Arkansas,Pike,21,19,21.0,16.0,14,1.0,0.9047619047619048,0.7619047619047619,-0.1428571428571429
Arkansas,Poinsett,49,47,47.0,39.0,34,1.0425531914893618,0.9591836734693877,0.8297872340425532,-0.12939643942683454
Arkansas,Polk,30,28,30.0,26.0,21,1.0,0.9333333333333333,0.8666666666666667,-0.06666666666666665
Arkansas,Prairie,15,14,14.0,12.0,12,1.0714285714285714,0.9333333333333333,0.8571428571428571,-0.07619047619047625
Arkansas,Pulaski,2130,1658,2055.0,1487.0,148,1.0364963503649636,0.7784037558685446,0.7236009732360097,-0.05480278263253491
Arkansas,St. Francis,129,111,127.0,109.0,53,1.015748031496063,0.8604651162790697,0.8582677165354331,-0.002197399743636641
Arkansas,Saline,64,59,65.0,50.0,33,0.9846153846153847,0.921875,0.7692307692307693,-0.15264423076923073
Arkansas,Sebastian,198,171,187.0,166.0,49,1.0588235294117647,0.8636363636363636,0.8877005347593583,0.024064171122994638
Arkansas,Sevier,37,34,36.0,31.0,24,1.0277777777777777,0.918918918918919,0.8611111111111112,-0.05780780780780781
Arkansas,Union,144,128,140.0,122.0,53,1.0285714285714285,0.8888888888888888,0.8714285714285714,-0.0174603174603174
Arkansas,Van Buren,17,15,19.0,12.0,13,0.8947368421052632,0.8823529411764706,0.631578947368421,-0.25077399380804954
Arkansas,Washington,171,160,162.0,140.0,79,1.0555555555555556,0.935672514619883,0.8641975308641975,-0.0714749837556855
Arkansas,Woodruff,14,13,14.0,11.0,10,1.0,0.9285714285714286,0.7857142857142857,-0.1428571428571429
Arkansas,Yell,34,32,32.0,27.0,22,1.0625,0.9411764705882353,0.84375,-0.09742647058823528
Arizona,Cochise,172,147,163.0,99.0,78,1.0552147239263803,0.8546511627906976,0.6073619631901841,-0.24728919960051354
Arizona,Coconino,156,125,145.0,118.0,65,1.0758620689655172,0.8012820512820513,0.8137931034482758,0.012511052166224501
Arizona,Gila,62,55,57.0,46.0,43,1.087719298245614,0.8870967741935484,0.8070175438596491,-0.0800792303338993
Arizona,Graham,23,22,22.0,19.0,20,1.0454545454545454,0.9565217391304348,0.8636363636363636,-0.09288537549407117
Arizona,Maricopa,8552,5974,7778.0,4716.0,402,1.0995114425302135,0.6985500467726847,0.6063255335561841,-0.0922245132165006
Arizona,Mohave,345,287,326.0,269.0,107,1.0582822085889572,0.8318840579710145,0.8251533742331288,-0.0067306837378856565
Arizona,Navajo,102,77,99.0,63.0,68,1.0303030303030303,0.7549019607843137,0.6363636363636364,-0.11853832442067735
Arizona,Pima,2376,1692,2158.0,1424.0,123,1.1010194624652456,0.7121212121212122,0.659870250231696,-0.05225096188951617
Arizona,Pinal,419,323,400.0,212.0,127,1.0475,0.7708830548926014,0.53,-0.24088305489260142
Arizona,Santa Cruz,41,23,40.0,13.0,27,1.025,0.5609756097560976,0.325,-0.2359756097560976
Arizona,Yavapai,234,198,215.0,187.0,90,1.0883720930232559,0.8461538461538461,0.8697674418604651,0.023613595706618917
Arizona,Yuma,202,170,190.0,88.0,54,1.063157894736842,0.8415841584158416,0.4631578947368421,-0.37842626367899945
California,Alameda,5398,2957,5086.0,2724.0,396,1.0613448682658277,0.547795479807336,0.5355878883208809,-0.012207591486455116
California,San Francisco,3016,1531,2912.0,1519.0,53,1.0357142857142858,0.5076259946949602,0.5216346153846154,0.014008620689655249
California,Alpine,6,5,6.0,2.0,6,1.0,0.8333333333333334,0.3333333333333333,-0.5
California,Butte,320,256,289.0,213.0,107,1.1072664359861593,0.8,0.7370242214532872,-0.06297577854671288
California,Colusa,35,30,31.0,25.0,27,1.1290322580645162,0.8571428571428571,0.8064516129032258,-0.05069124423963134
California,Contra Costa,2568,1556,2417.0,1413.0,375,1.0624741414977243,0.6059190031152648,0.5846090194455937,-0.021309983669671073
California,Del Norte,59,47,54.0,38.0,36,1.0925925925925926,0.7966101694915254,0.7037037037037037,-0.09290646578782169
California,El Dorado,219,183,192.0,162.0,72,1.140625,0.8356164383561644,0.84375,0.008133561643835607
California,Fresno,2843,1836,2636.0,1710.0,244,1.0785280728376327,0.6457966936334858,0.6487101669195751,0.002913473286089263
California,Glenn,36,27,34.0,23.0,25,1.0588235294117647,0.75,0.6764705882352942,-0.07352941176470584
California,Humboldt,274,226,245.0,187.0,90,1.1183673469387756,0.8248175182481752,0.763265306122449,-0.06155221212572615
California,Imperial,248,185,237.0,151.0,105,1.0464135021097047,0.7459677419354839,0.6371308016877637,-0.10883694024772017
California,Inyo,28,24,25.0,19.0,17,1.12,0.8571428571428571,0.76,-0.09714285714285709
California,Kern,2248,1510,2051.0,1247.0,197,1.0960507069722087,0.6717081850533808,0.6079960994636763,-0.06371208558970454
California,Kings,193,166,181.0,140.0,97,1.0662983425414365,0.8601036269430051,0.7734806629834254,-0.08662296395957969
California,Lake,145,122,138.0,106.0,64,1.0507246376811594,0.8413793103448276,0.7681159420289855,-0.07326336831584213
California,Lassen,53,46,47.0,36.0,33,1.127659574468085,0.8679245283018868,0.7659574468085106,-0.10196708149337619
California,Los Angeles,44502,26695,42268.0,23125.0,2203,1.0528532222958267,0.5998606804188575,0.547104192296773,-0.052756488122084555
California,Madera,325,205,310.0,149.0,73,1.0483870967741935,0.6307692307692307,0.4806451612903226,-0.15012406947890816
California,Marin,170,121,162.0,96.0,90,1.0493827160493827,0.711764705882353,0.5925925925925926,-0.1191721132897604
California,Mariposa,33,27,29.0,21.0,19,1.1379310344827587,0.8181818181818182,0.7241379310344828,-0.09404388714733547
California,Mendocino,217,176,208.0,148.0,68,1.0432692307692308,0.8110599078341014,0.7115384615384616,-0.09952144629563986
California,Merced,546,367,515.0,289.0,136,1.0601941747572816,0.6721611721611722,0.5611650485436893,-0.1109961236174829
California,Modoc,25,24,23.0,19.0,19,1.0869565217391304,0.96,0.8260869565217391,-0.13391304347826083
California,Mono,7,7,6.0,5.0,6,1.1666666666666667,1.0,0.8333333333333334,-0.16666666666666663
California,Monterey,1057,600,1009.0,490.0,228,1.047571853320119,0.5676442762535477,0.48562933597621405,-0.08201494027733369
California,Napa,114,85,108.0,78.0,56,1.0555555555555556,0.7456140350877193,0.7222222222222222,-0.023391812865497075
California,Nevada,105,80,94.0,62.0,41,1.1170212765957446,0.7619047619047619,0.6595744680851063,-0.10233029381965553
California,Orange,3812,2476,3491.0,2351.0,751,1.0919507304497278,0.6495278069254984,0.6734460040103122,0.023918197084813797
California,Placer,208,176,192.0,161.0,78,1.0833333333333333,0.8461538461538461,0.8385416666666666,-0.007612179487179516
California,Plumas,48,41,43.0,36.0,25,1.1162790697674418,0.8541666666666666,0.8372093023255814,-0.01695736434108519
California,Riverside,3875,2684,3550.0,2204.0,581,1.091549295774648,0.6926451612903226,0.6208450704225352,-0.07180009086778738
California,Sacramento,3416,2528,3125.0,2415.0,124,1.09312,0.7400468384074942,0.7728,0.03275316159250585
California,San Benito,73,54,67.0,43.0,41,1.0895522388059702,0.7397260273972602,0.6417910447761194,-0.09793498262114086
California,San Bernardino,5510,3754,5133.0,3315.0,645,1.073446327683616,0.6813067150635209,0.6458211572180012,-0.035485557845519766
California,San Diego,5455,3471,5010.0,3335.0,391,1.0888223552894212,0.6362969752520623,0.6656686626746507,0.029371687422588444
California,San Joaquin,2196,1482,2065.0,1151.0,157,1.0634382566585956,0.674863387978142,0.5573849878934625,-0.11747840008467958
California,San Luis Obispo,230,188,213.0,166.0,104,1.07981220657277,0.8173913043478261,0.7793427230046949,-0.03804858134313127
California,San Mateo,952,581,903.0,435.0,324,1.054263565891473,0.6102941176470589,0.48172757475083056,-0.12856654289622832
California,Santa Barbara,443,373,416.0,322.0,148,1.0649038461538463,0.8419864559819413,0.7740384615384616,-0.06794799444347976
California,Santa Clara,2076,1588,1929.0,1416.0,314,1.0762052877138413,0.7649325626204239,0.7340590979782271,-0.030873464642196757
California,Santa Cruz,375,280,355.0,238.0,109,1.056338028169014,0.7466666666666667,0.6704225352112676,-0.0762441314553991
California,Shasta,297,244,265.0,200.0,79,1.120754716981132,0.8215488215488216,0.7547169811320755,-0.06683184041674606
California,Siskiyou,95,77,86.0,66.0,53,1.1046511627906976,0.8105263157894737,0.7674418604651163,-0.04308445532435734
California,Solano,818,572,733.0,492.0,177,1.115961800818554,0.6992665036674817,0.6712141882673943,-0.028052315400087346
California,Sonoma,505,393,461.0,332.0,150,1.0954446854663775,0.7782178217821782,0.720173535791757,-0.05804428599042122
California,Stanislaus,1016,798,925.0,716.0,183,1.0983783783783785,0.7854330708661418,0.774054054054054,-0.01137901681208775
California,Sutter,156,117,142.0,94.0,58,1.0985915492957747,0.75,0.6619718309859155,-0.0880281690140845
California,Tehama,105,86,99.0,75.0,56,1.0606060606060606,0.819047619047619,0.7575757575757576,-0.061471861471861455
California,Tulare,1201,858,1128.0,790.0,209,1.0647163120567376,0.7144046627810158,0.700354609929078,-0.014050052851937722
California,Tuolumne,52,47,48.0,43.0,32,1.0833333333333333,0.9038461538461539,0.8958333333333334,-0.008012820512820484
California,Ventura,1028,678,935.0,537.0,255,1.0994652406417111,0.6595330739299611,0.574331550802139,-0.08520152312782203
California,Yolo,248,181,236.0,148.0,99,1.0508474576271187,0.7298387096774194,0.6271186440677966,-0.10272006560962277
California,Yuba,154,132,160.0,115.0,60,0.9625,0.8571428571428571,0.71875,-0.1383928571428571
Colorado,Arapahoe,789,631,718.0,423.0,137,1.0988857938718664,0.7997465145754119,0.5891364902506964,-0.21061002432471554
Colorado,Adams,449,374,416.0,294.0,151,1.0793269230769231,0.8329621380846325,0.7067307692307693,-0.1262313688538632
Colorado,Alamosa,24,23,24.0,20.0,20,1.0,0.9583333333333334,0.8333333333333334,-0.125
Colorado,Archuleta,11,9,10.0,7.0,9,1.1,0.8181818181818182,0.7,-0.11818181818181828
Colorado,Boulder,161,141,145.0,121.0,88,1.110344827586207,0.8757763975155279,0.8344827586206897,-0.04129363889483828
Colorado,Crowley,4,3,4.0,3.0,4,1.0,0.75,0.75,0.0
Colorado,Douglas,75,67,72.0,45.0,39,1.0416666666666667,0.8933333333333333,0.625,-0.2683333333333333
Colorado,Elbert,4,3,4.0,2.0,3,1.0,0.75,0.5,-0.25
Colorado,El Paso,825,700,757.0,571.0,84,1.0898282694848085,0.8484848484848485,0.7542932628797886,-0.09419158560505991
Colorado,Fremont,44,36,42.0,22.0,27,1.0476190476190477,0.8181818181818182,0.5238095238095238,-0.2943722943722944
Colorado,Jefferson,364,312,339.0,270.0,128,1.0737463126843658,0.8571428571428571,0.7964601769911505,-0.060682680151706636
Colorado,La Plata,35,30,32.0,22.0,27,1.09375,0.8571428571428571,0.6875,-0.1696428571428571
Colorado,Larimer,157,145,138.0,125.0,74,1.1376811594202898,0.9235668789808917,0.9057971014492754,-0.01776977753161635
Colorado,Mesa,144,119,141.0,103.0,64,1.0212765957446808,0.8263888888888888,0.7304964539007093,-0.09589243498817956
Colorado,Otero,26,24,23.0,19.0,22,1.1304347826086956,0.9230769230769231,0.8260869565217391,-0.09698996655518399
Colorado,Park,23,19,20.0,16.0,16,1.15,0.8260869565217391,0.8,-0.02608695652173909
Colorado,Pueblo,287,229,262.0,184.0,57,1.0954198473282444,0.7979094076655052,0.7022900763358778,-0.09561933132962741
Colorado,Rio Blanco,10,9,9.0,7.0,10,1.1111111111111112,0.9,0.7777777777777778,-0.12222222222222223
Colorado,Teller,31,27,28.0,19.0,23,1.1071428571428572,0.8709677419354839,0.6785714285714286,-0.19239631336405527
Colorado,Denver,2362,1702,2216.0,1266.0,39,1.065884476534296,0.720575783234547,0.5712996389891697,-0.14927614424537727
Connecticut,Hartford,1442,959,1380.0,940.0,297,1.0449275362318842,0.6650485436893204,0.6811594202898551,0.016110876600534674
Connecticut,New Haven,1541,1154,1483.0,1078.0,300,1.0391099123398517,0.7488643737832577,0.7269049224544841,-0.021959451328773527
Connecticut,Fairfield,1552,853,1507.0,1007.0,239,1.0298606502986065,0.5496134020618557,0.66821499668215,0.11860159462029429
Connecticut,Middlesex,60,49,58.0,41.0,40,1.0344827586206897,0.8166666666666667,0.7068965517241379,-0.10977011494252875
Connecticut,Tolland,21,17,18.0,12.0,18,1.1666666666666667,0.8095238095238095,0.6666666666666666,-0.1428571428571429
Connecticut,New London,174,137,145.0,118.0,86,1.2,0.7873563218390804,0.8137931034482758,0.02643678160919538
Connecticut,Windham,20,19,20.0,16.0,16,1.0,0.95,0.8,-0.1499999999999999
District of Columbia,District of Columbia,7115,2441,7105.0,4181.0,32,1.0014074595355384,0.34307800421644413,0.5884588318085855,0.24538082759214136
Delaware,Kent,167,141,157.0,121.0,62,1.0636942675159236,0.844311377245509,0.7707006369426752,-0.07361074030283377
Delaware,New Castle,790,602,774.0,479.0,116,1.020671834625323,0.7620253164556962,0.6188630490956072,-0.14316226736008897
Delaware,Sussex,171,154,167.0,132.0,55,1.0239520958083832,0.9005847953216374,0.7904191616766467,-0.11016563364499066
Florida,Alachua,338,271,311.0,235.0,80,1.0868167202572347,0.8017751479289941,0.7556270096463023,-0.04614813828269182
Florida,Baker,35,31,25.0,20.0,17,1.4,0.8857142857142857,0.8,-0.08571428571428563
Florida,Bay,285,259,254.0,228.0,104,1.1220472440944882,0.9087719298245615,0.8976377952755905,-0.011134134548970942
Florida,Bradford,38,35,35.0,30.0,25,1.0857142857142856,0.9210526315789473,0.8571428571428571,-0.06390977443609025
Florida,Brevard,653,532,580.0,423.0,174,1.1258620689655172,0.8147013782542113,0.7293103448275862,-0.08539103342662513
Florida,Broward,3082,2151,2843.0,1948.0,565,1.084066127330285,0.6979234263465283,0.6851916989096025,-0.012731727436925744
Florida,Calhoun,23,22,23.0,22.0,19,1.0,0.9565217391304348,0.9565217391304348,0.0
Florida,Charlotte,84,68,84.0,72.0,35,1.0,0.8095238095238095,0.8571428571428571,0.04761904761904756
Florida,Citrus,115,104,103.0,82.0,38,1.116504854368932,0.9043478260869565,0.7961165048543689,-0.10823132123258761
Florida,Clay,144,119,134.0,122.0,43,1.0746268656716418,0.8263888888888888,0.9104477611940298,0.08405887230514097
Florida,Collier,377,274,362.0,231.0,45,1.0414364640883977,0.726790450928382,0.638121546961326,-0.08866890396705607
Florida,Columbia,118,98,100.0,79.0,47,1.18,0.8305084745762712,0.79,-0.04050847457627116
Florida,Miami-Dade,9381,5817,8933.0,4184.0,414,1.0501511250419793,0.6200831467860569,0.46837568565991267,-0.15170746112614425
Florida,De Soto,75,63,64.0,54.0,40,1.171875,0.84,0.84375,0.003750000000000031
Florida,Dixie,31,26,31.0,24.0,21,1.0,0.8387096774193549,0.7741935483870968,-0.06451612903225812
Florida,Duval,3291,2074,3018.0,1850.0,78,1.0904572564612327,0.6302035855363112,0.6129887342611001,-0.01721485127521105
Florida,Escambia,662,540,575.0,470.0,63,1.151304347826087,0.8157099697885196,0.8173913043478261,0.0016813345593065243
Florida,Flagler,52,44,47.0,37.0,30,1.1063829787234043,0.8461538461538461,0.7872340425531915,-0.05891980360065463
Florida,Franklin,23,21,20.0,18.0,16,1.15,0.9130434782608695,0.9,-0.01304347826086949
Florida,Gadsden,137,111,135.0,102.0,55,1.0148148148148148,0.8102189781021898,0.7555555555555555,-0.054663422546634255
Florida,Glades,25,17,22.0,15.0,17,1.1363636363636365,0.68,0.6818181818181818,0.0018181818181817189
Florida,Gulf,13,12,13.0,13.0,11,1.0,0.9230769230769231,1.0,0.07692307692307687
Florida,Hamilton,22,21,20.0,17.0,18,1.1,0.9545454545454546,0.85,-0.10454545454545461
Florida,Hardee,54,40,48.0,36.0,33,1.125,0.7407407407407407,0.75,0.0092592592592593
Florida,Hendry,103,84,97.0,52.0,37,1.0618556701030928,0.8155339805825242,0.5360824742268041,-0.27945150635572014
Florida,Hernando,170,152,148.0,131.0,44,1.1486486486486487,0.8941176470588236,0.8851351351351351,-0.008982511923688485
Florida,Highlands,154,122,140.0,119.0,71,1.1,0.7922077922077922,0.85,0.05779220779220773
Florida,Hillsborough,2592,1946,2322.0,1581.0,107,1.1162790697674418,0.7507716049382716,0.6808785529715762,-0.06989305196669537
Florida,Holmes,28,27,25.0,24.0,16,1.12,0.9642857142857143,0.96,-0.004285714285714337
Florida,Indian River,148,119,141.0,116.0,56,1.049645390070922,0.8040540540540541,0.8226950354609929,0.018640981406938817
Florida,Jackson,78,64,71.0,53.0,42,1.0985915492957747,0.8205128205128205,0.7464788732394366,-0.07403394727338386
Florida,Jefferson,34,26,30.0,27.0,18,1.1333333333333333,0.7647058823529411,0.9,0.1352941176470589
Florida,Lake,238,198,220.0,173.0,104,1.0818181818181818,0.8319327731092437,0.7863636363636364,-0.045569136745607364
Florida,Lee,974,724,883.0,599.0,88,1.103057757644394,0.7433264887063655,0.6783691959229898,-0.0649572927833757
Florida,Leon,379,294,344.0,261.0,65,1.1017441860465116,0.7757255936675461,0.7587209302325582,-0.017004663434987966
Florida,Liberty,5,5,4.0,4.0,4,1.25,1.0,1.0,0.0
Florida,Madison,48,43,45.0,39.0,31,1.0666666666666667,0.8958333333333334,0.8666666666666667,-0.029166666666666674
Florida,Manatee,506,386,458.0,314.0,88,1.1048034934497817,0.7628458498023716,0.6855895196506551,-0.07725633015171651
Florida,Marion,490,373,445.0,298.0,68,1.101123595505618,0.7612244897959184,0.6696629213483146,-0.09156156844760377
Florida,Martin,152,114,139.0,96.0,45,1.0935251798561152,0.75,0.6906474820143885,-0.059352517985611475
Florida,Monroe,163,116,155.0,104.0,50,1.0516129032258064,0.7116564417177914,0.6709677419354839,-0.04068869978230749
Florida,Nassau,97,71,86.0,57.0,40,1.127906976744186,0.7319587628865979,0.6627906976744186,-0.06916806521217933
Florida,Okaloosa,158,132,152.0,124.0,73,1.0394736842105263,0.8354430379746836,0.8157894736842105,-0.019653564290473047
Florida,Okeechobee,89,77,84.0,61.0,34,1.0595238095238095,0.8651685393258427,0.7261904761904762,-0.13897806313536654
Florida,Orange,2138,1668,1954.0,1219.0,176,1.0941658137154555,0.7801683816651076,0.6238485158648925,-0.15631986580021506
Florida,Osceola,248,205,233.0,194.0,77,1.0643776824034334,0.8266129032258065,0.8326180257510729,0.006005122525266415
Florida,Palm Beach,2504,1641,2199.0,1236.0,369,1.138699408822192,0.6553514376996805,0.5620736698499318,-0.09327776784974873
Florida,Pasco,468,399,424.0,346.0,79,1.1037735849056605,0.8525641025641025,0.8160377358490566,-0.036526366715045944
Florida,Pinellas,1530,1194,1317.0,996.0,248,1.1617312072892938,0.7803921568627451,0.7562642369020501,-0.024127919960694966
Florida,Polk,993,762,921.0,700.0,181,1.0781758957654723,0.7673716012084593,0.760043431053203,-0.0073281701552562195
Florida,Putnam,171,129,152.0,120.0,58,1.125,0.7543859649122807,0.7894736842105263,0.03508771929824561
Florida,St. Johns,170,136,155.0,128.0,49,1.096774193548387,0.8,0.8258064516129032,0.02580645161290318
Florida,St. Lucie,471,342,444.0,308.0,83,1.0608108108108107,0.7261146496815286,0.6936936936936937,-0.0324209559878349
Florida,Santa Rosa,105,97,94.0,80.0,32,1.1170212765957446,0.9238095238095239,0.851063829787234,-0.07274569402228981
Florida,Sarasota,392,307,355.0,255.0,82,1.1042253521126761,0.7831632653061225,0.7183098591549296,-0.06485340615119284
Florida,Seminole,399,315,359.0,270.0,134,1.1114206128133706,0.7894736842105263,0.7520891364902507,-0.03738454772027566
Florida,Sumter,69,56,63.0,55.0,38,1.0952380952380953,0.8115942028985508,0.873015873015873,0.06142167011732225
Florida,Taylor,57,50,54.0,38.0,34,1.0555555555555556,0.8771929824561403,0.7037037037037037,-0.17348927875243658
Florida,Union,20,19,20.0,23.0,15,1.0,0.95,1.15,0.19999999999999996
Florida,Volusia,717,557,664.0,506.0,178,1.0798192771084338,0.7768479776847977,0.7620481927710844,-0.014799784913713365
Florida,Wakulla,35,32,27.0,17.0,19,1.2962962962962963,0.9142857142857143,0.6296296296296297,-0.2846560846560846
Florida,Walton,65,62,57.0,54.0,31,1.1403508771929824,0.9538461538461539,0.9473684210526315,-0.006477732793522373
Florida,Washington,35,26,34.0,25.0,22,1.0294117647058822,0.7428571428571429,0.7352941176470589,-0.007563025210084007
Georgia,Baker,4,4,4.0,4.0,2,1.0,1.0,1.0,0.0
Georgia,Baldwin,70,55,70.0,30.0,37,1.0,0.7857142857142857,0.42857142857142855,-0.35714285714285715
Georgia,Barrow,52,49,52.0,23.0,34,1.0,0.9423076923076923,0.4423076923076923,-0.5
Georgia,Bartow,68,59,68.0,36.0,38,1.0,0.8676470588235294,0.5294117647058824,-0.3382352941176471
Georgia,Ben Hill,40,31,41.0,24.0,27,0.975609756097561,0.775,0.5853658536585366,-0.18963414634146347
Georgia,Berrien,23,20,22.0,16.0,19,1.0454545454545454,0.8695652173913043,0.7272727272727273,-0.14229249011857703
Georgia,Bibb,745,613,782.0,526.0,60,0.9526854219948849,0.8228187919463087,0.6726342710997443,-0.15018452084656442
Georgia,Bulloch,50,44,47.0,38.0,31,1.0638297872340425,0.88,0.8085106382978723,-0.07148936170212772
Georgia,Burke,41,36,48.0,30.0,28,0.8541666666666666,0.8780487804878049,0.625,-0.2530487804878049
Georgia,Carroll,126,116,129.0,62.0,55,0.9767441860465116,0.9206349206349206,0.4806201550387597,-0.4400147655961609
Georgia,Catoosa,48,44,44.0,14.0,29,1.0909090909090908,0.9166666666666666,0.3181818181818182,-0.5984848484848484
Georgia,Chatham,1152,798,1184.0,535.0,96,0.972972972972973,0.6927083333333334,0.4518581081081081,-0.24085022522522526
Georgia,Chattooga,27,25,27.0,10.0,14,1.0,0.9259259259259259,0.37037037037037035,-0.5555555555555556
Georgia,Cherokee,80,68,88.0,42.0,37,0.9090909090909091,0.85,0.4772727272727273,-0.3727272727272727
Georgia,Clarke,192,146,1212.0,119.0,37,0.15841584158415842,0.7604166666666666,0.09818481848184818,-0.6622318481848184
Georgia,Clayton,563,381,557.0,338.0,88,1.0107719928186714,0.6767317939609236,0.6068222621184919,-0.06990953184243176
Georgia,Clinch,24,23,24.0,16.0,15,1.0,0.9583333333333334,0.6666666666666666,-0.29166666666666674
Georgia,Cobb,587,434,643.0,352.0,113,0.9129082426127527,0.7393526405451448,0.5474339035769828,-0.19191873696816197
Georgia,Coffee,82,60,85.0,45.0,39,0.9647058823529412,0.7317073170731707,0.5294117647058824,-0.20229555236728836
Georgia,Colquitt,123,105,125.0,87.0,52,0.984,0.8536585365853658,0.696,-0.15765853658536588
Georgia,Columbia,63,58,64.0,30.0,32,0.984375,0.9206349206349206,0.46875,-0.4518849206349206
Georgia,Cook,37,32,35.0,20.0,23,1.0571428571428572,0.8648648648648649,0.5714285714285714,-0.2934362934362935
Georgia,Coweta,99,85,103.0,72.0,49,0.9611650485436893,0.8585858585858586,0.6990291262135923,-0.1595567323722663
Georgia,Crisp,80,59,82.0,46.0,40,0.975609756097561,0.7375,0.5609756097560976,-0.17652439024390243
Georgia,Dade,15,9,19.0,12.0,10,0.7894736842105263,0.6,0.631578947368421,0.03157894736842104
Georgia,Decatur,70,62,79.0,54.0,38,0.8860759493670886,0.8857142857142857,0.6835443037974683,-0.20216998191681734
Georgia,De Kalb,2142,1584,2105.0,1080.0,107,1.0175771971496437,0.7394957983193278,0.5130641330166271,-0.22643166530270065
Georgia,Dougherty,408,338,424.0,280.0,46,0.9622641509433962,0.8284313725490197,0.660377358490566,-0.16805401405845366
Georgia,Douglas,129,103,131.0,82.0,44,0.9847328244274809,0.7984496124031008,0.6259541984732825,-0.17249541392981826
Georgia,Elbert,40,39,43.0,23.0,23,0.9302325581395349,0.975,0.5348837209302325,-0.44011627906976747
Georgia,Emanuel,48,46,51.0,35.0,29,0.9411764705882353,0.9583333333333334,0.6862745098039216,-0.2720588235294118
Georgia,Floyd,196,174,200.0,110.0,63,0.98,0.8877551020408163,0.55,-0.33775510204081627
Georgia,Fulton,6378,3499,6307.0,4123.0,238,1.0112573331219281,0.548604578237692,0.6537180910099889,0.10511351277229686
Georgia,Gilmer,10,10,9.0,6.0,9,1.1111111111111112,1.0,0.6666666666666666,-0.33333333333333337
Georgia,Glynn,201,172,212.0,126.0,64,0.9481132075471698,0.8557213930348259,0.5943396226415094,-0.26138177039331645
Georgia,Greene,19,18,19.0,7.0,14,1.0,0.9473684210526315,0.3684210526315789,-0.5789473684210527
Georgia,Gwinnett,651,459,636.0,239.0,78,1.0235849056603774,0.7050691244239631,0.3757861635220126,-0.32928296090195047
Georgia,Harris,29,24,35.0,21.0,17,0.8285714285714286,0.8275862068965517,0.6,-0.22758620689655173
Georgia,Henry,107,88,108.0,54.0,38,0.9907407407407407,0.822429906542056,0.5,-0.32242990654205606
Georgia,Houston,184,160,182.0,81.0,73,1.010989010989011,0.8695652173913043,0.44505494505494503,-0.4245102723363593
Georgia,Jackson,64,57,60.0,25.0,35,1.0666666666666667,0.890625,0.4166666666666667,-0.4739583333333333
Georgia,Jefferson,43,43,44.0,30.0,24,0.9772727272727273,1.0,0.6818181818181818,-0.31818181818181823
Georgia,Jenkins,17,15,17.0,11.0,12,1.0,0.8823529411764706,0.6470588235294118,-0.23529411764705876
Georgia,Laurens,82,71,82.0,58.0,46,1.0,0.8658536585365854,0.7073170731707317,-0.1585365853658537
Georgia,Liberty,98,85,96.0,74.0,45,1.0208333333333333,0.8673469387755102,0.7708333333333334,-0.0965136054421768
Georgia,Lowndes,233,181,239.0,91.0,55,0.9748953974895398,0.776824034334764,0.3807531380753138,-0.3960708962594502
Georgia,McIntosh,22,21,21.0,17.0,16,1.0476190476190477,0.9545454545454546,0.8095238095238095,-0.14502164502164505
Georgia,Macon,14,11,13.0,5.0,12,1.0769230769230769,0.7857142857142857,0.38461538461538464,-0.40109890109890106
Georgia,Mitchell,54,49,56.0,36.0,32,0.9642857142857143,0.9074074074074074,0.6428571428571429,-0.26455026455026454
Georgia,Monroe,25,18,27.0,14.0,20,0.9259259259259259,0.72,0.5185185185185185,-0.20148148148148148
Georgia,Murray,33,32,34.0,25.0,20,0.9705882352941176,0.9696969696969697,0.7352941176470589,-0.23440285204991085
Georgia,Muscogee,677,555,700.0,574.0,36,0.9671428571428572,0.8197932053175776,0.82,0.000206794682422351
Georgia,Newton,138,117,133.0,106.0,55,1.037593984962406,0.8478260869565217,0.7969924812030075,-0.050833605753514255
Georgia,Peach,35,31,31.0,15.0,26,1.1290322580645162,0.8857142857142857,0.4838709677419355,-0.4018433179723502
Georgia,Polk,53,42,52.0,20.0,39,1.0192307692307692,0.7924528301886793,0.38461538461538464,-0.40783744557329465
Georgia,Putnam,22,21,21.0,21.0,16,1.0476190476190477,0.9545454545454546,1.0,0.045454545454545414
Georgia,Richmond,867,619,880.0,544.0,51,0.9852272727272727,0.7139561707035755,0.6181818181818182,-0.09577435252175737
Georgia,Spalding,157,138,158.0,96.0,51,0.9936708860759493,0.8789808917197452,0.6075949367088608,-0.27138595501088447
Georgia,Stephens,37,34,38.0,18.0,23,0.9736842105263158,0.918918918918919,0.47368421052631576,-0.4452347083926032
Georgia,Sumter,65,56,70.0,35.0,32,0.9285714285714286,0.8615384615384616,0.5,-0.3615384615384616
Georgia,Terrell,31,27,31.0,19.0,20,1.0,0.8709677419354839,0.6129032258064516,-0.25806451612903225
Georgia,Thomas,94,86,89.0,58.0,43,1.0561797752808988,0.9148936170212766,0.651685393258427,-0.2632082237628496
Georgia,Tift,105,82,110.0,78.0,47,0.9545454545454546,0.780952380952381,0.7090909090909091,-0.07186147186147185
Georgia,Toombs,77,63,80.0,56.0,40,0.9625,0.8181818181818182,0.7,-0.11818181818181828
Georgia,Troup,133,123,144.0,93.0,54,0.9236111111111112,0.924812030075188,0.6458333333333334,-0.2789786967418546
Georgia,Upson,45,40,48.0,24.0,29,0.9375,0.8888888888888888,0.5,-0.38888888888888884
Georgia,Walker,61,54,59.0,21.0,33,1.0338983050847457,0.8852459016393442,0.3559322033898305,-0.5293136982495137
Georgia,Ware,76,62,80.0,45.0,44,0.95,0.8157894736842105,0.5625,-0.2532894736842105
Georgia,Washington,32,31,35.0,28.0,21,0.9142857142857143,0.96875,0.8,-0.16874999999999996
Georgia,Wayne,25,23,25.0,11.0,16,1.0,0.92,0.44,-0.48000000000000004
Georgia,Whitfield,110,93,120.0,75.0,47,0.9166666666666666,0.8454545454545455,0.625,-0.22045454545454546
Georgia,Worth,30,29,29.0,21.0,20,1.0344827586206897,0.9666666666666667,0.7241379310344828,-0.2425287356321839
Hawaii,Hawaii,210,174,203.0,128.0,50,1.0344827586206897,0.8285714285714286,0.6305418719211823,-0.19802955665024635
Hawaii,Honolulu,924,716,892.0,520.0,33,1.0358744394618835,0.7748917748917749,0.5829596412556054,-0.19193213363616946
Hawaii,Kauai,52,37,50.0,37.0,26,1.04,0.7115384615384616,0.74,0.028461538461538427
Hawaii,Maui,98,78,98.0,80.0,31,1.0,0.7959183673469388,0.8163265306122449,0.020408163265306145
Iowa,Allamakee,1,1,1.0,1.0,1,1.0,1.0,1.0,0.0
Iowa,Appanoose,9,8,9.0,6.0,9,1.0,0.8888888888888888,0.6666666666666666,-0.2222222222222222
Iowa,Benton,11,10,11.0,10.0,9,1.0,0.9090909090909091,0.9090909090909091,0.0
Iowa,Cedar,5,4,5.0,5.0,3,1.0,0.8,1.0,0.19999999999999996
Iowa,Clinton,23,19,23.0,15.0,17,1.0,0.8260869565217391,0.6521739130434783,-0.17391304347826086
Iowa,Decatur,2,2,2.0,2.0,2,1.0,1.0,1.0,0.0
Iowa,Des Moines,30,25,30.0,20.0,23,1.0,0.8333333333333334,0.6666666666666666,-0.16666666666666674
Iowa,Dubuque,25,23,26.0,17.0,19,0.9615384615384616,0.92,0.6538461538461539,-0.2661538461538462
Iowa,Franklin,6,3,5.0,2.0,5,1.2,0.5,0.4,-0.09999999999999998
Iowa,Iowa,8,6,7.0,6.0,5,1.1428571428571428,0.75,0.8571428571428571,0.1071428571428571
Iowa,Linn,93,75,96.0,63.0,42,0.96875,0.8064516129032258,0.65625,-0.15020161290322576
Iowa,Marshall,24,22,22.0,18.0,18,1.0909090909090908,0.9166666666666666,0.8181818181818182,-0.0984848484848484
Iowa,Muscatine,33,26,32.0,27.0,24,1.03125,0.7878787878787878,0.84375,0.055871212121212155
Iowa,Page,3,3,3.0,1.0,3,1.0,1.0,0.3333333333333333,-0.6666666666666667
Iowa,Polk,453,377,437.0,320.0,90,1.036613272311213,0.8322295805739515,0.7322654462242563,-0.0999641343496952
Iowa,Pottawattamie,82,74,80.0,66.0,41,1.025,0.9024390243902439,0.825,-0.07743902439024397
Iowa,Poweshiek,7,7,7.0,3.0,7,1.0,1.0,0.42857142857142855,-0.5714285714285714
Iowa,Scott,179,166,169.0,133.0,56,1.0591715976331362,0.9273743016759777,0.7869822485207101,-0.1403920531552676
Iowa,Tama,7,7,7.0,3.0,6,1.0,1.0,0.42857142857142855,-0.5714285714285714
Iowa,Taylor,3,2,3.0,2.0,3,1.0,0.6666666666666666,0.6666666666666666,0.0
Iowa,Wapello,25,25,25.0,23.0,19,1.0,1.0,0.92,-0.07999999999999996
Iowa,Woodbury,94,84,95.0,66.0,39,0.9894736842105263,0.8936170212765957,0.6947368421052632,-0.1988801791713325
Idaho,Ada,211,191,191.0,165.0,76,1.1047120418848169,0.9052132701421801,0.8638743455497382,-0.04133892459244193
Idaho,Bannock,52,44,45.0,35.0,33,1.1555555555555554,0.8461538461538461,0.7777777777777778,-0.06837606837606836
Idaho,Benewah,12,12,11.0,9.0,9,1.0909090909090908,1.0,0.8181818181818182,-0.18181818181818177
Idaho,Bingham,35,31,34.0,30.0,29,1.0294117647058822,0.8857142857142857,0.8823529411764706,-0.003361344537815114
Idaho,Bonneville,71,64,71.0,63.0,43,1.0,0.9014084507042254,0.8873239436619719,-0.014084507042253502
Idaho,Canyon,139,127,138.0,113.0,73,1.0072463768115942,0.9136690647482014,0.8188405797101449,-0.09482848503805652
Idaho,Cassia,36,32,35.0,27.0,20,1.0285714285714285,0.8888888888888888,0.7714285714285715,-0.11746031746031738
Idaho,Custer,7,7,7.0,6.0,5,1.0,1.0,0.8571428571428571,-0.1428571428571429
Idaho,Elmore,21,21,21.0,15.0,17,1.0,1.0,0.7142857142857143,-0.2857142857142857
Idaho,Gem,10,9,9.0,7.0,10,1.1111111111111112,0.9,0.7777777777777778,-0.12222222222222223
Idaho,Gooding,12,11,12.0,7.0,11,1.0,0.9166666666666666,0.5833333333333334,-0.33333333333333326
Idaho,Kootenai,96,87,88.0,67.0,54,1.0909090909090908,0.90625,0.7613636363636364,-0.14488636363636365
Idaho,Minidoka,15,14,14.0,13.0,14,1.0714285714285714,0.9333333333333333,0.9285714285714286,-0.004761904761904745
Idaho,Owyhee,10,9,10.0,7.0,9,1.0,0.9,0.7,-0.20000000000000007
Idaho,Power,8,8,8.0,5.0,6,1.0,1.0,0.625,-0.375
Idaho,Shoshone,26,23,23.0,17.0,21,1.1304347826086956,0.8846153846153846,0.7391304347826086,-0.14548494983277593
Idaho,Washington,8,8,8.0,7.0,6,1.0,1.0,0.875,-0.125
Illinois,Adams,25,24,25.0,24.0,13,1.0,0.96,0.96,0.0
Illinois,Bureau,9,8,10.0,8.0,9,0.9,0.8888888888888888,0.8,-0.0888888888888888
Illinois,Champaign,78,69,82.0,58.0,36,0.9512195121951219,0.8846153846153846,0.7073170731707317,-0.1772983114446529
Illinois,Coles,11,9,11.0,7.0,10,1.0,0.8181818181818182,0.6363636363636364,-0.18181818181818188
Illinois,Cook,22288,13201,22651.0,3184.0,459,0.9839742174738422,0.592291816223977,0.14056774535340602,-0.451724070870571
Illinois,Will,304,207,312.0,177.0,59,0.9743589743589743,0.680921052631579,0.5673076923076923,-0.11361336032388669
Illinois,DeKalb,11,10,11.0,9.0,9,1.0,0.9090909090909091,0.8181818181818182,-0.09090909090909083
Illinois,De Witt,3,2,3.0,3.0,2,1.0,0.6666666666666666,1.0,0.33333333333333337
Illinois,DuPage,101,75,104.0,61.0,70,0.9711538461538461,0.7425742574257426,0.5865384615384616,-0.156035795887281
Illinois,Edgar,5,5,5.0,6.0,3,1.0,1.0,1.2,0.19999999999999996
Illinois,Franklin,16,13,14.0,13.0,9,1.1428571428571428,0.8125,0.9285714285714286,0.1160714285714286
Illinois,Fulton,6,5,6.0,4.0,5,1.0,0.8333333333333334,0.6666666666666666,-0.16666666666666674
Illinois,Gallatin,7,6,7.0,6.0,6,1.0,0.8571428571428571,0.8571428571428571,0.0
Illinois,Grundy,8,5,8.0,5.0,7,1.0,0.625,0.625,0.0
Illinois,Hancock,3,3,3.0,3.0,3,1.0,1.0,1.0,0.0
Illinois,Jackson,36,21,40.0,17.0,17,0.9,0.5833333333333334,0.425,-0.15833333333333338
Illinois,Jefferson,21,12,23.0,18.0,15,0.9130434782608695,0.5714285714285714,0.782608695652174,0.21118012422360255
Illinois,Kane,230,159,230.0,148.0,50,1.0,0.691304347826087,0.6434782608695652,-0.047826086956521796
Illinois,Kankakee,102,78,102.0,69.0,29,1.0,0.7647058823529411,0.6764705882352942,-0.08823529411764697
Illinois,Kendall,4,2,4.0,1.0,3,1.0,0.5,0.25,-0.25
Illinois,Knox,31,27,28.0,27.0,19,1.1071428571428572,0.8709677419354839,0.9642857142857143,0.09331797235023043
Illinois,Lake,209,171,197.0,134.0,69,1.0609137055837563,0.8181818181818182,0.6802030456852792,-0.137978772496539
Illinois,McHenry,24,22,24.0,16.0,20,1.0,0.9166666666666666,0.6666666666666666,-0.25
Illinois,McLean,46,39,42.0,33.0,21,1.0952380952380953,0.8478260869565217,0.7857142857142857,-0.06211180124223603
Illinois,Macon,63,54,64.0,55.0,14,0.984375,0.8571428571428571,0.859375,0.0022321428571429047
Illinois,Madison,142,114,132.0,92.0,62,1.0757575757575757,0.8028169014084507,0.696969696969697,-0.10584720443875373
Illinois,Marion,8,8,9.0,8.0,8,0.8888888888888888,1.0,0.8888888888888888,-0.11111111111111116
Illinois,Mason,2,2,2.0,2.0,2,1.0,1.0,1.0,0.0
Illinois,Massac,7,6,6.0,3.0,7,1.1666666666666667,0.8571428571428571,0.5,-0.3571428571428571
Illinois,Mercer,6,6,6.0,5.0,4,1.0,1.0,0.8333333333333334,-0.16666666666666663
Illinois,Monroe,4,4,4.0,4.0,4,1.0,1.0,1.0,0.0
Illinois,Morgan,8,5,8.0,5.0,6,1.0,0.625,0.625,0.0
Illinois,Ogle,2,2,2.0,1.0,2,1.0,1.0,0.5,-0.5
Illinois,Peoria,132,122,130.0,104.0,21,1.0153846153846153,0.9242424242424242,0.8,-0.12424242424242415
Illinois,Pulaski,5,4,5.0,4.0,5,1.0,0.8,0.8,0.0
Illinois,Rock Island,41,33,44.0,30.0,23,0.9318181818181818,0.8048780487804879,0.6818181818181818,-0.12305986696230609
Illinois,St. Clair,756,431,798.0,367.0,91,0.9473684210526315,0.5701058201058201,0.4598997493734336,-0.11020607073238653
Illinois,Saline,7,7,6.0,6.0,7,1.1666666666666667,1.0,1.0,0.0
Illinois,Sangamon,141,114,141.0,85.0,19,1.0,0.8085106382978723,0.6028368794326241,-0.2056737588652482
Illinois,Schuyler,1,1,1.0,1.0,1,1.0,1.0,1.0,0.0
Illinois,Tazewell,21,20,24.0,25.0,12,0.875,0.9523809523809523,1.0416666666666667,0.08928571428571441
Illinois,Union,9,9,9.0,8.0,6,1.0,1.0,0.8888888888888888,-0.11111111111111116
Illinois,Vermilion,34,29,31.0,27.0,18,1.096774193548387,0.8529411764705882,0.8709677419354839,0.018026565464895672
Illinois,White,1,1,1.0,1.0,1,1.0,1.0,1.0,0.0
Illinois,Williamson,17,13,19.0,11.0,15,0.8947368421052632,0.7647058823529411,0.5789473684210527,-0.18575851393188847
Illinois,Winnebago,417,311,417.0,284.0,42,1.0,0.7458033573141487,0.6810551558752997,-0.06474820143884896
Indiana,Allen,822,563,770.0,515.0,72,1.0675324675324676,0.6849148418491484,0.6688311688311688,-0.01608367301797964
Indiana,Boone,12,8,12.0,4.0,10,1.0,0.6666666666666666,0.3333333333333333,-0.3333333333333333
Indiana,Carroll,17,15,15.0,9.0,13,1.1333333333333333,0.8823529411764706,0.6,-0.2823529411764706
Indiana,Clark,93,75,88.0,51.0,55,1.0568181818181819,0.8064516129032258,0.5795454545454546,-0.22690615835777117
Indiana,Decatur,28,28,27.0,18.0,17,1.037037037037037,1.0,0.6666666666666666,-0.33333333333333337
Indiana,Delaware,129,103,127.0,65.0,40,1.015748031496063,0.7984496124031008,0.5118110236220472,-0.2866385887810535
Indiana,Elkhart,220,156,222.0,152.0,82,0.990990990990991,0.7090909090909091,0.6846846846846847,-0.02440622440622442
Indiana,Floyd,60,53,58.0,38.0,32,1.0344827586206897,0.8833333333333333,0.6551724137931034,-0.22816091954022988
Indiana,Grant,73,65,70.0,48.0,50,1.042857142857143,0.8904109589041096,0.6857142857142857,-0.20469667318982387
Indiana,Hamilton,45,33,43.0,31.0,34,1.0465116279069768,0.7333333333333333,0.7209302325581395,-0.012403100775193798
Indiana,Harrison,30,29,30.0,9.0,20,1.0,0.9666666666666667,0.3,-0.6666666666666667
Indiana,Henry,63,58,63.0,47.0,43,1.0,0.9206349206349206,0.746031746031746,-0.17460317460317454
Indiana,Howard,111,87,109.0,59.0,44,1.018348623853211,0.7837837837837838,0.5412844036697247,-0.24249938011405903
Indiana,Knox,22,19,20.0,15.0,18,1.1,0.8636363636363636,0.75,-0.11363636363636365
Indiana,Kosciusko,19,17,18.0,8.0,16,1.0555555555555556,0.8947368421052632,0.4444444444444444,-0.45029239766081874
Indiana,Lake,2982,1555,3039.0,709.0,228,0.981243830207305,0.5214621059691482,0.2333004277722935,-0.2881616781968547
Indiana,Madison,119,98,116.0,60.0,46,1.0258620689655173,0.8235294117647058,0.5172413793103449,-0.306288032454361
Indiana,Marion,3715,2581,3536.0,2724.0,116,1.0506221719457014,0.6947510094212651,0.7703619909502263,0.07561098152896117
Indiana,Marshall,14,11,11.0,7.0,14,1.2727272727272727,0.7857142857142857,0.6363636363636364,-0.14935064935064934
Indiana,Martin,15,15,14.0,7.0,12,1.0714285714285714,1.0,0.5,-0.5
Indiana,Morgan,28,18,28.0,15.0,22,1.0,0.6428571428571429,0.5357142857142857,-0.1071428571428572
Indiana,Porter,80,64,75.0,46.0,55,1.0666666666666667,0.8,0.6133333333333333,-0.18666666666666676
Indiana,Ripley,22,22,24.0,14.0,11,0.9166666666666666,1.0,0.5833333333333334,-0.41666666666666663
Indiana,St. Joseph,607,398,566.0,325.0,88,1.0724381625441697,0.6556836902800659,0.5742049469964664,-0.0814787432835995
Indiana,Spencer,12,11,13.0,10.0,10,0.9230769230769231,0.9166666666666666,0.7692307692307693,-0.14743589743589736
Indiana,Tippecanoe,89,81,81.0,62.0,45,1.0987654320987654,0.9101123595505618,0.7654320987654321,-0.14468026078512974
Indiana,Vanderburgh,269,234,266.0,251.0,49,1.0112781954887218,0.8698884758364313,0.943609022556391,0.07372054671995976
Indiana,Vigo,102,83,100.0,70.0,41,1.02,0.8137254901960784,0.7,-0.11372549019607847
Indiana,Wabash,17,15,15.0,7.0,14,1.1333333333333333,0.8823529411764706,0.4666666666666667,-0.4156862745098039
Indiana,Wayne,77,54,73.0,48.0,38,1.0547945205479452,0.7012987012987013,0.6575342465753424,-0.04376445472335888
Indiana,Fountain,8,8,7.0,4.0,8,1.1428571428571428,1.0,0.5714285714285714,-0.4285714285714286
Indiana,Jackson,21,17,21.0,9.0,18,1.0,0.8095238095238095,0.42857142857142855,-0.380952380952381
Indiana,Lawrence,47,40,46.0,31.0,32,1.0217391304347827,0.851063829787234,0.6739130434782609,-0.17715078630897318
Indiana,Pike,22,19,22.0,12.0,14,1.0,0.8636363636363636,0.5454545454545454,-0.31818181818181823
Indiana,Scott,31,28,28.0,16.0,22,1.1071428571428572,0.9032258064516129,0.5714285714285714,-0.3317972350230415
Indiana,Starke,27,22,27.0,14.0,19,1.0,0.8148148148148148,0.5185185185185185,-0.2962962962962963
Kansas,Atchison,16,10,16.0,13.0,12,1.0,0.625,0.8125,0.1875
Kansas,Barton,23,18,22.0,15.0,18,1.0454545454545454,0.782608695652174,0.6818181818181818,-0.10079051383399218
Kansas,Bourbon,15,15,14.0,11.0,11,1.0714285714285714,1.0,0.7857142857142857,-0.2142857142857143
Kansas,Brown,11,9,10.0,7.0,9,1.1,0.8181818181818182,0.7,-0.11818181818181828
Kansas,Butler,39,30,38.0,29.0,29,1.0263157894736843,0.7692307692307693,0.7631578947368421,-0.006072874493927127
Kansas,Chautauqua,4,4,4.0,2.0,4,1.0,1.0,0.5,-0.5
Kansas,Cherokee,23,21,23.0,17.0,19,1.0,0.9130434782608695,0.7391304347826086,-0.17391304347826086
Kansas,Cloud,7,4,7.0,4.0,6,1.0,0.5714285714285714,0.5714285714285714,0.0
Kansas,Cowley,22,20,21.0,14.0,19,1.0476190476190477,0.9090909090909091,0.6666666666666666,-0.24242424242424243
Kansas,Crawford,46,43,46.0,34.0,26,1.0,0.9347826086956522,0.7391304347826086,-0.19565217391304357
Kansas,Decatur,1,1,1.0,0.0,1,1.0,1.0,0.0,-1.0
Kansas,Doniphan,2,2,2.0,0.0,2,1.0,1.0,0.0,-1.0
Kansas,Douglas,59,54,57.0,37.0,29,1.0350877192982457,0.9152542372881356,0.6491228070175439,-0.2661314302705917
Kansas,Ellis,11,11,11.0,7.0,7,1.0,1.0,0.6363636363636364,-0.36363636363636365
Kansas,Finney,56,46,53.0,37.0,33,1.0566037735849056,0.8214285714285714,0.6981132075471698,-0.12331536388140163
Kansas,Franklin,15,14,14.0,12.0,9,1.0714285714285714,0.9333333333333333,0.8571428571428571,-0.07619047619047625
Kansas,Geary,59,37,56.0,38.0,31,1.0535714285714286,0.6271186440677966,0.6785714285714286,0.051452784503632
Kansas,Jackson,10,10,10.0,8.0,7,1.0,1.0,0.8,-0.19999999999999996
Kansas,Johnson,183,148,181.0,118.0,109,1.011049723756906,0.8087431693989071,0.6519337016574586,-0.15680946774144855
Kansas,Labette,15,14,12.0,10.0,10,1.25,0.9333333333333333,0.8333333333333334,-0.09999999999999998
Kansas,Leavenworth,60,49,57.0,43.0,34,1.0526315789473684,0.8166666666666667,0.7543859649122807,-0.062280701754385936
Kansas,Linn,5,4,5.0,3.0,4,1.0,0.8,0.6,-0.20000000000000007
Kansas,Miami,17,17,14.0,6.0,13,1.2142857142857142,1.0,0.42857142857142855,-0.5714285714285714
Kansas,Montgomery,49,44,47.0,40.0,28,1.0425531914893618,0.8979591836734694,0.851063829787234,-0.046895353886235336
Kansas,Osage,16,15,16.0,12.0,9,1.0,0.9375,0.75,-0.1875
Kansas,Pratt,5,5,5.0,4.0,4,1.0,1.0,0.8,-0.19999999999999996
Kansas,Reno,45,40,44.0,36.0,29,1.0227272727272727,0.8888888888888888,0.8181818181818182,-0.07070707070707061
Kansas,Riley,47,45,46.0,37.0,21,1.0217391304347827,0.9574468085106383,0.8043478260869565,-0.1530989824236818
Kansas,Saline,61,49,61.0,45.0,35,1.0,0.8032786885245902,0.7377049180327869,-0.06557377049180324
Kansas,Sedgwick,751,630,750.0,431.0,67,1.0013333333333334,0.8388814913448736,0.5746666666666667,-0.2642148246782069
Kansas,Seward,49,47,47.0,39.0,21,1.0425531914893618,0.9591836734693877,0.8297872340425532,-0.12939643942683454
Kansas,Shawnee,305,235,290.0,134.0,51,1.0517241379310345,0.7704918032786885,0.46206896551724136,-0.30842283776144713
Kansas,Thomas,5,3,5.0,3.0,4,1.0,0.6,0.6,0.0
Kansas,Wyandotte,647,449,645.0,407.0,36,1.0031007751937984,0.6939721792890263,0.6310077519379845,-0.0629644273510418
Kentucky,Barren,36,29,37.0,23.0,24,0.972972972972973,0.8055555555555556,0.6216216216216216,-0.18393393393393398
Kentucky,Bath,11,10,8.0,5.0,8,1.375,0.9090909090909091,0.625,-0.28409090909090906
Kentucky,Bell,59,48,60.0,44.0,23,0.9833333333333333,0.8135593220338984,0.7333333333333333,-0.08022598870056508
Kentucky,Boone,31,23,32.0,21.0,20,0.96875,0.7419354838709677,0.65625,-0.08568548387096775
Kentucky,Bourbon,20,17,20.0,18.0,14,1.0,0.85,0.9,0.050000000000000044
Kentucky,Boyd,35,25,33.0,24.0,18,1.0606060606060606,0.7142857142857143,0.7272727272727273,0.012987012987012991
Kentucky,Boyle,22,18,23.0,18.0,16,0.9565217391304348,0.8181818181818182,0.782608695652174,-0.035573122529644285
Kentucky,Breathitt,37,33,35.0,30.0,12,1.0571428571428572,0.8918918918918919,0.8571428571428571,-0.03474903474903479
Kentucky,Breckinridge,19,17,19.0,17.0,13,1.0,0.8947368421052632,0.8947368421052632,0.0
Kentucky,Bullitt,23,16,23.0,16.0,18,1.0,0.6956521739130435,0.6956521739130435,0.0
Kentucky,Caldwell,17,13,16.0,12.0,14,1.0625,0.7647058823529411,0.75,-0.014705882352941124
Kentucky,Calloway,17,16,16.0,10.0,14,1.0625,0.9411764705882353,0.625,-0.3161764705882353
Kentucky,Campbell,77,66,77.0,60.0,51,1.0,0.8571428571428571,0.7792207792207793,-0.07792207792207784
Kentucky,Carroll,17,9,16.0,8.0,14,1.0625,0.5294117647058824,0.5,-0.02941176470588236
Kentucky,Carter,14,11,13.0,10.0,9,1.0769230769230769,0.7857142857142857,0.7692307692307693,-0.016483516483516425
Kentucky,Casey,14,11,14.0,12.0,7,1.0,0.7857142857142857,0.8571428571428571,0.0714285714285714
Kentucky,Christian,132,108,137.0,103.0,61,0.9635036496350365,0.8181818181818182,0.7518248175182481,-0.06635700066357009
Kentucky,Clark,33,27,32.0,28.0,24,1.03125,0.8181818181818182,0.875,0.05681818181818177
Kentucky,Clay,78,65,70.0,58.0,17,1.1142857142857143,0.8333333333333334,0.8285714285714286,-0.004761904761904745
Kentucky,Clinton,8,7,9.0,8.0,6,0.8888888888888888,0.875,0.8888888888888888,0.01388888888888884
Kentucky,Crittenden,4,4,4.0,4.0,4,1.0,1.0,1.0,0.0
Kentucky,Cumberland,8,7,7.0,7.0,5,1.1428571428571428,0.875,1.0,0.125
Kentucky,Daviess,69,61,76.0,54.0,34,0.9078947368421053,0.8840579710144928,0.7105263157894737,-0.17353165522501912
Kentucky,Edmonson,8,5,8.0,6.0,5,1.0,0.625,0.75,0.125
Kentucky,Elliott,13,9,10.0,7.0,8,1.3,0.6923076923076923,0.7,0.007692307692307665
Kentucky,Fayette,552,414,550.0,415.0,37,1.0036363636363637,0.75,0.7545454545454545,0.004545454545454519
Kentucky,Fleming,4,4,4.0,4.0,3,1.0,1.0,1.0,0.0
Kentucky,Floyd,60,52,67.0,50.0,16,0.8955223880597015,0.8666666666666667,0.746268656716418,-0.12039800995024874
Kentucky,Franklin,396,317,388.0,230.0,31,1.0206185567010309,0.8005050505050505,0.5927835051546392,-0.20772154535041132
Kentucky,Fulton,13,11,13.0,11.0,10,1.0,0.8461538461538461,0.8461538461538461,0.0
Kentucky,Gallatin,7,6,7.0,3.0,7,1.0,0.8571428571428571,0.42857142857142855,-0.42857142857142855
Kentucky,Garrard,10,10,9.0,8.0,7,1.1111111111111112,1.0,0.8888888888888888,-0.11111111111111116
Kentucky,Grant,18,16,16.0,12.0,11,1.125,0.8888888888888888,0.75,-0.13888888888888884
Kentucky,Graves,36,31,34.0,29.0,26,1.0588235294117647,0.8611111111111112,0.8529411764705882,-0.008169934640522958
Kentucky,Grayson,17,11,13.0,11.0,10,1.3076923076923077,0.6470588235294118,0.8461538461538461,0.19909502262443435
Kentucky,Hardin,102,84,96.0,71.0,53,1.0625,0.8235294117647058,0.7395833333333334,-0.08394607843137247
Kentucky,Harlan,85,72,95.0,62.0,21,0.8947368421052632,0.8470588235294118,0.6526315789473685,-0.1944272445820433
Kentucky,Harrison,12,10,11.0,9.0,8,1.0909090909090908,0.8333333333333334,0.8181818181818182,-0.015151515151515138
Kentucky,Hart,23,19,22.0,17.0,14,1.0454545454545454,0.8260869565217391,0.7727272727272727,-0.05335968379446643
Kentucky,Henderson,45,35,44.0,33.0,24,1.0227272727272727,0.7777777777777778,0.75,-0.02777777777777779
Kentucky,Henry,22,18,21.0,19.0,14,1.0476190476190477,0.8181818181818182,0.9047619047619048,0.08658008658008653
Kentucky,Hopkins,78,66,69.0,55.0,39,1.1304347826086956,0.8461538461538461,0.7971014492753623,-0.04905239687848384
Kentucky,Jackson,15,11,13.0,8.0,7,1.1538461538461537,0.7333333333333333,0.6153846153846154,-0.11794871794871786
Kentucky,Jefferson,1878,1313,1873.0,1179.0,79,1.002669514148425,0.6991480298189563,0.6294714361986119,-0.0696765936203444
Kentucky,Jessamine,25,19,25.0,16.0,17,1.0,0.76,0.64,-0.12
Kentucky,Johnson,33,27,32.0,25.0,13,1.03125,0.8181818181818182,0.78125,-0.03693181818181823
Kentucky,Kenton,99,68,104.0,75.0,49,0.9519230769230769,0.6868686868686869,0.7211538461538461,0.034285159285159295
Kentucky,Knox,58,44,54.0,37.0,17,1.0740740740740742,0.7586206896551724,0.6851851851851852,-0.07343550446998715
Kentucky,Larue,11,7,12.0,8.0,10,0.9166666666666666,0.6363636363636364,0.6666666666666666,0.030303030303030276
Kentucky,Laurel,100,86,99.0,76.0,38,1.0101010101010102,0.86,0.7676767676767676,-0.09232323232323236
Kentucky,Lawrence,11,9,12.0,8.0,7,0.9166666666666666,0.8181818181818182,0.6666666666666666,-0.1515151515151516
Kentucky,Lee,22,21,22.0,20.0,11,1.0,0.9545454545454546,0.9090909090909091,-0.045454545454545525
Kentucky,Leslie,47,40,48.0,38.0,14,0.9791666666666666,0.851063829787234,0.7916666666666666,-0.05939716312056742
Kentucky,Letcher,31,26,32.0,23.0,13,0.96875,0.8387096774193549,0.71875,-0.11995967741935487
Kentucky,Lincoln,18,17,19.0,17.0,11,0.9473684210526315,0.9444444444444444,0.8947368421052632,-0.049707602339181256
Kentucky,Livingston,10,5,8.0,5.0,4,1.25,0.5,0.625,0.125
Kentucky,Logan,26,22,26.0,19.0,22,1.0,0.8461538461538461,0.7307692307692307,-0.11538461538461542
Kentucky,McCracken,117,94,118.0,83.0,44,0.9915254237288136,0.8034188034188035,0.7033898305084746,-0.10002897291032886
Kentucky,McCreary,20,12,21.0,14.0,13,0.9523809523809523,0.6,0.6666666666666666,0.06666666666666665
Kentucky,Madison,90,71,86.0,60.0,38,1.0465116279069768,0.7888888888888889,0.6976744186046512,-0.09121447028423768
Kentucky,Magoffin,19,15,21.0,13.0,11,0.9047619047619048,0.7894736842105263,0.6190476190476191,-0.17042606516290726
Kentucky,Marion,32,26,30.0,24.0,14,1.0666666666666667,0.8125,0.8,-0.012499999999999956
Kentucky,Marshall,30,26,29.0,24.0,18,1.0344827586206897,0.8666666666666667,0.8275862068965517,-0.039080459770114984
Kentucky,Martin,9,8,7.0,7.0,6,1.2857142857142858,0.8888888888888888,1.0,0.11111111111111116
Kentucky,Mercer,20,18,20.0,18.0,15,1.0,0.9,0.9,0.0
Kentucky,Montgomery,24,19,23.0,19.0,19,1.0434782608695652,0.7916666666666666,0.8260869565217391,0.034420289855072506
Kentucky,Muhlenberg,22,20,21.0,17.0,12,1.0476190476190477,0.9090909090909091,0.8095238095238095,-0.09956709956709953
Kentucky,Nelson,32,24,32.0,17.0,19,1.0,0.75,0.53125,-0.21875
Kentucky,Ohio,15,10,15.0,10.0,11,1.0,0.6666666666666666,0.6666666666666666,0.0
Kentucky,Oldham,26,14,24.0,12.0,18,1.0833333333333333,0.5384615384615384,0.5,-0.038461538461538436
Kentucky,Pendleton,7,7,7.0,6.0,7,1.0,1.0,0.8571428571428571,-0.1428571428571429
Kentucky,Perry,126,101,128.0,91.0,25,0.984375,0.8015873015873016,0.7109375,-0.09064980158730163
Kentucky,Pike,108,92,101.0,76.0,22,1.0693069306930694,0.8518518518518519,0.7524752475247525,-0.09937660432709938
Kentucky,Powell,16,14,15.0,14.0,7,1.0666666666666667,0.875,0.9333333333333333,0.05833333333333335
Kentucky,Pulaski,40,33,41.0,25.0,22,0.975609756097561,0.825,0.6097560975609756,-0.21524390243902436
Kentucky,Rockcastle,38,29,36.0,25.0,15,1.0555555555555556,0.7631578947368421,0.6944444444444444,-0.06871345029239773
Kentucky,Rowan,49,42,43.0,28.0,17,1.1395348837209303,0.8571428571428571,0.6511627906976745,-0.20598006644518263
Kentucky,Russell,18,9,21.0,13.0,11,0.8571428571428571,0.5,0.6190476190476191,0.11904761904761907
Kentucky,Scott,19,14,19.0,7.0,13,1.0,0.7368421052631579,0.3684210526315789,-0.3684210526315789
Kentucky,Shelby,30,20,30.0,19.0,15,1.0,0.6666666666666666,0.6333333333333333,-0.033333333333333326
Kentucky,Simpson,19,16,20.0,19.0,14,0.95,0.8421052631578947,0.95,0.10789473684210527
Kentucky,Taylor,21,12,22.0,10.0,17,0.9545454545454546,0.5714285714285714,0.45454545454545453,-0.11688311688311687
Kentucky,Todd,8,3,9.0,4.0,4,0.8888888888888888,0.375,0.4444444444444444,0.06944444444444442
Kentucky,Trigg,7,5,6.0,5.0,3,1.1666666666666667,0.7142857142857143,0.8333333333333334,0.11904761904761907
Kentucky,Warren,140,103,138.0,101.0,47,1.0144927536231885,0.7357142857142858,0.7318840579710145,-0.0038302277432712417
Kentucky,Webster,8,5,7.0,4.0,6,1.1428571428571428,0.625,0.5714285714285714,-0.0535714285714286
Kentucky,Whitley,58,43,59.0,42.0,22,0.9830508474576272,0.7413793103448276,0.711864406779661,-0.029514903565166617
Kentucky,Wolfe,12,11,12.0,11.0,7,1.0,0.9166666666666666,0.9166666666666666,0.0
Louisiana,Acadia,88,74,91.0,70.0,45,0.967032967032967,0.8409090909090909,0.7692307692307693,-0.07167832167832167
Louisiana,Allen,51,47,49.0,36.0,26,1.0408163265306123,0.9215686274509803,0.7346938775510204,-0.1868747498999599
Louisiana,Assumption,39,39,43.0,37.0,17,0.9069767441860465,1.0,0.8604651162790697,-0.13953488372093026
Louisiana,Avoyelles,36,33,36.0,27.0,22,1.0,0.9166666666666666,0.75,-0.16666666666666663
Louisiana,Beauregard,45,41,45.0,35.0,26,1.0,0.9111111111111111,0.7777777777777778,-0.1333333333333333
Louisiana,Bossier,235,213,213.0,163.0,60,1.1032863849765258,0.9063829787234042,0.7652582159624414,-0.14112476276096286
Louisiana,Caddo,1613,1256,1536.0,1065.0,66,1.0501302083333333,0.7786732796032239,0.693359375,-0.08531390460322386
Louisiana,Calcasieu,423,373,430.0,337.0,74,0.9837209302325581,0.8817966903073287,0.7837209302325582,-0.09807576007477048
Louisiana,Claiborne,44,35,44.0,30.0,29,1.0,0.7954545454545454,0.6818181818181818,-0.11363636363636365
Louisiana,East Baton Rouge,2470,1812,2313.0,1668.0,92,1.067877215737138,0.7336032388663968,0.7211413748378729,-0.012461864028523895
Louisiana,East Feliciana,32,27,28.0,19.0,20,1.1428571428571428,0.84375,0.6785714285714286,-0.1651785714285714
Louisiana,Evangeline,48,42,46.0,30.0,27,1.0434782608695652,0.875,0.6521739130434783,-0.22282608695652173
Louisiana,Grant,42,41,41.0,33.0,26,1.024390243902439,0.9761904761904762,0.8048780487804879,-0.1713124274099883
Louisiana,Iberia,98,91,97.0,73.0,34,1.0103092783505154,0.9285714285714286,0.7525773195876289,-0.17599410898379975
Louisiana,Jackson,25,24,26.0,31.0,15,0.9615384615384616,0.96,1.1923076923076923,0.23230769230769233
Louisiana,Jefferson,1662,1285,1576.0,1132.0,116,1.0545685279187818,0.7731648616125151,0.7182741116751269,-0.054890749937388184
Louisiana,Jefferson Davis,67,56,65.0,42.0,40,1.0307692307692307,0.835820895522388,0.6461538461538462,-0.18966704936854184
Louisiana,Lafayette,463,384,457.0,304.0,76,1.013129102844639,0.8293736501079914,0.6652078774617067,-0.16416577264628462
Louisiana,Lafourche,160,141,158.0,133.0,48,1.0126582278481013,0.88125,0.8417721518987342,-0.039477848101265756
Louisiana,Lincoln,66,52,59.0,45.0,38,1.11864406779661,0.7878787878787878,0.7627118644067796,-0.025166923472008218
Louisiana,Livingston,140,129,142.0,107.0,40,0.9859154929577465,0.9214285714285714,0.7535211267605634,-0.167907444668008
Louisiana,Madison,59,55,57.0,43.0,33,1.0350877192982457,0.9322033898305084,0.7543859649122807,-0.17781742491822772
Louisiana,Morehouse,66,62,63.0,53.0,34,1.0476190476190477,0.9393939393939394,0.8412698412698413,-0.09812409812409817
Louisiana,Natchitoches,120,109,118.0,108.0,52,1.0169491525423728,0.9083333333333333,0.9152542372881356,0.006920903954802271
Louisiana,Ouachita,380,325,397.0,337.0,84,0.9571788413098237,0.8552631578947368,0.8488664987405542,-0.006396659154182638
Louisiana,Plaquemines,56,50,59.0,49.0,28,0.9491525423728814,0.8928571428571429,0.8305084745762712,-0.06234866828087171
Louisiana,Rapides,434,376,423.0,329.0,74,1.0260047281323876,0.8663594470046083,0.7777777777777778,-0.08858166922683053
Louisiana,St. Charles,114,89,110.0,88.0,34,1.0363636363636364,0.7807017543859649,0.8,0.019298245614035148
Louisiana,St. James,34,28,34.0,24.0,21,1.0,0.8235294117647058,0.7058823529411765,-0.11764705882352933
Louisiana,St. John the Baptist,125,101,129.0,51.0,22,0.9689922480620154,0.808,0.3953488372093023,-0.41265116279069775
Louisiana,St. Landry,147,133,141.0,112.0,54,1.0425531914893618,0.9047619047619048,0.7943262411347518,-0.11043566362715296
Louisiana,St. Mary,138,118,134.0,92.0,71,1.0298507462686568,0.855072463768116,0.6865671641791045,-0.1685052995890115
Louisiana,St. Tammany,294,247,278.0,238.0,64,1.0575539568345325,0.8401360544217688,0.8561151079136691,0.01597905349190032
Louisiana,Terrebonne,252,224,240.0,213.0,57,1.05,0.8888888888888888,0.8875,-0.001388888888888884
Louisiana,Vermilion,63,49,65.0,46.0,33,0.9692307692307692,0.7777777777777778,0.7076923076923077,-0.07008547008547006
Louisiana,Vernon,96,84,97.0,77.0,40,0.9896907216494846,0.875,0.7938144329896907,-0.08118556701030932
Louisiana,Washington,152,141,143.0,127.0,59,1.062937062937063,0.9276315789473685,0.8881118881118881,-0.03951969083548035
Louisiana,Webster,116,112,109.0,98.0,52,1.0642201834862386,0.9655172413793104,0.8990825688073395,-0.06643467257197089
Louisiana,West Baton Rouge,64,56,64.0,51.0,39,1.0,0.875,0.796875,-0.078125
Louisiana,Winn,18,16,17.0,9.0,15,1.0588235294117647,0.8888888888888888,0.5294117647058824,-0.3594771241830065
Louisiana,Orleans,7702,3840,7708.0,3374.0,34,0.9992215879605605,0.49857179953258896,0.43772703684483655,-0.06084476268775241
Massachusetts,Barnstable,102,87,103.0,72.0,75,0.9902912621359223,0.8529411764705882,0.6990291262135923,-0.15391205025699595
Massachusetts,Berkshire,46,43,45.0,34.0,34,1.0222222222222221,0.9347826086956522,0.7555555555555555,-0.17922705314009668
Massachusetts,Bristol,381,306,370.0,252.0,151,1.0297297297297296,0.8031496062992126,0.6810810810810811,-0.1220685252181315
Massachusetts,Essex,444,336,448.0,231.0,177,0.9910714285714286,0.7567567567567568,0.515625,-0.2411317567567568
Massachusetts,Hampden,643,515,635.0,399.0,121,1.0125984251968505,0.8009331259720062,0.6283464566929133,-0.17258666927909283
Massachusetts,Hampshire,52,46,50.0,34.0,41,1.04,0.8846153846153846,0.68,-0.20461538461538453
Massachusetts,Middlesex,585,472,588.0,434.0,299,0.9948979591836735,0.8068376068376069,0.7380952380952381,-0.06874236874236872
Massachusetts,Norfolk,227,167,225.0,142.0,149,1.008888888888889,0.73568281938326,0.6311111111111111,-0.1045717082721489
Massachusetts,Plymouth,318,234,316.0,173.0,103,1.0063291139240507,0.7358490566037735,0.5474683544303798,-0.18838070217339375
Massachusetts,Suffolk,2665,1163,2719.0,1397.0,106,0.9801397572636998,0.43639774859287056,0.5137918352335418,0.07739408664067121
Massachusetts,Worcester,454,366,447.0,290.0,185,1.0156599552572707,0.8061674008810573,0.6487695749440716,-0.1573978259369857
Maryland,Allegany,67,57,64.0,50.0,42,1.046875,0.8507462686567164,0.78125,-0.06949626865671643
Maryland,Anne Arundel,626,498,580.0,465.0,93,1.0793103448275863,0.7955271565495208,0.8017241379310345,0.0061969813815137
Maryland,Baltimore,1091,793,1038.0,839.0,37,1.0510597302504816,0.7268560953253895,0.8082851637764933,0.08142906845110376
Maryland,Calvert,64,61,62.0,54.0,41,1.032258064516129,0.953125,0.8709677419354839,-0.08215725806451613
Maryland,Caroline,46,43,43.0,33.0,35,1.069767441860465,0.9347826086956522,0.7674418604651163,-0.1673407482305359
Maryland,Cecil,109,98,97.0,81.0,60,1.1237113402061856,0.8990825688073395,0.8350515463917526,-0.06403102241558689
Maryland,Charles,176,142,175.0,146.0,44,1.0057142857142858,0.8068181818181818,0.8342857142857143,0.02746753246753253
Maryland,Dorchester,69,60,65.0,58.0,46,1.0615384615384615,0.8695652173913043,0.8923076923076924,0.022742474916388034
Maryland,Frederick,147,117,132.0,105.0,74,1.1136363636363635,0.7959183673469388,0.7954545454545454,-0.0004638218923933568
Maryland,Garrett,28,27,24.0,21.0,23,1.1666666666666667,0.9642857142857143,0.875,-0.0892857142857143
Maryland,Howard,184,149,175.0,139.0,50,1.0514285714285714,0.8097826086956522,0.7942857142857143,-0.015496894409937956
Maryland,Montgomery,716,559,663.0,540.0,68,1.0799396681749622,0.7807262569832403,0.8144796380090498,0.03375338102580949
Maryland,Prince George's,3626,1892,3447.0,1740.0,237,1.0519292138091094,0.5217870932156646,0.504786771105309,-0.017000322110355626
Maryland,St. Mary's,98,90,90.0,86.0,46,1.0888888888888888,0.9183673469387755,0.9555555555555556,0.03718820861678007
Maryland,Washington,143,120,138.0,123.0,66,1.036231884057971,0.8391608391608392,0.8913043478260869,0.05214350866524775
Maryland,Wicomico,184,146,176.0,131.0,88,1.0454545454545454,0.7934782608695652,0.7443181818181818,-0.04916007905138342
Maryland,Worcester,83,74,76.0,68.0,55,1.0921052631578947,0.891566265060241,0.8947368421052632,0.003170577045022216
Maryland,Carroll,69,63,63.0,50.0,44,1.0952380952380953,0.9130434782608695,0.7936507936507936,-0.1193926846100759
Maryland,Harford,201,153,182.0,146.0,82,1.1043956043956045,0.7611940298507462,0.8021978021978022,0.04100377234705599
Maryland,Talbot,50,49,49.0,44.0,31,1.0204081632653061,0.98,0.8979591836734694,-0.0820408163265306
Maryland,Baltimore city,9097,4858,8856.0,5607.0,38,1.0272131887985547,0.5340222051225679,0.633130081300813,0.09910787617824512
Maine,Androscoggin,85,78,78.0,65.0,54,1.0897435897435896,0.9176470588235294,0.8333333333333334,-0.084313725490196
Maine,Aroostook,52,47,46.0,34.0,35,1.1304347826086956,0.9038461538461539,0.7391304347826086,-0.1647157190635452
Maine,Cumberland,159,131,146.0,116.0,97,1.0890410958904109,0.8238993710691824,0.7945205479452054,-0.029378823123976994
Maine,Franklin,20,19,16.0,13.0,16,1.25,0.95,0.8125,-0.13749999999999996
Maine,Kennebec,71,65,66.0,50.0,56,1.0757575757575757,0.9154929577464789,0.7575757575757576,-0.1579172001707213
Maine,Lincoln,23,19,20.0,15.0,21,1.15,0.8260869565217391,0.75,-0.07608695652173914
Maine,Penobscot,117,105,104.0,89.0,63,1.125,0.8974358974358975,0.8557692307692307,-0.04166666666666674
Maine,Piscataquis,17,17,14.0,12.0,14,1.2142857142857142,1.0,0.8571428571428571,-0.1428571428571429
Maine,Somerset,53,45,49.0,36.0,39,1.0816326530612246,0.8490566037735849,0.7346938775510204,-0.11436272622256449
Maine,Waldo,31,27,28.0,20.0,27,1.1071428571428572,0.8709677419354839,0.7142857142857143,-0.15668202764976957
Maine,Washington,28,27,26.0,23.0,18,1.0769230769230769,0.9642857142857143,0.8846153846153846,-0.07967032967032972
Maine,York,111,102,102.0,73.0,82,1.088235294117647,0.918918918918919,0.7156862745098039,-0.20323264440911504
Michigan,Alcona,16,9,16.0,7.0,15,1.0,0.5625,0.4375,-0.125
Michigan,Allegan,60,54,59.0,30.0,39,1.0169491525423728,0.9,0.5084745762711864,-0.3915254237288136
Michigan,Bay,70,60,65.0,34.0,45,1.0769230769230769,0.8571428571428571,0.5230769230769231,-0.334065934065934
Michigan,Benzie,16,16,15.0,5.0,13,1.0666666666666667,1.0,0.3333333333333333,-0.6666666666666667
Michigan,Berrien,290,233,280.0,144.0,113,1.0357142857142858,0.803448275862069,0.5142857142857142,-0.2891625615763548
Michigan,Calhoun,314,244,301.0,140.0,105,1.043189368770764,0.7770700636942676,0.46511627906976744,-0.31195378462450013
Michigan,Cass,55,48,54.0,20.0,37,1.0185185185185186,0.8727272727272727,0.37037037037037035,-0.5023569023569023
Michigan,Chippewa,25,16,25.0,10.0,23,1.0,0.64,0.4,-0.24
Michigan,Clinton,36,23,33.0,14.0,27,1.0909090909090908,0.6388888888888888,0.42424242424242425,-0.21464646464646459
Michigan,Delta,13,10,12.0,4.0,13,1.0833333333333333,0.7692307692307693,0.3333333333333333,-0.43589743589743596
Michigan,Eaton,42,36,42.0,21.0,24,1.0,0.8571428571428571,0.5,-0.3571428571428571
Michigan,Emmet,10,9,9.0,4.0,8,1.1111111111111112,0.9,0.4444444444444444,-0.4555555555555556
Michigan,Genesee,1872,1122,1817.0,839.0,225,1.0302696752889378,0.5993589743589743,0.4617501375894331,-0.13760883676954122
Michigan,Hillsdale,34,31,30.0,14.0,21,1.1333333333333333,0.9117647058823529,0.4666666666666667,-0.44509803921568625
Michigan,Ingham,465,351,449.0,298.0,97,1.0356347438752784,0.7548387096774194,0.6636971046770601,-0.09114160500035928
Michigan,Ionia,45,40,42.0,9.0,36,1.0714285714285714,0.8888888888888888,0.21428571428571427,-0.6746031746031745
Michigan,Iosco,22,19,20.0,3.0,19,1.1,0.8636363636363636,0.15,-0.7136363636363636
Michigan,Isabella,35,27,34.0,17.0,29,1.0294117647058822,0.7714285714285715,0.5,-0.27142857142857146
Michigan,Jackson,263,206,256.0,134.0,110,1.02734375,0.7832699619771863,0.5234375,-0.25983246197718635
Michigan,Kalamazoo,288,239,279.0,165.0,93,1.032258064516129,0.8298611111111112,0.5913978494623656,-0.23846326164874554
Michigan,Kent,800,599,781.0,403.0,132,1.0243277848911652,0.74875,0.5160051216389244,-0.2327448783610756
Michigan,Lenawee,53,46,49.0,16.0,38,1.0816326530612246,0.8679245283018868,0.32653061224489793,-0.5413939160569889
Michigan,Livingston,73,67,70.0,26.0,53,1.042857142857143,0.9178082191780822,0.37142857142857144,-0.5463796477495108
Michigan,Macomb,566,475,547.0,351.0,239,1.0347349177330896,0.8392226148409894,0.6416819012797075,-0.1975407135612819
Michigan,Manistee,18,18,17.0,9.0,17,1.0588235294117647,1.0,0.5294117647058824,-0.47058823529411764
Michigan,Mecosta,18,14,17.0,8.0,17,1.0588235294117647,0.7777777777777778,0.47058823529411764,-0.30718954248366015
Michigan,Menominee,18,18,18.0,8.0,12,1.0,1.0,0.4444444444444444,-0.5555555555555556
Michigan,Monroe,130,103,133.0,58.0,64,0.9774436090225563,0.7923076923076923,0.43609022556390975,-0.3562174667437825
Michigan,Montcalm,62,53,58.0,28.0,40,1.0689655172413792,0.8548387096774194,0.4827586206896552,-0.3720800889877642
Michigan,Muskegon,234,199,218.0,161.0,107,1.073394495412844,0.8504273504273504,0.7385321100917431,-0.11189524033560727
Michigan,Newaygo,51,42,50.0,21.0,38,1.02,0.8235294117647058,0.42,-0.40352941176470586
Michigan,Oakland,990,750,955.0,579.0,379,1.036649214659686,0.7575757575757576,0.606282722513089,-0.15129303506266856
Michigan,Ogemaw,26,23,26.0,9.0,23,1.0,0.8846153846153846,0.34615384615384615,-0.5384615384615384
Michigan,Osceola,24,14,23.0,8.0,15,1.0434782608695652,0.5833333333333334,0.34782608695652173,-0.23550724637681164
Michigan,Oscoda,13,12,13.0,9.0,10,1.0,0.9230769230769231,0.6923076923076923,-0.23076923076923084
Michigan,Otsego,19,16,18.0,8.0,15,1.0555555555555556,0.8421052631578947,0.4444444444444444,-0.39766081871345027
Michigan,Ottawa,79,55,73.0,42.0,47,1.082191780821918,0.6962025316455697,0.5753424657534246,-0.12086006589214504
Michigan,Roscommon,16,13,13.0,6.0,15,1.2307692307692308,0.8125,0.46153846153846156,-0.35096153846153844
Michigan,Saginaw,817,542,802.0,338.0,148,1.0187032418952617,0.6634026927784578,0.42144638403990026,-0.2419563087385575
Michigan,St. Clair,114,96,110.0,57.0,65,1.0363636363636364,0.8421052631578947,0.5181818181818182,-0.3239234449760765
Michigan,St. Joseph,51,41,49.0,23.0,36,1.0408163265306123,0.803921568627451,0.46938775510204084,-0.3345338135254102
Michigan,Sanilac,29,24,29.0,15.0,23,1.0,0.8275862068965517,0.5172413793103449,-0.31034482758620685
Michigan,Shiawassee,29,26,27.0,13.0,25,1.0740740740740742,0.896551724137931,0.48148148148148145,-0.4150702426564496
Michigan,Tuscola,30,27,30.0,22.0,19,1.0,0.9,0.7333333333333333,-0.16666666666666674
Michigan,Van Buren,128,102,122.0,66.0,73,1.0491803278688525,0.796875,0.5409836065573771,-0.2558913934426229
Michigan,Washtenaw,366,289,357.0,200.0,138,1.0252100840336134,0.7896174863387978,0.5602240896358543,-0.22939339670294345
Michigan,Wayne,19021,11955,18237.0,8946.0,601,1.042989526786204,0.6285158509016351,0.49054120743543345,-0.13797464346620164
Minnesota,Aitkin,14,14,13.0,10.0,11,1.0769230769230769,1.0,0.7692307692307693,-0.23076923076923073
Minnesota,Anoka,109,97,104.0,77.0,82,1.0480769230769231,0.8899082568807339,0.7403846153846154,-0.14952364149611852
Minnesota,Becker,17,17,18.0,16.0,15,0.9444444444444444,1.0,0.8888888888888888,-0.11111111111111116
Minnesota,Beltrami,32,30,29.0,27.0,23,1.103448275862069,0.9375,0.9310344827586207,-0.006465517241379337
Minnesota,Benton,12,9,11.0,9.0,10,1.0909090909090908,0.75,0.8181818181818182,0.06818181818181823
Minnesota,Blue Earth,26,23,21.0,20.0,18,1.2380952380952381,0.8846153846153846,0.9523809523809523,0.06776556776556775
Minnesota,Brown,5,5,5.0,4.0,5,1.0,1.0,0.8,-0.19999999999999996
Minnesota,Cass,44,42,41.0,28.0,20,1.0731707317073171,0.9545454545454546,0.6829268292682927,-0.27161862527716185
Minnesota,Clay,23,17,21.0,12.0,19,1.0952380952380953,0.7391304347826086,0.5714285714285714,-0.16770186335403725
Minnesota,Cook,3,3,3.0,2.0,3,1.0,1.0,0.6666666666666666,-0.33333333333333337
Minnesota,Crow Wing,28,25,27.0,25.0,22,1.037037037037037,0.8928571428571429,0.9259259259259259,0.033068783068783025
Minnesota,Faribault,6,5,6.0,4.0,6,1.0,0.8333333333333334,0.6666666666666666,-0.16666666666666674
Minnesota,Freeborn,11,11,12.0,11.0,10,0.9166666666666666,1.0,0.9166666666666666,-0.08333333333333337
Minnesota,Hennepin,1896,1446,1846.0,872.0,250,1.0270855904658722,0.7626582278481012,0.4723726977248104,-0.29028553012329084
Minnesota,Lake,7,7,7.0,5.0,6,1.0,1.0,0.7142857142857143,-0.2857142857142857
Minnesota,Mahnomen,6,5,6.0,3.0,6,1.0,0.8333333333333334,0.5,-0.33333333333333337
Minnesota,Mille Lacs,20,18,14.0,12.0,13,1.4285714285714286,0.9,0.8571428571428571,-0.04285714285714293
Minnesota,Olmsted,64,57,60.0,50.0,34,1.0666666666666667,0.890625,0.8333333333333334,-0.05729166666666663
Minnesota,Otter Tail,30,28,27.0,26.0,22,1.1111111111111112,0.9333333333333333,0.9629629629629629,0.02962962962962956
Minnesota,Pine,11,9,13.0,11.0,10,0.8461538461538461,0.8181818181818182,0.8461538461538461,0.027972027972027913
Minnesota,Ramsey,709,566,674.0,383.0,104,1.0519287833827893,0.7983074753173484,0.5682492581602374,-0.23005821715711094
Minnesota,St. Louis,134,124,133.0,110.0,72,1.0075187969924813,0.9253731343283582,0.8270676691729323,-0.09830546515542593
Minnesota,Sherburne,24,22,24.0,18.0,19,1.0,0.9166666666666666,0.75,-0.16666666666666663
Minnesota,Stearns,56,50,57.0,46.0,41,0.9824561403508771,0.8928571428571429,0.8070175438596491,-0.08583959899749383
Minnesota,Washington,56,52,46.0,39.0,43,1.2173913043478262,0.9285714285714286,0.8478260869565217,-0.08074534161490687
Minnesota,Winona,18,17,16.0,14.0,15,1.125,0.9444444444444444,0.875,-0.06944444444444442
Minnesota,Wright,18,18,18.0,15.0,15,1.0,1.0,0.8333333333333334,-0.16666666666666663
Missouri,Barton,14,12,14.0,10.0,13,1.0,0.8571428571428571,0.7142857142857143,-0.1428571428571428
Missouri,Bates,23,18,19.0,13.0,15,1.2105263157894737,0.782608695652174,0.6842105263157895,-0.09839816933638446
Missouri,Bollinger,11,10,10.0,6.0,9,1.1,0.9090909090909091,0.6,-0.3090909090909091
Missouri,Boone,162,143,151.0,138.0,60,1.0728476821192052,0.8827160493827161,0.9139072847682119,0.03119123538549584
Missouri,Buchanan,103,88,95.0,75.0,41,1.0842105263157895,0.8543689320388349,0.7894736842105263,-0.06489524782830858
Missouri,Butler,58,52,52.0,45.0,34,1.1153846153846154,0.896551724137931,0.8653846153846154,-0.03116710875331563
Missouri,Callaway,32,25,28.0,18.0,21,1.1428571428571428,0.78125,0.6428571428571429,-0.1383928571428571
Missouri,Camden,35,29,31.0,21.0,20,1.1290322580645162,0.8285714285714286,0.6774193548387096,-0.151152073732719
Missouri,Cape Girardeau,71,58,70.0,57.0,39,1.0142857142857142,0.8169014084507042,0.8142857142857143,-0.002615694164989968
Missouri,Cass,55,49,52.0,36.0,38,1.0576923076923077,0.8909090909090909,0.6923076923076923,-0.19860139860139858
Missouri,Clay,64,54,57.0,40.0,49,1.1228070175438596,0.84375,0.7017543859649122,-0.14199561403508776
Missouri,Franklin,93,79,83.0,42.0,52,1.1204819277108433,0.8494623655913979,0.5060240963855421,-0.34343826920585574
Missouri,Greene,305,248,284.0,233.0,67,1.073943661971831,0.8131147540983606,0.8204225352112676,0.007307781112906975
Missouri,Iron,10,10,9.0,7.0,9,1.1111111111111112,1.0,0.7777777777777778,-0.2222222222222222
Missouri,Jackson,4286,2857,4234.0,2727.0,185,1.012281530467643,0.6665888940737285,0.64407179971658,-0.022517094357148437
Missouri,Jasper,140,113,131.0,83.0,69,1.0687022900763359,0.8071428571428572,0.6335877862595419,-0.17355507088331523
Missouri,Jefferson,138,127,121.0,101.0,66,1.140495867768595,0.9202898550724637,0.8347107438016529,-0.08557911127081086
Missouri,Johnson,32,30,26.0,22.0,27,1.2307692307692308,0.9375,0.8461538461538461,-0.09134615384615385
Missouri,Laclede,37,35,34.0,28.0,21,1.088235294117647,0.9459459459459459,0.8235294117647058,-0.1224165341812401
Missouri,Lafayette,37,36,36.0,24.0,27,1.0277777777777777,0.972972972972973,0.6666666666666666,-0.3063063063063064
Missouri,Lawrence,14,13,12.0,10.0,12,1.1666666666666667,0.9285714285714286,0.8333333333333334,-0.09523809523809523
Missouri,Lincoln,11,10,10.0,8.0,9,1.1,0.9090909090909091,0.8,-0.10909090909090902
Missouri,Livingston,10,9,10.0,3.0,7,1.0,0.9,0.3,-0.6000000000000001
Missouri,Maries,5,4,4.0,2.0,5,1.25,0.8,0.5,-0.30000000000000004
Missouri,Morgan,19,19,19.0,19.0,11,1.0,1.0,1.0,0.0
Missouri,Newton,32,27,31.0,29.0,20,1.032258064516129,0.84375,0.9354838709677419,0.09173387096774188
Missouri,Phelps,36,31,33.0,26.0,23,1.0909090909090908,0.8611111111111112,0.7878787878787878,-0.07323232323232332
Missouri,Pike,25,23,20.0,18.0,21,1.25,0.92,0.9,-0.020000000000000018
Missouri,Platte,35,27,31.0,21.0,26,1.1290322580645162,0.7714285714285715,0.6774193548387096,-0.09400921658986183
Missouri,Pulaski,58,36,53.0,27.0,34,1.0943396226415094,0.6206896551724138,0.5094339622641509,-0.11125569290826287
Missouri,Ray,13,13,12.0,10.0,12,1.0833333333333333,1.0,0.8333333333333334,-0.16666666666666663
Missouri,St. Charles,148,129,136.0,112.0,87,1.088235294117647,0.8716216216216216,0.8235294117647058,-0.04809220985691576
Missouri,St. Francois,45,42,47.0,25.0,26,0.9574468085106383,0.9333333333333333,0.5319148936170213,-0.4014184397163121
Missouri,St. Louis,1325,1058,1217.0,953.0,516,1.0887428101889893,0.7984905660377358,0.7830731306491372,-0.015417435388598633
Missouri,Saline,43,43,40.0,36.0,25,1.075,1.0,0.9,-0.09999999999999998
Missouri,Scott,69,62,70.0,64.0,37,0.9857142857142858,0.8985507246376812,0.9142857142857143,0.015734989648033104
Missouri,Texas,19,17,18.0,15.0,12,1.0555555555555556,0.8947368421052632,0.8333333333333334,-0.06140350877192979
Missouri,Vernon,35,30,30.0,29.0,25,1.1666666666666667,0.8571428571428571,0.9666666666666667,0.10952380952380958
Missouri,St. Louis city,5955,2691,5687.0,4016.0,35,1.0471250219799544,0.4518891687657431,0.7061719711623,0.25428280239655693
Mississippi,Adams,124,117,117.0,89.0,48,1.0598290598290598,0.9435483870967742,0.7606837606837606,-0.1828646264130136
Mississippi,Alcorn,25,24,26.0,21.0,15,0.9615384615384616,0.96,0.8076923076923077,-0.15230769230769226
Mississippi,Attala,42,33,42.0,35.0,25,1.0,0.7857142857142857,0.8333333333333334,0.04761904761904767
Mississippi,Benton,1,1,1.0,0.0,1,1.0,1.0,0.0,-1.0
Mississippi,Bolivar,57,51,58.0,48.0,21,0.9827586206896551,0.8947368421052632,0.8275862068965517,-0.06715063520871145
Mississippi,Chickasaw,52,50,49.0,23.0,26,1.0612244897959184,0.9615384615384616,0.46938775510204084,-0.4921507064364207
Mississippi,Claiborne,52,49,49.0,28.0,26,1.0612244897959184,0.9423076923076923,0.5714285714285714,-0.3708791208791209
Mississippi,Copiah,21,16,20.0,14.0,8,1.05,0.7619047619047619,0.7,-0.06190476190476191
Mississippi,DeSoto,71,63,68.0,46.0,41,1.0441176470588236,0.8873239436619719,0.6764705882352942,-0.2108533554266777
Mississippi,Forrest,174,156,173.0,130.0,41,1.0057803468208093,0.896551724137931,0.7514450867052023,-0.14510663743272878
Mississippi,Hancock,50,41,50.0,41.0,30,1.0,0.82,0.82,0.0
Mississippi,Harrison,418,343,419.0,311.0,98,0.9976133651551312,0.8205741626794258,0.7422434367541766,-0.07833072592524926
Mississippi,Hinds,1975,1480,1940.0,1250.0,70,1.018041237113402,0.7493670886075949,0.6443298969072165,-0.1050371917003784
Mississippi,Holmes,33,33,38.0,34.0,14,0.868421052631579,1.0,0.8947368421052632,-0.10526315789473684
Mississippi,Jackson,222,192,221.0,145.0,81,1.004524886877828,0.8648648648648649,0.6561085972850679,-0.20875626757979704
Mississippi,Jasper,4,4,4.0,3.0,4,1.0,1.0,0.75,-0.25
Mississippi,Jefferson Davis,26,26,26.0,27.0,10,1.0,1.0,1.0384615384615385,0.03846153846153855
Mississippi,Jones,143,132,144.0,98.0,45,0.9930555555555556,0.9230769230769231,0.6805555555555556,-0.24252136752136755
Mississippi,Lafayette,15,14,15.0,9.0,12,1.0,0.9333333333333333,0.6,-0.33333333333333337
Mississippi,Lauderdale,293,249,286.0,219.0,57,1.0244755244755244,0.8498293515358362,0.7657342657342657,-0.08409508580157044
Mississippi,Lee,119,112,120.0,83.0,51,0.9916666666666667,0.9411764705882353,0.6916666666666667,-0.24950980392156863
Mississippi,Leflore,197,163,196.0,136.0,50,1.0051020408163265,0.8274111675126904,0.6938775510204082,-0.13353361649228224
Mississippi,Lincoln,46,41,45.0,30.0,27,1.0222222222222221,0.8913043478260869,0.6666666666666666,-0.2246376811594203
Mississippi,Lowndes,110,90,106.0,88.0,47,1.0377358490566038,0.8181818181818182,0.8301886792452831,0.012006861063464824
Mississippi,Marion,40,35,36.0,24.0,18,1.1111111111111112,0.875,0.6666666666666666,-0.20833333333333337
Mississippi,Monroe,32,27,31.0,22.0,23,1.032258064516129,0.84375,0.7096774193548387,-0.13407258064516125
Mississippi,Montgomery,28,28,27.0,24.0,16,1.037037037037037,1.0,0.8888888888888888,-0.11111111111111116
Mississippi,Newton,37,35,35.0,31.0,18,1.0571428571428572,0.9459459459459459,0.8857142857142857,-0.06023166023166027
Mississippi,Oktibbeha,45,41,42.0,33.0,28,1.0714285714285714,0.9111111111111111,0.7857142857142857,-0.1253968253968254
Mississippi,Perry,7,7,7.0,7.0,3,1.0,1.0,1.0,0.0
Mississippi,Prentiss,6,5,6.0,4.0,6,1.0,0.8333333333333334,0.6666666666666666,-0.16666666666666674
Mississippi,Scott,19,15,20.0,12.0,10,0.95,0.7894736842105263,0.6,-0.18947368421052635
Mississippi,Sunflower,64,59,64.0,47.0,41,1.0,0.921875,0.734375,-0.1875
Mississippi,Warren,218,210,213.0,205.0,61,1.0234741784037558,0.963302752293578,0.9624413145539906,-0.0008614377395873563
Mississippi,Washington,404,348,387.0,234.0,75,1.0439276485788114,0.8613861386138614,0.6046511627906976,-0.25673497582316374
Mississippi,Winston,9,9,9.0,6.0,8,1.0,1.0,0.6666666666666666,-0.33333333333333337
Mississippi,Yalobusha,24,21,24.0,11.0,15,1.0,0.875,0.4583333333333333,-0.4166666666666667
Mississippi,Yazoo,37,35,38.0,33.0,17,0.9736842105263158,0.9459459459459459,0.868421052631579,-0.07752489331436696
Montana,Big Horn,9,7,8.0,1.0,4,1.125,0.7777777777777778,0.125,-0.6527777777777778
Montana,Carbon,10,8,10.0,3.0,7,1.0,0.8,0.3,-0.5
Montana,Dawson,6,5,5.0,1.0,6,1.2,0.8333333333333334,0.2,-0.6333333333333333
Montana,Lewis and Clark,27,24,25.0,13.0,18,1.08,0.8888888888888888,0.52,-0.3688888888888888
Montana,Lincoln,17,17,15.0,9.0,12,1.1333333333333333,1.0,0.6,-0.4
Montana,Missoula,48,45,45.0,36.0,27,1.0666666666666667,0.9375,0.8,-0.13749999999999996
Montana,Rosebud,5,5,4.0,4.0,3,1.25,1.0,1.0,0.0
Montana,Silver Bow,24,23,23.0,16.0,14,1.0434782608695652,0.9583333333333334,0.6956521739130435,-0.2626811594202899
Montana,Teton,2,2,2.0,2.0,2,1.0,1.0,1.0,0.0
Montana,Yellowstone,112,100,110.0,79.0,38,1.018181818181818,0.8928571428571429,0.7181818181818181,-0.17467532467532476
Nebraska,Buffalo,18,15,15.0,13.0,17,1.2,0.8333333333333334,0.8666666666666667,0.033333333333333326
Nebraska,Cass,11,8,9.0,7.0,10,1.2222222222222223,0.7272727272727273,0.7777777777777778,0.0505050505050505
Nebraska,Dawson,24,22,23.0,19.0,21,1.0434782608695652,0.9166666666666666,0.8260869565217391,-0.0905797101449275
Nebraska,Dodge,12,11,12.0,9.0,10,1.0,0.9166666666666666,0.75,-0.16666666666666663
Nebraska,Douglas,585,436,570.0,417.0,44,1.0263157894736843,0.7452991452991453,0.7315789473684211,-0.01372019793072421
Nebraska,Gage,15,14,15.0,13.0,12,1.0,0.9333333333333333,0.8666666666666667,-0.06666666666666665
Nebraska,Hall,40,36,37.0,31.0,26,1.0810810810810811,0.9,0.8378378378378378,-0.06216216216216219
Nebraska,Hamilton,8,8,7.0,7.0,6,1.1428571428571428,1.0,1.0,0.0
Nebraska,Howard,4,4,3.0,3.0,4,1.3333333333333333,1.0,1.0,0.0
Nebraska,Lancaster,200,183,185.0,172.0,48,1.0810810810810811,0.915,0.9297297297297298,0.014729729729729746
Nebraska,Lincoln,25,23,22.0,19.0,18,1.1363636363636365,0.92,0.8636363636363636,-0.056363636363636394
Nebraska,Madison,37,31,34.0,27.0,19,1.088235294117647,0.8378378378378378,0.7941176470588235,-0.043720190779014345
Nebraska,Nemaha,4,4,4.0,3.0,4,1.0,1.0,0.75,-0.25
Nebraska,Otoe,13,12,13.0,10.0,11,1.0,0.9230769230769231,0.7692307692307693,-0.15384615384615385
Nebraska,Scotts Bluff,28,24,28.0,22.0,22,1.0,0.8571428571428571,0.7857142857142857,-0.0714285714285714
Nebraska,Washington,5,5,5.0,4.0,4,1.0,1.0,0.8,-0.19999999999999996
North Carolina,Alamance,271,241,262.0,220.0,83,1.034351145038168,0.8892988929889298,0.8396946564885496,-0.04960423650038026
North Carolina,Alexander,70,65,66.0,62.0,37,1.0606060606060606,0.9285714285714286,0.9393939393939394,0.010822510822510845
North Carolina,Anson,114,97,113.0,84.0,48,1.008849557522124,0.8508771929824561,0.7433628318584071,-0.107514361124049
North Carolina,Avery,21,18,21.0,15.0,17,1.0,0.8571428571428571,0.7142857142857143,-0.1428571428571428
North Carolina,Beaufort,120,102,117.0,94.0,59,1.0256410256410255,0.85,0.8034188034188035,-0.04658119658119653
North Carolina,Bertie,73,70,67.0,61.0,36,1.0895522388059702,0.958904109589041,0.9104477611940298,-0.04845634839501123
North Carolina,Bladen,126,117,124.0,111.0,49,1.0161290322580645,0.9285714285714286,0.8951612903225806,-0.033410138248847976
North Carolina,Brunswick,122,107,121.0,97.0,44,1.0082644628099173,0.8770491803278688,0.8016528925619835,-0.07539628776588536
North Carolina,Buncombe,368,305,354.0,308.0,78,1.03954802259887,0.8288043478260869,0.8700564971751412,0.0412521493490543
North Carolina,Burke,154,135,142.0,120.0,56,1.0845070422535212,0.8766233766233766,0.8450704225352113,-0.031552954088165386
North Carolina,Cabarrus,262,209,254.0,217.0,89,1.031496062992126,0.7977099236641222,0.8543307086614174,0.05662078499729517
North Carolina,Caldwell,188,155,168.0,154.0,72,1.119047619047619,0.824468085106383,0.9166666666666666,0.0921985815602836
North Carolina,Carteret,73,63,68.0,56.0,57,1.0735294117647058,0.863013698630137,0.8235294117647058,-0.03948428686543115
North Carolina,Caswell,65,54,62.0,48.0,27,1.0483870967741935,0.8307692307692308,0.7741935483870968,-0.05657568238213406
North Carolina,Catawba,307,252,289.0,234.0,104,1.0622837370242215,0.8208469055374593,0.8096885813148789,-0.011158324222580451
North Carolina,Chatham,110,87,105.0,86.0,53,1.0476190476190477,0.7909090909090909,0.819047619047619,0.02813852813852813
North Carolina,Cherokee,44,38,43.0,29.0,27,1.0232558139534884,0.8636363636363636,0.6744186046511628,-0.18921775898520088
North Carolina,Cleveland,254,196,234.0,202.0,77,1.0854700854700854,0.7716535433070866,0.8632478632478633,0.09159431994077671
North Carolina,Columbus,214,170,203.0,167.0,83,1.0541871921182266,0.794392523364486,0.8226600985221675,0.028267575157681524
North Carolina,Craven,142,115,131.0,108.0,65,1.083969465648855,0.8098591549295775,0.8244274809160306,0.014568325986453079
North Carolina,Cumberland,1138,829,1087.0,912.0,101,1.046918123275069,0.7284710017574693,0.8390064397424103,0.11053543798494103
North Carolina,Dare,40,28,34.0,18.0,24,1.1764705882352942,0.7,0.5294117647058824,-0.1705882352941176
North Carolina,Davidson,217,176,209.0,180.0,80,1.0382775119617225,0.8110599078341014,0.861244019138756,0.05018411130465461
North Carolina,Duplin,166,145,159.0,107.0,65,1.0440251572327044,0.8734939759036144,0.6729559748427673,-0.20053800106084718
North Carolina,Durham,895,664,872.0,544.0,64,1.026376146788991,0.7418994413407821,0.6238532110091743,-0.11804623033160777
North Carolina,Edgecombe,119,96,114.0,99.0,47,1.043859649122807,0.8067226890756303,0.868421052631579,0.06169836355594871
North Carolina,Nash,444,401,437.0,381.0,90,1.0160183066361557,0.9031531531531531,0.8718535469107551,-0.031299606242398026
North Carolina,Forsyth,792,626,777.0,651.0,72,1.0193050193050193,0.7904040404040404,0.8378378378378378,0.04743379743379739
North Carolina,Franklin,124,103,118.0,96.0,45,1.0508474576271187,0.8306451612903226,0.8135593220338984,-0.017085839256424262
North Carolina,Gaston,498,432,457.0,364.0,111,1.0897155361050328,0.8674698795180723,0.7964989059080962,-0.07097097360997606
North Carolina,Granville,106,89,103.0,91.0,61,1.029126213592233,0.839622641509434,0.883495145631068,0.043872504121634015
North Carolina,Greene,49,42,47.0,28.0,22,1.0425531914893618,0.8571428571428571,0.5957446808510638,-0.2613981762917933
North Carolina,Guilford,1245,919,1206.0,881.0,107,1.0323383084577114,0.738152610441767,0.7305140961857379,-0.0076385142560291275
North Carolina,Halifax,250,212,240.0,204.0,88,1.0416666666666667,0.848,0.85,0.0020000000000000018
North Carolina,Harnett,230,193,224.0,186.0,63,1.0267857142857142,0.8391304347826087,0.8303571428571429,-0.008773291925465831
North Carolina,Haywood,50,48,47.0,40.0,35,1.0638297872340425,0.96,0.851063829787234,-0.10893617021276591
North Carolina,Henderson,129,120,125.0,110.0,54,1.032,0.9302325581395349,0.88,-0.050232558139534866
North Carolina,Hertford,72,62,72.0,56.0,43,1.0,0.8611111111111112,0.7777777777777778,-0.08333333333333337
North Carolina,Hoke,99,80,95.0,69.0,38,1.0421052631578946,0.8080808080808081,0.7263157894736842,-0.08176501860712382
North Carolina,Iredell,208,177,188.0,167.0,71,1.1063829787234043,0.8509615384615384,0.8882978723404256,0.03733633387888713
North Carolina,Jackson,29,26,27.0,25.0,20,1.0740740740740742,0.896551724137931,0.9259259259259259,0.02937420178799488
North Carolina,Johnston,273,227,262.0,207.0,106,1.0419847328244274,0.8315018315018315,0.7900763358778626,-0.04142549562396891
North Carolina,Jones,12,12,11.0,9.0,9,1.0909090909090908,1.0,0.8181818181818182,-0.18181818181818177
North Carolina,Lee,171,145,161.0,138.0,60,1.062111801242236,0.847953216374269,0.8571428571428571,0.009189640768588081
North Carolina,Lenoir,217,159,209.0,178.0,67,1.0382775119617225,0.7327188940092166,0.8516746411483254,0.11895574713910873
North Carolina,Lincoln,83,71,82.0,69.0,41,1.0121951219512195,0.8554216867469879,0.8414634146341463,-0.013958272112841619
North Carolina,McDowell,84,82,79.0,75.0,40,1.0632911392405062,0.9761904761904762,0.9493670886075949,-0.026823387582881275
North Carolina,Macon,22,22,22.0,20.0,17,1.0,1.0,0.9090909090909091,-0.09090909090909094
North Carolina,Martin,71,55,70.0,49.0,49,1.0142857142857142,0.7746478873239436,0.7,-0.07464788732394367
North Carolina,Mecklenburg,2658,1918,2531.0,1953.0,92,1.050177795337811,0.7215951843491347,0.7716317661003556,0.05003658175122083
North Carolina,Mitchell,1,1,1.0,1.0,1,1.0,1.0,1.0,0.0
North Carolina,Montgomery,74,64,67.0,51.0,46,1.1044776119402986,0.8648648648648649,0.7611940298507462,-0.10367083501411867
North Carolina,Moore,170,153,162.0,138.0,78,1.0493827160493827,0.9,0.8518518518518519,-0.04814814814814816
North Carolina,New Hanover,350,260,345.0,270.0,73,1.0144927536231885,0.7428571428571429,0.782608695652174,0.039751552795031064
North Carolina,Northampton,77,66,76.0,66.0,35,1.013157894736842,0.8571428571428571,0.868421052631579,0.011278195488721887
North Carolina,Onslow,224,190,215.0,189.0,65,1.041860465116279,0.8482142857142857,0.8790697674418605,0.030855481727574796
North Carolina,Orange,174,151,168.0,142.0,75,1.0357142857142858,0.867816091954023,0.8452380952380952,-0.02257799671592775
North Carolina,Pasquotank,68,54,63.0,47.0,33,1.0793650793650793,0.7941176470588235,0.746031746031746,-0.04808590102707744
North Carolina,Perquimans,26,18,26.0,14.0,22,1.0,0.6923076923076923,0.5384615384615384,-0.15384615384615385
North Carolina,Person,79,71,71.0,59.0,34,1.1126760563380282,0.8987341772151899,0.8309859154929577,-0.06774826172223214
North Carolina,Pitt,328,277,315.0,243.0,97,1.0412698412698413,0.8445121951219512,0.7714285714285715,-0.07308362369337973
North Carolina,Polk,21,21,18.0,15.0,16,1.1666666666666667,1.0,0.8333333333333334,-0.16666666666666663
North Carolina,Randolph,198,171,189.0,143.0,75,1.0476190476190477,0.8636363636363636,0.7566137566137566,-0.10702260702260702
North Carolina,Richmond,202,172,192.0,160.0,73,1.0520833333333333,0.8514851485148515,0.8333333333333334,-0.018151815181518094
North Carolina,Robeson,681,512,676.0,539.0,131,1.007396449704142,0.7518355359765051,0.7973372781065089,0.0455017421300038
North Carolina,Rockingham,197,162,189.0,151.0,94,1.0423280423280423,0.8223350253807107,0.798941798941799,-0.02339322643891173
North Carolina,Rowan,263,206,248.0,203.0,86,1.060483870967742,0.7832699619771863,0.8185483870967742,0.0352784251195879
North Carolina,Repressed,19,18,18.0,16.0,5,1.0555555555555556,0.9473684210526315,0.8888888888888888,-0.05847953216374269
North Carolina,Rutherford,123,98,119.0,100.0,54,1.0336134453781514,0.7967479674796748,0.8403361344537815,0.043588166974106723
North Carolina,Sampson,143,104,141.0,99.0,50,1.0141843971631206,0.7272727272727273,0.7021276595744681,-0.025145067698259194
North Carolina,Scotland,161,128,152.0,137.0,66,1.0592105263157894,0.7950310559006211,0.9013157894736842,0.10628473357306312
North Carolina,Stanly,93,72,88.0,71.0,50,1.0568181818181819,0.7741935483870968,0.8068181818181818,0.032624633431085015
North Carolina,Stokes,61,57,60.0,55.0,32,1.0166666666666666,0.9344262295081968,0.9166666666666666,-0.01775956284153013
North Carolina,Surry,110,99,106.0,89.0,56,1.0377358490566038,0.9,0.839622641509434,-0.060377358490566024
North Carolina,Transylvania,32,32,28.0,27.0,22,1.1428571428571428,1.0,0.9642857142857143,-0.0357142857142857
North Carolina,Union,198,171,189.0,179.0,77,1.0476190476190477,0.8636363636363636,0.9470899470899471,0.08345358345358345
North Carolina,Vance,191,147,185.0,135.0,64,1.0324324324324323,0.7696335078534031,0.7297297297297297,-0.039903778123673406
North Carolina,Wake,953,819,910.0,814.0,138,1.0472527472527473,0.8593913955928646,0.8945054945054945,0.035114098912629954
North Carolina,Washington,29,23,28.0,20.0,22,1.0357142857142858,0.7931034482758621,0.7142857142857143,-0.0788177339901478
North Carolina,Watauga,39,35,35.0,34.0,31,1.1142857142857143,0.8974358974358975,0.9714285714285714,0.07399267399267395
North Carolina,Wayne,384,297,372.0,304.0,86,1.032258064516129,0.7734375,0.8172043010752689,0.04376680107526887
North Carolina,Wilkes,118,103,117.0,99.0,46,1.0085470085470085,0.8728813559322034,0.8461538461538461,-0.02672750977835725
North Carolina,Wilson,270,221,246.0,184.0,60,1.0975609756097562,0.8185185185185185,0.7479674796747967,-0.07055103884372182
North Carolina,Yadkin,41,35,38.0,26.0,30,1.0789473684210527,0.8536585365853658,0.6842105263157895,-0.16944801026957634
North Dakota,Burleigh,45,44,42.0,40.0,33,1.0714285714285714,0.9777777777777777,0.9523809523809523,-0.025396825396825418
North Dakota,Cass,40,37,39.0,30.0,24,1.0256410256410255,0.925,0.7692307692307693,-0.15576923076923077
North Dakota,Cavalier,3,3,3.0,3.0,3,1.0,1.0,1.0,0.0
North Dakota,McKenzie,5,4,3.0,3.0,4,1.6666666666666667,0.8,1.0,0.19999999999999996
North Dakota,Mountrail,7,7,7.0,3.0,4,1.0,1.0,0.42857142857142855,-0.5714285714285714
North Dakota,Rolette,4,4,4.0,3.0,3,1.0,1.0,0.75,-0.25
North Dakota,Williams,17,16,17.0,15.0,14,1.0,0.9411764705882353,0.8823529411764706,-0.05882352941176472
New Hampshire,Belknap,32,28,31.0,20.0,27,1.032258064516129,0.875,0.6451612903225806,-0.22983870967741937
New Hampshire,Grafton,38,32,37.0,23.0,30,1.027027027027027,0.8421052631578947,0.6216216216216216,-0.2204836415362731
New Hampshire,Hillsborough,216,183,197.0,129.0,100,1.0964467005076142,0.8472222222222222,0.6548223350253807,-0.19239988719684153
New Hampshire,Merrimack,61,50,56.0,35.0,39,1.0892857142857142,0.819672131147541,0.625,-0.194672131147541
New Hampshire,Rockingham,113,96,112.0,66.0,87,1.0089285714285714,0.8495575221238938,0.5892857142857143,-0.2602718078381795
New Hampshire,Strafford,56,48,51.0,37.0,42,1.0980392156862746,0.8571428571428571,0.7254901960784313,-0.13165266106442575
New Hampshire,Carroll,23,21,22.0,13.0,19,1.0454545454545454,0.9130434782608695,0.5909090909090909,-0.3221343873517786
New Jersey,Atlantic,661,412,1638.0,402.0,201,0.40354090354090355,0.6232980332829047,0.2454212454212454,-0.37787678786165924
New Jersey,Bergen,421,328,399.0,304.0,301,1.055137844611529,0.7790973871733967,0.7619047619047619,-0.017192625268634854
New Jersey,Burlington,276,225,270.0,203.0,199,1.0222222222222221,0.8152173913043478,0.7518518518518519,-0.0633655394524959
New Jersey,Camden,1618,939,1557.0,1015.0,265,1.0391779062299293,0.5803461063040791,0.6518946692357097,0.07154856293163059
New Jersey,Cape May,90,81,84.0,78.0,68,1.0714285714285714,0.9,0.9285714285714286,0.02857142857142858
New Jersey,Cumberland,287,240,282.0,231.0,108,1.0177304964539007,0.8362369337979094,0.8191489361702128,-0.01708799762769664
New Jersey,Essex,4801,2491,4618.0,2637.0,313,1.0396275443915115,0.5188502395334306,0.5710264183629277,0.0521761788294971
New Jersey,Gloucester,184,146,170.0,132.0,140,1.0823529411764705,0.7934782608695652,0.7764705882352941,-0.017007672634271054
New Jersey,Hudson,1413,951,1368.0,929.0,237,1.0328947368421053,0.673036093418259,0.679093567251462,0.0060574738332029865
New Jersey,Hunterdon,45,35,37.0,28.0,34,1.2162162162162162,0.7777777777777778,0.7567567567567568,-0.02102102102102099
New Jersey,Mercer,748,498,718.0,528.0,121,1.041782729805014,0.6657754010695187,0.7353760445682451,0.06960064349872641
New Jersey,Middlesex,520,402,498.0,371.0,292,1.0441767068273093,0.7730769230769231,0.7449799196787149,-0.028097003398208198
New Jersey,Monmouth,413,320,404.0,316.0,250,1.0222772277227723,0.774818401937046,0.7821782178217822,0.0073598158847362205
New Jersey,Morris,167,135,159.0,124.0,137,1.050314465408805,0.8083832335329342,0.779874213836478,-0.02850901969645614
New Jersey,Ocean,261,219,252.0,212.0,169,1.0357142857142858,0.8390804597701149,0.8412698412698413,0.0021893814997263616
New Jersey,Passaic,955,730,914.0,725.0,155,1.0448577680525164,0.7643979057591623,0.7932166301969366,0.028818724437774224
New Jersey,Salem,79,66,77.0,66.0,61,1.025974025974026,0.8354430379746836,0.8571428571428571,0.02169981916817354
New Jersey,Somerset,128,115,123.0,109.0,86,1.0406504065040652,0.8984375,0.8861788617886179,-0.012258638211382067
New Jersey,Union,841,567,806.0,574.0,219,1.043424317617866,0.6741973840665874,0.7121588089330024,0.03796142486641507
New Jersey,Warren,58,48,56.0,49.0,48,1.0357142857142858,0.8275862068965517,0.875,0.04741379310344829
New Mexico,Bernalillo,1879,1283,1750.0,1238.0,61,1.0737142857142856,0.6828100053219798,0.7074285714285714,0.024618566106591633
New Mexico,Chaves,227,146,225.0,133.0,42,1.008888888888889,0.6431718061674009,0.5911111111111111,-0.05206069505628974
New Mexico,Curry,83,72,81.0,70.0,35,1.0246913580246915,0.8674698795180723,0.8641975308641975,-0.0032723486538748237
New Mexico,Eddy,87,77,85.0,59.0,51,1.0235294117647058,0.8850574712643678,0.6941176470588235,-0.19093982420554434
New Mexico,Grant,36,30,35.0,22.0,25,1.0285714285714285,0.8333333333333334,0.6285714285714286,-0.2047619047619048
New Mexico,Lea,170,150,164.0,132.0,66,1.0365853658536586,0.8823529411764706,0.8048780487804879,-0.07747489239598271
New Mexico,Lincoln,26,20,24.0,14.0,20,1.0833333333333333,0.7692307692307693,0.5833333333333334,-0.1858974358974359
New Mexico,Luna,46,39,44.0,16.0,32,1.0454545454545454,0.8478260869565217,0.36363636363636365,-0.4841897233201581
New Mexico,McKinley,121,82,125.0,52.0,44,0.968,0.6776859504132231,0.416,-0.2616859504132231
New Mexico,Otero,66,54,58.0,46.0,35,1.1379310344827587,0.8181818181818182,0.7931034482758621,-0.025078369905956133
New Mexico,Quay,19,16,19.0,14.0,14,1.0,0.8421052631578947,0.7368421052631579,-0.10526315789473684
New Mexico,Rio Arriba,27,25,26.0,13.0,14,1.0384615384615385,0.9259259259259259,0.5,-0.42592592592592593
New Mexico,Roosevelt,22,19,21.0,14.0,18,1.0476190476190477,0.8636363636363636,0.6666666666666666,-0.19696969696969702
New Mexico,Sandoval,65,56,61.0,47.0,42,1.0655737704918034,0.8615384615384616,0.7704918032786885,-0.0910466582597731
New Mexico,San Juan,202,170,199.0,103.0,76,1.015075376884422,0.8415841584158416,0.5175879396984925,-0.32399621871734907
New Mexico,Santa Fe,565,406,553.0,231.0,58,1.0216998191681737,0.7185840707964601,0.4177215189873418,-0.30086255180911836
New Mexico,Sierra,17,14,17.0,10.0,13,1.0,0.8235294117647058,0.5882352941176471,-0.23529411764705876
New Mexico,Torrance,10,10,10.0,9.0,7,1.0,1.0,0.9,-0.09999999999999998
New Mexico,Valencia,97,81,99.0,63.0,45,0.9797979797979798,0.8350515463917526,0.6363636363636364,-0.19868791002811625
Nevada,Churchill,23,18,21.0,14.0,19,1.0952380952380953,0.782608695652174,0.6666666666666666,-0.11594202898550732
Nevada,Clark,4295,2784,4006.0,2444.0,108,1.0721417873190215,0.6481955762514552,0.6100848726909636,-0.03811070356049162
Nevada,Douglas,24,18,23.0,18.0,18,1.0434782608695652,0.75,0.782608695652174,0.03260869565217395
Nevada,Elko,75,67,71.0,48.0,41,1.056338028169014,0.8933333333333333,0.676056338028169,-0.2172769953051643
Nevada,Humboldt,35,33,35.0,31.0,27,1.0,0.9428571428571428,0.8857142857142857,-0.05714285714285716
Nevada,Lyon,47,42,40.0,30.0,24,1.175,0.8936170212765957,0.75,-0.1436170212765957
Nevada,Mineral,11,11,8.0,8.0,7,1.375,1.0,1.0,0.0
Nevada,Nye,48,45,43.0,34.0,20,1.1162790697674418,0.9375,0.7906976744186046,-0.1468023255813954
Nevada,Pershing,15,12,16.0,13.0,12,0.9375,0.8,0.8125,0.012499999999999956
Nevada,Storey,9,8,9.0,7.0,6,1.0,0.8888888888888888,0.7777777777777778,-0.11111111111111105
Nevada,Washoe,671,576,642.0,562.0,104,1.0451713395638629,0.8584202682563339,0.8753894080996885,0.016969139843354575
New York,Albany,322,244,332.0,253.0,87,0.9698795180722891,0.7577639751552795,0.7620481927710844,0.004284217615804886
New York,Broome,162,145,165.0,126.0,89,0.9818181818181818,0.8950617283950617,0.7636363636363637,-0.13142536475869804
New York,Cattaraugus,43,32,43.0,33.0,34,1.0,0.7441860465116279,0.7674418604651163,0.023255813953488413
New York,Chautauqua,65,51,67.0,44.0,48,0.9701492537313433,0.7846153846153846,0.6567164179104478,-0.12789896670493683
New York,Chemung,76,66,74.0,54.0,52,1.027027027027027,0.868421052631579,0.7297297297297297,-0.13869132290184927
New York,Chenango,30,25,29.0,24.0,24,1.0344827586206897,0.8333333333333334,0.8275862068965517,-0.005747126436781658
New York,Columbia,32,29,34.0,29.0,29,0.9411764705882353,0.90625,0.8529411764705882,-0.0533088235294118
New York,Dutchess,268,199,276.0,193.0,113,0.9710144927536232,0.7425373134328358,0.6992753623188406,-0.04326195111399522
New York,Erie,1821,854,1913.0,996.0,160,0.9519079979090433,0.46897309170785284,0.5206481965499216,0.05167510484206872
New York,Genesee,28,24,28.0,22.0,22,1.0,0.8571428571428571,0.7857142857142857,-0.0714285714285714
New York,Jefferson,66,61,70.0,49.0,44,0.9428571428571428,0.9242424242424242,0.7,-0.22424242424242424
New York,Livingston,27,26,26.0,23.0,20,1.0384615384615385,0.9629629629629629,0.8846153846153846,-0.07834757834757833
New York,Madison,29,23,29.0,25.0,21,1.0,0.7931034482758621,0.8620689655172413,0.06896551724137923
New York,Monroe,1635,1020,1641.0,967.0,147,0.9963436928702011,0.6238532110091743,0.5892748324192566,-0.034578378589917746
New York,Nassau,865,582,913.0,567.0,184,0.9474260679079957,0.6728323699421965,0.6210295728368017,-0.051802797105394816
New York,New York,38428,19221,41599.0,20973.0,41,0.9237722060626458,0.5001821588425107,0.5041707733358975,0.003988614493386833
New York,Niagara,166,135,177.0,138.0,76,0.9378531073446328,0.8132530120481928,0.7796610169491526,-0.033591995099040206
New York,Oneida,281,201,288.0,206.0,100,0.9756944444444444,0.7153024911032029,0.7152777777777778,-2.471332542508531e-05
New York,Onondaga,612,483,629.0,517.0,104,0.972972972972973,0.7892156862745098,0.821939586645469,0.03272390037095918
New York,Orange,344,275,351.0,260.0,146,0.98005698005698,0.7994186046511628,0.7407407407407407,-0.05867786391042207
New York,Orleans,39,30,37.0,25.0,32,1.054054054054054,0.7692307692307693,0.6756756756756757,-0.09355509355509362
New York,Putnam,42,33,42.0,22.0,32,1.0,0.7857142857142857,0.5238095238095238,-0.26190476190476186
New York,Rensselaer,125,99,134.0,110.0,69,0.9328358208955224,0.792,0.8208955223880597,0.028895522388059702
New York,Rockland,157,123,161.0,111.0,103,0.9751552795031055,0.7834394904458599,0.6894409937888198,-0.09399849665704008
New York,St. Lawrence,44,43,43.0,30.0,35,1.0232558139534884,0.9772727272727273,0.6976744186046512,-0.2795983086680761
New York,Saratoga,61,54,62.0,58.0,42,0.9838709677419355,0.8852459016393442,0.9354838709677419,0.050237969328397636
New York,Schenectady,162,117,165.0,132.0,53,0.9818181818181818,0.7222222222222222,0.8,0.07777777777777783
New York,Steuben,46,40,45.0,30.0,35,1.0222222222222221,0.8695652173913043,0.6666666666666666,-0.2028985507246377
New York,Suffolk,739,449,764.0,242.0,83,0.9672774869109948,0.6075778078484438,0.31675392670157065,-0.2908238811468732
New York,Sullivan,105,94,108.0,85.0,63,0.9722222222222222,0.8952380952380953,0.7870370370370371,-0.10820105820105819
New York,Ulster,150,131,155.0,125.0,78,0.967741935483871,0.8733333333333333,0.8064516129032258,-0.06688172043010754
New York,Warren,26,22,24.0,16.0,19,1.0833333333333333,0.8461538461538461,0.6666666666666666,-0.17948717948717952
New York,Wayne,54,46,57.0,49.0,40,0.9473684210526315,0.8518518518518519,0.8596491228070176,0.007797270955165692
New York,Westchester,982,666,999.0,664.0,299,0.982982982982983,0.6782077393075356,0.6646646646646647,-0.013543074642870967
New York,Yates,5,5,4.0,4.0,5,1.25,1.0,1.0,0.0
New York,Allegany,25,21,24.0,18.0,23,1.0416666666666667,0.84,0.75,-0.08999999999999997
New York,Clinton,53,41,54.0,43.0,29,0.9814814814814815,0.7735849056603774,0.7962962962962963,0.02271139063591887
New York,Franklin,34,29,33.0,30.0,25,1.0303030303030303,0.8529411764705882,0.9090909090909091,0.05614973262032086
New York,Greene,42,39,40.0,34.0,27,1.05,0.9285714285714286,0.85,-0.07857142857142863
New York,Herkimer,27,24,30.0,11.0,19,0.9,0.8888888888888888,0.36666666666666664,-0.5222222222222221
New York,Oswego,48,47,50.0,41.0,40,0.96,0.9791666666666666,0.82,-0.15916666666666668
New York,Otsego,28,28,29.0,22.0,23,0.9655172413793104,1.0,0.7586206896551724,-0.24137931034482762
New York,Schuyler,13,11,11.0,11.0,9,1.1818181818181819,0.8461538461538461,1.0,0.15384615384615385
New York,Tioga,24,24,24.0,22.0,14,1.0,1.0,0.9166666666666666,-0.08333333333333337
Ohio,Adams,12,12,12.0,8.0,7,1.0,1.0,0.6666666666666666,-0.33333333333333337
Ohio,Allen,196,158,193.0,96.0,53,1.0155440414507773,0.8061224489795918,0.49740932642487046,-0.3087131225547214
Ohio,Ashtabula,68,56,64.0,50.0,44,1.0625,0.8235294117647058,0.78125,-0.04227941176470584
Ohio,Butler,347,296,327.0,242.0,127,1.0611620795107033,0.8530259365994236,0.7400611620795107,-0.11296477451991294
Ohio,Carroll,1,1,1.0,1.0,1,1.0,1.0,1.0,0.0
Ohio,Champaign,15,11,15.0,11.0,13,1.0,0.7333333333333333,0.7333333333333333,0.0
Ohio,Clark,226,165,213.0,163.0,49,1.0610328638497653,0.7300884955752213,0.7652582159624414,0.035169720387220105
Ohio,Clermont,91,73,83.0,54.0,56,1.0963855421686748,0.8021978021978022,0.6506024096385542,-0.15159539255924803
Ohio,Columbiana,33,26,33.0,12.0,24,1.0,0.7878787878787878,0.36363636363636365,-0.4242424242424242
Ohio,Coshocton,20,18,19.0,9.0,11,1.0526315789473684,0.9,0.47368421052631576,-0.42631578947368426
Ohio,Cuyahoga,4817,3456,4631.0,3032.0,305,1.0401641114230187,0.7174589993772057,0.6547182034117901,-0.0627407959654156
Ohio,Darke,31,29,29.0,16.0,18,1.0689655172413792,0.9354838709677419,0.5517241379310345,-0.3837597330367074
Ohio,Defiance,15,15,14.0,14.0,11,1.0714285714285714,1.0,1.0,0.0
Ohio,Erie,66,61,62.0,49.0,44,1.064516129032258,0.9242424242424242,0.7903225806451613,-0.13391984359726294
Ohio,Fayette,18,15,17.0,10.0,14,1.0588235294117647,0.8333333333333334,0.5882352941176471,-0.2450980392156863
Ohio,Franklin,3451,2236,3373.0,1786.0,178,1.0231248147050103,0.6479281367719502,0.5294989623480582,-0.118429174423892
Ohio,Geauga,28,26,27.0,20.0,16,1.037037037037037,0.9285714285714286,0.7407407407407407,-0.1878306878306879
Ohio,Greene,87,76,85.0,62.0,62,1.0235294117647058,0.8735632183908046,0.7294117647058823,-0.14415145368492233
Ohio,Hamilton,2098,1455,2071.0,1317.0,206,1.0130371801062288,0.6935176358436607,0.6359246740704974,-0.05759296177316331
Ohio,Hardin,15,8,15.0,5.0,9,1.0,0.5333333333333333,0.3333333333333333,-0.2
Ohio,Holmes,6,5,6.0,4.0,6,1.0,0.8333333333333334,0.6666666666666666,-0.16666666666666674
Ohio,Jackson,10,6,10.0,5.0,9,1.0,0.6,0.5,-0.09999999999999998
Ohio,Jefferson,55,44,51.0,37.0,33,1.0784313725490196,0.8,0.7254901960784313,-0.0745098039215687
Ohio,Lake,70,53,68.0,52.0,50,1.0294117647058822,0.7571428571428571,0.7647058823529411,0.007563025210084007
Ohio,Lawrence,18,15,19.0,15.0,10,0.9473684210526315,0.8333333333333334,0.7894736842105263,-0.04385964912280704
Ohio,Licking,48,42,47.0,33.0,32,1.0212765957446808,0.875,0.7021276595744681,-0.1728723404255319
Ohio,Logan,32,29,32.0,22.0,20,1.0,0.90625,0.6875,-0.21875
Ohio,Lorain,218,182,217.0,148.0,84,1.0046082949308757,0.8348623853211009,0.6820276497695853,-0.1528347355515156
Ohio,Lucas,1110,801,1046.0,787.0,72,1.0611854684512427,0.7216216216216216,0.7523900573613767,0.030768435739755073
Ohio,Mahoning,1115,605,1090.0,406.0,68,1.0229357798165137,0.5426008968609866,0.3724770642201835,-0.17012383264080305
Ohio,Marion,45,38,43.0,32.0,37,1.0465116279069768,0.8444444444444444,0.7441860465116279,-0.10025839793281655
Ohio,Medina,23,22,20.0,11.0,19,1.15,0.9565217391304348,0.55,-0.40652173913043477
Ohio,Mercer,9,8,9.0,7.0,5,1.0,0.8888888888888888,0.7777777777777778,-0.11111111111111105
Ohio,Miami,53,44,50.0,30.0,41,1.06,0.8301886792452831,0.6,-0.23018867924528308
Ohio,Montgomery,1721,1227,1696.0,1122.0,188,1.0147405660377358,0.7129575828006973,0.6615566037735849,-0.05140097902711238
Ohio,Morrow,21,18,12.0,6.0,9,1.75,0.8571428571428571,0.5,-0.3571428571428571
Ohio,Muskingum,92,75,85.0,52.0,47,1.0823529411764705,0.8152173913043478,0.611764705882353,-0.2034526854219948
Ohio,Paulding,8,4,8.0,1.0,6,1.0,0.5,0.125,-0.375
Ohio,Pickaway,26,24,24.0,21.0,20,1.0833333333333333,0.9230769230769231,0.875,-0.04807692307692313
Ohio,Pike,16,14,16.0,6.0,9,1.0,0.875,0.375,-0.5
Ohio,Portage,71,61,65.0,42.0,41,1.0923076923076922,0.8591549295774648,0.6461538461538462,-0.21300108342361856
Ohio,Preble,44,32,42.0,28.0,23,1.0476190476190477,0.7272727272727273,0.6666666666666666,-0.06060606060606066
Ohio,Richland,144,119,137.0,99.0,53,1.051094890510949,0.8263888888888888,0.7226277372262774,-0.10376115166261146
Ohio,Ross,40,33,39.0,24.0,25,1.0256410256410255,0.825,0.6153846153846154,-0.20961538461538454
Ohio,Sandusky,37,32,33.0,24.0,25,1.121212121212121,0.8648648648648649,0.7272727272727273,-0.13759213759213762
Ohio,Scioto,104,80,107.0,73.0,47,0.9719626168224299,0.7692307692307693,0.6822429906542056,-0.0869877785765637
Ohio,Seneca,19,12,17.0,12.0,13,1.1176470588235294,0.631578947368421,0.7058823529411765,0.0743034055727555
Ohio,Shelby,22,18,22.0,16.0,14,1.0,0.8181818181818182,0.7272727272727273,-0.09090909090909094
Ohio,Stark,473,384,461.0,347.0,127,1.0260303687635575,0.8118393234672304,0.7527114967462039,-0.059127826721026566
Ohio,Summit,804,641,783.0,569.0,124,1.0268199233716475,0.7972636815920398,0.7266922094508301,-0.07057147214120962
Ohio,Trumbull,208,160,209.0,126.0,77,0.9952153110047847,0.7692307692307693,0.6028708133971292,-0.16635995583364005
Ohio,Tuscarawas,29,25,27.0,9.0,20,1.0740740740740742,0.8620689655172413,0.3333333333333333,-0.5287356321839081
Ohio,Van Wert,12,10,10.0,8.0,11,1.2,0.8333333333333334,0.8,-0.033333333333333326
Ohio,Vinton,17,14,16.0,7.0,12,1.0625,0.8235294117647058,0.4375,-0.38602941176470584
Ohio,Warren,52,42,52.0,35.0,37,1.0,0.8076923076923077,0.6730769230769231,-0.13461538461538458
Ohio,Williams,10,10,10.0,9.0,9,1.0,1.0,0.9,-0.09999999999999998
Ohio,Wood,41,29,38.0,21.0,34,1.0789473684210527,0.7073170731707317,0.5526315789473685,-0.1546854942233632
Oklahoma,Alfalfa,3,2,3.0,2.0,3,1.0,0.6666666666666666,0.6666666666666666,0.0
Oklahoma,Atoka,31,25,30.0,24.0,22,1.0333333333333334,0.8064516129032258,0.8,-0.006451612903225712
Oklahoma,Blaine,19,17,19.0,17.0,18,1.0,0.8947368421052632,0.8947368421052632,0.0
Oklahoma,Bryan,73,68,68.0,59.0,43,1.0735294117647058,0.9315068493150684,0.8676470588235294,-0.063859790491539
Oklahoma,Caddo,77,65,74.0,60.0,48,1.0405405405405406,0.8441558441558441,0.8108108108108109,-0.03334503334503325
Oklahoma,Canadian,87,74,80.0,68.0,54,1.0875,0.8505747126436781,0.85,-0.0005747126436781436
Oklahoma,Carter,132,117,125.0,114.0,58,1.056,0.8863636363636364,0.912,0.02563636363636368
Oklahoma,Cherokee,71,62,69.0,58.0,41,1.0289855072463767,0.8732394366197183,0.8405797101449275,-0.03265972647479076
Oklahoma,Choctaw,73,64,66.0,55.0,42,1.106060606060606,0.8767123287671232,0.8333333333333334,-0.04337899543378987
Oklahoma,Cleveland,176,152,151.0,135.0,81,1.1655629139072847,0.8636363636363636,0.8940397350993378,0.030403371462974116
Oklahoma,Comanche,299,254,287.0,231.0,56,1.0418118466898956,0.8494983277591973,0.8048780487804879,-0.04462027897870946
Oklahoma,Cotton,16,14,15.0,12.0,12,1.0666666666666667,0.875,0.8,-0.07499999999999996
Oklahoma,Craig,40,34,34.0,26.0,24,1.1764705882352942,0.85,0.7647058823529411,-0.08529411764705885
Oklahoma,Creek,121,102,114.0,101.0,57,1.0614035087719298,0.8429752066115702,0.8859649122807017,0.04298970566913152
Oklahoma,Custer,56,48,52.0,43.0,38,1.0769230769230769,0.8571428571428571,0.8269230769230769,-0.030219780219780223
Oklahoma,Garfield,96,84,87.0,74.0,35,1.103448275862069,0.875,0.8505747126436781,-0.02442528735632188
Oklahoma,Grady,91,78,86.0,73.0,56,1.058139534883721,0.8571428571428571,0.8488372093023255,-0.00830564784053156
Oklahoma,Greer,17,14,16.0,12.0,16,1.0625,0.8235294117647058,0.75,-0.07352941176470584
Oklahoma,Haskell,23,19,21.0,18.0,17,1.0952380952380953,0.8260869565217391,0.8571428571428571,0.03105590062111796
Oklahoma,Hughes,21,19,21.0,19.0,16,1.0,0.9047619047619048,0.9047619047619048,0.0
Oklahoma,Jackson,64,52,57.0,42.0,40,1.1228070175438596,0.8125,0.7368421052631579,-0.07565789473684215
Oklahoma,Johnston,24,23,21.0,18.0,19,1.1428571428571428,0.9583333333333334,0.8571428571428571,-0.10119047619047628
Oklahoma,Kay,61,53,57.0,44.0,41,1.0701754385964912,0.8688524590163934,0.7719298245614035,-0.09692263445498994
Oklahoma,Kingfisher,10,9,11.0,9.0,8,0.9090909090909091,0.9,0.8181818181818182,-0.08181818181818179
Oklahoma,Le Flore,100,91,94.0,81.0,59,1.0638297872340425,0.91,0.8617021276595744,-0.048297872340425596
Oklahoma,Lincoln,49,37,48.0,29.0,33,1.0208333333333333,0.7551020408163265,0.6041666666666666,-0.15093537414965985
Oklahoma,Logan,51,45,43.0,32.0,32,1.186046511627907,0.8823529411764706,0.7441860465116279,-0.13816689466484267
Oklahoma,McClain,37,30,36.0,29.0,26,1.0277777777777777,0.8108108108108109,0.8055555555555556,-0.005255255255255276
Oklahoma,McCurtain,184,162,176.0,153.0,73,1.0454545454545454,0.8804347826086957,0.8693181818181818,-0.011116600790513909
Oklahoma,McIntosh,49,40,46.0,38.0,35,1.065217391304348,0.8163265306122449,0.8260869565217391,0.00976042590949422
Oklahoma,Mayes,58,47,56.0,47.0,39,1.0357142857142858,0.8103448275862069,0.8392857142857143,0.02894088669950745
Oklahoma,Muskogee,226,182,204.0,150.0,68,1.107843137254902,0.8053097345132744,0.7352941176470589,-0.07001561686621549
Oklahoma,Nowata,9,8,9.0,9.0,8,1.0,0.8888888888888888,1.0,0.11111111111111116
Oklahoma,Okfuskee,27,18,25.0,16.0,24,1.08,0.6666666666666666,0.64,-0.026666666666666616
Oklahoma,Oklahoma,2788,2251,2536.0,2046.0,210,1.0993690851735016,0.8073888091822095,0.806782334384858,-0.0006064747973514306
Oklahoma,Okmulgee,115,96,102.0,77.0,67,1.1274509803921569,0.8347826086956521,0.7549019607843137,-0.07988064791133842
Oklahoma,Osage,69,54,67.0,52.0,36,1.0298507462686568,0.782608695652174,0.7761194029850746,-0.0064892926670993
Oklahoma,Ottawa,48,42,42.0,34.0,34,1.1428571428571428,0.875,0.8095238095238095,-0.06547619047619047
Oklahoma,Pawnee,29,25,29.0,23.0,22,1.0,0.8620689655172413,0.7931034482758621,-0.06896551724137923
Oklahoma,Pittsburg,85,71,79.0,66.0,48,1.0759493670886076,0.8352941176470589,0.8354430379746836,0.00014892032762470198
Oklahoma,Pontotoc,63,54,57.0,50.0,41,1.105263157894737,0.8571428571428571,0.8771929824561403,0.020050125313283207
Oklahoma,Pottawatomie,142,127,131.0,108.0,72,1.083969465648855,0.8943661971830986,0.8244274809160306,-0.06993871626706805
Oklahoma,Roger Mills,5,4,6.0,5.0,5,0.8333333333333334,0.8,0.8333333333333334,0.033333333333333326
Oklahoma,Rogers,59,50,54.0,50.0,42,1.0925925925925926,0.847457627118644,0.9259259259259259,0.0784682988072819
Oklahoma,Seminole,95,88,86.0,75.0,53,1.1046511627906976,0.9263157894736842,0.872093023255814,-0.054222766217870255
Oklahoma,Sequoyah,92,82,82.0,71.0,46,1.1219512195121952,0.8913043478260869,0.8658536585365854,-0.02545068928950156
Oklahoma,Stephens,65,58,56.0,46.0,42,1.1607142857142858,0.8923076923076924,0.8214285714285714,-0.07087912087912096
Oklahoma,Texas,27,23,27.0,24.0,22,1.0,0.8518518518518519,0.8888888888888888,0.03703703703703698
Oklahoma,Tillman,29,26,27.0,23.0,19,1.0740740740740742,0.896551724137931,0.8518518518518519,-0.04469987228607919
Oklahoma,Tulsa,1900,1532,1712.0,1390.0,132,1.1098130841121496,0.8063157894736842,0.8119158878504673,0.0056000983767831025
Oklahoma,Wagoner,81,63,78.0,54.0,52,1.0384615384615385,0.7777777777777778,0.6923076923076923,-0.0854700854700855
Oklahoma,Washington,60,54,54.0,49.0,37,1.1111111111111112,0.9,0.9074074074074074,0.007407407407407418
Oklahoma,Washita,13,13,12.0,8.0,11,1.0833333333333333,1.0,0.6666666666666666,-0.33333333333333337
Oklahoma,Woodward,25,23,21.0,19.0,18,1.1904761904761905,0.92,0.9047619047619048,-0.015238095238095273
Oregon,Baker,11,10,11.0,8.0,10,1.0,0.9090909090909091,0.7272727272727273,-0.18181818181818177
Oregon,Clackamas,262,201,235.0,163.0,84,1.1148936170212767,0.767175572519084,0.6936170212765957,-0.07355855124248822
Oregon,Clatsop,36,35,30.0,22.0,33,1.2,0.9722222222222222,0.7333333333333333,-0.23888888888888893
Oregon,Columbia,31,25,29.0,20.0,23,1.0689655172413792,0.8064516129032258,0.6896551724137931,-0.1167964404894326
Oregon,Coos,83,77,71.0,61.0,49,1.1690140845070423,0.927710843373494,0.8591549295774648,-0.06855591379602921
Oregon,Deschutes,90,86,81.0,64.0,46,1.1111111111111112,0.9555555555555556,0.7901234567901234,-0.1654320987654322
Oregon,Douglas,98,86,84.0,55.0,58,1.1666666666666667,0.8775510204081632,0.6547619047619048,-0.22278911564625847
Oregon,Grant,19,18,17.0,15.0,14,1.1176470588235294,0.9473684210526315,0.8823529411764706,-0.06501547987616096
Oregon,Jackson,182,165,161.0,120.0,87,1.1304347826086956,0.9065934065934066,0.7453416149068323,-0.16125179168657433
Oregon,Josephine,127,119,99.0,63.0,53,1.2828282828282829,0.937007874015748,0.6363636363636364,-0.3006442376521117
Oregon,Klamath,132,116,122.0,71.0,65,1.0819672131147542,0.8787878787878788,0.5819672131147541,-0.2968206656731247
Oregon,Lane,291,247,252.0,188.0,129,1.1547619047619047,0.8487972508591065,0.746031746031746,-0.10276550482736047
Oregon,Lincoln,57,45,56.0,29.0,38,1.0178571428571428,0.7894736842105263,0.5178571428571429,-0.2716165413533834
Oregon,Linn,102,88,80.0,61.0,52,1.275,0.8627450980392157,0.7625,-0.10024509803921577
Oregon,Malheur,35,32,33.0,25.0,27,1.0606060606060606,0.9142857142857143,0.7575757575757576,-0.1567099567099567
Oregon,Marion,372,320,330.0,201.0,123,1.1272727272727272,0.8602150537634409,0.6090909090909091,-0.25112414467253175
Oregon,Multnomah,1514,1138,1368.0,739.0,96,1.1067251461988303,0.7516512549537648,0.5402046783625731,-0.2114465765911917
Oregon,Tillamook,29,28,30.0,21.0,17,0.9666666666666667,0.9655172413793104,0.7,-0.26551724137931043
Oregon,Umatilla,92,71,86.0,41.0,70,1.069767441860465,0.7717391304347826,0.47674418604651164,-0.29499494438827095
Oregon,Union,31,28,25.0,20.0,24,1.24,0.9032258064516129,0.8,-0.10322580645161283
Oregon,Wasco,41,32,34.0,23.0,29,1.2058823529411764,0.7804878048780488,0.6764705882352942,-0.10401721664275465
Oregon,Washington,253,207,230.0,149.0,123,1.1,0.8181818181818182,0.6478260869565218,-0.17035573122529646
Oregon,Yamhill,69,64,63.0,45.0,45,1.0952380952380953,0.927536231884058,0.7142857142857143,-0.21325051759834368
Pennsylvania,Adams,66,57,64.0,46.0,39,1.03125,0.8636363636363636,0.71875,-0.14488636363636365
Pennsylvania,Allegheny,2503,1554,2419.0,1704.0,479,1.034725093013642,0.6208549740311626,0.7044233154195949,0.08356834138843228
Pennsylvania,Armstrong,30,30,30.0,26.0,21,1.0,1.0,0.8666666666666667,-0.1333333333333333
Pennsylvania,Beaver,160,137,151.0,123.0,100,1.0596026490066226,0.85625,0.8145695364238411,-0.041680463576158844
Pennsylvania,Bedford,45,37,37.0,29.0,28,1.2162162162162162,0.8222222222222222,0.7837837837837838,-0.038438438438438416
Pennsylvania,Berks,533,359,504.0,383.0,122,1.0575396825396826,0.6735459662288931,0.7599206349206349,0.08637466869174182
Pennsylvania,Blair,87,72,77.0,63.0,55,1.12987012987013,0.8275862068965517,0.8181818181818182,-0.00940438871473348
Pennsylvania,Bradford,53,47,55.0,45.0,26,0.9636363636363636,0.8867924528301887,0.8181818181818182,-0.06861063464837047
Pennsylvania,Bucks,322,267,293.0,241.0,199,1.098976109215017,0.8291925465838509,0.8225255972696246,-0.006666949314226289
Pennsylvania,Butler,83,70,77.0,65.0,48,1.077922077922078,0.8433734939759037,0.8441558441558441,0.0007823501799404387
Pennsylvania,Cambria,146,121,135.0,127.0,76,1.0814814814814815,0.8287671232876712,0.9407407407407408,0.11197361745306955
Pennsylvania,Carbon,45,44,37.0,34.0,35,1.2162162162162162,0.9777777777777777,0.918918918918919,-0.058858858858858776
Pennsylvania,Centre,55,48,55.0,42.0,34,1.0,0.8727272727272727,0.7636363636363637,-0.10909090909090902
Pennsylvania,Chester,288,220,270.0,203.0,159,1.0666666666666667,0.7638888888888888,0.7518518518518519,-0.012037037037036957
Pennsylvania,Clarion,34,33,31.0,30.0,21,1.096774193548387,0.9705882352941176,0.967741935483871,-0.002846299810246644
Pennsylvania,Clearfield,56,54,53.0,46.0,40,1.0566037735849056,0.9642857142857143,0.8679245283018868,-0.09636118598382748
Pennsylvania,Clinton,39,28,38.0,25.0,25,1.0263157894736843,0.717948717948718,0.6578947368421053,-0.06005398110661264
Pennsylvania,Columbia,41,32,38.0,30.0,31,1.0789473684210527,0.7804878048780488,0.7894736842105263,0.00898587933247752
Pennsylvania,Crawford,64,54,60.0,49.0,42,1.0666666666666667,0.84375,0.8166666666666667,-0.027083333333333348
Pennsylvania,Cumberland,112,92,102.0,91.0,78,1.0980392156862746,0.8214285714285714,0.8921568627450981,0.07072829131652669
Pennsylvania,Dauphin,535,398,515.0,463.0,140,1.0388349514563107,0.7439252336448599,0.8990291262135922,0.15510389256873236
Pennsylvania,Delaware,982,567,972.0,654.0,294,1.0102880658436213,0.5773930753564155,0.6728395061728395,0.09544643081642401
Pennsylvania,Elk,33,27,29.0,24.0,24,1.1379310344827587,0.8181818181818182,0.8275862068965517,0.00940438871473348
Pennsylvania,Erie,273,218,262.0,203.0,94,1.0419847328244274,0.7985347985347986,0.7748091603053435,-0.02372563822945506
Pennsylvania,Fayette,192,160,178.0,146.0,71,1.0786516853932584,0.8333333333333334,0.8202247191011236,-0.01310861423220977
Pennsylvania,Franklin,110,100,105.0,89.0,53,1.0476190476190477,0.9090909090909091,0.8476190476190476,-0.061471861471861455
Pennsylvania,Fulton,19,17,17.0,15.0,16,1.1176470588235294,0.8947368421052632,0.8823529411764706,-0.012383900928792602
Pennsylvania,Greene,40,38,40.0,33.0,27,1.0,0.95,0.825,-0.125
Pennsylvania,Huntingdon,47,40,46.0,39.0,26,1.0217391304347827,0.851063829787234,0.8478260869565217,-0.00323774283071232
Pennsylvania,Indiana,76,63,67.0,57.0,39,1.1343283582089552,0.8289473684210527,0.8507462686567164,0.021798900235663776
Pennsylvania,Jefferson,41,36,38.0,34.0,28,1.0789473684210527,0.8780487804878049,0.8947368421052632,0.016688061617458283
Pennsylvania,Lackawanna,116,98,111.0,95.0,77,1.045045045045045,0.8448275862068966,0.8558558558558559,0.01102826964895931
Pennsylvania,Lancaster,339,273,317.0,265.0,146,1.0694006309148265,0.8053097345132744,0.8359621451104101,0.03065241059713575
Pennsylvania,Lawrence,126,91,119.0,100.0,59,1.0588235294117647,0.7222222222222222,0.8403361344537815,0.11811391223155931
Pennsylvania,Lebanon,99,81,94.0,73.0,62,1.053191489361702,0.8181818181818182,0.776595744680851,-0.04158607350096721
Pennsylvania,Lehigh,452,280,433.0,320.0,99,1.043879907621247,0.6194690265486725,0.7390300230946882,0.11956099654601571
Pennsylvania,Luzerne,355,298,337.0,274.0,139,1.053412462908012,0.8394366197183099,0.8130563798219584,-0.02638023989635141
Pennsylvania,Lycoming,77,61,71.0,46.0,39,1.0845070422535212,0.7922077922077922,0.647887323943662,-0.14432046826413025
Pennsylvania,McKean,22,20,21.0,15.0,20,1.0476190476190477,0.9090909090909091,0.7142857142857143,-0.19480519480519476
Pennsylvania,Mercer,74,57,69.0,52.0,58,1.0724637681159421,0.7702702702702703,0.7536231884057971,-0.016647081864473168
Pennsylvania,Montgomery,526,428,502.0,416.0,308,1.047808764940239,0.8136882129277566,0.8286852589641435,0.014997046036386852
Pennsylvania,Northampton,224,168,215.0,159.0,113,1.041860465116279,0.75,0.7395348837209302,-0.010465116279069764
Pennsylvania,Northumberland,54,41,47.0,31.0,44,1.148936170212766,0.7592592592592593,0.6595744680851063,-0.09968479117415296
Pennsylvania,Perry,47,34,43.0,34.0,24,1.0930232558139534,0.723404255319149,0.7906976744186046,0.06729341909945563
Pennsylvania,Pike,36,29,34.0,26.0,24,1.0588235294117647,0.8055555555555556,0.7647058823529411,-0.040849673202614456
Pennsylvania,Schuylkill,109,93,101.0,89.0,65,1.0792079207920793,0.8532110091743119,0.8811881188118812,0.027977109637569275
Pennsylvania,Somerset,66,62,61.0,51.0,41,1.0819672131147542,0.9393939393939394,0.8360655737704918,-0.1033283656234476
Pennsylvania,Susquehanna,40,35,37.0,28.0,19,1.0810810810810811,0.875,0.7567567567567568,-0.1182432432432432
Pennsylvania,Tioga,31,28,26.0,20.0,18,1.1923076923076923,0.9032258064516129,0.7692307692307693,-0.1339950372208436
Pennsylvania,Venango,46,41,43.0,38.0,32,1.069767441860465,0.8913043478260869,0.8837209302325582,-0.007583417593528763
Pennsylvania,Washington,176,151,165.0,144.0,88,1.0666666666666667,0.8579545454545454,0.8727272727272727,0.01477272727272727
Pennsylvania,Westmoreland,258,225,231.0,184.0,147,1.1168831168831168,0.872093023255814,0.7965367965367965,-0.0755562267190174
Pennsylvania,Wyoming,25,24,23.0,24.0,18,1.0869565217391304,0.96,1.0434782608695652,0.08347826086956522
Pennsylvania,York,399,304,376.0,270.0,170,1.0611702127659575,0.7619047619047619,0.7180851063829787,-0.04381965552178313
Pennsylvania,Philadelphia,12851,9999,12479.0,9008.0,38,1.0298100809359725,0.7780717453894639,0.7218527125570959,-0.056219032832367954
Rhode Island,Kent,96,78,94.0,66.0,54,1.0212765957446808,0.8125,0.7021276595744681,-0.1103723404255319
Rhode Island,Newport,49,40,46.0,37.0,35,1.065217391304348,0.8163265306122449,0.8043478260869565,-0.011978704525288375
Rhode Island,Providence,1008,650,979.0,540.0,237,1.0296220633299284,0.6448412698412699,0.5515832482124617,-0.09325802162880814
Rhode Island,Washington,49,39,48.0,35.0,41,1.0208333333333333,0.7959183673469388,0.7291666666666666,-0.06675170068027214
South Carolina,Abbeville,59,55,58.0,47.0,37,1.0172413793103448,0.9322033898305084,0.8103448275862069,-0.12185856224430158
South Carolina,Aiken,381,335,365.0,263.0,98,1.0438356164383562,0.8792650918635171,0.7205479452054795,-0.1587171466580376
South Carolina,Allendale,55,46,53.0,37.0,38,1.0377358490566038,0.8363636363636363,0.6981132075471698,-0.13825042881646654
South Carolina,Anderson,521,475,486.0,393.0,94,1.0720164609053497,0.9117082533589251,0.808641975308642,-0.10306627805028312
South Carolina,Bamberg,65,60,56.0,44.0,42,1.1607142857142858,0.9230769230769231,0.7857142857142857,-0.13736263736263743
South Carolina,Barnwell,70,62,70.0,51.0,54,1.0,0.8857142857142857,0.7285714285714285,-0.15714285714285714
South Carolina,Beaufort,221,197,209.0,159.0,60,1.0574162679425838,0.8914027149321267,0.7607655502392344,-0.13063716469289233
South Carolina,Berkeley,322,289,317.0,245.0,90,1.0157728706624605,0.8975155279503105,0.7728706624605678,-0.12464486548974274
South Carolina,Calhoun,44,41,43.0,34.0,26,1.0232558139534884,0.9318181818181818,0.7906976744186046,-0.14112050739957716
South Carolina,Charleston,1122,1022,1090.0,777.0,123,1.0293577981651376,0.910873440285205,0.7128440366972477,-0.1980294035879573
South Carolina,Cherokee,159,144,153.0,110.0,64,1.0392156862745099,0.9056603773584906,0.7189542483660131,-0.18670612899247752
South Carolina,Chester,118,95,113.0,82.0,53,1.0442477876106195,0.8050847457627118,0.7256637168141593,-0.07942102894855252
South Carolina,Chesterfield,157,152,154.0,128.0,74,1.0194805194805194,0.9681528662420382,0.8311688311688312,-0.136984035073207
South Carolina,Clarendon,122,106,119.0,90.0,45,1.0252100840336134,0.8688524590163934,0.7563025210084033,-0.11254993800799007
South Carolina,Colleton,159,144,155.0,126.0,57,1.0258064516129033,0.9056603773584906,0.8129032258064516,-0.09275715155203901
South Carolina,Darlington,251,227,248.0,187.0,81,1.0120967741935485,0.9043824701195219,0.7540322580645161,-0.15035021205500576
South Carolina,Dillon,177,166,172.0,131.0,61,1.0290697674418605,0.9378531073446328,0.7616279069767442,-0.17622520036788858
South Carolina,Dorchester,153,138,152.0,105.0,58,1.006578947368421,0.9019607843137255,0.6907894736842105,-0.211171310629515
South Carolina,Edgefield,68,60,62.0,42.0,44,1.096774193548387,0.8823529411764706,0.6774193548387096,-0.20493358633776093
South Carolina,Fairfield,83,77,80.0,66.0,37,1.0375,0.927710843373494,0.825,-0.10271084337349401
South Carolina,Florence,406,355,394.0,316.0,104,1.0304568527918783,0.874384236453202,0.8020304568527918,-0.07235377960041012
South Carolina,Georgetown,125,115,123.0,98.0,63,1.016260162601626,0.92,0.7967479674796748,-0.12325203252032524
South Carolina,Greenville,1014,920,972.0,760.0,134,1.0432098765432098,0.9072978303747534,0.7818930041152263,-0.1254048262595271
South Carolina,Greenwood,172,154,168.0,140.0,62,1.0238095238095237,0.8953488372093024,0.8333333333333334,-0.06201550387596899
South Carolina,Hampton,46,46,45.0,34.0,28,1.0222222222222221,1.0,0.7555555555555555,-0.24444444444444446
South Carolina,Horry,599,544,581.0,450.0,126,1.0309810671256454,0.9081803005008348,0.774526678141136,-0.1336536223596988
South Carolina,Jasper,123,100,124.0,70.0,47,0.9919354838709677,0.8130081300813008,0.5645161290322581,-0.24849200104904268
South Carolina,Kershaw,113,108,106.0,81.0,48,1.0660377358490567,0.9557522123893806,0.7641509433962265,-0.1916012689931541
South Carolina,Lancaster,173,161,163.0,128.0,68,1.0613496932515338,0.930635838150289,0.7852760736196319,-0.14535976453065713
South Carolina,Laurens,206,202,200.0,172.0,81,1.03,0.9805825242718447,0.86,-0.12058252427184468
South Carolina,Lexington,387,363,379.0,311.0,104,1.0211081794195251,0.937984496124031,0.820580474934037,-0.11740402118999405
South Carolina,McCormick,25,24,23.0,19.0,19,1.0869565217391304,0.96,0.8260869565217391,-0.13391304347826083
South Carolina,Marion,133,124,128.0,101.0,64,1.0390625,0.9323308270676691,0.7890625,-0.14326832706766912
South Carolina,Marlboro,159,153,156.0,127.0,66,1.0192307692307692,0.9622641509433962,0.8141025641025641,-0.14816158684083214
South Carolina,Newberry,82,79,81.0,69.0,42,1.0123456790123457,0.9634146341463414,0.8518518518518519,-0.11156278229448957
South Carolina,Oconee,133,122,132.0,112.0,55,1.0075757575757576,0.9172932330827067,0.8484848484848485,-0.06880838459785821
South Carolina,Orangeburg,407,377,399.0,288.0,73,1.0200501253132832,0.9262899262899262,0.7218045112781954,-0.2044854150117308
South Carolina,Pickens,155,150,150.0,120.0,80,1.0333333333333334,0.967741935483871,0.8,-0.16774193548387095
South Carolina,Richland,1159,1044,1126.0,833.0,80,1.0293072824156306,0.9007765314926661,0.7397868561278863,-0.16098967536477982
South Carolina,Saluda,51,48,49.0,36.0,34,1.0408163265306123,0.9411764705882353,0.7346938775510204,-0.20648259303721483
South Carolina,Spartanburg,703,618,671.0,488.0,100,1.0476900149031296,0.8790896159317212,0.7272727272727273,-0.1518168886589939
South Carolina,Sumter,363,327,359.0,288.0,71,1.011142061281337,0.9008264462809917,0.8022284122562674,-0.09859803402472433
South Carolina,Union,78,72,74.0,65.0,44,1.054054054054054,0.9230769230769231,0.8783783783783784,-0.04469854469854473
South Carolina,Williamsburg,147,127,147.0,108.0,48,1.0,0.8639455782312925,0.7346938775510204,-0.12925170068027203
South Carolina,York,347,317,338.0,266.0,101,1.0266272189349113,0.9135446685878963,0.7869822485207101,-0.1265624200671862
South Dakota,Pennington,100,91,92.0,71.0,48,1.0869565217391304,0.91,0.7717391304347826,-0.13826086956521744
Tennessee,Anderson,83,73,75.0,59.0,48,1.1066666666666667,0.8795180722891566,0.7866666666666666,-0.09285140562248995
Tennessee,Bedford,45,43,43.0,35.0,24,1.0465116279069768,0.9555555555555556,0.813953488372093,-0.14160206718346258
Tennessee,Benton,14,13,13.0,10.0,14,1.0769230769230769,0.9285714285714286,0.7692307692307693,-0.15934065934065933
Tennessee,Bledsoe,11,9,8.0,5.0,8,1.375,0.8181818181818182,0.625,-0.19318181818181823
Tennessee,Blount,85,78,84.0,62.0,43,1.0119047619047619,0.9176470588235294,0.7380952380952381,-0.17955182072829123
Tennessee,Bradley,125,106,120.0,87.0,58,1.0416666666666667,0.848,0.725,-0.123
Tennessee,Campbell,43,41,42.0,32.0,26,1.0238095238095237,0.9534883720930233,0.7619047619047619,-0.19158361018826142
Tennessee,Carroll,21,20,21.0,19.0,21,1.0,0.9523809523809523,0.9047619047619048,-0.04761904761904756
Tennessee,Claiborne,45,40,45.0,38.0,26,1.0,0.8888888888888888,0.8444444444444444,-0.0444444444444444
Tennessee,Cocke,78,66,78.0,51.0,31,1.0,0.8461538461538461,0.6538461538461539,-0.1923076923076923
Tennessee,Coffee,44,41,43.0,35.0,31,1.0232558139534884,0.9318181818181818,0.813953488372093,-0.11786469344608874
Tennessee,Crockett,31,25,30.0,22.0,24,1.0333333333333334,0.8064516129032258,0.7333333333333333,-0.07311827956989247
Tennessee,Cumberland,53,52,49.0,41.0,27,1.0816326530612246,0.9811320754716981,0.8367346938775511,-0.14439738159414706
Tennessee,Davidson,2889,2270,2757.0,1472.0,69,1.0478781284004353,0.7857390100380754,0.5339136742836417,-0.2518253357544338
Tennessee,Decatur,8,7,6.0,4.0,8,1.3333333333333333,0.875,0.6666666666666666,-0.20833333333333337
Tennessee,Dyer,58,54,53.0,45.0,31,1.0943396226415094,0.9310344827586207,0.8490566037735849,-0.08197787898503572
Tennessee,Fayette,38,34,38.0,32.0,20,1.0,0.8947368421052632,0.8421052631578947,-0.052631578947368474
Tennessee,Fentress,19,16,18.0,15.0,16,1.0555555555555556,0.8421052631578947,0.8333333333333334,-0.00877192982456132
Tennessee,Franklin,32,26,33.0,18.0,27,0.9696969696969697,0.8125,0.5454545454545454,-0.2670454545454546
Tennessee,Gibson,81,76,78.0,72.0,63,1.0384615384615385,0.9382716049382716,0.9230769230769231,-0.015194681861348425
Tennessee,Giles,49,45,50.0,47.0,32,0.98,0.9183673469387755,0.94,0.021632653061224416
Tennessee,Greene,73,64,74.0,42.0,40,0.9864864864864865,0.8767123287671232,0.5675675675675675,-0.3091447611995557
Tennessee,Hamblen,90,85,84.0,62.0,52,1.0714285714285714,0.9444444444444444,0.7380952380952381,-0.20634920634920628
Tennessee,Hamilton,801,672,790.0,600.0,93,1.0139240506329115,0.8389513108614233,0.759493670886076,-0.07945763997534727
Tennessee,Hardeman,62,56,62.0,44.0,37,1.0,0.9032258064516129,0.7096774193548387,-0.19354838709677413
Tennessee,Hardin,39,35,37.0,29.0,26,1.054054054054054,0.8974358974358975,0.7837837837837838,-0.1136521136521137
Tennessee,Haywood,42,30,42.0,28.0,25,1.0,0.7142857142857143,0.6666666666666666,-0.04761904761904767
Tennessee,Henry,39,37,36.0,32.0,29,1.0833333333333333,0.9487179487179487,0.8888888888888888,-0.05982905982905984
Tennessee,Houston,18,17,18.0,14.0,15,1.0,0.9444444444444444,0.7777777777777778,-0.16666666666666663
Tennessee,Humphreys,20,19,20.0,13.0,17,1.0,0.95,0.65,-0.29999999999999993
Tennessee,Knox,1040,832,1007.0,696.0,72,1.0327706057596822,0.8,0.6911618669314796,-0.10883813306852042
Tennessee,Lake,7,6,7.0,6.0,6,1.0,0.8571428571428571,0.8571428571428571,0.0
Tennessee,Lauderdale,42,27,40.0,26.0,29,1.05,0.6428571428571429,0.65,0.0071428571428571175
Tennessee,Lawrence,61,52,60.0,40.0,39,1.0166666666666666,0.8524590163934426,0.6666666666666666,-0.18579234972677594
Tennessee,Lewis,14,13,14.0,12.0,11,1.0,0.9285714285714286,0.8571428571428571,-0.07142857142857151
Tennessee,Lincoln,55,50,53.0,42.0,34,1.0377358490566038,0.9090909090909091,0.7924528301886793,-0.11663807890222977
Tennessee,Loudon,28,23,28.0,19.0,19,1.0,0.8214285714285714,0.6785714285714286,-0.1428571428571428
Tennessee,McMinn,79,71,76.0,46.0,46,1.0394736842105263,0.8987341772151899,0.6052631578947368,-0.29347101932045305
Tennessee,Macon,23,21,21.0,20.0,10,1.0952380952380953,0.9130434782608695,0.9523809523809523,0.039337474120082816
Tennessee,Madison,347,278,338.0,252.0,63,1.0266272189349113,0.8011527377521613,0.7455621301775148,-0.05559060757464651
Tennessee,Marshall,16,12,16.0,13.0,11,1.0,0.75,0.8125,0.0625
Tennessee,Maury,170,143,166.0,129.0,67,1.0240963855421688,0.8411764705882353,0.7771084337349398,-0.06406803685329554
Tennessee,Meigs,12,12,11.0,10.0,8,1.0909090909090908,1.0,0.9090909090909091,-0.09090909090909094
Tennessee,Monroe,51,50,48.0,38.0,25,1.0625,0.9803921568627451,0.7916666666666666,-0.18872549019607843
Tennessee,Montgomery,247,213,252.0,149.0,52,0.9801587301587301,0.8623481781376519,0.5912698412698413,-0.2710783368678106
Tennessee,Obion,38,36,38.0,27.0,30,1.0,0.9473684210526315,0.7105263157894737,-0.23684210526315785
Tennessee,Overton,22,21,22.0,20.0,18,1.0,0.9545454545454546,0.9090909090909091,-0.045454545454545525
Tennessee,Putnam,68,61,62.0,50.0,39,1.096774193548387,0.8970588235294118,0.8064516129032258,-0.09060721062618604
Tennessee,Rhea,35,33,32.0,28.0,24,1.09375,0.9428571428571428,0.875,-0.06785714285714284
Tennessee,Roane,69,63,69.0,55.0,40,1.0,0.9130434782608695,0.7971014492753623,-0.1159420289855072
Tennessee,Robertson,117,100,115.0,76.0,55,1.017391304347826,0.8547008547008547,0.6608695652173913,-0.1938312894834634
Tennessee,Rutherford,167,134,170.0,101.0,72,0.9823529411764705,0.8023952095808383,0.5941176470588235,-0.2082775625220148
Tennessee,Sevier,58,51,55.0,42.0,37,1.0545454545454545,0.8793103448275862,0.7636363636363637,-0.11567398119122252
Tennessee,Shelby,5610,4732,5199.0,3536.0,104,1.0790536641661859,0.84349376114082,0.6801307943835353,-0.16336296675728468
Tennessee,Stewart,12,8,12.0,5.0,10,1.0,0.6666666666666666,0.4166666666666667,-0.24999999999999994
Tennessee,Sullivan,202,191,198.0,157.0,88,1.02020202020202,0.9455445544554455,0.7929292929292929,-0.15261526152615257
Tennessee,Sumner,105,97,106.0,83.0,66,0.9905660377358491,0.9238095238095239,0.7830188679245284,-0.1407906558849955
Tennessee,Tipton,55,48,52.0,37.0,29,1.0576923076923077,0.8727272727272727,0.7115384615384616,-0.16118881118881112
Tennessee,Van Buren,15,13,15.0,7.0,13,1.0,0.8666666666666667,0.4666666666666667,-0.4
Tennessee,Warren,58,51,57.0,36.0,37,1.0175438596491229,0.8793103448275862,0.631578947368421,-0.24773139745916517
Tennessee,Washington,161,154,152.0,138.0,58,1.0592105263157894,0.9565217391304348,0.9078947368421053,-0.0486270022883295
Tennessee,Wayne,16,13,14.0,10.0,10,1.1428571428571428,0.8125,0.7142857142857143,-0.0982142857142857
Tennessee,Weakley,41,37,39.0,32.0,28,1.0512820512820513,0.9024390243902439,0.8205128205128205,-0.08192620387742344
Tennessee,White,30,26,29.0,21.0,21,1.0344827586206897,0.8666666666666667,0.7241379310344828,-0.14252873563218393
Tennessee,Williamson,70,61,67.0,48.0,48,1.044776119402985,0.8714285714285714,0.7164179104477612,-0.1550106609808103
Tennessee,Wilson,51,45,51.0,42.0,29,1.0,0.8823529411764706,0.8235294117647058,-0.05882352941176472
Texas,Anderson,134,120,124.0,102.0,59,1.0806451612903225,0.8955223880597015,0.8225806451612904,-0.07294174289841115
Texas,Andrews,24,21,21.0,19.0,22,1.1428571428571428,0.875,0.9047619047619048,0.029761904761904767
Texas,Angelina,210,181,205.0,159.0,79,1.024390243902439,0.861904761904762,0.775609756097561,-0.08629500580720095
Texas,San Patricio,117,101,114.0,95.0,88,1.0263157894736843,0.8632478632478633,0.8333333333333334,-0.02991452991452992
Texas,Aransas,42,36,38.0,30.0,30,1.105263157894737,0.8571428571428571,0.7894736842105263,-0.06766917293233077
Texas,Atascosa,101,84,90.0,72.0,49,1.1222222222222222,0.8316831683168316,0.8,-0.0316831683168316
Texas,Austin,43,36,41.0,28.0,30,1.048780487804878,0.8372093023255814,0.6829268292682927,-0.1542824730572887
Texas,Bandera,25,17,24.0,17.0,16,1.0416666666666667,0.68,0.7083333333333334,0.02833333333333332
Texas,Bastrop,112,103,106.0,87.0,59,1.0566037735849056,0.9196428571428571,0.8207547169811321,-0.09888814016172498
Texas,Bee,43,34,42.0,34.0,31,1.0238095238095237,0.7906976744186046,0.8095238095238095,0.018826135105204922
Texas,Bell,580,428,561.0,391.0,135,1.0338680926916222,0.7379310344827587,0.696969696969697,-0.040961337513061635
Texas,Bexar,5522,3769,5262.0,3427.0,161,1.0494108703914862,0.682542557044549,0.6512732801216268,-0.03126927692292225
Texas,Bosque,23,18,23.0,16.0,16,1.0,0.782608695652174,0.6956521739130435,-0.08695652173913049
Texas,Bowie,257,221,243.0,210.0,89,1.0576131687242798,0.8599221789883269,0.8641975308641975,0.004275351875870581
Texas,Brazoria,387,329,368.0,286.0,165,1.0516304347826086,0.8501291989664083,0.7771739130434783,-0.07295528592292999
Texas,Brazos,229,198,216.0,174.0,74,1.0601851851851851,0.8646288209606987,0.8055555555555556,-0.05907326540514313
Texas,Brewster,18,16,17.0,14.0,17,1.0588235294117647,0.8888888888888888,0.8235294117647058,-0.065359477124183
Texas,Brooks,24,21,22.0,17.0,22,1.0909090909090908,0.875,0.7727272727272727,-0.10227272727272729
Texas,Brown,57,49,53.0,39.0,34,1.0754716981132075,0.8596491228070176,0.7358490566037735,-0.12380006620324402
Texas,Burleson,43,40,41.0,39.0,27,1.048780487804878,0.9302325581395349,0.9512195121951219,0.020986954055587037
Texas,Caldwell,35,28,33.0,22.0,28,1.0606060606060606,0.8,0.6666666666666666,-0.13333333333333341
Texas,Calhoun,37,27,34.0,24.0,25,1.088235294117647,0.7297297297297297,0.7058823529411765,-0.0238473767885532
Texas,Cameron,641,481,609.0,396.0,139,1.0525451559934318,0.750390015600624,0.6502463054187192,-0.10014371018190482
Texas,Camp,28,26,27.0,23.0,21,1.037037037037037,0.9285714285714286,0.8518518518518519,-0.07671957671957674
Texas,Cass,68,58,64.0,61.0,44,1.0625,0.8529411764705882,0.953125,0.1001838235294118
Texas,Castro,14,13,14.0,13.0,10,1.0,0.9285714285714286,0.9285714285714286,0.0
Texas,Chambers,76,55,74.0,52.0,32,1.027027027027027,0.7236842105263158,0.7027027027027027,-0.020981507823613077
Texas,Cherokee,104,98,92.0,79.0,56,1.1304347826086956,0.9423076923076923,0.8586956521739131,-0.08361204013377921
Texas,Childress,8,8,8.0,7.0,7,1.0,1.0,0.875,-0.125
Texas,Cochran,3,3,2.0,2.0,3,1.5,1.0,1.0,0.0
Texas,Coleman,15,11,15.0,10.0,11,1.0,0.7333333333333333,0.6666666666666666,-0.06666666666666665
Texas,Collin,302,251,284.0,214.0,133,1.0633802816901408,0.8311258278145696,0.7535211267605634,-0.07760470105400619
Texas,Colorado,47,40,44.0,41.0,34,1.0681818181818181,0.851063829787234,0.9318181818181818,0.08075435203094772
Texas,Comal,88,70,85.0,54.0,45,1.035294117647059,0.7954545454545454,0.6352941176470588,-0.16016042780748663
Texas,Cooke,67,51,63.0,48.0,43,1.0634920634920635,0.7611940298507462,0.7619047619047619,0.000710732054015617
Texas,Coryell,45,41,45.0,37.0,35,1.0,0.9111111111111111,0.8222222222222222,-0.0888888888888889
Texas,Crosby,17,16,16.0,15.0,13,1.0625,0.9411764705882353,0.9375,-0.003676470588235281
Texas,Dallas,11148,6856,10612.0,7542.0,513,1.0505088578967208,0.6149982059562253,0.710704862419902,0.09570665646367671
Texas,Denton,290,244,266.0,200.0,138,1.0902255639097744,0.8413793103448276,0.7518796992481203,-0.08949961109670734
Texas,Dimmit,33,27,31.0,23.0,20,1.064516129032258,0.8181818181818182,0.7419354838709677,-0.07624633431085048
Texas,Donley,6,5,5.0,4.0,4,1.2,0.8333333333333334,0.8,-0.033333333333333326
Texas,Duval,42,40,41.0,35.0,24,1.024390243902439,0.9523809523809523,0.8536585365853658,-0.0987224157955865
Texas,Eastland,24,21,24.0,20.0,21,1.0,0.875,0.8333333333333334,-0.04166666666666663
Texas,Ector,424,333,415.0,323.0,64,1.0216867469879518,0.785377358490566,0.7783132530120482,-0.007064105478517768
Texas,Ellis,203,166,192.0,141.0,106,1.0572916666666667,0.8177339901477833,0.734375,-0.08335899014778325
Texas,El Paso,1161,974,1094.0,960.0,71,1.0612431444241317,0.8389319552110249,0.8775137111517367,0.03858175594071178
Texas,Erath,38,33,36.0,29.0,24,1.0555555555555556,0.868421052631579,0.8055555555555556,-0.0628654970760234
Texas,Falls,45,42,43.0,38.0,26,1.0465116279069768,0.9333333333333333,0.8837209302325582,-0.04961240310077519
Texas,Fannin,48,46,45.0,41.0,29,1.0666666666666667,0.9583333333333334,0.9111111111111111,-0.047222222222222276
Texas,Fayette,25,18,23.0,18.0,19,1.0869565217391304,0.72,0.782608695652174,0.06260869565217397
Texas,Fisher,7,7,6.0,6.0,6,1.1666666666666667,1.0,1.0,0.0
Texas,Floyd,8,5,8.0,6.0,8,1.0,0.625,0.75,0.125
Texas,Fort Bend,473,341,455.0,288.0,153,1.0395604395604396,0.7209302325581395,0.6329670329670329,-0.08796319959110654
Texas,Franklin,17,17,16.0,16.0,14,1.0625,1.0,1.0,0.0
Texas,Gaines,19,15,18.0,16.0,13,1.0555555555555556,0.7894736842105263,0.8888888888888888,0.09941520467836251
Texas,Galveston,793,591,764.0,546.0,212,1.037958115183246,0.7452711223203027,0.7146596858638743,-0.030611436456428387
Texas,Garza,8,8,8.0,7.0,7,1.0,1.0,0.875,-0.125
Texas,Gillespie,18,14,16.0,11.0,15,1.125,0.7777777777777778,0.6875,-0.09027777777777779
Texas,Gonzales,66,58,62.0,49.0,38,1.064516129032258,0.8787878787878788,0.7903225806451613,-0.08846529814271753
Texas,Gray,57,46,54.0,38.0,28,1.0555555555555556,0.8070175438596491,0.7037037037037037,-0.10331384015594536
Texas,Grayson,199,163,195.0,145.0,93,1.0205128205128204,0.8190954773869347,0.7435897435897436,-0.07550573379719105
Texas,Gregg,460,380,451.0,329.0,107,1.0199556541019956,0.8260869565217391,0.729490022172949,-0.09659693434879013
Texas,Grimes,55,45,54.0,42.0,35,1.0185185185185186,0.8181818181818182,0.7777777777777778,-0.04040404040404044
Texas,Guadalupe,133,102,123.0,89.0,66,1.08130081300813,0.7669172932330827,0.7235772357723578,-0.04334005746072489
Texas,Hale,54,50,50.0,47.0,35,1.08,0.9259259259259259,0.94,0.014074074074074017
Texas,Hardin,63,58,62.0,54.0,40,1.0161290322580645,0.9206349206349206,0.8709677419354839,-0.04966717869943671
Texas,Harris,15256,12218,14130.0,9489.0,333,1.0796886058032555,0.8008652333508128,0.6715498938428874,-0.1293153395079254
Texas,Harrison,200,176,195.0,165.0,66,1.0256410256410255,0.88,0.8461538461538461,-0.03384615384615386
Texas,Hays,116,98,102.0,77.0,56,1.1372549019607843,0.8448275862068966,0.7549019607843137,-0.08992562542258287
Texas,Hemphill,8,6,8.0,7.0,5,1.0,0.75,0.875,0.125
Texas,Henderson,172,156,165.0,139.0,69,1.0424242424242425,0.9069767441860465,0.8424242424242424,-0.06455250176180405
Texas,Hidalgo,1151,839,1097.0,742.0,264,1.04922515952598,0.7289313640312771,0.6763901549680948,-0.05254120906318227
Texas,Hill,81,71,73.0,60.0,45,1.1095890410958904,0.8765432098765432,0.821917808219178,-0.05462540165736518
Texas,Hood,38,30,37.0,33.0,26,1.027027027027027,0.7894736842105263,0.8918918918918919,0.10241820768136556
Texas,Hopkins,54,46,48.0,40.0,33,1.125,0.8518518518518519,0.8333333333333334,-0.01851851851851849
Texas,Houston,73,69,66.0,62.0,38,1.106060606060606,0.9452054794520548,0.9393939393939394,-0.00581154005811535
Texas,Howard,105,91,104.0,94.0,47,1.0096153846153846,0.8666666666666667,0.9038461538461539,0.03717948717948716
Texas,Hudspeth,11,8,11.0,7.0,8,1.0,0.7272727272727273,0.6363636363636364,-0.09090909090909094
Texas,Hunt,176,138,170.0,116.0,76,1.035294117647059,0.7840909090909091,0.6823529411764706,-0.10173796791443845
Texas,Hutchinson,27,22,26.0,20.0,23,1.0384615384615385,0.8148148148148148,0.7692307692307693,-0.045584045584045496
Texas,Jackson,29,21,29.0,20.0,20,1.0,0.7241379310344828,0.6896551724137931,-0.03448275862068961
Texas,Jasper,64,61,65.0,54.0,40,0.9846153846153847,0.953125,0.8307692307692308,-0.12235576923076918
Texas,Jefferson,925,753,891.0,716.0,130,1.0381593714927049,0.8140540540540541,0.8035914702581369,-0.010462583795917135
Texas,Jim Wells,95,84,92.0,72.0,47,1.0326086956521738,0.8842105263157894,0.782608695652174,-0.1016018306636155
Texas,Johnson,135,113,122.0,93.0,72,1.1065573770491803,0.837037037037037,0.7622950819672131,-0.07474195506982395
Texas,Jones,36,32,36.0,32.0,26,1.0,0.8888888888888888,0.8888888888888888,0.0
Texas,Kaufman,193,161,182.0,133.0,79,1.0604395604395604,0.8341968911917098,0.7307692307692307,-0.10342766042247908
Texas,Kendall,27,20,24.0,17.0,19,1.125,0.7407407407407407,0.7083333333333334,-0.03240740740740733
Texas,Kerr,85,74,80.0,69.0,47,1.0625,0.8705882352941177,0.8625,-0.008088235294117618
Texas,Kleberg,73,63,72.0,62.0,35,1.0138888888888888,0.863013698630137,0.8611111111111112,-0.0019025875190258335
Texas,Lamar,115,90,109.0,87.0,53,1.055045871559633,0.782608695652174,0.7981651376146789,0.015556441962504941
Texas,Lampasas,26,25,25.0,24.0,20,1.04,0.9615384615384616,0.96,-0.0015384615384615996
Texas,La Salle,13,12,13.0,13.0,11,1.0,0.9230769230769231,1.0,0.07692307692307687
Texas,Lee,24,20,21.0,18.0,17,1.1428571428571428,0.8333333333333334,0.8571428571428571,0.023809523809523725
Texas,Leon,37,34,31.0,25.0,18,1.1935483870967742,0.918918918918919,0.8064516129032258,-0.11246730601569321
Texas,Liberty,169,134,163.0,118.0,77,1.0368098159509203,0.7928994082840237,0.7239263803680982,-0.06897302791592552
Texas,Limestone,68,60,66.0,54.0,36,1.0303030303030303,0.8823529411764706,0.8181818181818182,-0.06417112299465233
Texas,Live Oak,19,16,19.0,13.0,13,1.0,0.8421052631578947,0.6842105263157895,-0.1578947368421052
Texas,Lubbock,679,567,649.0,584.0,73,1.0462249614791987,0.8350515463917526,0.8998459167950693,0.0647943704033167
Texas,McLennan,667,510,654.0,481.0,120,1.0198776758409787,0.7646176911544228,0.735474006116208,-0.02914368503821485
Texas,Madison,37,34,34.0,25.0,25,1.088235294117647,0.918918918918919,0.7352941176470589,-0.1836248012718601
Texas,Marion,63,57,60.0,57.0,32,1.05,0.9047619047619048,0.95,0.04523809523809519
Texas,Matagorda,126,102,117.0,93.0,63,1.0769230769230769,0.8095238095238095,0.7948717948717948,-0.014652014652014711
Texas,Medina,71,56,67.0,47.0,43,1.0597014925373134,0.7887323943661971,0.7014925373134329,-0.08723985705276427
Texas,Midland,226,211,213.0,163.0,56,1.0610328638497653,0.9336283185840708,0.7652582159624414,-0.16837010262162944
Texas,Milam,51,48,46.0,43.0,39,1.108695652173913,0.9411764705882353,0.9347826086956522,-0.006393861892583064
Texas,Mitchell,19,18,17.0,17.0,16,1.1176470588235294,0.9473684210526315,1.0,0.052631578947368474
Texas,Montague,33,28,32.0,26.0,24,1.03125,0.8484848484848485,0.8125,-0.03598484848484851
Texas,Montgomery,494,397,471.0,366.0,76,1.048832271762208,0.8036437246963563,0.7770700636942676,-0.02657366100208869
Texas,Moore,22,20,19.0,13.0,19,1.1578947368421053,0.9090909090909091,0.6842105263157895,-0.22488038277511957
Texas,Morris,44,40,44.0,37.0,28,1.0,0.9090909090909091,0.8409090909090909,-0.06818181818181812
Texas,Nacogdoches,131,121,125.0,113.0,55,1.048,0.9236641221374046,0.904,-0.01966412213740454
Texas,Navarro,106,91,105.0,82.0,45,1.0095238095238095,0.8584905660377359,0.780952380952381,-0.07753818508535493
Texas,Newton,58,56,55.0,53.0,25,1.0545454545454545,0.9655172413793104,0.9636363636363636,-0.0018808777429467627
Texas,Nolan,31,31,29.0,20.0,26,1.0689655172413792,1.0,0.6896551724137931,-0.31034482758620685
Texas,Nueces,965,811,923.0,796.0,85,1.0455037919826653,0.8404145077720208,0.8624052004333694,0.021990692661348676
Texas,Ochiltree,9,9,9.0,9.0,8,1.0,1.0,1.0,0.0
Texas,Orange,184,160,171.0,104.0,89,1.0760233918128654,0.8695652173913043,0.6081871345029239,-0.2613780828883804
Texas,Palo Pinto,62,52,60.0,48.0,40,1.0333333333333334,0.8387096774193549,0.8,-0.03870967741935483
Texas,Panola,47,43,44.0,39.0,31,1.0681818181818181,0.9148936170212766,0.8863636363636364,-0.02852998065764023
Texas,Parker,106,73,100.0,54.0,43,1.06,0.6886792452830188,0.54,-0.1486792452830188
Texas,Pecos,41,38,37.0,31.0,27,1.1081081081081081,0.926829268292683,0.8378378378378378,-0.08899143045484514
Texas,Polk,86,79,80.0,71.0,53,1.075,0.9186046511627907,0.8875,-0.03110465116279071
Texas,Potter,577,490,532.0,426.0,55,1.0845864661654134,0.8492201039861352,0.8007518796992481,-0.04846822428688713
Texas,Presidio,22,15,22.0,12.0,12,1.0,0.6818181818181818,0.5454545454545454,-0.13636363636363635
Texas,Rains,24,17,24.0,18.0,14,1.0,0.7083333333333334,0.75,0.04166666666666663
Texas,Randall,30,27,28.0,21.0,23,1.0714285714285714,0.9,0.75,-0.15000000000000002
Texas,Reagan,4,4,4.0,4.0,4,1.0,1.0,1.0,0.0
Texas,Reeves,40,35,40.0,34.0,26,1.0,0.875,0.85,-0.025000000000000022
Texas,Rockwall,28,19,27.0,16.0,23,1.037037037037037,0.6785714285714286,0.5925925925925926,-0.08597883597883604
Texas,Runnels,15,12,15.0,12.0,13,1.0,0.8,0.8,0.0
Texas,Rusk,141,120,139.0,114.0,61,1.014388489208633,0.851063829787234,0.8201438848920863,-0.03091994489514771
Texas,San Augustine,29,27,25.0,24.0,18,1.16,0.9310344827586207,0.96,0.0289655172413793
Texas,San Jacinto,46,40,46.0,39.0,28,1.0,0.8695652173913043,0.8478260869565217,-0.021739130434782594
Texas,San Saba,20,16,19.0,13.0,14,1.0526315789473684,0.8,0.6842105263157895,-0.11578947368421055
Texas,Shackelford,8,8,7.0,6.0,5,1.1428571428571428,1.0,0.8571428571428571,-0.1428571428571429
Texas,Shelby,110,97,101.0,87.0,47,1.0891089108910892,0.8818181818181818,0.8613861386138614,-0.02043204320432046
Texas,Smith,474,390,455.0,367.0,74,1.0417582417582418,0.8227848101265823,0.8065934065934066,-0.01619140353317572
Texas,Starr,183,118,177.0,75.0,58,1.0338983050847457,0.644808743169399,0.423728813559322,-0.22107992961007694
Texas,Stephens,17,15,15.0,11.0,14,1.1333333333333333,0.8823529411764706,0.7333333333333333,-0.14901960784313728
Texas,Tarrant,4348,3311,4219.0,3141.0,405,1.0305759658686893,0.7614995400183993,0.744489215453899,-0.017010324564500245
Texas,Taylor,252,214,250.0,208.0,53,1.008,0.8492063492063492,0.832,-0.017206349206349225
Texas,Terry,30,26,30.0,27.0,21,1.0,0.8666666666666667,0.9,0.033333333333333326
Texas,Titus,75,63,74.0,55.0,41,1.0135135135135136,0.84,0.7432432432432432,-0.09675675675675677
Texas,Tom Green,187,162,181.0,138.0,55,1.0331491712707181,0.8663101604278075,0.7624309392265194,-0.10387922120128812
Texas,Travis,1511,1297,1469.0,1079.0,89,1.0285908781484003,0.8583719391131701,0.7345132743362832,-0.1238586647768869
Texas,Trinity,41,35,40.0,35.0,24,1.025,0.8536585365853658,0.875,0.021341463414634165
Texas,Tyler,43,43,40.0,38.0,27,1.075,1.0,0.95,-0.050000000000000044
Texas,Upshur,78,69,74.0,51.0,39,1.054054054054054,0.8846153846153846,0.6891891891891891,-0.19542619542619544
Texas,Upton,12,11,9.0,9.0,8,1.3333333333333333,0.9166666666666666,1.0,0.08333333333333337
Texas,Uvalde,58,56,55.0,53.0,37,1.0545454545454545,0.9655172413793104,0.9636363636363636,-0.0018808777429467627
Texas,Val Verde,59,49,57.0,39.0,34,1.0350877192982457,0.8305084745762712,0.6842105263157895,-0.1462979482604817
Texas,Van Zandt,86,74,79.0,64.0,48,1.0886075949367089,0.8604651162790697,0.810126582278481,-0.05033853400058874
Texas,Victoria,217,177,210.0,157.0,61,1.0333333333333334,0.815668202764977,0.7476190476190476,-0.06804915514592935
Texas,Walker,110,98,107.0,91.0,50,1.02803738317757,0.8909090909090909,0.8504672897196262,-0.04044180118946472
Texas,Waller,90,74,89.0,70.0,55,1.0112359550561798,0.8222222222222222,0.7865168539325843,-0.035705368289637884
Texas,Ward,30,27,28.0,28.0,22,1.0714285714285714,0.9,1.0,0.09999999999999998
Texas,Washington,55,46,53.0,39.0,41,1.0377358490566038,0.8363636363636363,0.7358490566037735,-0.10051457975986278
Texas,Webb,533,379,521.0,347.0,63,1.0230326295585412,0.7110694183864915,0.6660268714011516,-0.04504254698533994
Texas,Wharton,100,88,93.0,62.0,52,1.075268817204301,0.88,0.6666666666666666,-0.21333333333333337
Texas,Wichita,370,311,346.0,288.0,57,1.069364161849711,0.8405405405405405,0.8323699421965318,-0.008170598344008684
Texas,Wilbarger,31,28,30.0,26.0,24,1.0333333333333334,0.9032258064516129,0.8666666666666667,-0.03655913978494618
Texas,Williamson,153,131,142.0,117.0,85,1.0774647887323943,0.8562091503267973,0.823943661971831,-0.03226548835496634
Texas,Wilson,50,40,47.0,32.0,29,1.0638297872340425,0.8,0.6808510638297872,-0.11914893617021283
Texas,Winkler,16,16,14.0,12.0,11,1.1428571428571428,1.0,0.8571428571428571,-0.1428571428571429
Texas,Wise,34,30,33.0,21.0,25,1.0303030303030303,0.8823529411764706,0.6363636363636364,-0.2459893048128342
Texas,Wood,75,63,73.0,60.0,50,1.0273972602739727,0.84,0.821917808219178,-0.018082191780821932
Utah,Beaver,9,7,8.0,5.0,9,1.125,0.7777777777777778,0.625,-0.1527777777777778
Utah,Carbon,40,40,37.0,19.0,25,1.0810810810810811,1.0,0.5135135135135135,-0.4864864864864865
Utah,Davis,106,101,91.0,66.0,73,1.164835164835165,0.9528301886792453,0.7252747252747253,-0.22755546340452004
Utah,Grand,17,14,16.0,9.0,14,1.0625,0.8235294117647058,0.5625,-0.26102941176470584
Utah,Iron,31,26,25.0,21.0,22,1.24,0.8387096774193549,0.84,0.001290322580645098
Utah,Salt Lake,1153,954,1076.0,732.0,227,1.071561338289963,0.8274067649609714,0.6802973977695167,-0.14710936719145473
Utah,Sevier,15,15,13.0,12.0,12,1.1538461538461537,1.0,0.9230769230769231,-0.07692307692307687
Utah,Tooele,45,38,42.0,34.0,31,1.0714285714285714,0.8444444444444444,0.8095238095238095,-0.03492063492063491
Utah,Uintah,34,33,29.0,26.0,25,1.1724137931034482,0.9705882352941176,0.896551724137931,-0.07403651115618659
Utah,Washington,46,39,44.0,24.0,32,1.0454545454545454,0.8478260869565217,0.5454545454545454,-0.3023715415019763
Utah,Weber,220,197,210.0,190.0,83,1.0476190476190477,0.8954545454545455,0.9047619047619048,0.009307359307359264
Virginia,Accomack,80,68,80.0,58.0,42,1.0,0.85,0.725,-0.125
Virginia,Albemarle,85,82,81.0,71.0,31,1.0493827160493827,0.9647058823529412,0.8765432098765432,-0.08816267247639797
Virginia,Alleghany,22,22,22.0,22.0,16,1.0,1.0,1.0,0.0
Virginia,Amelia,19,15,18.0,13.0,16,1.0555555555555556,0.7894736842105263,0.7222222222222222,-0.06725146198830412
Virginia,Amherst,52,45,50.0,38.0,27,1.04,0.8653846153846154,0.76,-0.10538461538461541
Virginia,Appomattox,25,24,25.0,23.0,14,1.0,0.96,0.92,-0.039999999999999925
Virginia,Arlington,179,161,174.0,142.0,36,1.028735632183908,0.8994413407821229,0.8160919540229885,-0.08334938675913439
Virginia,Augusta,85,81,81.0,64.0,34,1.0493827160493827,0.9529411764705882,0.7901234567901234,-0.16281771968046477
Virginia,Bath,9,7,8.0,4.0,7,1.125,0.7777777777777778,0.5,-0.2777777777777778
Virginia,Bedford,70,64,69.0,61.0,40,1.0144927536231885,0.9142857142857143,0.8840579710144928,-0.030227743271221463
Virginia,Bland,12,7,11.0,5.0,9,1.0909090909090908,0.5833333333333334,0.45454545454545453,-0.12878787878787884
Virginia,Botetourt,39,34,26.0,22.0,20,1.5,0.8717948717948718,0.8461538461538461,-0.02564102564102566
Virginia,Brunswick,49,42,49.0,40.0,30,1.0,0.8571428571428571,0.8163265306122449,-0.04081632653061218
Virginia,Buchanan,79,75,74.0,52.0,37,1.0675675675675675,0.9493670886075949,0.7027027027027027,-0.24666438590489215
Virginia,Buckingham,38,34,37.0,32.0,19,1.027027027027027,0.8947368421052632,0.8648648648648649,-0.02987197724039825
Virginia,Campbell,79,74,78.0,60.0,35,1.0128205128205128,0.9367088607594937,0.7692307692307693,-0.1674780915287244
Virginia,Carroll,46,44,43.0,38.0,30,1.069767441860465,0.9565217391304348,0.8837209302325582,-0.07280080889787666
Virginia,Charlotte,30,30,27.0,25.0,21,1.1111111111111112,1.0,0.9259259259259259,-0.07407407407407407
Virginia,Chesterfield,282,229,269.0,221.0,36,1.0483271375464684,0.8120567375886525,0.8215613382899628,0.009504600701310317
Virginia,Culpeper,41,30,40.0,23.0,25,1.025,0.7317073170731707,0.575,-0.15670731707317076
Virginia,Cumberland,27,24,27.0,23.0,16,1.0,0.8888888888888888,0.8518518518518519,-0.03703703703703698
Virginia,Dickenson,54,53,52.0,44.0,26,1.0384615384615385,0.9814814814814815,0.8461538461538461,-0.13532763532763536
Virginia,Dinwiddie,94,73,89.0,55.0,35,1.0561797752808988,0.776595744680851,0.6179775280898876,-0.15861821659096342
Virginia,Essex,30,24,30.0,23.0,21,1.0,0.8,0.7666666666666667,-0.033333333333333326
Virginia,Fairfax,532,407,514.0,345.0,59,1.0350194552529184,0.7650375939849624,0.6712062256809338,-0.0938313683040286
Virginia,Fauquier,64,54,61.0,48.0,36,1.0491803278688525,0.84375,0.7868852459016393,-0.05686475409836067
Virginia,Fluvanna,25,22,25.0,21.0,18,1.0,0.88,0.84,-0.040000000000000036
Virginia,Franklin,91,84,87.0,69.0,55,1.0459770114942528,0.9230769230769231,0.7931034482758621,-0.12997347480106103
Virginia,Frederick,66,57,64.0,38.0,34,1.03125,0.8636363636363636,0.59375,-0.26988636363636365
Virginia,Gloucester,34,32,34.0,27.0,21,1.0,0.9411764705882353,0.7941176470588235,-0.1470588235294118
Virginia,Greene,33,33,29.0,29.0,12,1.1379310344827587,1.0,1.0,0.0
Virginia,Greensville,26,15,25.0,11.0,16,1.04,0.5769230769230769,0.44,-0.13692307692307687
Virginia,Emporia,27,27,27.0,25.0,21,1.0,1.0,0.9259259259259259,-0.07407407407407407
Virginia,Halifax,121,100,121.0,85.0,55,1.0,0.8264462809917356,0.7024793388429752,-0.12396694214876036
Virginia,Hanover,93,83,90.0,74.0,42,1.0333333333333334,0.8924731182795699,0.8222222222222222,-0.07025089605734769
Virginia,Henrico,478,377,463.0,325.0,40,1.0323974082073435,0.7887029288702929,0.7019438444924406,-0.08675908437785229
Virginia,Henry,225,204,223.0,194.0,42,1.0089686098654709,0.9066666666666666,0.8699551569506726,-0.03671150971599402
Virginia,Isle of Wight,50,42,47.0,37.0,32,1.0638297872340425,0.84,0.7872340425531915,-0.052765957446808454
Virginia,James City,57,47,57.0,46.0,28,1.0,0.8245614035087719,0.8070175438596491,-0.01754385964912286
Virginia,King George,31,26,31.0,24.0,20,1.0,0.8387096774193549,0.7741935483870968,-0.06451612903225812
Virginia,Lee,62,58,62.0,57.0,34,1.0,0.9354838709677419,0.9193548387096774,-0.016129032258064502
Virginia,Loudoun,86,68,84.0,51.0,43,1.0238095238095237,0.7906976744186046,0.6071428571428571,-0.18355481727574752
Virginia,Louisa,51,49,50.0,40.0,32,1.02,0.9607843137254902,0.8,-0.16078431372549018
Virginia,Madison,20,18,19.0,16.0,14,1.0526315789473684,0.9,0.8421052631578947,-0.05789473684210533
Virginia,Mathews,15,13,14.0,11.0,14,1.0714285714285714,0.8666666666666667,0.7857142857142857,-0.080952380952381
Virginia,Mecklenburg,98,84,98.0,79.0,54,1.0,0.8571428571428571,0.8061224489795918,-0.05102040816326525
Virginia,Montgomery,120,115,112.0,63.0,59,1.0714285714285714,0.9583333333333334,0.5625,-0.39583333333333337
Virginia,Northampton,52,44,51.0,35.0,32,1.0196078431372548,0.8461538461538461,0.6862745098039216,-0.15987933634992457
Virginia,Northumberland,13,13,13.0,11.0,11,1.0,1.0,0.8461538461538461,-0.15384615384615385
Virginia,Nottoway,39,34,39.0,29.0,36,1.0,0.8717948717948718,0.7435897435897436,-0.1282051282051282
Virginia,Orange,38,34,36.0,26.0,28,1.0555555555555556,0.8947368421052632,0.7222222222222222,-0.17251461988304095
Virginia,Patrick,30,29,30.0,26.0,20,1.0,0.9666666666666667,0.8666666666666667,-0.09999999999999998
Virginia,Pittsylvania,140,122,135.0,116.0,45,1.037037037037037,0.8714285714285714,0.8592592592592593,-0.012169312169312163
Virginia,Prince Edward,64,57,63.0,49.0,33,1.0158730158730158,0.890625,0.7777777777777778,-0.11284722222222221
Virginia,Manassas,44,41,44.0,32.0,23,1.0,0.9318181818181818,0.7272727272727273,-0.20454545454545447
Virginia,Prince William,265,241,249.0,215.0,36,1.0642570281124497,0.909433962264151,0.8634538152610441,-0.04598014700310682
Virginia,Pulaski,66,62,66.0,50.0,42,1.0,0.9393939393939394,0.7575757575757576,-0.18181818181818188
Virginia,Rappahannock,9,9,8.0,8.0,8,1.125,1.0,1.0,0.0
Virginia,Roanoke,471,396,450.0,343.0,75,1.0466666666666666,0.8407643312101911,0.7622222222222222,-0.07854210898796887
Virginia,Salem,23,23,23.0,19.0,17,1.0,1.0,0.8260869565217391,-0.17391304347826086
Virginia,Rockbridge,23,22,23.0,23.0,17,1.0,0.9565217391304348,1.0,0.04347826086956519
Virginia,Rockingham,53,51,51.0,44.0,29,1.0392156862745099,0.9622641509433962,0.8627450980392157,-0.0995190529041805
Virginia,Russell,37,33,36.0,26.0,23,1.0277777777777777,0.8918918918918919,0.7222222222222222,-0.16966966966966968
Virginia,Smyth,70,60,68.0,51.0,35,1.0294117647058822,0.8571428571428571,0.75,-0.1071428571428571
Virginia,Spotsylvania,84,76,83.0,64.0,29,1.0120481927710843,0.9047619047619048,0.7710843373493976,-0.13367756741250714
Virginia,Stafford,86,79,83.0,54.0,35,1.036144578313253,0.9186046511627907,0.6506024096385542,-0.26800224152423646
Virginia,Tazewell,72,66,68.0,50.0,45,1.0588235294117647,0.9166666666666666,0.7352941176470589,-0.18137254901960775
Virginia,Warren,36,29,34.0,25.0,24,1.0588235294117647,0.8055555555555556,0.7352941176470589,-0.0702614379084967
Virginia,Washington,66,63,63.0,54.0,39,1.0476190476190477,0.9545454545454546,0.8571428571428571,-0.09740259740259749
Virginia,Westmoreland,43,40,42.0,33.0,30,1.0238095238095237,0.9302325581395349,0.7857142857142857,-0.14451827242524917
Virginia,Wise,66,61,66.0,47.0,48,1.0,0.9242424242424242,0.7121212121212122,-0.21212121212121204
Virginia,Wythe,32,30,31.0,27.0,25,1.032258064516129,0.9375,0.8709677419354839,-0.06653225806451613
Virginia,York,52,44,49.0,32.0,28,1.0612244897959184,0.8461538461538461,0.6530612244897959,-0.19309262166405028
Virginia,Poquoson,8,8,8.0,8.0,6,1.0,1.0,1.0,0.0
Virginia,Alexandria,196,165,184.0,147.0,33,1.065217391304348,0.8418367346938775,0.7989130434782609,-0.04292369121561668
Virginia,Bristol,31,28,31.0,27.0,21,1.0,0.9032258064516129,0.8709677419354839,-0.032258064516129004
Virginia,Buena Vista,7,7,5.0,5.0,6,1.4,1.0,1.0,0.0
Virginia,Charlottesville,112,98,110.0,88.0,34,1.018181818181818,0.875,0.8,-0.07499999999999996
Virginia,Chesapeake,354,275,334.0,223.0,33,1.0598802395209581,0.7768361581920904,0.6676646706586826,-0.10917148753340777
Virginia,Colonial Heights,21,20,21.0,17.0,14,1.0,0.9523809523809523,0.8095238095238095,-0.1428571428571428
Virginia,Danville,206,150,199.0,138.0,37,1.035175879396985,0.7281553398058253,0.6934673366834171,-0.03468800312240816
Virginia,Falls Church,12,8,11.0,4.0,11,1.0909090909090908,0.6666666666666666,0.36363636363636365,-0.303030303030303
Virginia,Fredericksburg,48,39,48.0,41.0,27,1.0,0.8125,0.8541666666666666,0.04166666666666663
Virginia,Hampton,389,330,366.0,320.0,35,1.0628415300546448,0.8483290488431876,0.8743169398907104,0.02598789104752275
Virginia,Hopewell,77,61,76.0,62.0,32,1.013157894736842,0.7922077922077922,0.8157894736842105,0.02358168147641826
Virginia,Lynchburg,196,177,192.0,172.0,34,1.0208333333333333,0.9030612244897959,0.8958333333333334,-0.007227891156462496
Virginia,Martinsville,90,77,85.0,73.0,31,1.0588235294117647,0.8555555555555555,0.8588235294117647,0.0032679738562091387
Virginia,Newport News,742,614,1723.0,530.0,36,0.4306442251886245,0.8274932614555256,0.3076030179918746,-0.519890243463651
Virginia,Norfolk,1603,1321,1556.0,1227.0,42,1.0302056555269923,0.8240798502807236,0.788560411311054,-0.03551943896966958
Virginia,Petersburg,255,219,247.0,176.0,39,1.0323886639676114,0.8588235294117647,0.7125506072874493,-0.1462729221243153
Virginia,Portsmouth,661,415,662.0,449.0,36,0.9984894259818731,0.6278366111951589,0.6782477341389728,0.05041112294381389
Virginia,Richmond,2892,1593,2838.0,1592.0,53,1.0190274841437632,0.5508298755186722,0.5609584214235377,0.01012854590486545
Virginia,Suffolk,222,180,219.0,178.0,35,1.0136986301369864,0.8108108108108109,0.8127853881278538,0.0019745773170429803
Virginia,Virginia Beach,634,560,601.0,518.0,37,1.054908485856905,0.8832807570977917,0.8618968386023295,-0.021383918495462284
Virginia,Waynesboro,33,30,32.0,28.0,21,1.03125,0.9090909090909091,0.875,-0.03409090909090906
Virginia,Williamsburg,18,17,18.0,16.0,15,1.0,0.9444444444444444,0.8888888888888888,-0.05555555555555558
Virginia,Winchester,24,22,25.0,19.0,17,0.96,0.9166666666666666,0.76,-0.15666666666666662
Vermont,Orleans,17,16,16.0,13.0,12,1.0625,0.9411764705882353,0.8125,-0.12867647058823528
Vermont,Washington,115,94,100.0,54.0,27,1.15,0.8173913043478261,0.54,-0.2773913043478261
Washington,Adams,29,25,28.0,18.0,25,1.0357142857142858,0.8620689655172413,0.6428571428571429,-0.21921182266009842
Washington,Benton,143,128,130.0,102.0,66,1.1,0.8951048951048951,0.7846153846153846,-0.1104895104895105
Washington,Chelan,91,84,85.0,65.0,50,1.0705882352941176,0.9230769230769231,0.7647058823529411,-0.158371040723982
Washington,Clallam,62,60,57.0,50.0,47,1.087719298245614,0.967741935483871,0.8771929824561403,-0.0905489530277307
Washington,Clark,269,223,251.0,199.0,76,1.0717131474103585,0.828996282527881,0.7928286852589641,-0.03616759726891694
Washington,Columbia,5,5,4.0,3.0,5,1.25,1.0,0.75,-0.25
Washington,Cowlitz,108,93,100.0,83.0,71,1.08,0.8611111111111112,0.83,-0.0311111111111112
Washington,Douglas,31,27,28.0,21.0,20,1.1071428571428572,0.8709677419354839,0.75,-0.12096774193548387
Washington,Ferry,17,15,15.0,13.0,13,1.1333333333333333,0.8823529411764706,0.8666666666666667,-0.015686274509803866
Washington,Franklin,129,109,120.0,80.0,50,1.075,0.8449612403100775,0.6666666666666666,-0.17829457364341084
Washington,Grant,119,96,111.0,87.0,61,1.072072072072072,0.8067226890756303,0.7837837837837838,-0.0229389052918465
Washington,Grays Harbor,107,99,99.0,87.0,67,1.0808080808080809,0.9252336448598131,0.8787878787878788,-0.04644576607193429
Washington,Island,31,27,29.0,22.0,20,1.0689655172413792,0.8709677419354839,0.7586206896551724,-0.1123470522803115
Washington,Jefferson,17,15,14.0,12.0,14,1.2142857142857142,0.8823529411764706,0.8571428571428571,-0.025210084033613467
Washington,King,2704,1893,2493.0,1437.0,378,1.084636983553951,0.7000739644970414,0.5764139590854392,-0.12366000541160216
Washington,Klickitat,25,21,22.0,16.0,17,1.1363636363636365,0.84,0.7272727272727273,-0.11272727272727268
Washington,Lewis,95,78,79.0,62.0,50,1.2025316455696202,0.8210526315789474,0.7848101265822784,-0.03624250499666892
Washington,Mason,74,68,69.0,65.0,37,1.0724637681159421,0.918918918918919,0.9420289855072463,0.02311006658832737
Washington,Okanogan,64,59,62.0,51.0,33,1.032258064516129,0.921875,0.8225806451612904,-0.09929435483870963
Washington,Pierce,1310,1033,1253.0,938.0,139,1.0454908220271348,0.7885496183206107,0.7486033519553073,-0.03994626636530341
Washington,Skagit,103,91,94.0,77.0,66,1.0957446808510638,0.883495145631068,0.8191489361702128,-0.06434620946085523
Washington,Snohomish,381,313,361.0,293.0,134,1.0554016620498614,0.821522309711286,0.8116343490304709,-0.0098879606808151
Washington,Spokane,613,472,542.0,442.0,82,1.1309963099630995,0.7699836867862969,0.8154981549815498,0.045514468195252844
Washington,Stevens,51,50,49.0,44.0,29,1.0408163265306123,0.9803921568627451,0.8979591836734694,-0.08243297318927567
Washington,Thurston,156,140,150.0,121.0,68,1.04,0.8974358974358975,0.8066666666666666,-0.09076923076923082
Washington,Walla Walla,46,43,41.0,34.0,31,1.1219512195121952,0.9347826086956522,0.8292682926829268,-0.10551431601272543
Washington,Whatcom,132,111,124.0,91.0,79,1.064516129032258,0.8409090909090909,0.7338709677419355,-0.10703812316715544
Washington,Yakima,523,413,493.0,348.0,148,1.0608519269776877,0.7896749521988528,0.7058823529411765,-0.08379259925767624
Wisconsin,Adams,15,14,14.0,11.0,12,1.0714285714285714,0.9333333333333333,0.7857142857142857,-0.14761904761904765
Wisconsin,Ashland,11,11,9.0,8.0,10,1.2222222222222223,1.0,0.8888888888888888,-0.11111111111111116
Wisconsin,Brown,129,116,116.0,103.0,54,1.1120689655172413,0.8992248062015504,0.8879310344827587,-0.011293771718791756
Wisconsin,Burnett,10,10,10.0,8.0,9,1.0,1.0,0.8,-0.19999999999999996
Wisconsin,Calumet,8,8,8.0,7.0,8,1.0,1.0,0.875,-0.125
Wisconsin,Chippewa,21,19,17.0,13.0,17,1.2352941176470589,0.9047619047619048,0.7647058823529411,-0.14005602240896364
Wisconsin,Columbia,24,22,25.0,19.0,16,0.96,0.9166666666666666,0.76,-0.15666666666666662
Wisconsin,Dane,249,217,229.0,179.0,96,1.0873362445414847,0.8714859437751004,0.7816593886462883,-0.0898265551288121
Wisconsin,Douglas,32,27,28.0,20.0,25,1.1428571428571428,0.84375,0.7142857142857143,-0.1294642857142857
Wisconsin,Dunn,10,10,8.0,8.0,7,1.25,1.0,1.0,0.0
Wisconsin,Eau Claire,42,37,39.0,32.0,32,1.0769230769230769,0.8809523809523809,0.8205128205128205,-0.06043956043956045
Wisconsin,Fond du Lac,38,36,37.0,25.0,26,1.027027027027027,0.9473684210526315,0.6756756756756757,-0.27169274537695587
Wisconsin,Grant,20,18,19.0,18.0,18,1.0526315789473684,0.9,0.9473684210526315,0.047368421052631504
Wisconsin,Green Lake,9,9,8.0,8.0,7,1.125,1.0,1.0,0.0
Wisconsin,Iron,9,8,8.0,6.0,8,1.125,0.8888888888888888,0.75,-0.13888888888888884
Wisconsin,Jefferson,33,28,30.0,24.0,25,1.1,0.8484848484848485,0.8,-0.048484848484848464
Wisconsin,Kenosha,148,127,137.0,108.0,52,1.0802919708029197,0.8581081081081081,0.7883211678832117,-0.0697869402248964
Wisconsin,Langlade,9,8,7.0,7.0,9,1.2857142857142858,0.8888888888888888,1.0,0.11111111111111116
Wisconsin,Manitowoc,33,31,32.0,26.0,28,1.03125,0.9393939393939394,0.8125,-0.12689393939393945
Wisconsin,Marathon,56,48,50.0,42.0,38,1.12,0.8571428571428571,0.84,-0.017142857142857126
Wisconsin,Marinette,27,26,25.0,21.0,19,1.08,0.9629629629629629,0.84,-0.12296296296296294
Wisconsin,Milwaukee,3808,3052,3648.0,2872.0,145,1.043859649122807,0.8014705882352942,0.7872807017543859,-0.014189886480908243
Wisconsin,Monroe,33,29,28.0,22.0,27,1.1785714285714286,0.8787878787878788,0.7857142857142857,-0.09307359307359309
Wisconsin,Oneida,15,14,10.0,8.0,12,1.5,0.9333333333333333,0.8,-0.1333333333333333
Wisconsin,Outagamie,56,50,49.0,40.0,43,1.1428571428571428,0.8928571428571429,0.8163265306122449,-0.07653061224489799
Wisconsin,Ozaukee,22,16,19.0,12.0,18,1.1578947368421053,0.7272727272727273,0.631578947368421,-0.09569377990430628
Wisconsin,Pierce,16,16,13.0,13.0,12,1.2307692307692308,1.0,1.0,0.0
Wisconsin,Polk,26,24,25.0,20.0,15,1.04,0.9230769230769231,0.8,-0.12307692307692308
Wisconsin,Racine,279,214,261.0,210.0,72,1.0689655172413792,0.7670250896057348,0.8045977011494253,0.037572611543690515
Wisconsin,Richland,8,7,8.0,7.0,6,1.0,0.875,0.875,0.0
Wisconsin,Rock,123,100,112.0,82.0,70,1.0982142857142858,0.8130081300813008,0.7321428571428571,-0.0808652729384437
Wisconsin,Shawano,15,15,16.0,16.0,14,0.9375,1.0,1.0,0.0
Wisconsin,Sheboygan,37,34,33.0,30.0,28,1.121212121212121,0.918918918918919,0.9090909090909091,-0.00982800982800991
Wisconsin,Vernon,16,13,15.0,12.0,11,1.0666666666666667,0.8125,0.8,-0.012499999999999956
Wisconsin,Walworth,57,54,44.0,34.0,37,1.2954545454545454,0.9473684210526315,0.7727272727272727,-0.17464114832535882
Wisconsin,Waukesha,86,77,77.0,65.0,67,1.1168831168831168,0.8953488372093024,0.8441558441558441,-0.05119299305345826
Wisconsin,Waupaca,21,18,21.0,14.0,17,1.0,0.8571428571428571,0.6666666666666666,-0.19047619047619047
Wisconsin,Winnebago,57,56,50.0,43.0,39,1.14,0.9824561403508771,0.86,-0.12245614035087715
West Virginia,Berkeley,102,87,102.0,73.0,64,1.0,0.8529411764705882,0.7156862745098039,-0.13725490196078427
West Virginia,Boone,35,33,34.0,23.0,22,1.0294117647058822,0.9428571428571428,0.6764705882352942,-0.2663865546218487
West Virginia,Braxton,18,18,16.0,13.0,14,1.125,1.0,0.8125,-0.1875
West Virginia,Cabell,193,157,187.0,155.0,59,1.032085561497326,0.8134715025906736,0.8288770053475936,0.015405502756919986
West Virginia,Calhoun,15,15,13.0,13.0,11,1.1538461538461537,1.0,1.0,0.0
West Virginia,Clay,23,23,21.0,18.0,20,1.0952380952380953,1.0,0.8571428571428571,-0.1428571428571429
West Virginia,Fayette,110,95,108.0,78.0,61,1.0185185185185186,0.8636363636363636,0.7222222222222222,-0.14141414141414144
West Virginia,Grant,12,12,11.0,10.0,10,1.0909090909090908,1.0,0.9090909090909091,-0.09090909090909094
West Virginia,Greenbrier,40,36,34.0,28.0,28,1.1764705882352942,0.9,0.8235294117647058,-0.07647058823529418
West Virginia,Hancock,22,15,22.0,14.0,18,1.0,0.6818181818181818,0.6363636363636364,-0.045454545454545414
West Virginia,Harrison,109,98,106.0,80.0,66,1.028301886792453,0.8990825688073395,0.7547169811320755,-0.14436558767526397
West Virginia,Jefferson,40,35,39.0,31.0,29,1.0256410256410255,0.875,0.7948717948717948,-0.08012820512820518
West Virginia,Kanawha,499,413,493.0,351.0,126,1.0121703853955375,0.8276553106212425,0.7119675456389453,-0.11568776498229727
West Virginia,Lincoln,40,35,37.0,33.0,23,1.0810810810810811,0.875,0.8918918918918919,0.016891891891891886
West Virginia,Logan,104,99,102.0,89.0,53,1.0196078431372548,0.9519230769230769,0.8725490196078431,-0.07937405731523373
West Virginia,McDowell,120,116,115.0,106.0,47,1.0434782608695652,0.9666666666666667,0.9217391304347826,-0.04492753623188406
West Virginia,Marion,73,67,72.0,63.0,41,1.0138888888888888,0.9178082191780822,0.875,-0.042808219178082196
West Virginia,Marshall,40,38,38.0,34.0,27,1.0526315789473684,0.95,0.8947368421052632,-0.05526315789473679
West Virginia,Mason,40,36,38.0,27.0,30,1.0526315789473684,0.9,0.7105263157894737,-0.18947368421052635
West Virginia,Mercer,186,174,183.0,138.0,109,1.0163934426229508,0.9354838709677419,0.7540983606557377,-0.18138551031200423
West Virginia,Mingo,99,92,93.0,84.0,51,1.064516129032258,0.9292929292929293,0.9032258064516129,-0.026067122841316404
West Virginia,Monongalia,71,64,69.0,55.0,49,1.0289855072463767,0.9014084507042254,0.7971014492753623,-0.10430700142886307
West Virginia,Nicholas,35,33,33.0,26.0,28,1.0606060606060606,0.9428571428571428,0.7878787878787878,-0.154978354978355
West Virginia,Ohio,58,49,57.0,53.0,34,1.0175438596491229,0.8448275862068966,0.9298245614035088,0.0849969751966122
West Virginia,Pocahontas,22,20,21.0,18.0,17,1.0476190476190477,0.9090909090909091,0.8571428571428571,-0.051948051948051965
West Virginia,Putnam,46,39,45.0,31.0,32,1.0222222222222221,0.8478260869565217,0.6888888888888889,-0.15893719806763285
West Virginia,Raleigh,197,182,195.0,165.0,78,1.0102564102564102,0.9238578680203046,0.8461538461538461,-0.07770402186645842
West Virginia,Randolph,35,34,34.0,30.0,26,1.0294117647058822,0.9714285714285714,0.8823529411764706,-0.08907563025210086
West Virginia,Ritchie,28,25,25.0,17.0,22,1.12,0.8928571428571429,0.68,-0.21285714285714286
West Virginia,Roane,29,28,28.0,22.0,23,1.0357142857142858,0.9655172413793104,0.7857142857142857,-0.1798029556650247
West Virginia,Summers,26,23,22.0,15.0,20,1.1818181818181819,0.8846153846153846,0.6818181818181818,-0.2027972027972028
West Virginia,Upshur,20,19,20.0,18.0,17,1.0,0.95,0.9,-0.04999999999999993
West Virginia,Wayne,85,81,84.0,70.0,45,1.0119047619047619,0.9529411764705882,0.8333333333333334,-0.11960784313725481
West Virginia,Webster,28,26,26.0,22.0,18,1.0769230769230769,0.9285714285714286,0.8461538461538461,-0.08241758241758246
West Virginia,Wirt,4,4,4.0,4.0,3,1.0,1.0,1.0,0.0
West Virginia,Wood,77,64,73.0,53.0,52,1.0547945205479452,0.8311688311688312,0.726027397260274,-0.10514143390855724
West Virginia,Wyoming,49,45,48.0,42.0,30,1.0208333333333333,0.9183673469387755,0.875,-0.04336734693877553
Wyoming,Albany,27,25,24.0,19.0,21,1.125,0.9259259259259259,0.7916666666666666,-0.1342592592592593
Wyoming,Campbell,39,35,35.0,27.0,26,1.1142857142857143,0.8974358974358975,0.7714285714285715,-0.126007326007326
Wyoming,Carbon,29,29,27.0,25.0,24,1.0740740740740742,1.0,0.9259259259259259,-0.07407407407407407
Wyoming,Converse,16,14,17.0,15.0,14,0.9411764705882353,0.875,0.8823529411764706,0.007352941176470562
Wyoming,Crook,10,9,9.0,8.0,10,1.1111111111111112,0.9,0.8888888888888888,-0.011111111111111183
Wyoming,Fremont,47,42,46.0,39.0,31,1.0217391304347827,0.8936170212765957,0.8478260869565217,-0.04579093432007397
Wyoming,Laramie,89,82,82.0,77.0,49,1.0853658536585367,0.9213483146067416,0.9390243902439024,0.017676075637160782
Wyoming,Lincoln,21,19,20.0,15.0,17,1.05,0.9047619047619048,0.75,-0.15476190476190477
Wyoming,Natrona,97,85,87.0,77.0,56,1.1149425287356323,0.8762886597938144,0.8850574712643678,0.008768811470553417
Wyoming,Park,24,22,20.0,16.0,18,1.2,0.9166666666666666,0.8,-0.11666666666666659
Wyoming,Platte,15,14,13.0,12.0,9,1.1538461538461537,0.9333333333333333,0.9230769230769231,-0.01025641025641022
Wyoming,Sublette,18,14,16.0,12.0,16,1.125,0.7777777777777778,0.75,-0.02777777777777779
Wyoming,Sweetwater,76,68,73.0,63.0,50,1.0410958904109588,0.8947368421052632,0.863013698630137,-0.03172314347512617
Wyoming,Weston,7,6,5.0,4.0,7,1.4,0.8571428571428571,0.8,-0.05714285714285705
Alaska,Fairbanks North Star,101,78,93.0,64.0,30,1.086021505376344,0.7722772277227723,0.6881720430107527,-0.08410518471201955
Alaska,Matanuska-Susitna,10,9,8.0,5.0,10,1.25,0.9,0.625,-0.275
Alaska,Dillingham,10,9,9.0,8.0,9,1.1111111111111112,0.9,0.8888888888888888,-0.011111111111111183
Alaska,Aleutians West,8,7,5.0,4.0,6,1.6,0.875,0.8,-0.07499999999999996
Alabama,Clay,8,6,7.0,6.0,6,1.1428571428571428,0.75,0.8571428571428571,0.1071428571428571
Alabama,Hale,20,19,20.0,13.0,15,1.0,0.95,0.65,-0.29999999999999993
Alabama,Henry,30,23,28.0,14.0,21,1.0714285714285714,0.7666666666666667,0.5,-0.2666666666666667
Alabama,Randolph,33,26,33.0,17.0,26,1.0,0.7878787878787878,0.5151515151515151,-0.2727272727272727
Arkansas,Carroll,37,28,34.0,20.0,27,1.088235294117647,0.7567567567567568,0.5882352941176471,-0.16852146263910972
Arkansas,Desha,54,48,53.0,49.0,34,1.0188679245283019,0.8888888888888888,0.9245283018867925,0.03563941299790363
Arkansas,Jackson,49,47,47.0,41.0,31,1.0425531914893618,0.9591836734693877,0.8723404255319149,-0.08684324793747278
Arkansas,Lee,52,49,49.0,40.0,26,1.0612244897959184,0.9423076923076923,0.8163265306122449,-0.12598116169544737
Arkansas,Monroe,44,42,43.0,38.0,28,1.0232558139534884,0.9545454545454546,0.8837209302325582,-0.07082452431289643
Arkansas,Nevada,18,15,20.0,11.0,17,0.9,0.8333333333333334,0.55,-0.2833333333333333
Arkansas,Pope,66,59,63.0,54.0,31,1.0476190476190477,0.8939393939393939,0.8571428571428571,-0.03679653679653683
Arkansas,Scott,20,19,17.0,16.0,16,1.1764705882352942,0.95,0.9411764705882353,-0.008823529411764675
Arkansas,Searcy,9,9,9.0,7.0,9,1.0,1.0,0.7777777777777778,-0.2222222222222222
Arkansas,Sharp,25,19,24.0,16.0,16,1.0416666666666667,0.76,0.6666666666666666,-0.09333333333333338
Arkansas,Stone,16,15,14.0,14.0,10,1.1428571428571428,0.9375,1.0,0.0625
Arkansas,White,94,84,90.0,64.0,49,1.0444444444444445,0.8936170212765957,0.7111111111111111,-0.18250591016548456
Arizona,Greenlee,5,3,4.0,2.0,5,1.25,0.6,0.5,-0.09999999999999998
California,Calaveras,99,87,93.0,66.0,30,1.064516129032258,0.8787878787878788,0.7096774193548387,-0.16911045943304004
California,Sierra,16,11,14.0,12.0,11,1.1428571428571428,0.6875,0.8571428571428571,0.1696428571428571
California,Trinity,44,36,40.0,25.0,24,1.1,0.8181818181818182,0.625,-0.19318181818181823
Colorado,Garfield,34,27,31.0,15.0,26,1.096774193548387,0.7941176470588235,0.4838709677419355,-0.310246679316888
Colorado,Grand,12,11,7.0,4.0,9,1.7142857142857142,0.9166666666666666,0.5714285714285714,-0.34523809523809523
Colorado,Las Animas,38,36,36.0,30.0,27,1.0555555555555556,0.9473684210526315,0.8333333333333334,-0.11403508771929816
Colorado,Moffat,17,16,16.0,15.0,14,1.0625,0.9411764705882353,0.9375,-0.003676470588235281
Colorado,Summit,20,17,19.0,10.0,18,1.0526315789473684,0.85,0.5263157894736842,-0.3236842105263158
Colorado,Weld,227,183,192.0,135.0,99,1.1822916666666667,0.8061674008810573,0.703125,-0.10304240088105732
Connecticut,Litchfield,49,44,48.0,31.0,40,1.0208333333333333,0.8979591836734694,0.6458333333333334,-0.252125850340136
Florida,Levy,30,28,26.0,18.0,20,1.1538461538461537,0.9333333333333333,0.6923076923076923,-0.24102564102564106
Georgia,Bacon,20,16,21.0,15.0,13,0.9523809523809523,0.8,0.7142857142857143,-0.08571428571428574
Georgia,Brooks,23,19,24.0,15.0,20,0.9583333333333334,0.8260869565217391,0.625,-0.20108695652173914
Georgia,Bryan,18,15,19.0,10.0,15,0.9473684210526315,0.8333333333333334,0.5263157894736842,-0.3070175438596492
Georgia,Calhoun,17,15,19.0,14.0,13,0.8947368421052632,0.8823529411764706,0.7368421052631579,-0.1455108359133127
Georgia,Clay,11,9,12.0,6.0,10,0.9166666666666666,0.8181818181818182,0.5,-0.31818181818181823
Georgia,Fannin,21,17,22.0,5.0,13,0.9545454545454546,0.8095238095238095,0.22727272727272727,-0.5822510822510822
Georgia,Forsyth,54,47,47.0,34.0,23,1.148936170212766,0.8703703703703703,0.723404255319149,-0.14696611505122137
Georgia,Gordon,44,40,44.0,20.0,27,1.0,0.9090909090909091,0.45454545454545453,-0.45454545454545453
Georgia,Hall,183,151,200.0,122.0,60,0.915,0.825136612021858,0.61,-0.21513661202185796
Georgia,Jones,29,26,25.0,14.0,22,1.16,0.896551724137931,0.56,-0.336551724137931
Georgia,Lanier,12,7,13.0,4.0,9,0.9230769230769231,0.5833333333333334,0.3076923076923077,-0.27564102564102566
Georgia,Lee,13,12,16.0,12.0,11,0.8125,0.9230769230769231,0.75,-0.17307692307692313
Georgia,Lumpkin,17,17,14.0,9.0,14,1.2142857142857142,1.0,0.6428571428571429,-0.3571428571428571
Georgia,McDuffie,36,35,39.0,28.0,25,0.9230769230769231,0.9722222222222222,0.717948717948718,-0.25427350427350426
Georgia,Miller,4,3,7.0,6.0,4,0.5714285714285714,0.75,0.8571428571428571,0.1071428571428571
Georgia,Paulding,55,46,60.0,17.0,27,0.9166666666666666,0.8363636363636363,0.2833333333333333,-0.553030303030303
Georgia,Randolph,11,11,11.0,4.0,8,1.0,1.0,0.36363636363636365,-0.6363636363636364
Georgia,Rockdale,86,74,81.0,53.0,37,1.0617283950617284,0.8604651162790697,0.654320987654321,-0.20614412862474873
Georgia,Taylor,24,23,24.0,17.0,16,1.0,0.9583333333333334,0.7083333333333334,-0.25
Georgia,Turner,12,10,13.0,7.0,11,0.9230769230769231,0.8333333333333334,0.5384615384615384,-0.29487179487179493
Georgia,Wilkes,22,21,21.0,16.0,14,1.0476190476190477,0.9545454545454546,0.7619047619047619,-0.19264069264069272
Iowa,Black Hawk,96,82,100.0,59.0,39,0.96,0.8541666666666666,0.59,-0.26416666666666666
Iowa,Bremer,6,3,6.0,3.0,5,1.0,0.5,0.5,0.0
Iowa,Dallas,12,12,12.0,11.0,10,1.0,1.0,0.9166666666666666,-0.08333333333333337
Iowa,Dickinson,7,7,7.0,6.0,6,1.0,1.0,0.8571428571428571,-0.1428571428571429
Iowa,Grundy,4,4,4.0,4.0,4,1.0,1.0,1.0,0.0
Iowa,Hancock,6,4,6.0,4.0,6,1.0,0.6666666666666666,0.6666666666666666,0.0
Iowa,Harrison,9,6,7.0,4.0,7,1.2857142857142858,0.6666666666666666,0.5714285714285714,-0.09523809523809523
Iowa,Henry,12,12,8.0,6.0,8,1.5,1.0,0.75,-0.25
Iowa,Jackson,5,4,5.0,5.0,5,1.0,0.8,1.0,0.19999999999999996
Iowa,Johnson,53,46,49.0,33.0,35,1.0816326530612246,0.8679245283018868,0.673469387755102,-0.1944551405467848
Iowa,Kossuth,3,3,3.0,2.0,3,1.0,1.0,0.6666666666666666,-0.33333333333333337
Iowa,Marion,10,10,9.0,7.0,9,1.1111111111111112,1.0,0.7777777777777778,-0.2222222222222222
Iowa,Pocahontas,2,1,2.0,0.0,2,1.0,0.5,0.0,-0.5
Iowa,Shelby,1,1,1.0,1.0,1,1.0,1.0,1.0,0.0
Iowa,Warren,19,17,17.0,14.0,17,1.1176470588235294,0.8947368421052632,0.8235294117647058,-0.07120743034055732
Iowa,Webster,32,29,31.0,23.0,21,1.032258064516129,0.90625,0.7419354838709677,-0.16431451612903225
Idaho,Bonner,33,31,30.0,28.0,22,1.1,0.9393939393939394,0.9333333333333333,-0.0060606060606061
Idaho,Butte,2,2,2.0,2.0,2,1.0,1.0,1.0,0.0
Idaho,Clearwater,5,5,5.0,5.0,5,1.0,1.0,1.0,0.0
Idaho,Jefferson,13,13,13.0,12.0,7,1.0,1.0,0.9230769230769231,-0.07692307692307687
Idaho,Latah,26,25,25.0,20.0,18,1.04,0.9615384615384616,0.8,-0.16153846153846152
Idaho,Lewis,4,3,4.0,3.0,4,1.0,0.75,0.75,0.0
Idaho,Oneida,9,4,8.0,3.0,5,1.125,0.4444444444444444,0.375,-0.06944444444444442
Idaho,Payette,18,16,18.0,16.0,14,1.0,0.8888888888888888,0.8888888888888888,0.0
Idaho,Twin Falls,64,58,61.0,42.0,33,1.0491803278688525,0.90625,0.6885245901639344,-0.2177254098360656
Illinois,Alexander,13,13,14.0,8.0,10,0.9285714285714286,1.0,0.5714285714285714,-0.4285714285714286
Illinois,Christian,5,4,4.0,3.0,5,1.25,0.8,0.75,-0.050000000000000044
Illinois,Clay,1,1,1.0,0.0,1,1.0,1.0,0.0,-1.0
Illinois,Fayette,2,2,1.0,1.0,2,2.0,1.0,1.0,0.0
Illinois,Greene,5,4,3.0,3.0,4,1.6666666666666667,0.8,1.0,0.19999999999999996
Illinois,Hardin,1,1,1.0,1.0,1,1.0,1.0,1.0,0.0
Illinois,La Salle,21,18,20.0,12.0,15,1.05,0.8571428571428571,0.6,-0.2571428571428571
Illinois,Lee,9,8,7.0,7.0,7,1.2857142857142858,0.8888888888888888,1.0,0.11111111111111116
Illinois,Pike,5,5,5.0,5.0,3,1.0,1.0,1.0,0.0
Illinois,Randolph,5,5,5.0,4.0,5,1.0,1.0,0.8,-0.19999999999999996
Illinois,Warren,7,5,6.0,4.0,4,1.1666666666666667,0.7142857142857143,0.6666666666666666,-0.04761904761904767
Indiana,Bartholomew,41,30,41.0,22.0,27,1.0,0.7317073170731707,0.5365853658536586,-0.19512195121951215
Indiana,Cass,23,15,23.0,13.0,17,1.0,0.6521739130434783,0.5652173913043478,-0.08695652173913049
Indiana,Crawford,12,11,11.0,6.0,12,1.0909090909090908,0.9166666666666666,0.5454545454545454,-0.3712121212121212
Indiana,De Kalb,35,30,32.0,17.0,25,1.09375,0.8571428571428571,0.53125,-0.3258928571428571
Indiana,Hendricks,18,14,18.0,11.0,15,1.0,0.7777777777777778,0.6111111111111112,-0.16666666666666663
Indiana,Jefferson,19,18,18.0,11.0,17,1.0555555555555556,0.9473684210526315,0.6111111111111112,-0.33625730994152037
Indiana,Johnson,37,31,36.0,20.0,26,1.0277777777777777,0.8378378378378378,0.5555555555555556,-0.28228228228228225
Indiana,La Porte,180,151,174.0,107.0,83,1.0344827586206897,0.8388888888888889,0.6149425287356322,-0.22394636015325675
Indiana,Monroe,74,68,74.0,51.0,41,1.0,0.918918918918919,0.6891891891891891,-0.22972972972972983
Indiana,Montgomery,20,19,17.0,8.0,14,1.1764705882352942,0.95,0.47058823529411764,-0.4794117647058823
Indiana,Shelby,7,5,6.0,3.0,7,1.1666666666666667,0.7142857142857143,0.5,-0.2142857142857143
Indiana,Wells,12,6,12.0,8.0,9,1.0,0.5,0.6666666666666666,0.16666666666666663
Indiana,Benton,3,3,3.0,3.0,3,1.0,1.0,1.0,0.0
Indiana,Daviess,20,15,19.0,7.0,17,1.0526315789473684,0.75,0.3684210526315789,-0.3815789473684211
Indiana,Dearborn,15,12,17.0,10.0,12,0.8823529411764706,0.8,0.5882352941176471,-0.21176470588235297
Indiana,Dubois,16,15,15.0,9.0,13,1.0666666666666667,0.9375,0.6,-0.3375
Indiana,Franklin,21,18,17.0,7.0,13,1.2352941176470589,0.8571428571428571,0.4117647058823529,-0.4453781512605042
Indiana,Gibson,15,12,15.0,10.0,13,1.0,0.8,0.6666666666666666,-0.13333333333333341
Indiana,Newton,26,13,22.0,10.0,17,1.1818181818181819,0.5,0.45454545454545453,-0.04545454545454547
Indiana,Orange,19,17,19.0,14.0,14,1.0,0.8947368421052632,0.7368421052631579,-0.1578947368421053
Indiana,Perry,22,18,22.0,13.0,20,1.0,0.8181818181818182,0.5909090909090909,-0.2272727272727273
Indiana,Putnam,11,9,11.0,3.0,9,1.0,0.8181818181818182,0.2727272727272727,-0.5454545454545455
Indiana,Sullivan,21,16,20.0,7.0,14,1.05,0.7619047619047619,0.35,-0.4119047619047619
Indiana,Vermillion,6,4,6.0,3.0,5,1.0,0.6666666666666666,0.5,-0.16666666666666663
Indiana,Warrick,23,18,22.0,8.0,16,1.0454545454545454,0.782608695652174,0.36363636363636365,-0.4189723320158103
Indiana,Washington,17,14,17.0,13.0,14,1.0,0.8235294117647058,0.7647058823529411,-0.05882352941176472
Kansas,Dickinson,11,10,11.0,8.0,10,1.0,0.9090909090909091,0.7272727272727273,-0.18181818181818177
Kansas,Elk,3,3,2.0,2.0,2,1.5,1.0,1.0,0.0
Kansas,Ellsworth,4,3,4.0,2.0,4,1.0,0.75,0.5,-0.25
Kansas,Ford,53,46,53.0,30.0,28,1.0,0.8679245283018868,0.5660377358490566,-0.30188679245283023
Kansas,Grant,4,2,3.0,1.0,3,1.3333333333333333,0.5,0.3333333333333333,-0.16666666666666669
Kansas,Greenwood,8,8,8.0,6.0,6,1.0,1.0,0.75,-0.25
Kansas,Harvey,7,6,7.0,4.0,7,1.0,0.8571428571428571,0.5714285714285714,-0.2857142857142857
Kansas,Haskell,2,2,1.0,0.0,2,2.0,1.0,0.0,-1.0
Kansas,Jefferson,10,9,10.0,6.0,9,1.0,0.9,0.6,-0.30000000000000004
Kansas,Kearny,4,4,2.0,0.0,4,2.0,1.0,0.0,-1.0
Kansas,McPherson,10,9,9.0,7.0,9,1.1111111111111112,0.9,0.7777777777777778,-0.12222222222222223
Kansas,Marshall,5,5,5.0,2.0,4,1.0,1.0,0.4,-0.6
Kansas,Morton,3,1,3.0,1.0,3,1.0,0.3333333333333333,0.3333333333333333,0.0
Kansas,Neosho,7,6,7.0,4.0,7,1.0,0.8571428571428571,0.5714285714285714,-0.2857142857142857
Kansas,Pottawatomie,8,7,7.0,5.0,6,1.1428571428571428,0.875,0.7142857142857143,-0.1607142857142857
Kansas,Republic,4,3,4.0,3.0,4,1.0,0.75,0.75,0.0
Kansas,Stafford,1,1,1.0,1.0,1,1.0,1.0,1.0,0.0
Kansas,Wichita,6,6,6.0,6.0,5,1.0,1.0,1.0,0.0
Kansas,Wilson,8,8,7.0,5.0,7,1.1428571428571428,1.0,0.7142857142857143,-0.2857142857142857
Kentucky,Anderson,12,10,11.0,10.0,11,1.0909090909090908,0.8333333333333334,0.9090909090909091,0.07575757575757569
Kentucky,Butler,3,2,3.0,2.0,3,1.0,0.6666666666666666,0.6666666666666666,0.0
Kentucky,Green,5,4,6.0,3.0,4,0.8333333333333334,0.8,0.5,-0.30000000000000004
Kentucky,Lewis,9,8,9.0,7.0,8,1.0,0.8888888888888888,0.7777777777777778,-0.11111111111111105
Kentucky,Lyon,10,5,10.0,5.0,7,1.0,0.5,0.5,0.0
Kentucky,Meade,12,7,13.0,7.0,11,0.9230769230769231,0.5833333333333334,0.5384615384615384,-0.044871794871794934
Kentucky,Monroe,10,10,10.0,9.0,5,1.0,1.0,0.9,-0.09999999999999998
Kentucky,Morgan,10,8,9.0,6.0,8,1.1111111111111112,0.8,0.6666666666666666,-0.13333333333333341
Kentucky,Owen,6,6,6.0,6.0,6,1.0,1.0,1.0,0.0
Kentucky,Union,10,8,10.0,9.0,8,1.0,0.8,0.9,0.09999999999999998
Kentucky,Washington,9,8,9.0,8.0,8,1.0,0.8888888888888888,0.8888888888888888,0.0
Kentucky,Wayne,27,22,27.0,22.0,19,1.0,0.8148148148148148,0.8148148148148148,0.0
Louisiana,Ascension,157,136,160.0,111.0,45,0.98125,0.8662420382165605,0.69375,-0.17249203821656056
Louisiana,Caldwell,14,14,12.0,11.0,12,1.1666666666666667,1.0,0.9166666666666666,-0.08333333333333337
Louisiana,East Carroll,31,29,31.0,24.0,16,1.0,0.9354838709677419,0.7741935483870968,-0.16129032258064513
Louisiana,Iberville,78,66,77.0,51.0,37,1.0129870129870129,0.8461538461538461,0.6623376623376623,-0.1838161838161838
Louisiana,La Salle,17,15,15.0,11.0,12,1.1333333333333333,0.8823529411764706,0.7333333333333333,-0.14901960784313728
Louisiana,Sabine,38,33,38.0,34.0,21,1.0,0.868421052631579,0.8947368421052632,0.02631578947368418
Louisiana,St. Helena,14,13,14.0,7.0,11,1.0,0.9285714285714286,0.5,-0.4285714285714286
Louisiana,St. Martin,61,55,58.0,34.0,30,1.0517241379310345,0.9016393442622951,0.5862068965517241,-0.315432447710571
Louisiana,Tangipahoa,236,223,248.0,210.0,54,0.9516129032258065,0.9449152542372882,0.8467741935483871,-0.09814106068890105
Louisiana,Union,43,40,42.0,33.0,28,1.0238095238095237,0.9302325581395349,0.7857142857142857,-0.14451827242524917
Louisiana,West Carroll,11,11,11.0,7.0,8,1.0,1.0,0.6363636363636364,-0.36363636363636365
Massachusetts,Franklin,28,26,27.0,22.0,21,1.037037037037037,0.9285714285714286,0.8148148148148148,-0.11375661375661383
Maryland,Kent,15,13,15.0,12.0,13,1.0,0.8666666666666667,0.8,-0.06666666666666665
Maryland,Somerset,56,45,51.0,39.0,34,1.0980392156862746,0.8035714285714286,0.7647058823529411,-0.03886554621848748
Maine,Hancock,32,30,33.0,26.0,24,0.9696969696969697,0.9375,0.7878787878787878,-0.14962121212121215
Maine,Sagadahoc,7,6,6.0,4.0,7,1.1666666666666667,0.8571428571428571,0.6666666666666666,-0.19047619047619047
Michigan,Barry,37,30,33.0,22.0,25,1.121212121212121,0.8108108108108109,0.6666666666666666,-0.14414414414414423
Michigan,Cheboygan,12,10,12.0,5.0,8,1.0,0.8333333333333334,0.4166666666666667,-0.4166666666666667
Michigan,Crawford,10,10,8.0,3.0,9,1.25,1.0,0.375,-0.625
Michigan,Dickinson,11,10,10.0,6.0,11,1.1,0.9090909090909091,0.6,-0.3090909090909091
Michigan,Lake,21,18,21.0,5.0,12,1.0,0.8571428571428571,0.23809523809523808,-0.6190476190476191
Michigan,Lapeer,57,46,56.0,24.0,39,1.0178571428571428,0.8070175438596491,0.42857142857142855,-0.37844611528822053
Michigan,Luce,8,7,6.0,1.0,8,1.3333333333333333,0.875,0.16666666666666666,-0.7083333333333334
Michigan,Mackinac,7,5,7.0,2.0,7,1.0,0.7142857142857143,0.2857142857142857,-0.4285714285714286
Michigan,Marquette,35,29,32.0,16.0,31,1.09375,0.8285714285714286,0.5,-0.3285714285714286
Michigan,Presque Isle,7,5,7.0,3.0,5,1.0,0.7142857142857143,0.42857142857142855,-0.28571428571428575
Michigan,Wexford,27,25,27.0,13.0,22,1.0,0.9259259259259259,0.48148148148148145,-0.4444444444444445
Minnesota,Dakota,92,84,83.0,68.0,70,1.108433734939759,0.9130434782608695,0.8192771084337349,-0.0937663698271346
Minnesota,Fillmore,9,8,8.0,5.0,8,1.125,0.8888888888888888,0.625,-0.26388888888888884
Minnesota,Grant,2,2,2.0,2.0,2,1.0,1.0,1.0,0.0
Minnesota,Itasca,20,20,19.0,17.0,18,1.0526315789473684,1.0,0.8947368421052632,-0.10526315789473684
Minnesota,Lake of the Woods,1,1,1.0,1.0,1,1.0,1.0,1.0,0.0
Minnesota,Le Sueur,11,9,11.0,9.0,9,1.0,0.8181818181818182,0.8181818181818182,0.0
Minnesota,McLeod,12,10,12.0,11.0,12,1.0,0.8333333333333334,0.9166666666666666,0.08333333333333326
Minnesota,Morrison,17,17,16.0,15.0,15,1.0625,1.0,0.9375,-0.0625
Minnesota,Nicollet,6,6,6.0,5.0,6,1.0,1.0,0.8333333333333334,-0.16666666666666663
Minnesota,Polk,21,19,19.0,14.0,17,1.105263157894737,0.9047619047619048,0.7368421052631579,-0.1679197994987469
Minnesota,Pope,4,4,3.0,2.0,4,1.3333333333333333,1.0,0.6666666666666666,-0.33333333333333337
Minnesota,Rice,22,20,20.0,11.0,12,1.1,0.9090909090909091,0.55,-0.359090909090909
Minnesota,Scott,23,23,20.0,14.0,19,1.15,1.0,0.7,-0.30000000000000004
Minnesota,Wadena,7,7,8.0,7.0,6,0.875,1.0,0.875,-0.125
Minnesota,Waseca,9,8,9.0,8.0,7,1.0,0.8888888888888888,0.8888888888888888,0.0
Minnesota,Wilkin,3,2,3.0,2.0,3,1.0,0.6666666666666666,0.6666666666666666,0.0
Missouri,Atchison,2,2,2.0,2.0,2,1.0,1.0,1.0,0.0
Missouri,Barry,23,23,22.0,17.0,16,1.0454545454545454,1.0,0.7727272727272727,-0.2272727272727273
Missouri,Benton,21,19,21.0,14.0,15,1.0,0.9047619047619048,0.6666666666666666,-0.23809523809523814
Missouri,Cedar,11,10,10.0,6.0,10,1.1,0.9090909090909091,0.6,-0.3090909090909091
Missouri,Cole,77,69,69.0,57.0,48,1.1159420289855073,0.8961038961038961,0.8260869565217391,-0.07001693958215693
Missouri,Dent,19,19,17.0,17.0,13,1.1176470588235294,1.0,1.0,0.0
Missouri,Dunklin,44,41,42.0,37.0,32,1.0476190476190477,0.9318181818181818,0.8809523809523809,-0.050865800865800836
Missouri,Oregon,19,17,17.0,14.0,15,1.1176470588235294,0.8947368421052632,0.8235294117647058,-0.07120743034055732
Missouri,Pettis,37,32,33.0,29.0,27,1.121212121212121,0.8648648648648649,0.8787878787878788,0.013923013923013872
Missouri,Ste. Genevieve,30,27,28.0,18.0,20,1.0714285714285714,0.9,0.6428571428571429,-0.2571428571428571
Missouri,Scotland,3,3,3.0,2.0,2,1.0,1.0,0.6666666666666666,-0.33333333333333337
Missouri,Wayne,17,17,17.0,15.0,10,1.0,1.0,0.8823529411764706,-0.11764705882352944
Mississippi,Coahoma,107,83,105.0,77.0,30,1.019047619047619,0.7757009345794392,0.7333333333333333,-0.042367601246105946
Mississippi,Covington,30,30,30.0,23.0,18,1.0,1.0,0.7666666666666667,-0.23333333333333328
Mississippi,George,13,13,13.0,9.0,9,1.0,1.0,0.6923076923076923,-0.3076923076923077
Mississippi,Humphreys,17,17,17.0,12.0,13,1.0,1.0,0.7058823529411765,-0.2941176470588235
Mississippi,Itawamba,22,19,17.0,12.0,13,1.2941176470588236,0.8636363636363636,0.7058823529411765,-0.15775401069518713
Mississippi,Lamar,19,14,19.0,11.0,11,1.0,0.7368421052631579,0.5789473684210527,-0.1578947368421052
Mississippi,Lawrence,10,5,10.0,4.0,3,1.0,0.5,0.4,-0.09999999999999998
Mississippi,Leake,4,4,4.0,3.0,4,1.0,1.0,0.75,-0.25
Mississippi,Neshoba,16,16,17.0,16.0,8,0.9411764705882353,1.0,0.9411764705882353,-0.05882352941176472
Mississippi,Pike,65,54,64.0,39.0,33,1.015625,0.8307692307692308,0.609375,-0.22139423076923082
Mississippi,Quitman,4,4,4.0,4.0,4,1.0,1.0,1.0,0.0
Mississippi,Rankin,83,77,86.0,69.0,41,0.9651162790697675,0.927710843373494,0.8023255813953488,-0.12538526197814515
Mississippi,Union,19,18,18.0,16.0,14,1.0555555555555556,0.9473684210526315,0.8888888888888888,-0.05847953216374269
Mississippi,Walthall,14,14,14.0,13.0,9,1.0,1.0,0.9285714285714286,-0.0714285714285714
Mississippi,Wayne,38,35,38.0,33.0,22,1.0,0.9210526315789473,0.868421052631579,-0.05263157894736836
Montana,Phillips,5,4,4.0,3.0,4,1.25,0.8,0.75,-0.050000000000000044
Nebraska,Knox,9,9,7.0,7.0,7,1.2857142857142858,1.0,1.0,0.0
Nebraska,Saline,7,6,6.0,6.0,7,1.1666666666666667,0.8571428571428571,1.0,0.1428571428571429
Nebraska,Sarpy,49,43,46.0,38.0,32,1.065217391304348,0.8775510204081632,0.8260869565217391,-0.051464063886424105
North Carolina,Alleghany,12,12,11.0,11.0,10,1.0909090909090908,1.0,1.0,0.0
North Carolina,Chowan,33,25,32.0,22.0,26,1.03125,0.7575757575757576,0.6875,-0.07007575757575757
North Carolina,Currituck,24,22,24.0,24.0,16,1.0,0.9166666666666666,1.0,0.08333333333333337
North Carolina,Davie,43,40,38.0,32.0,30,1.131578947368421,0.9302325581395349,0.8421052631578947,-0.08812729498164018
North Carolina,Hyde,11,11,11.0,10.0,8,1.0,1.0,0.9090909090909091,-0.09090909090909094
North Carolina,Pender,52,41,46.0,37.0,28,1.1304347826086956,0.7884615384615384,0.8043478260869565,0.015886287625418105
North Carolina,Tyrrell,14,13,14.0,12.0,10,1.0,0.9285714285714286,0.8571428571428571,-0.07142857142857151
North Dakota,Barnes,7,6,7.0,6.0,5,1.0,0.8571428571428571,0.8571428571428571,0.0
North Dakota,Grand Forks,29,26,26.0,15.0,20,1.1153846153846154,0.896551724137931,0.5769230769230769,-0.3196286472148542
North Dakota,McIntosh,3,3,3.0,3.0,3,1.0,1.0,1.0,0.0
North Dakota,McLean,1,1,1.0,1.0,1,1.0,1.0,1.0,0.0
North Dakota,Nelson,2,2,2.0,2.0,1,1.0,1.0,1.0,0.0
North Dakota,Ramsey,10,9,11.0,9.0,9,0.9090909090909091,0.9,0.8181818181818182,-0.08181818181818179
North Dakota,Sioux,2,2,2.0,2.0,1,1.0,1.0,1.0,0.0
North Dakota,Stark,13,11,12.0,8.0,9,1.0833333333333333,0.8461538461538461,0.6666666666666666,-0.17948717948717952
New Hampshire,Cheshire,30,21,26.0,15.0,23,1.1538461538461537,0.7,0.5769230769230769,-0.12307692307692308
New Hampshire,Coos,17,15,17.0,12.0,15,1.0,0.8823529411764706,0.7058823529411765,-0.17647058823529405
New Hampshire,Sullivan,22,15,20.0,11.0,20,1.1,0.6818181818181818,0.55,-0.13181818181818172
New Mexico,Dona Ana,234,183,226.0,179.0,55,1.0353982300884956,0.782051282051282,0.7920353982300885,0.009984116178806457
Nevada,Lincoln,7,6,7.0,6.0,7,1.0,0.8571428571428571,0.8571428571428571,0.0
Nevada,White Pine,26,24,25.0,20.0,18,1.04,0.9230769230769231,0.8,-0.12307692307692308
New York,Cayuga,43,39,41.0,32.0,34,1.048780487804878,0.9069767441860465,0.7804878048780488,-0.12648893930799765
New York,Delaware,32,32,28.0,22.0,21,1.1428571428571428,1.0,0.7857142857142857,-0.2142857142857143
New York,Montgomery,20,16,21.0,12.0,18,0.9523809523809523,0.8,0.5714285714285714,-0.22857142857142865
New York,Schoharie,12,12,11.0,11.0,10,1.0909090909090908,1.0,1.0,0.0
New York,Wyoming,27,19,30.0,18.0,21,0.9,0.7037037037037037,0.6,-0.10370370370370374
New York,Kings,1,1,1.0,1.0,1,1.0,1.0,1.0,0.0
New York,Queens,4,1,4.0,1.0,4,1.0,0.25,0.25,0.0
Ohio,Brown,4,4,4.0,2.0,4,1.0,1.0,0.5,-0.5
Ohio,Crawford,26,22,24.0,19.0,23,1.0833333333333333,0.8461538461538461,0.7916666666666666,-0.054487179487179516
Ohio,Fairfield,31,22,31.0,11.0,20,1.0,0.7096774193548387,0.3548387096774194,-0.3548387096774194
Ohio,Gallia,35,26,33.0,16.0,21,1.0606060606060606,0.7428571428571429,0.48484848484848486,-0.258008658008658
Ohio,Henry,13,12,12.0,8.0,10,1.0833333333333333,0.9230769230769231,0.6666666666666666,-0.2564102564102565
Ohio,Huron,20,16,17.0,12.0,17,1.1764705882352942,0.8,0.7058823529411765,-0.09411764705882353
Ohio,Ottawa,17,17,17.0,13.0,8,1.0,1.0,0.7647058823529411,-0.23529411764705888
Ohio,Union,7,6,5.0,2.0,6,1.4,0.8571428571428571,0.4,-0.4571428571428571
Ohio,Washington,30,22,27.0,17.0,25,1.1111111111111112,0.7333333333333333,0.6296296296296297,-0.10370370370370363
Ohio,Wayne,45,39,42.0,24.0,36,1.0714285714285714,0.8666666666666667,0.5714285714285714,-0.2952380952380953
Oklahoma,Adair,56,46,54.0,47.0,32,1.037037037037037,0.8214285714285714,0.8703703703703703,0.04894179894179895
Oklahoma,Beckham,42,29,40.0,24.0,25,1.05,0.6904761904761905,0.6,-0.09047619047619049
Oklahoma,Delaware,57,52,52.0,46.0,31,1.0961538461538463,0.9122807017543859,0.8846153846153846,-0.027665317139001333
Oklahoma,Garvin,56,52,53.0,49.0,40,1.0566037735849056,0.9285714285714286,0.9245283018867925,-0.0040431266846361336
Oklahoma,Harmon,8,8,7.0,6.0,8,1.1428571428571428,1.0,0.8571428571428571,-0.1428571428571429
Oklahoma,Kiowa,22,17,21.0,16.0,19,1.0476190476190477,0.7727272727272727,0.7619047619047619,-0.010822510822510845
Oklahoma,Noble,18,15,14.0,10.0,14,1.2857142857142858,0.8333333333333334,0.7142857142857143,-0.11904761904761907
Oklahoma,Payne,76,67,69.0,58.0,49,1.1014492753623188,0.881578947368421,0.8405797101449275,-0.04099923722349352
Oregon,Curry,27,26,25.0,16.0,21,1.08,0.9629629629629629,0.64,-0.3229629629629629
Oregon,Lake,7,7,7.0,5.0,7,1.0,1.0,0.7142857142857143,-0.2857142857142857
Oregon,Morrow,9,9,9.0,6.0,7,1.0,1.0,0.6666666666666666,-0.33333333333333337
Pennsylvania,Monroe,141,113,133.0,114.0,68,1.0601503759398496,0.8014184397163121,0.8571428571428571,0.05572441742654499
Pennsylvania,Union,14,11,12.0,8.0,10,1.1666666666666667,0.7857142857142857,0.6666666666666666,-0.11904761904761907
Pennsylvania,Wayne,56,51,49.0,45.0,32,1.1428571428571428,0.9107142857142857,0.9183673469387755,0.007653061224489832
South Carolina,Lee,53,48,52.0,36.0,32,1.0192307692307692,0.9056603773584906,0.6923076923076923,-0.2133526850507983
South Dakota,Bennett,3,3,3.0,3.0,2,1.0,1.0,1.0,0.0
South Dakota,Charles Mix,10,10,9.0,9.0,9,1.1111111111111112,1.0,1.0,0.0
South Dakota,Fall River,3,3,3.0,3.0,3,1.0,1.0,1.0,0.0
South Dakota,Minnehaha,100,90,97.0,76.0,39,1.0309278350515463,0.9,0.7835051546391752,-0.11649484536082477
Tennessee,Cannon,11,9,10.0,6.0,10,1.1,0.8181818181818182,0.6,-0.21818181818181825
Tennessee,Carter,53,52,49.0,39.0,30,1.0816326530612246,0.9811320754716981,0.7959183673469388,-0.18521370812475935
Tennessee,DeKalb,29,25,29.0,24.0,14,1.0,0.8620689655172413,0.8275862068965517,-0.03448275862068961
Tennessee,Dickson,40,36,39.0,25.0,21,1.0256410256410255,0.9,0.6410256410256411,-0.25897435897435894
Tennessee,Grundy,21,19,20.0,17.0,13,1.05,0.9047619047619048,0.85,-0.05476190476190479
Tennessee,Henderson,41,38,43.0,31.0,30,0.9534883720930233,0.926829268292683,0.7209302325581395,-0.2058990357345435
Tennessee,Hickman,22,18,22.0,16.0,15,1.0,0.8181818181818182,0.7272727272727273,-0.09090909090909094
Tennessee,Johnson,18,18,17.0,16.0,13,1.0588235294117647,1.0,0.9411764705882353,-0.05882352941176472
Tennessee,Marion,34,33,35.0,22.0,19,0.9714285714285714,0.9705882352941176,0.6285714285714286,-0.3420168067226891
Tennessee,Morgan,24,23,23.0,19.0,13,1.0434782608695652,0.9583333333333334,0.8260869565217391,-0.13224637681159424
Tennessee,Trousdale,13,12,10.0,6.0,12,1.3,0.9230769230769231,0.6,-0.32307692307692315
Tennessee,Unicoi,13,13,13.0,13.0,9,1.0,1.0,1.0,0.0
Texas,Archer,13,11,13.0,8.0,9,1.0,0.8461538461538461,0.6153846153846154,-0.23076923076923073
Texas,Bailey,17,16,17.0,14.0,14,1.0,0.9411764705882353,0.8235294117647058,-0.11764705882352944
Texas,Blanco,15,14,14.0,13.0,13,1.0714285714285714,0.9333333333333333,0.9285714285714286,-0.004761904761904745
Texas,Burnet,37,33,36.0,26.0,26,1.0277777777777777,0.8918918918918919,0.7222222222222222,-0.16966966966966968
Texas,Callahan,16,15,15.0,13.0,12,1.0666666666666667,0.9375,0.8666666666666667,-0.0708333333333333
Texas,Clay,15,11,15.0,9.0,12,1.0,0.7333333333333333,0.6,-0.1333333333333333
Texas,Coke,4,3,4.0,4.0,3,1.0,0.75,1.0,0.25
Texas,Comanche,18,17,17.0,14.0,16,1.0588235294117647,0.9444444444444444,0.8235294117647058,-0.12091503267973858
Texas,Concho,5,5,5.0,4.0,5,1.0,1.0,0.8,-0.19999999999999996
Texas,Cottle,3,3,3.0,3.0,3,1.0,1.0,1.0,0.0
Texas,Crane,5,5,5.0,5.0,5,1.0,1.0,1.0,0.0
Texas,Dallam,17,17,15.0,13.0,14,1.1333333333333333,1.0,0.8666666666666667,-0.1333333333333333
Texas,De Witt,21,19,19.0,17.0,18,1.105263157894737,0.9047619047619048,0.8947368421052632,-0.010025062656641603
Texas,Freestone,39,31,38.0,30.0,32,1.0263157894736843,0.7948717948717948,0.7894736842105263,-0.005398110661268496
Texas,Frio,34,30,32.0,27.0,25,1.0625,0.8823529411764706,0.84375,-0.03860294117647056
Texas,Goliad,10,9,10.0,8.0,6,1.0,0.9,0.8,-0.09999999999999998
Texas,Irion,5,5,5.0,5.0,2,1.0,1.0,1.0,0.0
Texas,Jack,12,11,8.0,7.0,11,1.5,0.9166666666666666,0.875,-0.04166666666666663
Texas,Karnes,18,16,16.0,14.0,17,1.125,0.8888888888888888,0.875,-0.01388888888888884
Texas,Knox,3,3,3.0,3.0,3,1.0,1.0,1.0,0.0
Texas,Lamb,35,34,32.0,29.0,29,1.09375,0.9714285714285714,0.90625,-0.06517857142857142
Texas,Llano,20,19,17.0,16.0,13,1.1764705882352942,0.95,0.9411764705882353,-0.008823529411764675
Texas,Lynn,13,10,13.0,10.0,12,1.0,0.7692307692307693,0.7692307692307693,0.0
Texas,Maverick,49,35,47.0,24.0,32,1.0425531914893618,0.7142857142857143,0.5106382978723404,-0.20364741641337392
Texas,Mills,4,4,4.0,4.0,4,1.0,1.0,1.0,0.0
Texas,Oldham,10,6,10.0,7.0,8,1.0,0.6,0.7,0.09999999999999998
Texas,Parmer,11,11,9.0,8.0,8,1.2222222222222223,1.0,0.8888888888888888,-0.11111111111111116
Texas,Red River,39,31,38.0,27.0,26,1.0263157894736843,0.7948717948717948,0.7105263157894737,-0.08434547908232115
Texas,Roberts,2,2,2.0,1.0,2,1.0,1.0,0.5,-0.5
Texas,Robertson,50,48,49.0,45.0,28,1.0204081632653061,0.96,0.9183673469387755,-0.041632653061224434
Texas,Sabine,19,18,17.0,14.0,17,1.1176470588235294,0.9473684210526315,0.8235294117647058,-0.12383900928792568
Texas,Scurry,31,26,28.0,25.0,25,1.1071428571428572,0.8387096774193549,0.8928571428571429,0.054147465437788034
Texas,Stonewall,4,4,3.0,2.0,4,1.3333333333333333,1.0,0.6666666666666666,-0.33333333333333337
Texas,Sutton,9,8,8.0,6.0,9,1.125,0.8888888888888888,0.75,-0.13888888888888884
Texas,Swisher,17,15,16.0,12.0,14,1.0625,0.8823529411764706,0.75,-0.13235294117647056
Texas,Terrell,3,2,3.0,2.0,3,1.0,0.6666666666666666,0.6666666666666666,0.0
Texas,Willacy,40,36,37.0,34.0,32,1.0810810810810811,0.9,0.918918918918919,0.018918918918918948
Texas,Young,26,25,25.0,22.0,19,1.04,0.9615384615384616,0.88,-0.08153846153846156
Texas,Zapata,17,15,17.0,14.0,12,1.0,0.8823529411764706,0.8235294117647058,-0.05882352941176472
Texas,Zavala,38,35,37.0,30.0,25,1.027027027027027,0.9210526315789473,0.8108108108108109,-0.11024182076813649
Utah,Box Elder,24,22,20.0,9.0,19,1.2,0.9166666666666666,0.45,-0.4666666666666666
Utah,Cache,22,20,19.0,13.0,20,1.1578947368421053,0.9090909090909091,0.6842105263157895,-0.22488038277511957
Utah,Emery,10,9,10.0,9.0,8,1.0,0.9,0.9,0.0
Utah,Morgan,6,4,6.0,3.0,4,1.0,0.6666666666666666,0.5,-0.16666666666666663
Utah,San Juan,7,6,7.0,4.0,7,1.0,0.8571428571428571,0.5714285714285714,-0.2857142857142857
Utah,Utah,153,139,132.0,97.0,102,1.1590909090909092,0.9084967320261438,0.7348484848484849,-0.17364824717765892
Virginia,Caroline,41,34,41.0,32.0,22,1.0,0.8292682926829268,0.7804878048780488,-0.04878048780487798
Virginia,Giles,21,19,21.0,14.0,14,1.0,0.9047619047619048,0.6666666666666666,-0.23809523809523814
Virginia,King William,12,11,12.0,11.0,9,1.0,0.9166666666666666,0.9166666666666666,0.0
Virginia,Lancaster,23,20,22.0,19.0,16,1.0454545454545454,0.8695652173913043,0.8636363636363636,-0.005928853754940677
Virginia,Lunenburg,30,28,30.0,22.0,20,1.0,0.9333333333333333,0.7333333333333333,-0.20000000000000007
Virginia,New Kent,24,19,24.0,19.0,19,1.0,0.7916666666666666,0.7916666666666666,0.0
Virginia,Page,29,26,28.0,17.0,23,1.0357142857142858,0.896551724137931,0.6071428571428571,-0.28940886699507395
Virginia,Prince George,35,29,31.0,25.0,25,1.1290322580645162,0.8285714285714286,0.8064516129032258,-0.02211981566820287
Virginia,Manassas Park,7,6,7.0,4.0,6,1.0,0.8571428571428571,0.5714285714285714,-0.2857142857142857
Virginia,Southampton,49,42,47.0,35.0,23,1.0425531914893618,0.8571428571428571,0.7446808510638298,-0.11246200607902734
Virginia,Sussex,30,27,30.0,26.0,23,1.0,0.9,0.8666666666666667,-0.033333333333333326
Virginia,Repressed,9,3,7.0,4.0,6,1.2857142857142858,0.3333333333333333,0.5714285714285714,0.23809523809523808
Virginia,Harrisonburg,38,34,38.0,28.0,22,1.0,0.8947368421052632,0.7368421052631579,-0.1578947368421053
Virginia,Norton,9,5,9.0,5.0,9,1.0,0.5555555555555556,0.5555555555555556,0.0
Vermont,Windham,20,18,18.0,10.0,17,1.1111111111111112,0.9,0.5555555555555556,-0.34444444444444444
Washington,Kitsap,169,139,161.0,119.0,68,1.049689440993789,0.8224852071005917,0.7391304347826086,-0.08335477231798305
Washington,Pacific,21,19,21.0,20.0,17,1.0,0.9047619047619048,0.9523809523809523,0.04761904761904756
Washington,Wahkiakum,5,5,5.0,4.0,5,1.0,1.0,0.8,-0.19999999999999996
Washington,Whitman,15,12,13.0,7.0,13,1.1538461538461537,0.8,0.5384615384615384,-0.2615384615384616
Wisconsin,Clark,18,17,16.0,12.0,12,1.125,0.9444444444444444,0.75,-0.19444444444444442
Wisconsin,Dodge,28,26,26.0,21.0,28,1.0769230769230769,0.9285714285714286,0.8076923076923077,-0.1208791208791209
Wisconsin,Door,12,12,10.0,10.0,12,1.2,1.0,1.0,0.0
Wisconsin,Forest,17,17,15.0,14.0,10,1.1333333333333333,1.0,0.9333333333333333,-0.06666666666666665
Wisconsin,Green,8,7,8.0,6.0,7,1.0,0.875,0.75,-0.125
Wisconsin,Iowa,12,10,11.0,8.0,9,1.0909090909090908,0.8333333333333334,0.7272727272727273,-0.10606060606060608
Wisconsin,Juneau,20,19,16.0,11.0,16,1.25,0.95,0.6875,-0.26249999999999996
Wisconsin,Kewaunee,10,8,8.0,5.0,7,1.25,0.8,0.625,-0.17500000000000004
Wisconsin,Oconto,25,22,22.0,10.0,12,1.1363636363636365,0.88,0.45454545454545453,-0.4254545454545455
Wisconsin,St. Croix,24,21,23.0,17.0,21,1.0434782608695652,0.875,0.7391304347826086,-0.13586956521739135
Wisconsin,Sawyer,22,20,22.0,19.0,13,1.0,0.9090909090909091,0.8636363636363636,-0.045454545454545414
Wisconsin,Washington,40,35,33.0,28.0,31,1.2121212121212122,0.875,0.8484848484848485,-0.02651515151515149
West Virginia,Brooke,14,13,14.0,12.0,12,1.0,0.9285714285714286,0.8571428571428571,-0.07142857142857151
West Virginia,Hardy,28,27,24.0,21.0,24,1.1666666666666667,0.9642857142857143,0.875,-0.0892857142857143
West Virginia,Jackson,28,28,26.0,18.0,24,1.0769230769230769,1.0,0.6923076923076923,-0.3076923076923077
West Virginia,Mineral,25,24,24.0,20.0,22,1.0416666666666667,0.96,0.8333333333333334,-0.1266666666666666
West Virginia,Preston,22,18,21.0,13.0,17,1.0476190476190477,0.8181818181818182,0.6190476190476191,-0.19913419913419916
West Virginia,Taylor,12,12,11.0,11.0,11,1.0909090909090908,1.0,1.0,0.0
Wyoming,Big Horn,10,9,9.0,8.0,8,1.1111111111111112,0.9,0.8888888888888888,-0.011111111111111183
Wyoming,Goshen,8,8,8.0,7.0,5,1.0,1.0,0.875,-0.125
Wyoming,Hot Springs,13,13,11.0,10.0,10,1.1818181818181819,1.0,0.9090909090909091,-0.09090909090909094
Wyoming,Johnson,8,8,8.0,7.0,6,1.0,1.0,0.875,-0.125
Wyoming,Niobrara,3,3,2.0,2.0,2,1.5,1.0,1.0,0.0
Wyoming,Uinta,26,23,22.0,18.0,20,1.1818181818181819,0.8846153846153846,0.8181818181818182,-0.06643356643356635
Wyoming,Washakie,9,9,9.0,9.0,6,1.0,1.0,1.0,0.0
Alaska,Sitka,3,3,3.0,3.0,3,1.0,1.0,1.0,0.0
Alaska,Skagway-Hoonah-Angoon,1,1,1.0,1.0,1,1.0,1.0,1.0,0.0
Alaska,Northwest Arctic,10,9,11.0,10.0,6,0.9090909090909091,0.9,0.9090909090909091,0.009090909090909038
Alabama,Monroe,58,53,57.0,37.0,37,1.0175438596491229,0.9137931034482759,0.6491228070175439,-0.26467029643073203
Arkansas,Baxter,37,35,36.0,31.0,24,1.0277777777777777,0.9459459459459459,0.8611111111111112,-0.08483483483483478
Arkansas,Cleburne,25,24,20.0,15.0,13,1.25,0.96,0.75,-0.20999999999999996
Arkansas,Cross,47,41,47.0,36.0,28,1.0,0.8723404255319149,0.7659574468085106,-0.1063829787234043
Arkansas,Dallas,31,27,30.0,26.0,21,1.0333333333333334,0.8709677419354839,0.8666666666666667,-0.004301075268817178
Arkansas,Independence,51,41,50.0,35.0,23,1.02,0.803921568627451,0.7,-0.10392156862745106
Arkansas,Lawrence,14,14,13.0,9.0,11,1.0769230769230769,1.0,0.6923076923076923,-0.3076923076923077
Arkansas,Madison,16,15,15.0,13.0,14,1.0666666666666667,0.9375,0.8666666666666667,-0.0708333333333333
Arkansas,Randolph,17,14,17.0,11.0,12,1.0,0.8235294117647058,0.6470588235294118,-0.17647058823529405
Arizona,Apache,26,23,23.0,19.0,23,1.1304347826086956,0.8846153846153846,0.8260869565217391,-0.058528428093645446
Colorado,Gilpin,11,8,11.0,9.0,8,1.0,0.7272727272727273,0.8181818181818182,0.09090909090909094
Colorado,Montezuma,36,33,35.0,27.0,26,1.0285714285714285,0.9166666666666666,0.7714285714285715,-0.14523809523809517
Colorado,Montrose,28,24,27.0,16.0,25,1.037037037037037,0.8571428571428571,0.5925925925925926,-0.26455026455026454
Colorado,Morgan,21,19,18.0,13.0,18,1.1666666666666667,0.9047619047619048,0.7222222222222222,-0.18253968253968256
Colorado,Phillips,3,3,3.0,3.0,3,1.0,1.0,1.0,0.0
Colorado,Pitkin,10,9,8.0,6.0,9,1.25,0.9,0.75,-0.15000000000000002
Colorado,Sedgwick,3,3,3.0,3.0,3,1.0,1.0,1.0,0.0
Florida,Suwannee,52,46,47.0,40.0,29,1.1063829787234043,0.8846153846153846,0.851063829787234,-0.03355155482815053
Georgia,Banks,10,6,10.0,6.0,9,1.0,0.6,0.6,0.0
Georgia,Brantley,13,13,13.0,7.0,12,1.0,1.0,0.5384615384615384,-0.46153846153846156
Georgia,Camden,50,41,50.0,28.0,33,1.0,0.82,0.56,-0.2599999999999999
Georgia,Franklin,37,36,37.0,17.0,22,1.0,0.972972972972973,0.4594594594594595,-0.5135135135135136
Georgia,Habersham,22,20,20.0,14.0,17,1.1,0.9090909090909091,0.7,-0.2090909090909091
Georgia,Heard,5,3,5.0,2.0,5,1.0,0.6,0.4,-0.19999999999999996
Georgia,Irwin,19,15,19.0,9.0,17,1.0,0.7894736842105263,0.47368421052631576,-0.31578947368421056
Georgia,Jeff Davis,23,21,23.0,18.0,18,1.0,0.9130434782608695,0.782608695652174,-0.13043478260869557
Georgia,Pierce,14,14,14.0,9.0,11,1.0,1.0,0.6428571428571429,-0.3571428571428571
Georgia,Pulaski,27,23,29.0,16.0,22,0.9310344827586207,0.8518518518518519,0.5517241379310345,-0.3001277139208174
Georgia,Walton,77,65,100.0,39.0,39,0.77,0.8441558441558441,0.39,-0.4541558441558441
Iowa,Cerro Gordo,22,21,23.0,21.0,17,0.9565217391304348,0.9545454545454546,0.9130434782608695,-0.041501976284585074
Iowa,Jasper,16,13,16.0,13.0,15,1.0,0.8125,0.8125,0.0
Iowa,Louisa,3,3,3.0,3.0,3,1.0,1.0,1.0,0.0
Iowa,Lucas,5,5,5.0,5.0,5,1.0,1.0,1.0,0.0
Idaho,Blaine,14,14,14.0,12.0,10,1.0,1.0,0.8571428571428571,-0.1428571428571429
Idaho,Boise,19,13,18.0,9.0,10,1.0555555555555556,0.6842105263157895,0.5,-0.1842105263157895
Idaho,Clark,3,1,3.0,1.0,3,1.0,0.3333333333333333,0.3333333333333333,0.0
Idaho,Idaho,18,15,18.0,14.0,11,1.0,0.8333333333333334,0.7777777777777778,-0.05555555555555558
Idaho,Lemhi,5,5,5.0,5.0,4,1.0,1.0,1.0,0.0
Idaho,Madison,7,7,6.0,6.0,6,1.1666666666666667,1.0,1.0,0.0
Idaho,Nez Perce,38,37,37.0,29.0,27,1.027027027027027,0.9736842105263158,0.7837837837837838,-0.18990042674253205
Illinois,Clinton,5,5,5.0,4.0,5,1.0,1.0,0.8,-0.19999999999999996
Illinois,Henry,1,1,1.0,1.0,1,1.0,1.0,1.0,0.0
Illinois,Iroquois,5,4,5.0,3.0,4,1.0,0.8,0.6,-0.20000000000000007
Illinois,Jersey,4,4,4.0,4.0,4,1.0,1.0,1.0,0.0
Illinois,Marshall,4,3,4.0,4.0,4,1.0,0.75,1.0,0.25
Illinois,Richland,6,5,6.0,1.0,3,1.0,0.8333333333333334,0.16666666666666666,-0.6666666666666667
Illinois,Scott,2,2,2.0,2.0,1,1.0,1.0,1.0,0.0
Illinois,Wabash,5,5,4.0,4.0,4,1.25,1.0,1.0,0.0
Illinois,Whiteside,12,7,12.0,6.0,9,1.0,0.5833333333333334,0.5,-0.08333333333333337
Indiana,Fayette,14,14,13.0,13.0,7,1.0769230769230769,1.0,1.0,0.0
Indiana,Huntington,18,14,17.0,10.0,17,1.0588235294117647,0.7777777777777778,0.5882352941176471,-0.1895424836601307
Indiana,Noble,12,11,12.0,6.0,12,1.0,0.9166666666666666,0.5,-0.41666666666666663
Indiana,Rush,6,6,6.0,5.0,6,1.0,1.0,0.8333333333333334,-0.16666666666666663
Indiana,Steuben,30,23,31.0,17.0,20,0.967741935483871,0.7666666666666667,0.5483870967741935,-0.2182795698924732
Indiana,Miami,12,9,12.0,6.0,9,1.0,0.75,0.5,-0.25
Indiana,Posey,16,11,16.0,7.0,13,1.0,0.6875,0.4375,-0.25
Kansas,Allen,8,5,8.0,3.0,6,1.0,0.625,0.375,-0.25
Kansas,Jewell,2,1,2.0,1.0,2,1.0,0.5,0.5,0.0
Kansas,Rice,6,5,6.0,1.0,3,1.0,0.8333333333333334,0.16666666666666666,-0.6666666666666667
Kansas,Sherman,7,5,7.0,5.0,5,1.0,0.7142857142857143,0.7142857142857143,0.0
Kansas,Stevens,2,2,2.0,2.0,2,1.0,1.0,1.0,0.0
Kansas,Sumner,24,24,22.0,18.0,13,1.0909090909090908,1.0,0.8181818181818182,-0.18181818181818177
Kansas,Trego,2,2,2.0,2.0,2,1.0,1.0,1.0,0.0
Kentucky,Adair,54,48,52.0,42.0,13,1.0384615384615385,0.8888888888888888,0.8076923076923077,-0.08119658119658113
Kentucky,Allen,9,5,9.0,5.0,7,1.0,0.5555555555555556,0.5555555555555556,0.0
Kentucky,Ballard,5,5,4.0,4.0,4,1.25,1.0,1.0,0.0
Kentucky,Estill,19,17,18.0,15.0,9,1.0555555555555556,0.8947368421052632,0.8333333333333334,-0.06140350877192979
Kentucky,Greenup,20,12,20.0,12.0,14,1.0,0.6,0.6,0.0
Kentucky,Knott,23,20,23.0,19.0,10,1.0,0.8695652173913043,0.8260869565217391,-0.04347826086956519
Kentucky,Owsley,15,12,15.0,12.0,5,1.0,0.8,0.8,0.0
Kentucky,Woodford,17,13,15.0,12.0,12,1.1333333333333333,0.7647058823529411,0.8,0.03529411764705892
Louisiana,Tensas,15,14,14.0,13.0,11,1.0714285714285714,0.9333333333333333,0.9285714285714286,-0.004761904761904745
Maryland,Queen Anne's,40,38,33.0,28.0,29,1.2121212121212122,0.95,0.8484848484848485,-0.10151515151515145
Michigan,Arenac,9,8,7.0,2.0,9,1.2857142857142858,0.8888888888888888,0.2857142857142857,-0.6031746031746031
Michigan,Clare,33,27,32.0,21.0,16,1.03125,0.8181818181818182,0.65625,-0.16193181818181823
Michigan,Grand Traverse,22,21,20.0,11.0,19,1.1,0.9545454545454546,0.55,-0.40454545454545454
Michigan,Gratiot,13,13,13.0,8.0,12,1.0,1.0,0.6153846153846154,-0.3846153846153846
Michigan,Oceana,29,26,29.0,9.0,20,1.0,0.896551724137931,0.3103448275862069,-0.5862068965517242
Minnesota,Carver,27,25,23.0,18.0,19,1.173913043478261,0.9259259259259259,0.782608695652174,-0.14331723027375198
Minnesota,Douglas,14,14,12.0,11.0,13,1.1666666666666667,1.0,0.9166666666666666,-0.08333333333333337
Minnesota,Mower,24,23,23.0,18.0,18,1.0434782608695652,0.9583333333333334,0.782608695652174,-0.17572463768115942
Minnesota,Swift,3,3,3.0,3.0,3,1.0,1.0,1.0,0.0
Missouri,Adair,14,14,14.0,13.0,11,1.0,1.0,0.9285714285714286,-0.0714285714285714
Missouri,Audrain,26,23,25.0,20.0,21,1.04,0.8846153846153846,0.8,-0.08461538461538454
Missouri,Carroll,12,11,13.0,12.0,10,0.9230769230769231,0.9166666666666666,0.9230769230769231,0.0064102564102564985
Missouri,Dade,4,4,4.0,4.0,4,1.0,1.0,1.0,0.0
Missouri,McDonald,24,24,23.0,21.0,19,1.0434782608695652,1.0,0.9130434782608695,-0.08695652173913049
Missouri,Marion,25,20,25.0,21.0,20,1.0,0.8,0.84,0.039999999999999925
Missouri,Montgomery,9,7,9.0,6.0,9,1.0,0.7777777777777778,0.6666666666666666,-0.11111111111111116
Missouri,Pemiscot,40,38,40.0,36.0,25,1.0,0.95,0.9,-0.04999999999999993
Missouri,Perry,16,16,16.0,12.0,13,1.0,1.0,0.75,-0.25
Missouri,Randolph,21,17,18.0,15.0,15,1.1666666666666667,0.8095238095238095,0.8333333333333334,0.023809523809523836
Missouri,Ripley,24,23,23.0,16.0,16,1.0434782608695652,0.9583333333333334,0.6956521739130435,-0.2626811594202899
Missouri,Stoddard,19,18,19.0,18.0,13,1.0,0.9473684210526315,0.9473684210526315,0.0
Missouri,Stone,23,21,20.0,18.0,15,1.15,0.9130434782608695,0.9,-0.01304347826086949
Mississippi,Carroll,1,1,1.0,1.0,1,1.0,1.0,1.0,0.0
Mississippi,Clarke,22,22,22.0,17.0,12,1.0,1.0,0.7727272727272727,-0.2272727272727273
Mississippi,Grenada,73,52,73.0,51.0,28,1.0,0.7123287671232876,0.6986301369863014,-0.013698630136986245
Mississippi,Marshall,39,39,39.0,33.0,16,1.0,1.0,0.8461538461538461,-0.15384615384615385
Mississippi,Noxubee,4,4,4.0,2.0,3,1.0,1.0,0.5,-0.5
Mississippi,Simpson,36,34,35.0,28.0,23,1.0285714285714285,0.9444444444444444,0.8,-0.14444444444444438
Mississippi,Tippah,16,15,14.0,5.0,11,1.1428571428571428,0.9375,0.35714285714285715,-0.5803571428571428
Nebraska,Adams,18,17,19.0,15.0,17,0.9473684210526315,0.9444444444444444,0.7894736842105263,-0.1549707602339181
North Carolina,Ashe,32,30,28.0,27.0,20,1.1428571428571428,0.9375,0.9642857142857143,0.0267857142857143
North Carolina,Gates,16,13,15.0,10.0,9,1.0666666666666667,0.8125,0.6666666666666666,-0.14583333333333337
North Dakota,Morton,15,14,15.0,11.0,12,1.0,0.9333333333333333,0.7333333333333333,-0.20000000000000007
North Dakota,Ward,34,29,34.0,24.0,21,1.0,0.8529411764705882,0.7058823529411765,-0.1470588235294117
New Jersey,Sussex,54,43,53.0,42.0,45,1.0188679245283019,0.7962962962962963,0.7924528301886793,-0.0038434661076169885
New Mexico,Colfax,11,11,11.0,8.0,10,1.0,1.0,0.7272727272727273,-0.2727272727272727
New Mexico,Los Alamos,8,7,5.0,3.0,7,1.6,0.875,0.6,-0.275
New York,Fulton,22,20,21.0,20.0,19,1.0476190476190477,0.9090909090909091,0.9523809523809523,0.04329004329004327
New York,Ontario,47,42,49.0,36.0,35,0.9591836734693877,0.8936170212765957,0.7346938775510204,-0.15892314372557526
New York,Tompkins,50,40,51.0,37.0,35,0.9803921568627451,0.8,0.7254901960784313,-0.0745098039215687
New York,Cortland,15,13,15.0,9.0,12,1.0,0.8666666666666667,0.6,-0.2666666666666667
New York,Hamilton,3,3,3.0,3.0,3,1.0,1.0,1.0,0.0
Ohio,Ashland,24,20,21.0,15.0,18,1.1428571428571428,0.8333333333333334,0.7142857142857143,-0.11904761904761907
Ohio,Athens,22,18,21.0,13.0,16,1.0476190476190477,0.8181818181818182,0.6190476190476191,-0.19913419913419916
Ohio,Belmont,30,27,28.0,21.0,19,1.0714285714285714,0.9,0.75,-0.15000000000000002
Ohio,Hocking,19,16,19.0,9.0,13,1.0,0.8421052631578947,0.47368421052631576,-0.3684210526315789
Oklahoma,Cimarron,9,8,9.0,5.0,9,1.0,0.8888888888888888,0.5555555555555556,-0.33333333333333326
Oklahoma,Coal,13,13,12.0,12.0,13,1.0833333333333333,1.0,1.0,0.0
Oklahoma,Dewey,5,5,3.0,2.0,5,1.6666666666666667,1.0,0.6666666666666666,-0.33333333333333337
Oklahoma,Jefferson,20,16,20.0,17.0,16,1.0,0.8,0.85,0.04999999999999993
Oklahoma,Latimer,31,26,26.0,21.0,19,1.1923076923076923,0.8387096774193549,0.8076923076923077,-0.03101736972704716
Oklahoma,Love,21,19,18.0,15.0,16,1.1666666666666667,0.9047619047619048,0.8333333333333334,-0.0714285714285714
Oklahoma,Marshall,20,17,18.0,13.0,15,1.1111111111111112,0.85,0.7222222222222222,-0.12777777777777777
Oklahoma,Murray,15,12,15.0,11.0,14,1.0,0.8,0.7333333333333333,-0.06666666666666676
Oklahoma,Pushmataha,37,35,32.0,26.0,26,1.15625,0.9459459459459459,0.8125,-0.13344594594594594
Oregon,Benton,40,36,33.0,24.0,28,1.2121212121212122,0.9,0.7272727272727273,-0.17272727272727273
Oregon,Hood River,17,16,14.0,10.0,15,1.2142857142857142,0.9411764705882353,0.7142857142857143,-0.22689075630252098
Oregon,Jefferson,23,23,17.0,15.0,19,1.3529411764705883,1.0,0.8823529411764706,-0.11764705882352944
Oregon,Polk,60,54,42.0,26.0,30,1.4285714285714286,0.9,0.6190476190476191,-0.28095238095238095
Pennsylvania,Forest,12,12,10.0,10.0,9,1.2,1.0,1.0,0.0
Pennsylvania,Potter,27,27,23.0,20.0,17,1.173913043478261,1.0,0.8695652173913043,-0.13043478260869568
Pennsylvania,Snyder,16,12,15.0,11.0,14,1.0666666666666667,0.75,0.7333333333333333,-0.01666666666666672
Pennsylvania,Warren,31,30,29.0,29.0,20,1.0689655172413792,0.967741935483871,1.0,0.032258064516129004
South Dakota,Codington,9,8,8.0,7.0,9,1.125,0.8888888888888888,0.875,-0.01388888888888884
South Dakota,Custer,3,3,3.0,2.0,2,1.0,1.0,0.6666666666666666,-0.33333333333333337
South Dakota,Hughes,72,70,62.0,48.0,19,1.1612903225806452,0.9722222222222222,0.7741935483870968,-0.19802867383512546
South Dakota,Lawrence,12,9,12.0,8.0,11,1.0,0.75,0.6666666666666666,-0.08333333333333337
South Dakota,Lyman,1,1,1.0,0.0,1,1.0,1.0,0.0,-1.0
South Dakota,Walworth,5,5,5.0,4.0,5,1.0,1.0,0.8,-0.19999999999999996
Tennessee,Cheatham,28,23,28.0,22.0,16,1.0,0.8214285714285714,0.7857142857142857,-0.0357142857142857
Tennessee,Chester,17,17,16.0,15.0,13,1.0625,1.0,0.9375,-0.0625
Tennessee,Grainger,31,27,31.0,24.0,20,1.0,0.8709677419354839,0.7741935483870968,-0.09677419354838712
Tennessee,Moore,4,3,4.0,2.0,4,1.0,0.75,0.5,-0.25
Texas,Baylor,8,7,8.0,7.0,8,1.0,0.875,0.875,0.0
Texas,Crockett,11,9,9.0,7.0,10,1.2222222222222223,0.8181818181818182,0.7777777777777778,-0.04040404040404044
Texas,Culberson,15,13,14.0,11.0,9,1.0714285714285714,0.8666666666666667,0.7857142857142857,-0.080952380952381
Texas,Dawson,29,28,28.0,25.0,18,1.0357142857142858,0.9655172413793104,0.8928571428571429,-0.07266009852216748
Texas,Edwards,14,12,13.0,7.0,9,1.0769230769230769,0.8571428571428571,0.5384615384615384,-0.31868131868131866
Texas,Hall,9,9,8.0,7.0,8,1.125,1.0,0.875,-0.125
Texas,Hamilton,22,18,20.0,16.0,13,1.1,0.8181818181818182,0.8,-0.018181818181818188
Texas,Hockley,29,27,27.0,23.0,21,1.0740740740740742,0.9310344827586207,0.8518518518518519,-0.0791826309067688
Texas,Jim Hogg,4,4,4.0,4.0,3,1.0,1.0,1.0,0.0
Texas,Kenedy,3,1,3.0,1.0,3,1.0,0.3333333333333333,0.3333333333333333,0.0
Texas,Kimble,8,6,7.0,4.0,8,1.1428571428571428,0.75,0.5714285714285714,-0.1785714285714286
Texas,Lavaca,33,29,32.0,24.0,22,1.03125,0.8787878787878788,0.75,-0.12878787878787878
Texas,Lipscomb,2,2,1.0,1.0,2,2.0,1.0,1.0,0.0
Texas,McCulloch,11,10,11.0,8.0,9,1.0,0.9090909090909091,0.7272727272727273,-0.18181818181818177
Texas,Martin,7,7,7.0,6.0,7,1.0,1.0,0.8571428571428571,-0.1428571428571429
Texas,Mason,5,4,5.0,3.0,3,1.0,0.8,0.6,-0.20000000000000007
Texas,Throckmorton,7,7,6.0,5.0,4,1.1666666666666667,1.0,0.8333333333333334,-0.16666666666666663
Texas,Wheeler,11,10,11.0,10.0,10,1.0,0.9090909090909091,0.9090909090909091,0.0
Utah,Daggett,4,4,4.0,4.0,3,1.0,1.0,1.0,0.0
Utah,Wasatch,9,6,9.0,5.0,6,1.0,0.6666666666666666,0.5555555555555556,-0.11111111111111105
Virginia,Craig,7,7,7.0,7.0,6,1.0,1.0,1.0,0.0
Virginia,Goochland,35,28,35.0,22.0,23,1.0,0.8,0.6285714285714286,-0.17142857142857149
Virginia,Grayson,28,27,28.0,21.0,18,1.0,0.9642857142857143,0.75,-0.2142857142857143
Virginia,Scott,45,45,44.0,35.0,26,1.0227272727272727,1.0,0.7954545454545454,-0.20454545454545459
Virginia,Galax,21,20,21.0,19.0,13,1.0,0.9523809523809523,0.9047619047619048,-0.04761904761904756
Vermont,Chittenden,68,62,64.0,29.0,45,1.0625,0.9117647058823529,0.453125,-0.4586397058823529
Washington,Asotin,17,16,16.0,14.0,16,1.0625,0.9411764705882353,0.875,-0.06617647058823528
Washington,Kittitas,20,14,16.0,9.0,17,1.25,0.7,0.5625,-0.13749999999999996
Washington,San Juan,12,12,12.0,12.0,8,1.0,1.0,1.0,0.0
Wisconsin,Barron,20,18,18.0,13.0,13,1.1111111111111112,0.9,0.7222222222222222,-0.1777777777777778
Wisconsin,La Crosse,48,42,43.0,35.0,30,1.1162790697674418,0.875,0.813953488372093,-0.061046511627906974
Wisconsin,Marquette,4,4,4.0,3.0,4,1.0,1.0,0.75,-0.25
Wisconsin,Portage,28,27,25.0,21.0,20,1.12,0.9642857142857143,0.84,-0.12428571428571433
Wisconsin,Sauk,31,30,30.0,24.0,24,1.0333333333333334,0.967741935483871,0.8,-0.16774193548387095
Wisconsin,Vilas,18,18,17.0,15.0,15,1.0588235294117647,1.0,0.8823529411764706,-0.11764705882352944
Wisconsin,Washburn,13,12,13.0,12.0,9,1.0,0.9230769230769231,0.9230769230769231,0.0
West Virginia,Barbour,11,11,10.0,7.0,9,1.1,1.0,0.7,-0.30000000000000004
West Virginia,Doddridge,8,7,6.0,5.0,6,1.3333333333333333,0.875,0.8333333333333334,-0.04166666666666663
West Virginia,Gilmer,9,8,9.0,7.0,7,1.0,0.8888888888888888,0.7777777777777778,-0.11111111111111105
West Virginia,Hampshire,30,29,27.0,25.0,22,1.1111111111111112,0.9666666666666667,0.9259259259259259,-0.040740740740740744
West Virginia,Monroe,21,21,18.0,14.0,16,1.1666666666666667,1.0,0.7777777777777778,-0.2222222222222222
West Virginia,Morgan,21,20,20.0,15.0,16,1.05,0.9523809523809523,0.75,-0.20238095238095233
West Virginia,Tucker,9,7,9.0,6.0,6,1.0,0.7777777777777778,0.6666666666666666,-0.11111111111111116
West Virginia,Wetzel,15,13,13.0,9.0,11,1.1538461538461537,0.8666666666666667,0.6923076923076923,-0.1743589743589744
Wyoming,Sheridan,23,20,18.0,13.0,21,1.2777777777777777,0.8695652173913043,0.7222222222222222,-0.1473429951690821
Alaska,Ketchikan Gateway,16,15,12.0,11.0,10,1.3333333333333333,0.9375,0.9166666666666666,-0.02083333333333337
Alaska,Kodiak Island,7,4,4.0,4.0,4,1.75,0.5714285714285714,1.0,0.4285714285714286
Alabama,Conecuh,19,12,19.0,6.0,14,1.0,0.631578947368421,0.3157894736842105,-0.3157894736842105
Arkansas,Cleveland,11,11,11.0,10.0,11,1.0,1.0,0.9090909090909091,-0.09090909090909094
Arkansas,Howard,21,21,20.0,20.0,18,1.05,1.0,1.0,0.0
Arkansas,Izard,8,6,8.0,5.0,6,1.0,0.75,0.625,-0.125
Arizona,La Paz,34,26,33.0,23.0,18,1.0303030303030303,0.7647058823529411,0.696969696969697,-0.06773618538324411
Colorado,Clear Creek,15,11,12.0,9.0,10,1.25,0.7333333333333333,0.75,0.01666666666666672
Colorado,Eagle,20,19,17.0,15.0,17,1.1764705882352942,0.95,0.8823529411764706,-0.0676470588235294
Colorado,Gunnison,7,7,7.0,7.0,7,1.0,1.0,1.0,0.0
Colorado,Kit Carson,6,6,6.0,6.0,4,1.0,1.0,1.0,0.0
Colorado,Lake,5,5,5.0,5.0,5,1.0,1.0,1.0,0.0
Colorado,Logan,13,13,12.0,9.0,11,1.0833333333333333,1.0,0.75,-0.25
Colorado,Rio Grande,25,23,24.0,18.0,17,1.0416666666666667,0.92,0.75,-0.17000000000000004
Colorado,Saguache,17,15,17.0,15.0,16,1.0,0.8823529411764706,0.8823529411764706,0.0
Colorado,Washington,3,2,3.0,2.0,3,1.0,0.6666666666666666,0.6666666666666666,0.0
Colorado,Yuma,5,4,5.0,4.0,4,1.0,0.8,0.8,0.0
Florida,Lafayette,9,8,7.0,5.0,8,1.2857142857142858,0.8888888888888888,0.7142857142857143,-0.17460317460317454
Georgia,Dawson,19,16,18.0,10.0,15,1.0555555555555556,0.8421052631578947,0.5555555555555556,-0.2865497076023391
Georgia,Early,19,17,22.0,7.0,13,0.8636363636363636,0.8947368421052632,0.3181818181818182,-0.5765550239234449
Georgia,Jasper,17,13,16.0,3.0,11,1.0625,0.7647058823529411,0.1875,-0.5772058823529411
Georgia,Lamar,21,20,19.0,16.0,15,1.105263157894737,0.9523809523809523,0.8421052631578947,-0.11027568922305764
Georgia,Meriwether,34,33,33.0,29.0,19,1.0303030303030303,0.9705882352941176,0.8787878787878788,-0.09180035650623886
Georgia,Wheeler,9,8,8.0,6.0,8,1.125,0.8888888888888888,0.75,-0.13888888888888884
Iowa,Boone,9,8,9.0,7.0,8,1.0,0.8888888888888888,0.7777777777777778,-0.11111111111111105
Iowa,Buena Vista,13,11,12.0,11.0,10,1.0833333333333333,0.8461538461538461,0.9166666666666666,0.07051282051282048
Iowa,Butler,7,7,7.0,7.0,4,1.0,1.0,1.0,0.0
Iowa,Fremont,3,2,3.0,2.0,3,1.0,0.6666666666666666,0.6666666666666666,0.0
Iowa,Jones,3,3,3.0,3.0,3,1.0,1.0,1.0,0.0
Iowa,Mahaska,7,7,7.0,4.0,7,1.0,1.0,0.5714285714285714,-0.4285714285714286
Iowa,Story,23,22,23.0,20.0,18,1.0,0.9565217391304348,0.8695652173913043,-0.08695652173913049
Iowa,Union,3,3,3.0,1.0,3,1.0,1.0,0.3333333333333333,-0.6666666666666667
Idaho,Bear Lake,4,4,4.0,4.0,4,1.0,1.0,1.0,0.0
Idaho,Boundary,14,12,13.0,11.0,9,1.0769230769230769,0.8571428571428571,0.8461538461538461,-0.01098901098901095
Idaho,Caribou,5,5,4.0,3.0,5,1.25,1.0,0.75,-0.25
Idaho,Fremont,6,4,6.0,3.0,5,1.0,0.6666666666666666,0.5,-0.16666666666666663
Idaho,Jerome,15,13,15.0,11.0,12,1.0,0.8666666666666667,0.7333333333333333,-0.13333333333333341
Illinois,Bond,7,6,6.0,4.0,4,1.1666666666666667,0.8571428571428571,0.6666666666666666,-0.19047619047619047
Illinois,Boone,8,8,8.0,7.0,7,1.0,1.0,0.875,-0.125
Illinois,Brown,2,1,2.0,0.0,1,1.0,0.5,0.0,-0.5
Illinois,Cumberland,2,2,2.0,2.0,2,1.0,1.0,1.0,0.0
Illinois,Douglas,3,3,3.0,2.0,2,1.0,1.0,0.6666666666666666,-0.33333333333333337
Illinois,Ford,2,0,2.0,0.0,2,1.0,0.0,0.0,0.0
Illinois,McDonough,5,5,5.0,4.0,4,1.0,1.0,0.8,-0.19999999999999996
Illinois,Macoupin,5,4,5.0,4.0,5,1.0,0.8,0.8,0.0
Illinois,Menard,2,2,2.0,2.0,2,1.0,1.0,1.0,0.0
Illinois,Perry,7,7,7.0,7.0,6,1.0,1.0,1.0,0.0
Illinois,Wayne,2,2,2.0,2.0,2,1.0,1.0,1.0,0.0
Indiana,Clay,23,16,21.0,8.0,17,1.0952380952380953,0.6956521739130435,0.38095238095238093,-0.3146997929606625
Indiana,Clinton,6,6,5.0,3.0,6,1.2,1.0,0.6,-0.4
Indiana,Pulaski,18,16,18.0,9.0,16,1.0,0.8888888888888888,0.5,-0.38888888888888884
Indiana,Greene,33,30,34.0,16.0,21,0.9705882352941176,0.9090909090909091,0.47058823529411764,-0.4385026737967914
Indiana,Owen,9,7,8.0,4.0,8,1.125,0.7777777777777778,0.5,-0.2777777777777778
Kansas,Comanche,2,2,2.0,2.0,2,1.0,1.0,1.0,0.0
Kansas,Harper,3,3,2.0,2.0,2,1.5,1.0,1.0,0.0
Kansas,Lyon,31,27,31.0,19.0,20,1.0,0.8709677419354839,0.6129032258064516,-0.25806451612903225
Kansas,Morris,2,2,2.0,2.0,2,1.0,1.0,1.0,0.0
Kansas,Stanton,5,2,5.0,1.0,3,1.0,0.4,0.2,-0.2
Kansas,Washington,2,2,2.0,1.0,2,1.0,1.0,0.5,-0.5
Kentucky,Hickman,8,6,8.0,5.0,8,1.0,0.75,0.625,-0.125
Kentucky,McLean,4,4,4.0,4.0,4,1.0,1.0,1.0,0.0
Kentucky,Mason,8,6,12.0,8.0,8,0.6666666666666666,0.75,0.6666666666666666,-0.08333333333333337
Maine,Knox,22,20,21.0,19.0,19,1.0476190476190477,0.9090909090909091,0.9047619047619048,-0.0043290043290042934
Maine,Oxford,38,36,30.0,28.0,26,1.2666666666666666,0.9473684210526315,0.9333333333333333,-0.014035087719298178
Michigan,Midland,31,25,31.0,5.0,19,1.0,0.8064516129032258,0.16129032258064516,-0.6451612903225806
Minnesota,Carlton,17,17,16.0,14.0,15,1.0625,1.0,0.875,-0.125
Minnesota,Chisago,18,16,17.0,14.0,12,1.0588235294117647,0.8888888888888888,0.8235294117647058,-0.065359477124183
Minnesota,Kandiyohi,25,23,26.0,22.0,20,0.9615384615384616,0.92,0.8461538461538461,-0.0738461538461539
Minnesota,Lincoln,2,2,2.0,2.0,1,1.0,1.0,1.0,0.0
Minnesota,Lyon,4,4,4.0,3.0,4,1.0,1.0,0.75,-0.25
Minnesota,Nobles,4,4,4.0,4.0,4,1.0,1.0,1.0,0.0
Minnesota,Todd,20,19,20.0,16.0,14,1.0,0.95,0.8,-0.1499999999999999
Missouri,Andrew,13,11,11.0,9.0,10,1.1818181818181819,0.8461538461538461,0.8181818181818182,-0.027972027972027913
Missouri,De Kalb,2,2,2.0,0.0,1,1.0,1.0,0.0,-1.0
Missouri,Holt,3,0,3.0,0.0,3,1.0,0.0,0.0,0.0
Missouri,Howell,42,40,41.0,28.0,29,1.024390243902439,0.9523809523809523,0.6829268292682927,-0.2694541231126596
Missouri,Moniteau,5,4,5.0,3.0,5,1.0,0.8,0.6,-0.20000000000000007
Missouri,Nodaway,15,15,15.0,12.0,12,1.0,1.0,0.8,-0.19999999999999996
Missouri,Webster,14,13,12.0,12.0,11,1.1666666666666667,0.9285714285714286,1.0,0.0714285714285714
Mississippi,Kemper,4,4,4.0,3.0,3,1.0,1.0,0.75,-0.25
Mississippi,Panola,44,37,45.0,28.0,29,0.9777777777777777,0.8409090909090909,0.6222222222222222,-0.2186868686868687
Mississippi,Tishomingo,16,16,14.0,8.0,11,1.1428571428571428,1.0,0.5714285714285714,-0.4285714285714286
Montana,Beaverhead,4,4,3.0,2.0,4,1.3333333333333333,1.0,0.6666666666666666,-0.33333333333333337
Montana,Cascade,63,59,61.0,44.0,27,1.0327868852459017,0.9365079365079365,0.7213114754098361,-0.21519646109810042
Montana,Deer Lodge,11,11,10.0,7.0,8,1.1,1.0,0.7,-0.30000000000000004
Montana,Hill,14,14,13.0,8.0,12,1.0769230769230769,1.0,0.6153846153846154,-0.3846153846153846
Montana,Jefferson,1,1,2.0,2.0,1,0.5,1.0,1.0,0.0
Montana,Lake,24,22,21.0,12.0,16,1.1428571428571428,0.9166666666666666,0.5714285714285714,-0.34523809523809523
Montana,Pondera,4,4,3.0,1.0,4,1.3333333333333333,1.0,0.3333333333333333,-0.6666666666666667
Nebraska,Platte,18,18,18.0,16.0,14,1.0,1.0,0.8888888888888888,-0.11111111111111116
North Carolina,Clay,10,10,9.0,7.0,7,1.1111111111111112,1.0,0.7777777777777778,-0.2222222222222222
North Carolina,Pamlico,15,15,13.0,12.0,12,1.1538461538461537,1.0,0.9230769230769231,-0.07692307692307687
North Carolina,Swain,15,13,15.0,10.0,13,1.0,0.8666666666666667,0.6666666666666666,-0.20000000000000007
North Dakota,Pembina,7,6,7.0,6.0,5,1.0,0.8571428571428571,0.8571428571428571,0.0
North Dakota,Stutsman,10,9,9.0,8.0,8,1.1111111111111112,0.9,0.8888888888888888,-0.011111111111111183
New Mexico,Catron,8,6,8.0,5.0,5,1.0,0.75,0.625,-0.125
New Mexico,Taos,30,26,30.0,14.0,23,1.0,0.8666666666666667,0.4666666666666667,-0.4
New Mexico,Union,8,6,7.0,6.0,7,1.1428571428571428,0.75,0.8571428571428571,0.1071428571428571
Nevada,Esmeralda,3,1,2.0,0.0,2,1.5,0.3333333333333333,0.0,-0.3333333333333333
Nevada,Eureka,2,2,2.0,1.0,2,1.0,1.0,0.5,-0.5
Nevada,Lander,10,10,9.0,6.0,7,1.1111111111111112,1.0,0.6666666666666666,-0.33333333333333337
New York,Essex,21,19,21.0,19.0,13,1.0,0.9047619047619048,0.9047619047619048,0.0
New York,Seneca,15,10,14.0,8.0,13,1.0714285714285714,0.6666666666666666,0.5714285714285714,-0.09523809523809523
Ohio,Delaware,44,33,42.0,30.0,29,1.0476190476190477,0.75,0.7142857142857143,-0.0357142857142857
Ohio,Fulton,23,18,22.0,7.0,17,1.0454545454545454,0.782608695652174,0.3181818181818182,-0.46442687747035577
Oklahoma,Beaver,5,5,5.0,5.0,5,1.0,1.0,1.0,0.0
Oklahoma,Grant,4,4,2.0,1.0,4,2.0,1.0,0.5,-0.5
Oklahoma,Harper,2,1,1.0,0.0,2,2.0,0.5,0.0,-0.5
Oklahoma,Woods,4,4,3.0,2.0,4,1.3333333333333333,1.0,0.6666666666666666,-0.33333333333333337
Pennsylvania,Mifflin,22,18,17.0,13.0,16,1.2941176470588236,0.8181818181818182,0.7647058823529411,-0.05347593582887711
South Dakota,Day,3,2,3.0,2.0,3,1.0,0.6666666666666666,0.6666666666666666,0.0
South Dakota,Lincoln,4,2,4.0,2.0,4,1.0,0.5,0.5,0.0
South Dakota,Miner,6,6,5.0,4.0,5,1.2,1.0,0.8,-0.19999999999999996
South Dakota,Union,7,7,7.0,7.0,3,1.0,1.0,1.0,0.0
Tennessee,Sequatchie,15,14,14.0,13.0,11,1.0714285714285714,0.9333333333333333,0.9285714285714286,-0.004761904761904745
Tennessee,Smith,13,11,12.0,9.0,11,1.0833333333333333,0.8461538461538461,0.75,-0.09615384615384615
Texas,Carson,12,9,11.0,7.0,8,1.0909090909090908,0.75,0.6363636363636364,-0.11363636363636365
Texas,Deaf Smith,23,21,23.0,19.0,17,1.0,0.9130434782608695,0.8260869565217391,-0.08695652173913038
Texas,Dickens,6,6,6.0,6.0,5,1.0,1.0,1.0,0.0
Texas,Haskell,10,9,10.0,6.0,8,1.0,0.9,0.6,-0.30000000000000004
Texas,Jeff Davis,4,4,4.0,4.0,4,1.0,1.0,1.0,0.0
Texas,Menard,5,4,5.0,4.0,5,1.0,0.8,0.8,0.0
Texas,Refugio,7,6,7.0,6.0,6,1.0,0.8571428571428571,0.8571428571428571,0.0
Texas,Yoakum,8,8,8.0,5.0,7,1.0,1.0,0.625,-0.375
Utah,Rich,1,1,1.0,0.0,1,1.0,1.0,0.0,-1.0
Utah,Summit,20,16,20.0,14.0,17,1.0,0.8,0.7,-0.10000000000000009
Virginia,Charles City,13,13,12.0,10.0,12,1.0833333333333333,1.0,0.8333333333333334,-0.16666666666666663
Virginia,Floyd,20,20,17.0,13.0,16,1.1764705882352942,1.0,0.7647058823529411,-0.23529411764705888
Virginia,King and Queen,12,8,10.0,4.0,10,1.2,0.6666666666666666,0.4,-0.2666666666666666
Virginia,Nelson,20,18,20.0,18.0,16,1.0,0.9,0.9,0.0
Virginia,Surry,13,13,12.0,12.0,11,1.0833333333333333,1.0,1.0,0.0
Virginia,Radford,10,10,10.0,10.0,10,1.0,1.0,1.0,0.0
Virginia,Staunton,26,23,26.0,21.0,20,1.0,0.8846153846153846,0.8076923076923077,-0.07692307692307687
Washington,Pend Oreille,19,16,18.0,15.0,15,1.0555555555555556,0.8421052631578947,0.8333333333333334,-0.00877192982456132
Wisconsin,Jackson,17,14,16.0,9.0,14,1.0625,0.8235294117647058,0.5625,-0.26102941176470584
Wisconsin,Lafayette,9,9,7.0,6.0,6,1.2857142857142858,1.0,0.8571428571428571,-0.1428571428571429
Wisconsin,Lincoln,13,12,12.0,7.0,11,1.0833333333333333,0.9230769230769231,0.5833333333333334,-0.33974358974358976
Wisconsin,Taylor,14,8,15.0,7.0,12,0.9333333333333333,0.5714285714285714,0.4666666666666667,-0.10476190476190472
Wisconsin,Trempealeau,9,8,7.0,5.0,8,1.2857142857142858,0.8888888888888888,0.7142857142857143,-0.17460317460317454
West Virginia,Lewis,22,22,22.0,18.0,20,1.0,1.0,0.8181818181818182,-0.18181818181818177
West Virginia,Pleasants,9,9,7.0,5.0,8,1.2857142857142858,1.0,0.7142857142857143,-0.2857142857142857
Arkansas,Logan,18,16,18.0,8.0,13,1.0,0.8888888888888888,0.4444444444444444,-0.4444444444444444
California,Amador,29,24,25.0,19.0,17,1.16,0.8275862068965517,0.76,-0.0675862068965517
Colorado,Bent,6,3,6.0,3.0,6,1.0,0.5,0.5,0.0
Colorado,Conejos,11,10,10.0,5.0,8,1.1,0.9090909090909091,0.5,-0.40909090909090906
Colorado,Jackson,2,1,2.0,1.0,2,1.0,0.5,0.5,0.0
Colorado,Prowers,15,12,14.0,9.0,12,1.0714285714285714,0.8,0.6428571428571429,-0.15714285714285714
Colorado,Routt,11,11,11.0,10.0,9,1.0,1.0,0.9090909090909091,-0.09090909090909094
Florida,Gilchrist,17,15,17.0,15.0,9,1.0,0.8823529411764706,0.8823529411764706,0.0
Georgia,Evans,7,7,6.0,4.0,6,1.1666666666666667,1.0,0.6666666666666666,-0.33333333333333337
Georgia,Madison,10,6,10.0,4.0,8,1.0,0.6,0.4,-0.19999999999999996
Georgia,Rabun,19,15,18.0,11.0,13,1.0555555555555556,0.7894736842105263,0.6111111111111112,-0.17836257309941517
Georgia,Screven,21,16,19.0,9.0,14,1.105263157894737,0.7619047619047619,0.47368421052631576,-0.2882205513784461
Georgia,Tattnall,25,23,25.0,13.0,17,1.0,0.92,0.52,-0.4
Georgia,Wilkinson,16,15,15.0,11.0,14,1.0666666666666667,0.9375,0.7333333333333333,-0.20416666666666672
Iowa,Adams,5,4,5.0,4.0,4,1.0,0.8,0.8,0.0
Iowa,Davis,5,4,5.0,4.0,5,1.0,0.8,0.8,0.0
Iowa,Lee,16,15,16.0,11.0,13,1.0,0.9375,0.6875,-0.25
Iowa,Monroe,4,3,4.0,3.0,4,1.0,0.75,0.75,0.0
Idaho,Franklin,6,6,6.0,6.0,5,1.0,1.0,1.0,0.0
Idaho,Valley,7,7,5.0,4.0,6,1.4,1.0,0.8,-0.19999999999999996
Illinois,Johnson,2,2,2.0,2.0,1,1.0,1.0,1.0,0.0
Indiana,Lagrange,13,9,13.0,5.0,11,1.0,0.6923076923076923,0.38461538461538464,-0.30769230769230765
Indiana,Whitley,8,8,7.0,5.0,7,1.1428571428571428,1.0,0.7142857142857143,-0.2857142857142857
Kansas,Wabaunsee,3,1,3.0,0.0,3,1.0,0.3333333333333333,0.0,-0.3333333333333333
Kentucky,Nicholas,3,3,3.0,3.0,3,1.0,1.0,1.0,0.0
Michigan,Alger,12,12,11.0,2.0,10,1.0909090909090908,1.0,0.18181818181818182,-0.8181818181818181
Michigan,Gladwin,14,14,17.0,8.0,8,0.8235294117647058,1.0,0.47058823529411764,-0.5294117647058824
Michigan,Houghton,17,14,18.0,12.0,13,0.9444444444444444,0.8235294117647058,0.6666666666666666,-0.1568627450980392
Michigan,Huron,19,18,19.0,10.0,17,1.0,0.9473684210526315,0.5263157894736842,-0.42105263157894735
Minnesota,Big Stone,1,1,1.0,1.0,1,1.0,1.0,1.0,0.0
Minnesota,Clearwater,6,6,6.0,6.0,6,1.0,1.0,1.0,0.0
Minnesota,Goodhue,17,17,17.0,16.0,14,1.0,1.0,0.9411764705882353,-0.05882352941176472
Minnesota,Isanti,7,7,7.0,5.0,5,1.0,1.0,0.7142857142857143,-0.2857142857142857
Minnesota,Kanabec,11,10,11.0,9.0,7,1.0,0.9090909090909091,0.8181818181818182,-0.09090909090909083
Minnesota,Koochiching,4,4,4.0,3.0,4,1.0,1.0,0.75,-0.25
Minnesota,Rock,2,0,2.0,0.0,2,1.0,0.0,0.0,0.0
Missouri,Crawford,26,22,26.0,23.0,17,1.0,0.8461538461538461,0.8846153846153846,0.038461538461538436
Mississippi,Tate,12,11,12.0,8.0,9,1.0,0.9166666666666666,0.6666666666666666,-0.25
Montana,Flathead,41,38,41.0,24.0,23,1.0,0.926829268292683,0.5853658536585366,-0.3414634146341464
Montana,Madison,4,4,4.0,2.0,3,1.0,1.0,0.5,-0.5
Montana,Roosevelt,8,7,7.0,5.0,6,1.1428571428571428,0.875,0.7142857142857143,-0.1607142857142857
Montana,Toole,2,1,2.0,0.0,2,1.0,0.5,0.0,-0.5
Nebraska,Clay,2,2,2.0,2.0,2,1.0,1.0,1.0,0.0
Nebraska,Dawes,3,3,2.0,2.0,3,1.5,1.0,1.0,0.0
Nebraska,Keith,5,4,5.0,3.0,5,1.0,0.8,0.6,-0.20000000000000007
Nebraska,Saunders,10,9,9.0,7.0,8,1.1111111111111112,0.9,0.7777777777777778,-0.12222222222222223
Nebraska,Valley,1,1,1.0,1.0,1,1.0,1.0,1.0,0.0
North Dakota,Divide,1,1,0.0,0.0,1,,1.0,,
North Dakota,Sheridan,1,1,0.0,0.0,1,,1.0,,
New Mexico,Guadalupe,9,7,9.0,7.0,9,1.0,0.7777777777777778,0.7777777777777778,0.0
New Mexico,Cibola,29,25,30.0,16.0,21,0.9666666666666667,0.8620689655172413,0.5333333333333333,-0.328735632183908
New York,Washington,41,36,42.0,38.0,27,0.9761904761904762,0.8780487804878049,0.9047619047619048,0.026713124274099886
Ohio,Guernsey,15,12,15.0,9.0,11,1.0,0.8,0.6,-0.20000000000000007
Ohio,Morgan,7,6,7.0,3.0,6,1.0,0.8571428571428571,0.42857142857142855,-0.42857142857142855
Ohio,Perry,8,8,7.0,2.0,6,1.1428571428571428,1.0,0.2857142857142857,-0.7142857142857143
Ohio,Wyandot,11,10,11.0,9.0,9,1.0,0.9090909090909091,0.8181818181818182,-0.09090909090909083
Oregon,Crook,12,11,8.0,6.0,11,1.5,0.9166666666666666,0.75,-0.16666666666666663
Oregon,Wallowa,4,4,4.0,3.0,3,1.0,1.0,0.75,-0.25
South Dakota,Hutchinson,5,5,5.0,5.0,3,1.0,1.0,1.0,0.0
Texas,Hansford,3,3,3.0,3.0,3,1.0,1.0,1.0,0.0
Texas,Hardeman,6,6,6.0,6.0,6,1.0,1.0,1.0,0.0
Texas,Kent,4,3,4.0,4.0,3,1.0,0.75,1.0,0.25
Texas,Kinney,5,4,5.0,4.0,4,1.0,0.8,0.8,0.0
Texas,Somervell,7,5,7.0,4.0,4,1.0,0.7142857142857143,0.5714285714285714,-0.1428571428571429
Virginia,Middlesex,19,18,19.0,12.0,11,1.0,0.9473684210526315,0.631578947368421,-0.3157894736842105
Virginia,Lexington,8,8,7.0,6.0,7,1.1428571428571428,1.0,0.8571428571428571,-0.1428571428571429
Virginia,Shenandoah,28,26,23.0,20.0,24,1.2173913043478262,0.9285714285714286,0.8695652173913043,-0.05900621118012428
Virginia,Covington,19,16,19.0,13.0,13,1.0,0.8421052631578947,0.6842105263157895,-0.1578947368421052
Vermont,Bennington,24,23,22.0,13.0,15,1.0909090909090908,0.9583333333333334,0.5909090909090909,-0.36742424242424243
Vermont,Franklin,12,11,12.0,6.0,12,1.0,0.9166666666666666,0.5,-0.41666666666666663
Vermont,Lamoille,17,15,16.0,9.0,15,1.0625,0.8823529411764706,0.5625,-0.31985294117647056
Wisconsin,Waushara,9,5,7.0,1.0,5,1.2857142857142858,0.5555555555555556,0.14285714285714285,-0.41269841269841273
Wisconsin,Wood,19,17,19.0,13.0,16,1.0,0.8947368421052632,0.6842105263157895,-0.21052631578947367
Wyoming,Teton,9,7,8.0,6.0,9,1.125,0.7777777777777778,0.75,-0.02777777777777779
Arkansas,Johnson,27,24,27.0,18.0,18,1.0,0.8888888888888888,0.6666666666666666,-0.2222222222222222
Arkansas,Perry,12,11,12.0,8.0,10,1.0,0.9166666666666666,0.6666666666666666,-0.25
Colorado,Baca,1,1,1.0,1.0,1,1.0,1.0,1.0,0.0
Colorado,Chaffee,10,10,7.0,7.0,10,1.4285714285714286,1.0,1.0,0.0
Colorado,Cheyenne,1,1,1.0,1.0,1,1.0,1.0,1.0,0.0
Colorado,Delta,24,21,19.0,15.0,19,1.263157894736842,0.875,0.7894736842105263,-0.08552631578947367
Colorado,Hinsdale,5,4,5.0,3.0,4,1.0,0.8,0.6,-0.20000000000000007
Colorado,San Juan,3,3,2.0,2.0,3,1.5,1.0,1.0,0.0
Georgia,Appling,17,16,17.0,11.0,12,1.0,0.9411764705882353,0.6470588235294118,-0.2941176470588235
Georgia,Butts,26,19,25.0,10.0,17,1.04,0.7307692307692307,0.4,-0.3307692307692307
Georgia,Candler,9,7,9.0,5.0,8,1.0,0.7777777777777778,0.5555555555555556,-0.2222222222222222
Georgia,Crawford,7,6,6.0,6.0,6,1.1666666666666667,0.8571428571428571,1.0,0.1428571428571429
Georgia,Dooly,13,12,13.0,8.0,11,1.0,0.9230769230769231,0.6153846153846154,-0.3076923076923077
Georgia,Grady,37,32,35.0,16.0,24,1.0571428571428572,0.8648648648648649,0.45714285714285713,-0.4077220077220078
Georgia,Johnson,7,7,7.0,3.0,4,1.0,1.0,0.42857142857142855,-0.5714285714285714
Georgia,Lincoln,12,8,12.0,4.0,7,1.0,0.6666666666666666,0.3333333333333333,-0.3333333333333333
Georgia,Oglethorpe,15,14,16.0,10.0,12,0.9375,0.9333333333333333,0.625,-0.30833333333333335
Georgia,Stewart,7,6,7.0,3.0,6,1.0,0.8571428571428571,0.42857142857142855,-0.42857142857142855
Georgia,Wilcox,9,8,9.0,6.0,8,1.0,0.8888888888888888,0.6666666666666666,-0.2222222222222222
Iowa,Hamilton,9,7,9.0,4.0,8,1.0,0.7777777777777778,0.4444444444444444,-0.33333333333333337
Iowa,Hardin,7,6,7.0,4.0,7,1.0,0.8571428571428571,0.5714285714285714,-0.2857142857142857
Iowa,Madison,5,4,5.0,3.0,4,1.0,0.8,0.6,-0.20000000000000007
Iowa,Mills,5,5,5.0,4.0,4,1.0,1.0,0.8,-0.19999999999999996
Iowa,Montgomery,8,7,8.0,6.0,8,1.0,0.875,0.75,-0.125
Iowa,O'Brien,5,5,4.0,4.0,5,1.25,1.0,1.0,0.0
Iowa,Wayne,4,3,4.0,3.0,4,1.0,0.75,0.75,0.0
Iowa,Winnebago,1,0,1.0,0.0,1,1.0,0.0,0.0,0.0
Illinois,Clark,3,2,2.0,1.0,3,1.5,0.6666666666666666,0.5,-0.16666666666666663
Illinois,Montgomery,4,4,4.0,4.0,4,1.0,1.0,1.0,0.0
Illinois,Stephenson,16,11,13.0,6.0,8,1.2307692307692308,0.6875,0.46153846153846156,-0.22596153846153844
Indiana,Blackford,8,5,8.0,5.0,6,1.0,0.625,0.625,0.0
Kansas,Gove,2,2,2.0,1.0,2,1.0,1.0,0.5,-0.5
Kansas,Hamilton,3,3,3.0,2.0,3,1.0,1.0,0.6666666666666666,-0.33333333333333337
Kansas,Meade,2,2,2.0,0.0,2,1.0,1.0,0.0,-1.0
Kansas,Nemaha,3,3,3.0,3.0,3,1.0,1.0,1.0,0.0
Kansas,Osborne,2,2,2.0,1.0,2,1.0,1.0,0.5,-0.5
Kansas,Rawlins,1,1,0.0,0.0,1,,1.0,,
Kentucky,Hancock,2,2,2.0,2.0,2,1.0,1.0,1.0,0.0
Kentucky,Menifee,5,1,5.0,3.0,4,1.0,0.2,0.6,0.39999999999999997
Louisiana,Richland,9,8,9.0,7.0,7,1.0,0.8888888888888888,0.7777777777777778,-0.11111111111111105
Michigan,Branch,34,27,34.0,13.0,25,1.0,0.7941176470588235,0.38235294117647056,-0.4117647058823529
Michigan,Charlevoix,9,9,9.0,7.0,7,1.0,1.0,0.7777777777777778,-0.2222222222222222
Michigan,Mason,21,19,20.0,13.0,17,1.05,0.9047619047619048,0.65,-0.25476190476190474
Michigan,Ontonagon,5,4,5.0,3.0,5,1.0,0.8,0.6,-0.20000000000000007
Minnesota,Kittson,6,5,6.0,3.0,5,1.0,0.8333333333333334,0.5,-0.33333333333333337
Minnesota,Murray,3,3,3.0,3.0,2,1.0,1.0,1.0,0.0
Missouri,Christian,25,19,24.0,18.0,18,1.0416666666666667,0.76,0.75,-0.010000000000000009
Missouri,Dallas,14,13,12.0,12.0,10,1.1666666666666667,0.9285714285714286,1.0,0.0714285714285714
Missouri,Henry,18,16,17.0,16.0,16,1.0588235294117647,0.8888888888888888,0.9411764705882353,0.05228758169934644
Missouri,Lewis,6,6,5.0,3.0,4,1.2,1.0,0.6,-0.4
Missouri,Linn,4,2,4.0,2.0,4,1.0,0.5,0.5,0.0
Missouri,New Madrid,26,25,25.0,17.0,17,1.04,0.9615384615384616,0.68,-0.2815384615384615
Missouri,Ozark,29,27,24.0,20.0,16,1.2083333333333333,0.9310344827586207,0.8333333333333334,-0.09770114942528729
Missouri,Polk,21,21,18.0,17.0,16,1.1666666666666667,1.0,0.9444444444444444,-0.05555555555555558
Missouri,St. Clair,11,11,11.0,11.0,7,1.0,1.0,1.0,0.0
Mississippi,Calhoun,2,1,2.0,1.0,2,1.0,0.5,0.5,0.0
Mississippi,Clay,22,17,22.0,11.0,13,1.0,0.7727272727272727,0.5,-0.2727272727272727
Mississippi,Franklin,12,12,12.0,11.0,8,1.0,1.0,0.9166666666666666,-0.08333333333333337
Montana,Fergus,6,5,5.0,3.0,5,1.2,0.8333333333333334,0.6,-0.2333333333333334
Montana,Gallatin,20,19,16.0,7.0,15,1.25,0.95,0.4375,-0.5125
Montana,Ravalli,8,7,7.0,2.0,6,1.1428571428571428,0.875,0.2857142857142857,-0.5892857142857143
Montana,Sanders,10,10,9.0,6.0,8,1.1111111111111112,1.0,0.6666666666666666,-0.33333333333333337
Montana,Treasure,1,1,1.0,1.0,1,1.0,1.0,1.0,0.0
Nebraska,Richardson,10,9,10.0,8.0,7,1.0,0.9,0.8,-0.09999999999999998
Nebraska,Sheridan,7,7,7.0,6.0,7,1.0,1.0,0.8571428571428571,-0.1428571428571429
Nebraska,Thayer,3,2,3.0,2.0,3,1.0,0.6666666666666666,0.6666666666666666,0.0
North Carolina,Graham,5,5,5.0,2.0,3,1.0,1.0,0.4,-0.6
North Dakota,Walsh,5,5,5.0,5.0,5,1.0,1.0,1.0,0.0
New Mexico,San Miguel,49,42,47.0,31.0,20,1.0425531914893618,0.8571428571428571,0.6595744680851063,-0.19756838905775076
New York,Lewis,10,8,9.0,7.0,8,1.1111111111111112,0.8,0.7777777777777778,-0.022222222222222254
Ohio,Auglaize,7,3,7.0,3.0,5,1.0,0.42857142857142855,0.42857142857142855,0.0
Ohio,Monroe,5,5,5.0,4.0,4,1.0,1.0,0.8,-0.19999999999999996
Oregon,Sherman,4,4,3.0,2.0,4,1.3333333333333333,1.0,0.6666666666666666,-0.33333333333333337
Pennsylvania,Montour,6,6,6.0,7.0,5,1.0,1.0,1.1666666666666667,0.16666666666666674
Rhode Island,Bristol,8,8,8.0,8.0,5,1.0,1.0,1.0,0.0
South Dakota,Brown,13,11,12.0,10.0,12,1.0833333333333333,0.8461538461538461,0.8333333333333334,-0.012820512820512775
Tennessee,Union,15,15,15.0,13.0,13,1.0,1.0,0.8666666666666667,-0.1333333333333333
Texas,Real,12,9,9.0,9.0,7,1.3333333333333333,0.75,1.0,0.25
Utah,Duchesne,16,16,16.0,11.0,12,1.0,1.0,0.6875,-0.3125
Utah,Millard,11,11,10.0,6.0,9,1.1,1.0,0.6,-0.4
Virginia,Clarke,22,17,21.0,7.0,19,1.0476190476190477,0.7727272727272727,0.3333333333333333,-0.4393939393939394
Vermont,Rutland,26,23,24.0,12.0,18,1.0833333333333333,0.8846153846153846,0.5,-0.3846153846153846
Vermont,Windsor,20,17,16.0,6.0,14,1.25,0.85,0.375,-0.475
Wisconsin,Buffalo,5,5,3.0,2.0,4,1.6666666666666667,1.0,0.6666666666666666,-0.33333333333333337
Wisconsin,Crawford,6,6,6.0,5.0,6,1.0,1.0,0.8333333333333334,-0.16666666666666663
Wisconsin,Price,11,11,11.0,9.0,10,1.0,1.0,0.8181818181818182,-0.18181818181818177
Alabama,Cherokee,11,8,11.0,4.0,7,1.0,0.7272727272727273,0.36363636363636365,-0.36363636363636365
Arkansas,Marion,11,10,11.0,8.0,10,1.0,0.9090909090909091,0.7272727272727273,-0.18181818181818177
Colorado,Lincoln,7,4,7.0,4.0,4,1.0,0.5714285714285714,0.5714285714285714,0.0
Colorado,Mineral,2,2,2.0,2.0,2,1.0,1.0,1.0,0.0
Georgia,Bleckley,13,13,14.0,10.0,10,0.9285714285714286,1.0,0.7142857142857143,-0.2857142857142857
Georgia,Fayette,38,32,35.0,26.0,22,1.0857142857142856,0.8421052631578947,0.7428571428571429,-0.09924812030075181
Georgia,Haralson,22,20,23.0,5.0,13,0.9565217391304348,0.9090909090909091,0.21739130434782608,-0.691699604743083
Georgia,Seminole,25,23,25.0,16.0,18,1.0,0.92,0.64,-0.28
Georgia,Treutlen,8,7,8.0,4.0,8,1.0,0.875,0.5,-0.375
Georgia,White,24,24,21.0,19.0,21,1.1428571428571428,1.0,0.9047619047619048,-0.09523809523809523
Iowa,Crawford,6,6,6.0,6.0,5,1.0,1.0,1.0,0.0
Iowa,Plymouth,14,14,14.0,7.0,7,1.0,1.0,0.5,-0.5
Idaho,Teton,2,2,2.0,2.0,2,1.0,1.0,1.0,0.0
Illinois,Shelby,1,1,0.0,0.0,1,,1.0,,
Illinois,Woodford,2,2,2.0,2.0,2,1.0,1.0,1.0,0.0
Indiana,Brown,12,9,12.0,9.0,10,1.0,0.75,0.75,0.0
Indiana,Hancock,11,8,11.0,3.0,6,1.0,0.7272727272727273,0.2727272727272727,-0.4545454545454546
Indiana,Parke,6,5,6.0,4.0,6,1.0,0.8333333333333334,0.6666666666666666,-0.16666666666666674
Indiana,Union,3,2,3.0,2.0,2,1.0,0.6666666666666666,0.6666666666666666,0.0
Kansas,Anderson,5,3,5.0,2.0,5,1.0,0.6,0.4,-0.19999999999999996
Kansas,Marion,2,1,2.0,1.0,2,1.0,0.5,0.5,0.0
Kansas,Russell,8,8,8.0,6.0,7,1.0,1.0,0.75,-0.25
Kansas,Woodson,4,3,4.0,2.0,4,1.0,0.75,0.5,-0.25
Kentucky,Bracken,2,1,2.0,2.0,2,1.0,0.5,1.0,0.5
Kentucky,Carlisle,1,1,1.0,1.0,1,1.0,1.0,1.0,0.0
Louisiana,Red River,10,8,9.0,4.0,10,1.1111111111111112,0.8,0.4444444444444444,-0.3555555555555556
Michigan,Schoolcraft,7,6,6.0,3.0,7,1.1666666666666667,0.8571428571428571,0.5,-0.3571428571428571
Minnesota,Renville,4,4,4.0,4.0,4,1.0,1.0,1.0,0.0
Minnesota,Wabasha,3,3,3.0,3.0,3,1.0,1.0,1.0,0.0
Missouri,Daviess,12,9,11.0,7.0,11,1.0909090909090908,0.75,0.6363636363636364,-0.11363636363636365
Missouri,Warren,22,19,20.0,15.0,15,1.1,0.8636363636363636,0.75,-0.11363636363636365
Missouri,Washington,16,15,15.0,14.0,12,1.0666666666666667,0.9375,0.9333333333333333,-0.004166666666666652
Mississippi,Stone,12,12,10.0,8.0,10,1.2,1.0,0.8,-0.19999999999999996
Nebraska,Box Butte,11,11,9.0,9.0,10,1.2222222222222223,1.0,1.0,0.0
Nebraska,Cherry,4,4,4.0,4.0,4,1.0,1.0,1.0,0.0
North Dakota,Dunn,2,2,2.0,2.0,2,1.0,1.0,1.0,0.0
North Dakota,Griggs,2,2,2.0,1.0,2,1.0,1.0,0.5,-0.5
North Dakota,McHenry,3,3,2.0,2.0,3,1.5,1.0,1.0,0.0
Ohio,Madison,8,7,8.0,6.0,8,1.0,0.875,0.75,-0.125
Oklahoma,Major,5,5,3.0,2.0,4,1.6666666666666667,1.0,0.6666666666666666,-0.33333333333333337
Oregon,Harney,8,7,6.0,5.0,5,1.3333333333333333,0.875,0.8333333333333334,-0.04166666666666663
South Dakota,Beadle,3,2,3.0,2.0,3,1.0,0.6666666666666666,0.6666666666666666,0.0
South Dakota,Clay,6,5,5.0,4.0,6,1.2,0.8333333333333334,0.8,-0.033333333333333326
Texas,Schleicher,3,2,3.0,2.0,3,1.0,0.6666666666666666,0.6666666666666666,0.0
Virginia,Highland,2,2,1.0,1.0,2,2.0,1.0,1.0,0.0
Alaska,Wrangell-Petersburg,8,7,8.0,6.0,6,1.0,0.875,0.75,-0.125
Georgia,Atkinson,9,7,9.0,4.0,7,1.0,0.7777777777777778,0.4444444444444444,-0.33333333333333337
Georgia,Effingham,11,9,11.0,5.0,8,1.0,0.8181818181818182,0.45454545454545453,-0.3636363636363637
Georgia,Hart,14,13,12.0,5.0,11,1.1666666666666667,0.9285714285714286,0.4166666666666667,-0.5119047619047619
Georgia,Montgomery,2,2,2.0,1.0,2,1.0,1.0,0.5,-0.5
Georgia,Morgan,4,3,4.0,2.0,4,1.0,0.75,0.5,-0.25
Georgia,Oconee,9,8,9.0,7.0,7,1.0,0.8888888888888888,0.7777777777777778,-0.11111111111111105
Georgia,Pike,20,19,21.0,12.0,13,0.9523809523809523,0.95,0.5714285714285714,-0.37857142857142856
Georgia,Twiggs,6,6,7.0,3.0,5,0.8571428571428571,1.0,0.42857142857142855,-0.5714285714285714
Georgia,Webster,1,1,1.0,0.0,1,1.0,1.0,0.0,-1.0
Iowa,Keokuk,3,3,3.0,3.0,3,1.0,1.0,1.0,0.0
Iowa,Washington,7,7,7.0,6.0,7,1.0,1.0,0.8571428571428571,-0.1428571428571429
Illinois,Calhoun,1,1,1.0,0.0,1,1.0,1.0,0.0,-1.0
Illinois,Crawford,3,3,3.0,3.0,1,1.0,1.0,1.0,0.0
Illinois,Jasper,1,1,1.0,1.0,1,1.0,1.0,1.0,0.0
Illinois,Jo Daviess,1,0,1.0,0.0,1,1.0,0.0,0.0,0.0
Indiana,Jennings,25,22,23.0,14.0,17,1.0869565217391304,0.88,0.6086956521739131,-0.2713043478260869
Indiana,White,14,11,14.0,6.0,11,1.0,0.7857142857142857,0.42857142857142855,-0.35714285714285715
Indiana,Fulton,8,7,6.0,1.0,5,1.3333333333333333,0.875,0.16666666666666666,-0.7083333333333334
Kansas,Scott,3,3,3.0,3.0,3,1.0,1.0,1.0,0.0
Minnesota,Dodge,7,7,6.0,6.0,6,1.1666666666666667,1.0,1.0,0.0
Minnesota,Houston,7,7,8.0,6.0,6,0.875,1.0,0.75,-0.25
Minnesota,Jackson,6,6,6.0,6.0,6,1.0,1.0,1.0,0.0
Minnesota,Meeker,8,8,5.0,5.0,5,1.6,1.0,1.0,0.0
Minnesota,Steele,8,8,8.0,7.0,7,1.0,1.0,0.875,-0.125
Missouri,Cooper,17,16,16.0,14.0,15,1.0625,0.9411764705882353,0.875,-0.06617647058823528
Missouri,Grundy,7,7,7.0,6.0,7,1.0,1.0,0.8571428571428571,-0.1428571428571429
Missouri,Macon,20,17,18.0,13.0,14,1.1111111111111112,0.85,0.7222222222222222,-0.12777777777777777
Missouri,Madison,8,8,8.0,8.0,6,1.0,1.0,1.0,0.0
Missouri,Schuyler,4,4,4.0,3.0,4,1.0,1.0,0.75,-0.25
Missouri,Shelby,1,0,1.0,0.0,1,1.0,0.0,0.0,0.0
Mississippi,Webster,5,5,5.0,5.0,5,1.0,1.0,1.0,0.0
Nebraska,Cedar,6,5,6.0,5.0,6,1.0,0.8333333333333334,0.8333333333333334,0.0
Nebraska,Fillmore,3,3,3.0,3.0,3,1.0,1.0,1.0,0.0
Nebraska,Jefferson,5,5,5.0,5.0,5,1.0,1.0,1.0,0.0
Nebraska,York,6,6,5.0,5.0,6,1.2,1.0,1.0,0.0
Nebraska,Blaine,2,2,1.0,1.0,1,2.0,1.0,1.0,0.0
Nebraska,Burt,3,3,2.0,2.0,3,1.5,1.0,1.0,0.0
North Carolina,Camden,9,5,9.0,7.0,5,1.0,0.5555555555555556,0.7777777777777778,0.2222222222222222
North Carolina,Warren,36,25,35.0,19.0,18,1.0285714285714285,0.6944444444444444,0.5428571428571428,-0.1515873015873016
North Dakota,Pierce,1,1,1.0,0.0,1,1.0,1.0,0.0,-1.0
New Mexico,Socorro,14,13,14.0,8.0,9,1.0,0.9285714285714286,0.5714285714285714,-0.3571428571428572
Ohio,Clinton,16,13,16.0,9.0,14,1.0,0.8125,0.5625,-0.25
Ohio,Putnam,10,8,10.0,2.0,7,1.0,0.8,0.2,-0.6000000000000001
Pennsylvania,Juniata,18,18,14.0,14.0,13,1.2857142857142858,1.0,1.0,0.0
South Dakota,Marshall,1,1,1.0,1.0,1,1.0,1.0,1.0,0.0
South Dakota,Meade,10,10,9.0,8.0,7,1.1111111111111112,1.0,0.8888888888888888,-0.11111111111111116
Utah,Sanpete,8,7,8.0,5.0,7,1.0,0.875,0.625,-0.25
Virginia,Powhatan,26,23,24.0,19.0,17,1.0833333333333333,0.8846153846153846,0.7916666666666666,-0.09294871794871795
Vermont,Caledonia,21,20,18.0,13.0,13,1.1666666666666667,0.9523809523809523,0.7222222222222222,-0.23015873015873012
Washington,Skamania,20,18,19.0,15.0,12,1.0526315789473684,0.9,0.7894736842105263,-0.1105263157894737
Wisconsin,Bayfield,11,9,8.0,8.0,10,1.375,0.8181818181818182,1.0,0.18181818181818177
Colorado,Costilla,2,2,2.0,2.0,2,1.0,1.0,1.0,0.0
Colorado,Huerfano,11,11,11.0,10.0,9,1.0,1.0,0.9090909090909091,-0.09090909090909094
Georgia,Hancock,16,16,18.0,12.0,11,0.8888888888888888,1.0,0.6666666666666666,-0.33333333333333337
Georgia,Union,9,9,9.0,5.0,6,1.0,1.0,0.5555555555555556,-0.4444444444444444
Iowa,Carroll,2,2,2.0,1.0,2,1.0,1.0,0.5,-0.5
Iowa,Cass,2,1,2.0,1.0,2,1.0,0.5,0.5,0.0
Iowa,Clayton,3,3,3.0,2.0,3,1.0,1.0,0.6666666666666666,-0.33333333333333337
Idaho,Adams,3,2,3.0,2.0,3,1.0,0.6666666666666666,0.6666666666666666,0.0
Indiana,Jay,6,6,6.0,4.0,5,1.0,1.0,0.6666666666666666,-0.33333333333333337
Indiana,Switzerland,3,3,3.0,1.0,3,1.0,1.0,0.3333333333333333,-0.6666666666666667
Kansas,Logan,1,1,1.0,1.0,1,1.0,1.0,1.0,0.0
Kansas,Mitchell,5,3,5.0,3.0,5,1.0,0.6,0.6,0.0
Louisiana,Franklin,32,31,31.0,28.0,16,1.032258064516129,0.96875,0.9032258064516129,-0.06552419354838712
Minnesota,Sibley,1,1,1.0,1.0,1,1.0,1.0,1.0,0.0
Missouri,Mississippi,24,21,23.0,20.0,16,1.0434782608695652,0.875,0.8695652173913043,-0.005434782608695676
Missouri,Reynolds,12,11,12.0,11.0,8,1.0,0.9166666666666666,0.9166666666666666,0.0
Missouri,Taney,39,36,36.0,32.0,22,1.0833333333333333,0.9230769230769231,0.8888888888888888,-0.03418803418803429
Mississippi,Choctaw,4,4,4.0,4.0,4,1.0,1.0,1.0,0.0
Mississippi,Greene,6,6,6.0,3.0,3,1.0,1.0,0.5,-0.5
Mississippi,Pearl River,36,33,29.0,20.0,24,1.2413793103448276,0.9166666666666666,0.6896551724137931,-0.22701149425287348
Montana,Broadwater,3,3,3.0,3.0,3,1.0,1.0,1.0,0.0
Nebraska,Cheyenne,8,7,8.0,10.0,5,1.0,0.875,1.25,0.375
Nebraska,Franklin,2,2,2.0,2.0,2,1.0,1.0,1.0,0.0
Nebraska,Garden,1,1,1.0,0.0,1,1.0,1.0,0.0,-1.0
Nebraska,Red Willow,8,7,8.0,7.0,5,1.0,0.875,0.875,0.0
Nebraska,Seward,4,3,4.0,3.0,4,1.0,0.75,0.75,0.0
Ohio,Highland,15,15,15.0,13.0,11,1.0,1.0,0.8666666666666667,-0.1333333333333333
Oklahoma,Ellis,2,2,1.0,1.0,2,2.0,1.0,1.0,0.0
South Dakota,Edmunds,5,5,5.0,5.0,2,1.0,1.0,1.0,0.0
South Dakota,Yankton,12,12,11.0,11.0,9,1.0909090909090908,1.0,1.0,0.0
Texas,Delta,9,8,9.0,7.0,4,1.0,0.8888888888888888,0.7777777777777778,-0.11111111111111105
West Virginia,Tyler,7,6,7.0,5.0,7,1.0,0.8571428571428571,0.7142857142857143,-0.1428571428571428
Georgia,Charlton,3,3,3.0,2.0,3,1.0,1.0,0.6666666666666666,-0.33333333333333337
Georgia,Chattahoochee,7,5,7.0,4.0,5,1.0,0.7142857142857143,0.5714285714285714,-0.1428571428571429
Georgia,Echols,4,4,4.0,3.0,3,1.0,1.0,0.75,-0.25
Georgia,Schley,4,4,4.0,3.0,4,1.0,1.0,0.75,-0.25
Georgia,Telfair,17,16,17.0,15.0,14,1.0,0.9411764705882353,0.8823529411764706,-0.05882352941176472
Illinois,Cass,1,1,1.0,1.0,1,1.0,1.0,1.0,0.0
Illinois,Pope,1,1,1.0,1.0,1,1.0,1.0,1.0,0.0
Illinois,Washington,1,1,1.0,0.0,1,1.0,1.0,0.0,-1.0
Indiana,Randolph,11,10,11.0,4.0,9,1.0,0.9090909090909091,0.36363636363636365,-0.5454545454545454
Kentucky,Metcalfe,6,4,6.0,4.0,5,1.0,0.6666666666666666,0.6666666666666666,0.0
Michigan,Kalkaska,11,11,11.0,7.0,9,1.0,1.0,0.6363636363636364,-0.36363636363636365
Minnesota,Hubbard,13,13,13.0,12.0,12,1.0,1.0,0.9230769230769231,-0.07692307692307687
Missouri,Douglas,15,12,12.0,7.0,11,1.25,0.8,0.5833333333333334,-0.21666666666666667
Missouri,Osage,5,4,4.0,3.0,5,1.25,0.8,0.75,-0.050000000000000044
Montana,Granite,2,2,0.0,0.0,1,,1.0,,
Nebraska,Colfax,6,6,6.0,6.0,3,1.0,1.0,1.0,0.0
Nebraska,Merrick,7,7,6.0,5.0,7,1.1666666666666667,1.0,0.8333333333333334,-0.16666666666666663
Nevada,Carson City city,24,22,22.0,19.0,12,1.0909090909090908,0.9166666666666666,0.8636363636363636,-0.05303030303030298
Ohio,Harrison,13,12,13.0,9.0,9,1.0,0.9230769230769231,0.6923076923076923,-0.23076923076923084
Pennsylvania,Sullivan,7,7,7.0,6.0,5,1.0,1.0,0.8571428571428571,-0.1428571428571429
South Dakota,Butte,2,2,1.0,1.0,2,2.0,1.0,1.0,0.0
South Dakota,Davison,4,4,3.0,3.0,4,1.3333333333333333,1.0,1.0,0.0
South Dakota,Harding,1,1,1.0,0.0,1,1.0,1.0,0.0,-1.0
Texas,Motley,4,4,4.0,4.0,3,1.0,1.0,1.0,0.0
Utah,Piute,1,1,1.0,1.0,1,1.0,1.0,1.0,0.0
Washington,Garfield,1,1,1.0,1.0,1,1.0,1.0,1.0,0.0
Wisconsin,Menominee,9,9,7.0,3.0,7,1.2857142857142858,1.0,0.42857142857142855,-0.5714285714285714
Colorado,San Miguel,1,0,1.0,0.0,1,1.0,0.0,0.0,0.0
Georgia,Dodge,30,28,29.0,24.0,19,1.0344827586206897,0.9333333333333333,0.8275862068965517,-0.10574712643678164
Iowa,Buchanan,6,6,5.0,3.0,5,1.2,1.0,0.6,-0.4
Iowa,Clarke,5,5,4.0,2.0,5,1.25,1.0,0.5,-0.5
Iowa,Clay,5,5,4.0,4.0,4,1.25,1.0,1.0,0.0
Iowa,Van Buren,6,6,6.0,6.0,2,1.0,1.0,1.0,0.0
Illinois,Lawrence,1,1,1.0,1.0,1,1.0,1.0,1.0,0.0
Indiana,Tipton,8,4,8.0,4.0,7,1.0,0.5,0.5,0.0
Kansas,Cheyenne,2,2,2.0,0.0,2,1.0,1.0,0.0,-1.0
Kansas,Greeley,1,1,0.0,0.0,1,,1.0,,
Kansas,Kiowa,4,3,4.0,2.0,4,1.0,0.75,0.5,-0.25
Maryland,Repressed,23,15,23.0,12.0,12,1.0,0.6521739130434783,0.5217391304347826,-0.13043478260869568
Michigan,Antrim,5,3,5.0,1.0,5,1.0,0.6,0.2,-0.39999999999999997
Michigan,Gogebic,13,12,13.0,11.0,10,1.0,0.9230769230769231,0.8461538461538461,-0.07692307692307698
Minnesota,Traverse,2,2,2.0,2.0,2,1.0,1.0,1.0,0.0
Missouri,Sullivan,1,1,1.0,0.0,1,1.0,1.0,0.0,-1.0
Mississippi,Madison,121,103,117.0,83.0,48,1.0341880341880343,0.8512396694214877,0.7094017094017094,-0.14183796001977822
Nebraska,Furnas,2,2,2.0,2.0,2,1.0,1.0,1.0,0.0
Nebraska,Holt,2,1,2.0,1.0,2,1.0,0.5,0.5,0.0
Nebraska,Butler,3,3,3.0,3.0,1,1.0,1.0,1.0,0.0
Pennsylvania,Cameron,4,3,4.0,3.0,3,1.0,0.75,0.75,0.0
South Dakota,Lake,3,3,3.0,3.0,3,1.0,1.0,1.0,0.0
South Dakota,Perkins,1,1,1.0,1.0,1,1.0,1.0,1.0,0.0
Texas,Glasscock,2,0,2.0,1.0,2,1.0,0.0,0.5,0.5
Texas,McMullen,2,1,2.0,0.0,2,1.0,0.5,0.0,-0.5
Utah,Kane,6,5,5.0,3.0,5,1.2,0.8333333333333334,0.6,-0.2333333333333334
Illinois,Moultrie,1,1,0.0,0.0,1,,1.0,,
Kansas,Norton,2,2,1.0,1.0,2,2.0,1.0,1.0,0.0
Louisiana,De Soto,27,24,28.0,23.0,19,0.9642857142857143,0.8888888888888888,0.8214285714285714,-0.06746031746031744
Michigan,Alpena,18,16,18.0,4.0,13,1.0,0.8888888888888888,0.2222222222222222,-0.6666666666666666
Michigan,Baraga,3,2,2.0,1.0,3,1.5,0.6666666666666666,0.5,-0.16666666666666663
Michigan,Iron,7,5,7.0,2.0,6,1.0,0.7142857142857143,0.2857142857142857,-0.4285714285714286
Michigan,Leelanau,6,6,6.0,3.0,5,1.0,1.0,0.5,-0.5
Minnesota,Yellow Medicine,4,4,4.0,3.0,3,1.0,1.0,0.75,-0.25
Missouri,Hickory,4,2,4.0,2.0,4,1.0,0.5,0.5,0.0
Montana,Custer,6,6,6.0,4.0,5,1.0,1.0,0.6666666666666666,-0.33333333333333337
Nebraska,Custer,3,3,2.0,1.0,3,1.5,1.0,0.5,-0.5
Nebraska,Dakota,16,15,13.0,12.0,15,1.2307692307692308,0.9375,0.9230769230769231,-0.014423076923076872
Nebraska,Kearney,2,2,2.0,2.0,2,1.0,1.0,1.0,0.0
New York,Bronx,1,0,1.0,0.0,1,1.0,0.0,0.0,0.0
South Dakota,Moody,2,2,2.0,2.0,2,1.0,1.0,1.0,0.0
Tennessee,Hawkins,42,40,42.0,23.0,23,1.0,0.9523809523809523,0.5476190476190477,-0.40476190476190466
Texas,Armstrong,2,0,2.0,0.0,2,1.0,0.0,0.0,0.0
Utah,Juab,2,1,1.0,0.0,2,2.0,0.5,0.0,-0.5
Alaska,Bristol Bay,2,1,2.0,2.0,2,1.0,0.5,1.0,0.5
Colorado,Custer,3,3,2.0,1.0,2,1.5,1.0,0.5,-0.5
Georgia,Taliaferro,4,2,4.0,2.0,1,1.0,0.5,0.5,0.0
Iowa,Chickasaw,6,4,6.0,3.0,6,1.0,0.6666666666666666,0.5,-0.16666666666666663
Iowa,Guthrie,3,3,3.0,2.0,2,1.0,1.0,0.6666666666666666,-0.33333333333333337
Iowa,Sioux,4,4,4.0,3.0,3,1.0,1.0,0.75,-0.25
Illinois,Logan,2,2,2.0,0.0,1,1.0,1.0,0.0,-1.0
Indiana,Ohio,3,3,3.0,3.0,3,1.0,1.0,1.0,0.0
Kansas,Clay,4,4,4.0,4.0,3,1.0,1.0,1.0,0.0
Massachusetts,Dukes,4,4,4.0,3.0,4,1.0,1.0,0.75,-0.25
Michigan,Montmorency,12,11,10.0,2.0,9,1.2,0.9166666666666666,0.2,-0.7166666666666666
Minnesota,Martin,2,2,2.0,1.0,2,1.0,1.0,0.5,-0.5
Minnesota,Pennington,5,5,6.0,6.0,5,0.8333333333333334,1.0,1.0,0.0
Montana,Blaine,3,3,3.0,1.0,3,1.0,1.0,0.3333333333333333,-0.6666666666666667
Montana,Daniels,1,1,1.0,1.0,1,1.0,1.0,1.0,0.0
Montana,Meagher,2,2,2.0,1.0,2,1.0,1.0,0.5,-0.5
Nebraska,Pierce,3,3,3.0,3.0,3,1.0,1.0,1.0,0.0
North Dakota,Golden Valley,1,1,1.0,1.0,1,1.0,1.0,1.0,0.0
South Dakota,Bon Homme,1,1,1.0,1.0,1,1.0,1.0,1.0,0.0
Tennessee,McNairy,14,14,14.0,11.0,11,1.0,1.0,0.7857142857142857,-0.2142857142857143
Tennessee,Perry,7,6,7.0,6.0,5,1.0,0.8571428571428571,0.8571428571428571,0.0
Texas,Briscoe,3,3,3.0,3.0,3,1.0,1.0,1.0,0.0
Washington,Lincoln,4,3,4.0,3.0,4,1.0,0.75,0.75,0.0
West Virginia,Pendleton,5,5,5.0,4.0,5,1.0,1.0,0.8,-0.19999999999999996
Georgia,Marion,6,5,6.0,5.0,5,1.0,0.8333333333333334,0.8333333333333334,0.0
Georgia,Quitman,5,4,5.0,3.0,4,1.0,0.8,0.6,-0.20000000000000007
Georgia,Talbot,12,10,12.0,11.0,9,1.0,0.8333333333333334,0.9166666666666666,0.08333333333333326
Iowa,Lyon,3,3,3.0,2.0,2,1.0,1.0,0.6666666666666666,-0.33333333333333337
Iowa,Winneshiek,2,1,2.0,0.0,2,1.0,0.5,0.0,-0.5
Minnesota,Red Lake,1,1,1.0,1.0,1,1.0,1.0,1.0,0.0
Missouri,Harrison,8,8,7.0,6.0,6,1.1428571428571428,1.0,0.8571428571428571,-0.1428571428571429
Mississippi,Amite,2,0,2.0,0.0,2,1.0,0.0,0.0,0.0
Nebraska,Deuel,2,1,2.0,1.0,2,1.0,0.5,0.5,0.0
Nebraska,Gosper,1,1,1.0,1.0,1,1.0,1.0,1.0,0.0
Nebraska,Hitchcock,3,2,1.0,0.0,2,3.0,0.6666666666666666,0.0,-0.6666666666666666
Nebraska,Wayne,1,1,1.0,1.0,1,1.0,1.0,1.0,0.0
Nebraska,Repressed,4,4,4.0,3.0,4,1.0,1.0,0.75,-0.25
North Dakota,Adams,2,2,2.0,1.0,2,1.0,1.0,0.5,-0.5
North Dakota,Benson,2,2,2.0,2.0,1,1.0,1.0,1.0,0.0
North Dakota,Bottineau,4,4,4.0,4.0,3,1.0,1.0,1.0,0.0
North Dakota,Mercer,3,3,3.0,2.0,3,1.0,1.0,0.6666666666666666,-0.33333333333333337
North Dakota,Renville,2,2,2.0,2.0,2,1.0,1.0,1.0,0.0
North Dakota,Traill,2,2,2.0,2.0,2,1.0,1.0,1.0,0.0
South Dakota,Tripp,1,1,1.0,1.0,1,1.0,1.0,1.0,0.0
Texas,Sherman,4,1,4.0,1.0,4,1.0,0.25,0.25,0.0
Georgia,Warren,1,1,1.0,1.0,1,1.0,1.0,1.0,0.0
Louisiana,Bienville,16,15,16.0,15.0,9,1.0,0.9375,0.9375,0.0
Louisiana,Concordia,33,29,29.0,20.0,22,1.1379310344827587,0.8787878787878788,0.6896551724137931,-0.18913270637408564
Minnesota,Chippewa,7,5,7.0,5.0,6,1.0,0.7142857142857143,0.7142857142857143,0.0
Minnesota,Roseau,4,4,4.0,3.0,2,1.0,1.0,0.75,-0.25
Minnesota,Watonwan,6,6,6.0,6.0,5,1.0,1.0,1.0,0.0
Nebraska,Sioux,3,2,3.0,2.0,3,1.0,0.6666666666666666,0.6666666666666666,0.0
Ohio,Noble,6,5,6.0,5.0,3,1.0,0.8333333333333334,0.8333333333333334,0.0
Oregon,Wheeler,2,0,2.0,0.0,1,1.0,0.0,0.0,0.0
Tennessee,Polk,12,12,12.0,11.0,7,1.0,1.0,0.9166666666666666,-0.08333333333333337
Vermont,Addison,33,32,28.0,23.0,14,1.1785714285714286,0.9696969696969697,0.8214285714285714,-0.14826839826839833
Georgia,Long,14,13,13.0,7.0,8,1.0769230769230769,0.9285714285714286,0.5384615384615384,-0.39010989010989017
Iowa,Calhoun,3,3,3.0,2.0,3,1.0,1.0,0.6666666666666666,-0.33333333333333337
Louisiana,Catahoula,13,11,12.0,11.0,7,1.0833333333333333,0.8461538461538461,0.9166666666666666,0.07051282051282048
Louisiana,Pointe Coupee,25,24,24.0,18.0,14,1.0416666666666667,0.96,0.75,-0.20999999999999996
Louisiana,West Feliciana,14,14,14.0,11.0,8,1.0,1.0,0.7857142857142857,-0.2142857142857143
Missouri,Howard,11,10,11.0,10.0,9,1.0,0.9090909090909091,0.9090909090909091,0.0
Missouri,Mercer,8,8,8.0,8.0,5,1.0,1.0,1.0,0.0
South Dakota,Brookings,4,4,4.0,4.0,4,1.0,1.0,1.0,0.0
South Dakota,Deuel,4,2,4.0,2.0,3,1.0,0.5,0.5,0.0
South Dakota,Stanley,2,1,2.0,1.0,2,1.0,0.5,0.5,0.0
Texas,Foard,1,1,1.0,1.0,1,1.0,1.0,1.0,0.0
Texas,Hartley,3,2,2.0,1.0,3,1.5,0.6666666666666666,0.5,-0.16666666666666663
Vermont,Orange,8,7,8.0,4.0,6,1.0,0.875,0.5,-0.375
Wisconsin,Rusk,5,3,5.0,3.0,3,1.0,0.6,0.6,0.0
Iowa,Ida,1,1,1.0,0.0,1,1.0,1.0,0.0,-1.0
Minnesota,Cottonwood,5,5,4.0,4.0,5,1.25,1.0,1.0,0.0
Missouri,Caldwell,2,2,2.0,2.0,2,1.0,1.0,1.0,0.0
North Dakota,Hettinger,1,1,1.0,0.0,1,1.0,1.0,0.0,-1.0
North Dakota,Oliver,1,1,1.0,1.0,1,1.0,1.0,1.0,0.0
South Dakota,Roberts,3,3,3.0,3.0,3,1.0,1.0,1.0,0.0
Texas,Borden,2,1,1.0,0.0,1,2.0,0.5,0.0,-0.5
Texas,Collingsworth,3,2,3.0,2.0,2,1.0,0.6666666666666666,0.6666666666666666,0.0
Iowa,Fayette,2,2,2.0,1.0,2,1.0,1.0,0.5,-0.5
Iowa,Palo Alto,1,1,1.0,1.0,1,1.0,1.0,1.0,0.0
Indiana,Jasper,2,1,2.0,1.0,2,1.0,0.5,0.5,0.0
Louisiana,Cameron,3,2,3.0,1.0,3,1.0,0.6666666666666666,0.3333333333333333,-0.3333333333333333
Minnesota,Redwood,7,7,6.0,6.0,6,1.1666666666666667,1.0,1.0,0.0
Missouri,Clinton,12,12,12.0,12.0,9,1.0,1.0,1.0,0.0
Montana,Musselshell,3,3,3.0,2.0,3,1.0,1.0,0.6666666666666666,-0.33333333333333337
Montana,Powder River,1,0,1.0,0.0,1,1.0,0.0,0.0,0.0
South Dakota,Douglas,1,1,1.0,1.0,1,1.0,1.0,1.0,0.0
Wisconsin,Pepin,3,3,1.0,1.0,2,3.0,1.0,1.0,0.0
Iowa,Worth,3,2,3.0,2.0,3,1.0,0.6666666666666666,0.6666666666666666,0.0
Idaho,Repressed,30,28,27.0,16.0,12,1.1111111111111112,0.9333333333333333,0.5925925925925926,-0.3407407407407408
Indiana,Adams,3,3,3.0,2.0,3,1.0,1.0,0.6666666666666666,-0.33333333333333337
Michigan,Missaukee,5,5,5.0,4.0,4,1.0,1.0,0.8,-0.19999999999999996
Missouri,Shannon,7,7,6.0,5.0,6,1.1666666666666667,1.0,0.8333333333333334,-0.16666666666666663
Nebraska,Kimball,2,2,2.0,1.0,2,1.0,1.0,0.5,-0.5
Nebraska,Rock,1,1,1.0,1.0,1,1.0,1.0,1.0,0.0
North Dakota,Ransom,2,2,2.0,2.0,2,1.0,1.0,1.0,0.0
Oregon,Repressed,5,5,5.0,0.0,1,1.0,1.0,0.0,-1.0
Tennessee,Hancock,6,3,6.0,3.0,3,1.0,0.5,0.5,0.0
Vermont,Grand Isle,7,6,6.0,4.0,5,1.1666666666666667,0.8571428571428571,0.6666666666666666,-0.19047619047619047
Georgia,Pickens,9,9,8.0,4.0,7,1.125,1.0,0.5,-0.5
Iowa,Emmet,4,4,4.0,3.0,3,1.0,1.0,0.75,-0.25
Louisiana,St. Bernard,29,24,24.0,19.0,10,1.2083333333333333,0.8275862068965517,0.7916666666666666,-0.03591954022988508
Missouri,Miller,14,12,12.0,10.0,10,1.1666666666666667,0.8571428571428571,0.8333333333333334,-0.023809523809523725
Montana,Valley,3,3,2.0,2.0,2,1.5,1.0,1.0,0.0
Nebraska,Cuming,2,0,2.0,0.0,2,1.0,0.0,0.0,0.0
Nebraska,Dundy,2,2,2.0,1.0,2,1.0,1.0,0.5,-0.5
Nebraska,Thurston,1,1,1.0,1.0,1,1.0,1.0,1.0,0.0
North Carolina,Madison,9,9,9.0,11.0,6,1.0,1.0,1.2222222222222223,0.22222222222222232
New Mexico,Hidalgo,2,1,2.0,1.0,2,1.0,0.5,0.5,0.0
South Dakota,Hyde,1,1,1.0,1.0,1,1.0,1.0,1.0,0.0
Tennessee,Clay,5,5,5.0,3.0,4,1.0,1.0,0.6,-0.4
Tennessee,Jefferson,21,16,19.0,11.0,16,1.105263157894737,0.7619047619047619,0.5789473684210527,-0.1829573934837092
Tennessee,Pickett,5,4,5.0,4.0,3,1.0,0.8,0.8,0.0
Tennessee,Scott,16,16,16.0,16.0,14,1.0,1.0,1.0,0.0
Alaska,Prince of Wales-Outer Ketchikan,1,0,1.0,1.0,1,1.0,0.0,1.0,1.0
Iowa,Wright,2,2,2.0,1.0,2,1.0,1.0,0.5,-0.5
Minnesota,Norman,2,1,2.0,1.0,2,1.0,0.5,0.5,0.0
Mississippi,Pontotoc,6,6,5.0,4.0,4,1.2,1.0,0.8,-0.19999999999999996
Montana,Powell,2,2,1.0,1.0,2,2.0,1.0,1.0,0.0
Montana,Wheatland,1,1,1.0,0.0,1,1.0,1.0,0.0,-1.0
Nebraska,Boyd,1,1,1.0,1.0,1,1.0,1.0,1.0,0.0
Nebraska,Sherman,1,1,1.0,0.0,1,1.0,1.0,0.0,-1.0
Nebraska,Loup,1,0,1.0,0.0,1,1.0,0.0,0.0,0.0
North Carolina,Yancey,9,8,8.0,7.0,6,1.125,0.8888888888888888,0.875,-0.01388888888888884
New Jersey,Repressed,1,1,1.0,1.0,1,1.0,1.0,1.0,0.0
South Dakota,Potter,1,1,0.0,0.0,1,,1.0,,
Alaska,Haines,1,1,1.0,1.0,1,1.0,1.0,1.0,0.0
Georgia,Glascock,2,2,2.0,2.0,1,1.0,1.0,1.0,0.0
Iowa,Adair,2,2,2.0,2.0,2,1.0,1.0,1.0,0.0
Iowa,Howard,2,2,2.0,2.0,1,1.0,1.0,1.0,0.0
Iowa,Sac,3,3,2.0,1.0,3,1.5,1.0,0.5,-0.5
Kansas,Lincoln,1,1,1.0,1.0,1,1.0,1.0,1.0,0.0
Missouri,Gasconade,3,3,1.0,1.0,3,3.0,1.0,1.0,0.0
Missouri,Monroe,1,1,1.0,1.0,1,1.0,1.0,1.0,0.0
Missouri,Ralls,3,3,3.0,3.0,2,1.0,1.0,1.0,0.0
Mississippi,Tunica,26,26,25.0,18.0,10,1.04,1.0,0.72,-0.28
Montana,Sweet Grass,2,2,1.0,1.0,2,2.0,1.0,1.0,0.0
Nebraska,Harlan,1,1,1.0,1.0,1,1.0,1.0,1.0,0.0
Nebraska,Stanton,2,2,2.0,2.0,2,1.0,1.0,1.0,0.0
North Dakota,Sargent,1,1,1.0,1.0,1,1.0,1.0,1.0,0.0
Tennessee,Jackson,7,7,7.0,7.0,6,1.0,1.0,1.0,0.0
Georgia,Towns,6,6,7.0,4.0,6,0.8571428571428571,1.0,0.5714285714285714,-0.4285714285714286
Iowa,Monona,1,1,0.0,0.0,1,,1.0,,
Missouri,Putnam,1,1,0.0,0.0,1,,1.0,,
Missouri,Wright,7,7,8.0,7.0,5,0.875,1.0,0.875,-0.125
Montana,Stillwater,4,3,4.0,1.0,3,1.0,0.75,0.25,-0.5
North Dakota,Richland,5,5,4.0,3.0,4,1.25,1.0,0.75,-0.25
Iowa,Floyd,6,6,5.0,3.0,5,1.2,1.0,0.6,-0.4
Idaho,Camas,1,1,1.0,1.0,1,1.0,1.0,1.0,0.0
Kansas,Graham,1,1,1.0,0.0,1,1.0,1.0,0.0,-1.0
Michigan,Keweenaw,1,1,1.0,0.0,1,1.0,1.0,0.0,-1.0
Missouri,Carter,4,4,4.0,4.0,3,1.0,1.0,1.0,0.0
Mississippi,Jefferson,8,8,8.0,7.0,5,1.0,1.0,0.875,-0.125
Montana,Mineral,2,2,2.0,0.0,2,1.0,1.0,0.0,-1.0
North Dakota,Dickey,2,2,2.0,2.0,2,1.0,1.0,1.0,0.0
Ohio,Meigs,8,6,8.0,4.0,6,1.0,0.75,0.5,-0.25
Colorado,Broomfield,12,12,10.0,10.0,6,1.2,1.0,1.0,0.0
Iowa,Jefferson,2,2,2.0,2.0,2,1.0,1.0,1.0,0.0
Kansas,Barber,1,1,1.0,1.0,1,1.0,1.0,1.0,0.0
Kansas,Coffey,2,2,2.0,2.0,2,1.0,1.0,1.0,0.0
Massachusetts,Nantucket,2,2,2.0,1.0,2,1.0,1.0,0.5,-0.5
Missouri,Chariton,2,2,2.0,2.0,2,1.0,1.0,1.0,0.0
Montana,Chouteau,5,4,4.0,2.0,4,1.25,0.8,0.5,-0.30000000000000004
Montana,Fallon,1,1,1.0,0.0,1,1.0,1.0,0.0,-1.0
Montana,Glacier,4,4,3.0,1.0,4,1.3333333333333333,1.0,0.3333333333333333,-0.6666666666666667
Montana,Golden Valley,1,1,0.0,0.0,1,,1.0,,
New Mexico,Harding,1,1,1.0,0.0,1,1.0,1.0,0.0,-1.0
Ohio,Hancock,8,8,8.0,3.0,7,1.0,1.0,0.375,-0.625
South Dakota,Sanborn,1,1,1.0,1.0,1,1.0,1.0,1.0,0.0
Wisconsin,Florence,2,2,2.0,1.0,2,1.0,1.0,0.5,-0.5
Idaho,Lincoln,2,1,2.0,0.0,1,1.0,0.5,0.0,-0.5
Kansas,Smith,2,2,2.0,1.0,2,1.0,1.0,0.5,-0.5
Mississippi,Sharkey,1,1,1.0,1.0,1,1.0,1.0,1.0,0.0
North Dakota,Eddy,1,1,1.0,0.0,1,1.0,1.0,0.0,-1.0
South Dakota,McCook,1,1,1.0,1.0,1,1.0,1.0,1.0,0.0
Minnesota,Stevens,2,2,2.0,2.0,1,1.0,1.0,1.0,0.0
Nebraska,Pawnee,1,1,1.0,1.0,1,1.0,1.0,1.0,0.0
New Mexico,Mora,1,1,1.0,0.0,1,1.0,1.0,0.0,-1.0
Kansas,Pawnee,1,1,1.0,0.0,1,1.0,1.0,0.0,-1.0
Kentucky,Spencer,2,2,2.0,2.0,2,1.0,1.0,1.0,0.0
Montana,Sheridan,2,2,2.0,1.0,2,1.0,1.0,0.5,-0.5
North Dakota,Wells,2,2,2.0,2.0,1,1.0,1.0,1.0,0.0
Utah,Wayne,1,1,1.0,0.0,1,1.0,1.0,0.0,-1.0
Iowa,Humboldt,1,1,1.0,1.0,1,1.0,1.0,1.0,0.0
Iowa,Ringgold,1,1,1.0,1.0,1,1.0,1.0,1.0,0.0
Mississippi,Tallahatchie,4,2,3.0,0.0,4,1.3333333333333333,0.5,0.0,-0.5
Montana,Park,3,3,3.0,1.0,3,1.0,1.0,0.3333333333333333,-0.6666666666666667
North Carolina,Suffolk,1,1,1.0,0.0,1,1.0,1.0,0.0,-1.0
South Dakota,Faulk,1,1,1.0,1.0,1,1.0,1.0,1.0,0.0
South Dakota,Turner,1,1,1.0,0.0,1,1.0,1.0,0.0,-1.0
Alabama,Bibb,1,1,1.0,0.0,1,1.0,1.0,0.0,-1.0
South Dakota,Hanson,1,1,1.0,1.0,1,1.0,1.0,1.0,0.0
South Dakota,Sully,1,1,1.0,1.0,1,1.0,1.0,1.0,0.0
South Dakota,Hamlin,1,1,1.0,1.0,1,1.0,1.0,1.0,0.0
Kansas,Kingman,2,2,2.0,1.0,2,1.0,1.0,0.5,-0.5
Nebraska,Brown,1,1,1.0,1.0,1,1.0,1.0,1.0,0.0
Iowa,Cherokee,1,1,1.0,1.0,1,1.0,1.0,1.0,0.0
Nebraska,Webster,1,1,1.0,1.0,1,1.0,1.0,1.0,0.0
North Dakota,Bowman,1,1,1.0,1.0,1,1.0,1.0,1.0,0.0
Iowa,Delaware,2,2,2.0,2.0,1,1.0,1.0,1.0,0.0
Kansas,Lane,1,1,1.0,1.0,1,1.0,1.0,1.0,0.0
Kansas,Rooks,1,1,1.0,1.0,1,1.0,1.0,1.0,0.0
Montana,McCone,1,1,1.0,0.0,1,1.0,1.0,0.0,-1.0
Nebraska,Antelope,2,2,2.0,2.0,1,1.0,1.0,1.0,0.0
Nebraska,Garfield,1,1,1.0,1.0,1,1.0,1.0,1.0,0.0
North Dakota,Steele,1,1,1.0,1.0,1,1.0,1.0,1.0,0.0
