model,attribute,criterion,lambda,n_eval,acc_auc,acc_mcc,acc_f1,acc_sensitivity,acc_specificity,acc_balanced_accuracy,acc_precision,dp_gap,dp_amplification,dp_amplification_lo,dp_amplification_hi,tpr_gap,tpr_amplification,base_rate_gap,groups,thresholds
graphsage_geo,Victim Race,dp,0.0,28549,0.7102985410525524,0.28115133925040076,0.7218881708345041,0.6595810227972889,0.6398104265402843,0.6496957246687867,0.7971949857266973,0.10817650561209236,2.2826852370653183,1.826856809029975,3.000284172528169,0.08538053341584617,1.801656302894368,0.047390022879881144,Black | White,Black=0.500; White=0.500
graphsage_geo,Victim Race,dp,0.1,28549,0.7102985410525524,0.2818069874901018,0.7219942667640942,0.6595296775518587,0.640581946434476,0.6500558119931673,0.7975288712281138,0.09929384839947886,2.09524795232021,1.67167421601053,2.7180191753397067,0.0764935088713371,1.6141268609475916,0.047390022879881144,Black | White,Black=0.497; White=0.502
graphsage_geo,Victim Race,dp,0.2,28549,0.7102985410525524,0.2823736695183484,0.7229037419644612,0.6611213801601972,0.6394797751570594,0.6503005776586284,0.7974236700315848,0.08893781120749411,1.8767201575935843,1.5034661522568258,2.4578170037451663,0.06588925340680896,1.3903612913168995,0.047390022879881144,Black | White,Black=0.493; White=0.503
graphsage_geo,Victim Race,dp,0.3,28549,0.7102985410525524,0.2835295279021941,0.7228543334738025,0.6605565824604641,0.6413534663286675,0.6509550243945659,0.7981264346423476,0.07763029838255764,1.6381148111982582,1.2973089958919255,2.1370319480335596,0.05477340375143702,1.1558003229977423,0.047390022879881144,Black | White,Black=0.490; White=0.506
graphsage_geo,Victim Race,dp,0.4,28549,0.7102985410525524,0.283884596714817,0.7230540183713026,0.6608133086876156,0.6414636834564091,0.6511384960720124,0.7982385412144142,0.06758575116219812,1.42615991837579,1.1490666954227893,1.8826221543252741,0.04523138492886147,0.9544495271401083,0.047390022879881144,Black | White,Black=0.488; White=0.508
graphsage_geo,Victim Race,dp,0.5,28549,0.7102985410525524,0.2837336563052633,0.7230492668951183,0.6608646539330458,0.6412432492009258,0.6510539515669858,0.7981520525858862,0.05857260074312931,1.2359690327981587,0.9658345717548067,1.6315155981139176,0.036975454647881545,0.7802371132337862,0.047390022879881144,Black | White,Black=0.485; White=0.509
graphsage_geo,Victim Race,dp,0.6,28549,0.7102985410525524,0.28292337438944204,0.7226810494971627,0.6604538919696036,0.6408023806899592,0.6506281363297814,0.7978538642848282,0.047745025804636354,1.0074910899632825,0.7368453412449609,1.3640836400167502,0.025879600181020312,0.5460980731454169,0.047390022879881144,Black | White,Black=0.482; White=0.511
graphsage_geo,Victim Race,dp,0.7,28549,0.7102985410525524,0.2817610866670097,0.7223189708443346,0.6601971657424522,0.6398104265402843,0.6500037961413683,0.7973459010293935,0.0386350512182555,0.8152570703792071,0.5918296776479255,1.1376748008681719,0.017352017971323352,0.3661533993200484,0.047390022879881144,Black | White,Black=0.479; White=0.512
graphsage_geo,Victim Race,dp,0.8,28549,0.7102985410525524,0.2812095895048997,0.7224390106959377,0.6606592729513248,0.6387082552628679,0.6496837641070963,0.7969650046454011,0.026515093065561213,0.5595079186344489,0.33239384265209926,0.8470547049755196,0.004902279745281901,0.10344539730878889,0.047390022879881144,Black | White,Black=0.475; White=0.514
graphsage_geo,Victim Race,dp,0.9,28549,0.7102985410525524,0.28115342210941974,0.7220427540099441,0.6598890942698706,0.6394797751570594,0.649684434713465,0.7971221236742542,0.017897639455676462,0.3776668245348049,0.14463577806454944,0.6555983673253994,0.0033058505066239086,0.06975836485673796,0.047390022879881144,Black | White,Black=0.473; White=0.515
graphsage_geo,Victim Race,dp,1.0,28549,0.7102985410525524,0.2803400650763356,0.7214165261382799,0.6589648798521257,0.6395899922848011,0.6492774360684634,0.7969448584202683,0.008210902815539711,0.17326226738382838,0.00926828218386613,0.42892397428706475,0.013155606808910814,0.27760287945536877,0.047390022879881144,Black | White,Black=0.470; White=0.517
graphsage_geo,Victim Race,tpr,0.0,28549,0.7102985410525524,0.28115133925040076,0.7218881708345041,0.6595810227972889,0.6398104265402843,0.6496957246687867,0.7971949857266973,0.10817650561209236,2.2826852370653183,1.826856809029975,3.000284172528169,0.08538053341584617,1.801656302894368,0.047390022879881144,Black | White,Black=0.500; White=0.500
graphsage_geo,Victim Race,tpr,0.1,28549,0.7102985410525524,0.2814013708102461,0.721758439441212,0.659221606079277,0.6404717293067342,0.6498466676930057,0.7974038879572697,0.10071254187001821,2.1251844955908323,1.6951581456456652,2.771609600774398,0.07830681090788227,1.6523902321458146,0.047390022879881144,Black | White,Black=0.497; White=0.502
graphsage_geo,Victim Race,tpr,0.2,28549,0.7102985410525524,0.2818069874901018,0.7219942667640942,0.6595296775518587,0.640581946434476,0.6500558119931673,0.7975288712281138,0.09399793680693425,1.9834963373026757,1.5955370612388864,2.6183031006175863,0.07116529318233367,1.5016935814256807,0.047390022879881144,Black | White,Black=0.495; White=0.503
graphsage_geo,Victim Race,tpr,0.3,28549,0.7102985410525524,0.28257137853868747,0.7226871875526597,0.6606079277058944,0.640251295051251,0.6504296113785727,0.797644141351519,0.08528791045925621,1.7997018206856397,1.4643388655986755,2.324839682404353,0.0620387974340757,1.3091109407422024,0.047390022879881144,Black | White,Black=0.492; White=0.504
graphsage_geo,Victim Race,tpr,0.4,28549,0.7102985410525524,0.2838808132979456,0.7227967625899281,0.6602998562333128,0.6420147690951173,0.6511573126642151,0.798361062825925,0.07448978737008827,1.5718453556964203,1.251481351535875,2.052466490073286,0.05134237567904765,1.0834005252368095,0.047390022879881144,Black | White,Black=0.490; White=0.506
graphsage_geo,Victim Race,tpr,0.5,28549,0.7102985410525524,0.2844346945950866,0.7228312812728397,0.660145820497022,0.6427862889893089,0.6514660547431654,0.7986706423158156,0.0684487342883715,1.4443701464729737,1.12696419992951,1.8873048650763316,0.04599416480153373,0.9705453174841153,0.047390022879881144,Black | White,Black=0.488; White=0.508
graphsage_geo,Victim Race,tpr,0.6,28549,0.7102985410525524,0.284031093664969,0.7227500140536286,0.660145820497022,0.6423454204783423,0.6512456204876822,0.7984722394733573,0.06089638075862125,1.2850042489528755,0.9866796911190548,1.690238413797375,0.03904431825065968,0.8238932137598834,0.047390022879881144,Black | White,Black=0.486; White=0.509
graphsage_geo,Victim Race,tpr,0.7,28549,0.7102985410525524,0.28276668265146665,0.7222643842932231,0.6596837132881496,0.6414636834564091,0.6505736983722794,0.7979628594497237,0.05211476490313793,1.0996990871946302,0.8387808070110426,1.4806593291775085,0.030412855272383577,0.6417565011409814,0.047390022879881144,Black | White,Black=0.483; White=0.510
graphsage_geo,Victim Race,tpr,0.8,28549,0.7102985410525524,0.28190924662463573,0.7221176272234243,0.6597350585335798,0.6404717293067342,0.650103393920157,0.7975296381354354,0.044604514792167094,0.9412216344614469,0.703261724391271,1.2799861377130295,0.023083571198186714,0.48709770106455386,0.047390022879881144,Black | White,Black=0.481; White=0.511
graphsage_geo,Victim Race,tpr,0.9,28549,0.7102985410525524,0.281814219583204,0.7225092665393688,0.6605565824604641,0.6394797751570594,0.6500181788087618,0.7972855726326227,0.03704376112248142,0.781678481489147,0.5377368238038165,1.0904147872527388,0.015390939963151107,0.3247717352271029,0.047390022879881144,Black | White,Black=0.478; White=0.512
graphsage_geo,Victim Race,tpr,1.0,28549,0.7102985410525524,0.2812580603677648,0.7223205009406677,0.6604025467241733,0.6390389066460928,0.649720726685133,0.7970502571729565,0.02728968640405849,0.5758529906860204,0.3424131296810048,0.8649640370625212,0.005641159603416934,0.1190368617823947,0.047390022879881144,Black | White,Black=0.476; White=0.514
graphsage_geo,Victim Sex,dp,0.0,28549,0.7102985410525524,0.28115133925040076,0.7218881708345041,0.6595810227972889,0.6398104265402843,0.6496957246687867,0.7971949857266973,0.21319663107350129,2.483412061259506,2.175690175305232,2.886697018681266,0.18972621204830786,2.210017864566571,0.08584827077201795,Male | Female,Female=0.500; Male=0.500
graphsage_geo,Victim Sex,dp,0.1,28549,0.7102985410525524,0.2803468060076168,0.7219320415613592,0.6599917847607312,0.6384878210073845,0.6492398028840578,0.7967026155943969,0.1969731281886159,2.294433264843569,1.9859226345431835,2.6720163232013756,0.17472696849430835,2.0352998018832573,0.08584827077201795,Male | Female,Female=0.509; Male=0.498
graphsage_geo,Victim Sex,dp,0.2,28549,0.7102985410525524,0.28018603924245555,0.7211538461538461,0.6585027726432532,0.639920643668026,0.6492117081556397,0.7969798657718121,0.17073032646067898,1.988745083917615,1.7126990006835126,2.309022351885515,0.14977471559336653,1.744644525119372,0.08584827077201795,Male | Female,Female=0.519; Male=0.496
graphsage_geo,Victim Sex,dp,0.3,28549,0.7102985410525524,0.27841702175081634,0.7205667378837288,0.6580406654343808,0.6384878210073845,0.6482642432208827,0.7962226640159046,0.14527104394023727,1.6921836937872023,1.445893756393833,1.9652911196436469,0.12497488940531964,1.455764784560517,0.08584827077201795,Male | Female,Female=0.530; Male=0.494
graphsage_geo,Victim Sex,dp,0.4,28549,0.7102985410525524,0.279223652711732,0.7206254569998313,0.6578352844526597,0.6395899922848011,0.6487126383687304,0.7966670812088049,0.1247102415525585,1.4526820450902724,1.2436895290823227,1.730924558661212,0.10663590832101977,1.2421439286087228,0.08584827077201795,Male | Female,Female=0.538; Male=0.492
graphsage_geo,Victim Sex,dp,0.5,28549,0.7102985410525524,0.2790724655568331,0.7206209049239335,0.65788662969809,0.6393695580293177,0.6486280938637039,0.7965806652160398,0.10469737525308587,1.2195630070537395,1.0286571295805502,1.4283970565674873,0.08796591101692508,1.0246672440325655,0.08584827077201795,Male | Female,Female=0.547; Male=0.490
graphsage_geo,Victim Sex,dp,0.6,28549,0.7102985410525524,0.27942417097828215,0.7205108729287985,0.657527212980078,0.6401410779235093,0.6488341454517936,0.796839026818493,0.08348828740013103,0.9725098321647715,0.8026364406878855,1.1828661566109526,0.0671678547987683,0.7824019539909185,0.08584827077201795,Male | Female,Female=0.555; Male=0.488
graphsage_geo,Victim Sex,dp,0.7,28549,0.7102985410525524,0.277300928194614,0.7197231833910035,0.6568083795440542,0.6385980381351262,0.6477032088395902,0.7959678924771327,0.0605822009603717,0.7056892400460363,0.5493998548497672,0.8887279808551415,0.04447083474100544,0.518016662899407,0.08584827077201795,Male | Female,Female=0.563; Male=0.486
graphsage_geo,Victim Sex,dp,0.8,28549,0.7102985410525524,0.27628831678540894,0.719106182984831,0.6559868556171699,0.6383776038796429,0.6471822297484064,0.7956654418633617,0.0413179695032454,0.48129064373318625,0.3264573637008311,0.657369320362448,0.026335695947383275,0.30677025536508923,0.08584827077201795,Male | Female,Female=0.571; Male=0.484
graphsage_geo,Victim Sex,dp,0.9,28549,0.7102985410525524,0.2747702182638857,0.718127798586274,0.6546518792359828,0.6381571696241596,0.6464045244300711,0.7952348281669057,0.01774001807076797,0.20664386028087928,0.04457231244952655,0.38010837314198004,0.004433114817127715,0.0516389529720461,0.08584827077201795,Male | Female,Female=0.579; Male=0.482
graphsage_geo,Victim Sex,dp,1.0,28549,0.7102985410525524,0.2736582053964195,0.7167075681927167,0.6522899979461901,0.6394797751570594,0.6458848865516248,0.7952425665101721,0.007582091003398017,0.08831967068426243,0.003259931037546494,0.2662566156317224,0.019393682936512002,0.22590650646900776,0.08584827077201795,Male | Female,Female=0.590; Male=0.481
graphsage_geo,Victim Sex,tpr,0.0,28549,0.7102985410525524,0.28115133925040076,0.7218881708345041,0.6595810227972889,0.6398104265402843,0.6496957246687867,0.7971949857266973,0.21319663107350129,2.483412061259506,2.175690175305232,2.886697018681266,0.18972621204830786,2.210017864566571,0.08584827077201795,Male | Female,Female=0.500; Male=0.500
graphsage_geo,Victim Sex,tpr,0.1,28549,0.7102985410525524,0.2803468060076168,0.7219320415613592,0.6599917847607312,0.6384878210073845,0.6492398028840578,0.7967026155943969,0.19675703303352376,2.2919160894462216,1.985101250818644,2.6724476039783607,0.17443167017589356,2.0318600317427613,0.08584827077201795,Male | Female,Female=0.509; Male=0.498
graphsage_geo,Victim Sex,tpr,0.2,28549,0.7102985410525524,0.27988159463374135,0.7209380799730049,0.6581947011706716,0.639920643668026,0.6490576724193489,0.7969041402461768,0.17034626505740735,1.9842713606868752,1.7079744272048432,2.3086616453441526,0.14928604010187563,1.7389522090471166,0.08584827077201795,Male | Female,Female=0.520; Male=0.496
graphsage_geo,Victim Sex,tpr,0.3,28549,0.7102985410525524,0.27846776215438274,0.7206027042982037,0.658092010679811,0.6384878210073845,0.6482899158435977,0.7962353233521774,0.14673967268221422,1.7092909544084105,1.4683635421136618,1.9895081193760198,0.12638517775343494,1.4721924695381272,0.08584827077201795,Male | Female,Female=0.529; Male=0.494
graphsage_geo,Victim Sex,tpr,0.4,28549,0.7102985410525524,0.2789228495308533,0.7207713715458354,0.6582460464161018,0.6388184723906095,0.6485322594033557,0.7964216934832578,0.12772329903411228,1.4877795194419152,1.2762459590862287,1.7599124953376823,0.10905926555349665,1.2703723042147084,0.08584827077201795,Male | Female,Female=0.537; Male=0.492
graphsage_geo,Victim Sex,tpr,0.5,28549,0.7102985410525524,0.2789223145767025,0.7207197076187799,0.6581433559252413,0.6389286895183511,0.6485360227217962,0.7964458804523424,0.107110276176276,1.2476695827772963,1.0479644499791363,1.4643356244198362,0.08999728134444906,1.048329576532175,0.08584827077201795,Male | Female,Female=0.546; Male=0.490
graphsage_geo,Victim Sex,tpr,0.6,28549,0.7102985410525524,0.27977962885944146,0.7208144669122817,0.6579893201889505,0.6400308607957677,0.649010090492359,0.7969031776630806,0.0880181025305743,1.0252751947015757,0.8569743720717564,1.240694639200849,0.07129679869777539,0.8304977847150116,0.08584827077201795,Male | Female,Female=0.553; Male=0.489
graphsage_geo,Victim Sex,tpr,0.7,28549,0.7102985410525524,0.277858575983035,0.720119241802126,0.6573731772437872,0.6385980381351262,0.6479856076894567,0.7961074493222237,0.06593235936751585,0.7680103370120106,0.6089151126403682,0.9542755169566626,0.049943863744168815,0.5817690128762373,0.08584827077201795,Male | Female,Female=0.560; Male=0.486
graphsage_geo,Victim Sex,tpr,0.8,28549,0.7102985410525524,0.27649270068075366,0.7195094509450946,0.6567056890531937,0.6378265182409346,0.6472661036470642,0.7955959193829311,0.04739630493651048,0.5520938804041606,0.38622859468338727,0.725508075770416,0.03190541353708465,0.37164887830779864,0.08584827077201795,Male | Female,Female=0.567; Male=0.485
graphsage_geo,Victim Sex,tpr,0.9,28549,0.7102985410525524,0.27558424790813185,0.71937914745248,0.6568083795440542,0.6367243469635181,0.6467663632537861,0.7951268025857782,0.029580244405135736,0.34456424269383595,0.19148616828870463,0.5105201186775884,0.01553159953634975,0.18091918913074062,0.08584827077201795,Male | Female,Female=0.575; Male=0.482
graphsage_geo,Victim Sex,tpr,1.0,28549,0.7102985410525524,0.2728001761603281,0.7177076589636051,0.6546005339905525,0.6360630441970683,0.6453317890938104,0.794280730172575,0.005926492975058761,0.06903450613230626,0.0026390129349216996,0.23745042126859434,0.008493807949166765,0.09893976748492996,0.08584827077201795,Male | Female,Female=0.583; Male=0.481
graphsage_geo_blind,Victim Race,dp,0.0,28549,0.6968285095060971,0.26594422633395465,0.6983815028901734,0.6203532552885603,0.6647194974098976,0.6425363763492289,0.7988627347262629,0.06843100953657844,1.44399612783538,1.132457544006037,1.9247692225808397,0.041985904272235475,0.8859650559497847,0.047390022879881144,Black | White,Black=0.500; White=0.500
graphsage_geo_blind,Victim Race,dp,0.1,28549,0.6968285095060971,0.26613298349572423,0.6986420109794858,0.6207640172520025,0.6644990631544142,0.6426315402032083,0.7988634861900357,0.06185533205958604,1.3052395483405848,1.010936987730334,1.7421019092263021,0.03524381925852016,0.7436970298126294,0.047390022879881144,Black | White,Black=0.498; White=0.501
graphsage_geo_blind,Victim Race,dp,0.2,28549,0.6968285095060971,0.26653613719795716,0.698777774567309,0.620866707742863,0.6648297145376392,0.6428482111402511,0.7990484371902464,0.05136033304180887,1.0837794523119606,0.8185736184067532,1.4526592479289233,0.025218482144042542,0.5321474988092639,0.047390022879881144,Black | White,Black=0.496; White=0.503
graphsage_geo_blind,Victim Race,dp,0.3,28549,0.6968285095060971,0.2661402907002459,0.6985319616229337,0.6205586362702814,0.6647194974098976,0.6426390668400894,0.7989159175039662,0.04390058648955286,0.9263676998178939,0.6731030868268345,1.2633330306409267,0.016838675905972655,0.3553211178786181,0.047390022879881144,Black | White,Black=0.495; White=0.504
graphsage_geo_blind,Victim Race,dp,0.4,28549,0.6968285095060971,0.2653034708456623,0.6979473836368892,0.6197884575888273,0.6646092802821558,0.6421988689354916,0.7986634908032288,0.03762378165443225,0.7939177777946372,0.5617737920547711,1.1109263412481236,0.01071549961932905,0.22611298683036055,0.047390022879881144,Black | White,Black=0.493; White=0.505
graphsage_geo_blind,Victim Race,dp,0.5,28549,0.6968285095060971,0.2655069125434883,0.6979877414132069,0.6197884575888273,0.6648297145376392,0.6423090860632332,0.7987691900476442,0.03111965944554418,0.6566711209324115,0.421506519999986,0.9775966681038922,0.0046922992752381765,0.09901449693602564,0.047390022879881144,Black | White,Black=0.491; White=0.506
graphsage_geo_blind,Victim Race,dp,0.6,28549,0.6968285095060971,0.2654164444092369,0.6978021978021978,0.6194803861162457,0.6650501487931224,0.642265267454684,0.7987950211864406,0.024884958029202986,0.5251096436960698,0.2889221308303878,0.7926469268654673,0.0011392298941778067,0.024039445962400093,0.047390022879881144,Black | White,Black=0.489; White=0.507
graphsage_geo_blind,Victim Race,dp,0.7,28549,0.6968285095060971,0.2661135028037155,0.6981639439063178,0.6198911480796878,0.6653808001763474,0.6426359741280177,0.7990601628168641,0.019104925600097467,0.40314235864630127,0.1739948355945858,0.6719585836488584,0.007417991804501534,0.15653066518460684,0.047390022879881144,Black | White,Black=0.488; White=0.508
graphsage_geo_blind,Victim Race,dp,0.8,28549,0.6968285095060971,0.26567644407469265,0.6977699360772858,0.6193263503799549,0.6654910173040891,0.642408683842022,0.798966682122276,0.013257520853005023,0.27975341743574766,0.04148363544259197,0.5560521467925172,0.013437287322565772,0.28354675743932606,0.047390022879881144,Black | White,Black=0.486; White=0.509
graphsage_geo_blind,Victim Race,dp,0.9,28549,0.6968285095060971,0.2647156564787005,0.6974955173809937,0.619172314643664,0.6646092802821558,0.6418907974629099,0.7985035094689446,0.006231391578594869,0.13149163473479417,0.008415377468323007,0.3775390705476735,0.020870452165342,0.44039759630929187,0.047390022879881144,Black | White,Black=0.484; White=0.510
graphsage_geo_blind,Victim Race,dp,1.0,28549,0.6968285095060971,0.2634006853410797,0.6971230302154113,0.6189669336619429,0.6633968918769977,0.6411819127694702,0.7978688199086638,0.0008326239247764544,0.017569603772652636,0.00395378780149864,0.3092394989431516,0.02792417948479531,0.5892417388270597,0.047390022879881144,Black | White,Black=0.482; White=0.511
graphsage_geo_blind,Victim Race,tpr,0.0,28549,0.6968285095060971,0.26594422633395465,0.6983815028901734,0.6203532552885603,0.6647194974098976,0.6425363763492289,0.7988627347262629,0.06843100953657844,1.44399612783538,1.132457544006037,1.9247692225808397,0.041985904272235475,0.8859650559497847,0.047390022879881144,Black | White,Black=0.500; White=0.500
graphsage_geo_blind,Victim Race,tpr,0.1,28549,0.6968285095060971,0.26563543223394576,0.6983760041611281,0.6204559457794209,0.6642786288989309,0.6423672873391759,0.7986781229345671,0.06426753610245467,1.356140643049545,1.0630278223600305,1.789048247571625,0.03752044439845703,0.7917372079258033,0.047390022879881144,Black | White,Black=0.499; White=0.501
graphsage_geo_blind,Victim Race,tpr,0.2,28549,0.6968285095060971,0.26592958610050266,0.6986016410493471,0.6207640172520025,0.6642786288989309,0.6425213230754667,0.7987579281183932,0.05994830056266787,1.2649983460573129,0.965174387691742,1.6902794401661778,0.033158865293257955,0.6997013986953602,0.047390022879881144,Black | White,Black=0.498; White=0.501
graphsage_geo_blind,Victim Race,tpr,0.3,28549,0.6968285095060971,0.26724438343752,0.69897413668545,0.6209693982337235,0.6654910173040891,0.6432302077689063,0.799391896357988,0.053461012873351366,1.1281069226081253,0.8464713527925288,1.5090074383073495,0.0274712072694423,0.5796833510520389,0.047390022879881144,Black | White,Black=0.497; White=0.502
graphsage_geo_blind,Victim Race,tpr,0.4,28549,0.6968285095060971,0.2665815366670803,0.6988703666252564,0.6210207434791538,0.6647194974098976,0.6428701204445257,0.7990354759859946,0.04801355636496185,1.0131574843646134,0.7436957852513094,1.3414283823901914,0.021531892505420314,0.45435497172045924,0.047390022879881144,Black | White,Black=0.496; White=0.503
graphsage_geo_blind,Victim Race,tpr,0.5,28549,0.6968285095060971,0.26633638270907867,0.6986823855755895,0.6207640172520025,0.6647194974098976,0.64274175733095,0.7989690721649485,0.044136338242956485,0.9313424126176996,0.6743786342398284,1.2672805612166325,0.01717421822624776,0.36240156012962943,0.047390022879881144,Black | White,Black=0.495; White=0.504
graphsage_geo_blind,Victim Race,tpr,0.6,28549,0.6968285095060971,0.26595161687881824,0.6982713765392843,0.6201478743068392,0.6649399316653808,0.64254390298611,0.7989152004233364,0.04004020288711896,0.8449078614840159,0.602403829322925,1.1860691673744064,0.01338765264507269,0.28249939188689976,0.047390022879881144,Black | White,Black=0.494; White=0.504
graphsage_geo_blind,Victim Race,tpr,0.7,28549,0.6968285095060971,0.26534134051016167,0.698150289017341,0.6201478743068392,0.6642786288989309,0.642213251602885,0.798598254430045,0.03649977787564751,0.7701996255237734,0.516934346656822,1.0694543028654493,0.009681067817939981,0.20428493656731195,0.047390022879881144,Black | White,Black=0.493; White=0.505
graphsage_geo_blind,Victim Race,tpr,0.8,28549,0.6968285095060971,0.2655974706217096,0.698173199213782,0.6200965290614089,0.6646092802821558,0.6423529046717824,0.7987433862433863,0.033304546114645395,0.7027754808024039,0.46793963574162867,1.0194863361705941,0.006353920514129974,0.1340771775999174,0.047390022879881144,Black | White,Black=0.492; White=0.505
graphsage_geo_blind,Victim Race,tpr,0.9,28549,0.6968285095060971,0.2656688818741044,0.6978802163162613,0.6195317313616759,0.6652705830486058,0.6424011572051409,0.7989141230219162,0.03012193168339672,0.6356175805136531,0.39938717590297546,0.9529145147231796,0.0035778867198069664,0.07549873374983987,0.047390022879881144,Black | White,Black=0.491; White=0.506
graphsage_geo_blind,Victim Race,tpr,1.0,28549,0.6968285095060971,0.26568024275650226,0.6977147816025455,0.6192236598890942,0.6656012344318307,0.6424124471604624,0.7989929773419902,0.026320486019313805,0.5554014203797282,0.33469285272439653,0.8287832081260829,6.297306734881492e-05,0.0013288254261541908,0.047390022879881144,Black | White,Black=0.490; White=0.507
graphsage_geo_blind,Victim Sex,dp,0.0,28549,0.6968285095060971,0.26594422633395465,0.6983815028901734,0.6203532552885603,0.6647194974098976,0.6425363763492289,0.7988627347262629,0.07350496400576034,0.8562195061676084,0.6848052840252689,1.068447782361864,0.05138076989140161,0.5985067541762187,0.08584827077201795,Male | Female,Female=0.500; Male=0.500
graphsage_geo_blind,Victim Sex,dp,0.1,28549,0.6968285095060971,0.26594422633395465,0.6983815028901734,0.6203532552885603,0.6647194974098976,0.6425363763492289,0.7988627347262629,0.06529334811226184,0.7605668410684406,0.5867116621413212,0.9540720146364499,0.04340771529420062,0.5056329603828115,0.08584827077201795,Male | Female,Female=0.503; Male=0.499
graphsage_geo_blind,Victim Sex,dp,0.2,28549,0.6968285095060971,0.26517594071432643,0.6983127239107824,0.6205072910248511,0.6637275432602227,0.6421174171425369,0.7984275898520085,0.05828204533549064,0.6788959732254448,0.5172093765670713,0.8613982602192989,0.03612194592036733,0.42076497983627636,0.08584827077201795,Male | Female,Female=0.505; Male=0.499
graphsage_geo_blind,Victim Sex,dp,0.3,28549,0.6968285095060971,0.2648744825598559,0.6981971570553566,0.6204046005339906,0.6635071090047393,0.6419558547693649,0.7982954545454546,0.04963823913180787,0.5782089573315825,0.4139086726863014,0.7563433146628386,0.02769070117425454,0.3225539772116209,0.08584827077201795,Male | Female,Female=0.508; Male=0.498
graphsage_geo_blind,Victim Sex,dp,0.4,28549,0.6968285095060971,0.2633856830900562,0.697343700320837,0.6193776956253851,0.6629560233660311,0.6411668594957081,0.7977646981019774,0.04057451730767625,0.4726305718542373,0.316648466698781,0.6645770924948472,0.01779342995366906,0.20726602637019903,0.08584827077201795,Male | Female,Female=0.510; Male=0.497
graphsage_geo_blind,Victim Sex,dp,0.5,28549,0.6968285095060971,0.2616074559988006,0.6969635686013925,0.6193263503799549,0.661082332194423,0.640204341287189,0.7968553874611878,0.03165830391549873,0.36877043219160194,0.20289769416710135,0.5443633576020447,0.008114788689937869,0.09452477745868429,0.08584827077201795,Male | Female,Female=0.513; Male=0.496
graphsage_geo_blind,Victim Sex,dp,0.6,28549,0.6968285095060971,0.2617471802521005,0.6971867598636705,0.6196857670979667,0.6608618979389397,0.6402738325184532,0.7968440512346494,0.02607568410028216,0.30374151821333445,0.13982295797920632,0.47425095199954903,0.0029265928875875646,0.0340902951366317,0.08584827077201795,Male | Female,Female=0.515; Male=0.496
graphsage_geo_blind,Victim Sex,dp,0.7,28549,0.6968285095060971,0.26173990104457884,0.697296985098764,0.6198911480796878,0.6606414636834564,0.6402663058815721,0.7967925026399155,0.018464224765147308,0.21507975174225266,0.05099700352261431,0.38967967854086416,0.004425379730204737,0.05154885113477649,0.08584827077201795,Male | Female,Female=0.517; Male=0.495
graphsage_geo_blind,Victim Sex,dp,0.8,28549,0.6968285095060971,0.26165279337206754,0.6970563595921079,0.6194803861162457,0.6609721150666814,0.6402262505914635,0.7968430090482795,0.01030482934180632,0.12003537461077383,0.006782480258061044,0.2933501022152674,0.013050001649393517,0.15201239969119024,0.08584827077201795,Male | Female,Female=0.520; Male=0.495
graphsage_geo_blind,Victim Sex,dp,0.9,28549,0.6968285095060971,0.26085011582482087,0.6967298359140282,0.619172314643664,0.6604210294279731,0.6397966720358186,0.7964993394980185,0.0017050604817909765,0.019861325877128057,0.002507916719732224,0.20768226001112633,0.022102328374915103,0.2574580498378461,0.08584827077201795,Male | Female,Female=0.522; Male=0.494
graphsage_geo_blind,Victim Sex,dp,1.0,28549,0.6968285095060971,0.2586270681347036,0.6960665395945244,0.6187615526802218,0.6584371211286234,0.6385993369044226,0.7954455445544555,0.005650357917829529,0.06581795844012796,0.004518458643379859,0.24879025379425826,0.02984105533885939,0.3476022879727708,0.08584827077201795,Male | Female,Female=0.525; Male=0.493
graphsage_geo_blind,Victim Sex,tpr,0.0,28549,0.6968285095060971,0.26594422633395465,0.6983815028901734,0.6203532552885603,0.6647194974098976,0.6425363763492289,0.7988627347262629,0.07350496400576034,0.8562195061676084,0.6848052840252689,1.068447782361864,0.05138076989140161,0.5985067541762187,0.08584827077201795,Male | Female,Female=0.500; Male=0.500
graphsage_geo_blind,Victim Sex,tpr,0.1,28549,0.6968285095060971,0.2657556164078751,0.698120844174617,0.6199424933251181,0.6649399316653808,0.6424412124952494,0.7988619822680958,0.06573372154893609,0.7656965126706063,0.5868219869019031,0.949523014332246,0.04393734124587223,0.5118022861817911,0.08584827077201795,Male | Female,Female=0.503; Male=0.499
graphsage_geo_blind,Victim Sex,tpr,0.2,28549,0.6968285095060971,0.2651795927419138,0.6982576786385044,0.6204046005339906,0.6638377603879643,0.6421211804609774,0.7984537104341505,0.06143948953778178,0.7156753302689451,0.5470392764532717,0.8949862962569397,0.03950263391084863,0.4601447828314839,0.08584827077201795,Male | Female,Female=0.504; Male=0.499
graphsage_geo_blind,Victim Sex,tpr,0.3,28549,0.6968285095060971,0.26482180836378855,0.6982145952504767,0.6204559457794209,0.6633968918769977,0.6419264188282092,0.7982560443915973,0.054952543321774794,0.6401124079448138,0.47523014274631475,0.8235407619835218,0.032939867661762934,0.38369867401568686,0.08584827077201795,Male | Female,Female=0.506; Male=0.498
graphsage_geo_blind,Victim Sex,tpr,0.4,28549,0.6968285095060971,0.26487083839345266,0.6982522028022533,0.6205072910248511,0.6633968918769977,0.6419520914509245,0.798269370500033,0.049290031945713464,0.5741528804535855,0.4052302166604748,0.7587885202272007,0.027262996367921732,0.3175718756213788,0.08584827077201795,Male | Female,Female=0.508; Male=0.498
graphsage_geo_blind,Victim Sex,tpr,0.5,28549,0.6968285095060971,0.26418828234283664,0.6976703855714204,0.6196857670979667,0.6635071090047393,0.641596438051353,0.7981087157783362,0.04269143151492949,0.49728935866748597,0.33619489859664564,0.6777220939502187,0.020349193674063848,0.23703673342592965,0.08584827077201795,Male | Female,Female=0.510; Male=0.497
graphsage_geo_blind,Victim Sex,tpr,0.6,28549,0.6968285095060971,0.262210374867683,0.6971946956345881,0.6195317313616759,0.6615232007053896,0.6405274660335327,0.7971196406157098,0.03662849248261635,0.4266654663305731,0.26370955541199514,0.6088738220044496,0.013460643763984259,0.15679574722862938,0.08584827077201795,Male | Female,Female=0.511; Male=0.497
graphsage_geo_blind,Victim Sex,tpr,0.7,28549,0.6968285095060971,0.2614420599600237,0.6971263537906137,0.6196857670979667,0.6605312465557147,0.6401085068268407,0.7966862499174863,0.030481570326213347,0.3550633000769626,0.19576411452074785,0.5331741291927108,0.006765471026980663,0.0788073069630874,0.08584827077201795,Male | Female,Female=0.513; Male=0.496
graphsage_geo_blind,Victim Sex,tpr,0.8,28549,0.6968285095060971,0.2620832030205272,0.6975602714017612,0.6202505647976997,0.6606414636834564,0.6404460142405781,0.7968863381489544,0.02658367440806597,0.30965882211725176,0.15026307503966518,0.4818084085979044,0.0033795504776984453,0.039366552725020085,0.08584827077201795,Male | Female,Female=0.514; Male=0.496
graphsage_geo_blind,Victim Sex,tpr,0.9,28549,0.6968285095060971,0.2618906404516687,0.6973547418274229,0.6199424933251181,0.6607516808111981,0.640347087068158,0.7968585005279831,0.019760795695699662,0.23018280412633133,0.06941100859828614,0.4013794119797226,0.00360568801891914,0.04200070643815933,0.08584827077201795,Male | Female,Female=0.517; Male=0.495
graphsage_geo_blind,Victim Sex,tpr,1.0,28549,0.6968285095060971,0.2616728464373759,0.6975347843657987,0.6203532552885603,0.6600903780447481,0.6402218166666542,0.796650402215482,0.015470655247790566,0.18020928212840823,0.029513338128804256,0.34353190959630614,0.007974192109983846,0.09288704406359477,0.08584827077201795,Male | Female,Female=0.518; Male=0.495
graphsage_temporal_blind,Victim Race,dp,0.0,28549,0.6796430611866683,0.24540301384839713,0.717364804964539,0.6647668925857465,0.5951724898049157,0.6299696911953311,0.7790012033694345,0.018933664323194987,0.399528490863697,0.16899025441524373,0.682890984087736,0.011924656890064944,0.2516280044913718,0.047390022879881144,Black | White,Black=0.500; White=0.500
graphsage_temporal_blind,Victim Race,dp,0.1,28549,0.6796430611866683,0.24509955781484352,0.717305188509377,0.6647668925857465,0.5948418384216907,0.6298043655037187,0.7788606148108043,0.016774046553301614,0.3539573423675816,0.11621938287104346,0.6198102810684816,0.013777949303631298,0.2907352321511657,0.047390022879881144,Black | White,Black=0.499; White=0.500
graphsage_temporal_blind,Victim Race,dp,0.2,28549,0.6796430611866683,0.2448426930072436,0.7171275004155815,0.6645101663585952,0.5948418384216907,0.6296760023901429,0.7787940787098327,0.015389022121905516,0.3247312659230375,0.08069211909824871,0.6076361454124775,0.015124023410758358,0.3191393987948269,0.047390022879881144,Black | White,Black=0.499; White=0.501
graphsage_temporal_blind,Victim Race,dp,0.3,28549,0.6796430611866683,0.24494862994846592,0.717300980555094,0.6648182378311769,0.5946214041662075,0.6297198209986922,0.7787802237459401,0.01383561825509283,0.29195213283947524,0.049220260469139854,0.5523942709203091,0.016705663895608014,0.3525143665355815,0.047390022879881144,Black | White,Black=0.498; White=0.501
graphsage_temporal_blind,Victim Race,dp,0.4,28549,0.6796430611866683,0.2446917459078609,0.7171233066459817,0.6645615116040254,0.5946214041662075,0.6295914578851165,0.77871367547079,0.012450593823696732,0.2627260563949312,0.03927481433260742,0.5134641154521198,0.018051738002734963,0.3809185331792403,0.047390022879881144,Black | White,Black=0.498; White=0.501
graphsage_temporal_blind,Victim Race,dp,0.5,28549,0.6796430611866683,0.24454239389056684,0.7171703182561006,0.6647155473403162,0.5942907527829825,0.6295031500616494,0.7786130991760389,0.011246600397171402,0.23732000353065896,0.025195139878926503,0.49126649288045177,0.01919005057270351,0.40493862223582955,0.047390022879881144,Black | White,Black=0.498; White=0.501
graphsage_temporal_blind,Victim Race,dp,0.6,28549,0.6796430611866683,0.2444910150482717,0.7171347847764666,0.664664202094886,0.5942907527829825,0.6294774774389342,0.7785997834716709,0.009630041402189704,0.20320820326672642,0.015923119544207474,0.4608121093189152,0.020663905462947052,0.4360391535434278,0.047390022879881144,Black | White,Black=0.497; White=0.502
graphsage_temporal_blind,Victim Race,dp,0.7,28549,0.6796430611866683,0.24423890871307571,0.7171107295186395,0.6647155473403162,0.5939601013997575,0.6293378243700369,0.7784726398075766,0.008463934204625656,0.17860160620894985,0.007710131979240159,0.4375824269817996,0.021738327641357302,0.45871106026804737,0.047390022879881144,Black | White,Black=0.496; White=0.502
graphsage_temporal_blind,Victim Race,dp,0.8,28549,0.6796430611866683,0.24429190428221007,0.7171974522292993,0.6648695830766072,0.5938498842720159,0.6293597336743115,0.7784657929541902,0.006207492267420123,0.13098732370638794,0.00797229335203188,0.3734058631241353,0.023571624866413066,0.4973963596970558,0.047390022879881144,Black | White,Black=0.496; White=0.502
graphsage_temporal_blind,Victim Race,dp,0.9,28549,0.6796430611866683,0.24424051526988919,0.7171619263895428,0.6648182378311769,0.5938498842720159,0.6293340610515964,0.7784524739974749,0.005058219589427648,0.10673596006164947,0.0049190260517854665,0.35372525988509745,0.02458215665326502,0.5187200840897056,0.047390022879881144,Black | White,Black=0.495; White=0.502
graphsage_temporal_blind,Victim Race,dp,1.0,28549,0.6796430611866683,0.24424051526988919,0.7171619263895428,0.6648182378311769,0.5938498842720159,0.6293340610515964,0.7784524739974749,0.0033448364271337905,0.07058102579127051,0.004719054431908386,0.3246293672914944,0.025972125963439896,0.5480505048345534,0.047390022879881144,Black | White,Black=0.495; White=0.503
graphsage_temporal_blind,Victim Race,tpr,0.0,28549,0.6796430611866683,0.24540301384839713,0.717364804964539,0.6647668925857465,0.5951724898049157,0.6299696911953311,0.7790012033694345,0.018933664323194987,0.399528490863697,0.16899025441524373,0.682890984087736,0.011924656890064944,0.2516280044913718,0.047390022879881144,Black | White,Black=0.500; White=0.500
graphsage_temporal_blind,Victim Race,tpr,0.1,28549,0.6796430611866683,0.24596665250647068,0.7177044094837137,0.665228999794619,0.5952827069326573,0.6302558533636382,0.7791676689920616,0.02143007520362228,0.45220647514648393,0.22254047784497843,0.7216538240072276,0.009779717359270967,0.20636658868174607,0.047390022879881144,Black | White,Black=0.501; White=0.499
graphsage_temporal_blind,Victim Race,tpr,0.2,28549,0.6796430611866683,0.24596665250647068,0.7177044094837137,0.665228999794619,0.5952827069326573,0.6302558533636382,0.7791676689920616,0.02283193415459006,0.48178778500406844,0.25049986343683345,0.7582041315469932,0.008621409600792052,0.18192457139437604,0.047390022879881144,Black | White,Black=0.501; White=0.499
graphsage_temporal_blind,Victim Race,tpr,0.3,28549,0.6796430611866683,0.24622033509999783,0.7177796858986788,0.6652803450400493,0.5955031411881406,0.630391743114095,0.7792746737234618,0.024797903589859227,0.5232726654872935,0.3002333841047443,0.80507821874309,0.005989246952069482,0.1263820227994054,0.047390022879881144,Black | White,Black=0.502; White=0.499
graphsage_temporal_blind,Victim Race,tpr,0.4,28549,0.6796430611866683,0.24586550889667905,0.7176845312283617,0.665228999794619,0.5951724898049157,0.6302007447997673,0.7791208130374647,0.026473400523191803,0.5586281439511768,0.31858523596761895,0.8542724244484567,0.0044515016702676435,0.0939333091598374,0.047390022879881144,Black | White,Black=0.502; White=0.498
graphsage_temporal_blind,Victim Race,tpr,0.5,28549,0.6796430611866683,0.2460180526288964,0.7177399252181138,0.6652803450400493,0.5952827069326573,0.6302815259863532,0.7791809489446149,0.027252211051507103,0.5750622049831653,0.3537681529170632,0.8779726622105923,0.0036726314351114286,0.07749798822466067,0.047390022879881144,Black | White,Black=0.503; White=0.498
graphsage_temporal_blind,Victim Race,tpr,0.6,28549,0.6796430611866683,0.2461225379120794,0.7178620880642481,0.6654857260217704,0.5951724898049157,0.6303291079133431,0.7791872069255741,0.02879299758856635,0.6075750936341089,0.3731675663463239,0.8829688932985038,0.0024104429080530343,0.05086393214375,0.047390022879881144,Black | White,Black=0.503; White=0.498
graphsage_temporal_blind,Victim Race,tpr,0.7,28549,0.6796430611866683,0.2459152548801013,0.7176688917818463,0.6651776545491888,0.5952827069326573,0.630230180740923,0.7791543874421122,0.0307168636050561,0.6481715293304188,0.41217121993330547,0.9456747339494186,0.00013381776811627333,0.002823754030578534,0.047390022879881144,Black | White,Black=0.504; White=0.498
graphsage_temporal_blind,Victim Race,tpr,0.8,28549,0.6796430611866683,0.24601475506734627,0.7176376076899638,0.6650749640583282,0.5955031411881406,0.6302890526232344,0.7792215604884798,0.031259922379967775,0.6596308775626017,0.41928072769543495,0.9704285737295208,0.0003933957268336119,0.008301235216339667,0.047390022879881144,Black | White,Black=0.504; White=0.497
graphsage_temporal_blind,Victim Race,tpr,0.9,28549,0.6796430611866683,0.24611589736302553,0.7176574879494709,0.6650749640583282,0.5956133583158822,0.6303441611871052,0.7792684394176392,0.03260284339258468,0.6879685092202354,0.4436383711443336,0.973076087161731,0.001320041933616789,0.027854849046236623,0.047390022879881144,Black | White,Black=0.504; White=0.497
graphsage_temporal_blind,Victim Race,tpr,1.0,28549,0.6796430611866683,0.24611754009382633,0.7177086507298966,0.6651776545491888,0.5955031411881406,0.6303403978686647,0.7792481203007519,0.034181516158605096,0.7212808536776724,0.4821145468320119,1.0398166002745792,0.0031094439556249576,0.06561389437406316,0.047390022879881144,Black | White,Black=0.505; White=0.497
graphsage_temporal_blind,Victim Sex,dp,0.0,28549,0.6796430611866683,0.24540301384839713,0.717364804964539,0.6647668925857465,0.5951724898049157,0.6299696911953311,0.7790012033694345,0.06229717211757846,0.7256660100122142,0.5645258510679037,0.9039551170157148,0.03870500994754922,0.4508536933764894,0.08584827077201795,Male | Female,Female=0.500; Male=0.500
graphsage_temporal_blind,Victim Sex,dp,0.1,28549,0.6796430611866683,0.245051400982476,0.7173720363394638,0.6649209283220374,0.5946214041662075,0.6297711662441224,0.7788068318498917,0.056110304180753245,0.6535985370021252,0.48265792675504,0.8404519679908331,0.03260043384737532,0.3797447933919405,0.08584827077201795,Male | Female,Female=0.502; Male=0.499
graphsage_temporal_blind,Victim Sex,dp,0.2,28549,0.6796430611866683,0.2448442751710146,0.7171787129124304,0.6646128568494557,0.5947316212939491,0.6296722390717024,0.7787738403224836,0.04777475938274256,0.5565022912297801,0.3903100624703042,0.7376035714663276,0.024434002077098338,0.2846184536667749,0.08584827077201795,Male | Female,Female=0.505; Male=0.498
graphsage_temporal_blind,Victim Sex,dp,0.3,28549,0.6796430611866683,0.24484586887119764,0.7172299168975069,0.6647155473403162,0.5946214041662075,0.6296684757532618,0.7787536092396535,0.04159198300916234,0.4844824786234267,0.3251608130826126,0.6542919267535372,0.018986225857713146,0.2211602596880922,0.08584827077201795,Male | Female,Female=0.508; Male=0.498
graphsage_temporal_blind,Victim Sex,dp,0.4,28549,0.6796430611866683,0.24428240373324095,0.716890169566663,0.6642534401314438,0.5945111870384657,0.6293823135849548,0.7785869041887338,0.03524533195064772,0.41055377858741743,0.25447456843358024,0.5813924781836949,0.012790193729802057,0.14898603798052262,0.08584827077201795,Male | Female,Female=0.510; Male=0.497
graphsage_temporal_blind,Victim Sex,dp,0.5,28549,0.6796430611866683,0.24346248301696372,0.7163724050001385,0.66353460669542,0.5944009699107241,0.628967788303072,0.7783533096428357,0.026741820904457314,0.3115009849816771,0.15246123530870104,0.47685265311581504,0.004858089592781778,0.05658925391383959,0.08584827077201795,Male | Female,Female=0.512; Male=0.496
graphsage_temporal_blind,Victim Sex,dp,0.6,28549,0.6796430611866683,0.24346101832055742,0.7163210999002106,0.6634319162045594,0.5945111870384657,0.6289715516215126,0.7783734939759036,0.01909450735214524,0.22242157215785238,0.06449329204240664,0.384367623412676,0.0018013652428419125,0.020983127867836602,0.08584827077201795,Male | Female,Female=0.515; Male=0.495
graphsage_temporal_blind,Victim Sex,dp,0.7,28549,0.6796430611866683,0.2423964432247094,0.7160356964691535,0.6632778804682686,0.5935192328887909,0.6283985566785297,0.7779115982175118,0.011915238327194433,0.13879415648146262,0.011883884147093732,0.29662054716123465,0.0078040201976770085,0.09090480364364789,0.08584827077201795,Male | Female,Female=0.517; Male=0.494
graphsage_temporal_blind,Victim Sex,dp,0.8,28549,0.6796430611866683,0.24147862835857567,0.7156003991573345,0.662764428013966,0.5930783643778244,0.6279213961958952,0.7775903614457831,0.004832227116068566,0.05628799593297829,0.0033949485269373822,0.22487318159456415,0.015705638992118187,0.1829464804693236,0.08584827077201795,Male | Female,Female=0.520; Male=0.493
graphsage_temporal_blind,Victim Sex,dp,0.9,28549,0.6796430611866683,0.24041254496250045,0.7152637268216968,0.6625077017868145,0.5921966273558911,0.6273521645713528,0.7771487080648075,0.0009183589473275022,0.010697465878681848,0.0021927695321937303,0.1890456961305166,0.02157588745903527,0.2513258247953887,0.08584827077201795,Male | Female,Female=0.522; Male=0.493
graphsage_temporal_blind,Victim Sex,dp,1.0,28549,0.6796430611866683,0.23975262070875183,0.7150577866467116,0.6623536660505237,0.5916455417171829,0.6269996038838532,0.7768744354110207,0.009434144683252987,0.10989324069563,0.005034879783320413,0.26995258430973856,0.029350332324359574,0.3418861214141805,0.08584827077201795,Male | Female,Female=0.525; Male=0.491
graphsage_temporal_blind,Victim Sex,tpr,0.0,28549,0.6796430611866683,0.24540301384839713,0.717364804964539,0.6647668925857465,0.5951724898049157,0.6299696911953311,0.7790012033694345,0.06229717211757846,0.7256660100122142,0.5645258510679037,0.9039551170157148,0.03870500994754922,0.4508536933764894,0.08584827077201795,Male | Female,Female=0.500; Male=0.500
graphsage_temporal_blind,Victim Sex,tpr,0.1,28549,0.6796430611866683,0.24535648482380754,0.7174828273875471,0.665023618812898,0.5948418384216907,0.6299327286172943,0.7789271108972817,0.056974684801121556,0.6636672385915119,0.48875916123196367,0.8465357198205583,0.03305862399628712,0.3850820022231886,0.08584827077201795,Male | Female,Female=0.501; Male=0.499
graphsage_temporal_blind,Victim Sex,tpr,0.2,28549,0.6796430611866683,0.24499680443416827,0.7172341191788791,0.664664202094886,0.5948418384216907,0.6297530202582884,0.7788340051741772,0.05231275763967591,0.6093629745740567,0.43603701092564556,0.80596416796119,0.02879727360936224,0.33544384004935185,0.08584827077201795,Male | Female,Female=0.503; Male=0.499
graphsage_temporal_blind,Victim Sex,tpr,0.3,28549,0.6796430611866683,0.2449470249394264,0.7172497853126125,0.6647155473403162,0.5947316212939491,0.6297235843171327,0.7788004571978584,0.04833497016068389,0.5630278831013864,0.39275824333322673,0.7448724397010793,0.024892192226010135,0.28995566249802307,0.08584827077201795,Male | Female,Female=0.505; Male=0.498
graphsage_temporal_blind,Victim Sex,tpr,0.4,28549,0.6796430611866683,0.24469654534688492,0.7172769068852822,0.6648695830766072,0.5942907527829825,0.6295801679297948,0.7786530366806975,0.043704805653170475,0.5090936050329387,0.35045497887716237,0.6744246905278224,0.020559406036325334,0.23948538335645342,0.08584827077201795,Male | Female,Female=0.507; Male=0.498
graphsage_temporal_blind,Victim Sex,tpr,0.5,28549,0.6796430611866683,0.24474311774320787,0.7171588453653942,0.6646128568494557,0.5946214041662075,0.6296171305078315,0.778726988328721,0.04038348676594472,0.4704053605597799,0.31179449154476063,0.6391318866918954,0.017642140753556745,0.20550374043535377,0.08584827077201795,Male | Female,Female=0.508; Male=0.497
graphsage_temporal_blind,Victim Sex,tpr,0.6,28549,0.6796430611866683,0.24408007375219742,0.7168504460575165,0.6642534401314438,0.5942907527829825,0.6292720964572132,0.7784932001444217,0.03688601850404938,0.42966524744575624,0.27203276931154496,0.6000732642668555,0.01426668532187636,0.166184888683006,0.08584827077201795,Male | Female,Female=0.509; Male=0.497
graphsage_temporal_blind,Victim Sex,tpr,0.7,28549,0.6796430611866683,0.24422951108142377,0.7168033695411217,0.664099404395153,0.5946214041662075,0.6293604042806802,0.7785937876234048,0.03196395884384429,0.3723308408707385,0.21214313611753016,0.5367130774429324,0.010035820277530472,0.11690183375017525,0.08584827077201795,Male | Female,Female=0.511; Male=0.496
graphsage_temporal_blind,Victim Sex,tpr,0.8,28549,0.6796430611866683,0.2440287172564923,0.716814894854958,0.6642020948860136,0.5942907527829825,0.629246423834498,0.7784798700126376,0.02547701262783708,0.2967679185466046,0.14279160594251647,0.46026444314304255,0.003702149102900454,0.043124329349999685,0.08584827077201795,Male | Female,Female=0.513; Male=0.496
graphsage_temporal_blind,Victim Sex,tpr,0.9,28549,0.6796430611866683,0.2436677925227399,0.7165147022143392,0.6637399876771412,0.5944009699107241,0.6290704787939326,0.7784066959715783,0.020298912032117644,0.2364510298177611,0.07212268120640876,0.3991188570161305,0.00042679479610652216,0.004971501374092149,0.08584827077201795,Male | Female,Female=0.514; Male=0.495
graphsage_temporal_blind,Victim Sex,tpr,1.0,28549,0.6796430611866683,0.24270290847394235,0.7161978661493695,0.6634832614499897,0.5936294500165326,0.6285563557332612,0.7780119212475164,0.015240648777665178,0.17753006135835683,0.02913687893851254,0.33538608990238233,0.004820551670949413,0.05615199499767514,0.08584827077201795,Male | Female,Female=0.516; Male=0.495
logreg,Victim Race,dp,0.0,28549,0.6711243739507556,0.23036025989448805,0.6871508379888268,0.612600123228589,0.6341893530254602,0.6233947381270246,0.782360655737705,0.12689247391745134,2.677620018016957,2.173616775376336,3.4571390945480567,0.10204919443625016,2.1533898537021785,0.047390022879881144,Black | White,Black=0.500; White=0.500
logreg,Victim Race,dp,0.1,28549,0.6711243739507556,0.2302547937026042,0.6871868701410884,0.6127028137194496,0.6339689187699769,0.6233358662447133,0.7822866133473187,0.11591335406311348,2.445944251956103,1.9493837628396053,3.110562870824381,0.09086554956329362,1.9173983054114432,0.047390022879881144,Black | White,Black=0.497; White=0.502
logreg,Victim Race,dp,0.2,28549,0.6711243739507556,0.23039093583571824,0.687467618444534,0.6131649209283221,0.6336382673867519,0.623401594157537,0.7822612341150269,0.10353659244762592,2.1847761650180826,1.764200047525488,2.8841720517810274,0.07725750357877303,1.630248286112809,0.047390022879881144,Black | White,Black=0.494; White=0.504
logreg,Victim Race,dp,0.3,28549,0.6711243739507556,0.22928249329814646,0.6870826617545476,0.6128568494557404,0.6327565303648187,0.6228066899102795,0.781765784647629,0.08963587881465074,1.891450422842158,1.471837349074568,2.453910449928009,0.06378114320339556,1.3458770291177273,0.047390022879881144,Black | White,Black=0.490; White=0.506
logreg,Victim Race,dp,0.4,28549,0.6711243739507556,0.22931702197335427,0.6873435566936157,0.6133189566646129,0.6323156618538521,0.6228173092592325,0.7816896799947647,0.0785641519828188,1.657820511755276,1.2983608344392548,2.215769237054372,0.052953035839224616,1.1173878513087863,0.047390022879881144,Black | White,Black=0.487; White=0.507
logreg,Victim Race,dp,0.5,28549,0.6711243739507556,0.23020059542032084,0.6880230050323508,0.6142431710823578,0.6323156618538521,0.623279416468105,0.7819465324531015,0.06513915904646905,1.3745331841593833,1.0731018162514463,1.8172283286495505,0.03917331386854006,0.8266152132450354,0.047390022879881144,Black | White,Black=0.483; White=0.509
logreg,Victim Race,dp,0.6,28549,0.6711243739507556,0.22986744592796232,0.6884087121429803,0.6150646950092421,0.6311032734486939,0.6230839842289679,0.7816129453216756,0.05021970018165767,1.0597104016798824,0.7946756978221062,1.4482657736180014,0.023140866772455637,0.4883067229385072,0.047390022879881144,Black | White,Black=0.479; White=0.511
logreg,Victim Race,dp,0.7,28549,0.6711243739507556,0.22976763629979177,0.6892039258451472,0.6165537071267201,0.6294500165325692,0.6230018618296447,0.7812621990891346,0.03583489995182243,0.7561697119803608,0.5078944059818324,1.0606305328048122,0.00819893221726542,0.1730096699477682,0.047390022879881144,Black | White,Black=0.475; White=0.513
logreg,Victim Race,dp,0.8,28549,0.6711243739507556,0.2286297210175741,0.6884492807717707,0.6155781474635449,0.6292295822770858,0.6224038648703154,0.7808897283918452,0.02455265602609369,0.5180975769589092,0.27424915001402683,0.7749975410959736,0.00219803276848185,0.046381762128563944,0.047390022879881144,Black | White,Black=0.472; White=0.515
logreg,Victim Race,dp,0.9,28549,0.6711243739507556,0.22772440743917435,0.6881047403026214,0.6152700759909633,0.628568279510636,0.6219191777507996,0.780498925291474,0.0106898286220799,0.22557129058948264,0.012475141952863235,0.47424323995367956,0.01660103935064261,0.3503066329535447,0.047390022879881144,Black | White,Black=0.468; White=0.516
logreg,Victim Race,dp,1.0,28549,0.6711243739507556,0.22746166566703915,0.6881942650477912,0.6155268022181146,0.6280171938719277,0.6217719980450211,0.7803163444639719,0.0005587120248048416,0.011789655097255419,0.0040988986900633816,0.31397581441623745,0.02869133524187184,0.6054298668433941,0.047390022879881144,Black | White,Black=0.466; White=0.518
logreg,Victim Race,tpr,0.0,28549,0.6711243739507556,0.23036025989448805,0.6871508379888268,0.612600123228589,0.6341893530254602,0.6233947381270246,0.782360655737705,0.12689247391745134,2.677620018016957,2.173616775376336,3.4571390945480567,0.10204919443625016,2.1533898537021785,0.047390022879881144,Black | White,Black=0.500; White=0.500
logreg,Victim Race,tpr,0.1,28549,0.6711243739507556,0.23090340520988395,0.6875107963378821,0.6130622304374614,0.6342995701532018,0.6236809002953316,0.7825403067243414,0.11879706161278941,2.5067947722646755,2.0238637117971394,3.286565529089202,0.093769364140733,1.9786731139254554,0.047390022879881144,Black | White,Black=0.498; White=0.501
logreg,Victim Race,tpr,0.2,28549,0.6711243739507556,0.23075626616833997,0.6873974259307247,0.6129081947011706,0.6342995701532018,0.6236038824271862,0.7824975417895772,0.10896299724662589,2.2992813808681407,1.8396238670086458,3.0306292465291027,0.08309293757421565,1.7533846266508504,0.047390022879881144,Black | White,Black=0.495; White=0.503
logreg,Victim Race,tpr,0.3,28549,0.6711243739507556,0.22935736031734233,0.6867296394424606,0.6121893612651469,0.6335280502590103,0.6228587057620786,0.7819386149003148,0.09717979796476478,2.050638342401419,1.6203038116413815,2.6718974557746624,0.07079878497185432,1.49395971281354,0.047390022879881144,Black | White,Black=0.493; White=0.505
logreg,Victim Race,tpr,0.4,28549,0.6711243739507556,0.22946660793461654,0.686637670305614,0.6119839802834257,0.6338587016422352,0.6229213409628305,0.7820352995210288,0.08648693342254526,1.8250029893794848,1.4491269683960315,2.3998448436198827,0.060965119032051374,1.286454728806079,0.047390022879881144,Black | White,Black=0.490; White=0.507
logreg,Victim Race,tpr,0.5,28549,0.6711243739507556,0.23040192132373472,0.6873002619986757,0.6128568494557404,0.6339689187699769,0.6234128841128586,0.7823294225601364,0.07496897198311375,1.5819568640668649,1.2438835723779789,2.1272055168619928,0.049186465446560135,1.0379076112968422,0.047390022879881144,Black | White,Black=0.487; White=0.508
logreg,Victim Race,tpr,0.6,28549,0.6711243739507556,0.2301550403483474,0.6879295965028328,0.6140891353460669,0.6324258789815937,0.6232575071638303,0.7819548872180451,0.0644361209760761,1.3596980347403813,1.0605993111091399,1.7963928613763955,0.03845833402494214,0.8115280746418284,0.047390022879881144,Black | White,Black=0.483; White=0.509
logreg,Victim Race,tpr,0.7,28549,0.6711243739507556,0.22939728130494658,0.6876977051820325,0.6139350996097761,0.6317645762151438,0.62284983791246,0.7816054386194273,0.05293077686639813,1.1169181538603825,0.8420790739349564,1.5092310080896802,0.026391938148249916,0.5569091666223756,0.047390022879881144,Black | White,Black=0.479; White=0.511
logreg,Victim Race,tpr,0.8,28549,0.6711243739507556,0.22953503459597382,0.6887938212409199,0.6158862189361265,0.6298908850435357,0.6228885519898311,0.7812805314922165,0.037948197113118365,0.800763426709144,0.5422359603396206,1.1387358628380415,0.010583342951808183,0.22332428449409364,0.047390022879881144,Black | White,Black=0.476; White=0.513
logreg,Victim Race,tpr,0.9,28549,0.6711243739507556,0.2287314374474336,0.6884690478925003,0.6155781474635449,0.6293397994048275,0.6224589734341862,0.780940594059406,0.028699294940645936,0.6055978283317072,0.34779251162094355,0.9029433867359178,0.0024351982654341464,0.05138630702092318,0.047390022879881144,Black | White,Black=0.474; White=0.514
logreg,Victim Race,tpr,1.0,28549,0.6711243739507556,0.22842291886262564,0.6884652925302865,0.6156808379544054,0.628898930893861,0.6222898844241331,0.7807657247037375,0.01892838570265143,0.39941710411554254,0.1709618349533969,0.6738712576336945,0.008285123504130909,0.17482843435486622,0.047390022879881144,Black | White,Black=0.470; White=0.515
logreg,Victim Sex,dp,0.0,28549,0.6711243739507556,0.23036025989448805,0.6871508379888268,0.612600123228589,0.6341893530254602,0.6233947381270246,0.782360655737705,0.26075308282621185,3.0373714051699188,2.634069930614859,3.519189884317949,0.23760435257891221,2.767724386783558,0.08584827077201795,Male | Female,Female=0.500; Male=0.500
logreg,Victim Sex,dp,0.1,28549,0.6711243739507556,0.231219760196036,0.687402799377916,0.6127541589648798,0.6349608729196518,0.6238575159422658,0.7827626918536009,0.2326207668838206,2.7096732967583876,2.352010658125787,3.172795979982798,0.21171478914494302,2.466150887385736,0.08584827077201795,Male | Female,Female=0.510; Male=0.497
logreg,Victim Sex,dp,0.2,28549,0.6711243739507556,0.23148130316068266,0.6881312041432888,0.6139864448552064,0.6339689187699769,0.6239776818125916,0.7826428431180051,0.2091258287234044,2.4359934899418905,2.1071952385196675,2.860829862675289,0.1879785374088141,2.1896601494515515,0.08584827077201795,Male | Female,Female=0.520; Male=0.494
logreg,Victim Sex,dp,0.3,28549,0.6711243739507556,0.2314394241431539,0.6879820421319213,0.613729718628055,0.6341893530254602,0.6239595358267576,0.7826741749607125,0.18263829089765993,2.1274545107924347,1.8075006419230568,2.4802694182255847,0.16291389824493152,1.897695745993208,0.08584827077201795,Male | Female,Female=0.530; Male=0.492
logreg,Victim Sex,dp,0.4,28549,0.6711243739507556,0.231484894342871,0.6880755064456722,0.6138837543643458,0.6340791358977185,0.6239814451310322,0.7826656192720608,0.16085262601378325,1.8736851024169119,1.6067366365371336,2.216647872676395,0.14145380958718523,1.6477187987028363,0.08584827077201795,Male | Female,Female=0.538; Male=0.490
logreg,Victim Sex,dp,0.5,28549,0.6711243739507556,0.23056915509185089,0.6878973562325594,0.6138837543643458,0.6330871817480437,0.6234854680561948,0.7822047759241086,0.13538925193009643,1.5770760518827625,1.3542090896925731,1.837331427390298,0.11369576765618894,1.324380405496156,0.08584827077201795,Male | Female,Female=0.549; Male=0.487
logreg,Victim Sex,dp,0.6,28549,0.6711243739507556,0.23060402181992304,0.6881578190602174,0.6143458615732184,0.6326463132370771,0.6234960874051477,0.7821283827951366,0.10326687381897781,1.2028998707873497,1.0171447366447566,1.4493467572804073,0.08150301839016916,0.9493845089391699,0.08584827077201795,Male | Female,Female=0.559; Male=0.484
logreg,Victim Sex,dp,0.7,28549,0.6711243739507556,0.22765709651698943,0.6875287356321839,0.6142431710823578,0.6295602336603108,0.6219017023713342,0.7806708431219003,0.07964800675404948,0.927776483297676,0.7530843764503652,1.126094754761906,0.05653506781282458,0.6585463784467055,0.08584827077201795,Male | Female,Female=0.569; Male=0.481
logreg,Victim Sex,dp,0.8,28549,0.6711243739507556,0.22715651551683444,0.6881350094713277,0.6155268022181146,0.6276865424887027,0.6216066723534086,0.7801639984381101,0.05359578094970585,0.6243082180657653,0.45992325239241627,0.8062133673368238,0.03007492796700295,0.3503265435231784,0.08584827077201795,Male | Female,Female=0.577; Male=0.478
logreg,Victim Sex,dp,0.9,28549,0.6711243739507556,0.22578501146173577,0.6878407069489872,0.6154754569726844,0.6262537198280613,0.6208645884003728,0.7794901807777345,0.02540715297391183,0.2959541612828063,0.13597508517604626,0.4694166705739318,0.00031600105106188714,0.0036809250578974614,0.08584827077201795,Male | Female,Female=0.587; Male=0.476
logreg,Victim Sex,dp,1.0,28549,0.6711243739507556,0.22283192433489912,0.6873244281373617,0.6155781474635449,0.6229472059958118,0.6192626767296783,0.7780012978585334,0.0012851751692178892,0.01497030933367139,0.0021854136327756945,0.19687764678911485,0.0278697456862671,0.3246395697390236,0.08584827077201795,Male | Female,Female=0.595; Male=0.473
logreg,Victim Sex,tpr,0.0,28549,0.6711243739507556,0.23036025989448805,0.6871508379888268,0.612600123228589,0.6341893530254602,0.6233947381270246,0.782360655737705,0.26075308282621185,3.0373714051699188,2.634069930614859,3.519189884317949,0.23760435257891221,2.767724386783558,0.08584827077201795,Male | Female,Female=0.500; Male=0.500
logreg,Victim Sex,tpr,0.1,28549,0.6711243739507556,0.23112169596974183,0.6873271889400921,0.6126514684740193,0.6349608729196518,0.6238061706968355,0.7827341905011808,0.23270884157115546,2.7106992310788205,2.352935292804511,3.173997980336898,0.21184719563286092,2.467693218835481,0.08584827077201795,Male | Female,Female=0.510; Male=0.497
logreg,Victim Sex,tpr,0.2,28549,0.6711243739507556,0.23177938314914548,0.6883019736463548,0.6141918258369276,0.6340791358977185,0.624135480867323,0.7827509488286873,0.21266733432896728,2.477246570216132,2.1391670485788694,2.906166392015246,0.1915526025723714,2.2312924983785174,0.08584827077201795,Male | Female,Female=0.518; Male=0.495
logreg,Victim Sex,tpr,0.3,28549,0.6711243739507556,0.23118684822369862,0.687904687904688,0.6136783733826248,0.6339689187699769,0.6238236460763008,0.7825574543311726,0.18799663243129416,2.1898709285658815,1.878771337963584,2.5667223823236154,0.16800017290194302,1.956943004106523,0.08584827077201795,Male | Female,Female=0.528; Male=0.493
logreg,Victim Sex,tpr,0.4,28549,0.6711243739507556,0.23146704063424475,0.688353898812092,0.6143972068186486,0.6335280502590103,0.6239626285388294,0.7825518278726048,0.1660266350462577,1.93395433074202,1.6707237040611926,2.2656754554556433,0.146107146879063,1.7019230039830493,0.08584827077201795,Male | Female,Female=0.536; Male=0.490
logreg,Victim Sex,tpr,0.5,28549,0.6711243739507556,0.23120739207741128,0.6883878759993098,0.6145512425549394,0.6330871817480437,0.6238192121514916,0.7823898548829913,0.1451893339068392,1.6912318978725815,1.4459601300864655,1.9949535592296002,0.12376116326607223,1.4416267462711887,0.08584827077201795,Male | Female,Female=0.544; Male=0.488
logreg,Victim Sex,tpr,0.6,28549,0.6711243739507556,0.23080136679297916,0.6891243789667155,0.6160402546724173,0.6311032734486939,0.6235717640605556,0.7818833496252852,0.12259053902072348,1.4279907785944779,1.2081268195551293,1.6773895079042307,0.1002844919469782,1.1681597199936342,0.08584827077201795,Male | Female,Female=0.553; Male=0.485
logreg,Victim Sex,tpr,0.7,28549,0.6711243739507556,0.22846873959057443,0.6885584706355129,0.6158348736906962,0.6287887137661192,0.6223117937284077,0.7807577138393438,0.09266905824094784,1.0794516582290101,0.8960349279859546,1.29861223034436,0.07013357812608412,0.8169480584219757,0.08584827077201795,Male | Female,Female=0.562; Male=0.482
logreg,Victim Sex,tpr,0.8,28549,0.6711243739507556,0.22803546958272794,0.6889233063729708,0.6166563976175806,0.6274661082332195,0.6220612529254,0.7803768680961664,0.0709069728845132,0.8259569149950212,0.6531544871143173,1.0336186344200489,0.047517548978456614,0.5535061865677654,0.08584827077201795,Male | Female,Female=0.570; Male=0.479
logreg,Victim Sex,tpr,0.9,28549,0.6711243739507556,0.22767645636251213,0.6898052691867125,0.6184021359622099,0.6252617656783864,0.6218319508202982,0.7798497798497799,0.04454239411125249,0.5188502192378578,0.357288319112943,0.7023965382126586,0.02046157993700448,0.2383458601203868,0.08584827077201795,Male | Female,Female=0.579; Male=0.476
logreg,Victim Sex,tpr,1.0,28549,0.6711243739507556,0.22498676219019975,0.6891992444622518,0.618248100225919,0.6225063374848452,0.6203772188553821,0.7785464890728049,0.021531866731178018,0.2508130511837436,0.0852529384872969,0.41717792746043325,0.0032589741227216917,0.03796202408521834,0.08584827077201795,Male | Female,Female=0.587; Male=0.474
logreg_blind,Victim Race,dp,0.0,28549,0.6590352256113367,0.20969452958879023,0.664213593947779,0.5792770589443418,0.6458723685660752,0.6125747137552084,0.778337357709555,2.0623713129386267e-05,0.0004351910354983562,0.004527163295907978,0.30492027511813946,0.03504354507031404,0.7394709464297674,0.047390022879881144,Black | White,Black=0.500; White=0.500
logreg_blind,Victim Race,dp,0.1,28549,0.6590352256113367,0.20930383359609842,0.6639580757227816,0.5789689874717601,0.6457621514383335,0.6123655694550467,0.778191856452726,0.0012423076517468212,0.02621454002872465,0.0048969569471970405,0.3201248619048739,0.033693566137160236,0.7109843821464882,0.047390022879881144,Black | White,Black=0.500; White=0.500
logreg_blind,Victim Race,dp,0.2,28549,0.6590352256113367,0.20924944790507338,0.6639778615167217,0.5790203327171903,0.6456519343105919,0.612336133513891,0.778153463980127,0.0016717077397748747,0.03527552084142542,0.005171645248651235,0.3249574504296873,0.03314635745369987,0.6994374646687869,0.047390022879881144,Black | White,Black=0.500; White=0.500
logreg_blind,Victim Race,dp,0.3,28549,0.6590352256113367,0.2092014044526262,0.6639385285718491,0.5789689874717601,0.6456519343105919,0.612310460891176,0.7781381547167208,0.0017685319070870342,0.03731865484787185,0.005225893361956397,0.3271209937404365,0.03299858148207291,0.6963191717740667,0.047390022879881144,Black | White,Black=0.500; White=0.500
logreg_blind,Victim Race,dp,0.4,28549,0.6590352256113367,0.20934553820068705,0.6640565204592287,0.579123023208051,0.6456519343105919,0.6123874787593214,0.7781840761694494,0.0024126320391290035,0.050910126066920657,0.005858621293053183,0.317379183242154,0.03228360163847499,0.6812320331708597,0.047390022879881144,Black | White,Black=0.500; White=0.500
logreg_blind,Victim Race,dp,0.5,28549,0.6590352256113367,0.2092911605870288,0.6640762981278701,0.5791743684534812,0.6455417171828502,0.6123580428181657,0.7781456953642384,0.0025305079158308708,0.05339748246682462,0.004850491870407243,0.3194545239000456,0.032199716058406214,0.6794619226081068,0.047390022879881144,Black | White,Black=0.500; White=0.500
logreg_blind,Victim Race,dp,0.6,28549,0.6590352256113367,0.20937463637636006,0.6642731018246028,0.5794824399260629,0.6453212829273669,0.6124018614267148,0.7781301709873139,0.003002011422638118,0.06334690806643575,0.005590538669411654,0.32092696835235407,0.03169640257799344,0.6688412592315874,0.047390022879881144,Black | White,Black=0.500; White=0.500
logreg_blind,Victim Race,dp,0.7,28549,0.6590352256113367,0.2092367868474099,0.6640960734679461,0.5792257136989115,0.6454315000551085,0.61232860687701,0.7781073251482963,0.0040502427435002986,0.08546614872430837,0.004849623218079246,0.33794362475357625,0.03049419961646671,0.6434729878430308,0.047390022879881144,Black | White,Black=0.500; White=0.499
logreg_blind,Victim Race,dp,0.8,28549,0.6590352256113367,0.2091280509776851,0.6641356171640473,0.579328404189772,0.6452110657996253,0.6122697349946986,0.7780306164666942,0.004285994496904033,0.09044086152411629,0.005454970547142306,0.34343617882595556,0.030326428456329158,0.6399327667175251,0.047390022879881144,Black | White,Black=0.501; White=0.499
logreg_blind,Victim Race,dp,0.9,28549,0.6590352256113367,0.20888779173572036,0.6639390103906043,0.5790716779626207,0.6452110657996253,0.612141371881123,0.777954059460578,0.004925877439127868,0.10394334376274567,0.005498983143986941,0.35459299943331674,0.029587548598194124,0.6243413022439193,0.047390022879881144,Black | White,Black=0.501; White=0.499
logreg_blind,Victim Race,dp,1.0,28549,0.6590352256113367,0.20903194388332447,0.6640569813986343,0.5792257136989115,0.6452110657996253,0.6122183897492683,0.778,0.0051026912541806135,0.10767437836260042,0.005485023523877955,0.3586554057548325,0.029335891857987684,0.6190309705556585,0.047390022879881144,Black | White,Black=0.501; White=0.499
logreg_blind,Victim Race,tpr,0.0,28549,0.6590352256113367,0.20969452958879023,0.664213593947779,0.5792770589443418,0.6458723685660752,0.6125747137552084,0.778337357709555,2.0623713129386267e-05,0.0004351910354983562,0.004527163295907978,0.30492027511813946,0.03504354507031404,0.7394709464297674,0.047390022879881144,Black | White,Black=0.500; White=0.500
logreg_blind,Victim Race,tpr,0.1,28549,0.6590352256113367,0.2093683385744861,0.6643321660830416,0.5795851304169234,0.6452110657996253,0.6123980981082744,0.7781071207003516,0.0031788252376908632,0.06707794266629052,0.005913643544245955,0.32505331390655623,0.03152863141785589,0.6653010381060818,0.047390022879881144,Black | White,Black=0.500; White=0.499
logreg_blind,Victim Race,tpr,0.2,28549,0.6590352256113367,0.20893584132001677,0.6639783363748749,0.579123023208051,0.6452110657996253,0.6121670445038381,0.7779693750862188,0.00623091222278338,0.13148151961388138,0.008845706767859196,0.3844244090387624,0.02811369370795047,0.5932407709363187,0.047390022879881144,Black | White,Black=0.501; White=0.499
logreg_blind,Victim Race,tpr,0.3,28549,0.6590352256113367,0.20950234770498286,0.66405628992846,0.5790716779626207,0.6458723685660752,0.6124720232643479,0.7782761714167414,0.01049120982421925,0.22138013840616155,0.015551771613118591,0.4671803077206487,0.023796009805799212,0.5021312158070621,0.047390022879881144,Black | White,Black=0.502; White=0.498
logreg_blind,Victim Race,tpr,0.4,28549,0.6590352256113367,0.20992217521472617,0.6645282796774763,0.5797391661532142,0.6456519343105919,0.612695550231903,0.7783675720391562,0.01277713785045076,0.26961662126301983,0.04756783315566472,0.5336738730775994,0.02131552795473013,0.4497893577464251,0.047390022879881144,Black | White,Black=0.503; White=0.498
logreg_blind,Victim Race,tpr,0.5,28549,0.6590352256113367,0.2104279527491463,0.6646851088875809,0.5798418566440747,0.6460928028215585,0.6129673297328166,0.7786127964699393,0.017955173566293503,0.37888087988065,0.15204851022436083,0.6528386739179529,0.015356218002197553,0.3240390501840599,0.047390022879881144,Black | White,Black=0.504; White=0.497
logreg_blind,Victim Race,tpr,0.6,28549,0.6590352256113367,0.21057842651668718,0.664743967039435,0.579893201889505,0.6462030199493001,0.6130481109194026,0.7786817429674573,0.02138193989088122,0.45119074842140794,0.2209042092276508,0.7518733901132346,0.011797409146691695,0.24894288775918996,0.047390022879881144,Black | White,Black=0.504; White=0.496
logreg_blind,Victim Race,tpr,0.7,28549,0.6590352256113367,0.2104468909475587,0.6645079626740455,0.5795337851714931,0.6464234542047834,0.6129786196881383,0.7786823042428423,0.025368599509952294,0.5353151986073892,0.2765075872022289,0.8481642131109098,0.007519715621561507,0.158677189091502,0.047390022879881144,Black | White,Black=0.505; White=0.495
logreg_blind,Victim Race,tpr,0.8,28549,0.6590352256113367,0.2110551093426345,0.6646844088553933,0.5796364756623537,0.6469745398434916,0.6133055077529226,0.778981507038366,0.02908583833647649,0.6137544691674864,0.36194930948727777,0.9322624529652344,0.0036453596342910233,0.07692251264640382,0.047390022879881144,Black | White,Black=0.507; White=0.495
logreg_blind,Victim Race,tpr,0.9,28549,0.6590352256113367,0.21113226300480856,0.6649401100679831,0.5800472376257958,0.6466438884602668,0.6133455630430313,0.7789422878025236,0.031291776714967356,0.6603030514309353,0.41364520586481485,0.9756215339912858,0.0015843056835660452,0.033431207399535624,0.047390022879881144,Black | White,Black=0.507; White=0.494
logreg_blind,Victim Race,tpr,1.0,28549,0.6590352256113367,0.21147497848668464,0.6651561074654975,0.5803039638529472,0.6467541055880084,0.6135290347204778,0.7790721720548701,0.0338639600533171,0.714579947326711,0.46649532523729603,1.0460809853795487,0.0011517377337358914,0.024303379988973323,0.047390022879881144,Black | White,Black=0.508; White=0.494
logreg_blind,Victim Sex,dp,0.0,28549,0.6590352256113367,0.20969452958879023,0.664213593947779,0.5792770589443418,0.6458723685660752,0.6125747137552084,0.778337357709555,0.07535701768561542,0.8777930761789773,0.6963691716334895,1.0716884985760249,0.054371746002495724,0.6333470146054249,0.08584827077201795,Male | Female,Female=0.500; Male=0.500
logreg_blind,Victim Sex,dp,0.1,28549,0.6590352256113367,0.20916980467437846,0.6642340062385969,0.5794824399260629,0.6451008486718837,0.6122916442989732,0.7780228870812078,0.06558051523631475,0.7639118953306928,0.5929908623193886,0.9559788457411674,0.04465738683738463,0.5201897072100443,0.08584827077201795,Male | Female,Female=0.502; Male=0.499
logreg_blind,Victim Sex,dp,0.2,28549,0.6590352256113367,0.20841113920173765,0.6639988230101516,0.579328404189772,0.6444395459054337,0.6118839750476028,0.777655248466469,0.05702069215672184,0.6642031533535281,0.4994851284828337,0.8638805306450521,0.03481585374315643,0.40555101960777734,0.08584827077201795,Male | Female,Female=0.504; Male=0.498
logreg_blind,Victim Sex,dp,0.3,28549,0.6590352256113367,0.20836937650285062,0.6639004149377593,0.5791743684534812,0.6445497630331753,0.6118620657433282,0.7776628748707343,0.04876913048280079,0.568085181497878,0.3972105439738934,0.7475957927025992,0.02704140887783224,0.31499072298898684,0.08584827077201795,Male | Female,Female=0.508; Male=0.498
logreg_blind,Victim Sex,dp,0.4,28549,0.6590352256113367,0.20827326463548532,0.6638217722711086,0.5790716779626207,0.6445497630331753,0.611810720497898,0.7776322140246845,0.038052447415532265,0.4432523459509842,0.27944727692844884,0.6251539919367484,0.01565718094757096,0.18238201895936593,0.08584827077201795,Male | Female,Female=0.511; Male=0.497
logreg_blind,Victim Sex,dp,0.5,28549,0.6590352256113367,0.2078344835428855,0.6635269184352279,0.5787122612446087,0.6444395459054337,0.6115759035750212,0.7774712009381252,0.0301050555840382,0.35067748381311453,0.19148048052907515,0.5347930716458525,0.006966355784423173,0.08114730467807908,0.08584827077201795,Male | Female,Female=0.513; Male=0.496
logreg_blind,Victim Sex,dp,0.6,28549,0.6590352256113367,0.20686098261078573,0.6628581524779882,0.5778907373177243,0.6442191116499504,0.6110549244838374,0.7771180004142788,0.021213391571331175,0.24710330657289875,0.08617907783071997,0.42328968104376513,0.0020145351383387133,0.023466228500846478,0.08584827077201795,Male | Female,Female=0.517; Male=0.495
logreg_blind,Victim Sex,dp,0.7,28549,0.6590352256113367,0.20684825131749468,0.6629765935521861,0.5780961182994455,0.6439986773944671,0.6110473978469564,0.7770722617157844,0.011440980685275659,0.1332697861283517,0.009700417789721508,0.30664127548094305,0.012024192621864604,0.1400633060367229,0.08584827077201795,Male | Female,Female=0.521; Male=0.495
logreg_blind,Victim Sex,dp,0.8,28549,0.6590352256113367,0.2065056365481297,0.6627602249639292,0.5778393920722941,0.6438884602667254,0.6108639261695097,0.7769416637901277,0.004918180252091231,0.05728921745147487,0.0034932879572088624,0.2358859970686281,0.018189739407196592,0.21188242050328515,0.08584827077201795,Male | Female,Female=0.524; Male=0.494
logreg_blind,Victim Sex,dp,0.9,28549,0.6590352256113367,0.20582396052337254,0.6627814569536424,0.5780961182994455,0.6428965061170506,0.6104963122082481,0.776536312849162,0.0026133875221990843,0.03044193550664869,0.002297940505068801,0.19972031984404962,0.026789108542607187,0.31205181306155133,0.08584827077201795,Male | Female,Female=0.527; Male=0.493
logreg_blind,Victim Sex,dp,1.0,28549,0.6590352256113367,0.20525383926844015,0.6622497055359247,0.5773772848634217,0.6430067232447922,0.6101920040541069,0.7763739298536316,0.01167710934633065,0.13602032098399328,0.008774922496265037,0.30969194656299887,0.03619770427170166,0.42164744783071645,0.08584827077201795,Male | Female,Female=0.532; Male=0.492
logreg_blind,Victim Sex,tpr,0.0,28549,0.6590352256113367,0.20969452958879023,0.664213593947779,0.5792770589443418,0.6458723685660752,0.6125747137552084,0.778337357709555,0.07535701768561542,0.8777930761789773,0.6963691716334895,1.0716884985760249,0.054371746002495724,0.6333470146054249,0.08584827077201795,Male | Female,Female=0.500; Male=0.500
logreg_blind,Victim Sex,tpr,0.1,28549,0.6590352256113367,0.20924709505491382,0.6644897478892713,0.579893201889505,0.6447701972886587,0.6123316995890818,0.7779844320451884,0.06812143662726194,0.7935097121311612,0.6161341294465844,0.9939547354010491,0.04708074406986151,0.54841808281603,0.08584827077201795,Male | Female,Female=0.501; Male=0.499
logreg_blind,Victim Sex,tpr,0.2,28549,0.6590352256113367,0.20847179377111474,0.6639199529134785,0.5791743684534812,0.644659980160917,0.6119171743071992,0.7777164920022063,0.060266211046347884,0.7020084447174622,0.5428659861183915,0.9089680229853743,0.038558043296011535,0.4491417584683539,0.08584827077201795,Male | Female,Female=0.503; Male=0.499
logreg_blind,Victim Sex,tpr,0.3,28549,0.6590352256113367,0.20872468543064163,0.6639983519232467,0.5792257136989115,0.6448804144164003,0.6120530640576559,0.7778390677790802,0.053827393737253315,0.6270061499572829,0.451330678232627,0.8199849553671298,0.032290575365340635,0.37613541979305276,0.08584827077201795,Male | Female,Female=0.505; Male=0.498
logreg_blind,Victim Sex,tpr,0.4,28549,0.6590352256113367,0.2084781038145968,0.6638608470435883,0.5790716779626207,0.6447701972886587,0.6119209376256397,0.7777394662437074,0.04894527985747055,0.5701370501387449,0.39921185453633906,0.7495442125909376,0.027173815365750142,0.31653305443873175,0.08584827077201795,Male | Female,Female=0.508; Male=0.498
logreg_blind,Victim Sex,tpr,0.5,28549,0.6590352256113367,0.20866402724651767,0.6640772128060264,0.5793797494352023,0.644659980160917,0.6120198647980597,0.7777777777777778,0.04064149771339198,0.47341079031540595,0.31612226186740994,0.6590216698424775,0.01850824298638054,0.21559249615559245,0.08584827077201795,Male | Female,Female=0.510; Male=0.497
logreg_blind,Victim Sex,tpr,0.6,28549,0.6590352256113367,0.20766506359368303,0.6636454593608381,0.5789689874717601,0.6439986773944671,0.6114838324331135,0.777333517165311,0.035543288678517304,0.4140245150995232,0.24837160008518586,0.5936938651407792,0.012836604251340256,0.14952664900414414,0.08584827077201795,Male | Female,Female=0.512; Male=0.497
logreg_blind,Victim Sex,tpr,0.7,28549,0.6590352256113367,0.2077447300404391,0.6633890720678285,0.5785068802628877,0.6445497630331753,0.6115283216480315,0.7774634280982611,0.02838038590654679,0.33058774103807936,0.17201840649131572,0.49757743634571605,0.00545937884976988,0.0635933467345897,0.08584827077201795,Male | Female,Female=0.514; Male=0.496
logreg_blind,Victim Sex,tpr,0.8,28549,0.6590352256113367,0.20690901504210302,0.6628975265017668,0.5779420825631546,0.6442191116499504,0.6110805971065525,0.7771333885666943,0.02289811546840037,0.26672774259145543,0.107535584199197,0.43449493184304944,0.00030894847180851226,0.003598773382739042,0.08584827077201795,Male | Female,Female=0.516; Male=0.496
logreg_blind,Victim Sex,tpr,0.9,28549,0.6590352256113367,0.2063171078564747,0.6630565937785102,0.5784041897720271,0.6431169403725339,0.6107605650722805,0.7767358477556368,0.01838778830215404,0.21418938479244823,0.04555538306841414,0.39237213403594323,0.005038954125247019,0.05869604687354349,0.08584827077201795,Male | Female,Female=0.518; Male=0.495
logreg_blind,Victim Sex,tpr,1.0,28549,0.6590352256113367,0.2066787498645684,0.6630953081768411,0.5783528445265969,0.6435578088835004,0.6109553267050487,0.7769347496206374,0.011044644592268726,0.12865308168640133,0.008257259045732464,0.29985179641343707,0.012355208841659415,0.14391913466108588,0.08584827077201795,Male | Female,Female=0.521; Male=0.495
xgboost,Victim Race,dp,0.0,28549,0.7015770788621998,0.2680966233999282,0.7236798221234019,0.6684637502567262,0.6158933098203461,0.6421785300385361,0.7888390693165294,0.10438380248495316,2.2026535574699633,1.748466143211307,2.8482743936745014,0.07907490878171453,1.668598240227582,0.047390022879881144,Black | White,Black=0.500; White=0.500
xgboost,Victim Race,dp,0.1,28549,0.7015770788621998,0.2683917562415347,0.7235367718615321,0.6680529882932841,0.6166648297145376,0.6423589090039108,0.7890715022135969,0.09430976917556777,1.9900764642932012,1.6075463139780561,2.6306864597455952,0.07006400828011539,1.4784548312564796,0.047390022879881144,Black | White,Black=0.495; White=0.502
xgboost,Victim Race,dp,0.2,28549,0.7015770788621998,0.26842325651882704,0.723012272841121,0.6669747381392483,0.6178772181196958,0.6424259781294721,0.7893297684875736,0.08245498038590149,1.7399227806852726,1.3955636065223105,2.223833492695361,0.058804287479143125,1.240857967682218,0.047390022879881144,Black | White,Black=0.491; White=0.504
xgboost,Victim Race,dp,0.3,28549,0.7015770788621998,0.26715740012885913,0.7226334242306194,0.6667180119120969,0.6167750468422792,0.641746529377188,0.7887862957113352,0.07122327425858832,1.5029170684115727,1.1833899091057487,1.9825025765401327,0.046801781994009195,0.9875872419947347,0.047390022879881144,Black | White,Black=0.486; White=0.507
xgboost,Victim Race,dp,0.4,28549,0.7015770788621998,0.26664595479724024,0.7223289081851326,0.6663072499486548,0.6166648297145376,0.6414860398315962,0.7886356730477059,0.060530409716368805,1.2772817153896385,0.9762119202469203,1.673239650545272,0.03640091218223529,0.7681134122787869,0.047390022879881144,Black | White,Black=0.483; White=0.508
xgboost,Victim Race,dp,0.5,28549,0.7015770788621998,0.2677150818274363,0.7228204914155327,0.6668720476483878,0.6172159153532459,0.6420439815008169,0.7890164631553369,0.051694073112352745,1.090821864411862,0.8219556698516766,1.4517715512584997,0.027362206840072623,0.5773832797976748,0.047390022879881144,Black | White,Black=0.479; White=0.510
xgboost,Victim Race,dp,0.6,28549,0.7015770788621998,0.2678571329291472,0.7225702274562209,0.6663072499486548,0.6179874352474375,0.6421473425980462,0.7892112144985708,0.04253356072755621,0.8975214220800326,0.6360555228664213,1.2610674565593087,0.017867988046571415,0.37704113568084074,0.047390022879881144,Black | White,Black=0.476; White=0.512
xgboost,Victim Race,dp,0.7,28549,0.7015770788621998,0.2683104663558358,0.7226352574276724,0.6662559047032245,0.6185385208861457,0.6423972127946851,0.7894384620064488,0.03189963412368757,0.6731297472580493,0.44504067335862135,0.9766561881598687,0.00643268643340833,0.135739255701842,0.047390022879881144,Black | White,Black=0.472; White=0.514
xgboost,Victim Race,dp,0.8,28549,0.7015770788621998,0.2673908092093107,0.722096877524303,0.6655370712672006,0.6183180866306625,0.6419275789489316,0.7891628614916286,0.02356003568598586,0.49715181074512593,0.26538313117743284,0.7785205165640329,0.0005332504799495652,0.011252378613557289,0.047390022879881144,Black | White,Black=0.468; White=0.515
xgboost,Victim Race,dp,0.9,28549,0.7015770788621998,0.26636332142934377,0.7212822299651568,0.6643047853768741,0.6185385208861457,0.6414216531315099,0.7889505457649857,0.014239544005708038,0.3004755672264776,0.0690536485278579,0.5587034075184714,0.009959674055866063,0.21016394275881056,0.047390022879881144,Black | White,Black=0.465; White=0.517
xgboost,Victim Race,dp,1.0,28549,0.7015770788621998,0.26712552862842703,0.7216121299960979,0.664664202094886,0.6189793893971123,0.6418217957459991,0.7892330203633703,0.0035130104243453752,0.07412974737846731,0.004064410033643061,0.32954767435796545,0.020492229476782975,0.4324165347783088,0.047390022879881144,Black | White,Black=0.462; White=0.519
xgboost,Victim Race,tpr,0.0,28549,0.7015770788621998,0.2680966233999282,0.7236798221234019,0.6684637502567262,0.6158933098203461,0.6421785300385361,0.7888390693165294,0.10438380248495316,2.2026535574699633,1.748466143211307,2.8482743936745014,0.07907490878171453,1.668598240227582,0.047390022879881144,Black | White,Black=0.500; White=0.500
xgboost,Victim Race,tpr,0.1,28549,0.7015770788621998,0.26802309405073715,0.7230336922349275,0.6671801191209694,0.6172159153532459,0.6421980172371077,0.7890933381915346,0.0969071871734245,2.0448858490542166,1.6446283003599989,2.67838386366244,0.07280786134947048,1.5363542139242177,0.047390022879881144,Black | White,Black=0.496; White=0.502
xgboost,Victim Race,tpr,0.2,28549,0.7015770788621998,0.26872084873639046,0.7229197405417443,0.6666666666666666,0.6185385208861457,0.6426025937764062,0.78954089388872,0.08766668514088749,1.8498975061289813,1.4964814102807078,2.4246996731425825,0.06386085123942953,1.3475589872850826,0.047390022879881144,Black | White,Black=0.492; White=0.504
xgboost,Victim Race,tpr,0.3,28549,0.7015770788621998,0.26728987214662664,0.7220767645256532,0.6655370712672006,0.6182078695029207,0.6418724703850607,0.7891148179715086,0.07875875902906615,1.6619270100099957,1.331074203211043,2.2041803469544448,0.054833860375346544,1.1570760477228128,0.047390022879881144,Black | White,Black=0.489; White=0.506
xgboost,Victim Race,tpr,0.4,28549,0.7015770788621998,0.2669854862009134,0.7219653501197705,0.6654343807763401,0.6179874352474375,0.6417109080118888,0.7889930597832704,0.06910150847795538,1.4581446532133155,1.142615140499382,1.8869956185272587,0.04470464249228956,0.943334477925909,0.047390022879881144,Black | White,Black=0.486; White=0.508
xgboost,Victim Race,tpr,0.5,28549,0.7015770788621998,0.2673443125239884,0.7222144866189535,0.665793797494352,0.6179874352474375,0.6418906163708947,0.7890829428588815,0.060324109812290194,1.2729284804354897,0.9672841158668933,1.6981826045683452,0.0364887025883307,0.7699659204811554,0.047390022879881144,Black | White,Black=0.483; White=0.509
xgboost,Victim Race,tpr,0.6,28549,0.7015770788621998,0.26719371358830046,0.7222098462909334,0.6658451427397823,0.6177670009919541,0.6418060718658682,0.7889997566317839,0.055360774140461366,1.1681947122242076,0.9196285356972613,1.566216688838913,0.031244372479396043,0.6593027515219972,0.047390022879881144,Black | White,Black=0.481; White=0.510
xgboost,Victim Race,tpr,0.7,28549,0.7015770788621998,0.26764393515166857,0.7221727019498607,0.6655884165126309,0.6185385208861457,0.6420634686993882,0.7892717973697029,0.04639812728010728,0.9790695268856906,0.7282034775547288,1.3573904475931804,0.022021805614611756,0.4646928673242073,0.047390022879881144,Black | White,Black=0.478; White=0.512
xgboost,Victim Race,tpr,0.8,28549,0.7015770788621998,0.2675926809178573,0.7221371068832001,0.6655370712672006,0.6185385208861457,0.6420377960766732,0.7892589660841502,0.040108705115233234,0.8463533604298152,0.6019985105140626,1.1826202590963337,0.015683058138756367,0.3309358634096465,0.047390022879881144,Black | White,Black=0.476; White=0.513
xgboost,Victim Race,tpr,0.9,28549,0.7015770788621998,0.26835846414626846,0.7225687868998552,0.6661018689669337,0.618758955141629,0.6424304120542814,0.7894961051606622,0.030981896009280696,0.6537641074326993,0.4309391160489225,0.9576958936284127,0.005486045038114673,0.11576371364116193,0.047390022879881144,Black | White,Black=0.472; White=0.514
xgboost,Victim Race,tpr,1.0,28549,0.7015770788621998,0.2672433772093974,0.7221943748259537,0.665793797494352,0.6178772181196958,0.6418355078070239,0.7890349275891445,0.023934715025480946,0.5050581023382906,0.26148751402932724,0.7890458638972037,0.0003454841313015322,0.0072902292572684805,0.047390022879881144,Black | White,Black=0.468; White=0.515
xgboost,Victim Sex,dp,0.0,28549,0.7015770788621998,0.2680966233999282,0.7236798221234019,0.6684637502567262,0.6158933098203461,0.6421785300385361,0.7888390693165294,0.2027210168510577,2.3613873060927646,2.0390405505924076,2.768164661957474,0.18536021048536533,2.1591606775355463,0.08584827077201795,Male | Female,Female=0.500; Male=0.500
xgboost,Victim Sex,dp,0.1,28549,0.7015770788621998,0.2688981607216572,0.7236882351305508,0.6681556787841446,0.6171056982255042,0.6426306885048244,0.7892885303572512,0.1805635652536448,2.1032871556977137,1.8121417209705162,2.461942604979098,0.16479124934166445,1.9195639919095233,0.08584827077201795,Male | Female,Female=0.511; Male=0.498
xgboost,Victim Sex,dp,0.2,28549,0.7015770788621998,0.2672835986309207,0.7233664081825509,0.6681556787841446,0.6153422241816379,0.6417489514828912,0.7885232987941586,0.161274784417048,1.878602596962444,1.6163408849226575,2.1757077941369607,0.14677805191835847,1.7097380133392324,0.08584827077201795,Male | Female,Female=0.519; Male=0.495
xgboost,Victim Sex,dp,0.3,28549,0.7015770788621998,0.26758446203520936,0.7233758652322575,0.6680529882932841,0.6157830926926045,0.6419180404929443,0.7886888525186397,0.13884901719438536,1.6173769832023557,1.393381347993432,1.9013350962320883,0.12594427779882178,1.4670566648137195,0.08584827077201795,Male | Female,Female=0.529; Male=0.493
xgboost,Victim Sex,dp,0.4,28549,0.7015770788621998,0.2673807566941175,0.7232847770488158,0.6679502978024235,0.6156728755648628,0.6418115866836431,0.7886154219204655,0.12030887120013489,1.401412866190769,1.1896421320163055,1.6619014559337222,0.10894938181867819,1.2690923281146624,0.08584827077201795,Male | Female,Female=0.538; Male=0.491
xgboost,Victim Sex,dp,0.5,28549,0.7015770788621998,0.26584181832132414,0.7222701349283628,0.6665126309303758,0.6155626584371211,0.6410376446837485,0.7882081486429049,0.09405379478246279,1.0955817040536058,0.9240127570768427,1.3177928151487415,0.08363562735536234,0.9742261154854057,0.08584827077201795,Male | Female,Female=0.550; Male=0.488
xgboost,Victim Sex,dp,0.6,28549,0.7015770788621998,0.26471972518424314,0.7216919437873939,0.665793797494352,0.6151217899261545,0.6404577937102532,0.7878364420681694,0.07050760600391748,0.8213049065503049,0.6626167675954046,1.0114335420581106,0.060052712342354986,0.6995215139724053,0.08584827077201795,Male | Female,Female=0.559; Male=0.485
xgboost,Victim Sex,dp,0.7,28549,0.7015770788621998,0.2647025916080642,0.7211297420756504,0.664664202094886,0.6163341783313127,0.6404991902130993,0.7880798733714842,0.04494894395843407,0.5235858981691345,0.36578637813435594,0.6970633551609363,0.03729472159943392,0.4344260083988791,0.08584827077201795,Male | Female,Female=0.568; Male=0.483
xgboost,Victim Sex,dp,0.8,28549,0.7015770788621998,0.2651079392755665,0.7212612462048411,0.6647668925857465,0.6166648297145376,0.640715861150142,0.7882496194824962,0.027273178584551916,0.31769048274693434,0.16183948828745554,0.47752373307716584,0.019739714325039737,0.22993723865983626,0.08584827077201795,Male | Female,Female=0.575; Male=0.481
xgboost,Victim Sex,dp,0.9,28549,0.7015770788621998,0.2637382173153199,0.720759867413164,0.6643047853768741,0.6156728755648628,0.6399888304708685,0.7877016742770168,0.010417756487370533,0.12135080175390296,0.010375303472258592,0.2909558748046703,0.0026176444157790524,0.030491521753892654,0.08584827077201795,Male | Female,Female=0.584; Male=0.479
xgboost,Victim Sex,dp,1.0,28549,0.7015770788621998,0.2630698917688327,0.7201939691210077,0.6634319162045594,0.6158933098203461,0.6396626130124528,0.78757771546995,0.007545812475958313,0.08789708177113165,0.004633593676913959,0.2574429226609315,0.015451291133884104,0.17998372005555197,0.08584827077201795,Male | Female,Female=0.593; Male=0.477
xgboost,Victim Sex,tpr,0.0,28549,0.7015770788621998,0.2680966233999282,0.7236798221234019,0.6684637502567262,0.6158933098203461,0.6421785300385361,0.7888390693165294,0.2027210168510577,2.3613873060927646,2.0390405505924076,2.768164661957474,0.18536021048536533,2.1591606775355463,0.08584827077201795,Male | Female,Female=0.500; Male=0.500
xgboost,Victim Sex,tpr,0.1,28549,0.7015770788621998,0.26884677037046245,0.7236527445637061,0.6681043335387143,0.6171056982255042,0.6426050158821093,0.7892757491204658,0.18060760259731223,2.10380012285793,1.8126167407939129,2.46250797662831,0.16485745258562334,1.9203351576343952,0.08584827077201795,Male | Female,Female=0.511; Male=0.498
xgboost,Victim Sex,tpr,0.2,28549,0.7015770788621998,0.2680302648246341,0.7232373800584063,0.6675908810844116,0.6167750468422792,0.6421829639633454,0.7890041871472784,0.16103510973451396,1.8758107564235642,1.6268756728820137,2.177754406221192,0.14691569096507717,1.7113412960318357,0.08584827077201795,Male | Female,Female=0.519; Male=0.496
xgboost,Victim Sex,tpr,0.3,28549,0.7015770788621998,0.26792934947259844,0.7232172655467793,0.6675908810844116,0.6166648297145376,0.6421278553994746,0.7889563106796117,0.1395976520367317,1.6260974249260385,1.3870406090286447,1.9077286572597667,0.1265401069944524,1.4739971563375724,0.08584827077201795,Male | Female,Female=0.529; Male=0.494
xgboost,Victim Sex,tpr,0.4,28549,0.7015770788621998,0.2675716246785156,0.7230195816644415,0.6673341548572602,0.616554612586796,0.6419443837220281,0.7888443797038116,0.12270228415912798,1.4292924371765274,1.2229566241616234,1.6866661665998195,0.1115156106566747,1.2989849376561113,0.08584827077201795,Male | Female,Female=0.538; Male=0.491
xgboost,Victim Sex,tpr,0.5,28549,0.7015770788621998,0.26546971290152366,0.7216127415492566,0.6653316902854796,0.6164443954590544,0.640888042872267,0.7882954130672831,0.09693161852179766,1.1291039138017478,0.9547584422381105,1.3416593314121563,0.08633949524007767,1.0057220077194593,0.08584827077201795,Male | Female,Female=0.549; Male=0.489
xgboost,Victim Sex,tpr,0.6,28549,0.7015770788621998,0.2648190627601879,0.721660961286911,0.6656911070034914,0.6153422241816379,0.6405166655925647,0.7879064114250988,0.0765183245660731,0.8913205109195289,0.7201847112602888,1.071857457066402,0.06579578688015508,0.7664194780915852,0.08584827077201795,Male | Female,Female=0.557; Male=0.486
xgboost,Victim Sex,tpr,0.7,28549,0.7015770788621998,0.2656157494452039,0.7214639852932985,0.6649722735674677,0.6169954810977626,0.6409838773326151,0.7884451479361987,0.052080084076472244,0.6066526862815695,0.4406427926129737,0.7661782911505906,0.04398466177763671,0.5123534974215627,0.08584827077201795,Male | Female,Female=0.565; Male=0.484
xgboost,Victim Sex,tpr,0.8,28549,0.7015770788621998,0.2645489200480964,0.7210228697178195,0.6645101663585952,0.6163341783313127,0.6404221723449539,0.7880411617853011,0.03557286916538538,0.41436908216653645,0.2538871143199041,0.5777021580156356,0.028339083460450443,0.33010663121810374,0.08584827077201795,Male | Female,Female=0.572; Male=0.482
xgboost,Victim Sex,tpr,0.9,28549,0.7015770788621998,0.2642520107900528,0.7211672328339923,0.6649209283220374,0.6155626584371211,0.6402417933795792,0.7878087358559436,0.01913736268865296,0.2229207707569893,0.05276908263015746,0.3846404181183363,0.011568049995961838,0.1347499476918109,0.08584827077201795,Male | Female,Female=0.579; Male=0.480
xgboost,Victim Sex,tpr,1.0,28549,0.7015770788621998,0.2637426356715696,0.7209133945976052,0.6646128568494557,0.6153422241816379,0.6399775405155468,0.7876353900450286,0.0024580899661412747,0.028632958404824195,0.002443189479634443,0.2014460288980243,0.0045714363715162465,0.053250185826763274,0.08584827077201795,Male | Female,Female=0.588; Male=0.478
xgboost_blind,Victim Race,dp,0.0,28549,0.6824248637344836,0.25222354184208595,0.7122903461042239,0.6519819264736085,0.6164443954590544,0.6342131609663315,0.7848930646557053,0.029983962808928344,0.632706231962122,0.40832166825083893,0.9172556724296632,0.0020170471812195334,0.04256269692741267,0.047390022879881144,Black | White,Black=0.500; White=0.500
xgboost_blind,Victim Race,dp,0.1,28549,0.6824248637344836,0.25171747209511197,0.7120859394721342,0.6517765454918875,0.6161137440758294,0.6339451447838584,0.7846943190950114,0.02634249644032649,0.5558658730150112,0.3262056526198654,0.8408229079539415,0.001330095311100954,0.02806699027076498,0.047390022879881144,Black | White,Black=0.499; White=0.501
xgboost_blind,Victim Race,dp,0.2,28549,0.6824248637344836,0.2510091562558414,0.711893877779959,0.6516738550010269,0.6154524413093795,0.6335631481552032,0.7843767381496817,0.022995719763479472,0.485243905067664,0.24363239953387775,0.7726752265159862,0.004741128194979849,0.1000448598009147,0.047390022879881144,Black | White,Black=0.498; White=0.501
xgboost_blind,Victim Race,dp,0.3,28549,0.6824248637344836,0.25156616250053243,0.7122388896677415,0.6521359622098993,0.6155626584371211,0.6338493103235102,0.7845450614614862,0.018327073783405146,0.38672852785613826,0.14370372761908856,0.6486988689677554,0.0104726814218431,0.22098916154541778,0.047390022879881144,Black | White,Black=0.497; White=0.502
xgboost_blind,Victim Race,dp,0.4,28549,0.6824248637344836,0.25141419873380244,0.7121305591385789,0.6519819264736085,0.6155626584371211,0.6337722924553648,0.7845051278882985,0.016436876806058542,0.34684255898590455,0.11883261144708185,0.6239232124222464,0.012114307472224306,0.2556299139785241,0.047390022879881144,Black | White,Black=0.496; White=0.502
xgboost_blind,Victim Race,dp,0.5,28549,0.6824248637344836,0.25121141324962826,0.711881521373275,0.6515711645101664,0.6157830926926045,0.6336771286013854,0.7844955489614244,0.013043779520614085,0.27524315727122517,0.04746861529206835,0.5367810621140782,0.01579699228482001,0.33334004342771545,0.047390022879881144,Black | White,Black=0.496; White=0.504
xgboost_blind,Victim Race,dp,0.6,28549,0.6824248637344836,0.25131268108082144,0.7119537779772256,0.6516738550010269,0.6157830926926045,0.6337284738468156,0.7845221906292495,0.00942336486140205,0.1988470207175744,0.014519969217034813,0.4398093154913173,0.019104144400119427,0.40312587416432455,0.047390022879881144,Black | White,Black=0.494; White=0.504
xgboost_blind,Victim Race,dp,0.7,28549,0.6824248637344836,0.25151550566315073,0.7122027815163751,0.6520846169644691,0.6155626584371211,0.6338236377007951,0.7845317519149988,0.007364788448638859,0.15540799520832244,0.00938924609397539,0.39542460229794824,0.020981336828222896,0.44273742769451724,0.047390022879881144,Black | White,Black=0.494; White=0.505
xgboost_blind,Victim Race,dp,0.8,28549,0.6824248637344836,0.2522738508997132,0.7121696684059923,0.6517252002464572,0.6167750468422792,0.6342501235443683,0.7849721706864564,0.0035001876563869327,0.07385916789402722,0.0048617969990591295,0.31753612577571394,0.025043459164141413,0.5284542534959042,0.047390022879881144,Black | White,Black=0.493; White=0.505
xgboost_blind,Victim Race,dp,0.9,28549,0.6824248637344836,0.2522239668444398,0.7124470739982615,0.6522899979461901,0.6161137440758294,0.6342018710110098,0.7848273305739173,0.0009495410898551215,0.02003672993072636,0.003907048242495552,0.31165062965938434,0.029217271920692345,0.6165279133700562,0.047390022879881144,Black | White,Black=0.492; White=0.506
xgboost_blind,Victim Race,dp,1.0,28549,0.6824248637344836,0.25227447016090054,0.7124309469728836,0.6522386527007599,0.616223961203571,0.6342313069521655,0.7848625270312017,0.0037153727628294053,0.07839989383939971,0.005502435472122755,0.3778357693255313,0.031849434569414914,0.6720704619650268,0.047390022879881144,Black | White,Black=0.491; White=0.507
xgboost_blind,Victim Race,tpr,0.0,28549,0.6824248637344836,0.25222354184208595,0.7122903461042239,0.6519819264736085,0.6164443954590544,0.6342131609663315,0.7848930646557053,0.029983962808928344,0.632706231962122,0.40832166825083893,0.9172556724296632,0.0020170471812195334,0.04256269692741267,0.047390022879881144,Black | White,Black=0.500; White=0.500
xgboost_blind,Victim Race,tpr,0.1,28549,0.6824248637344836,0.2522236719522056,0.7123425975264324,0.6520846169644691,0.6163341783313127,0.6342093976478909,0.7848711451702615,0.03016077662398109,0.6364372665619766,0.3986174478020755,0.9185976639925989,0.0021848183413570865,0.04610291805291836,0.047390022879881144,Black | White,Black=0.500; White=0.500
xgboost_blind,Victim Race,tpr,0.2,28549,0.6824248637344836,0.2522236719522056,0.7123425975264324,0.6520846169644691,0.6163341783313127,0.6342093976478909,0.7848711451702615,0.03016077662398109,0.6364372665619766,0.3986174478020755,0.9185976639925989,0.0021848183413570865,0.04610291805291836,0.047390022879881144,Black | White,Black=0.500; White=0.500
xgboost_blind,Victim Race,tpr,0.3,28549,0.6824248637344836,0.2521225072844934,0.712322620449829,0.6520846169644691,0.616223961203571,0.63415428908402,0.7848226424422198,0.030219714562331967,0.6376809447619275,0.39988225126972116,0.9202330166449227,0.0021848183413570865,0.04610291805291836,0.047390022879881144,Black | White,Black=0.500; White=0.500
xgboost_blind,Victim Race,tpr,0.4,28549,0.6824248637344836,0.2521225072844934,0.712322620449829,0.6520846169644691,0.616223961203571,0.63415428908402,0.7848226424422198,0.030219714562331967,0.6376809447619275,0.39988225126972116,0.9202330166449227,0.0021848183413570865,0.04610291805291836,0.047390022879881144,Black | White,Black=0.500; White=0.500
xgboost_blind,Victim Race,tpr,0.5,28549,0.6824248637344836,0.25181854288769845,0.7120536340430307,0.6516738550010269,0.6163341783313127,0.6340040166661698,0.7847647313423607,0.03124689417380444,0.6593559630263426,0.42777939298668977,0.9488290108695702,0.003598687666069078,0.07593766466816493,0.047390022879881144,Black | White,Black=0.500; White=0.500
xgboost_blind,Victim Race,tpr,0.6,28549,0.6824248637344836,0.25191992158833115,0.7121781567285578,0.651879235982748,0.616223961203571,0.6340515985931595,0.7847694399802201,0.03154158386555905,0.6655743540261013,0.4349579964418782,0.9547473245779389,0.003934229986344184,0.08301810691917631,0.047390022879881144,Black | White,Black=0.500; White=0.499
xgboost_blind,Victim Race,tpr,0.7,28549,0.6824248637344836,0.25207185749016003,0.7122865075581233,0.6520332717190388,0.616223961203571,0.6341286164613049,0.784809344292689,0.032029921891937985,0.6758790130387529,0.4461700336010609,0.9725432939209178,0.0046492098299421025,0.09810524552238331,0.047390022879881144,Black | White,Black=0.500; White=0.499
xgboost_blind,Victim Race,tpr,0.8,28549,0.6824248637344836,0.25242613910189604,0.712434797240451,0.6521873074553296,0.6164443954590544,0.634315851457192,0.7849462365591398,0.03240038404161505,0.6836963156515005,0.45364094483949263,0.9815710184711208,0.004900866570148543,0.10341557721064419,0.047390022879881144,Black | White,Black=0.500; White=0.499
xgboost_blind,Victim Race,tpr,0.9,28549,0.6824248637344836,0.2522239668444398,0.7124470739982615,0.6522899979461901,0.6161137440758294,0.6342018710110098,0.7848273305739173,0.03269507373336966,0.6899147066512592,0.4638068369010579,1.0010785513813636,0.005068637730286096,0.10695579833614988,0.047390022879881144,Black | White,Black=0.500; White=0.499
xgboost_blind,Victim Race,tpr,1.0,28549,0.6824248637344836,0.2522239668444398,0.7124470739982615,0.6522899979461901,0.6161137440758294,0.6342018710110098,0.7848273305739173,0.03269507373336966,0.6899147066512592,0.4638068369010579,1.0010785513813636,0.005068637730286096,0.10695579833614988,0.047390022879881144,Black | White,Black=0.500; White=0.499
xgboost_blind,Victim Sex,dp,0.0,28549,0.6824248637344836,0.25222354184208595,0.7122903461042239,0.6519819264736085,0.6164443954590544,0.6342131609663315,0.7848930646557053,0.06542242935567522,0.7620704385463232,0.5940763107425463,0.9538169053471399,0.044492674986435166,0.5182710680869934,0.08584827077201795,Male | Female,Female=0.500; Male=0.500
xgboost_blind,Victim Sex,dp,0.1,28549,0.6824248637344836,0.25116051389115907,0.7115837916713436,0.6510063668104333,0.6163341783313127,0.6336702725708729,0.7845915841584158,0.05562643894217756,0.647962252960241,0.487934214646781,0.8301617888357183,0.0339386038850612,0.39533241123970797,0.08584827077201795,Male | Female,Female=0.503; Male=0.499
xgboost_blind,Victim Sex,dp,0.2,28549,0.6824248637344836,0.25050282426943465,0.7111660023578286,0.6504415691107004,0.616223961203571,0.6333327651571357,0.7843962848297213,0.047423006175169036,0.5524049086685443,0.4005748917716587,0.7340331429708267,0.02610318833457881,0.3040619001389028,0.08584827077201795,Male | Female,Female=0.506; Male=0.498
xgboost_blind,Victim Sex,dp,0.3,28549,0.6824248637344836,0.250755749338492,0.7113992254588315,0.6508009858287123,0.6161137440758294,0.6334573649522708,0.7844411437059042,0.04015566246288349,0.4677515586717227,0.30977583326732444,0.6474352213741218,0.02061969421381371,0.24018764767635428,0.08584827077201795,Male | Female,Female=0.509; Male=0.497
xgboost_blind,Victim Sex,dp,0.4,28549,0.6824248637344836,0.2510594620868163,0.7117208101890815,0.6513144382830149,0.6158933098203461,0.6336038740516805,0.7844774273345702,0.03206388391065196,0.37349481384199423,0.20624632388117067,0.5432094889073541,0.011984607177023099,0.13960219663422102,0.08584827077201795,Male | Female,Female=0.511; Male=0.497
xgboost_blind,Victim Sex,dp,0.5,28549,0.6824248637344836,0.25009809559000856,0.7114003590664273,0.6510577120558636,0.6151217899261545,0.6330897509910091,0.784071234232006,0.026573430346015336,0.30953949458789665,0.14593339443109246,0.48493978360462703,0.00640965702852081,0.07466262244865185,0.08584827077201795,Male | Female,Female=0.514; Male=0.496
xgboost_blind,Victim Sex,dp,0.6,28549,0.6824248637344836,0.24898495217957378,0.7107618913989056,0.6502361881289792,0.6147911385429295,0.6325136633359544,0.783711863357881,0.01698944352436471,0.19790082399542497,0.034983917738898536,0.3609534632077315,0.004047725486315157,0.04714976143275449,0.08584827077201795,Male | Female,Female=0.517; Male=0.495
xgboost_blind,Victim Sex,dp,0.7,28549,0.6824248637344836,0.24817531580441451,0.7106023623151811,0.6502361881289792,0.6139094015209964,0.6320727948249878,0.7833240551741201,0.009073814346802878,0.10569594780656277,0.006697623650862516,0.2599496953575939,0.012020780083516147,0.14002355522616178,0.08584827077201795,Male | Female,Female=0.520; Male=0.494
xgboost_blind,Victim Sex,dp,0.8,28549,0.6824248637344836,0.2484795825860623,0.7102425876010782,0.6494146642020949,0.6151217899261545,0.6322682270641247,0.7836431226765799,0.0011868261119565293,0.01382469444385562,0.0026830570573760475,0.2205872849892602,0.02011577605103343,0.23431777798359707,0.08584827077201795,Male | Female,Female=0.523; Male=0.494
xgboost_blind,Victim Sex,dp,0.9,28549,0.6824248637344836,0.24842869665149298,0.7103637996856053,0.6496713904292463,0.6147911385429295,0.6322312644860879,0.7835645281149368,0.0032712805841321746,0.0381053753874614,0.003180209676016146,0.20803297258871117,0.02517156536546583,0.29320992885590474,0.08584827077201795,Male | Female,Female=0.525; Male=0.493
xgboost_blind,Victim Sex,dp,1.0,28549,0.6824248637344836,0.24736675959682358,0.7098132809209603,0.6490039022386527,0.614350270031963,0.6316770861353078,0.7831959848813433,0.012815321625360476,0.1492787392234533,0.013776990328654806,0.30572784489363736,0.034351066020104404,0.40013695920944575,0.08584827077201795,Male | Female,Female=0.529; Male=0.492
xgboost_blind,Victim Sex,tpr,0.0,28549,0.6824248637344836,0.25222354184208595,0.7122903461042239,0.6519819264736085,0.6164443954590544,0.6342131609663315,0.7848930646557053,0.06542242935567522,0.7620704385463232,0.5940763107425463,0.9538169053471399,0.044492674986435166,0.5182710680869934,0.08584827077201795,Male | Female,Female=0.500; Male=0.500
xgboost_blind,Victim Sex,tpr,0.1,28549,0.6824248637344836,0.2513124378444607,0.71179688595876,0.6513657835284453,0.6161137440758294,0.6337397638021374,0.78458779145278,0.057823244710275556,0.6735516532864505,0.5128701126769066,0.861605180815115,0.036428164361497095,0.4243319525705668,0.08584827077201795,Male | Female,Female=0.502; Male=0.499
xgboost_blind,Victim Sex,tpr,0.2,28549,0.6824248637344836,0.2505535594986583,0.7116209923985302,0.6513144382830149,0.6153422241816379,0.6333283312323263,0.7842349304482226,0.052156641770969236,0.6075444653914867,0.44505358280160234,0.775588250239175,0.030588401237159002,0.3563077154855077,0.08584827077201795,Male | Female,Female=0.504; Male=0.499
xgboost_blind,Victim Sex,tpr,0.3,28549,0.6824248637344836,0.2501486182245616,0.7112270954345203,0.6506982953378517,0.6155626584371211,0.6331304768874864,0.7841717715487903,0.04650640508464321,0.5417279191114688,0.3737782067263273,0.7221063817777226,0.025476873796369204,0.2967663013740439,0.08584827077201795,Male | Female,Female=0.506; Male=0.498
xgboost_blind,Victim Sex,tpr,0.4,28549,0.6824248637344836,0.25105969521615085,0.7118777170102369,0.6516225097555967,0.6155626584371211,0.6335925840963589,0.7844118919587119,0.041175734641696105,0.4796338268832928,0.3211775809949076,0.6400555159472947,0.02133223222095959,0.24848761692137405,0.08584827077201795,Male | Female,Female=0.508; Male=0.497
xgboost_blind,Victim Sex,tpr,0.5,28549,0.6824248637344836,0.2516676471185179,0.712363330529857,0.6523413431916204,0.6154524413093795,0.6338968922504999,0.7845498332715821,0.036193271384843184,0.42159581153311126,0.25675259244747073,0.5894191754007118,0.016566508666141067,0.19297428494670252,0.08584827077201795,Male | Female,Female=0.509; Male=0.497
xgboost_blind,Victim Sex,tpr,0.6,28549,0.6824248637344836,0.25106031379456006,0.712139052425007,0.6521359622098993,0.6150115727984129,0.6335737675041562,0.7843028282079783,0.031871368283001855,0.3712523035861807,0.2097454366633163,0.5391593637586006,0.01210654854733928,0.14102262559824771,0.08584827077201795,Male | Female,Female=0.511; Male=0.496
xgboost_blind,Victim Sex,tpr,0.7,28549,0.6824248637344836,0.25009854648002156,0.7117142376493019,0.6516738550010269,0.6144604871597046,0.6330671710803657,0.783940704138357,0.02642904362527776,0.30785761189603655,0.14472384710214642,0.47158433846015196,0.006501113056258001,0.07572794417167251,0.08584827077201795,Male | Female,Female=0.512; Male=0.496
xgboost_blind,Victim Sex,tpr,0.8,28549,0.6824248637344836,0.2487318899117763,0.7109477995007153,0.6506982953378517,0.614019618648738,0.6323589569932948,0.7834930448222566,0.018661892731698604,0.21738227880277122,0.05650283180798558,0.38942887410927035,0.0025764664530417702,0.030011861973130896,0.08584827077201795,Male | Female,Female=0.516; Male=0.494
xgboost_blind,Victim Sex,tpr,0.9,28549,0.6824248637344836,0.24863098049872862,0.7112419400056069,0.6513144382830149,0.6132480987545464,0.6322812685187806,0.783314807953563,0.013719375255268118,0.15980957020907074,0.02113504774749253,0.3235588128800762,0.007209783519942281,0.0839828624980562,0.08584827077201795,Male | Female,Female=0.518; Male=0.494
xgboost_blind,Victim Sex,tpr,1.0,28549,0.6824248637344836,0.24832707567511073,0.7108156625154269,0.6505956048469912,0.613688967265513,0.6321422860562521,0.7833209693372898,0.009757954029256388,0.11366512035134634,0.006170779731800966,0.2754718701746619,0.011598307835984256,0.13510240487877942,0.08584827077201795,Male | Female,Female=0.520; Male=0.494
